solid OpenSCAD_Model
  facet normal -0.980768 0 0.195175
    outer loop
      vertex 12.2074 -55 15.6765
      vertex 12.2393 -50 15.8368
      vertex 12.2074 -50 15.6765
    endloop
  endfacet
  facet normal -0.980768 0 0.195175
    outer loop
      vertex 12.2393 -50 15.8368
      vertex 12.2074 -55 15.6765
      vertex 12.2393 -55 15.8368
    endloop
  endfacet
  facet normal 0.896812 -0 0.442411
    outer loop
      vertex 5.84515 -55 15.5216
      vertex 5.91747 -50 15.375
      vertex 5.84515 -50 15.5216
    endloop
  endfacet
  facet normal 0.896812 0 0.442411
    outer loop
      vertex 5.91747 -50 15.375
      vertex 5.84515 -55 15.5216
      vertex 5.91747 -55 15.375
    endloop
  endfacet
  facet normal 0.896812 0 -0.442411
    outer loop
      vertex 5.91747 -55 16.625
      vertex 5.84515 -50 16.4784
      vertex 5.91747 -50 16.625
    endloop
  endfacet
  facet normal 0.896812 0 -0.442411
    outer loop
      vertex 5.84515 -50 16.4784
      vertex 5.91747 -55 16.625
      vertex 5.84515 -55 16.4784
    endloop
  endfacet
  facet normal -0.946896 0 -0.321541
    outer loop
      vertex 12.2074 -55 16.3235
      vertex 12.1548 -50 16.4784
      vertex 12.2074 -50 16.3235
    endloop
  endfacet
  facet normal -0.946896 -0 -0.321541
    outer loop
      vertex 12.1548 -50 16.4784
      vertex 12.2074 -55 16.3235
      vertex 12.1548 -55 16.4784
    endloop
  endfacet
  facet normal 0.0654392 0 -0.997857
    outer loop
      vertex 6.83684 -55 17.2393
      vertex 7 -50 17.25
      vertex 7 -55 17.25
    endloop
  endfacet
  facet normal 0.0654392 0 -0.997857
    outer loop
      vertex 7 -50 17.25
      vertex 6.83684 -55 17.2393
      vertex 6.83684 -50 17.2393
    endloop
  endfacet
  facet normal -0.0654233 0 0.997858
    outer loop
      vertex 11 -50 14.75
      vertex 11.1632 -55 14.7607
      vertex 11.1632 -50 14.7607
    endloop
  endfacet
  facet normal -0.0654233 0 0.997858
    outer loop
      vertex 11.1632 -55 14.7607
      vertex 11 -50 14.75
      vertex 11 -55 14.75
    endloop
  endfacet
  facet normal 0.659323 0 0.75186
    outer loop
      vertex 6.11612 -50 15.1161
      vertex 6.23905 -55 15.0083
      vertex 6.23905 -50 15.0083
    endloop
  endfacet
  facet normal 0.659323 0 0.75186
    outer loop
      vertex 6.23905 -55 15.0083
      vertex 6.11612 -50 15.1161
      vertex 6.11612 -55 15.1161
    endloop
  endfacet
  facet normal 0.94697 -0 0.321322
    outer loop
      vertex 5.79259 -55 15.6765
      vertex 5.84515 -50 15.5216
      vertex 5.79259 -50 15.6765
    endloop
  endfacet
  facet normal 0.94697 0 0.321322
    outer loop
      vertex 5.84515 -50 15.5216
      vertex 5.79259 -55 15.6765
      vertex 5.84515 -55 15.5216
    endloop
  endfacet
  facet normal 0.94697 0 -0.321322
    outer loop
      vertex 5.84515 -55 16.4784
      vertex 5.79259 -50 16.3235
      vertex 5.84515 -50 16.4784
    endloop
  endfacet
  facet normal 0.94697 0 -0.321322
    outer loop
      vertex 5.79259 -50 16.3235
      vertex 5.84515 -55 16.4784
      vertex 5.79259 -55 16.3235
    endloop
  endfacet
  facet normal -0.980768 0 -0.195175
    outer loop
      vertex 12.2393 -55 16.1632
      vertex 12.2074 -50 16.3235
      vertex 12.2393 -50 16.1632
    endloop
  endfacet
  facet normal -0.980768 -0 -0.195175
    outer loop
      vertex 12.2074 -50 16.3235
      vertex 12.2393 -55 16.1632
      vertex 12.2074 -55 16.3235
    endloop
  endfacet
  facet normal -0.0654233 0 -0.997858
    outer loop
      vertex 11 -55 17.25
      vertex 11.1632 -50 17.2393
      vertex 11.1632 -55 17.2393
    endloop
  endfacet
  facet normal -0.0654233 0 -0.997858
    outer loop
      vertex 11.1632 -50 17.2393
      vertex 11 -55 17.25
      vertex 11 -50 17.25
    endloop
  endfacet
  facet normal 0.555406 0 -0.831579
    outer loop
      vertex 6.23905 -55 16.9917
      vertex 6.375 -50 17.0825
      vertex 6.375 -55 17.0825
    endloop
  endfacet
  facet normal 0.555406 0 -0.831579
    outer loop
      vertex 6.375 -50 17.0825
      vertex 6.23905 -55 16.9917
      vertex 6.23905 -50 16.9917
    endloop
  endfacet
  facet normal 0.555406 0 0.831579
    outer loop
      vertex 6.23905 -50 15.0083
      vertex 6.375 -55 14.9175
      vertex 6.375 -50 14.9175
    endloop
  endfacet
  facet normal 0.555406 0 0.831579
    outer loop
      vertex 6.375 -55 14.9175
      vertex 6.23905 -50 15.0083
      vertex 6.23905 -55 15.0083
    endloop
  endfacet
  facet normal 0.321671 0 0.946851
    outer loop
      vertex 6.52165 -50 14.8452
      vertex 6.67648 -55 14.7926
      vertex 6.67648 -50 14.7926
    endloop
  endfacet
  facet normal 0.321671 0 0.946851
    outer loop
      vertex 6.67648 -55 14.7926
      vertex 6.52165 -50 14.8452
      vertex 6.52165 -55 14.8452
    endloop
  endfacet
  facet normal -0 0 1
    outer loop
      vertex 7 -50 14.75
      vertex 11 -55 14.75
      vertex 11 -50 14.75
    endloop
  endfacet
  facet normal 0 0 1
    outer loop
      vertex 11 -55 14.75
      vertex 7 -50 14.75
      vertex 7 -55 14.75
    endloop
  endfacet
  facet normal -0.321541 0 0.946896
    outer loop
      vertex 11.3235 -50 14.7926
      vertex 11.4784 -55 14.8452
      vertex 11.4784 -50 14.8452
    endloop
  endfacet
  facet normal -0.321541 0 0.946896
    outer loop
      vertex 11.4784 -55 14.8452
      vertex 11.3235 -50 14.7926
      vertex 11.3235 -55 14.7926
    endloop
  endfacet
  facet normal -0.195175 0 0.980768
    outer loop
      vertex 11.1632 -50 14.7607
      vertex 11.3235 -55 14.7926
      vertex 11.3235 -50 14.7926
    endloop
  endfacet
  facet normal -0.195175 0 0.980768
    outer loop
      vertex 11.3235 -55 14.7926
      vertex 11.1632 -50 14.7607
      vertex 11.1632 -55 14.7607
    endloop
  endfacet
  facet normal -0.555265 0 0.831674
    outer loop
      vertex 11.625 -50 14.9175
      vertex 11.761 -55 15.0083
      vertex 11.761 -50 15.0083
    endloop
  endfacet
  facet normal -0.555265 0 0.831674
    outer loop
      vertex 11.761 -55 15.0083
      vertex 11.625 -50 14.9175
      vertex 11.625 -55 14.9175
    endloop
  endfacet
  facet normal 0.75175 -0 0.659448
    outer loop
      vertex 6.00831 -55 15.239
      vertex 6.11612 -50 15.1161
      vertex 6.00831 -50 15.239
    endloop
  endfacet
  facet normal 0.75175 0 0.659448
    outer loop
      vertex 6.11612 -50 15.1161
      vertex 6.00831 -55 15.239
      vertex 6.11612 -55 15.1161
    endloop
  endfacet
  facet normal 0.980768 0 -0.195175
    outer loop
      vertex 5.79259 -55 16.3235
      vertex 5.76069 -50 16.1632
      vertex 5.79259 -50 16.3235
    endloop
  endfacet
  facet normal 0.980768 0 -0.195175
    outer loop
      vertex 5.76069 -50 16.1632
      vertex 5.79259 -55 16.3235
      vertex 5.76069 -55 16.1632
    endloop
  endfacet
  facet normal 0.980768 -0 0.195175
    outer loop
      vertex 5.76069 -55 15.8368
      vertex 5.79259 -50 15.6765
      vertex 5.76069 -50 15.8368
    endloop
  endfacet
  facet normal 0.980768 0 0.195175
    outer loop
      vertex 5.79259 -50 15.6765
      vertex 5.76069 -55 15.8368
      vertex 5.79259 -55 15.6765
    endloop
  endfacet
  facet normal 0.831561 0 -0.555434
    outer loop
      vertex 6.00831 -55 16.761
      vertex 5.91747 -50 16.625
      vertex 6.00831 -50 16.761
    endloop
  endfacet
  facet normal 0.831561 0 -0.555434
    outer loop
      vertex 5.91747 -50 16.625
      vertex 6.00831 -55 16.761
      vertex 5.91747 -55 16.625
    endloop
  endfacet
  facet normal -0.997858 0 -0.0654233
    outer loop
      vertex 12.25 -55 16
      vertex 12.2393 -50 16.1632
      vertex 12.25 -50 16
    endloop
  endfacet
  facet normal -0.997858 -0 -0.0654233
    outer loop
      vertex 12.2393 -50 16.1632
      vertex 12.25 -55 16
      vertex 12.2393 -55 16.1632
    endloop
  endfacet
  facet normal -0.946896 0 0.321541
    outer loop
      vertex 12.1548 -55 15.5216
      vertex 12.2074 -50 15.6765
      vertex 12.1548 -50 15.5216
    endloop
  endfacet
  facet normal -0.946896 0 0.321541
    outer loop
      vertex 12.2074 -50 15.6765
      vertex 12.1548 -55 15.5216
      vertex 12.2074 -55 15.6765
    endloop
  endfacet
  facet normal -0.831674 0 0.555265
    outer loop
      vertex 11.9917 -55 15.239
      vertex 12.0825 -50 15.375
      vertex 11.9917 -50 15.239
    endloop
  endfacet
  facet normal -0.831674 0 0.555265
    outer loop
      vertex 12.0825 -50 15.375
      vertex 11.9917 -55 15.239
      vertex 12.0825 -55 15.375
    endloop
  endfacet
  facet normal -0.896861 0 0.442313
    outer loop
      vertex 12.0825 -55 15.375
      vertex 12.1548 -50 15.5216
      vertex 12.0825 -50 15.375
    endloop
  endfacet
  facet normal -0.896861 0 0.442313
    outer loop
      vertex 12.1548 -50 15.5216
      vertex 12.0825 -55 15.375
      vertex 12.1548 -55 15.5216
    endloop
  endfacet
  facet normal -0.442805 0 -0.896618
    outer loop
      vertex 11.4784 -55 17.1549
      vertex 11.625 -50 17.0825
      vertex 11.625 -55 17.0825
    endloop
  endfacet
  facet normal -0.442805 0 -0.896618
    outer loop
      vertex 11.625 -50 17.0825
      vertex 11.4784 -55 17.1549
      vertex 11.4784 -50 17.1549
    endloop
  endfacet
  facet normal 0 0 -1
    outer loop
      vertex 7 -55 17.25
      vertex 11 -50 17.25
      vertex 11 -55 17.25
    endloop
  endfacet
  facet normal -0 0 -1
    outer loop
      vertex 11 -50 17.25
      vertex 7 -55 17.25
      vertex 7 -50 17.25
    endloop
  endfacet
  facet normal 0.195105 0 -0.980782
    outer loop
      vertex 6.67648 -55 17.2074
      vertex 6.83684 -50 17.2393
      vertex 6.83684 -55 17.2393
    endloop
  endfacet
  facet normal 0.195105 0 -0.980782
    outer loop
      vertex 6.83684 -50 17.2393
      vertex 6.67648 -55 17.2074
      vertex 6.67648 -50 17.2074
    endloop
  endfacet
  facet normal 0.659323 0 -0.75186
    outer loop
      vertex 6.11612 -55 16.8839
      vertex 6.23905 -50 16.9917
      vertex 6.23905 -55 16.9917
    endloop
  endfacet
  facet normal 0.659323 0 -0.75186
    outer loop
      vertex 6.23905 -50 16.9917
      vertex 6.11612 -55 16.8839
      vertex 6.11612 -50 16.8839
    endloop
  endfacet
  facet normal 0.0654392 0 0.997857
    outer loop
      vertex 6.83684 -50 14.7607
      vertex 7 -55 14.75
      vertex 7 -50 14.75
    endloop
  endfacet
  facet normal 0.0654392 0 0.997857
    outer loop
      vertex 7 -55 14.75
      vertex 6.83684 -50 14.7607
      vertex 6.83684 -55 14.7607
    endloop
  endfacet
  facet normal 0.195105 0 0.980782
    outer loop
      vertex 6.67648 -50 14.7926
      vertex 6.83684 -55 14.7607
      vertex 6.83684 -50 14.7607
    endloop
  endfacet
  facet normal 0.195105 0 0.980782
    outer loop
      vertex 6.83684 -55 14.7607
      vertex 6.67648 -50 14.7926
      vertex 6.67648 -55 14.7926
    endloop
  endfacet
  facet normal -0.442313 0 0.896861
    outer loop
      vertex 11.4784 -50 14.8452
      vertex 11.625 -55 14.9175
      vertex 11.625 -50 14.9175
    endloop
  endfacet
  facet normal -0.442313 0 0.896861
    outer loop
      vertex 11.625 -55 14.9175
      vertex 11.4784 -50 14.8452
      vertex 11.4784 -55 14.8452
    endloop
  endfacet
  facet normal -0.75178 0 0.659414
    outer loop
      vertex 11.8839 -55 15.1161
      vertex 11.9917 -50 15.239
      vertex 11.8839 -50 15.1161
    endloop
  endfacet
  facet normal -0.75178 0 0.659414
    outer loop
      vertex 11.9917 -50 15.239
      vertex 11.8839 -55 15.1161
      vertex 11.9917 -55 15.239
    endloop
  endfacet
  facet normal 0.997862 0 -0.0653624
    outer loop
      vertex 5.76069 -55 16.1632
      vertex 5.75 -50 16
      vertex 5.76069 -50 16.1632
    endloop
  endfacet
  facet normal 0.997862 0 -0.0653624
    outer loop
      vertex 5.75 -50 16
      vertex 5.76069 -55 16.1632
      vertex 5.75 -55 16
    endloop
  endfacet
  facet normal 0.75175 0 -0.659448
    outer loop
      vertex 6.11612 -55 16.8839
      vertex 6.00831 -50 16.761
      vertex 6.11612 -50 16.8839
    endloop
  endfacet
  facet normal 0.75175 0 -0.659448
    outer loop
      vertex 6.00831 -50 16.761
      vertex 6.11612 -55 16.8839
      vertex 6.00831 -55 16.761
    endloop
  endfacet
  facet normal -0.997858 0 0.0654233
    outer loop
      vertex 12.2393 -55 15.8368
      vertex 12.25 -50 16
      vertex 12.2393 -50 15.8368
    endloop
  endfacet
  facet normal -0.997858 0 0.0654233
    outer loop
      vertex 12.25 -50 16
      vertex 12.2393 -55 15.8368
      vertex 12.25 -55 16
    endloop
  endfacet
  facet normal -0.195175 0 -0.980768
    outer loop
      vertex 11.1632 -55 17.2393
      vertex 11.3235 -50 17.2074
      vertex 11.3235 -55 17.2074
    endloop
  endfacet
  facet normal -0.195175 0 -0.980768
    outer loop
      vertex 11.3235 -50 17.2074
      vertex 11.1632 -55 17.2393
      vertex 11.1632 -50 17.2393
    endloop
  endfacet
  facet normal -0.320993 0 -0.947082
    outer loop
      vertex 11.3235 -55 17.2074
      vertex 11.4784 -50 17.1549
      vertex 11.4784 -55 17.1549
    endloop
  endfacet
  facet normal -0.320993 0 -0.947082
    outer loop
      vertex 11.4784 -50 17.1549
      vertex 11.3235 -55 17.2074
      vertex 11.3235 -50 17.2074
    endloop
  endfacet
  facet normal -0.555265 0 -0.831674
    outer loop
      vertex 11.625 -55 17.0825
      vertex 11.761 -50 16.9917
      vertex 11.761 -55 16.9917
    endloop
  endfacet
  facet normal -0.555265 0 -0.831674
    outer loop
      vertex 11.761 -50 16.9917
      vertex 11.625 -55 17.0825
      vertex 11.625 -50 17.0825
    endloop
  endfacet
  facet normal -0.75178 0 -0.659414
    outer loop
      vertex 11.9917 -55 16.761
      vertex 11.8839 -50 16.8839
      vertex 11.9917 -50 16.761
    endloop
  endfacet
  facet normal -0.75178 -0 -0.659414
    outer loop
      vertex 11.8839 -50 16.8839
      vertex 11.9917 -55 16.761
      vertex 11.8839 -55 16.8839
    endloop
  endfacet
  facet normal 0.321123 0 -0.947038
    outer loop
      vertex 6.52165 -55 17.1549
      vertex 6.67648 -50 17.2074
      vertex 6.67648 -55 17.2074
    endloop
  endfacet
  facet normal 0.321123 0 -0.947038
    outer loop
      vertex 6.67648 -50 17.2074
      vertex 6.52165 -55 17.1549
      vertex 6.52165 -50 17.1549
    endloop
  endfacet
  facet normal 0.442683 0 -0.896678
    outer loop
      vertex 6.375 -55 17.0825
      vertex 6.52165 -50 17.1549
      vertex 6.52165 -55 17.1549
    endloop
  endfacet
  facet normal 0.442683 0 -0.896678
    outer loop
      vertex 6.52165 -50 17.1549
      vertex 6.375 -55 17.0825
      vertex 6.375 -50 17.0825
    endloop
  endfacet
  facet normal 0.442191 0 0.896921
    outer loop
      vertex 6.375 -50 14.9175
      vertex 6.52165 -55 14.8452
      vertex 6.52165 -50 14.8452
    endloop
  endfacet
  facet normal 0.442191 0 0.896921
    outer loop
      vertex 6.52165 -55 14.8452
      vertex 6.375 -50 14.9175
      vertex 6.375 -55 14.9175
    endloop
  endfacet
  facet normal -0.659414 0 0.75178
    outer loop
      vertex 11.761 -50 15.0083
      vertex 11.8839 -55 15.1161
      vertex 11.8839 -50 15.1161
    endloop
  endfacet
  facet normal -0.659414 0 0.75178
    outer loop
      vertex 11.8839 -55 15.1161
      vertex 11.761 -50 15.0083
      vertex 11.761 -55 15.0083
    endloop
  endfacet
  facet normal 0.831561 -0 0.555434
    outer loop
      vertex 5.91747 -55 15.375
      vertex 6.00831 -50 15.239
      vertex 5.91747 -50 15.375
    endloop
  endfacet
  facet normal 0.831561 0 0.555434
    outer loop
      vertex 6.00831 -50 15.239
      vertex 5.91747 -55 15.375
      vertex 6.00831 -55 15.239
    endloop
  endfacet
  facet normal 0.997862 -0 0.0653624
    outer loop
      vertex 5.75 -55 16
      vertex 5.76069 -50 15.8368
      vertex 5.75 -50 16
    endloop
  endfacet
  facet normal 0.997862 0 0.0653624
    outer loop
      vertex 5.76069 -50 15.8368
      vertex 5.75 -55 16
      vertex 5.76069 -55 15.8368
    endloop
  endfacet
  facet normal -0.831674 0 -0.555265
    outer loop
      vertex 12.0825 -55 16.625
      vertex 11.9917 -50 16.761
      vertex 12.0825 -50 16.625
    endloop
  endfacet
  facet normal -0.831674 -0 -0.555265
    outer loop
      vertex 11.9917 -50 16.761
      vertex 12.0825 -55 16.625
      vertex 11.9917 -55 16.761
    endloop
  endfacet
  facet normal -0.659414 0 -0.75178
    outer loop
      vertex 11.761 -55 16.9917
      vertex 11.8839 -50 16.8839
      vertex 11.8839 -55 16.8839
    endloop
  endfacet
  facet normal -0.659414 0 -0.75178
    outer loop
      vertex 11.8839 -50 16.8839
      vertex 11.761 -55 16.9917
      vertex 11.761 -50 16.9917
    endloop
  endfacet
  facet normal -0.896861 0 -0.442313
    outer loop
      vertex 12.1548 -55 16.4784
      vertex 12.0825 -50 16.625
      vertex 12.1548 -50 16.4784
    endloop
  endfacet
  facet normal -0.896861 -0 -0.442313
    outer loop
      vertex 12.0825 -50 16.625
      vertex 12.1548 -55 16.4784
      vertex 12.0825 -55 16.625
    endloop
  endfacet
  facet normal -1 0 0
    outer loop
      vertex 1.25 -55 23
      vertex 1.25 -50 27
      vertex 1.25 -50 23
    endloop
  endfacet
  facet normal -1 -0 0
    outer loop
      vertex 1.25 -50 27
      vertex 1.25 -55 23
      vertex 1.25 -55 27
    endloop
  endfacet
  facet normal 0.997862 0 -0.0653624
    outer loop
      vertex -1.23931 -55 27.1632
      vertex -1.25 -50 27
      vertex -1.23931 -50 27.1632
    endloop
  endfacet
  facet normal 0.997862 0 -0.0653624
    outer loop
      vertex -1.25 -50 27
      vertex -1.23931 -55 27.1632
      vertex -1.25 -55 27
    endloop
  endfacet
  facet normal -0.751753 0 0.659445
    outer loop
      vertex 0.883883 -55 22.1161
      vertex 0.991692 -50 22.239
      vertex 0.883883 -50 22.1161
    endloop
  endfacet
  facet normal -0.751753 0 0.659445
    outer loop
      vertex 0.991692 -50 22.239
      vertex 0.883883 -55 22.1161
      vertex 0.991692 -55 22.239
    endloop
  endfacet
  facet normal -0.997862 0 0.0653624
    outer loop
      vertex 1.23931 -55 22.8368
      vertex 1.25 -50 23
      vertex 1.23931 -50 22.8368
    endloop
  endfacet
  facet normal -0.997862 0 0.0653624
    outer loop
      vertex 1.25 -50 23
      vertex 1.23931 -55 22.8368
      vertex 1.25 -55 23
    endloop
  endfacet
  facet normal -0.831566 0 -0.555425
    outer loop
      vertex 1.08253 -55 27.625
      vertex 0.991692 -50 27.761
      vertex 1.08253 -50 27.625
    endloop
  endfacet
  facet normal -0.831566 -0 -0.555425
    outer loop
      vertex 0.991692 -50 27.761
      vertex 1.08253 -55 27.625
      vertex 0.991692 -55 27.761
    endloop
  endfacet
  facet normal -0.831566 0 0.555425
    outer loop
      vertex 0.991692 -55 22.239
      vertex 1.08253 -50 22.375
      vertex 0.991692 -50 22.239
    endloop
  endfacet
  facet normal -0.831566 0 0.555425
    outer loop
      vertex 1.08253 -50 22.375
      vertex 0.991692 -55 22.239
      vertex 1.08253 -55 22.375
    endloop
  endfacet
  facet normal 0.321123 0 0.947038
    outer loop
      vertex -0.478354 -50 21.8451
      vertex -0.323524 -55 21.7926
      vertex -0.323524 -50 21.7926
    endloop
  endfacet
  facet normal 0.321123 0 0.947038
    outer loop
      vertex -0.323524 -55 21.7926
      vertex -0.478354 -50 21.8451
      vertex -0.478354 -55 21.8451
    endloop
  endfacet
  facet normal -0.555403 0 -0.831581
    outer loop
      vertex 0.625 -55 28.0825
      vertex 0.760951 -50 27.9917
      vertex 0.760951 -55 27.9917
    endloop
  endfacet
  facet normal -0.555403 0 -0.831581
    outer loop
      vertex 0.760951 -50 27.9917
      vertex 0.625 -55 28.0825
      vertex 0.625 -50 28.0825
    endloop
  endfacet
  facet normal 0.0654404 0 -0.997856
    outer loop
      vertex -0.163157 -55 28.2393
      vertex 0 -50 28.25
      vertex 0 -55 28.25
    endloop
  endfacet
  facet normal 0.0654404 0 -0.997856
    outer loop
      vertex 0 -50 28.25
      vertex -0.163157 -55 28.2393
      vertex -0.163157 -50 28.2393
    endloop
  endfacet
  facet normal 0.321123 0 -0.947038
    outer loop
      vertex -0.478354 -55 28.1549
      vertex -0.323524 -50 28.2074
      vertex -0.323524 -55 28.2074
    endloop
  endfacet
  facet normal 0.321123 0 -0.947038
    outer loop
      vertex -0.323524 -50 28.2074
      vertex -0.478354 -55 28.1549
      vertex -0.478354 -50 28.1549
    endloop
  endfacet
  facet normal 0.195096 0 -0.980784
    outer loop
      vertex -0.323524 -55 28.2074
      vertex -0.163157 -50 28.2393
      vertex -0.163157 -55 28.2393
    endloop
  endfacet
  facet normal 0.195096 0 -0.980784
    outer loop
      vertex -0.163157 -50 28.2393
      vertex -0.323524 -55 28.2074
      vertex -0.323524 -50 28.2074
    endloop
  endfacet
  facet normal 1 -0 0
    outer loop
      vertex -1.25 -55 27
      vertex -1.25 -50 23
      vertex -1.25 -50 27
    endloop
  endfacet
  facet normal 1 0 0
    outer loop
      vertex -1.25 -50 23
      vertex -1.25 -55 27
      vertex -1.25 -55 23
    endloop
  endfacet
  facet normal 0.751753 -0 0.659445
    outer loop
      vertex -0.991692 -55 22.239
      vertex -0.883883 -50 22.1161
      vertex -0.991692 -50 22.239
    endloop
  endfacet
  facet normal 0.751753 0 0.659445
    outer loop
      vertex -0.883883 -50 22.1161
      vertex -0.991692 -55 22.239
      vertex -0.883883 -55 22.1161
    endloop
  endfacet
  facet normal -0.94697 0 0.321322
    outer loop
      vertex 1.15485 -55 22.5216
      vertex 1.20741 -50 22.6765
      vertex 1.15485 -50 22.5216
    endloop
  endfacet
  facet normal -0.94697 0 0.321322
    outer loop
      vertex 1.20741 -50 22.6765
      vertex 1.15485 -55 22.5216
      vertex 1.20741 -55 22.6765
    endloop
  endfacet
  facet normal -0.997862 0 -0.0653624
    outer loop
      vertex 1.25 -55 27
      vertex 1.23931 -50 27.1632
      vertex 1.25 -50 27
    endloop
  endfacet
  facet normal -0.997862 -0 -0.0653624
    outer loop
      vertex 1.23931 -50 27.1632
      vertex 1.25 -55 27
      vertex 1.23931 -55 27.1632
    endloop
  endfacet
  facet normal -0.980768 0 -0.195175
    outer loop
      vertex 1.23931 -55 27.1632
      vertex 1.20741 -50 27.3235
      vertex 1.23931 -50 27.1632
    endloop
  endfacet
  facet normal -0.980768 -0 -0.195175
    outer loop
      vertex 1.20741 -50 27.3235
      vertex 1.23931 -55 27.1632
      vertex 1.20741 -55 27.3235
    endloop
  endfacet
  facet normal -0.659317 0 0.751865
    outer loop
      vertex 0.760951 -50 22.0083
      vertex 0.883883 -55 22.1161
      vertex 0.883883 -50 22.1161
    endloop
  endfacet
  facet normal -0.659317 0 0.751865
    outer loop
      vertex 0.883883 -55 22.1161
      vertex 0.760951 -50 22.0083
      vertex 0.760951 -55 22.0083
    endloop
  endfacet
  facet normal -0.321123 0 0.947038
    outer loop
      vertex 0.323524 -50 21.7926
      vertex 0.478354 -55 21.8451
      vertex 0.478354 -50 21.8451
    endloop
  endfacet
  facet normal -0.321123 0 0.947038
    outer loop
      vertex 0.478354 -55 21.8451
      vertex 0.323524 -50 21.7926
      vertex 0.323524 -55 21.7926
    endloop
  endfacet
  facet normal -0.442693 0 0.896673
    outer loop
      vertex 0.478354 -50 21.8451
      vertex 0.625 -55 21.9175
      vertex 0.625 -50 21.9175
    endloop
  endfacet
  facet normal -0.442693 0 0.896673
    outer loop
      vertex 0.625 -55 21.9175
      vertex 0.478354 -50 21.8451
      vertex 0.478354 -55 21.8451
    endloop
  endfacet
  facet normal 0.0654404 0 0.997856
    outer loop
      vertex -0.163157 -50 21.7607
      vertex 0 -55 21.75
      vertex 0 -50 21.75
    endloop
  endfacet
  facet normal 0.0654404 0 0.997856
    outer loop
      vertex 0 -55 21.75
      vertex -0.163157 -50 21.7607
      vertex -0.163157 -55 21.7607
    endloop
  endfacet
  facet normal -0.321123 0 -0.947038
    outer loop
      vertex 0.323524 -55 28.2074
      vertex 0.478354 -50 28.1549
      vertex 0.478354 -55 28.1549
    endloop
  endfacet
  facet normal -0.321123 0 -0.947038
    outer loop
      vertex 0.478354 -50 28.1549
      vertex 0.323524 -55 28.2074
      vertex 0.323524 -50 28.2074
    endloop
  endfacet
  facet normal -0.442693 0 -0.896673
    outer loop
      vertex 0.478354 -55 28.1549
      vertex 0.625 -50 28.0825
      vertex 0.625 -55 28.0825
    endloop
  endfacet
  facet normal -0.442693 0 -0.896673
    outer loop
      vertex 0.625 -50 28.0825
      vertex 0.478354 -55 28.1549
      vertex 0.478354 -50 28.1549
    endloop
  endfacet
  facet normal -0.195096 0 -0.980784
    outer loop
      vertex 0.163157 -55 28.2393
      vertex 0.323524 -50 28.2074
      vertex 0.323524 -55 28.2074
    endloop
  endfacet
  facet normal -0.195096 0 -0.980784
    outer loop
      vertex 0.323524 -50 28.2074
      vertex 0.163157 -55 28.2393
      vertex 0.163157 -50 28.2393
    endloop
  endfacet
  facet normal 0.997862 -0 0.0653624
    outer loop
      vertex -1.25 -55 23
      vertex -1.23931 -50 22.8368
      vertex -1.25 -50 23
    endloop
  endfacet
  facet normal 0.997862 0 0.0653624
    outer loop
      vertex -1.23931 -50 22.8368
      vertex -1.25 -55 23
      vertex -1.23931 -55 22.8368
    endloop
  endfacet
  facet normal -0.980768 0 0.195175
    outer loop
      vertex 1.20741 -55 22.6765
      vertex 1.23931 -50 22.8368
      vertex 1.20741 -50 22.6765
    endloop
  endfacet
  facet normal -0.980768 0 0.195175
    outer loop
      vertex 1.23931 -50 22.8368
      vertex 1.20741 -55 22.6765
      vertex 1.23931 -55 22.8368
    endloop
  endfacet
  facet normal -0.195096 0 0.980784
    outer loop
      vertex 0.163157 -50 21.7607
      vertex 0.323524 -55 21.7926
      vertex 0.323524 -50 21.7926
    endloop
  endfacet
  facet normal -0.195096 0 0.980784
    outer loop
      vertex 0.323524 -55 21.7926
      vertex 0.163157 -50 21.7607
      vertex 0.163157 -55 21.7607
    endloop
  endfacet
  facet normal -0.555403 0 0.831581
    outer loop
      vertex 0.625 -50 21.9175
      vertex 0.760951 -55 22.0083
      vertex 0.760951 -50 22.0083
    endloop
  endfacet
  facet normal -0.555403 0 0.831581
    outer loop
      vertex 0.760951 -55 22.0083
      vertex 0.625 -50 21.9175
      vertex 0.625 -55 21.9175
    endloop
  endfacet
  facet normal 0.195096 0 0.980784
    outer loop
      vertex -0.323524 -50 21.7926
      vertex -0.163157 -55 21.7607
      vertex -0.163157 -50 21.7607
    endloop
  endfacet
  facet normal 0.195096 0 0.980784
    outer loop
      vertex -0.163157 -55 21.7607
      vertex -0.323524 -50 21.7926
      vertex -0.323524 -55 21.7926
    endloop
  endfacet
  facet normal 0.442693 0 0.896673
    outer loop
      vertex -0.625 -50 21.9175
      vertex -0.478354 -55 21.8451
      vertex -0.478354 -50 21.8451
    endloop
  endfacet
  facet normal 0.442693 0 0.896673
    outer loop
      vertex -0.478354 -55 21.8451
      vertex -0.625 -50 21.9175
      vertex -0.625 -55 21.9175
    endloop
  endfacet
  facet normal 0.555403 0 0.831581
    outer loop
      vertex -0.760951 -50 22.0083
      vertex -0.625 -55 21.9175
      vertex -0.625 -50 21.9175
    endloop
  endfacet
  facet normal 0.555403 0 0.831581
    outer loop
      vertex -0.625 -55 21.9175
      vertex -0.760951 -50 22.0083
      vertex -0.760951 -55 22.0083
    endloop
  endfacet
  facet normal 0.659317 0 0.751865
    outer loop
      vertex -0.883883 -50 22.1161
      vertex -0.760951 -55 22.0083
      vertex -0.760951 -50 22.0083
    endloop
  endfacet
  facet normal 0.659317 0 0.751865
    outer loop
      vertex -0.760951 -55 22.0083
      vertex -0.883883 -50 22.1161
      vertex -0.883883 -55 22.1161
    endloop
  endfacet
  facet normal -0.0654404 0 -0.997856
    outer loop
      vertex 0 -55 28.25
      vertex 0.163157 -50 28.2393
      vertex 0.163157 -55 28.2393
    endloop
  endfacet
  facet normal -0.0654404 0 -0.997856
    outer loop
      vertex 0.163157 -50 28.2393
      vertex 0 -55 28.25
      vertex 0 -50 28.25
    endloop
  endfacet
  facet normal 0.442693 0 -0.896673
    outer loop
      vertex -0.625 -55 28.0825
      vertex -0.478354 -50 28.1549
      vertex -0.478354 -55 28.1549
    endloop
  endfacet
  facet normal 0.442693 0 -0.896673
    outer loop
      vertex -0.478354 -50 28.1549
      vertex -0.625 -55 28.0825
      vertex -0.625 -50 28.0825
    endloop
  endfacet
  facet normal 0.751753 0 -0.659445
    outer loop
      vertex -0.883883 -55 27.8839
      vertex -0.991692 -50 27.761
      vertex -0.883883 -50 27.8839
    endloop
  endfacet
  facet normal 0.751753 0 -0.659445
    outer loop
      vertex -0.991692 -50 27.761
      vertex -0.883883 -55 27.8839
      vertex -0.991692 -55 27.761
    endloop
  endfacet
  facet normal 0.896812 0 -0.442411
    outer loop
      vertex -1.08253 -55 27.625
      vertex -1.15485 -50 27.4784
      vertex -1.08253 -50 27.625
    endloop
  endfacet
  facet normal 0.896812 0 -0.442411
    outer loop
      vertex -1.15485 -50 27.4784
      vertex -1.08253 -55 27.625
      vertex -1.15485 -55 27.4784
    endloop
  endfacet
  facet normal 0.980768 0 -0.195175
    outer loop
      vertex -1.20741 -55 27.3235
      vertex -1.23931 -50 27.1632
      vertex -1.20741 -50 27.3235
    endloop
  endfacet
  facet normal 0.980768 0 -0.195175
    outer loop
      vertex -1.23931 -50 27.1632
      vertex -1.20741 -55 27.3235
      vertex -1.23931 -55 27.1632
    endloop
  endfacet
  facet normal 0.94697 0 -0.321322
    outer loop
      vertex -1.15485 -55 27.4784
      vertex -1.20741 -50 27.3235
      vertex -1.15485 -50 27.4784
    endloop
  endfacet
  facet normal 0.94697 0 -0.321322
    outer loop
      vertex -1.20741 -50 27.3235
      vertex -1.15485 -55 27.4784
      vertex -1.20741 -55 27.3235
    endloop
  endfacet
  facet normal 0.980768 -0 0.195175
    outer loop
      vertex -1.23931 -55 22.8368
      vertex -1.20741 -50 22.6765
      vertex -1.23931 -50 22.8368
    endloop
  endfacet
  facet normal 0.980768 0 0.195175
    outer loop
      vertex -1.20741 -50 22.6765
      vertex -1.23931 -55 22.8368
      vertex -1.20741 -55 22.6765
    endloop
  endfacet
  facet normal 0.94697 -0 0.321322
    outer loop
      vertex -1.20741 -55 22.6765
      vertex -1.15485 -50 22.5216
      vertex -1.20741 -50 22.6765
    endloop
  endfacet
  facet normal 0.94697 0 0.321322
    outer loop
      vertex -1.15485 -50 22.5216
      vertex -1.20741 -55 22.6765
      vertex -1.15485 -55 22.5216
    endloop
  endfacet
  facet normal 0.896812 -0 0.442411
    outer loop
      vertex -1.15485 -55 22.5216
      vertex -1.08253 -50 22.375
      vertex -1.15485 -50 22.5216
    endloop
  endfacet
  facet normal 0.896812 0 0.442411
    outer loop
      vertex -1.08253 -50 22.375
      vertex -1.15485 -55 22.5216
      vertex -1.08253 -55 22.375
    endloop
  endfacet
  facet normal -0.896812 0 0.442411
    outer loop
      vertex 1.08253 -55 22.375
      vertex 1.15485 -50 22.5216
      vertex 1.08253 -50 22.375
    endloop
  endfacet
  facet normal -0.896812 0 0.442411
    outer loop
      vertex 1.15485 -50 22.5216
      vertex 1.08253 -55 22.375
      vertex 1.15485 -55 22.5216
    endloop
  endfacet
  facet normal -0.94697 0 -0.321322
    outer loop
      vertex 1.20741 -55 27.3235
      vertex 1.15485 -50 27.4784
      vertex 1.20741 -50 27.3235
    endloop
  endfacet
  facet normal -0.94697 -0 -0.321322
    outer loop
      vertex 1.15485 -50 27.4784
      vertex 1.20741 -55 27.3235
      vertex 1.15485 -55 27.4784
    endloop
  endfacet
  facet normal -0.659317 0 -0.751865
    outer loop
      vertex 0.760951 -55 27.9917
      vertex 0.883883 -50 27.8839
      vertex 0.883883 -55 27.8839
    endloop
  endfacet
  facet normal -0.659317 0 -0.751865
    outer loop
      vertex 0.883883 -50 27.8839
      vertex 0.760951 -55 27.9917
      vertex 0.760951 -50 27.9917
    endloop
  endfacet
  facet normal -0.751753 0 -0.659445
    outer loop
      vertex 0.991692 -55 27.761
      vertex 0.883883 -50 27.8839
      vertex 0.991692 -50 27.761
    endloop
  endfacet
  facet normal -0.751753 -0 -0.659445
    outer loop
      vertex 0.883883 -50 27.8839
      vertex 0.991692 -55 27.761
      vertex 0.883883 -55 27.8839
    endloop
  endfacet
  facet normal -0.0654404 0 0.997856
    outer loop
      vertex 0 -50 21.75
      vertex 0.163157 -55 21.7607
      vertex 0.163157 -50 21.7607
    endloop
  endfacet
  facet normal -0.0654404 0 0.997856
    outer loop
      vertex 0.163157 -55 21.7607
      vertex 0 -50 21.75
      vertex 0 -55 21.75
    endloop
  endfacet
  facet normal 0.659317 0 -0.751865
    outer loop
      vertex -0.883883 -55 27.8839
      vertex -0.760951 -50 27.9917
      vertex -0.760951 -55 27.9917
    endloop
  endfacet
  facet normal 0.659317 0 -0.751865
    outer loop
      vertex -0.760951 -50 27.9917
      vertex -0.883883 -55 27.8839
      vertex -0.883883 -50 27.8839
    endloop
  endfacet
  facet normal 0.831566 0 -0.555425
    outer loop
      vertex -0.991692 -55 27.761
      vertex -1.08253 -50 27.625
      vertex -0.991692 -50 27.761
    endloop
  endfacet
  facet normal 0.831566 0 -0.555425
    outer loop
      vertex -1.08253 -50 27.625
      vertex -0.991692 -55 27.761
      vertex -1.08253 -55 27.625
    endloop
  endfacet
  facet normal 0.831566 -0 0.555425
    outer loop
      vertex -1.08253 -55 22.375
      vertex -0.991692 -50 22.239
      vertex -1.08253 -50 22.375
    endloop
  endfacet
  facet normal 0.831566 0 0.555425
    outer loop
      vertex -0.991692 -50 22.239
      vertex -1.08253 -55 22.375
      vertex -0.991692 -55 22.239
    endloop
  endfacet
  facet normal -0.896812 0 -0.442411
    outer loop
      vertex 1.15485 -55 27.4784
      vertex 1.08253 -50 27.625
      vertex 1.15485 -50 27.4784
    endloop
  endfacet
  facet normal -0.896812 -0 -0.442411
    outer loop
      vertex 1.08253 -50 27.625
      vertex 1.15485 -55 27.4784
      vertex 1.08253 -55 27.625
    endloop
  endfacet
  facet normal 0.555403 0 -0.831581
    outer loop
      vertex -0.760951 -55 27.9917
      vertex -0.625 -50 28.0825
      vertex -0.625 -55 28.0825
    endloop
  endfacet
  facet normal 0.555403 0 -0.831581
    outer loop
      vertex -0.625 -50 28.0825
      vertex -0.760951 -55 27.9917
      vertex -0.760951 -50 27.9917
    endloop
  endfacet
  facet normal -0.659323 0 -0.75186
    outer loop
      vertex -6.23905 -55 16.9917
      vertex -6.11612 -50 16.8839
      vertex -6.11612 -55 16.8839
    endloop
  endfacet
  facet normal -0.659323 0 -0.75186
    outer loop
      vertex -6.11612 -50 16.8839
      vertex -6.23905 -55 16.9917
      vertex -6.23905 -50 16.9917
    endloop
  endfacet
  facet normal 0.980768 -0 0.195175
    outer loop
      vertex -12.2393 -55 15.8368
      vertex -12.2074 -50 15.6765
      vertex -12.2393 -50 15.8368
    endloop
  endfacet
  facet normal 0.980768 0 0.195175
    outer loop
      vertex -12.2074 -50 15.6765
      vertex -12.2393 -55 15.8368
      vertex -12.2074 -55 15.6765
    endloop
  endfacet
  facet normal -0 0 1
    outer loop
      vertex -11 -50 14.75
      vertex -7 -55 14.75
      vertex -7 -50 14.75
    endloop
  endfacet
  facet normal 0 0 1
    outer loop
      vertex -7 -55 14.75
      vertex -11 -50 14.75
      vertex -11 -55 14.75
    endloop
  endfacet
  facet normal -0.0654392 0 -0.997857
    outer loop
      vertex -7 -55 17.25
      vertex -6.83684 -50 17.2393
      vertex -6.83684 -55 17.2393
    endloop
  endfacet
  facet normal -0.0654392 0 -0.997857
    outer loop
      vertex -6.83684 -50 17.2393
      vertex -7 -55 17.25
      vertex -7 -50 17.25
    endloop
  endfacet
  facet normal 0 0 -1
    outer loop
      vertex -11 -55 17.25
      vertex -7 -50 17.25
      vertex -7 -55 17.25
    endloop
  endfacet
  facet normal -0 0 -1
    outer loop
      vertex -7 -50 17.25
      vertex -11 -55 17.25
      vertex -11 -50 17.25
    endloop
  endfacet
  facet normal 0.442805 0 -0.896618
    outer loop
      vertex -11.625 -55 17.0825
      vertex -11.4784 -50 17.1549
      vertex -11.4784 -55 17.1549
    endloop
  endfacet
  facet normal 0.442805 0 -0.896618
    outer loop
      vertex -11.4784 -50 17.1549
      vertex -11.625 -55 17.0825
      vertex -11.625 -50 17.0825
    endloop
  endfacet
  facet normal -0.442683 0 -0.896678
    outer loop
      vertex -6.52165 -55 17.1549
      vertex -6.375 -50 17.0825
      vertex -6.375 -55 17.0825
    endloop
  endfacet
  facet normal -0.442683 0 -0.896678
    outer loop
      vertex -6.375 -50 17.0825
      vertex -6.52165 -55 17.1549
      vertex -6.52165 -50 17.1549
    endloop
  endfacet
  facet normal -0.980768 0 -0.195175
    outer loop
      vertex -5.76069 -55 16.1632
      vertex -5.79259 -50 16.3235
      vertex -5.76069 -50 16.1632
    endloop
  endfacet
  facet normal -0.980768 -0 -0.195175
    outer loop
      vertex -5.79259 -50 16.3235
      vertex -5.76069 -55 16.1632
      vertex -5.79259 -55 16.3235
    endloop
  endfacet
  facet normal -0.75175 0 0.659448
    outer loop
      vertex -6.11612 -55 15.1161
      vertex -6.00831 -50 15.239
      vertex -6.11612 -50 15.1161
    endloop
  endfacet
  facet normal -0.75175 0 0.659448
    outer loop
      vertex -6.00831 -50 15.239
      vertex -6.11612 -55 15.1161
      vertex -6.00831 -55 15.239
    endloop
  endfacet
  facet normal -0.94697 0 0.321322
    outer loop
      vertex -5.84515 -55 15.5216
      vertex -5.79259 -50 15.6765
      vertex -5.84515 -50 15.5216
    endloop
  endfacet
  facet normal -0.94697 0 0.321322
    outer loop
      vertex -5.79259 -50 15.6765
      vertex -5.84515 -55 15.5216
      vertex -5.79259 -55 15.6765
    endloop
  endfacet
  facet normal 0.997858 -0 0.0654233
    outer loop
      vertex -12.25 -55 16
      vertex -12.2393 -50 15.8368
      vertex -12.25 -50 16
    endloop
  endfacet
  facet normal 0.997858 0 0.0654233
    outer loop
      vertex -12.2393 -50 15.8368
      vertex -12.25 -55 16
      vertex -12.2393 -55 15.8368
    endloop
  endfacet
  facet normal 0.555265 0 0.831674
    outer loop
      vertex -11.761 -50 15.0083
      vertex -11.625 -55 14.9175
      vertex -11.625 -50 14.9175
    endloop
  endfacet
  facet normal 0.555265 0 0.831674
    outer loop
      vertex -11.625 -55 14.9175
      vertex -11.761 -50 15.0083
      vertex -11.761 -55 15.0083
    endloop
  endfacet
  facet normal 0.946896 -0 0.321541
    outer loop
      vertex -12.2074 -55 15.6765
      vertex -12.1548 -50 15.5216
      vertex -12.2074 -50 15.6765
    endloop
  endfacet
  facet normal 0.946896 0 0.321541
    outer loop
      vertex -12.1548 -50 15.5216
      vertex -12.2074 -55 15.6765
      vertex -12.1548 -55 15.5216
    endloop
  endfacet
  facet normal 0.0654233 0 0.997858
    outer loop
      vertex -11.1632 -50 14.7607
      vertex -11 -55 14.75
      vertex -11 -50 14.75
    endloop
  endfacet
  facet normal 0.0654233 0 0.997858
    outer loop
      vertex -11 -55 14.75
      vertex -11.1632 -50 14.7607
      vertex -11.1632 -55 14.7607
    endloop
  endfacet
  facet normal -0.659323 0 0.75186
    outer loop
      vertex -6.23905 -50 15.0083
      vertex -6.11612 -55 15.1161
      vertex -6.11612 -50 15.1161
    endloop
  endfacet
  facet normal -0.659323 0 0.75186
    outer loop
      vertex -6.11612 -55 15.1161
      vertex -6.23905 -50 15.0083
      vertex -6.23905 -55 15.0083
    endloop
  endfacet
  facet normal -0.321123 0 -0.947038
    outer loop
      vertex -6.67648 -55 17.2074
      vertex -6.52165 -50 17.1549
      vertex -6.52165 -55 17.1549
    endloop
  endfacet
  facet normal -0.321123 0 -0.947038
    outer loop
      vertex -6.52165 -50 17.1549
      vertex -6.67648 -55 17.2074
      vertex -6.67648 -50 17.2074
    endloop
  endfacet
  facet normal 0.0654233 0 -0.997858
    outer loop
      vertex -11.1632 -55 17.2393
      vertex -11 -50 17.25
      vertex -11 -55 17.25
    endloop
  endfacet
  facet normal 0.0654233 0 -0.997858
    outer loop
      vertex -11 -50 17.25
      vertex -11.1632 -55 17.2393
      vertex -11.1632 -50 17.2393
    endloop
  endfacet
  facet normal 0.195175 0 -0.980768
    outer loop
      vertex -11.3235 -55 17.2074
      vertex -11.1632 -50 17.2393
      vertex -11.1632 -55 17.2393
    endloop
  endfacet
  facet normal 0.195175 0 -0.980768
    outer loop
      vertex -11.1632 -50 17.2393
      vertex -11.3235 -55 17.2074
      vertex -11.3235 -50 17.2074
    endloop
  endfacet
  facet normal -0.75175 0 -0.659448
    outer loop
      vertex -6.00831 -55 16.761
      vertex -6.11612 -50 16.8839
      vertex -6.00831 -50 16.761
    endloop
  endfacet
  facet normal -0.75175 -0 -0.659448
    outer loop
      vertex -6.11612 -50 16.8839
      vertex -6.00831 -55 16.761
      vertex -6.11612 -55 16.8839
    endloop
  endfacet
  facet normal -0.94697 0 -0.321322
    outer loop
      vertex -5.79259 -55 16.3235
      vertex -5.84515 -50 16.4784
      vertex -5.79259 -50 16.3235
    endloop
  endfacet
  facet normal -0.94697 -0 -0.321322
    outer loop
      vertex -5.84515 -50 16.4784
      vertex -5.79259 -55 16.3235
      vertex -5.84515 -55 16.4784
    endloop
  endfacet
  facet normal -0.896812 0 -0.442411
    outer loop
      vertex -5.84515 -55 16.4784
      vertex -5.91747 -50 16.625
      vertex -5.84515 -50 16.4784
    endloop
  endfacet
  facet normal -0.896812 -0 -0.442411
    outer loop
      vertex -5.91747 -50 16.625
      vertex -5.84515 -55 16.4784
      vertex -5.91747 -55 16.625
    endloop
  endfacet
  facet normal -0.997862 0 0.0653624
    outer loop
      vertex -5.76069 -55 15.8368
      vertex -5.75 -50 16
      vertex -5.76069 -50 15.8368
    endloop
  endfacet
  facet normal -0.997862 0 0.0653624
    outer loop
      vertex -5.75 -50 16
      vertex -5.76069 -55 15.8368
      vertex -5.75 -55 16
    endloop
  endfacet
  facet normal 0.946896 0 -0.321541
    outer loop
      vertex -12.1548 -55 16.4784
      vertex -12.2074 -50 16.3235
      vertex -12.1548 -50 16.4784
    endloop
  endfacet
  facet normal 0.946896 0 -0.321541
    outer loop
      vertex -12.2074 -50 16.3235
      vertex -12.1548 -55 16.4784
      vertex -12.2074 -55 16.3235
    endloop
  endfacet
  facet normal 0.195175 0 0.980768
    outer loop
      vertex -11.3235 -50 14.7926
      vertex -11.1632 -55 14.7607
      vertex -11.1632 -50 14.7607
    endloop
  endfacet
  facet normal 0.195175 0 0.980768
    outer loop
      vertex -11.1632 -55 14.7607
      vertex -11.3235 -50 14.7926
      vertex -11.3235 -55 14.7926
    endloop
  endfacet
  facet normal 0.321541 0 0.946896
    outer loop
      vertex -11.4784 -50 14.8452
      vertex -11.3235 -55 14.7926
      vertex -11.3235 -50 14.7926
    endloop
  endfacet
  facet normal 0.321541 0 0.946896
    outer loop
      vertex -11.3235 -55 14.7926
      vertex -11.4784 -50 14.8452
      vertex -11.4784 -55 14.8452
    endloop
  endfacet
  facet normal -0.0654392 0 0.997857
    outer loop
      vertex -7 -50 14.75
      vertex -6.83684 -55 14.7607
      vertex -6.83684 -50 14.7607
    endloop
  endfacet
  facet normal -0.0654392 0 0.997857
    outer loop
      vertex -6.83684 -55 14.7607
      vertex -7 -50 14.75
      vertex -7 -55 14.75
    endloop
  endfacet
  facet normal -0.555406 0 -0.831579
    outer loop
      vertex -6.375 -55 17.0825
      vertex -6.23905 -50 16.9917
      vertex -6.23905 -55 16.9917
    endloop
  endfacet
  facet normal -0.555406 0 -0.831579
    outer loop
      vertex -6.23905 -50 16.9917
      vertex -6.375 -55 17.0825
      vertex -6.375 -50 17.0825
    endloop
  endfacet
  facet normal -0.195105 0 -0.980782
    outer loop
      vertex -6.83684 -55 17.2393
      vertex -6.67648 -50 17.2074
      vertex -6.67648 -55 17.2074
    endloop
  endfacet
  facet normal -0.195105 0 -0.980782
    outer loop
      vertex -6.67648 -50 17.2074
      vertex -6.83684 -55 17.2393
      vertex -6.83684 -50 17.2393
    endloop
  endfacet
  facet normal 0.75178 0 -0.659414
    outer loop
      vertex -11.8839 -55 16.8839
      vertex -11.9917 -50 16.761
      vertex -11.8839 -50 16.8839
    endloop
  endfacet
  facet normal 0.75178 0 -0.659414
    outer loop
      vertex -11.9917 -50 16.761
      vertex -11.8839 -55 16.8839
      vertex -11.9917 -55 16.761
    endloop
  endfacet
  facet normal -0.997862 0 -0.0653624
    outer loop
      vertex -5.75 -55 16
      vertex -5.76069 -50 16.1632
      vertex -5.75 -50 16
    endloop
  endfacet
  facet normal -0.997862 -0 -0.0653624
    outer loop
      vertex -5.76069 -50 16.1632
      vertex -5.75 -55 16
      vertex -5.76069 -55 16.1632
    endloop
  endfacet
  facet normal -0.831561 0 -0.555434
    outer loop
      vertex -5.91747 -55 16.625
      vertex -6.00831 -50 16.761
      vertex -5.91747 -50 16.625
    endloop
  endfacet
  facet normal -0.831561 -0 -0.555434
    outer loop
      vertex -6.00831 -50 16.761
      vertex -5.91747 -55 16.625
      vertex -6.00831 -55 16.761
    endloop
  endfacet
  facet normal -0.980768 0 0.195175
    outer loop
      vertex -5.79259 -55 15.6765
      vertex -5.76069 -50 15.8368
      vertex -5.79259 -50 15.6765
    endloop
  endfacet
  facet normal -0.980768 0 0.195175
    outer loop
      vertex -5.76069 -50 15.8368
      vertex -5.79259 -55 15.6765
      vertex -5.76069 -55 15.8368
    endloop
  endfacet
  facet normal -0.896812 0 0.442411
    outer loop
      vertex -5.91747 -55 15.375
      vertex -5.84515 -50 15.5216
      vertex -5.91747 -50 15.375
    endloop
  endfacet
  facet normal -0.896812 0 0.442411
    outer loop
      vertex -5.84515 -50 15.5216
      vertex -5.91747 -55 15.375
      vertex -5.84515 -55 15.5216
    endloop
  endfacet
  facet normal -0.831561 0 0.555434
    outer loop
      vertex -6.00831 -55 15.239
      vertex -5.91747 -50 15.375
      vertex -6.00831 -50 15.239
    endloop
  endfacet
  facet normal -0.831561 0 0.555434
    outer loop
      vertex -5.91747 -50 15.375
      vertex -6.00831 -55 15.239
      vertex -5.91747 -55 15.375
    endloop
  endfacet
  facet normal 0.896861 0 -0.442313
    outer loop
      vertex -12.0825 -55 16.625
      vertex -12.1548 -50 16.4784
      vertex -12.0825 -50 16.625
    endloop
  endfacet
  facet normal 0.896861 0 -0.442313
    outer loop
      vertex -12.1548 -50 16.4784
      vertex -12.0825 -55 16.625
      vertex -12.1548 -55 16.4784
    endloop
  endfacet
  facet normal 0.831674 0 -0.555265
    outer loop
      vertex -11.9917 -55 16.761
      vertex -12.0825 -50 16.625
      vertex -11.9917 -50 16.761
    endloop
  endfacet
  facet normal 0.831674 0 -0.555265
    outer loop
      vertex -12.0825 -50 16.625
      vertex -11.9917 -55 16.761
      vertex -12.0825 -55 16.625
    endloop
  endfacet
  facet normal 0.997858 0 -0.0654233
    outer loop
      vertex -12.2393 -55 16.1632
      vertex -12.25 -50 16
      vertex -12.2393 -50 16.1632
    endloop
  endfacet
  facet normal 0.997858 0 -0.0654233
    outer loop
      vertex -12.25 -50 16
      vertex -12.2393 -55 16.1632
      vertex -12.25 -55 16
    endloop
  endfacet
  facet normal 0.980768 0 -0.195175
    outer loop
      vertex -12.2074 -55 16.3235
      vertex -12.2393 -50 16.1632
      vertex -12.2074 -50 16.3235
    endloop
  endfacet
  facet normal 0.980768 0 -0.195175
    outer loop
      vertex -12.2393 -50 16.1632
      vertex -12.2074 -55 16.3235
      vertex -12.2393 -55 16.1632
    endloop
  endfacet
  facet normal 0.659414 0 0.75178
    outer loop
      vertex -11.8839 -50 15.1161
      vertex -11.761 -55 15.0083
      vertex -11.761 -50 15.0083
    endloop
  endfacet
  facet normal 0.659414 0 0.75178
    outer loop
      vertex -11.761 -55 15.0083
      vertex -11.8839 -50 15.1161
      vertex -11.8839 -55 15.1161
    endloop
  endfacet
  facet normal -0.195105 0 0.980782
    outer loop
      vertex -6.83684 -50 14.7607
      vertex -6.67648 -55 14.7926
      vertex -6.67648 -50 14.7926
    endloop
  endfacet
  facet normal -0.195105 0 0.980782
    outer loop
      vertex -6.67648 -55 14.7926
      vertex -6.83684 -50 14.7607
      vertex -6.83684 -55 14.7607
    endloop
  endfacet
  facet normal -0.321671 0 0.946851
    outer loop
      vertex -6.67648 -50 14.7926
      vertex -6.52165 -55 14.8452
      vertex -6.52165 -50 14.8452
    endloop
  endfacet
  facet normal -0.321671 0 0.946851
    outer loop
      vertex -6.52165 -55 14.8452
      vertex -6.67648 -50 14.7926
      vertex -6.67648 -55 14.7926
    endloop
  endfacet
  facet normal -0.442191 0 0.896921
    outer loop
      vertex -6.52165 -50 14.8452
      vertex -6.375 -55 14.9175
      vertex -6.375 -50 14.9175
    endloop
  endfacet
  facet normal -0.442191 0 0.896921
    outer loop
      vertex -6.375 -55 14.9175
      vertex -6.52165 -50 14.8452
      vertex -6.52165 -55 14.8452
    endloop
  endfacet
  facet normal -0.555406 0 0.831579
    outer loop
      vertex -6.375 -50 14.9175
      vertex -6.23905 -55 15.0083
      vertex -6.23905 -50 15.0083
    endloop
  endfacet
  facet normal -0.555406 0 0.831579
    outer loop
      vertex -6.23905 -55 15.0083
      vertex -6.375 -50 14.9175
      vertex -6.375 -55 14.9175
    endloop
  endfacet
  facet normal 0.320993 0 -0.947082
    outer loop
      vertex -11.4784 -55 17.1549
      vertex -11.3235 -50 17.2074
      vertex -11.3235 -55 17.2074
    endloop
  endfacet
  facet normal 0.320993 0 -0.947082
    outer loop
      vertex -11.3235 -50 17.2074
      vertex -11.4784 -55 17.1549
      vertex -11.4784 -50 17.1549
    endloop
  endfacet
  facet normal 0.659414 0 -0.75178
    outer loop
      vertex -11.8839 -55 16.8839
      vertex -11.761 -50 16.9917
      vertex -11.761 -55 16.9917
    endloop
  endfacet
  facet normal 0.659414 0 -0.75178
    outer loop
      vertex -11.761 -50 16.9917
      vertex -11.8839 -55 16.8839
      vertex -11.8839 -50 16.8839
    endloop
  endfacet
  facet normal 0.831674 -0 0.555265
    outer loop
      vertex -12.0825 -55 15.375
      vertex -11.9917 -50 15.239
      vertex -12.0825 -50 15.375
    endloop
  endfacet
  facet normal 0.831674 0 0.555265
    outer loop
      vertex -11.9917 -50 15.239
      vertex -12.0825 -55 15.375
      vertex -11.9917 -55 15.239
    endloop
  endfacet
  facet normal 0.896861 -0 0.442313
    outer loop
      vertex -12.1548 -55 15.5216
      vertex -12.0825 -50 15.375
      vertex -12.1548 -50 15.5216
    endloop
  endfacet
  facet normal 0.896861 0 0.442313
    outer loop
      vertex -12.0825 -50 15.375
      vertex -12.1548 -55 15.5216
      vertex -12.0825 -55 15.375
    endloop
  endfacet
  facet normal 0.442313 0 0.896861
    outer loop
      vertex -11.625 -50 14.9175
      vertex -11.4784 -55 14.8452
      vertex -11.4784 -50 14.8452
    endloop
  endfacet
  facet normal 0.442313 0 0.896861
    outer loop
      vertex -11.4784 -55 14.8452
      vertex -11.625 -50 14.9175
      vertex -11.625 -55 14.9175
    endloop
  endfacet
  facet normal 0.555265 0 -0.831674
    outer loop
      vertex -11.761 -55 16.9917
      vertex -11.625 -50 17.0825
      vertex -11.625 -55 17.0825
    endloop
  endfacet
  facet normal 0.555265 0 -0.831674
    outer loop
      vertex -11.625 -50 17.0825
      vertex -11.761 -55 16.9917
      vertex -11.761 -50 16.9917
    endloop
  endfacet
  facet normal 0.75178 -0 0.659414
    outer loop
      vertex -11.9917 -55 15.239
      vertex -11.8839 -50 15.1161
      vertex -11.9917 -50 15.239
    endloop
  endfacet
  facet normal 0.75178 0 0.659414
    outer loop
      vertex -11.8839 -50 15.1161
      vertex -11.9917 -55 15.239
      vertex -11.8839 -55 15.1161
    endloop
  endfacet
  facet normal 0.555572 0 0.831468
    outer loop
      vertex -0.760951 -50 4.00831
      vertex -0.625 -55 3.91747
      vertex -0.625 -50 3.91747
    endloop
  endfacet
  facet normal 0.555572 0 0.831468
    outer loop
      vertex -0.625 -55 3.91747
      vertex -0.760951 -50 4.00831
      vertex -0.760951 -55 4.00831
    endloop
  endfacet
  facet normal 0.751833 0 -0.659354
    outer loop
      vertex -0.883883 -55 9.88388
      vertex -0.991692 -50 9.76095
      vertex -0.883883 -50 9.88388
    endloop
  endfacet
  facet normal 0.751833 0 -0.659354
    outer loop
      vertex -0.991692 -50 9.76095
      vertex -0.883883 -55 9.88388
      vertex -0.991692 -55 9.76095
    endloop
  endfacet
  facet normal -0.442693 0 -0.896673
    outer loop
      vertex 0.478354 -55 10.1549
      vertex 0.625 -50 10.0825
      vertex 0.625 -55 10.0825
    endloop
  endfacet
  facet normal -0.442693 0 -0.896673
    outer loop
      vertex 0.625 -50 10.0825
      vertex 0.478354 -55 10.1549
      vertex 0.478354 -50 10.1549
    endloop
  endfacet
  facet normal -0.195096 0 0.980784
    outer loop
      vertex 0.163157 -50 3.76069
      vertex 0.323524 -55 3.79259
      vertex 0.323524 -50 3.79259
    endloop
  endfacet
  facet normal -0.195096 0 0.980784
    outer loop
      vertex 0.323524 -55 3.79259
      vertex 0.163157 -50 3.76069
      vertex 0.163157 -55 3.76069
    endloop
  endfacet
  facet normal -1 0 0
    outer loop
      vertex 1.25 -55 5
      vertex 1.25 -50 9
      vertex 1.25 -50 5
    endloop
  endfacet
  facet normal -1 -0 0
    outer loop
      vertex 1.25 -50 9
      vertex 1.25 -55 5
      vertex 1.25 -55 9
    endloop
  endfacet
  facet normal 0.997861 0 -0.0653783
    outer loop
      vertex -1.23931 -55 9.16316
      vertex -1.25 -50 9
      vertex -1.23931 -50 9.16316
    endloop
  endfacet
  facet normal 0.997861 0 -0.0653783
    outer loop
      vertex -1.25 -50 9
      vertex -1.23931 -55 9.16316
      vertex -1.25 -55 9
    endloop
  endfacet
  facet normal 1 -0 0
    outer loop
      vertex -1.25 -55 9
      vertex -1.25 -50 5
      vertex -1.25 -50 9
    endloop
  endfacet
  facet normal 1 0 0
    outer loop
      vertex -1.25 -50 5
      vertex -1.25 -55 9
      vertex -1.25 -55 5
    endloop
  endfacet
  facet normal 0.831472 -0 0.555566
    outer loop
      vertex -1.08253 -55 4.375
      vertex -0.991692 -50 4.23905
      vertex -1.08253 -50 4.375
    endloop
  endfacet
  facet normal 0.831472 0 0.555566
    outer loop
      vertex -0.991692 -50 4.23905
      vertex -1.08253 -55 4.375
      vertex -0.991692 -55 4.23905
    endloop
  endfacet
  facet normal 0.831472 0 -0.555566
    outer loop
      vertex -0.991692 -55 9.76095
      vertex -1.08253 -50 9.625
      vertex -0.991692 -50 9.76095
    endloop
  endfacet
  facet normal 0.831472 0 -0.555566
    outer loop
      vertex -1.08253 -50 9.625
      vertex -0.991692 -55 9.76095
      vertex -1.08253 -55 9.625
    endloop
  endfacet
  facet normal 0.195096 0 -0.980784
    outer loop
      vertex -0.323524 -55 10.2074
      vertex -0.163157 -50 10.2393
      vertex -0.163157 -55 10.2393
    endloop
  endfacet
  facet normal 0.195096 0 -0.980784
    outer loop
      vertex -0.163157 -50 10.2393
      vertex -0.323524 -55 10.2074
      vertex -0.323524 -50 10.2074
    endloop
  endfacet
  facet normal -0.321123 0 -0.947038
    outer loop
      vertex 0.323524 -55 10.2074
      vertex 0.478354 -50 10.1549
      vertex 0.478354 -55 10.1549
    endloop
  endfacet
  facet normal -0.321123 0 -0.947038
    outer loop
      vertex 0.478354 -50 10.1549
      vertex 0.323524 -55 10.2074
      vertex 0.323524 -50 10.2074
    endloop
  endfacet
  facet normal 0.195096 0 0.980784
    outer loop
      vertex -0.323524 -50 3.79259
      vertex -0.163157 -55 3.76069
      vertex -0.163157 -50 3.76069
    endloop
  endfacet
  facet normal 0.195096 0 0.980784
    outer loop
      vertex -0.163157 -55 3.76069
      vertex -0.323524 -50 3.79259
      vertex -0.323524 -55 3.79259
    endloop
  endfacet
  facet normal -0.0653795 0 0.99786
    outer loop
      vertex 0 -50 3.75
      vertex 0.163157 -55 3.76069
      vertex 0.163157 -50 3.76069
    endloop
  endfacet
  facet normal -0.0653795 0 0.99786
    outer loop
      vertex 0.163157 -55 3.76069
      vertex 0 -50 3.75
      vertex 0 -55 3.75
    endloop
  endfacet
  facet normal -0.321452 0 0.946926
    outer loop
      vertex 0.323524 -50 3.79259
      vertex 0.478354 -55 3.84515
      vertex 0.478354 -50 3.84515
    endloop
  endfacet
  facet normal -0.321452 0 0.946926
    outer loop
      vertex 0.478354 -55 3.84515
      vertex 0.323524 -50 3.79259
      vertex 0.323524 -55 3.79259
    endloop
  endfacet
  facet normal -0.997861 0 0.0653783
    outer loop
      vertex 1.23931 -55 4.83684
      vertex 1.25 -50 5
      vertex 1.23931 -50 4.83684
    endloop
  endfacet
  facet normal -0.997861 0 0.0653783
    outer loop
      vertex 1.25 -50 5
      vertex 1.23931 -55 4.83684
      vertex 1.25 -55 5
    endloop
  endfacet
  facet normal -0.751833 0 -0.659354
    outer loop
      vertex 0.991692 -55 9.76095
      vertex 0.883883 -50 9.88388
      vertex 0.991692 -50 9.76095
    endloop
  endfacet
  facet normal -0.751833 -0 -0.659354
    outer loop
      vertex 0.883883 -50 9.88388
      vertex 0.991692 -55 9.76095
      vertex 0.883883 -55 9.88388
    endloop
  endfacet
  facet normal -0.980782 0 -0.195105
    outer loop
      vertex 1.23931 -55 9.16316
      vertex 1.20741 -50 9.32352
      vertex 1.23931 -50 9.16316
    endloop
  endfacet
  facet normal -0.980782 -0 -0.195105
    outer loop
      vertex 1.20741 -50 9.32352
      vertex 1.23931 -55 9.16316
      vertex 1.20741 -55 9.32352
    endloop
  endfacet
  facet normal 0.946926 0 -0.321452
    outer loop
      vertex -1.15485 -55 9.47835
      vertex -1.20741 -50 9.32352
      vertex -1.15485 -50 9.47835
    endloop
  endfacet
  facet normal 0.946926 0 -0.321452
    outer loop
      vertex -1.20741 -50 9.32352
      vertex -1.15485 -55 9.47835
      vertex -1.20741 -55 9.32352
    endloop
  endfacet
  facet normal 0.997861 -0 0.0653783
    outer loop
      vertex -1.25 -55 5
      vertex -1.23931 -50 4.83684
      vertex -1.25 -50 5
    endloop
  endfacet
  facet normal 0.997861 0 0.0653783
    outer loop
      vertex -1.23931 -50 4.83684
      vertex -1.25 -55 5
      vertex -1.23931 -55 4.83684
    endloop
  endfacet
  facet normal 0.980782 -0 0.195105
    outer loop
      vertex -1.23931 -55 4.83684
      vertex -1.20741 -50 4.67648
      vertex -1.23931 -50 4.83684
    endloop
  endfacet
  facet normal 0.980782 0 0.195105
    outer loop
      vertex -1.20741 -50 4.67648
      vertex -1.23931 -55 4.83684
      vertex -1.20741 -55 4.67648
    endloop
  endfacet
  facet normal 0.751833 -0 0.659354
    outer loop
      vertex -0.991692 -55 4.23905
      vertex -0.883883 -50 4.11612
      vertex -0.991692 -50 4.23905
    endloop
  endfacet
  facet normal 0.751833 0 0.659354
    outer loop
      vertex -0.883883 -50 4.11612
      vertex -0.991692 -55 4.23905
      vertex -0.883883 -55 4.11612
    endloop
  endfacet
  facet normal 0.659351 0 -0.751835
    outer loop
      vertex -0.883883 -55 9.88388
      vertex -0.760951 -50 9.99169
      vertex -0.760951 -55 9.99169
    endloop
  endfacet
  facet normal 0.659351 0 -0.751835
    outer loop
      vertex -0.760951 -50 9.99169
      vertex -0.883883 -55 9.88388
      vertex -0.883883 -50 9.88388
    endloop
  endfacet
  facet normal 0.321123 0 -0.947038
    outer loop
      vertex -0.478354 -55 10.1549
      vertex -0.323524 -50 10.2074
      vertex -0.323524 -55 10.2074
    endloop
  endfacet
  facet normal 0.321123 0 -0.947038
    outer loop
      vertex -0.323524 -50 10.2074
      vertex -0.478354 -55 10.1549
      vertex -0.478354 -50 10.1549
    endloop
  endfacet
  facet normal 0.442693 0 -0.896673
    outer loop
      vertex -0.625 -55 10.0825
      vertex -0.478354 -50 10.1549
      vertex -0.478354 -55 10.1549
    endloop
  endfacet
  facet normal 0.442693 0 -0.896673
    outer loop
      vertex -0.478354 -50 10.1549
      vertex -0.625 -55 10.0825
      vertex -0.625 -50 10.0825
    endloop
  endfacet
  facet normal 0.321452 0 0.946926
    outer loop
      vertex -0.478354 -50 3.84515
      vertex -0.323524 -55 3.79259
      vertex -0.323524 -50 3.79259
    endloop
  endfacet
  facet normal 0.321452 0 0.946926
    outer loop
      vertex -0.323524 -55 3.79259
      vertex -0.478354 -50 3.84515
      vertex -0.478354 -55 3.84515
    endloop
  endfacet
  facet normal -0.946926 0 0.321452
    outer loop
      vertex 1.15485 -55 4.52165
      vertex 1.20741 -50 4.67648
      vertex 1.15485 -50 4.52165
    endloop
  endfacet
  facet normal -0.946926 0 0.321452
    outer loop
      vertex 1.20741 -50 4.67648
      vertex 1.15485 -55 4.52165
      vertex 1.20741 -55 4.67648
    endloop
  endfacet
  facet normal -0.997861 0 -0.0653783
    outer loop
      vertex 1.25 -55 9
      vertex 1.23931 -50 9.16316
      vertex 1.25 -50 9
    endloop
  endfacet
  facet normal -0.997861 -0 -0.0653783
    outer loop
      vertex 1.23931 -50 9.16316
      vertex 1.25 -55 9
      vertex 1.23931 -55 9.16316
    endloop
  endfacet
  facet normal -0.831472 0 -0.555566
    outer loop
      vertex 1.08253 -55 9.625
      vertex 0.991692 -50 9.76095
      vertex 1.08253 -50 9.625
    endloop
  endfacet
  facet normal -0.831472 -0 -0.555566
    outer loop
      vertex 0.991692 -50 9.76095
      vertex 1.08253 -55 9.625
      vertex 0.991692 -55 9.76095
    endloop
  endfacet
  facet normal 0.896872 0 -0.44229
    outer loop
      vertex -1.08253 -55 9.625
      vertex -1.15485 -50 9.47835
      vertex -1.08253 -50 9.625
    endloop
  endfacet
  facet normal 0.896872 0 -0.44229
    outer loop
      vertex -1.15485 -50 9.47835
      vertex -1.08253 -55 9.625
      vertex -1.15485 -55 9.47835
    endloop
  endfacet
  facet normal 0.980782 0 -0.195105
    outer loop
      vertex -1.20741 -55 9.32352
      vertex -1.23931 -50 9.16316
      vertex -1.20741 -50 9.32352
    endloop
  endfacet
  facet normal 0.980782 0 -0.195105
    outer loop
      vertex -1.23931 -50 9.16316
      vertex -1.20741 -55 9.32352
      vertex -1.23931 -55 9.16316
    endloop
  endfacet
  facet normal 0.0654404 0 -0.997856
    outer loop
      vertex -0.163157 -55 10.2393
      vertex 0 -50 10.25
      vertex 0 -55 10.25
    endloop
  endfacet
  facet normal 0.0654404 0 -0.997856
    outer loop
      vertex 0 -50 10.25
      vertex -0.163157 -55 10.2393
      vertex -0.163157 -50 10.2393
    endloop
  endfacet
  facet normal 0.555445 0 -0.831553
    outer loop
      vertex -0.760951 -55 9.99169
      vertex -0.625 -50 10.0825
      vertex -0.625 -55 10.0825
    endloop
  endfacet
  facet normal 0.555445 0 -0.831553
    outer loop
      vertex -0.625 -50 10.0825
      vertex -0.760951 -55 9.99169
      vertex -0.760951 -50 9.99169
    endloop
  endfacet
  facet normal -0.195096 0 -0.980784
    outer loop
      vertex 0.163157 -55 10.2393
      vertex 0.323524 -50 10.2074
      vertex 0.323524 -55 10.2074
    endloop
  endfacet
  facet normal -0.195096 0 -0.980784
    outer loop
      vertex 0.323524 -50 10.2074
      vertex 0.163157 -55 10.2393
      vertex 0.163157 -50 10.2393
    endloop
  endfacet
  facet normal -0.555445 0 -0.831553
    outer loop
      vertex 0.625 -55 10.0825
      vertex 0.760951 -50 9.99169
      vertex 0.760951 -55 9.99169
    endloop
  endfacet
  facet normal -0.555445 0 -0.831553
    outer loop
      vertex 0.760951 -50 9.99169
      vertex 0.625 -55 10.0825
      vertex 0.625 -50 10.0825
    endloop
  endfacet
  facet normal -0.659351 0 -0.751835
    outer loop
      vertex 0.760951 -55 9.99169
      vertex 0.883883 -50 9.88388
      vertex 0.883883 -55 9.88388
    endloop
  endfacet
  facet normal -0.659351 0 -0.751835
    outer loop
      vertex 0.883883 -50 9.88388
      vertex 0.760951 -55 9.99169
      vertex 0.760951 -50 9.99169
    endloop
  endfacet
  facet normal 0.442299 0 0.896867
    outer loop
      vertex -0.625 -50 3.91747
      vertex -0.478354 -55 3.84515
      vertex -0.478354 -50 3.84515
    endloop
  endfacet
  facet normal 0.442299 0 0.896867
    outer loop
      vertex -0.478354 -55 3.84515
      vertex -0.625 -50 3.91747
      vertex -0.625 -55 3.91747
    endloop
  endfacet
  facet normal 0.0653795 0 0.99786
    outer loop
      vertex -0.163157 -50 3.76069
      vertex 0 -55 3.75
      vertex 0 -50 3.75
    endloop
  endfacet
  facet normal 0.0653795 0 0.99786
    outer loop
      vertex 0 -55 3.75
      vertex -0.163157 -50 3.76069
      vertex -0.163157 -55 3.76069
    endloop
  endfacet
  facet normal -0.555572 0 0.831468
    outer loop
      vertex 0.625 -50 3.91747
      vertex 0.760951 -55 4.00831
      vertex 0.760951 -50 4.00831
    endloop
  endfacet
  facet normal -0.555572 0 0.831468
    outer loop
      vertex 0.760951 -55 4.00831
      vertex 0.625 -50 3.91747
      vertex 0.625 -55 3.91747
    endloop
  endfacet
  facet normal -0.751833 0 0.659354
    outer loop
      vertex 0.883883 -55 4.11612
      vertex 0.991692 -50 4.23905
      vertex 0.883883 -50 4.11612
    endloop
  endfacet
  facet normal -0.751833 0 0.659354
    outer loop
      vertex 0.991692 -50 4.23905
      vertex 0.883883 -55 4.11612
      vertex 0.991692 -55 4.23905
    endloop
  endfacet
  facet normal -0.896872 0 0.44229
    outer loop
      vertex 1.08253 -55 4.375
      vertex 1.15485 -50 4.52165
      vertex 1.08253 -50 4.375
    endloop
  endfacet
  facet normal -0.896872 0 0.44229
    outer loop
      vertex 1.15485 -50 4.52165
      vertex 1.08253 -55 4.375
      vertex 1.15485 -55 4.52165
    endloop
  endfacet
  facet normal -0.980782 0 0.195105
    outer loop
      vertex 1.20741 -55 4.67648
      vertex 1.23931 -50 4.83684
      vertex 1.20741 -50 4.67648
    endloop
  endfacet
  facet normal -0.980782 0 0.195105
    outer loop
      vertex 1.23931 -50 4.83684
      vertex 1.20741 -55 4.67648
      vertex 1.23931 -55 4.83684
    endloop
  endfacet
  facet normal -0.946926 0 -0.321452
    outer loop
      vertex 1.20741 -55 9.32352
      vertex 1.15485 -50 9.47835
      vertex 1.20741 -50 9.32352
    endloop
  endfacet
  facet normal -0.946926 -0 -0.321452
    outer loop
      vertex 1.15485 -50 9.47835
      vertex 1.20741 -55 9.32352
      vertex 1.15485 -55 9.47835
    endloop
  endfacet
  facet normal -0.896872 0 -0.44229
    outer loop
      vertex 1.15485 -55 9.47835
      vertex 1.08253 -50 9.625
      vertex 1.15485 -50 9.47835
    endloop
  endfacet
  facet normal -0.896872 -0 -0.44229
    outer loop
      vertex 1.08253 -50 9.625
      vertex 1.15485 -55 9.47835
      vertex 1.08253 -55 9.625
    endloop
  endfacet
  facet normal 0.896872 -0 0.44229
    outer loop
      vertex -1.15485 -55 4.52165
      vertex -1.08253 -50 4.375
      vertex -1.15485 -50 4.52165
    endloop
  endfacet
  facet normal 0.896872 0 0.44229
    outer loop
      vertex -1.08253 -50 4.375
      vertex -1.15485 -55 4.52165
      vertex -1.08253 -55 4.375
    endloop
  endfacet
  facet normal 0.946926 -0 0.321452
    outer loop
      vertex -1.20741 -55 4.67648
      vertex -1.15485 -50 4.52165
      vertex -1.20741 -50 4.67648
    endloop
  endfacet
  facet normal 0.946926 0 0.321452
    outer loop
      vertex -1.15485 -50 4.52165
      vertex -1.20741 -55 4.67648
      vertex -1.15485 -55 4.52165
    endloop
  endfacet
  facet normal 0.659351 0 0.751835
    outer loop
      vertex -0.883883 -50 4.11612
      vertex -0.760951 -55 4.00831
      vertex -0.760951 -50 4.00831
    endloop
  endfacet
  facet normal 0.659351 0 0.751835
    outer loop
      vertex -0.760951 -55 4.00831
      vertex -0.883883 -50 4.11612
      vertex -0.883883 -55 4.11612
    endloop
  endfacet
  facet normal -0.442299 0 0.896867
    outer loop
      vertex 0.478354 -50 3.84515
      vertex 0.625 -55 3.91747
      vertex 0.625 -50 3.91747
    endloop
  endfacet
  facet normal -0.442299 0 0.896867
    outer loop
      vertex 0.625 -55 3.91747
      vertex 0.478354 -50 3.84515
      vertex 0.478354 -55 3.84515
    endloop
  endfacet
  facet normal -0.831472 0 0.555566
    outer loop
      vertex 0.991692 -55 4.23905
      vertex 1.08253 -50 4.375
      vertex 0.991692 -50 4.23905
    endloop
  endfacet
  facet normal -0.831472 0 0.555566
    outer loop
      vertex 1.08253 -50 4.375
      vertex 0.991692 -55 4.23905
      vertex 1.08253 -55 4.375
    endloop
  endfacet
  facet normal -0.0654404 0 -0.997856
    outer loop
      vertex 0 -55 10.25
      vertex 0.163157 -50 10.2393
      vertex 0.163157 -55 10.2393
    endloop
  endfacet
  facet normal -0.0654404 0 -0.997856
    outer loop
      vertex 0.163157 -50 10.2393
      vertex 0 -55 10.25
      vertex 0 -50 10.25
    endloop
  endfacet
  facet normal -0.659351 0 0.751835
    outer loop
      vertex 0.760951 -50 4.00831
      vertex 0.883883 -55 4.11612
      vertex 0.883883 -50 4.11612
    endloop
  endfacet
  facet normal -0.659351 0 0.751835
    outer loop
      vertex 0.883883 -55 4.11612
      vertex 0.760951 -50 4.00831
      vertex 0.760951 -55 4.00831
    endloop
  endfacet
  facet normal 0.0468264 0 0.998903
    outer loop
      vertex 0 -50 32
      vertex 18 -55 31.1562
      vertex 18 -50 31.1562
    endloop
  endfacet
  facet normal 0.0468264 0 0.998903
    outer loop
      vertex 18 -55 31.1562
      vertex 0 -50 32
      vertex 0 -55 32
    endloop
  endfacet
  facet normal 0 1 0
    outer loop
      vertex 3.04381 -50 12.0332
      vertex 10 -50 8
      vertex 1.25 -50 9
    endloop
  endfacet
  facet normal 0 1 0
    outer loop
      vertex 10 -50 8
      vertex 1.25 -50 5
      vertex 1.25 -50 9
    endloop
  endfacet
  facet normal 0 1 0
    outer loop
      vertex 10 -50 8
      vertex 1.23931 -50 4.83684
      vertex 1.25 -50 5
    endloop
  endfacet
  facet normal 0 1 -0
    outer loop
      vertex 10 -50 0.46875
      vertex 1.23931 -50 4.83684
      vertex 10 -50 8
    endloop
  endfacet
  facet normal 0 1 0
    outer loop
      vertex 1.23931 -50 4.83684
      vertex 10 -50 0.46875
      vertex 1.20741 -50 4.67648
    endloop
  endfacet
  facet normal 0 1 0
    outer loop
      vertex 1.20741 -50 4.67648
      vertex 10 -50 0.46875
      vertex 1.15485 -50 4.52165
    endloop
  endfacet
  facet normal 0 1 0
    outer loop
      vertex 1.15485 -50 4.52165
      vertex 10 -50 0.46875
      vertex 1.08253 -50 4.375
    endloop
  endfacet
  facet normal 0 1 0
    outer loop
      vertex 1.08253 -50 4.375
      vertex 10 -50 0.46875
      vertex 0.991692 -50 4.23905
    endloop
  endfacet
  facet normal 0 1 0
    outer loop
      vertex 0 -50 0
      vertex 0.991692 -50 4.23905
      vertex 10 -50 0.46875
    endloop
  endfacet
  facet normal 0 1 0
    outer loop
      vertex 0.991692 -50 4.23905
      vertex 0 -50 0
      vertex 0.883883 -50 4.11612
    endloop
  endfacet
  facet normal 0 1 0
    outer loop
      vertex 0.883883 -50 4.11612
      vertex 0 -50 0
      vertex 0.760951 -50 4.00831
    endloop
  endfacet
  facet normal 0 1 0
    outer loop
      vertex 0 -50 0
      vertex 0 -50 3.75
      vertex 0.163157 -50 3.76069
    endloop
  endfacet
  facet normal 0 1 0
    outer loop
      vertex 0.760951 -50 4.00831
      vertex 0 -50 0
      vertex 0.625 -50 3.91747
    endloop
  endfacet
  facet normal 0 1 0
    outer loop
      vertex 0.625 -50 3.91747
      vertex 0 -50 0
      vertex 0.478354 -50 3.84515
    endloop
  endfacet
  facet normal 0 1 0
    outer loop
      vertex 0.478354 -50 3.84515
      vertex 0 -50 0
      vertex 0.323524 -50 3.79259
    endloop
  endfacet
  facet normal 0 1 0
    outer loop
      vertex 0.323524 -50 3.79259
      vertex 0 -50 0
      vertex 0.163157 -50 3.76069
    endloop
  endfacet
  facet normal 0 1 0
    outer loop
      vertex 0 -50 3.75
      vertex -2.08841 -50 0.136887
      vertex -18 -50 1.59932
    endloop
  endfacet
  facet normal 0 1 0
    outer loop
      vertex 0 -50 3.75
      vertex 0 -50 0
      vertex -2.08841 -50 0.136887
    endloop
  endfacet
  facet normal 0 1 0
    outer loop
      vertex -4.33013 -50 18.5
      vertex -6.83684 -50 17.2393
      vertex -7 -50 17.25
    endloop
  endfacet
  facet normal 0 1 0
    outer loop
      vertex -4.6194 -50 17.9134
      vertex -6.67648 -50 17.2074
      vertex -6.83684 -50 17.2393
    endloop
  endfacet
  facet normal 0 1 0
    outer loop
      vertex -4.6194 -50 17.9134
      vertex -6.52165 -50 17.1549
      vertex -6.67648 -50 17.2074
    endloop
  endfacet
  facet normal 0 1 0
    outer loop
      vertex -4.6194 -50 17.9134
      vertex -6.375 -50 17.0825
      vertex -6.52165 -50 17.1549
    endloop
  endfacet
  facet normal 0 1 0
    outer loop
      vertex -4.82963 -50 17.2941
      vertex -6.23905 -50 16.9917
      vertex -6.375 -50 17.0825
    endloop
  endfacet
  facet normal 0 1 0
    outer loop
      vertex -4.82963 -50 17.2941
      vertex -6.11612 -50 16.8839
      vertex -6.23905 -50 16.9917
    endloop
  endfacet
  facet normal 0 1 0
    outer loop
      vertex -4.82963 -50 17.2941
      vertex -6.00831 -50 16.761
      vertex -6.11612 -50 16.8839
    endloop
  endfacet
  facet normal 0 1 -0
    outer loop
      vertex -4.95722 -50 16.6526
      vertex -6.00831 -50 16.761
      vertex -4.82963 -50 17.2941
    endloop
  endfacet
  facet normal 0 1 0
    outer loop
      vertex -4.95722 -50 16.6526
      vertex -5.91747 -50 16.625
      vertex -6.00831 -50 16.761
    endloop
  endfacet
  facet normal 0 1 0
    outer loop
      vertex -4.95722 -50 16.6526
      vertex -5.84515 -50 16.4784
      vertex -5.91747 -50 16.625
    endloop
  endfacet
  facet normal 0 1 0
    outer loop
      vertex -4.95722 -50 16.6526
      vertex -5.79259 -50 16.3235
      vertex -5.84515 -50 16.4784
    endloop
  endfacet
  facet normal 0 1 -0
    outer loop
      vertex -5 -50 16
      vertex -5.79259 -50 16.3235
      vertex -4.95722 -50 16.6526
    endloop
  endfacet
  facet normal 0 1 0
    outer loop
      vertex -5.79259 -50 16.3235
      vertex -5 -50 16
      vertex -5.76069 -50 16.1632
    endloop
  endfacet
  facet normal 0 1 0
    outer loop
      vertex -5 -50 16
      vertex -5.75 -50 16
      vertex -5.76069 -50 16.1632
    endloop
  endfacet
  facet normal 0 1 0
    outer loop
      vertex -5 -50 16
      vertex -5.76069 -50 15.8368
      vertex -5.75 -50 16
    endloop
  endfacet
  facet normal 0 1 0
    outer loop
      vertex -5 -50 16
      vertex -5.79259 -50 15.6765
      vertex -5.76069 -50 15.8368
    endloop
  endfacet
  facet normal 0 1 0
    outer loop
      vertex -4.95722 -50 15.3474
      vertex -5.79259 -50 15.6765
      vertex -5 -50 16
    endloop
  endfacet
  facet normal 0 1 0
    outer loop
      vertex -5.79259 -50 15.6765
      vertex -4.95722 -50 15.3474
      vertex -5.84515 -50 15.5216
    endloop
  endfacet
  facet normal 0 1 0
    outer loop
      vertex -5.84515 -50 15.5216
      vertex -4.95722 -50 15.3474
      vertex -5.91747 -50 15.375
    endloop
  endfacet
  facet normal 0 1 0
    outer loop
      vertex -4.95722 -50 15.3474
      vertex -6.00831 -50 15.239
      vertex -5.91747 -50 15.375
    endloop
  endfacet
  facet normal 0 1 0
    outer loop
      vertex -4.82963 -50 14.7059
      vertex -6.00831 -50 15.239
      vertex -4.95722 -50 15.3474
    endloop
  endfacet
  facet normal 0 1 0
    outer loop
      vertex -6.00831 -50 15.239
      vertex -4.82963 -50 14.7059
      vertex -6.11612 -50 15.1161
    endloop
  endfacet
  facet normal 0 1 0
    outer loop
      vertex -6.11612 -50 15.1161
      vertex -4.82963 -50 14.7059
      vertex -6.23905 -50 15.0083
    endloop
  endfacet
  facet normal 0 1 0
    outer loop
      vertex -6.23905 -50 15.0083
      vertex -4.82963 -50 14.7059
      vertex -6.375 -50 14.9175
    endloop
  endfacet
  facet normal 0 1 0
    outer loop
      vertex -4.6194 -50 14.0866
      vertex -6.375 -50 14.9175
      vertex -4.82963 -50 14.7059
    endloop
  endfacet
  facet normal 0 1 0
    outer loop
      vertex -6.67648 -50 14.7926
      vertex -4.33013 -50 13.5
      vertex -6.83684 -50 14.7607
    endloop
  endfacet
  facet normal 0 1 0
    outer loop
      vertex -4.33013 -50 13.5
      vertex -6.67648 -50 14.7926
      vertex -4.6194 -50 14.0866
    endloop
  endfacet
  facet normal 0 1 0
    outer loop
      vertex -6.52165 -50 14.8452
      vertex -4.6194 -50 14.0866
      vertex -6.67648 -50 14.7926
    endloop
  endfacet
  facet normal 0 1 0
    outer loop
      vertex -6.375 -50 14.9175
      vertex -4.6194 -50 14.0866
      vertex -6.52165 -50 14.8452
    endloop
  endfacet
  facet normal 0 1 -0
    outer loop
      vertex 1.08253 -50 27.625
      vertex 0 -50 32
      vertex 18 -50 31.1562
    endloop
  endfacet
  facet normal -0 1 -0
    outer loop
      vertex 0.625 -50 28.0825
      vertex 0 -50 32
      vertex 0.760951 -50 27.9917
    endloop
  endfacet
  facet normal 0 1 0
    outer loop
      vertex -0.323524 -50 28.2074
      vertex 0 -50 32
      vertex -0.163157 -50 28.2393
    endloop
  endfacet
  facet normal 0 1 0
    outer loop
      vertex -0.163157 -50 28.2393
      vertex 0 -50 32
      vertex 0 -50 28.25
    endloop
  endfacet
  facet normal -0 1 0
    outer loop
      vertex 0 -50 28.25
      vertex 0 -50 32
      vertex 0.163157 -50 28.2393
    endloop
  endfacet
  facet normal -0 1 -0
    outer loop
      vertex 0.163157 -50 28.2393
      vertex 0 -50 32
      vertex 0.323524 -50 28.2074
    endloop
  endfacet
  facet normal -0 1 -0
    outer loop
      vertex 0.323524 -50 28.2074
      vertex 0 -50 32
      vertex 0.478354 -50 28.1549
    endloop
  endfacet
  facet normal -0 1 -0
    outer loop
      vertex 0.478354 -50 28.1549
      vertex 0 -50 32
      vertex 0.625 -50 28.0825
    endloop
  endfacet
  facet normal 0 1 0
    outer loop
      vertex 0 -50 32
      vertex 0.883883 -50 27.8839
      vertex 0.760951 -50 27.9917
    endloop
  endfacet
  facet normal 0 1 0
    outer loop
      vertex 0 -50 32
      vertex 0.991692 -50 27.761
      vertex 0.883883 -50 27.8839
    endloop
  endfacet
  facet normal 0 1 0
    outer loop
      vertex 0 -50 32
      vertex 1.08253 -50 27.625
      vertex 0.991692 -50 27.761
    endloop
  endfacet
  facet normal 0 1 0
    outer loop
      vertex 18 -50 31.1562
      vertex 1.15485 -50 27.4784
      vertex 1.08253 -50 27.625
    endloop
  endfacet
  facet normal 0 1 0
    outer loop
      vertex 18 -50 31.1562
      vertex 1.20741 -50 27.3235
      vertex 1.15485 -50 27.4784
    endloop
  endfacet
  facet normal 0 1 0
    outer loop
      vertex 18 -50 31.1562
      vertex 1.23931 -50 27.1632
      vertex 1.20741 -50 27.3235
    endloop
  endfacet
  facet normal 0 1 0
    outer loop
      vertex 18 -50 31.1562
      vertex 1.25 -50 27
      vertex 1.23931 -50 27.1632
    endloop
  endfacet
  facet normal 0 1 -0
    outer loop
      vertex 11 -50 17.25
      vertex 1.25 -50 27
      vertex 18 -50 31.1562
    endloop
  endfacet
  facet normal -0 1 -0
    outer loop
      vertex 3.53553 -50 19.5355
      vertex 1.25 -50 27
      vertex 11 -50 17.25
    endloop
  endfacet
  facet normal 0 1 0
    outer loop
      vertex 1.25 -50 27
      vertex 3.53553 -50 19.5355
      vertex 1.25 -50 23
    endloop
  endfacet
  facet normal -0 1 -0
    outer loop
      vertex 2.5 -50 20.3301
      vertex 1.25 -50 23
      vertex 3.04381 -50 19.9668
    endloop
  endfacet
  facet normal 0 1 0
    outer loop
      vertex 1.25 -50 23
      vertex 2.5 -50 20.3301
      vertex 1.23931 -50 22.8368
    endloop
  endfacet
  facet normal -0 1 -0
    outer loop
      vertex 1.91342 -50 20.6194
      vertex 1.20741 -50 22.6765
      vertex 2.5 -50 20.3301
    endloop
  endfacet
  facet normal 0 1 0
    outer loop
      vertex 1.20741 -50 22.6765
      vertex 1.91342 -50 20.6194
      vertex 1.15485 -50 22.5216
    endloop
  endfacet
  facet normal 0 1 0
    outer loop
      vertex 1.15485 -50 22.5216
      vertex 1.91342 -50 20.6194
      vertex 1.08253 -50 22.375
    endloop
  endfacet
  facet normal 0 1 0
    outer loop
      vertex 1.08253 -50 22.375
      vertex 1.91342 -50 20.6194
      vertex 0.991692 -50 22.239
    endloop
  endfacet
  facet normal 0 1 0
    outer loop
      vertex 0.163157 -50 21.7607
      vertex 0 -50 21
      vertex 0 -50 21.75
    endloop
  endfacet
  facet normal 0 1 0
    outer loop
      vertex 0.323524 -50 21.7926
      vertex 0 -50 21
      vertex 0.163157 -50 21.7607
    endloop
  endfacet
  facet normal 0 1 0
    outer loop
      vertex 0.652631 -50 20.9572
      vertex 0.323524 -50 21.7926
      vertex 0.478354 -50 21.8451
    endloop
  endfacet
  facet normal 0 1 0
    outer loop
      vertex 0.652631 -50 20.9572
      vertex 0.478354 -50 21.8451
      vertex 0.625 -50 21.9175
    endloop
  endfacet
  facet normal 0 1 0
    outer loop
      vertex 0.991692 -50 22.239
      vertex 1.2941 -50 20.8296
      vertex 0.883883 -50 22.1161
    endloop
  endfacet
  facet normal 0 1 0
    outer loop
      vertex 0.323524 -50 21.7926
      vertex 0.652631 -50 20.9572
      vertex 0 -50 21
    endloop
  endfacet
  facet normal 0 1 0
    outer loop
      vertex 0.760951 -50 22.0083
      vertex 0.652631 -50 20.9572
      vertex 0.625 -50 21.9175
    endloop
  endfacet
  facet normal -0 1 0
    outer loop
      vertex 0.652631 -50 20.9572
      vertex 0.760951 -50 22.0083
      vertex 1.2941 -50 20.8296
    endloop
  endfacet
  facet normal 0 1 0
    outer loop
      vertex 0.883883 -50 22.1161
      vertex 1.2941 -50 20.8296
      vertex 0.760951 -50 22.0083
    endloop
  endfacet
  facet normal -0 1 -0
    outer loop
      vertex 1.2941 -50 20.8296
      vertex 0.991692 -50 22.239
      vertex 1.91342 -50 20.6194
    endloop
  endfacet
  facet normal 0 1 0
    outer loop
      vertex 1.23931 -50 22.8368
      vertex 2.5 -50 20.3301
      vertex 1.20741 -50 22.6765
    endloop
  endfacet
  facet normal -0 1 -0
    outer loop
      vertex 3.04381 -50 19.9668
      vertex 1.25 -50 23
      vertex 3.53553 -50 19.5355
    endloop
  endfacet
  facet normal 0 1 -0
    outer loop
      vertex 7 -50 17.25
      vertex 3.53553 -50 19.5355
      vertex 11 -50 17.25
    endloop
  endfacet
  facet normal 0 1 0
    outer loop
      vertex 3.53553 -50 19.5355
      vertex 7 -50 17.25
      vertex 3.96677 -50 19.0438
    endloop
  endfacet
  facet normal 0 1 -0
    outer loop
      vertex 6.83684 -50 17.2393
      vertex 4.33013 -50 18.5
      vertex 7 -50 17.25
    endloop
  endfacet
  facet normal 0 1 0
    outer loop
      vertex 3.96677 -50 19.0438
      vertex 7 -50 17.25
      vertex 4.33013 -50 18.5
    endloop
  endfacet
  facet normal 0 1 0
    outer loop
      vertex 18 -50 31.1562
      vertex 11.1632 -50 17.2393
      vertex 11 -50 17.25
    endloop
  endfacet
  facet normal 0 1 0
    outer loop
      vertex 18 -50 31.1562
      vertex 11.3235 -50 17.2074
      vertex 11.1632 -50 17.2393
    endloop
  endfacet
  facet normal 0 1 0
    outer loop
      vertex 18 -50 31.1562
      vertex 11.4784 -50 17.1549
      vertex 11.3235 -50 17.2074
    endloop
  endfacet
  facet normal 0 1 0
    outer loop
      vertex 18 -50 31.1562
      vertex 11.625 -50 17.0825
      vertex 11.4784 -50 17.1549
    endloop
  endfacet
  facet normal 0 1 0
    outer loop
      vertex 18 -50 31.1562
      vertex 11.761 -50 16.9917
      vertex 11.625 -50 17.0825
    endloop
  endfacet
  facet normal 0 1 0
    outer loop
      vertex 18 -50 31.1562
      vertex 11.8839 -50 16.8839
      vertex 11.761 -50 16.9917
    endloop
  endfacet
  facet normal 0 1 0
    outer loop
      vertex 18 -50 31.1562
      vertex 11.9917 -50 16.761
      vertex 11.8839 -50 16.8839
    endloop
  endfacet
  facet normal 0 1 0
    outer loop
      vertex 18 -50 31.1562
      vertex 12.0825 -50 16.625
      vertex 11.9917 -50 16.761
    endloop
  endfacet
  facet normal 0 1 0
    outer loop
      vertex 18 -50 31.1562
      vertex 12.1548 -50 16.4784
      vertex 12.0825 -50 16.625
    endloop
  endfacet
  facet normal 0 1 0
    outer loop
      vertex 18 -50 31.1562
      vertex 12.2074 -50 16.3235
      vertex 12.1548 -50 16.4784
    endloop
  endfacet
  facet normal 0 1 0
    outer loop
      vertex 18 -50 31.1562
      vertex 12.2393 -50 16.1632
      vertex 12.2074 -50 16.3235
    endloop
  endfacet
  facet normal 0 1 -0
    outer loop
      vertex 16 -50 8
      vertex 12.2393 -50 16.1632
      vertex 18 -50 31.1562
    endloop
  endfacet
  facet normal 0 1 0
    outer loop
      vertex 12.2393 -50 16.1632
      vertex 16 -50 8
      vertex 12.25 -50 16
    endloop
  endfacet
  facet normal 0 1 0
    outer loop
      vertex 12.25 -50 16
      vertex 16 -50 8
      vertex 12.2393 -50 15.8368
    endloop
  endfacet
  facet normal 0 1 0
    outer loop
      vertex 12.2393 -50 15.8368
      vertex 16 -50 8
      vertex 12.2074 -50 15.6765
    endloop
  endfacet
  facet normal 0 1 -0
    outer loop
      vertex 10 -50 8
      vertex 7 -50 14.75
      vertex 11 -50 14.75
    endloop
  endfacet
  facet normal 0 1 0
    outer loop
      vertex 7 -50 14.75
      vertex 4.6194 -50 14.0866
      vertex 4.82963 -50 14.7059
    endloop
  endfacet
  facet normal 0 1 0
    outer loop
      vertex 11.3235 -50 14.7926
      vertex 10 -50 8
      vertex 11.1632 -50 14.7607
    endloop
  endfacet
  facet normal 0 1 0
    outer loop
      vertex 7 -50 14.75
      vertex 4.33013 -50 13.5
      vertex 4.6194 -50 14.0866
    endloop
  endfacet
  facet normal 0 1 0
    outer loop
      vertex 7 -50 14.75
      vertex 3.96677 -50 12.9562
      vertex 4.33013 -50 13.5
    endloop
  endfacet
  facet normal 0 1 0
    outer loop
      vertex 11.4784 -50 14.8452
      vertex 10 -50 8
      vertex 11.3235 -50 14.7926
    endloop
  endfacet
  facet normal 0 1 0
    outer loop
      vertex 11.1632 -50 14.7607
      vertex 10 -50 8
      vertex 11 -50 14.75
    endloop
  endfacet
  facet normal 0 1 0
    outer loop
      vertex 10 -50 8
      vertex 3.96677 -50 12.9562
      vertex 7 -50 14.75
    endloop
  endfacet
  facet normal 0 1 0
    outer loop
      vertex 3.96677 -50 12.9562
      vertex 10 -50 8
      vertex 3.53553 -50 12.4645
    endloop
  endfacet
  facet normal 0 1 0
    outer loop
      vertex 10 -50 8
      vertex 11.4784 -50 14.8452
      vertex 16 -50 8
    endloop
  endfacet
  facet normal 0 1 0
    outer loop
      vertex 10 -50 8
      vertex 3.04381 -50 12.0332
      vertex 3.53553 -50 12.4645
    endloop
  endfacet
  facet normal 0 1 -0
    outer loop
      vertex 0.323524 -50 10.2074
      vertex 0 -50 11
      vertex 0.652631 -50 11.0428
    endloop
  endfacet
  facet normal 0 1 -0
    outer loop
      vertex 0.760951 -50 9.99169
      vertex 0.652631 -50 11.0428
      vertex 1.2941 -50 11.1704
    endloop
  endfacet
  facet normal 0 1 0
    outer loop
      vertex 0.991692 -50 9.76095
      vertex 1.2941 -50 11.1704
      vertex 1.91342 -50 11.3806
    endloop
  endfacet
  facet normal -0 1 0
    outer loop
      vertex 1.23931 -50 9.16316
      vertex 2.5 -50 11.6699
      vertex 1.25 -50 9
    endloop
  endfacet
  facet normal 0 1 0
    outer loop
      vertex 0 -50 11
      vertex 0.163157 -50 10.2393
      vertex 0 -50 10.25
    endloop
  endfacet
  facet normal 0 1 0
    outer loop
      vertex 0 -50 11
      vertex 0.323524 -50 10.2074
      vertex 0.163157 -50 10.2393
    endloop
  endfacet
  facet normal 0 1 0
    outer loop
      vertex 0.652631 -50 11.0428
      vertex 0.478354 -50 10.1549
      vertex 0.323524 -50 10.2074
    endloop
  endfacet
  facet normal 0 1 0
    outer loop
      vertex 0.652631 -50 11.0428
      vertex 0.625 -50 10.0825
      vertex 0.478354 -50 10.1549
    endloop
  endfacet
  facet normal 0 1 0
    outer loop
      vertex 0.652631 -50 11.0428
      vertex 0.760951 -50 9.99169
      vertex 0.625 -50 10.0825
    endloop
  endfacet
  facet normal 0 1 0
    outer loop
      vertex 1.2941 -50 11.1704
      vertex 0.883883 -50 9.88388
      vertex 0.760951 -50 9.99169
    endloop
  endfacet
  facet normal 0 1 0
    outer loop
      vertex 1.2941 -50 11.1704
      vertex 0.991692 -50 9.76095
      vertex 0.883883 -50 9.88388
    endloop
  endfacet
  facet normal 0 1 0
    outer loop
      vertex 1.91342 -50 11.3806
      vertex 1.08253 -50 9.625
      vertex 0.991692 -50 9.76095
    endloop
  endfacet
  facet normal 0 1 0
    outer loop
      vertex 16 -50 8
      vertex 11.4784 -50 14.8452
      vertex 11.625 -50 14.9175
    endloop
  endfacet
  facet normal 0 1 0
    outer loop
      vertex 1.91342 -50 11.3806
      vertex 1.15485 -50 9.47835
      vertex 1.08253 -50 9.625
    endloop
  endfacet
  facet normal 0 1 0
    outer loop
      vertex 1.91342 -50 11.3806
      vertex 1.20741 -50 9.32352
      vertex 1.15485 -50 9.47835
    endloop
  endfacet
  facet normal 0 1 0
    outer loop
      vertex 2.5 -50 11.6699
      vertex 1.20741 -50 9.32352
      vertex 1.91342 -50 11.3806
    endloop
  endfacet
  facet normal -0 1 0
    outer loop
      vertex 1.20741 -50 9.32352
      vertex 2.5 -50 11.6699
      vertex 1.23931 -50 9.16316
    endloop
  endfacet
  facet normal 0 1 0
    outer loop
      vertex 3.04381 -50 12.0332
      vertex 1.25 -50 9
      vertex 2.5 -50 11.6699
    endloop
  endfacet
  facet normal 0 1 0
    outer loop
      vertex 11.761 -50 15.0083
      vertex 16 -50 8
      vertex 11.625 -50 14.9175
    endloop
  endfacet
  facet normal 0 1 0
    outer loop
      vertex 11.8839 -50 15.1161
      vertex 16 -50 8
      vertex 11.761 -50 15.0083
    endloop
  endfacet
  facet normal 0 1 0
    outer loop
      vertex 11.9917 -50 15.239
      vertex 16 -50 8
      vertex 11.8839 -50 15.1161
    endloop
  endfacet
  facet normal 0 1 0
    outer loop
      vertex 12.0825 -50 15.375
      vertex 16 -50 8
      vertex 11.9917 -50 15.239
    endloop
  endfacet
  facet normal 0 1 0
    outer loop
      vertex 12.1548 -50 15.5216
      vertex 16 -50 8
      vertex 12.0825 -50 15.375
    endloop
  endfacet
  facet normal 0 1 0
    outer loop
      vertex 12.2074 -50 15.6765
      vertex 16 -50 8
      vertex 12.1548 -50 15.5216
    endloop
  endfacet
  facet normal 0 1 -0
    outer loop
      vertex 18 -50 0.84375
      vertex 16 -50 8
      vertex 18 -50 31.1562
    endloop
  endfacet
  facet normal 0 1 0
    outer loop
      vertex 16 -50 8
      vertex 18 -50 0.84375
      vertex 16 -50 0.75
    endloop
  endfacet
  facet normal 0 1 0
    outer loop
      vertex 0 -50 32
      vertex -0.323524 -50 28.2074
      vertex -2.08841 -50 31.8631
    endloop
  endfacet
  facet normal 0 1 -0
    outer loop
      vertex -0.478354 -50 28.1549
      vertex -2.08841 -50 31.8631
      vertex -0.323524 -50 28.2074
    endloop
  endfacet
  facet normal 0 1 -0
    outer loop
      vertex -0.625 -50 28.0825
      vertex -2.08841 -50 31.8631
      vertex -0.478354 -50 28.1549
    endloop
  endfacet
  facet normal 0 1 -0
    outer loop
      vertex -0.760951 -50 27.9917
      vertex -2.08841 -50 31.8631
      vertex -0.625 -50 28.0825
    endloop
  endfacet
  facet normal 0 1 -0
    outer loop
      vertex -0.883883 -50 27.8839
      vertex -2.08841 -50 31.8631
      vertex -0.760951 -50 27.9917
    endloop
  endfacet
  facet normal 0 1 -0
    outer loop
      vertex -0.991692 -50 27.761
      vertex -2.08841 -50 31.8631
      vertex -0.883883 -50 27.8839
    endloop
  endfacet
  facet normal 0 1 -0
    outer loop
      vertex -1.08253 -50 27.625
      vertex -2.08841 -50 31.8631
      vertex -0.991692 -50 27.761
    endloop
  endfacet
  facet normal 0 1 -0
    outer loop
      vertex -1.15485 -50 27.4784
      vertex -2.08841 -50 31.8631
      vertex -1.08253 -50 27.625
    endloop
  endfacet
  facet normal 0 1 -0
    outer loop
      vertex -1.20741 -50 27.3235
      vertex -2.08841 -50 31.8631
      vertex -1.15485 -50 27.4784
    endloop
  endfacet
  facet normal 0 1 -0
    outer loop
      vertex -1.23931 -50 27.1632
      vertex -2.08841 -50 31.8631
      vertex -1.20741 -50 27.3235
    endloop
  endfacet
  facet normal 0 1 0
    outer loop
      vertex -2.08841 -50 31.8631
      vertex -1.23931 -50 27.1632
      vertex -18 -50 30.4007
    endloop
  endfacet
  facet normal 0 1 -0
    outer loop
      vertex -1.25 -50 27
      vertex -18 -50 30.4007
      vertex -1.23931 -50 27.1632
    endloop
  endfacet
  facet normal 0 1 0
    outer loop
      vertex -3.53553 -50 19.5355
      vertex -1.25 -50 27
      vertex -1.25 -50 23
    endloop
  endfacet
  facet normal 0 1 0
    outer loop
      vertex -2.5 -50 20.3301
      vertex -1.25 -50 23
      vertex -1.23931 -50 22.8368
    endloop
  endfacet
  facet normal 0 1 0
    outer loop
      vertex -2.5 -50 20.3301
      vertex -1.23931 -50 22.8368
      vertex -1.20741 -50 22.6765
    endloop
  endfacet
  facet normal 0 1 0
    outer loop
      vertex -1.91342 -50 20.6194
      vertex -1.20741 -50 22.6765
      vertex -1.15485 -50 22.5216
    endloop
  endfacet
  facet normal 0 1 0
    outer loop
      vertex -1.91342 -50 20.6194
      vertex -1.15485 -50 22.5216
      vertex -1.08253 -50 22.375
    endloop
  endfacet
  facet normal 0 1 0
    outer loop
      vertex -1.91342 -50 20.6194
      vertex -1.08253 -50 22.375
      vertex -0.991692 -50 22.239
    endloop
  endfacet
  facet normal 0 1 0
    outer loop
      vertex -1.2941 -50 20.8296
      vertex -0.991692 -50 22.239
      vertex -0.883883 -50 22.1161
    endloop
  endfacet
  facet normal 0 1 0
    outer loop
      vertex -1.2941 -50 20.8296
      vertex -0.883883 -50 22.1161
      vertex -0.760951 -50 22.0083
    endloop
  endfacet
  facet normal 0 1 -0
    outer loop
      vertex -0.652631 -50 20.9572
      vertex -0.760951 -50 22.0083
      vertex -0.625 -50 21.9175
    endloop
  endfacet
  facet normal 0 1 0
    outer loop
      vertex -0.652631 -50 20.9572
      vertex -0.625 -50 21.9175
      vertex -0.478354 -50 21.8451
    endloop
  endfacet
  facet normal 0 1 -0
    outer loop
      vertex 0 -50 21
      vertex -0.163157 -50 21.7607
      vertex 0 -50 21.75
    endloop
  endfacet
  facet normal 0 1 0
    outer loop
      vertex 0 -50 21
      vertex -0.323524 -50 21.7926
      vertex -0.163157 -50 21.7607
    endloop
  endfacet
  facet normal 0 1 0
    outer loop
      vertex -0.652631 -50 20.9572
      vertex -0.323524 -50 21.7926
      vertex 0 -50 21
    endloop
  endfacet
  facet normal 0 1 0
    outer loop
      vertex -0.323524 -50 21.7926
      vertex -0.652631 -50 20.9572
      vertex -0.478354 -50 21.8451
    endloop
  endfacet
  facet normal 0 1 0
    outer loop
      vertex -0.760951 -50 22.0083
      vertex -0.652631 -50 20.9572
      vertex -1.2941 -50 20.8296
    endloop
  endfacet
  facet normal 0 1 0
    outer loop
      vertex -0.991692 -50 22.239
      vertex -1.2941 -50 20.8296
      vertex -1.91342 -50 20.6194
    endloop
  endfacet
  facet normal 0 1 0
    outer loop
      vertex -1.20741 -50 22.6765
      vertex -1.91342 -50 20.6194
      vertex -2.5 -50 20.3301
    endloop
  endfacet
  facet normal 0 1 0
    outer loop
      vertex -1.25 -50 23
      vertex -2.5 -50 20.3301
      vertex -3.04381 -50 19.9668
    endloop
  endfacet
  facet normal 0 1 0
    outer loop
      vertex -1.25 -50 23
      vertex -3.04381 -50 19.9668
      vertex -3.53553 -50 19.5355
    endloop
  endfacet
  facet normal 0 1 0
    outer loop
      vertex -1.25 -50 27
      vertex -3.53553 -50 19.5355
      vertex -11 -50 17.25
    endloop
  endfacet
  facet normal 0 1 0
    outer loop
      vertex -7 -50 17.25
      vertex -3.53553 -50 19.5355
      vertex -3.96677 -50 19.0438
    endloop
  endfacet
  facet normal 0 1 0
    outer loop
      vertex -7 -50 17.25
      vertex -3.96677 -50 19.0438
      vertex -4.33013 -50 18.5
    endloop
  endfacet
  facet normal 0 1 0
    outer loop
      vertex -6.83684 -50 17.2393
      vertex -4.33013 -50 18.5
      vertex -4.6194 -50 17.9134
    endloop
  endfacet
  facet normal 0 1 0
    outer loop
      vertex -6.375 -50 17.0825
      vertex -4.6194 -50 17.9134
      vertex -4.82963 -50 17.2941
    endloop
  endfacet
  facet normal 0 1 0
    outer loop
      vertex -3.53553 -50 19.5355
      vertex -7 -50 17.25
      vertex -11 -50 17.25
    endloop
  endfacet
  facet normal 0 1 0
    outer loop
      vertex -1.25 -50 27
      vertex -11 -50 17.25
      vertex -18 -50 30.4007
    endloop
  endfacet
  facet normal 0 1 -0
    outer loop
      vertex -11.1632 -50 17.2393
      vertex -18 -50 30.4007
      vertex -11 -50 17.25
    endloop
  endfacet
  facet normal 0 1 -0
    outer loop
      vertex -11.3235 -50 17.2074
      vertex -18 -50 30.4007
      vertex -11.1632 -50 17.2393
    endloop
  endfacet
  facet normal 0 1 -0
    outer loop
      vertex -11.4784 -50 17.1549
      vertex -18 -50 30.4007
      vertex -11.3235 -50 17.2074
    endloop
  endfacet
  facet normal 0 1 -0
    outer loop
      vertex -11.625 -50 17.0825
      vertex -18 -50 30.4007
      vertex -11.4784 -50 17.1549
    endloop
  endfacet
  facet normal 0 1 -0
    outer loop
      vertex -11.761 -50 16.9917
      vertex -18 -50 30.4007
      vertex -11.625 -50 17.0825
    endloop
  endfacet
  facet normal 0 1 -0
    outer loop
      vertex -11.8839 -50 16.8839
      vertex -18 -50 30.4007
      vertex -11.761 -50 16.9917
    endloop
  endfacet
  facet normal 0 1 -0
    outer loop
      vertex -11.9917 -50 16.761
      vertex -18 -50 30.4007
      vertex -11.8839 -50 16.8839
    endloop
  endfacet
  facet normal 0 1 -0
    outer loop
      vertex -12.0825 -50 16.625
      vertex -18 -50 30.4007
      vertex -11.9917 -50 16.761
    endloop
  endfacet
  facet normal 0 1 -0
    outer loop
      vertex -12.1548 -50 16.4784
      vertex -18 -50 30.4007
      vertex -12.0825 -50 16.625
    endloop
  endfacet
  facet normal 0 1 -0
    outer loop
      vertex -12.2074 -50 16.3235
      vertex -18 -50 30.4007
      vertex -12.1548 -50 16.4784
    endloop
  endfacet
  facet normal 0 1 -0
    outer loop
      vertex -12.2393 -50 16.1632
      vertex -18 -50 30.4007
      vertex -12.2074 -50 16.3235
    endloop
  endfacet
  facet normal 0 1 -0
    outer loop
      vertex -12.25 -50 16
      vertex -18 -50 30.4007
      vertex -12.2393 -50 16.1632
    endloop
  endfacet
  facet normal 0 1 0
    outer loop
      vertex -18 -50 1.59932
      vertex -12.25 -50 16
      vertex -12.2393 -50 15.8368
    endloop
  endfacet
  facet normal 0 1 0
    outer loop
      vertex -18 -50 1.59932
      vertex -12.2393 -50 15.8368
      vertex -12.2074 -50 15.6765
    endloop
  endfacet
  facet normal 0 1 0
    outer loop
      vertex -18 -50 1.59932
      vertex -12.2074 -50 15.6765
      vertex -12.1548 -50 15.5216
    endloop
  endfacet
  facet normal 0 1 0
    outer loop
      vertex -6.83684 -50 14.7607
      vertex -4.33013 -50 13.5
      vertex -7 -50 14.75
    endloop
  endfacet
  facet normal 0 1 0
    outer loop
      vertex -3.96677 -50 12.9562
      vertex -7 -50 14.75
      vertex -4.33013 -50 13.5
    endloop
  endfacet
  facet normal 0 1 0
    outer loop
      vertex -3.53553 -50 12.4645
      vertex -7 -50 14.75
      vertex -3.96677 -50 12.9562
    endloop
  endfacet
  facet normal 0 1 0
    outer loop
      vertex -7 -50 14.75
      vertex -3.53553 -50 12.4645
      vertex -11 -50 14.75
    endloop
  endfacet
  facet normal 0 1 0
    outer loop
      vertex -1.25 -50 5
      vertex -11 -50 14.75
      vertex -3.53553 -50 12.4645
    endloop
  endfacet
  facet normal 0 1 0
    outer loop
      vertex -18 -50 1.59932
      vertex -11 -50 14.75
      vertex -1.25 -50 5
    endloop
  endfacet
  facet normal 0 1 0
    outer loop
      vertex -1.25 -50 9
      vertex -3.53553 -50 12.4645
      vertex -3.04381 -50 12.0332
    endloop
  endfacet
  facet normal 0 1 0
    outer loop
      vertex -1.25 -50 9
      vertex -3.04381 -50 12.0332
      vertex -2.5 -50 11.6699
    endloop
  endfacet
  facet normal 0 1 0
    outer loop
      vertex -11 -50 14.75
      vertex -18 -50 1.59932
      vertex -11.1632 -50 14.7607
    endloop
  endfacet
  facet normal 0 1 0
    outer loop
      vertex -1.20741 -50 9.32352
      vertex -2.5 -50 11.6699
      vertex -1.91342 -50 11.3806
    endloop
  endfacet
  facet normal 0 1 0
    outer loop
      vertex -0.163157 -50 10.2393
      vertex 0 -50 11
      vertex 0 -50 10.25
    endloop
  endfacet
  facet normal 0 1 0
    outer loop
      vertex -0.323524 -50 10.2074
      vertex 0 -50 11
      vertex -0.163157 -50 10.2393
    endloop
  endfacet
  facet normal 0 1 0
    outer loop
      vertex 0 -50 11
      vertex -0.323524 -50 10.2074
      vertex -0.652631 -50 11.0428
    endloop
  endfacet
  facet normal 0 1 -0
    outer loop
      vertex -0.478354 -50 10.1549
      vertex -0.652631 -50 11.0428
      vertex -0.323524 -50 10.2074
    endloop
  endfacet
  facet normal 0 1 -0
    outer loop
      vertex -0.625 -50 10.0825
      vertex -0.652631 -50 11.0428
      vertex -0.478354 -50 10.1549
    endloop
  endfacet
  facet normal 0 1 0
    outer loop
      vertex -0.760951 -50 9.99169
      vertex -0.652631 -50 11.0428
      vertex -0.625 -50 10.0825
    endloop
  endfacet
  facet normal 0 1 0
    outer loop
      vertex -0.652631 -50 11.0428
      vertex -0.760951 -50 9.99169
      vertex -1.2941 -50 11.1704
    endloop
  endfacet
  facet normal 0 1 -0
    outer loop
      vertex -0.883883 -50 9.88388
      vertex -1.2941 -50 11.1704
      vertex -0.760951 -50 9.99169
    endloop
  endfacet
  facet normal 0 1 -0
    outer loop
      vertex -0.991692 -50 9.76095
      vertex -1.2941 -50 11.1704
      vertex -0.883883 -50 9.88388
    endloop
  endfacet
  facet normal 0 1 0
    outer loop
      vertex -1.2941 -50 11.1704
      vertex -0.991692 -50 9.76095
      vertex -1.91342 -50 11.3806
    endloop
  endfacet
  facet normal 0 1 -0
    outer loop
      vertex -1.08253 -50 9.625
      vertex -1.91342 -50 11.3806
      vertex -0.991692 -50 9.76095
    endloop
  endfacet
  facet normal 0 1 -0
    outer loop
      vertex -1.15485 -50 9.47835
      vertex -1.91342 -50 11.3806
      vertex -1.08253 -50 9.625
    endloop
  endfacet
  facet normal 0 1 -0
    outer loop
      vertex -1.20741 -50 9.32352
      vertex -1.91342 -50 11.3806
      vertex -1.15485 -50 9.47835
    endloop
  endfacet
  facet normal 0 1 0
    outer loop
      vertex -2.5 -50 11.6699
      vertex -1.20741 -50 9.32352
      vertex -1.23931 -50 9.16316
    endloop
  endfacet
  facet normal 0 1 0
    outer loop
      vertex -2.5 -50 11.6699
      vertex -1.23931 -50 9.16316
      vertex -1.25 -50 9
    endloop
  endfacet
  facet normal 0 1 0
    outer loop
      vertex -3.53553 -50 12.4645
      vertex -1.25 -50 9
      vertex -1.25 -50 5
    endloop
  endfacet
  facet normal 0 1 0
    outer loop
      vertex -11.1632 -50 14.7607
      vertex -18 -50 1.59932
      vertex -11.3235 -50 14.7926
    endloop
  endfacet
  facet normal 0 1 0
    outer loop
      vertex -11.3235 -50 14.7926
      vertex -18 -50 1.59932
      vertex -11.4784 -50 14.8452
    endloop
  endfacet
  facet normal 0 1 0
    outer loop
      vertex -11.4784 -50 14.8452
      vertex -18 -50 1.59932
      vertex -11.625 -50 14.9175
    endloop
  endfacet
  facet normal 0 1 0
    outer loop
      vertex -11.625 -50 14.9175
      vertex -18 -50 1.59932
      vertex -11.761 -50 15.0083
    endloop
  endfacet
  facet normal 0 1 0
    outer loop
      vertex -18 -50 1.59932
      vertex -1.25 -50 5
      vertex -1.23931 -50 4.83684
    endloop
  endfacet
  facet normal 0 1 0
    outer loop
      vertex -18 -50 1.59932
      vertex -1.23931 -50 4.83684
      vertex -1.20741 -50 4.67648
    endloop
  endfacet
  facet normal 0 1 0
    outer loop
      vertex -18 -50 1.59932
      vertex -1.20741 -50 4.67648
      vertex -1.15485 -50 4.52165
    endloop
  endfacet
  facet normal 0 1 0
    outer loop
      vertex -18 -50 1.59932
      vertex -1.15485 -50 4.52165
      vertex -1.08253 -50 4.375
    endloop
  endfacet
  facet normal 0 1 0
    outer loop
      vertex -18 -50 1.59932
      vertex -1.08253 -50 4.375
      vertex -0.991692 -50 4.23905
    endloop
  endfacet
  facet normal 0 1 0
    outer loop
      vertex -18 -50 1.59932
      vertex -0.991692 -50 4.23905
      vertex -0.883883 -50 4.11612
    endloop
  endfacet
  facet normal 0 1 0
    outer loop
      vertex -12.25 -50 16
      vertex -18 -50 1.59932
      vertex -18 -50 30.4007
    endloop
  endfacet
  facet normal 0 1 0
    outer loop
      vertex -12.0825 -50 15.375
      vertex -18 -50 1.59932
      vertex -12.1548 -50 15.5216
    endloop
  endfacet
  facet normal 0 1 0
    outer loop
      vertex -11.9917 -50 15.239
      vertex -18 -50 1.59932
      vertex -12.0825 -50 15.375
    endloop
  endfacet
  facet normal 0 1 0
    outer loop
      vertex -11.8839 -50 15.1161
      vertex -18 -50 1.59932
      vertex -11.9917 -50 15.239
    endloop
  endfacet
  facet normal 0 1 0
    outer loop
      vertex -11.761 -50 15.0083
      vertex -18 -50 1.59932
      vertex -11.8839 -50 15.1161
    endloop
  endfacet
  facet normal 0 1 0
    outer loop
      vertex -0.760951 -50 4.00831
      vertex -18 -50 1.59932
      vertex -0.883883 -50 4.11612
    endloop
  endfacet
  facet normal 0 1 0
    outer loop
      vertex -0.625 -50 3.91747
      vertex -18 -50 1.59932
      vertex -0.760951 -50 4.00831
    endloop
  endfacet
  facet normal 0 1 0
    outer loop
      vertex -0.478354 -50 3.84515
      vertex -18 -50 1.59932
      vertex -0.625 -50 3.91747
    endloop
  endfacet
  facet normal 0 1 0
    outer loop
      vertex -0.323524 -50 3.79259
      vertex -18 -50 1.59932
      vertex -0.478354 -50 3.84515
    endloop
  endfacet
  facet normal 0 1 0
    outer loop
      vertex -0.163157 -50 3.76069
      vertex -18 -50 1.59932
      vertex -0.323524 -50 3.79259
    endloop
  endfacet
  facet normal 0 1 0
    outer loop
      vertex -18 -50 1.59932
      vertex -0.163157 -50 3.76069
      vertex 0 -50 3.75
    endloop
  endfacet
  facet normal 0 1 -0
    outer loop
      vertex 6.67648 -50 17.2074
      vertex 4.33013 -50 18.5
      vertex 6.83684 -50 17.2393
    endloop
  endfacet
  facet normal 0 1 0
    outer loop
      vertex 4.33013 -50 18.5
      vertex 6.67648 -50 17.2074
      vertex 4.6194 -50 17.9134
    endloop
  endfacet
  facet normal 0 1 -0
    outer loop
      vertex 6.52165 -50 17.1549
      vertex 4.6194 -50 17.9134
      vertex 6.67648 -50 17.2074
    endloop
  endfacet
  facet normal 0 1 -0
    outer loop
      vertex 6.375 -50 17.0825
      vertex 4.6194 -50 17.9134
      vertex 6.52165 -50 17.1549
    endloop
  endfacet
  facet normal 0 1 0
    outer loop
      vertex 4.6194 -50 17.9134
      vertex 6.375 -50 17.0825
      vertex 4.82963 -50 17.2941
    endloop
  endfacet
  facet normal 0 1 -0
    outer loop
      vertex 6.23905 -50 16.9917
      vertex 4.82963 -50 17.2941
      vertex 6.375 -50 17.0825
    endloop
  endfacet
  facet normal 0 1 -0
    outer loop
      vertex 6.11612 -50 16.8839
      vertex 4.82963 -50 17.2941
      vertex 6.23905 -50 16.9917
    endloop
  endfacet
  facet normal 0 1 -0
    outer loop
      vertex 6.00831 -50 16.761
      vertex 4.82963 -50 17.2941
      vertex 6.11612 -50 16.8839
    endloop
  endfacet
  facet normal 0 1 0
    outer loop
      vertex 6.00831 -50 16.761
      vertex 4.95722 -50 16.6526
      vertex 4.82963 -50 17.2941
    endloop
  endfacet
  facet normal 0 1 -0
    outer loop
      vertex 5.91747 -50 16.625
      vertex 4.95722 -50 16.6526
      vertex 6.00831 -50 16.761
    endloop
  endfacet
  facet normal 0 1 -0
    outer loop
      vertex 5.84515 -50 16.4784
      vertex 4.95722 -50 16.6526
      vertex 5.91747 -50 16.625
    endloop
  endfacet
  facet normal 0 1 -0
    outer loop
      vertex 5.79259 -50 16.3235
      vertex 4.95722 -50 16.6526
      vertex 5.84515 -50 16.4784
    endloop
  endfacet
  facet normal 0 1 0
    outer loop
      vertex 5 -50 16
      vertex 5.79259 -50 16.3235
      vertex 5.76069 -50 16.1632
    endloop
  endfacet
  facet normal 0 1 0
    outer loop
      vertex 5 -50 16
      vertex 5.76069 -50 16.1632
      vertex 5.75 -50 16
    endloop
  endfacet
  facet normal 0 1 0
    outer loop
      vertex 5.79259 -50 16.3235
      vertex 5 -50 16
      vertex 4.95722 -50 16.6526
    endloop
  endfacet
  facet normal 0 1 0
    outer loop
      vertex 5.76069 -50 15.8368
      vertex 5 -50 16
      vertex 5.75 -50 16
    endloop
  endfacet
  facet normal 0 1 0
    outer loop
      vertex 5.79259 -50 15.6765
      vertex 5 -50 16
      vertex 5.76069 -50 15.8368
    endloop
  endfacet
  facet normal 0 1 0
    outer loop
      vertex 4.95722 -50 15.3474
      vertex 5.79259 -50 15.6765
      vertex 5.84515 -50 15.5216
    endloop
  endfacet
  facet normal 0 1 0
    outer loop
      vertex 4.95722 -50 15.3474
      vertex 5.84515 -50 15.5216
      vertex 5.91747 -50 15.375
    endloop
  endfacet
  facet normal 0 1 0
    outer loop
      vertex 5.79259 -50 15.6765
      vertex 4.95722 -50 15.3474
      vertex 5 -50 16
    endloop
  endfacet
  facet normal 0 1 0
    outer loop
      vertex 6.00831 -50 15.239
      vertex 4.95722 -50 15.3474
      vertex 5.91747 -50 15.375
    endloop
  endfacet
  facet normal 0 1 0
    outer loop
      vertex 4.82963 -50 14.7059
      vertex 6.00831 -50 15.239
      vertex 6.11612 -50 15.1161
    endloop
  endfacet
  facet normal 0 1 0
    outer loop
      vertex 4.82963 -50 14.7059
      vertex 6.11612 -50 15.1161
      vertex 6.23905 -50 15.0083
    endloop
  endfacet
  facet normal 0 1 0
    outer loop
      vertex 4.82963 -50 14.7059
      vertex 6.23905 -50 15.0083
      vertex 6.375 -50 14.9175
    endloop
  endfacet
  facet normal 0 1 0
    outer loop
      vertex 4.82963 -50 14.7059
      vertex 6.375 -50 14.9175
      vertex 6.52165 -50 14.8452
    endloop
  endfacet
  facet normal 0 1 0
    outer loop
      vertex 4.82963 -50 14.7059
      vertex 6.52165 -50 14.8452
      vertex 6.67648 -50 14.7926
    endloop
  endfacet
  facet normal 0 1 0
    outer loop
      vertex 6.00831 -50 15.239
      vertex 4.82963 -50 14.7059
      vertex 4.95722 -50 15.3474
    endloop
  endfacet
  facet normal 0 1 0
    outer loop
      vertex 6.83684 -50 14.7607
      vertex 4.82963 -50 14.7059
      vertex 6.67648 -50 14.7926
    endloop
  endfacet
  facet normal 0 1 0
    outer loop
      vertex 4.82963 -50 14.7059
      vertex 6.83684 -50 14.7607
      vertex 7 -50 14.75
    endloop
  endfacet
  facet normal -0.0915221 0 0.995803
    outer loop
      vertex -18 -50 30.4007
      vertex -2.08841 -55 31.8631
      vertex -2.08841 -50 31.8631
    endloop
  endfacet
  facet normal -0.0915221 0 0.995803
    outer loop
      vertex -2.08841 -55 31.8631
      vertex -18 -50 30.4007
      vertex -18 -55 30.4007
    endloop
  endfacet
  facet normal -0.0915242 0 -0.995803
    outer loop
      vertex -18 -55 1.59932
      vertex -2.08841 -50 0.136887
      vertex -2.08841 -55 0.136887
    endloop
  endfacet
  facet normal -0.0915242 0 -0.995803
    outer loop
      vertex -2.08841 -50 0.136887
      vertex -18 -55 1.59932
      vertex -18 -50 1.59932
    endloop
  endfacet
  facet normal 0.0468236 0 -0.998903
    outer loop
      vertex 0 -55 0
      vertex 10 -50 0.46875
      vertex 10 -55 0.46875
    endloop
  endfacet
  facet normal 0.0468236 0 -0.998903
    outer loop
      vertex 10 -50 0.46875
      vertex 0 -55 0
      vertex 0 -50 0
    endloop
  endfacet
  facet normal 0.0468236 0 -0.998903
    outer loop
      vertex 16 -55 0.75
      vertex 18 -50 0.84375
      vertex 18 -55 0.84375
    endloop
  endfacet
  facet normal 0.0468236 0 -0.998903
    outer loop
      vertex 18 -50 0.84375
      vertex 16 -55 0.75
      vertex 16 -50 0.75
    endloop
  endfacet
  facet normal 0 -1 0
    outer loop
      vertex 16 -55 0
      vertex 10 -55 0.46875
      vertex 10 -55 0
    endloop
  endfacet
  facet normal 0 -1 0
    outer loop
      vertex 10 -55 0.46875
      vertex 16 -55 0
      vertex 16 -55 0.75
    endloop
  endfacet
  facet normal 0 -1 0
    outer loop
      vertex 4.33013 -55 18.5
      vertex 6.83684 -55 17.2393
      vertex 7 -55 17.25
    endloop
  endfacet
  facet normal 0 -1 0
    outer loop
      vertex 4.6194 -55 17.9134
      vertex 6.67648 -55 17.2074
      vertex 6.83684 -55 17.2393
    endloop
  endfacet
  facet normal 0 -1 0
    outer loop
      vertex 4.6194 -55 17.9134
      vertex 6.52165 -55 17.1549
      vertex 6.67648 -55 17.2074
    endloop
  endfacet
  facet normal 0 -1 0
    outer loop
      vertex 4.6194 -55 17.9134
      vertex 6.375 -55 17.0825
      vertex 6.52165 -55 17.1549
    endloop
  endfacet
  facet normal 0 -1 0
    outer loop
      vertex 4.82963 -55 17.2941
      vertex 6.23905 -55 16.9917
      vertex 6.375 -55 17.0825
    endloop
  endfacet
  facet normal 0 -1 0
    outer loop
      vertex 4.82963 -55 17.2941
      vertex 6.11612 -55 16.8839
      vertex 6.23905 -55 16.9917
    endloop
  endfacet
  facet normal 0 -1 0
    outer loop
      vertex 4.82963 -55 17.2941
      vertex 6.00831 -55 16.761
      vertex 6.11612 -55 16.8839
    endloop
  endfacet
  facet normal 0 -1 0
    outer loop
      vertex 4.95722 -55 16.6526
      vertex 6.00831 -55 16.761
      vertex 4.82963 -55 17.2941
    endloop
  endfacet
  facet normal 0 -1 0
    outer loop
      vertex 4.95722 -55 16.6526
      vertex 5.91747 -55 16.625
      vertex 6.00831 -55 16.761
    endloop
  endfacet
  facet normal 0 -1 0
    outer loop
      vertex 4.95722 -55 16.6526
      vertex 5.84515 -55 16.4784
      vertex 5.91747 -55 16.625
    endloop
  endfacet
  facet normal 0 -1 0
    outer loop
      vertex 4.95722 -55 16.6526
      vertex 5.79259 -55 16.3235
      vertex 5.84515 -55 16.4784
    endloop
  endfacet
  facet normal 0 -1 0
    outer loop
      vertex 5 -55 16
      vertex 5.79259 -55 16.3235
      vertex 4.95722 -55 16.6526
    endloop
  endfacet
  facet normal 0 -1 0
    outer loop
      vertex 5.79259 -55 16.3235
      vertex 5 -55 16
      vertex 5.76069 -55 16.1632
    endloop
  endfacet
  facet normal 0 -1 0
    outer loop
      vertex 5 -55 16
      vertex 5.75 -55 16
      vertex 5.76069 -55 16.1632
    endloop
  endfacet
  facet normal 0 -1 0
    outer loop
      vertex 5 -55 16
      vertex 5.76069 -55 15.8368
      vertex 5.75 -55 16
    endloop
  endfacet
  facet normal 0 -1 0
    outer loop
      vertex 5 -55 16
      vertex 5.79259 -55 15.6765
      vertex 5.76069 -55 15.8368
    endloop
  endfacet
  facet normal 0 -1 0
    outer loop
      vertex 4.95722 -55 15.3474
      vertex 5.79259 -55 15.6765
      vertex 5 -55 16
    endloop
  endfacet
  facet normal 0 -1 -0
    outer loop
      vertex 5.79259 -55 15.6765
      vertex 4.95722 -55 15.3474
      vertex 5.84515 -55 15.5216
    endloop
  endfacet
  facet normal 0 -1 -0
    outer loop
      vertex 5.84515 -55 15.5216
      vertex 4.95722 -55 15.3474
      vertex 5.91747 -55 15.375
    endloop
  endfacet
  facet normal 0 -1 0
    outer loop
      vertex 4.95722 -55 15.3474
      vertex 6.00831 -55 15.239
      vertex 5.91747 -55 15.375
    endloop
  endfacet
  facet normal 0 -1 0
    outer loop
      vertex 4.82963 -55 14.7059
      vertex 6.00831 -55 15.239
      vertex 4.95722 -55 15.3474
    endloop
  endfacet
  facet normal 0 -1 -0
    outer loop
      vertex 6.00831 -55 15.239
      vertex 4.82963 -55 14.7059
      vertex 6.11612 -55 15.1161
    endloop
  endfacet
  facet normal 0 -1 -0
    outer loop
      vertex 6.11612 -55 15.1161
      vertex 4.82963 -55 14.7059
      vertex 6.23905 -55 15.0083
    endloop
  endfacet
  facet normal 0 -1 -0
    outer loop
      vertex 6.23905 -55 15.0083
      vertex 4.82963 -55 14.7059
      vertex 6.375 -55 14.9175
    endloop
  endfacet
  facet normal 0 -1 0
    outer loop
      vertex 4.6194 -55 14.0866
      vertex 6.375 -55 14.9175
      vertex 4.82963 -55 14.7059
    endloop
  endfacet
  facet normal 0 -1 -0
    outer loop
      vertex 6.67648 -55 14.7926
      vertex 4.33013 -55 13.5
      vertex 6.83684 -55 14.7607
    endloop
  endfacet
  facet normal 0 -1 0
    outer loop
      vertex 4.33013 -55 13.5
      vertex 6.67648 -55 14.7926
      vertex 4.6194 -55 14.0866
    endloop
  endfacet
  facet normal 0 -1 -0
    outer loop
      vertex 6.52165 -55 14.8452
      vertex 4.6194 -55 14.0866
      vertex 6.67648 -55 14.7926
    endloop
  endfacet
  facet normal 0 -1 -0
    outer loop
      vertex 6.375 -55 14.9175
      vertex 4.6194 -55 14.0866
      vertex 6.52165 -55 14.8452
    endloop
  endfacet
  facet normal 0 -1 -0
    outer loop
      vertex 0 -55 32
      vertex -0.163157 -55 28.2393
      vertex 0 -55 28.25
    endloop
  endfacet
  facet normal 0 -1 0
    outer loop
      vertex -2.08841 -55 31.8631
      vertex -0.323524 -55 28.2074
      vertex -0.163157 -55 28.2393
    endloop
  endfacet
  facet normal 0 -1 0
    outer loop
      vertex -2.08841 -55 31.8631
      vertex -0.478354 -55 28.1549
      vertex -0.323524 -55 28.2074
    endloop
  endfacet
  facet normal 0 -1 0
    outer loop
      vertex -2.08841 -55 31.8631
      vertex -0.625 -55 28.0825
      vertex -0.478354 -55 28.1549
    endloop
  endfacet
  facet normal 0 -1 0
    outer loop
      vertex -2.08841 -55 31.8631
      vertex -0.760951 -55 27.9917
      vertex -0.625 -55 28.0825
    endloop
  endfacet
  facet normal 0 -1 0
    outer loop
      vertex -2.08841 -55 31.8631
      vertex -0.883883 -55 27.8839
      vertex -0.760951 -55 27.9917
    endloop
  endfacet
  facet normal 0 -1 0
    outer loop
      vertex -2.08841 -55 31.8631
      vertex -0.991692 -55 27.761
      vertex -0.883883 -55 27.8839
    endloop
  endfacet
  facet normal 0 -1 0
    outer loop
      vertex -2.08841 -55 31.8631
      vertex -1.08253 -55 27.625
      vertex -0.991692 -55 27.761
    endloop
  endfacet
  facet normal 0 -1 0
    outer loop
      vertex -2.08841 -55 31.8631
      vertex -1.15485 -55 27.4784
      vertex -1.08253 -55 27.625
    endloop
  endfacet
  facet normal 0 -1 0
    outer loop
      vertex -2.08841 -55 31.8631
      vertex -1.20741 -55 27.3235
      vertex -1.15485 -55 27.4784
    endloop
  endfacet
  facet normal 0 -1 0
    outer loop
      vertex -2.08841 -55 31.8631
      vertex -1.23931 -55 27.1632
      vertex -1.20741 -55 27.3235
    endloop
  endfacet
  facet normal 0 -1 0
    outer loop
      vertex -18 -55 30.4007
      vertex -1.25 -55 27
      vertex -1.23931 -55 27.1632
    endloop
  endfacet
  facet normal 0 -1 0
    outer loop
      vertex -11 -55 17.25
      vertex -1.25 -55 27
      vertex -18 -55 30.4007
    endloop
  endfacet
  facet normal -0 -1 0
    outer loop
      vertex -3.53553 -55 19.5355
      vertex -1.25 -55 27
      vertex -11 -55 17.25
    endloop
  endfacet
  facet normal -0 -1 0
    outer loop
      vertex -3.04381 -55 19.9668
      vertex -1.25 -55 23
      vertex -3.53553 -55 19.5355
    endloop
  endfacet
  facet normal -0 -1 0
    outer loop
      vertex -2.5 -55 20.3301
      vertex -1.25 -55 23
      vertex -3.04381 -55 19.9668
    endloop
  endfacet
  facet normal 0 -1 -0
    outer loop
      vertex -1.23931 -55 22.8368
      vertex -2.5 -55 20.3301
      vertex -1.20741 -55 22.6765
    endloop
  endfacet
  facet normal -0 -1 0
    outer loop
      vertex -1.91342 -55 20.6194
      vertex -1.20741 -55 22.6765
      vertex -2.5 -55 20.3301
    endloop
  endfacet
  facet normal 0 -1 -0
    outer loop
      vertex -1.20741 -55 22.6765
      vertex -1.91342 -55 20.6194
      vertex -1.15485 -55 22.5216
    endloop
  endfacet
  facet normal 0 -1 -0
    outer loop
      vertex -1.15485 -55 22.5216
      vertex -1.91342 -55 20.6194
      vertex -1.08253 -55 22.375
    endloop
  endfacet
  facet normal 0 -1 -0
    outer loop
      vertex -1.08253 -55 22.375
      vertex -1.91342 -55 20.6194
      vertex -0.991692 -55 22.239
    endloop
  endfacet
  facet normal 0 -1 -0
    outer loop
      vertex -0.991692 -55 22.239
      vertex -1.2941 -55 20.8296
      vertex -0.883883 -55 22.1161
    endloop
  endfacet
  facet normal 0 -1 0
    outer loop
      vertex -0.163157 -55 21.7607
      vertex 0 -55 21
      vertex 0 -55 21.75
    endloop
  endfacet
  facet normal 0 -1 0
    outer loop
      vertex -0.323524 -55 21.7926
      vertex 0 -55 21
      vertex -0.163157 -55 21.7607
    endloop
  endfacet
  facet normal 0 -1 0
    outer loop
      vertex -0.652631 -55 20.9572
      vertex -0.323524 -55 21.7926
      vertex -0.478354 -55 21.8451
    endloop
  endfacet
  facet normal 0 -1 -0
    outer loop
      vertex -0.883883 -55 22.1161
      vertex -1.2941 -55 20.8296
      vertex -0.760951 -55 22.0083
    endloop
  endfacet
  facet normal 0 -1 -0
    outer loop
      vertex -0.323524 -55 21.7926
      vertex -0.652631 -55 20.9572
      vertex 0 -55 21
    endloop
  endfacet
  facet normal 0 -1 -0
    outer loop
      vertex -0.625 -55 21.9175
      vertex -0.652631 -55 20.9572
      vertex -0.478354 -55 21.8451
    endloop
  endfacet
  facet normal 0 -1 0
    outer loop
      vertex -0.760951 -55 22.0083
      vertex -0.652631 -55 20.9572
      vertex -0.625 -55 21.9175
    endloop
  endfacet
  facet normal -0 -1 0
    outer loop
      vertex -0.652631 -55 20.9572
      vertex -0.760951 -55 22.0083
      vertex -1.2941 -55 20.8296
    endloop
  endfacet
  facet normal -0 -1 0
    outer loop
      vertex -1.2941 -55 20.8296
      vertex -0.991692 -55 22.239
      vertex -1.91342 -55 20.6194
    endloop
  endfacet
  facet normal 0 -1 -0
    outer loop
      vertex -1.25 -55 23
      vertex -2.5 -55 20.3301
      vertex -1.23931 -55 22.8368
    endloop
  endfacet
  facet normal 0 -1 -0
    outer loop
      vertex -1.25 -55 27
      vertex -3.53553 -55 19.5355
      vertex -1.25 -55 23
    endloop
  endfacet
  facet normal 0 -1 0
    outer loop
      vertex -7 -55 17.25
      vertex -3.53553 -55 19.5355
      vertex -11 -55 17.25
    endloop
  endfacet
  facet normal 0 -1 0
    outer loop
      vertex -3.53553 -55 19.5355
      vertex -7 -55 17.25
      vertex -3.96677 -55 19.0438
    endloop
  endfacet
  facet normal 0 -1 0
    outer loop
      vertex -6.83684 -55 17.2393
      vertex -4.33013 -55 18.5
      vertex -7 -55 17.25
    endloop
  endfacet
  facet normal 0 -1 0
    outer loop
      vertex -3.96677 -55 19.0438
      vertex -7 -55 17.25
      vertex -4.33013 -55 18.5
    endloop
  endfacet
  facet normal 0 -1 0
    outer loop
      vertex -18 -55 30.4007
      vertex -11.1632 -55 17.2393
      vertex -11 -55 17.25
    endloop
  endfacet
  facet normal 0 -1 0
    outer loop
      vertex -18 -55 30.4007
      vertex -11.3235 -55 17.2074
      vertex -11.1632 -55 17.2393
    endloop
  endfacet
  facet normal 0 -1 0
    outer loop
      vertex -18 -55 30.4007
      vertex -11.4784 -55 17.1549
      vertex -11.3235 -55 17.2074
    endloop
  endfacet
  facet normal 0 -1 0
    outer loop
      vertex -18 -55 30.4007
      vertex -11.625 -55 17.0825
      vertex -11.4784 -55 17.1549
    endloop
  endfacet
  facet normal 0 -1 0
    outer loop
      vertex -18 -55 30.4007
      vertex -11.761 -55 16.9917
      vertex -11.625 -55 17.0825
    endloop
  endfacet
  facet normal 0 -1 0
    outer loop
      vertex -18 -55 30.4007
      vertex -11.8839 -55 16.8839
      vertex -11.761 -55 16.9917
    endloop
  endfacet
  facet normal 0 -1 0
    outer loop
      vertex -18 -55 30.4007
      vertex -11.9917 -55 16.761
      vertex -11.8839 -55 16.8839
    endloop
  endfacet
  facet normal 0 -1 0
    outer loop
      vertex -18 -55 30.4007
      vertex -12.0825 -55 16.625
      vertex -11.9917 -55 16.761
    endloop
  endfacet
  facet normal 0 -1 0
    outer loop
      vertex -18 -55 30.4007
      vertex -12.1548 -55 16.4784
      vertex -12.0825 -55 16.625
    endloop
  endfacet
  facet normal 0 -1 0
    outer loop
      vertex -18 -55 30.4007
      vertex -12.2074 -55 16.3235
      vertex -12.1548 -55 16.4784
    endloop
  endfacet
  facet normal 0 -1 0
    outer loop
      vertex -18 -55 30.4007
      vertex -12.2393 -55 16.1632
      vertex -12.2074 -55 16.3235
    endloop
  endfacet
  facet normal 0 -1 0
    outer loop
      vertex -18 -55 30.4007
      vertex -12.25 -55 16
      vertex -12.2393 -55 16.1632
    endloop
  endfacet
  facet normal 0 -1 0
    outer loop
      vertex -18 -55 1.59932
      vertex -12.25 -55 16
      vertex -18 -55 30.4007
    endloop
  endfacet
  facet normal 0 -1 -0
    outer loop
      vertex -12.25 -55 16
      vertex -18 -55 1.59932
      vertex -12.2393 -55 15.8368
    endloop
  endfacet
  facet normal 0 -1 -0
    outer loop
      vertex -12.2393 -55 15.8368
      vertex -18 -55 1.59932
      vertex -12.2074 -55 15.6765
    endloop
  endfacet
  facet normal 0 -1 0
    outer loop
      vertex -3.53553 -55 12.4645
      vertex -7 -55 14.75
      vertex -11 -55 14.75
    endloop
  endfacet
  facet normal 0 -1 0
    outer loop
      vertex -7 -55 14.75
      vertex -4.6194 -55 14.0866
      vertex -4.82963 -55 14.7059
    endloop
  endfacet
  facet normal 0 -1 0
    outer loop
      vertex -18 -55 1.59932
      vertex -11 -55 14.75
      vertex -11.1632 -55 14.7607
    endloop
  endfacet
  facet normal 0 -1 0
    outer loop
      vertex -7 -55 14.75
      vertex -4.33013 -55 13.5
      vertex -4.6194 -55 14.0866
    endloop
  endfacet
  facet normal 0 -1 0
    outer loop
      vertex -7 -55 14.75
      vertex -3.96677 -55 12.9562
      vertex -4.33013 -55 13.5
    endloop
  endfacet
  facet normal 0 -1 0
    outer loop
      vertex -18 -55 1.59932
      vertex -11.1632 -55 14.7607
      vertex -11.3235 -55 14.7926
    endloop
  endfacet
  facet normal 0 -1 0
    outer loop
      vertex -7 -55 14.75
      vertex -3.53553 -55 12.4645
      vertex -3.96677 -55 12.9562
    endloop
  endfacet
  facet normal 0 -1 0
    outer loop
      vertex -11 -55 14.75
      vertex -1.25 -55 5
      vertex -3.53553 -55 12.4645
    endloop
  endfacet
  facet normal -0 -1 -0
    outer loop
      vertex -1.25 -55 9
      vertex -3.53553 -55 12.4645
      vertex -1.25 -55 5
    endloop
  endfacet
  facet normal 0 -1 0
    outer loop
      vertex -18 -55 1.59932
      vertex -11.3235 -55 14.7926
      vertex -11.4784 -55 14.8452
    endloop
  endfacet
  facet normal 0 -1 0
    outer loop
      vertex -3.53553 -55 12.4645
      vertex -1.25 -55 9
      vertex -3.04381 -55 12.0332
    endloop
  endfacet
  facet normal 0 -1 0
    outer loop
      vertex -0.323524 -55 10.2074
      vertex 0 -55 11
      vertex -0.652631 -55 11.0428
    endloop
  endfacet
  facet normal 0 -1 0
    outer loop
      vertex -0.760951 -55 9.99169
      vertex -0.652631 -55 11.0428
      vertex -1.2941 -55 11.1704
    endloop
  endfacet
  facet normal 0 -1 0
    outer loop
      vertex -0.991692 -55 9.76095
      vertex -1.2941 -55 11.1704
      vertex -1.91342 -55 11.3806
    endloop
  endfacet
  facet normal -0 -1 0
    outer loop
      vertex -1.23931 -55 9.16316
      vertex -2.5 -55 11.6699
      vertex -1.25 -55 9
    endloop
  endfacet
  facet normal 0 -1 -0
    outer loop
      vertex 0 -55 11
      vertex -0.163157 -55 10.2393
      vertex 0 -55 10.25
    endloop
  endfacet
  facet normal 0 -1 0
    outer loop
      vertex 0 -55 11
      vertex -0.323524 -55 10.2074
      vertex -0.163157 -55 10.2393
    endloop
  endfacet
  facet normal 0 -1 0
    outer loop
      vertex -0.652631 -55 11.0428
      vertex -0.478354 -55 10.1549
      vertex -0.323524 -55 10.2074
    endloop
  endfacet
  facet normal 0 -1 0
    outer loop
      vertex -0.652631 -55 11.0428
      vertex -0.625 -55 10.0825
      vertex -0.478354 -55 10.1549
    endloop
  endfacet
  facet normal 0 -1 -0
    outer loop
      vertex -0.652631 -55 11.0428
      vertex -0.760951 -55 9.99169
      vertex -0.625 -55 10.0825
    endloop
  endfacet
  facet normal 0 -1 0
    outer loop
      vertex -1.2941 -55 11.1704
      vertex -0.883883 -55 9.88388
      vertex -0.760951 -55 9.99169
    endloop
  endfacet
  facet normal 0 -1 0
    outer loop
      vertex -1.2941 -55 11.1704
      vertex -0.991692 -55 9.76095
      vertex -0.883883 -55 9.88388
    endloop
  endfacet
  facet normal 0 -1 0
    outer loop
      vertex -1.91342 -55 11.3806
      vertex -1.08253 -55 9.625
      vertex -0.991692 -55 9.76095
    endloop
  endfacet
  facet normal 0 -1 0
    outer loop
      vertex -18 -55 1.59932
      vertex -11.4784 -55 14.8452
      vertex -11.625 -55 14.9175
    endloop
  endfacet
  facet normal 0 -1 0
    outer loop
      vertex -1.91342 -55 11.3806
      vertex -1.15485 -55 9.47835
      vertex -1.08253 -55 9.625
    endloop
  endfacet
  facet normal 0 -1 0
    outer loop
      vertex -1.91342 -55 11.3806
      vertex -1.20741 -55 9.32352
      vertex -1.15485 -55 9.47835
    endloop
  endfacet
  facet normal 0 -1 0
    outer loop
      vertex -2.5 -55 11.6699
      vertex -1.20741 -55 9.32352
      vertex -1.91342 -55 11.3806
    endloop
  endfacet
  facet normal -0 -1 0
    outer loop
      vertex -1.20741 -55 9.32352
      vertex -2.5 -55 11.6699
      vertex -1.23931 -55 9.16316
    endloop
  endfacet
  facet normal 0 -1 0
    outer loop
      vertex -3.04381 -55 12.0332
      vertex -1.25 -55 9
      vertex -2.5 -55 11.6699
    endloop
  endfacet
  facet normal 0 -1 0
    outer loop
      vertex -18 -55 1.59932
      vertex -11.625 -55 14.9175
      vertex -11.761 -55 15.0083
    endloop
  endfacet
  facet normal 0 -1 0
    outer loop
      vertex -18 -55 1.59932
      vertex -11.761 -55 15.0083
      vertex -11.8839 -55 15.1161
    endloop
  endfacet
  facet normal 0 -1 -0
    outer loop
      vertex -11 -55 14.75
      vertex -18 -55 1.59932
      vertex -1.25 -55 5
    endloop
  endfacet
  facet normal 0 -1 -0
    outer loop
      vertex -1.25 -55 5
      vertex -18 -55 1.59932
      vertex -1.23931 -55 4.83684
    endloop
  endfacet
  facet normal 0 -1 0
    outer loop
      vertex -2.08841 -55 0.136887
      vertex -1.23931 -55 4.83684
      vertex -18 -55 1.59932
    endloop
  endfacet
  facet normal 0 -1 -0
    outer loop
      vertex -1.23931 -55 4.83684
      vertex -2.08841 -55 0.136887
      vertex -1.20741 -55 4.67648
    endloop
  endfacet
  facet normal 0 -1 -0
    outer loop
      vertex -1.20741 -55 4.67648
      vertex -2.08841 -55 0.136887
      vertex -1.15485 -55 4.52165
    endloop
  endfacet
  facet normal 0 -1 -0
    outer loop
      vertex -1.15485 -55 4.52165
      vertex -2.08841 -55 0.136887
      vertex -1.08253 -55 4.375
    endloop
  endfacet
  facet normal 0 -1 0
    outer loop
      vertex 0 -55 0
      vertex -0.323524 -55 3.79259
      vertex -2.08841 -55 0.136887
    endloop
  endfacet
  facet normal 0 -1 -0
    outer loop
      vertex -0.478354 -55 3.84515
      vertex -2.08841 -55 0.136887
      vertex -0.323524 -55 3.79259
    endloop
  endfacet
  facet normal 0 -1 -0
    outer loop
      vertex -0.625 -55 3.91747
      vertex -2.08841 -55 0.136887
      vertex -0.478354 -55 3.84515
    endloop
  endfacet
  facet normal 0 -1 -0
    outer loop
      vertex -0.760951 -55 4.00831
      vertex -2.08841 -55 0.136887
      vertex -0.625 -55 3.91747
    endloop
  endfacet
  facet normal 0 -1 -0
    outer loop
      vertex -0.883883 -55 4.11612
      vertex -2.08841 -55 0.136887
      vertex -0.760951 -55 4.00831
    endloop
  endfacet
  facet normal 0 -1 -0
    outer loop
      vertex -0.991692 -55 4.23905
      vertex -2.08841 -55 0.136887
      vertex -0.883883 -55 4.11612
    endloop
  endfacet
  facet normal 0 -1 -0
    outer loop
      vertex -1.08253 -55 4.375
      vertex -2.08841 -55 0.136887
      vertex -0.991692 -55 4.23905
    endloop
  endfacet
  facet normal 0 -1 -0
    outer loop
      vertex -11.9917 -55 15.239
      vertex -18 -55 1.59932
      vertex -11.8839 -55 15.1161
    endloop
  endfacet
  facet normal 0 -1 -0
    outer loop
      vertex -12.0825 -55 15.375
      vertex -18 -55 1.59932
      vertex -11.9917 -55 15.239
    endloop
  endfacet
  facet normal 0 -1 -0
    outer loop
      vertex -12.1548 -55 15.5216
      vertex -18 -55 1.59932
      vertex -12.0825 -55 15.375
    endloop
  endfacet
  facet normal 0 -1 -0
    outer loop
      vertex -12.2074 -55 15.6765
      vertex -18 -55 1.59932
      vertex -12.1548 -55 15.5216
    endloop
  endfacet
  facet normal 0 -1 0
    outer loop
      vertex -0.163157 -55 28.2393
      vertex 0 -55 32
      vertex -2.08841 -55 31.8631
    endloop
  endfacet
  facet normal 0 -1 0
    outer loop
      vertex -1.23931 -55 27.1632
      vertex -2.08841 -55 31.8631
      vertex -18 -55 30.4007
    endloop
  endfacet
  facet normal 0 -1 0
    outer loop
      vertex 0 -55 32
      vertex 0 -55 28.25
      vertex 0.163157 -55 28.2393
    endloop
  endfacet
  facet normal 0 -1 0
    outer loop
      vertex 0 -55 32
      vertex 0.163157 -55 28.2393
      vertex 0.323524 -55 28.2074
    endloop
  endfacet
  facet normal 0 -1 0
    outer loop
      vertex 0 -55 32
      vertex 0.323524 -55 28.2074
      vertex 0.478354 -55 28.1549
    endloop
  endfacet
  facet normal 0 -1 0
    outer loop
      vertex 0 -55 32
      vertex 0.478354 -55 28.1549
      vertex 0.625 -55 28.0825
    endloop
  endfacet
  facet normal 0 -1 0
    outer loop
      vertex 0 -55 32
      vertex 0.625 -55 28.0825
      vertex 0.760951 -55 27.9917
    endloop
  endfacet
  facet normal 0 -1 0
    outer loop
      vertex 0.883883 -55 27.8839
      vertex 0 -55 32
      vertex 0.760951 -55 27.9917
    endloop
  endfacet
  facet normal 0 -1 0
    outer loop
      vertex 0.991692 -55 27.761
      vertex 0 -55 32
      vertex 0.883883 -55 27.8839
    endloop
  endfacet
  facet normal 0 -1 0
    outer loop
      vertex 1.08253 -55 27.625
      vertex 0 -55 32
      vertex 0.991692 -55 27.761
    endloop
  endfacet
  facet normal 0 -1 0
    outer loop
      vertex 0 -55 32
      vertex 1.08253 -55 27.625
      vertex 18 -55 31.1562
    endloop
  endfacet
  facet normal 0 -1 0
    outer loop
      vertex 1.15485 -55 27.4784
      vertex 18 -55 31.1562
      vertex 1.08253 -55 27.625
    endloop
  endfacet
  facet normal 0 -1 0
    outer loop
      vertex 1.20741 -55 27.3235
      vertex 18 -55 31.1562
      vertex 1.15485 -55 27.4784
    endloop
  endfacet
  facet normal 0 -1 0
    outer loop
      vertex 1.23931 -55 27.1632
      vertex 18 -55 31.1562
      vertex 1.20741 -55 27.3235
    endloop
  endfacet
  facet normal 0 -1 0
    outer loop
      vertex 1.25 -55 27
      vertex 18 -55 31.1562
      vertex 1.23931 -55 27.1632
    endloop
  endfacet
  facet normal 0 -1 0
    outer loop
      vertex 3.53553 -55 19.5355
      vertex 1.25 -55 27
      vertex 1.25 -55 23
    endloop
  endfacet
  facet normal 0 -1 0
    outer loop
      vertex 2.5 -55 20.3301
      vertex 1.25 -55 23
      vertex 1.23931 -55 22.8368
    endloop
  endfacet
  facet normal 0 -1 0
    outer loop
      vertex 2.5 -55 20.3301
      vertex 1.23931 -55 22.8368
      vertex 1.20741 -55 22.6765
    endloop
  endfacet
  facet normal 0 -1 0
    outer loop
      vertex 1.91342 -55 20.6194
      vertex 1.20741 -55 22.6765
      vertex 1.15485 -55 22.5216
    endloop
  endfacet
  facet normal 0 -1 0
    outer loop
      vertex 1.91342 -55 20.6194
      vertex 1.15485 -55 22.5216
      vertex 1.08253 -55 22.375
    endloop
  endfacet
  facet normal 0 -1 0
    outer loop
      vertex 1.91342 -55 20.6194
      vertex 1.08253 -55 22.375
      vertex 0.991692 -55 22.239
    endloop
  endfacet
  facet normal 0 -1 0
    outer loop
      vertex 1.2941 -55 20.8296
      vertex 0.991692 -55 22.239
      vertex 0.883883 -55 22.1161
    endloop
  endfacet
  facet normal 0 -1 0
    outer loop
      vertex 1.2941 -55 20.8296
      vertex 0.883883 -55 22.1161
      vertex 0.760951 -55 22.0083
    endloop
  endfacet
  facet normal 0 -1 0
    outer loop
      vertex 0.652631 -55 20.9572
      vertex 0.760951 -55 22.0083
      vertex 0.625 -55 21.9175
    endloop
  endfacet
  facet normal 0 -1 0
    outer loop
      vertex 0 -55 21
      vertex 0.163157 -55 21.7607
      vertex 0 -55 21.75
    endloop
  endfacet
  facet normal 0 -1 0
    outer loop
      vertex 0 -55 21
      vertex 0.323524 -55 21.7926
      vertex 0.163157 -55 21.7607
    endloop
  endfacet
  facet normal 0 -1 0
    outer loop
      vertex 0.652631 -55 20.9572
      vertex 0.323524 -55 21.7926
      vertex 0 -55 21
    endloop
  endfacet
  facet normal 0 -1 0
    outer loop
      vertex 0.323524 -55 21.7926
      vertex 0.652631 -55 20.9572
      vertex 0.478354 -55 21.8451
    endloop
  endfacet
  facet normal 0 -1 0
    outer loop
      vertex 0.478354 -55 21.8451
      vertex 0.652631 -55 20.9572
      vertex 0.625 -55 21.9175
    endloop
  endfacet
  facet normal 0 -1 -0
    outer loop
      vertex 0.760951 -55 22.0083
      vertex 0.652631 -55 20.9572
      vertex 1.2941 -55 20.8296
    endloop
  endfacet
  facet normal 0 -1 0
    outer loop
      vertex 0.991692 -55 22.239
      vertex 1.2941 -55 20.8296
      vertex 1.91342 -55 20.6194
    endloop
  endfacet
  facet normal 0 -1 0
    outer loop
      vertex 1.20741 -55 22.6765
      vertex 1.91342 -55 20.6194
      vertex 2.5 -55 20.3301
    endloop
  endfacet
  facet normal 0 -1 0
    outer loop
      vertex 1.25 -55 23
      vertex 2.5 -55 20.3301
      vertex 3.04381 -55 19.9668
    endloop
  endfacet
  facet normal 0 -1 0
    outer loop
      vertex 1.25 -55 23
      vertex 3.04381 -55 19.9668
      vertex 3.53553 -55 19.5355
    endloop
  endfacet
  facet normal 0 -1 0
    outer loop
      vertex 1.25 -55 27
      vertex 3.53553 -55 19.5355
      vertex 11 -55 17.25
    endloop
  endfacet
  facet normal 0 -1 0
    outer loop
      vertex 7 -55 17.25
      vertex 3.53553 -55 19.5355
      vertex 3.96677 -55 19.0438
    endloop
  endfacet
  facet normal 0 -1 0
    outer loop
      vertex 7 -55 17.25
      vertex 3.96677 -55 19.0438
      vertex 4.33013 -55 18.5
    endloop
  endfacet
  facet normal 0 -1 0
    outer loop
      vertex 6.83684 -55 17.2393
      vertex 4.33013 -55 18.5
      vertex 4.6194 -55 17.9134
    endloop
  endfacet
  facet normal 0 -1 0
    outer loop
      vertex 6.375 -55 17.0825
      vertex 4.6194 -55 17.9134
      vertex 4.82963 -55 17.2941
    endloop
  endfacet
  facet normal 0 -1 0
    outer loop
      vertex 3.53553 -55 19.5355
      vertex 7 -55 17.25
      vertex 11 -55 17.25
    endloop
  endfacet
  facet normal 0 -1 0
    outer loop
      vertex 1.25 -55 27
      vertex 11 -55 17.25
      vertex 18 -55 31.1562
    endloop
  endfacet
  facet normal 0 -1 0
    outer loop
      vertex 11.1632 -55 17.2393
      vertex 18 -55 31.1562
      vertex 11 -55 17.25
    endloop
  endfacet
  facet normal 0 -1 0
    outer loop
      vertex 11.3235 -55 17.2074
      vertex 18 -55 31.1562
      vertex 11.1632 -55 17.2393
    endloop
  endfacet
  facet normal 0 -1 0
    outer loop
      vertex 11.4784 -55 17.1549
      vertex 18 -55 31.1562
      vertex 11.3235 -55 17.2074
    endloop
  endfacet
  facet normal 0 -1 0
    outer loop
      vertex 11.625 -55 17.0825
      vertex 18 -55 31.1562
      vertex 11.4784 -55 17.1549
    endloop
  endfacet
  facet normal 0 -1 0
    outer loop
      vertex 11.761 -55 16.9917
      vertex 18 -55 31.1562
      vertex 11.625 -55 17.0825
    endloop
  endfacet
  facet normal 0 -1 0
    outer loop
      vertex 11.8839 -55 16.8839
      vertex 18 -55 31.1562
      vertex 11.761 -55 16.9917
    endloop
  endfacet
  facet normal 0 -1 0
    outer loop
      vertex 11.9917 -55 16.761
      vertex 18 -55 31.1562
      vertex 11.8839 -55 16.8839
    endloop
  endfacet
  facet normal 0 -1 0
    outer loop
      vertex 12.0825 -55 16.625
      vertex 18 -55 31.1562
      vertex 11.9917 -55 16.761
    endloop
  endfacet
  facet normal 0 -1 0
    outer loop
      vertex 12.1548 -55 16.4784
      vertex 18 -55 31.1562
      vertex 12.0825 -55 16.625
    endloop
  endfacet
  facet normal 0 -1 0
    outer loop
      vertex 12.2074 -55 16.3235
      vertex 18 -55 31.1562
      vertex 12.1548 -55 16.4784
    endloop
  endfacet
  facet normal 0 -1 0
    outer loop
      vertex 12.2393 -55 16.1632
      vertex 18 -55 31.1562
      vertex 12.2074 -55 16.3235
    endloop
  endfacet
  facet normal 0 -1 0
    outer loop
      vertex 12.25 -55 16
      vertex 18 -55 31.1562
      vertex 12.2393 -55 16.1632
    endloop
  endfacet
  facet normal 0 -1 0
    outer loop
      vertex 18 -55 0.84375
      vertex 12.25 -55 16
      vertex 12.2393 -55 15.8368
    endloop
  endfacet
  facet normal 0 -1 0
    outer loop
      vertex 18 -55 0.84375
      vertex 12.2393 -55 15.8368
      vertex 12.2074 -55 15.6765
    endloop
  endfacet
  facet normal 0 -1 0
    outer loop
      vertex 18 -55 0.84375
      vertex 12.2074 -55 15.6765
      vertex 12.1548 -55 15.5216
    endloop
  endfacet
  facet normal 0 -1 -0
    outer loop
      vertex 6.83684 -55 14.7607
      vertex 4.33013 -55 13.5
      vertex 7 -55 14.75
    endloop
  endfacet
  facet normal 0 -1 0
    outer loop
      vertex 3.96677 -55 12.9562
      vertex 7 -55 14.75
      vertex 4.33013 -55 13.5
    endloop
  endfacet
  facet normal 0 -1 0
    outer loop
      vertex 3.53553 -55 12.4645
      vertex 7 -55 14.75
      vertex 3.96677 -55 12.9562
    endloop
  endfacet
  facet normal 0 -1 -0
    outer loop
      vertex 7 -55 14.75
      vertex 3.53553 -55 12.4645
      vertex 11 -55 14.75
    endloop
  endfacet
  facet normal 0 -1 0
    outer loop
      vertex 10 -55 0.46875
      vertex 11 -55 14.75
      vertex 3.53553 -55 12.4645
    endloop
  endfacet
  facet normal 0 -1 -0
    outer loop
      vertex 11 -55 14.75
      vertex 10 -55 0.46875
      vertex 11.1632 -55 14.7607
    endloop
  endfacet
  facet normal 0 -1 0
    outer loop
      vertex 1.25 -55 9
      vertex 3.53553 -55 12.4645
      vertex 3.04381 -55 12.0332
    endloop
  endfacet
  facet normal 0 -1 0
    outer loop
      vertex 1.25 -55 9
      vertex 3.04381 -55 12.0332
      vertex 2.5 -55 11.6699
    endloop
  endfacet
  facet normal 0 -1 -0
    outer loop
      vertex 11.1632 -55 14.7607
      vertex 10 -55 0.46875
      vertex 11.3235 -55 14.7926
    endloop
  endfacet
  facet normal 0 -1 0
    outer loop
      vertex 1.20741 -55 9.32352
      vertex 2.5 -55 11.6699
      vertex 1.91342 -55 11.3806
    endloop
  endfacet
  facet normal 0 -1 0
    outer loop
      vertex 0.163157 -55 10.2393
      vertex 0 -55 11
      vertex 0 -55 10.25
    endloop
  endfacet
  facet normal 0 -1 0
    outer loop
      vertex 0.323524 -55 10.2074
      vertex 0 -55 11
      vertex 0.163157 -55 10.2393
    endloop
  endfacet
  facet normal 0 -1 0
    outer loop
      vertex 0 -55 11
      vertex 0.323524 -55 10.2074
      vertex 0.652631 -55 11.0428
    endloop
  endfacet
  facet normal 0 -1 0
    outer loop
      vertex 0.478354 -55 10.1549
      vertex 0.652631 -55 11.0428
      vertex 0.323524 -55 10.2074
    endloop
  endfacet
  facet normal 0 -1 0
    outer loop
      vertex 0.625 -55 10.0825
      vertex 0.652631 -55 11.0428
      vertex 0.478354 -55 10.1549
    endloop
  endfacet
  facet normal 0 -1 0
    outer loop
      vertex 0.760951 -55 9.99169
      vertex 0.652631 -55 11.0428
      vertex 0.625 -55 10.0825
    endloop
  endfacet
  facet normal 0 -1 0
    outer loop
      vertex 0.652631 -55 11.0428
      vertex 0.760951 -55 9.99169
      vertex 1.2941 -55 11.1704
    endloop
  endfacet
  facet normal 0 -1 0
    outer loop
      vertex 0.883883 -55 9.88388
      vertex 1.2941 -55 11.1704
      vertex 0.760951 -55 9.99169
    endloop
  endfacet
  facet normal 0 -1 0
    outer loop
      vertex 0.991692 -55 9.76095
      vertex 1.2941 -55 11.1704
      vertex 0.883883 -55 9.88388
    endloop
  endfacet
  facet normal 0 -1 -0
    outer loop
      vertex 1.2941 -55 11.1704
      vertex 0.991692 -55 9.76095
      vertex 1.91342 -55 11.3806
    endloop
  endfacet
  facet normal 0 -1 0
    outer loop
      vertex 1.08253 -55 9.625
      vertex 1.91342 -55 11.3806
      vertex 0.991692 -55 9.76095
    endloop
  endfacet
  facet normal 0 -1 0
    outer loop
      vertex 1.15485 -55 9.47835
      vertex 1.91342 -55 11.3806
      vertex 1.08253 -55 9.625
    endloop
  endfacet
  facet normal 0 -1 0
    outer loop
      vertex 1.20741 -55 9.32352
      vertex 1.91342 -55 11.3806
      vertex 1.15485 -55 9.47835
    endloop
  endfacet
  facet normal 0 -1 0
    outer loop
      vertex 2.5 -55 11.6699
      vertex 1.20741 -55 9.32352
      vertex 1.23931 -55 9.16316
    endloop
  endfacet
  facet normal 0 -1 0
    outer loop
      vertex 2.5 -55 11.6699
      vertex 1.23931 -55 9.16316
      vertex 1.25 -55 9
    endloop
  endfacet
  facet normal 0 -1 -0
    outer loop
      vertex 3.53553 -55 12.4645
      vertex 1.25 -55 9
      vertex 10 -55 0.46875
    endloop
  endfacet
  facet normal -0 -1 0
    outer loop
      vertex 16 -55 0.75
      vertex 11.3235 -55 14.7926
      vertex 10 -55 0.46875
    endloop
  endfacet
  facet normal 0 -1 0
    outer loop
      vertex 10 -55 0.46875
      vertex 1.25 -55 9
      vertex 1.25 -55 5
    endloop
  endfacet
  facet normal 0 -1 0
    outer loop
      vertex 11.3235 -55 14.7926
      vertex 16 -55 0.75
      vertex 11.4784 -55 14.8452
    endloop
  endfacet
  facet normal 0 -1 0
    outer loop
      vertex 11.4784 -55 14.8452
      vertex 16 -55 0.75
      vertex 11.625 -55 14.9175
    endloop
  endfacet
  facet normal 0 -1 0
    outer loop
      vertex 10 -55 0.46875
      vertex 1.25 -55 5
      vertex 1.23931 -55 4.83684
    endloop
  endfacet
  facet normal 0 -1 0
    outer loop
      vertex 10 -55 0.46875
      vertex 1.23931 -55 4.83684
      vertex 1.20741 -55 4.67648
    endloop
  endfacet
  facet normal 0 -1 0
    outer loop
      vertex 10 -55 0.46875
      vertex 1.20741 -55 4.67648
      vertex 1.15485 -55 4.52165
    endloop
  endfacet
  facet normal 0 -1 0
    outer loop
      vertex 10 -55 0.46875
      vertex 1.15485 -55 4.52165
      vertex 1.08253 -55 4.375
    endloop
  endfacet
  facet normal 0 -1 0
    outer loop
      vertex 10 -55 0.46875
      vertex 1.08253 -55 4.375
      vertex 0.991692 -55 4.23905
    endloop
  endfacet
  facet normal 0 -1 0
    outer loop
      vertex 0 -55 0
      vertex 0.991692 -55 4.23905
      vertex 0.883883 -55 4.11612
    endloop
  endfacet
  facet normal 0 -1 0
    outer loop
      vertex -0.323524 -55 3.79259
      vertex 0 -55 0
      vertex -0.163157 -55 3.76069
    endloop
  endfacet
  facet normal 0 -1 0
    outer loop
      vertex 12.25 -55 16
      vertex 18 -55 0.84375
      vertex 18 -55 31.1562
    endloop
  endfacet
  facet normal 0 -1 0
    outer loop
      vertex 12.0825 -55 15.375
      vertex 18 -55 0.84375
      vertex 12.1548 -55 15.5216
    endloop
  endfacet
  facet normal 0 -1 0
    outer loop
      vertex 11.9917 -55 15.239
      vertex 18 -55 0.84375
      vertex 12.0825 -55 15.375
    endloop
  endfacet
  facet normal 0 -1 0
    outer loop
      vertex 11.8839 -55 15.1161
      vertex 18 -55 0.84375
      vertex 11.9917 -55 15.239
    endloop
  endfacet
  facet normal 0 -1 0
    outer loop
      vertex 11.625 -55 14.9175
      vertex 16 -55 0.75
      vertex 11.761 -55 15.0083
    endloop
  endfacet
  facet normal 0 -1 0
    outer loop
      vertex 0 -55 0
      vertex 0.883883 -55 4.11612
      vertex 0.760951 -55 4.00831
    endloop
  endfacet
  facet normal 0 -1 0
    outer loop
      vertex 0 -55 0
      vertex 0.760951 -55 4.00831
      vertex 0.625 -55 3.91747
    endloop
  endfacet
  facet normal 0 -1 0
    outer loop
      vertex 0 -55 0
      vertex 0.625 -55 3.91747
      vertex 0.478354 -55 3.84515
    endloop
  endfacet
  facet normal 0 -1 0
    outer loop
      vertex 0 -55 0
      vertex 0.478354 -55 3.84515
      vertex 0.323524 -55 3.79259
    endloop
  endfacet
  facet normal 0 -1 0
    outer loop
      vertex 0 -55 0
      vertex 0.323524 -55 3.79259
      vertex 0.163157 -55 3.76069
    endloop
  endfacet
  facet normal 0 -1 0
    outer loop
      vertex -0.163157 -55 3.76069
      vertex 0 -55 0
      vertex 0 -55 3.75
    endloop
  endfacet
  facet normal 0 -1 0
    outer loop
      vertex 11.761 -55 15.0083
      vertex 18 -55 0.84375
      vertex 11.8839 -55 15.1161
    endloop
  endfacet
  facet normal -0 -1 0
    outer loop
      vertex 18 -55 0.84375
      vertex 11.761 -55 15.0083
      vertex 16 -55 0.75
    endloop
  endfacet
  facet normal 0 -1 0
    outer loop
      vertex 0 -55 3.75
      vertex 0 -55 0
      vertex 0.163157 -55 3.76069
    endloop
  endfacet
  facet normal 0 -1 -0
    outer loop
      vertex 0.991692 -55 4.23905
      vertex 0 -55 0
      vertex 10 -55 0.46875
    endloop
  endfacet
  facet normal 0 -1 0
    outer loop
      vertex -6.67648 -55 17.2074
      vertex -4.33013 -55 18.5
      vertex -6.83684 -55 17.2393
    endloop
  endfacet
  facet normal 0 -1 0
    outer loop
      vertex -4.33013 -55 18.5
      vertex -6.67648 -55 17.2074
      vertex -4.6194 -55 17.9134
    endloop
  endfacet
  facet normal 0 -1 0
    outer loop
      vertex -6.52165 -55 17.1549
      vertex -4.6194 -55 17.9134
      vertex -6.67648 -55 17.2074
    endloop
  endfacet
  facet normal 0 -1 0
    outer loop
      vertex -6.375 -55 17.0825
      vertex -4.6194 -55 17.9134
      vertex -6.52165 -55 17.1549
    endloop
  endfacet
  facet normal 0 -1 0
    outer loop
      vertex -4.6194 -55 17.9134
      vertex -6.375 -55 17.0825
      vertex -4.82963 -55 17.2941
    endloop
  endfacet
  facet normal 0 -1 0
    outer loop
      vertex -6.23905 -55 16.9917
      vertex -4.82963 -55 17.2941
      vertex -6.375 -55 17.0825
    endloop
  endfacet
  facet normal 0 -1 0
    outer loop
      vertex -6.11612 -55 16.8839
      vertex -4.82963 -55 17.2941
      vertex -6.23905 -55 16.9917
    endloop
  endfacet
  facet normal 0 -1 0
    outer loop
      vertex -6.00831 -55 16.761
      vertex -4.82963 -55 17.2941
      vertex -6.11612 -55 16.8839
    endloop
  endfacet
  facet normal 0 -1 0
    outer loop
      vertex -6.00831 -55 16.761
      vertex -4.95722 -55 16.6526
      vertex -4.82963 -55 17.2941
    endloop
  endfacet
  facet normal 0 -1 0
    outer loop
      vertex -5.91747 -55 16.625
      vertex -4.95722 -55 16.6526
      vertex -6.00831 -55 16.761
    endloop
  endfacet
  facet normal 0 -1 0
    outer loop
      vertex -5.84515 -55 16.4784
      vertex -4.95722 -55 16.6526
      vertex -5.91747 -55 16.625
    endloop
  endfacet
  facet normal 0 -1 0
    outer loop
      vertex -5.79259 -55 16.3235
      vertex -4.95722 -55 16.6526
      vertex -5.84515 -55 16.4784
    endloop
  endfacet
  facet normal 0 -1 0
    outer loop
      vertex -5 -55 16
      vertex -5.79259 -55 16.3235
      vertex -5.76069 -55 16.1632
    endloop
  endfacet
  facet normal 0 -1 0
    outer loop
      vertex -5 -55 16
      vertex -5.76069 -55 16.1632
      vertex -5.75 -55 16
    endloop
  endfacet
  facet normal 0 -1 0
    outer loop
      vertex -5.79259 -55 16.3235
      vertex -5 -55 16
      vertex -4.95722 -55 16.6526
    endloop
  endfacet
  facet normal 0 -1 0
    outer loop
      vertex -5.76069 -55 15.8368
      vertex -5 -55 16
      vertex -5.75 -55 16
    endloop
  endfacet
  facet normal 0 -1 0
    outer loop
      vertex -5.79259 -55 15.6765
      vertex -5 -55 16
      vertex -5.76069 -55 15.8368
    endloop
  endfacet
  facet normal 0 -1 0
    outer loop
      vertex -4.95722 -55 15.3474
      vertex -5.79259 -55 15.6765
      vertex -5.84515 -55 15.5216
    endloop
  endfacet
  facet normal 0 -1 0
    outer loop
      vertex -4.95722 -55 15.3474
      vertex -5.84515 -55 15.5216
      vertex -5.91747 -55 15.375
    endloop
  endfacet
  facet normal 0 -1 0
    outer loop
      vertex -5.79259 -55 15.6765
      vertex -4.95722 -55 15.3474
      vertex -5 -55 16
    endloop
  endfacet
  facet normal 0 -1 0
    outer loop
      vertex -6.00831 -55 15.239
      vertex -4.95722 -55 15.3474
      vertex -5.91747 -55 15.375
    endloop
  endfacet
  facet normal 0 -1 0
    outer loop
      vertex -4.82963 -55 14.7059
      vertex -6.00831 -55 15.239
      vertex -6.11612 -55 15.1161
    endloop
  endfacet
  facet normal 0 -1 0
    outer loop
      vertex -4.82963 -55 14.7059
      vertex -6.11612 -55 15.1161
      vertex -6.23905 -55 15.0083
    endloop
  endfacet
  facet normal 0 -1 0
    outer loop
      vertex -4.82963 -55 14.7059
      vertex -6.23905 -55 15.0083
      vertex -6.375 -55 14.9175
    endloop
  endfacet
  facet normal 0 -1 0
    outer loop
      vertex -4.82963 -55 14.7059
      vertex -6.375 -55 14.9175
      vertex -6.52165 -55 14.8452
    endloop
  endfacet
  facet normal 0 -1 0
    outer loop
      vertex -4.82963 -55 14.7059
      vertex -6.52165 -55 14.8452
      vertex -6.67648 -55 14.7926
    endloop
  endfacet
  facet normal 0 -1 0
    outer loop
      vertex -6.00831 -55 15.239
      vertex -4.82963 -55 14.7059
      vertex -4.95722 -55 15.3474
    endloop
  endfacet
  facet normal 0 -1 0
    outer loop
      vertex -6.83684 -55 14.7607
      vertex -4.82963 -55 14.7059
      vertex -6.67648 -55 14.7926
    endloop
  endfacet
  facet normal 0 -1 0
    outer loop
      vertex -4.82963 -55 14.7059
      vertex -6.83684 -55 14.7607
      vertex -7 -55 14.75
    endloop
  endfacet
  facet normal -0.0654119 0 0.997858
    outer loop
      vertex -2.08841 -50 31.8631
      vertex 0 -55 32
      vertex 0 -50 32
    endloop
  endfacet
  facet normal -0.0654119 0 0.997858
    outer loop
      vertex 0 -55 32
      vertex -2.08841 -50 31.8631
      vertex -2.08841 -55 31.8631
    endloop
  endfacet
  facet normal -0.0654057 0 -0.997859
    outer loop
      vertex -2.08841 -55 0.136887
      vertex 0 -50 0
      vertex 0 -55 0
    endloop
  endfacet
  facet normal -0.0654057 0 -0.997859
    outer loop
      vertex 0 -50 0
      vertex -2.08841 -55 0.136887
      vertex -2.08841 -50 0.136887
    endloop
  endfacet
  facet normal -0.997858 0 -0.0654128
    outer loop
      vertex 5 -55 16
      vertex 4.95722 -50 16.6526
      vertex 5 -50 16
    endloop
  endfacet
  facet normal -0.997858 -0 -0.0654128
    outer loop
      vertex 4.95722 -50 16.6526
      vertex 5 -55 16
      vertex 4.95722 -55 16.6526
    endloop
  endfacet
  facet normal 0.997858 0 -0.0654128
    outer loop
      vertex -4.95722 -55 16.6526
      vertex -5 -50 16
      vertex -4.95722 -50 16.6526
    endloop
  endfacet
  facet normal 0.997858 0 -0.0654128
    outer loop
      vertex -5 -50 16
      vertex -4.95722 -55 16.6526
      vertex -5 -55 16
    endloop
  endfacet
  facet normal -0.0654401 0 -0.997856
    outer loop
      vertex 0 -55 21
      vertex 0.652631 -50 20.9572
      vertex 0.652631 -55 20.9572
    endloop
  endfacet
  facet normal -0.0654401 0 -0.997856
    outer loop
      vertex 0.652631 -50 20.9572
      vertex 0 -55 21
      vertex 0 -50 21
    endloop
  endfacet
  facet normal -0.751817 0 -0.659372
    outer loop
      vertex 3.96677 -55 19.0438
      vertex 3.53553 -50 19.5355
      vertex 3.96677 -50 19.0438
    endloop
  endfacet
  facet normal -0.751817 -0 -0.659372
    outer loop
      vertex 3.53553 -50 19.5355
      vertex 3.96677 -55 19.0438
      vertex 3.53553 -55 19.5355
    endloop
  endfacet
  facet normal 0.659409 0 -0.751784
    outer loop
      vertex -3.53553 -55 19.5355
      vertex -3.04381 -50 19.9668
      vertex -3.04381 -55 19.9668
    endloop
  endfacet
  facet normal 0.659409 0 -0.751784
    outer loop
      vertex -3.04381 -50 19.9668
      vertex -3.53553 -55 19.5355
      vertex -3.53553 -50 19.5355
    endloop
  endfacet
  facet normal 0.321397 0 -0.946944
    outer loop
      vertex -1.91342 -55 20.6194
      vertex -1.2941 -50 20.8296
      vertex -1.2941 -55 20.8296
    endloop
  endfacet
  facet normal 0.321397 0 -0.946944
    outer loop
      vertex -1.2941 -50 20.8296
      vertex -1.91342 -55 20.6194
      vertex -1.91342 -50 20.6194
    endloop
  endfacet
  facet normal 0.831466 -0 0.555575
    outer loop
      vertex -4.33013 -55 13.5
      vertex -3.96677 -50 12.9562
      vertex -4.33013 -50 13.5
    endloop
  endfacet
  facet normal 0.831466 0 0.555575
    outer loop
      vertex -3.96677 -50 12.9562
      vertex -4.33013 -55 13.5
      vertex -3.96677 -55 12.9562
    endloop
  endfacet
  facet normal -0.946927 0 -0.321448
    outer loop
      vertex 4.82963 -55 17.2941
      vertex 4.6194 -50 17.9134
      vertex 4.82963 -50 17.2941
    endloop
  endfacet
  facet normal -0.946927 -0 -0.321448
    outer loop
      vertex 4.6194 -50 17.9134
      vertex 4.82963 -55 17.2941
      vertex 4.6194 -55 17.9134
    endloop
  endfacet
  facet normal -0.980789 0 -0.195072
    outer loop
      vertex 4.95722 -55 16.6526
      vertex 4.82963 -50 17.2941
      vertex 4.95722 -50 16.6526
    endloop
  endfacet
  facet normal -0.980789 -0 -0.195072
    outer loop
      vertex 4.82963 -50 17.2941
      vertex 4.95722 -55 16.6526
      vertex 4.82963 -55 17.2941
    endloop
  endfacet
  facet normal -0.831466 0 -0.555575
    outer loop
      vertex 4.33013 -55 18.5
      vertex 3.96677 -50 19.0438
      vertex 4.33013 -50 18.5
    endloop
  endfacet
  facet normal -0.831466 -0 -0.555575
    outer loop
      vertex 3.96677 -50 19.0438
      vertex 4.33013 -55 18.5
      vertex 3.96677 -55 19.0438
    endloop
  endfacet
  facet normal -0.442327 0 -0.896854
    outer loop
      vertex 1.91342 -55 20.6194
      vertex 2.5 -50 20.3301
      vertex 2.5 -55 20.3301
    endloop
  endfacet
  facet normal -0.442327 0 -0.896854
    outer loop
      vertex 2.5 -50 20.3301
      vertex 1.91342 -55 20.6194
      vertex 1.91342 -50 20.6194
    endloop
  endfacet
  facet normal -0.321397 0 -0.946944
    outer loop
      vertex 1.2941 -55 20.8296
      vertex 1.91342 -50 20.6194
      vertex 1.91342 -55 20.6194
    endloop
  endfacet
  facet normal -0.321397 0 -0.946944
    outer loop
      vertex 1.91342 -50 20.6194
      vertex 1.2941 -55 20.8296
      vertex 1.2941 -50 20.8296
    endloop
  endfacet
  facet normal -0.659409 0 -0.751784
    outer loop
      vertex 3.04381 -55 19.9668
      vertex 3.53553 -50 19.5355
      vertex 3.53553 -55 19.5355
    endloop
  endfacet
  facet normal -0.659409 0 -0.751784
    outer loop
      vertex 3.53553 -50 19.5355
      vertex 3.04381 -55 19.9668
      vertex 3.04381 -50 19.9668
    endloop
  endfacet
  facet normal 0.896878 0 -0.442277
    outer loop
      vertex -4.33013 -55 18.5
      vertex -4.6194 -50 17.9134
      vertex -4.33013 -50 18.5
    endloop
  endfacet
  facet normal 0.896878 0 -0.442277
    outer loop
      vertex -4.6194 -50 17.9134
      vertex -4.33013 -55 18.5
      vertex -4.6194 -55 17.9134
    endloop
  endfacet
  facet normal 0.831466 0 -0.555575
    outer loop
      vertex -3.96677 -55 19.0438
      vertex -4.33013 -50 18.5
      vertex -3.96677 -50 19.0438
    endloop
  endfacet
  facet normal 0.831466 0 -0.555575
    outer loop
      vertex -4.33013 -50 18.5
      vertex -3.96677 -55 19.0438
      vertex -4.33013 -55 18.5
    endloop
  endfacet
  facet normal 0.946927 0 -0.321448
    outer loop
      vertex -4.6194 -55 17.9134
      vertex -4.82963 -50 17.2941
      vertex -4.6194 -50 17.9134
    endloop
  endfacet
  facet normal 0.946927 0 -0.321448
    outer loop
      vertex -4.82963 -50 17.2941
      vertex -4.6194 -55 17.9134
      vertex -4.82963 -55 17.2941
    endloop
  endfacet
  facet normal 0.442327 0 -0.896854
    outer loop
      vertex -2.5 -55 20.3301
      vertex -1.91342 -50 20.6194
      vertex -1.91342 -55 20.6194
    endloop
  endfacet
  facet normal 0.442327 0 -0.896854
    outer loop
      vertex -1.91342 -50 20.6194
      vertex -2.5 -55 20.3301
      vertex -2.5 -50 20.3301
    endloop
  endfacet
  facet normal 0.0654401 0 -0.997856
    outer loop
      vertex -0.652631 -55 20.9572
      vertex 0 -50 21
      vertex 0 -55 21
    endloop
  endfacet
  facet normal 0.0654401 0 -0.997856
    outer loop
      vertex 0 -50 21
      vertex -0.652631 -55 20.9572
      vertex -0.652631 -50 20.9572
    endloop
  endfacet
  facet normal -0.659409 0 0.751784
    outer loop
      vertex 3.04381 -50 12.0332
      vertex 3.53553 -55 12.4645
      vertex 3.53553 -50 12.4645
    endloop
  endfacet
  facet normal -0.659409 0 0.751784
    outer loop
      vertex 3.53553 -55 12.4645
      vertex 3.04381 -50 12.0332
      vertex 3.04381 -55 12.0332
    endloop
  endfacet
  facet normal -0.442327 0 0.896854
    outer loop
      vertex 1.91342 -50 11.3806
      vertex 2.5 -55 11.6699
      vertex 2.5 -50 11.6699
    endloop
  endfacet
  facet normal -0.442327 0 0.896854
    outer loop
      vertex 2.5 -55 11.6699
      vertex 1.91342 -50 11.3806
      vertex 1.91342 -55 11.3806
    endloop
  endfacet
  facet normal 0.321397 0 0.946944
    outer loop
      vertex -1.91342 -50 11.3806
      vertex -1.2941 -55 11.1704
      vertex -1.2941 -50 11.1704
    endloop
  endfacet
  facet normal 0.321397 0 0.946944
    outer loop
      vertex -1.2941 -55 11.1704
      vertex -1.91342 -50 11.3806
      vertex -1.91342 -55 11.3806
    endloop
  endfacet
  facet normal 0.980789 -0 0.195072
    outer loop
      vertex -4.95722 -55 15.3474
      vertex -4.82963 -50 14.7059
      vertex -4.95722 -50 15.3474
    endloop
  endfacet
  facet normal 0.980789 0 0.195072
    outer loop
      vertex -4.82963 -50 14.7059
      vertex -4.95722 -55 15.3474
      vertex -4.82963 -55 14.7059
    endloop
  endfacet
  facet normal 0.896878 -0 0.442277
    outer loop
      vertex -4.6194 -55 14.0866
      vertex -4.33013 -50 13.5
      vertex -4.6194 -50 14.0866
    endloop
  endfacet
  facet normal 0.896878 0 0.442277
    outer loop
      vertex -4.33013 -50 13.5
      vertex -4.6194 -55 14.0866
      vertex -4.33013 -55 13.5
    endloop
  endfacet
  facet normal 0.946927 -0 0.321448
    outer loop
      vertex -4.82963 -55 14.7059
      vertex -4.6194 -50 14.0866
      vertex -4.82963 -50 14.7059
    endloop
  endfacet
  facet normal 0.946927 0 0.321448
    outer loop
      vertex -4.6194 -50 14.0866
      vertex -4.82963 -55 14.7059
      vertex -4.6194 -55 14.0866
    endloop
  endfacet
  facet normal -0.896878 0 -0.442277
    outer loop
      vertex 4.6194 -55 17.9134
      vertex 4.33013 -50 18.5
      vertex 4.6194 -50 17.9134
    endloop
  endfacet
  facet normal -0.896878 -0 -0.442277
    outer loop
      vertex 4.33013 -50 18.5
      vertex 4.6194 -55 17.9134
      vertex 4.33013 -55 18.5
    endloop
  endfacet
  facet normal -0.555504 0 -0.831514
    outer loop
      vertex 2.5 -55 20.3301
      vertex 3.04381 -50 19.9668
      vertex 3.04381 -55 19.9668
    endloop
  endfacet
  facet normal -0.555504 0 -0.831514
    outer loop
      vertex 3.04381 -50 19.9668
      vertex 2.5 -55 20.3301
      vertex 2.5 -50 20.3301
    endloop
  endfacet
  facet normal 0.195096 0 -0.980784
    outer loop
      vertex -1.2941 -55 20.8296
      vertex -0.652631 -50 20.9572
      vertex -0.652631 -55 20.9572
    endloop
  endfacet
  facet normal 0.195096 0 -0.980784
    outer loop
      vertex -0.652631 -50 20.9572
      vertex -1.2941 -55 20.8296
      vertex -1.2941 -50 20.8296
    endloop
  endfacet
  facet normal -0.321397 0 0.946944
    outer loop
      vertex 1.2941 -50 11.1704
      vertex 1.91342 -55 11.3806
      vertex 1.91342 -50 11.3806
    endloop
  endfacet
  facet normal -0.321397 0 0.946944
    outer loop
      vertex 1.91342 -55 11.3806
      vertex 1.2941 -50 11.1704
      vertex 1.2941 -55 11.1704
    endloop
  endfacet
  facet normal -0.0654401 0 0.997856
    outer loop
      vertex 0 -50 11
      vertex 0.652631 -55 11.0428
      vertex 0.652631 -50 11.0428
    endloop
  endfacet
  facet normal -0.0654401 0 0.997856
    outer loop
      vertex 0.652631 -55 11.0428
      vertex 0 -50 11
      vertex 0 -55 11
    endloop
  endfacet
  facet normal -0.195096 0 0.980784
    outer loop
      vertex 0.652631 -50 11.0428
      vertex 1.2941 -55 11.1704
      vertex 1.2941 -50 11.1704
    endloop
  endfacet
  facet normal -0.195096 0 0.980784
    outer loop
      vertex 1.2941 -55 11.1704
      vertex 0.652631 -50 11.0428
      vertex 0.652631 -55 11.0428
    endloop
  endfacet
  facet normal -0.555504 0 0.831514
    outer loop
      vertex 2.5 -50 11.6699
      vertex 3.04381 -55 12.0332
      vertex 3.04381 -50 12.0332
    endloop
  endfacet
  facet normal -0.555504 0 0.831514
    outer loop
      vertex 3.04381 -55 12.0332
      vertex 2.5 -50 11.6699
      vertex 2.5 -55 11.6699
    endloop
  endfacet
  facet normal -0.997858 0 0.0654128
    outer loop
      vertex 4.95722 -55 15.3474
      vertex 5 -50 16
      vertex 4.95722 -50 15.3474
    endloop
  endfacet
  facet normal -0.997858 0 0.0654128
    outer loop
      vertex 5 -50 16
      vertex 4.95722 -55 15.3474
      vertex 5 -55 16
    endloop
  endfacet
  facet normal -0.831466 0 0.555575
    outer loop
      vertex 3.96677 -55 12.9562
      vertex 4.33013 -50 13.5
      vertex 3.96677 -50 12.9562
    endloop
  endfacet
  facet normal -0.831466 0 0.555575
    outer loop
      vertex 4.33013 -50 13.5
      vertex 3.96677 -55 12.9562
      vertex 4.33013 -55 13.5
    endloop
  endfacet
  facet normal -0.751817 0 0.659372
    outer loop
      vertex 3.53553 -55 12.4645
      vertex 3.96677 -50 12.9562
      vertex 3.53553 -50 12.4645
    endloop
  endfacet
  facet normal -0.751817 0 0.659372
    outer loop
      vertex 3.96677 -50 12.9562
      vertex 3.53553 -55 12.4645
      vertex 3.96677 -55 12.9562
    endloop
  endfacet
  facet normal 0.195096 0 0.980784
    outer loop
      vertex -1.2941 -50 11.1704
      vertex -0.652631 -55 11.0428
      vertex -0.652631 -50 11.0428
    endloop
  endfacet
  facet normal 0.195096 0 0.980784
    outer loop
      vertex -0.652631 -55 11.0428
      vertex -1.2941 -50 11.1704
      vertex -1.2941 -55 11.1704
    endloop
  endfacet
  facet normal 0.555504 0 0.831514
    outer loop
      vertex -3.04381 -50 12.0332
      vertex -2.5 -55 11.6699
      vertex -2.5 -50 11.6699
    endloop
  endfacet
  facet normal 0.555504 0 0.831514
    outer loop
      vertex -2.5 -55 11.6699
      vertex -3.04381 -50 12.0332
      vertex -3.04381 -55 12.0332
    endloop
  endfacet
  facet normal 0.659409 0 0.751784
    outer loop
      vertex -3.53553 -50 12.4645
      vertex -3.04381 -55 12.0332
      vertex -3.04381 -50 12.0332
    endloop
  endfacet
  facet normal 0.659409 0 0.751784
    outer loop
      vertex -3.04381 -55 12.0332
      vertex -3.53553 -50 12.4645
      vertex -3.53553 -55 12.4645
    endloop
  endfacet
  facet normal 0.442327 0 0.896854
    outer loop
      vertex -2.5 -50 11.6699
      vertex -1.91342 -55 11.3806
      vertex -1.91342 -50 11.3806
    endloop
  endfacet
  facet normal 0.442327 0 0.896854
    outer loop
      vertex -1.91342 -55 11.3806
      vertex -2.5 -50 11.6699
      vertex -2.5 -55 11.6699
    endloop
  endfacet
  facet normal 0.0654401 0 0.997856
    outer loop
      vertex -0.652631 -50 11.0428
      vertex 0 -55 11
      vertex 0 -50 11
    endloop
  endfacet
  facet normal 0.0654401 0 0.997856
    outer loop
      vertex 0 -55 11
      vertex -0.652631 -50 11.0428
      vertex -0.652631 -55 11.0428
    endloop
  endfacet
  facet normal 0.751817 -0 0.659372
    outer loop
      vertex -3.96677 -55 12.9562
      vertex -3.53553 -50 12.4645
      vertex -3.96677 -50 12.9562
    endloop
  endfacet
  facet normal 0.751817 0 0.659372
    outer loop
      vertex -3.53553 -50 12.4645
      vertex -3.96677 -55 12.9562
      vertex -3.53553 -55 12.4645
    endloop
  endfacet
  facet normal 0.997858 -0 0.0654128
    outer loop
      vertex -5 -55 16
      vertex -4.95722 -50 15.3474
      vertex -5 -50 16
    endloop
  endfacet
  facet normal 0.997858 0 0.0654128
    outer loop
      vertex -4.95722 -50 15.3474
      vertex -5 -55 16
      vertex -4.95722 -55 15.3474
    endloop
  endfacet
  facet normal -0.195096 0 -0.980784
    outer loop
      vertex 0.652631 -55 20.9572
      vertex 1.2941 -50 20.8296
      vertex 1.2941 -55 20.8296
    endloop
  endfacet
  facet normal -0.195096 0 -0.980784
    outer loop
      vertex 1.2941 -50 20.8296
      vertex 0.652631 -55 20.9572
      vertex 0.652631 -50 20.9572
    endloop
  endfacet
  facet normal 0.751817 0 -0.659372
    outer loop
      vertex -3.53553 -55 19.5355
      vertex -3.96677 -50 19.0438
      vertex -3.53553 -50 19.5355
    endloop
  endfacet
  facet normal 0.751817 0 -0.659372
    outer loop
      vertex -3.96677 -50 19.0438
      vertex -3.53553 -55 19.5355
      vertex -3.96677 -55 19.0438
    endloop
  endfacet
  facet normal 0.980789 0 -0.195072
    outer loop
      vertex -4.82963 -55 17.2941
      vertex -4.95722 -50 16.6526
      vertex -4.82963 -50 17.2941
    endloop
  endfacet
  facet normal 0.980789 0 -0.195072
    outer loop
      vertex -4.95722 -50 16.6526
      vertex -4.82963 -55 17.2941
      vertex -4.95722 -55 16.6526
    endloop
  endfacet
  facet normal 0.555504 0 -0.831514
    outer loop
      vertex -3.04381 -55 19.9668
      vertex -2.5 -50 20.3301
      vertex -2.5 -55 20.3301
    endloop
  endfacet
  facet normal 0.555504 0 -0.831514
    outer loop
      vertex -2.5 -50 20.3301
      vertex -3.04381 -55 19.9668
      vertex -3.04381 -50 19.9668
    endloop
  endfacet
  facet normal -0.896878 0 0.442277
    outer loop
      vertex 4.33013 -55 13.5
      vertex 4.6194 -50 14.0866
      vertex 4.33013 -50 13.5
    endloop
  endfacet
  facet normal -0.896878 0 0.442277
    outer loop
      vertex 4.6194 -50 14.0866
      vertex 4.33013 -55 13.5
      vertex 4.6194 -55 14.0866
    endloop
  endfacet
  facet normal -0.946927 0 0.321448
    outer loop
      vertex 4.6194 -55 14.0866
      vertex 4.82963 -50 14.7059
      vertex 4.6194 -50 14.0866
    endloop
  endfacet
  facet normal -0.946927 0 0.321448
    outer loop
      vertex 4.82963 -50 14.7059
      vertex 4.6194 -55 14.0866
      vertex 4.82963 -55 14.7059
    endloop
  endfacet
  facet normal -0.980789 0 0.195072
    outer loop
      vertex 4.82963 -55 14.7059
      vertex 4.95722 -50 15.3474
      vertex 4.82963 -50 14.7059
    endloop
  endfacet
  facet normal -0.980789 0 0.195072
    outer loop
      vertex 4.95722 -50 15.3474
      vertex 4.82963 -55 14.7059
      vertex 4.95722 -55 15.3474
    endloop
  endfacet
  facet normal 0.997859 0 -0.0653969
    outer loop
      vertex -1.73503 16.2 5.22842
      vertex -1.75 23.2 5
      vertex -1.73503 23.2 5.22842
    endloop
  endfacet
  facet normal 0.997859 0 -0.0653969
    outer loop
      vertex -1.75 23.2 5
      vertex -1.73503 16.2 5.22842
      vertex -1.75 16.2 5
    endloop
  endfacet
  facet normal -0.997859 0 -0.0653969
    outer loop
      vertex 1.75 16.2 5
      vertex 1.73503 23.2 5.22842
      vertex 1.75 23.2 5
    endloop
  endfacet
  facet normal -0.997859 -0 -0.0653969
    outer loop
      vertex 1.73503 23.2 5.22842
      vertex 1.75 16.2 5
      vertex 1.73503 16.2 5.22842
    endloop
  endfacet
  facet normal -0.0653969 0 -0.997859
    outer loop
      vertex 0 16.2 6.75
      vertex 0.22842 23.2 6.73503
      vertex 0.22842 16.2 6.73503
    endloop
  endfacet
  facet normal -0.0653969 0 -0.997859
    outer loop
      vertex 0.22842 23.2 6.73503
      vertex 0 16.2 6.75
      vertex 0 23.2 6.75
    endloop
  endfacet
  facet normal 0.65933 0 -0.751854
    outer loop
      vertex -1.23744 16.2 6.23744
      vertex -1.06533 23.2 6.38837
      vertex -1.06533 16.2 6.38837
    endloop
  endfacet
  facet normal 0.65933 0 -0.751854
    outer loop
      vertex -1.06533 23.2 6.38837
      vertex -1.23744 16.2 6.23744
      vertex -1.23744 23.2 6.23744
    endloop
  endfacet
  facet normal -0.751854 0 -0.65933
    outer loop
      vertex 1.38837 16.2 6.06533
      vertex 1.23744 23.2 6.23744
      vertex 1.38837 23.2 6.06533
    endloop
  endfacet
  facet normal -0.751854 -0 -0.65933
    outer loop
      vertex 1.23744 23.2 6.23744
      vertex 1.38837 16.2 6.06533
      vertex 1.23744 16.2 6.23744
    endloop
  endfacet
  facet normal -0.442307 0 -0.896864
    outer loop
      vertex 0.669696 16.2 6.61679
      vertex 0.875 23.2 6.51554
      vertex 0.875 16.2 6.51554
    endloop
  endfacet
  facet normal -0.442307 0 -0.896864
    outer loop
      vertex 0.875 23.2 6.51554
      vertex 0.669696 16.2 6.61679
      vertex 0.669696 23.2 6.61679
    endloop
  endfacet
  facet normal -0.980783 0 0.1951
    outer loop
      vertex 1.69037 16.2 4.54707
      vertex 1.73503 23.2 4.77158
      vertex 1.69037 23.2 4.54707
    endloop
  endfacet
  facet normal -0.980783 0 0.1951
    outer loop
      vertex 1.73503 23.2 4.77158
      vertex 1.69037 16.2 4.54707
      vertex 1.73503 16.2 4.77158
    endloop
  endfacet
  facet normal 0.89686 0 -0.442314
    outer loop
      vertex -1.51554 16.2 5.875
      vertex -1.61679 23.2 5.6697
      vertex -1.51554 23.2 5.875
    endloop
  endfacet
  facet normal 0.89686 0 -0.442314
    outer loop
      vertex -1.61679 23.2 5.6697
      vertex -1.51554 16.2 5.875
      vertex -1.61679 16.2 5.6697
    endloop
  endfacet
  facet normal 0.831479 0 -0.555557
    outer loop
      vertex -1.38837 16.2 6.06533
      vertex -1.51554 23.2 5.875
      vertex -1.38837 23.2 6.06533
    endloop
  endfacet
  facet normal 0.831479 0 -0.555557
    outer loop
      vertex -1.51554 23.2 5.875
      vertex -1.38837 16.2 6.06533
      vertex -1.51554 16.2 5.875
    endloop
  endfacet
  facet normal 0.321435 0 -0.946932
    outer loop
      vertex -0.669696 16.2 6.61679
      vertex -0.452933 23.2 6.69037
      vertex -0.452933 16.2 6.69037
    endloop
  endfacet
  facet normal 0.321435 0 -0.946932
    outer loop
      vertex -0.452933 23.2 6.69037
      vertex -0.669696 16.2 6.61679
      vertex -0.669696 23.2 6.61679
    endloop
  endfacet
  facet normal 0.195097 0 -0.980784
    outer loop
      vertex -0.452933 16.2 6.69037
      vertex -0.22842 23.2 6.73503
      vertex -0.22842 16.2 6.73503
    endloop
  endfacet
  facet normal 0.195097 0 -0.980784
    outer loop
      vertex -0.22842 23.2 6.73503
      vertex -0.452933 16.2 6.69037
      vertex -0.452933 23.2 6.69037
    endloop
  endfacet
  facet normal 0.442307 0 -0.896864
    outer loop
      vertex -0.875 16.2 6.51554
      vertex -0.669696 23.2 6.61679
      vertex -0.669696 16.2 6.61679
    endloop
  endfacet
  facet normal 0.442307 0 -0.896864
    outer loop
      vertex -0.669696 23.2 6.61679
      vertex -0.875 16.2 6.51554
      vertex -0.875 23.2 6.51554
    endloop
  endfacet
  facet normal -0.89686 0 -0.442314
    outer loop
      vertex 1.61679 16.2 5.6697
      vertex 1.51554 23.2 5.875
      vertex 1.61679 23.2 5.6697
    endloop
  endfacet
  facet normal -0.89686 -0 -0.442314
    outer loop
      vertex 1.51554 23.2 5.875
      vertex 1.61679 16.2 5.6697
      vertex 1.51554 16.2 5.875
    endloop
  endfacet
  facet normal -0.831479 0 -0.555557
    outer loop
      vertex 1.51554 16.2 5.875
      vertex 1.38837 23.2 6.06533
      vertex 1.51554 23.2 5.875
    endloop
  endfacet
  facet normal -0.831479 -0 -0.555557
    outer loop
      vertex 1.38837 23.2 6.06533
      vertex 1.51554 16.2 5.875
      vertex 1.38837 16.2 6.06533
    endloop
  endfacet
  facet normal -0.555557 0 -0.831479
    outer loop
      vertex 0.875 16.2 6.51554
      vertex 1.06533 23.2 6.38837
      vertex 1.06533 16.2 6.38837
    endloop
  endfacet
  facet normal -0.555557 0 -0.831479
    outer loop
      vertex 1.06533 23.2 6.38837
      vertex 0.875 16.2 6.51554
      vertex 0.875 23.2 6.51554
    endloop
  endfacet
  facet normal -0.321435 0 -0.946932
    outer loop
      vertex 0.452933 16.2 6.69037
      vertex 0.669696 23.2 6.61679
      vertex 0.669696 16.2 6.61679
    endloop
  endfacet
  facet normal -0.321435 0 -0.946932
    outer loop
      vertex 0.669696 23.2 6.61679
      vertex 0.452933 16.2 6.69037
      vertex 0.452933 23.2 6.69037
    endloop
  endfacet
  facet normal 0.946935 -0 0.321426
    outer loop
      vertex -1.69037 16.2 4.54707
      vertex -1.61679 23.2 4.3303
      vertex -1.69037 23.2 4.54707
    endloop
  endfacet
  facet normal 0.946935 0 0.321426
    outer loop
      vertex -1.61679 23.2 4.3303
      vertex -1.69037 16.2 4.54707
      vertex -1.61679 16.2 4.3303
    endloop
  endfacet
  facet normal 0.195097 0 0.980784
    outer loop
      vertex -0.452933 23.2 3.30963
      vertex -0.22842 16.2 3.26497
      vertex -0.22842 23.2 3.26497
    endloop
  endfacet
  facet normal 0.195097 0 0.980784
    outer loop
      vertex -0.22842 16.2 3.26497
      vertex -0.452933 23.2 3.30963
      vertex -0.452933 16.2 3.30963
    endloop
  endfacet
  facet normal 0.0653969 0 0.997859
    outer loop
      vertex -0.22842 23.2 3.26497
      vertex 0 16.2 3.25
      vertex 0 23.2 3.25
    endloop
  endfacet
  facet normal 0.0653969 0 0.997859
    outer loop
      vertex 0 16.2 3.25
      vertex -0.22842 23.2 3.26497
      vertex -0.22842 16.2 3.26497
    endloop
  endfacet
  facet normal 0.751854 -0 0.65933
    outer loop
      vertex -1.38837 16.2 3.93467
      vertex -1.23744 23.2 3.76256
      vertex -1.38837 23.2 3.93467
    endloop
  endfacet
  facet normal 0.751854 0 0.65933
    outer loop
      vertex -1.23744 23.2 3.76256
      vertex -1.38837 16.2 3.93467
      vertex -1.23744 16.2 3.76256
    endloop
  endfacet
  facet normal 0.89686 -0 0.442314
    outer loop
      vertex -1.61679 16.2 4.3303
      vertex -1.51554 23.2 4.125
      vertex -1.61679 23.2 4.3303
    endloop
  endfacet
  facet normal 0.89686 0 0.442314
    outer loop
      vertex -1.51554 23.2 4.125
      vertex -1.61679 16.2 4.3303
      vertex -1.51554 16.2 4.125
    endloop
  endfacet
  facet normal -0.321435 0 0.946932
    outer loop
      vertex 0.452933 23.2 3.30963
      vertex 0.669696 16.2 3.38321
      vertex 0.669696 23.2 3.38321
    endloop
  endfacet
  facet normal -0.321435 0 0.946932
    outer loop
      vertex 0.669696 16.2 3.38321
      vertex 0.452933 23.2 3.30963
      vertex 0.452933 16.2 3.30963
    endloop
  endfacet
  facet normal -0.89686 0 0.442314
    outer loop
      vertex 1.51554 16.2 4.125
      vertex 1.61679 23.2 4.3303
      vertex 1.51554 23.2 4.125
    endloop
  endfacet
  facet normal -0.89686 0 0.442314
    outer loop
      vertex 1.61679 23.2 4.3303
      vertex 1.51554 16.2 4.125
      vertex 1.61679 16.2 4.3303
    endloop
  endfacet
  facet normal -0.831479 0 0.555557
    outer loop
      vertex 1.38837 16.2 3.93467
      vertex 1.51554 23.2 4.125
      vertex 1.38837 23.2 3.93467
    endloop
  endfacet
  facet normal -0.831479 0 0.555557
    outer loop
      vertex 1.51554 23.2 4.125
      vertex 1.38837 16.2 3.93467
      vertex 1.51554 16.2 4.125
    endloop
  endfacet
  facet normal -0.997859 0 0.0653969
    outer loop
      vertex 1.73503 16.2 4.77158
      vertex 1.75 23.2 5
      vertex 1.73503 23.2 4.77158
    endloop
  endfacet
  facet normal -0.997859 0 0.0653969
    outer loop
      vertex 1.75 23.2 5
      vertex 1.73503 16.2 4.77158
      vertex 1.75 16.2 5
    endloop
  endfacet
  facet normal 0.946935 0 -0.321426
    outer loop
      vertex -1.61679 16.2 5.6697
      vertex -1.69037 23.2 5.45293
      vertex -1.61679 23.2 5.6697
    endloop
  endfacet
  facet normal 0.946935 0 -0.321426
    outer loop
      vertex -1.69037 23.2 5.45293
      vertex -1.61679 16.2 5.6697
      vertex -1.69037 16.2 5.45293
    endloop
  endfacet
  facet normal 0.980783 0 -0.1951
    outer loop
      vertex -1.69037 16.2 5.45293
      vertex -1.73503 23.2 5.22842
      vertex -1.69037 23.2 5.45293
    endloop
  endfacet
  facet normal 0.980783 0 -0.1951
    outer loop
      vertex -1.73503 23.2 5.22842
      vertex -1.69037 16.2 5.45293
      vertex -1.73503 16.2 5.22842
    endloop
  endfacet
  facet normal 0.0653969 0 -0.997859
    outer loop
      vertex -0.22842 16.2 6.73503
      vertex 0 23.2 6.75
      vertex 0 16.2 6.75
    endloop
  endfacet
  facet normal 0.0653969 0 -0.997859
    outer loop
      vertex 0 23.2 6.75
      vertex -0.22842 16.2 6.73503
      vertex -0.22842 23.2 6.73503
    endloop
  endfacet
  facet normal 0.555557 0 -0.831479
    outer loop
      vertex -1.06533 16.2 6.38837
      vertex -0.875 23.2 6.51554
      vertex -0.875 16.2 6.51554
    endloop
  endfacet
  facet normal 0.555557 0 -0.831479
    outer loop
      vertex -0.875 23.2 6.51554
      vertex -1.06533 16.2 6.38837
      vertex -1.06533 23.2 6.38837
    endloop
  endfacet
  facet normal -0.980783 0 -0.1951
    outer loop
      vertex 1.73503 16.2 5.22842
      vertex 1.69037 23.2 5.45293
      vertex 1.73503 23.2 5.22842
    endloop
  endfacet
  facet normal -0.980783 -0 -0.1951
    outer loop
      vertex 1.69037 23.2 5.45293
      vertex 1.73503 16.2 5.22842
      vertex 1.69037 16.2 5.45293
    endloop
  endfacet
  facet normal -0.195097 0 -0.980784
    outer loop
      vertex 0.22842 16.2 6.73503
      vertex 0.452933 23.2 6.69037
      vertex 0.452933 16.2 6.69037
    endloop
  endfacet
  facet normal -0.195097 0 -0.980784
    outer loop
      vertex 0.452933 23.2 6.69037
      vertex 0.22842 16.2 6.73503
      vertex 0.22842 23.2 6.73503
    endloop
  endfacet
  facet normal 0.997859 -0 0.0653969
    outer loop
      vertex -1.75 16.2 5
      vertex -1.73503 23.2 4.77158
      vertex -1.75 23.2 5
    endloop
  endfacet
  facet normal 0.997859 0 0.0653969
    outer loop
      vertex -1.73503 23.2 4.77158
      vertex -1.75 16.2 5
      vertex -1.73503 16.2 4.77158
    endloop
  endfacet
  facet normal 0.442307 0 0.896864
    outer loop
      vertex -0.875 23.2 3.48446
      vertex -0.669696 16.2 3.38321
      vertex -0.669696 23.2 3.38321
    endloop
  endfacet
  facet normal 0.442307 0 0.896864
    outer loop
      vertex -0.669696 16.2 3.38321
      vertex -0.875 23.2 3.48446
      vertex -0.875 16.2 3.48446
    endloop
  endfacet
  facet normal 0.65933 0 0.751854
    outer loop
      vertex -1.23744 23.2 3.76256
      vertex -1.06533 16.2 3.61163
      vertex -1.06533 23.2 3.61163
    endloop
  endfacet
  facet normal 0.65933 0 0.751854
    outer loop
      vertex -1.06533 16.2 3.61163
      vertex -1.23744 23.2 3.76256
      vertex -1.23744 16.2 3.76256
    endloop
  endfacet
  facet normal 0.555557 0 0.831479
    outer loop
      vertex -1.06533 23.2 3.61163
      vertex -0.875 16.2 3.48446
      vertex -0.875 23.2 3.48446
    endloop
  endfacet
  facet normal 0.555557 0 0.831479
    outer loop
      vertex -0.875 16.2 3.48446
      vertex -1.06533 23.2 3.61163
      vertex -1.06533 16.2 3.61163
    endloop
  endfacet
  facet normal 0.831479 -0 0.555557
    outer loop
      vertex -1.51554 16.2 4.125
      vertex -1.38837 23.2 3.93467
      vertex -1.51554 23.2 4.125
    endloop
  endfacet
  facet normal 0.831479 0 0.555557
    outer loop
      vertex -1.38837 23.2 3.93467
      vertex -1.51554 16.2 4.125
      vertex -1.38837 16.2 3.93467
    endloop
  endfacet
  facet normal -0.555557 0 0.831479
    outer loop
      vertex 0.875 23.2 3.48446
      vertex 1.06533 16.2 3.61163
      vertex 1.06533 23.2 3.61163
    endloop
  endfacet
  facet normal -0.555557 0 0.831479
    outer loop
      vertex 1.06533 16.2 3.61163
      vertex 0.875 23.2 3.48446
      vertex 0.875 16.2 3.48446
    endloop
  endfacet
  facet normal -0.65933 0 0.751854
    outer loop
      vertex 1.06533 23.2 3.61163
      vertex 1.23744 16.2 3.76256
      vertex 1.23744 23.2 3.76256
    endloop
  endfacet
  facet normal -0.65933 0 0.751854
    outer loop
      vertex 1.23744 16.2 3.76256
      vertex 1.06533 23.2 3.61163
      vertex 1.06533 16.2 3.61163
    endloop
  endfacet
  facet normal -0.442307 0 0.896864
    outer loop
      vertex 0.669696 23.2 3.38321
      vertex 0.875 16.2 3.48446
      vertex 0.875 23.2 3.48446
    endloop
  endfacet
  facet normal -0.442307 0 0.896864
    outer loop
      vertex 0.875 16.2 3.48446
      vertex 0.669696 23.2 3.38321
      vertex 0.669696 16.2 3.38321
    endloop
  endfacet
  facet normal -0.0653969 0 0.997859
    outer loop
      vertex 0 23.2 3.25
      vertex 0.22842 16.2 3.26497
      vertex 0.22842 23.2 3.26497
    endloop
  endfacet
  facet normal -0.0653969 0 0.997859
    outer loop
      vertex 0.22842 16.2 3.26497
      vertex 0 23.2 3.25
      vertex 0 16.2 3.25
    endloop
  endfacet
  facet normal -0.751854 0 0.65933
    outer loop
      vertex 1.23744 16.2 3.76256
      vertex 1.38837 23.2 3.93467
      vertex 1.23744 23.2 3.76256
    endloop
  endfacet
  facet normal -0.751854 0 0.65933
    outer loop
      vertex 1.38837 23.2 3.93467
      vertex 1.23744 16.2 3.76256
      vertex 1.38837 16.2 3.93467
    endloop
  endfacet
  facet normal -0.946935 0 0.321426
    outer loop
      vertex 1.61679 16.2 4.3303
      vertex 1.69037 23.2 4.54707
      vertex 1.61679 23.2 4.3303
    endloop
  endfacet
  facet normal -0.946935 0 0.321426
    outer loop
      vertex 1.69037 23.2 4.54707
      vertex 1.61679 16.2 4.3303
      vertex 1.69037 16.2 4.54707
    endloop
  endfacet
  facet normal 0.751854 0 -0.65933
    outer loop
      vertex -1.23744 16.2 6.23744
      vertex -1.38837 23.2 6.06533
      vertex -1.23744 23.2 6.23744
    endloop
  endfacet
  facet normal 0.751854 0 -0.65933
    outer loop
      vertex -1.38837 23.2 6.06533
      vertex -1.23744 16.2 6.23744
      vertex -1.38837 16.2 6.06533
    endloop
  endfacet
  facet normal -0.946935 0 -0.321426
    outer loop
      vertex 1.69037 16.2 5.45293
      vertex 1.61679 23.2 5.6697
      vertex 1.69037 23.2 5.45293
    endloop
  endfacet
  facet normal -0.946935 -0 -0.321426
    outer loop
      vertex 1.61679 23.2 5.6697
      vertex 1.69037 16.2 5.45293
      vertex 1.61679 16.2 5.6697
    endloop
  endfacet
  facet normal -0.65933 0 -0.751854
    outer loop
      vertex 1.06533 16.2 6.38837
      vertex 1.23744 23.2 6.23744
      vertex 1.23744 16.2 6.23744
    endloop
  endfacet
  facet normal -0.65933 0 -0.751854
    outer loop
      vertex 1.23744 23.2 6.23744
      vertex 1.06533 16.2 6.38837
      vertex 1.06533 23.2 6.38837
    endloop
  endfacet
  facet normal 0.321435 0 0.946932
    outer loop
      vertex -0.669696 23.2 3.38321
      vertex -0.452933 16.2 3.30963
      vertex -0.452933 23.2 3.30963
    endloop
  endfacet
  facet normal 0.321435 0 0.946932
    outer loop
      vertex -0.452933 16.2 3.30963
      vertex -0.669696 23.2 3.38321
      vertex -0.669696 16.2 3.38321
    endloop
  endfacet
  facet normal 0.980783 -0 0.1951
    outer loop
      vertex -1.73503 16.2 4.77158
      vertex -1.69037 23.2 4.54707
      vertex -1.73503 23.2 4.77158
    endloop
  endfacet
  facet normal 0.980783 0 0.1951
    outer loop
      vertex -1.69037 23.2 4.54707
      vertex -1.73503 16.2 4.77158
      vertex -1.69037 16.2 4.54707
    endloop
  endfacet
  facet normal -0.195097 0 0.980784
    outer loop
      vertex 0.22842 23.2 3.26497
      vertex 0.452933 16.2 3.30963
      vertex 0.452933 23.2 3.30963
    endloop
  endfacet
  facet normal -0.195097 0 0.980784
    outer loop
      vertex 0.452933 16.2 3.30963
      vertex 0.22842 23.2 3.26497
      vertex 0.22842 16.2 3.26497
    endloop
  endfacet
  facet normal 0.555345 0 -0.83162
    outer loop
      vertex -1.06533 16.2 28.3884
      vertex -0.875 23.2 28.5155
      vertex -0.875 16.2 28.5155
    endloop
  endfacet
  facet normal 0.555345 0 -0.83162
    outer loop
      vertex -0.875 23.2 28.5155
      vertex -1.06533 16.2 28.3884
      vertex -1.06533 23.2 28.3884
    endloop
  endfacet
  facet normal -0.194845 0 0.980834
    outer loop
      vertex 0.22842 23.2 25.265
      vertex 0.452933 16.2 25.3096
      vertex 0.452933 23.2 25.3096
    endloop
  endfacet
  facet normal -0.194845 0 0.980834
    outer loop
      vertex 0.452933 16.2 25.3096
      vertex 0.22842 23.2 25.265
      vertex 0.22842 16.2 25.265
    endloop
  endfacet
  facet normal -0.442483 0 -0.896777
    outer loop
      vertex 0.669696 16.2 28.6168
      vertex 0.875 23.2 28.5155
      vertex 0.875 16.2 28.5155
    endloop
  endfacet
  facet normal -0.442483 0 -0.896777
    outer loop
      vertex 0.875 23.2 28.5155
      vertex 0.669696 16.2 28.6168
      vertex 0.669696 23.2 28.6168
    endloop
  endfacet
  facet normal -0.946948 0 -0.321386
    outer loop
      vertex 1.69037 16.2 27.4529
      vertex 1.61679 23.2 27.6697
      vertex 1.69037 23.2 27.4529
    endloop
  endfacet
  facet normal -0.946948 -0 -0.321386
    outer loop
      vertex 1.61679 23.2 27.6697
      vertex 1.69037 16.2 27.4529
      vertex 1.61679 16.2 27.6697
    endloop
  endfacet
  facet normal 0.89686 0 -0.442314
    outer loop
      vertex -1.51554 16.2 27.875
      vertex -1.61679 23.2 27.6697
      vertex -1.51554 23.2 27.875
    endloop
  endfacet
  facet normal 0.89686 0 -0.442314
    outer loop
      vertex -1.61679 23.2 27.6697
      vertex -1.51554 16.2 27.875
      vertex -1.61679 16.2 27.6697
    endloop
  endfacet
  facet normal 0.831438 0 -0.555617
    outer loop
      vertex -1.38837 16.2 28.0653
      vertex -1.51554 23.2 27.875
      vertex -1.38837 23.2 28.0653
    endloop
  endfacet
  facet normal 0.831438 0 -0.555617
    outer loop
      vertex -1.51554 23.2 27.875
      vertex -1.38837 16.2 28.0653
      vertex -1.51554 16.2 27.875
    endloop
  endfacet
  facet normal 0.321513 0 -0.946905
    outer loop
      vertex -0.669696 16.2 28.6168
      vertex -0.452933 23.2 28.6904
      vertex -0.452933 16.2 28.6904
    endloop
  endfacet
  facet normal 0.321513 0 -0.946905
    outer loop
      vertex -0.452933 23.2 28.6904
      vertex -0.669696 16.2 28.6168
      vertex -0.669696 23.2 28.6168
    endloop
  endfacet
  facet normal -0.0655274 0 -0.997851
    outer loop
      vertex 0 16.2 28.75
      vertex 0.22842 23.2 28.735
      vertex 0.22842 16.2 28.735
    endloop
  endfacet
  facet normal -0.0655274 0 -0.997851
    outer loop
      vertex 0.22842 23.2 28.735
      vertex 0 16.2 28.75
      vertex 0 23.2 28.75
    endloop
  endfacet
  facet normal -0.997859 0 0.0654026
    outer loop
      vertex 1.73503 16.2 26.7716
      vertex 1.75 23.2 27
      vertex 1.73503 23.2 26.7716
    endloop
  endfacet
  facet normal -0.997859 0 0.0654026
    outer loop
      vertex 1.75 23.2 27
      vertex 1.73503 16.2 26.7716
      vertex 1.75 16.2 27
    endloop
  endfacet
  facet normal -0.831438 0 -0.555617
    outer loop
      vertex 1.51554 16.2 27.875
      vertex 1.38837 23.2 28.0653
      vertex 1.51554 23.2 27.875
    endloop
  endfacet
  facet normal -0.831438 -0 -0.555617
    outer loop
      vertex 1.38837 23.2 28.0653
      vertex 1.51554 16.2 27.875
      vertex 1.38837 16.2 28.0653
    endloop
  endfacet
  facet normal -0.555345 0 -0.83162
    outer loop
      vertex 0.875 16.2 28.5155
      vertex 1.06533 23.2 28.3884
      vertex 1.06533 16.2 28.3884
    endloop
  endfacet
  facet normal -0.555345 0 -0.83162
    outer loop
      vertex 1.06533 23.2 28.3884
      vertex 0.875 16.2 28.5155
      vertex 0.875 23.2 28.5155
    endloop
  endfacet
  facet normal -0.321513 0 -0.946905
    outer loop
      vertex 0.452933 16.2 28.6904
      vertex 0.669696 23.2 28.6168
      vertex 0.669696 16.2 28.6168
    endloop
  endfacet
  facet normal -0.321513 0 -0.946905
    outer loop
      vertex 0.669696 23.2 28.6168
      vertex 0.452933 16.2 28.6904
      vertex 0.452933 23.2 28.6904
    endloop
  endfacet
  facet normal 0.997859 0 -0.0654026
    outer loop
      vertex -1.73503 16.2 27.2284
      vertex -1.75 23.2 27
      vertex -1.73503 23.2 27.2284
    endloop
  endfacet
  facet normal 0.997859 0 -0.0654026
    outer loop
      vertex -1.75 23.2 27
      vertex -1.73503 16.2 27.2284
      vertex -1.75 16.2 27
    endloop
  endfacet
  facet normal 0.831438 -0 0.555617
    outer loop
      vertex -1.51554 16.2 26.125
      vertex -1.38837 23.2 25.9347
      vertex -1.51554 23.2 26.125
    endloop
  endfacet
  facet normal 0.831438 0 0.555617
    outer loop
      vertex -1.38837 23.2 25.9347
      vertex -1.51554 16.2 26.125
      vertex -1.38837 16.2 25.9347
    endloop
  endfacet
  facet normal 0.946948 -0 0.321386
    outer loop
      vertex -1.69037 16.2 26.5471
      vertex -1.61679 23.2 26.3303
      vertex -1.69037 23.2 26.5471
    endloop
  endfacet
  facet normal 0.946948 0 0.321386
    outer loop
      vertex -1.61679 23.2 26.3303
      vertex -1.69037 16.2 26.5471
      vertex -1.61679 16.2 26.3303
    endloop
  endfacet
  facet normal 0.442483 0 0.896777
    outer loop
      vertex -0.875 23.2 25.4845
      vertex -0.669696 16.2 25.3832
      vertex -0.669696 23.2 25.3832
    endloop
  endfacet
  facet normal 0.442483 0 0.896777
    outer loop
      vertex -0.669696 16.2 25.3832
      vertex -0.875 23.2 25.4845
      vertex -0.875 16.2 25.4845
    endloop
  endfacet
  facet normal 0.555345 0 0.83162
    outer loop
      vertex -1.06533 23.2 25.6116
      vertex -0.875 16.2 25.4845
      vertex -0.875 23.2 25.4845
    endloop
  endfacet
  facet normal 0.555345 0 0.83162
    outer loop
      vertex -0.875 16.2 25.4845
      vertex -1.06533 23.2 25.6116
      vertex -1.06533 16.2 25.6116
    endloop
  endfacet
  facet normal -0.0655274 0 0.997851
    outer loop
      vertex 0 23.2 25.25
      vertex 0.22842 16.2 25.265
      vertex 0.22842 23.2 25.265
    endloop
  endfacet
  facet normal -0.0655274 0 0.997851
    outer loop
      vertex 0.22842 16.2 25.265
      vertex 0 23.2 25.25
      vertex 0 16.2 25.25
    endloop
  endfacet
  facet normal -0.555345 0 0.83162
    outer loop
      vertex 0.875 23.2 25.4845
      vertex 1.06533 16.2 25.6116
      vertex 1.06533 23.2 25.6116
    endloop
  endfacet
  facet normal -0.555345 0 0.83162
    outer loop
      vertex 1.06533 16.2 25.6116
      vertex 0.875 23.2 25.4845
      vertex 0.875 16.2 25.4845
    endloop
  endfacet
  facet normal -0.831438 0 0.555617
    outer loop
      vertex 1.38837 16.2 25.9347
      vertex 1.51554 23.2 26.125
      vertex 1.38837 23.2 25.9347
    endloop
  endfacet
  facet normal -0.831438 0 0.555617
    outer loop
      vertex 1.51554 23.2 26.125
      vertex 1.38837 16.2 25.9347
      vertex 1.51554 16.2 26.125
    endloop
  endfacet
  facet normal 0.980782 0 -0.195108
    outer loop
      vertex -1.69037 16.2 27.4529
      vertex -1.73503 23.2 27.2284
      vertex -1.69037 23.2 27.4529
    endloop
  endfacet
  facet normal 0.980782 0 -0.195108
    outer loop
      vertex -1.73503 23.2 27.2284
      vertex -1.69037 16.2 27.4529
      vertex -1.73503 16.2 27.2284
    endloop
  endfacet
  facet normal 0.946948 0 -0.321386
    outer loop
      vertex -1.61679 16.2 27.6697
      vertex -1.69037 23.2 27.4529
      vertex -1.61679 23.2 27.6697
    endloop
  endfacet
  facet normal 0.946948 0 -0.321386
    outer loop
      vertex -1.69037 23.2 27.4529
      vertex -1.61679 16.2 27.6697
      vertex -1.69037 16.2 27.4529
    endloop
  endfacet
  facet normal 0.751835 0 -0.659352
    outer loop
      vertex -1.23744 16.2 28.2374
      vertex -1.38837 23.2 28.0653
      vertex -1.23744 23.2 28.2374
    endloop
  endfacet
  facet normal 0.751835 0 -0.659352
    outer loop
      vertex -1.38837 23.2 28.0653
      vertex -1.23744 16.2 28.2374
      vertex -1.38837 16.2 28.0653
    endloop
  endfacet
  facet normal 0.659503 0 -0.751702
    outer loop
      vertex -1.23744 16.2 28.2374
      vertex -1.06533 23.2 28.3884
      vertex -1.06533 16.2 28.3884
    endloop
  endfacet
  facet normal 0.659503 0 -0.751702
    outer loop
      vertex -1.06533 23.2 28.3884
      vertex -1.23744 16.2 28.2374
      vertex -1.23744 23.2 28.2374
    endloop
  endfacet
  facet normal 0.442483 0 -0.896777
    outer loop
      vertex -0.875 16.2 28.5155
      vertex -0.669696 23.2 28.6168
      vertex -0.669696 16.2 28.6168
    endloop
  endfacet
  facet normal 0.442483 0 -0.896777
    outer loop
      vertex -0.669696 23.2 28.6168
      vertex -0.875 16.2 28.5155
      vertex -0.875 23.2 28.5155
    endloop
  endfacet
  facet normal 0.194845 0 -0.980834
    outer loop
      vertex -0.452933 16.2 28.6904
      vertex -0.22842 23.2 28.735
      vertex -0.22842 16.2 28.735
    endloop
  endfacet
  facet normal 0.194845 0 -0.980834
    outer loop
      vertex -0.22842 23.2 28.735
      vertex -0.452933 16.2 28.6904
      vertex -0.452933 23.2 28.6904
    endloop
  endfacet
  facet normal 0.0655274 0 -0.997851
    outer loop
      vertex -0.22842 16.2 28.735
      vertex 0 23.2 28.75
      vertex 0 16.2 28.75
    endloop
  endfacet
  facet normal 0.0655274 0 -0.997851
    outer loop
      vertex 0 23.2 28.75
      vertex -0.22842 16.2 28.735
      vertex -0.22842 23.2 28.735
    endloop
  endfacet
  facet normal -0.980782 0 -0.195108
    outer loop
      vertex 1.73503 16.2 27.2284
      vertex 1.69037 23.2 27.4529
      vertex 1.73503 23.2 27.2284
    endloop
  endfacet
  facet normal -0.980782 -0 -0.195108
    outer loop
      vertex 1.69037 23.2 27.4529
      vertex 1.73503 16.2 27.2284
      vertex 1.69037 16.2 27.4529
    endloop
  endfacet
  facet normal -0.997859 0 -0.0654026
    outer loop
      vertex 1.75 16.2 27
      vertex 1.73503 23.2 27.2284
      vertex 1.75 23.2 27
    endloop
  endfacet
  facet normal -0.997859 -0 -0.0654026
    outer loop
      vertex 1.73503 23.2 27.2284
      vertex 1.75 16.2 27
      vertex 1.73503 16.2 27.2284
    endloop
  endfacet
  facet normal -0.89686 0 -0.442314
    outer loop
      vertex 1.61679 16.2 27.6697
      vertex 1.51554 23.2 27.875
      vertex 1.61679 23.2 27.6697
    endloop
  endfacet
  facet normal -0.89686 -0 -0.442314
    outer loop
      vertex 1.51554 23.2 27.875
      vertex 1.61679 16.2 27.6697
      vertex 1.51554 16.2 27.875
    endloop
  endfacet
  facet normal -0.194845 0 -0.980834
    outer loop
      vertex 0.22842 16.2 28.735
      vertex 0.452933 23.2 28.6904
      vertex 0.452933 16.2 28.6904
    endloop
  endfacet
  facet normal -0.194845 0 -0.980834
    outer loop
      vertex 0.452933 23.2 28.6904
      vertex 0.22842 16.2 28.735
      vertex 0.22842 23.2 28.735
    endloop
  endfacet
  facet normal -0.659503 0 -0.751702
    outer loop
      vertex 1.06533 16.2 28.3884
      vertex 1.23744 23.2 28.2374
      vertex 1.23744 16.2 28.2374
    endloop
  endfacet
  facet normal -0.659503 0 -0.751702
    outer loop
      vertex 1.23744 23.2 28.2374
      vertex 1.06533 16.2 28.3884
      vertex 1.06533 23.2 28.3884
    endloop
  endfacet
  facet normal -0.751835 0 -0.659352
    outer loop
      vertex 1.38837 16.2 28.0653
      vertex 1.23744 23.2 28.2374
      vertex 1.38837 23.2 28.0653
    endloop
  endfacet
  facet normal -0.751835 -0 -0.659352
    outer loop
      vertex 1.23744 23.2 28.2374
      vertex 1.38837 16.2 28.0653
      vertex 1.23744 16.2 28.2374
    endloop
  endfacet
  facet normal 0.997859 -0 0.0654026
    outer loop
      vertex -1.75 16.2 27
      vertex -1.73503 23.2 26.7716
      vertex -1.75 23.2 27
    endloop
  endfacet
  facet normal 0.997859 0 0.0654026
    outer loop
      vertex -1.73503 23.2 26.7716
      vertex -1.75 16.2 27
      vertex -1.73503 16.2 26.7716
    endloop
  endfacet
  facet normal 0.194845 0 0.980834
    outer loop
      vertex -0.452933 23.2 25.3096
      vertex -0.22842 16.2 25.265
      vertex -0.22842 23.2 25.265
    endloop
  endfacet
  facet normal 0.194845 0 0.980834
    outer loop
      vertex -0.22842 16.2 25.265
      vertex -0.452933 23.2 25.3096
      vertex -0.452933 16.2 25.3096
    endloop
  endfacet
  facet normal 0.751835 -0 0.659352
    outer loop
      vertex -1.38837 16.2 25.9347
      vertex -1.23744 23.2 25.7626
      vertex -1.38837 23.2 25.9347
    endloop
  endfacet
  facet normal 0.751835 0 0.659352
    outer loop
      vertex -1.23744 23.2 25.7626
      vertex -1.38837 16.2 25.9347
      vertex -1.23744 16.2 25.7626
    endloop
  endfacet
  facet normal 0.659503 0 0.751702
    outer loop
      vertex -1.23744 23.2 25.7626
      vertex -1.06533 16.2 25.6116
      vertex -1.06533 23.2 25.6116
    endloop
  endfacet
  facet normal 0.659503 0 0.751702
    outer loop
      vertex -1.06533 16.2 25.6116
      vertex -1.23744 23.2 25.7626
      vertex -1.23744 16.2 25.7626
    endloop
  endfacet
  facet normal 0.0655274 0 0.997851
    outer loop
      vertex -0.22842 23.2 25.265
      vertex 0 16.2 25.25
      vertex 0 23.2 25.25
    endloop
  endfacet
  facet normal 0.0655274 0 0.997851
    outer loop
      vertex 0 16.2 25.25
      vertex -0.22842 23.2 25.265
      vertex -0.22842 16.2 25.265
    endloop
  endfacet
  facet normal -0.321513 0 0.946905
    outer loop
      vertex 0.452933 23.2 25.3096
      vertex 0.669696 16.2 25.3832
      vertex 0.669696 23.2 25.3832
    endloop
  endfacet
  facet normal -0.321513 0 0.946905
    outer loop
      vertex 0.669696 16.2 25.3832
      vertex 0.452933 23.2 25.3096
      vertex 0.452933 16.2 25.3096
    endloop
  endfacet
  facet normal -0.89686 0 0.442314
    outer loop
      vertex 1.51554 16.2 26.125
      vertex 1.61679 23.2 26.3303
      vertex 1.51554 23.2 26.125
    endloop
  endfacet
  facet normal -0.89686 0 0.442314
    outer loop
      vertex 1.61679 23.2 26.3303
      vertex 1.51554 16.2 26.125
      vertex 1.61679 16.2 26.3303
    endloop
  endfacet
  facet normal -0.980782 0 0.195108
    outer loop
      vertex 1.69037 16.2 26.5471
      vertex 1.73503 23.2 26.7716
      vertex 1.69037 23.2 26.5471
    endloop
  endfacet
  facet normal -0.980782 0 0.195108
    outer loop
      vertex 1.73503 23.2 26.7716
      vertex 1.69037 16.2 26.5471
      vertex 1.73503 16.2 26.7716
    endloop
  endfacet
  facet normal -0.751835 0 0.659352
    outer loop
      vertex 1.23744 16.2 25.7626
      vertex 1.38837 23.2 25.9347
      vertex 1.23744 23.2 25.7626
    endloop
  endfacet
  facet normal -0.751835 0 0.659352
    outer loop
      vertex 1.38837 23.2 25.9347
      vertex 1.23744 16.2 25.7626
      vertex 1.38837 16.2 25.9347
    endloop
  endfacet
  facet normal -0.659503 0 0.751702
    outer loop
      vertex 1.06533 23.2 25.6116
      vertex 1.23744 16.2 25.7626
      vertex 1.23744 23.2 25.7626
    endloop
  endfacet
  facet normal -0.659503 0 0.751702
    outer loop
      vertex 1.23744 16.2 25.7626
      vertex 1.06533 23.2 25.6116
      vertex 1.06533 16.2 25.6116
    endloop
  endfacet
  facet normal 0.980782 -0 0.195108
    outer loop
      vertex -1.73503 16.2 26.7716
      vertex -1.69037 23.2 26.5471
      vertex -1.73503 23.2 26.7716
    endloop
  endfacet
  facet normal 0.980782 0 0.195108
    outer loop
      vertex -1.69037 23.2 26.5471
      vertex -1.73503 16.2 26.7716
      vertex -1.69037 16.2 26.5471
    endloop
  endfacet
  facet normal 0.89686 -0 0.442314
    outer loop
      vertex -1.61679 16.2 26.3303
      vertex -1.51554 23.2 26.125
      vertex -1.61679 23.2 26.3303
    endloop
  endfacet
  facet normal 0.89686 0 0.442314
    outer loop
      vertex -1.51554 23.2 26.125
      vertex -1.61679 16.2 26.3303
      vertex -1.51554 16.2 26.125
    endloop
  endfacet
  facet normal 0.321513 0 0.946905
    outer loop
      vertex -0.669696 23.2 25.3832
      vertex -0.452933 16.2 25.3096
      vertex -0.452933 23.2 25.3096
    endloop
  endfacet
  facet normal 0.321513 0 0.946905
    outer loop
      vertex -0.452933 16.2 25.3096
      vertex -0.669696 23.2 25.3832
      vertex -0.669696 16.2 25.3832
    endloop
  endfacet
  facet normal -0.442483 0 0.896777
    outer loop
      vertex 0.669696 23.2 25.3832
      vertex 0.875 16.2 25.4845
      vertex 0.875 23.2 25.4845
    endloop
  endfacet
  facet normal -0.442483 0 0.896777
    outer loop
      vertex 0.875 16.2 25.4845
      vertex 0.669696 23.2 25.3832
      vertex 0.669696 16.2 25.3832
    endloop
  endfacet
  facet normal -0.946948 0 0.321386
    outer loop
      vertex 1.61679 16.2 26.3303
      vertex 1.69037 23.2 26.5471
      vertex 1.61679 23.2 26.3303
    endloop
  endfacet
  facet normal -0.946948 0 0.321386
    outer loop
      vertex 1.69037 23.2 26.5471
      vertex 1.61679 16.2 26.3303
      vertex 1.69037 16.2 26.5471
    endloop
  endfacet
  facet normal 0 -1 -0
    outer loop
      vertex -0.22842 16.2 25.265
      vertex -0.522104 16.2 19.9658
      vertex 0 16.2 20
    endloop
  endfacet
  facet normal 0 -1 0
    outer loop
      vertex -14.7821 16.2 22.1229
      vertex -1.03528 16.2 19.8637
      vertex -0.522104 16.2 19.9658
    endloop
  endfacet
  facet normal 0 -1 0
    outer loop
      vertex -14.7821 16.2 22.1229
      vertex -1.53073 16.2 19.6955
      vertex -1.03528 16.2 19.8637
    endloop
  endfacet
  facet normal 0 -1 0
    outer loop
      vertex -14.7821 16.2 22.1229
      vertex -2 16.2 19.4641
      vertex -1.53073 16.2 19.6955
    endloop
  endfacet
  facet normal 0 -1 0
    outer loop
      vertex -14.7821 16.2 22.1229
      vertex -2.43505 16.2 19.1734
      vertex -2 16.2 19.4641
    endloop
  endfacet
  facet normal 0 -1 0
    outer loop
      vertex -14.7821 16.2 22.1229
      vertex -2.82843 16.2 18.8284
      vertex -2.43505 16.2 19.1734
    endloop
  endfacet
  facet normal 0 -1 0
    outer loop
      vertex -14.7821 16.2 22.1229
      vertex -3.17341 16.2 18.435
      vertex -2.82843 16.2 18.8284
    endloop
  endfacet
  facet normal 0 -1 0
    outer loop
      vertex -3.8637 16.2 17.0353
      vertex -15.4548 16.2 20.1411
      vertex -15.8631 16.2 18.0884
    endloop
  endfacet
  facet normal 0 -1 0
    outer loop
      vertex -14.7821 16.2 22.1229
      vertex -3.4641 16.2 18
      vertex -3.17341 16.2 18.435
    endloop
  endfacet
  facet normal 0 -1 0
    outer loop
      vertex -14.7821 16.2 22.1229
      vertex -3.69552 16.2 17.5307
      vertex -3.4641 16.2 18
    endloop
  endfacet
  facet normal 0 -1 0
    outer loop
      vertex -15.4548 16.2 20.1411
      vertex -3.8637 16.2 17.0353
      vertex -3.69552 16.2 17.5307
    endloop
  endfacet
  facet normal 0 -1 0
    outer loop
      vertex -15.8631 16.2 18.0884
      vertex -3.96578 16.2 16.5221
      vertex -3.8637 16.2 17.0353
    endloop
  endfacet
  facet normal 0 -1 0
    outer loop
      vertex -16 16.2 16
      vertex -3.96578 16.2 16.5221
      vertex -15.8631 16.2 18.0884
    endloop
  endfacet
  facet normal 0 -1 0
    outer loop
      vertex -16 16.2 16
      vertex -4 16.2 16
      vertex -3.96578 16.2 16.5221
    endloop
  endfacet
  facet normal 0 -1 0
    outer loop
      vertex -16 16.2 16
      vertex -3.96578 16.2 15.4779
      vertex -4 16.2 16
    endloop
  endfacet
  facet normal 0 -1 0
    outer loop
      vertex -15.8631 16.2 13.9116
      vertex -3.96578 16.2 15.4779
      vertex -16 16.2 16
    endloop
  endfacet
  facet normal 0 -1 -0
    outer loop
      vertex -3.96578 16.2 15.4779
      vertex -15.8631 16.2 13.9116
      vertex -3.8637 16.2 14.9647
    endloop
  endfacet
  facet normal 0 -1 0
    outer loop
      vertex -15.4548 16.2 11.8589
      vertex -3.8637 16.2 14.9647
      vertex -15.8631 16.2 13.9116
    endloop
  endfacet
  facet normal 0 -1 -0
    outer loop
      vertex -3.8637 16.2 14.9647
      vertex -15.4548 16.2 11.8589
      vertex -3.69552 16.2 14.4693
    endloop
  endfacet
  facet normal 0 -1 0
    outer loop
      vertex -14.7821 16.2 9.87707
      vertex -3.69552 16.2 14.4693
      vertex -15.4548 16.2 11.8589
    endloop
  endfacet
  facet normal 0 -1 -0
    outer loop
      vertex -3.69552 16.2 14.4693
      vertex -14.7821 16.2 9.87707
      vertex -3.4641 16.2 14
    endloop
  endfacet
  facet normal 0 -1 0
    outer loop
      vertex -13.8564 16.2 8
      vertex -3.4641 16.2 14
      vertex -14.7821 16.2 9.87707
    endloop
  endfacet
  facet normal 0 -1 -0
    outer loop
      vertex -3.4641 16.2 14
      vertex -13.8564 16.2 8
      vertex -3.17341 16.2 13.565
    endloop
  endfacet
  facet normal 0 -1 0
    outer loop
      vertex -12.6937 16.2 6.25982
      vertex -3.17341 16.2 13.565
      vertex -13.8564 16.2 8
    endloop
  endfacet
  facet normal 0 -1 -0
    outer loop
      vertex -3.17341 16.2 13.565
      vertex -12.6937 16.2 6.25982
      vertex -2.82843 16.2 13.1716
    endloop
  endfacet
  facet normal 0 -1 0
    outer loop
      vertex -11.3137 16.2 4.68629
      vertex -2.82843 16.2 13.1716
      vertex -12.6937 16.2 6.25982
    endloop
  endfacet
  facet normal 0 -1 0
    outer loop
      vertex -2.82843 16.2 13.1716
      vertex -1.51554 16.2 5.875
      vertex -2.43505 16.2 12.8266
    endloop
  endfacet
  facet normal -0 -1 0
    outer loop
      vertex -1.51554 16.2 5.875
      vertex -2.82843 16.2 13.1716
      vertex -11.3137 16.2 4.68629
    endloop
  endfacet
  facet normal 0 -1 0
    outer loop
      vertex 0.669696 16.2 6.61679
      vertex 1.03528 16.2 12.1363
      vertex 0.452933 16.2 6.69037
    endloop
  endfacet
  facet normal 0 -1 -0
    outer loop
      vertex 0 16.2 12
      vertex -0.22842 16.2 6.73503
      vertex 0 16.2 6.75
    endloop
  endfacet
  facet normal 0 -1 0
    outer loop
      vertex -0.522104 16.2 12.0342
      vertex -0.22842 16.2 6.73503
      vertex 0 16.2 12
    endloop
  endfacet
  facet normal -0 -1 0
    outer loop
      vertex -0.22842 16.2 6.73503
      vertex -0.522104 16.2 12.0342
      vertex -0.452933 16.2 6.69037
    endloop
  endfacet
  facet normal 0 -1 0
    outer loop
      vertex -1.03528 16.2 12.1363
      vertex -0.452933 16.2 6.69037
      vertex -0.522104 16.2 12.0342
    endloop
  endfacet
  facet normal -0 -1 0
    outer loop
      vertex -0.452933 16.2 6.69037
      vertex -1.03528 16.2 12.1363
      vertex -0.669696 16.2 6.61679
    endloop
  endfacet
  facet normal -0 -1 0
    outer loop
      vertex -0.875 16.2 6.51554
      vertex -1.53073 16.2 12.3045
      vertex -1.06533 16.2 6.38837
    endloop
  endfacet
  facet normal -0 -1 0
    outer loop
      vertex -0.669696 16.2 6.61679
      vertex -1.03528 16.2 12.1363
      vertex -0.875 16.2 6.51554
    endloop
  endfacet
  facet normal 0 -1 0
    outer loop
      vertex -1.53073 16.2 12.3045
      vertex -0.875 16.2 6.51554
      vertex -1.03528 16.2 12.1363
    endloop
  endfacet
  facet normal -0 -1 0
    outer loop
      vertex -1.23744 16.2 6.23744
      vertex -2 16.2 12.5359
      vertex -1.38837 16.2 6.06533
    endloop
  endfacet
  facet normal -0 -1 0
    outer loop
      vertex -1.06533 16.2 6.38837
      vertex -2 16.2 12.5359
      vertex -1.23744 16.2 6.23744
    endloop
  endfacet
  facet normal 0 -1 0
    outer loop
      vertex -1.51554 16.2 5.875
      vertex -11.3137 16.2 4.68629
      vertex -1.61679 16.2 5.6697
    endloop
  endfacet
  facet normal 0 -1 0
    outer loop
      vertex -9.74018 16.2 3.30635
      vertex -1.61679 16.2 5.6697
      vertex -11.3137 16.2 4.68629
    endloop
  endfacet
  facet normal 0 -1 0
    outer loop
      vertex -1.61679 16.2 5.6697
      vertex -9.74018 16.2 3.30635
      vertex -1.69037 16.2 5.45293
    endloop
  endfacet
  facet normal 0 -1 0
    outer loop
      vertex -8 16.2 2.14359
      vertex -1.69037 16.2 5.45293
      vertex -9.74018 16.2 3.30635
    endloop
  endfacet
  facet normal 0 -1 0
    outer loop
      vertex -1.69037 16.2 5.45293
      vertex -8 16.2 2.14359
      vertex -1.73503 16.2 5.22842
    endloop
  endfacet
  facet normal 0 -1 0
    outer loop
      vertex -1.73503 16.2 5.22842
      vertex -8 16.2 2.14359
      vertex -1.75 16.2 5
    endloop
  endfacet
  facet normal 0 -1 0
    outer loop
      vertex -6.12293 16.2 1.21793
      vertex -1.75 16.2 5
      vertex -8 16.2 2.14359
    endloop
  endfacet
  facet normal 0 -1 -0
    outer loop
      vertex -1.75 16.2 5
      vertex -6.12293 16.2 1.21793
      vertex -1.73503 16.2 4.77158
    endloop
  endfacet
  facet normal 0 -1 -0
    outer loop
      vertex -1.73503 16.2 4.77158
      vertex -6.12293 16.2 1.21793
      vertex -1.69037 16.2 4.54707
    endloop
  endfacet
  facet normal 0 -1 -0
    outer loop
      vertex -1.69037 16.2 4.54707
      vertex -6.12293 16.2 1.21793
      vertex -1.61679 16.2 4.3303
    endloop
  endfacet
  facet normal 0 -1 0
    outer loop
      vertex -4.1411 16.2 0.545187
      vertex -1.61679 16.2 4.3303
      vertex -6.12293 16.2 1.21793
    endloop
  endfacet
  facet normal 0 -1 -0
    outer loop
      vertex -1.61679 16.2 4.3303
      vertex -4.1411 16.2 0.545187
      vertex -1.51554 16.2 4.125
    endloop
  endfacet
  facet normal 0 -1 -0
    outer loop
      vertex -1.51554 16.2 4.125
      vertex -4.1411 16.2 0.545187
      vertex -1.38837 16.2 3.93467
    endloop
  endfacet
  facet normal 0 -1 -0
    outer loop
      vertex -1.38837 16.2 3.93467
      vertex -4.1411 16.2 0.545187
      vertex -1.23744 16.2 3.76256
    endloop
  endfacet
  facet normal 0 -1 0
    outer loop
      vertex -2.08842 16.2 0.136883
      vertex -1.23744 16.2 3.76256
      vertex -4.1411 16.2 0.545187
    endloop
  endfacet
  facet normal 0 -1 -0
    outer loop
      vertex -1.23744 16.2 3.76256
      vertex -2.08842 16.2 0.136883
      vertex -1.06533 16.2 3.61163
    endloop
  endfacet
  facet normal 0 -1 -0
    outer loop
      vertex -1.06533 16.2 3.61163
      vertex -2.08842 16.2 0.136883
      vertex -0.875 16.2 3.48446
    endloop
  endfacet
  facet normal 0 -1 -0
    outer loop
      vertex -0.875 16.2 3.48446
      vertex -2.08842 16.2 0.136883
      vertex -0.669696 16.2 3.38321
    endloop
  endfacet
  facet normal 0 -1 0
    outer loop
      vertex 0.875 16.2 6.51554
      vertex 1.03528 16.2 12.1363
      vertex 0.669696 16.2 6.61679
    endloop
  endfacet
  facet normal 0 -1 -0
    outer loop
      vertex 1.03528 16.2 12.1363
      vertex 0.875 16.2 6.51554
      vertex 1.53073 16.2 12.3045
    endloop
  endfacet
  facet normal 0 -1 0
    outer loop
      vertex 1.06533 16.2 6.38837
      vertex 1.53073 16.2 12.3045
      vertex 0.875 16.2 6.51554
    endloop
  endfacet
  facet normal 0 -1 -0
    outer loop
      vertex 1.53073 16.2 12.3045
      vertex 1.06533 16.2 6.38837
      vertex 2 16.2 12.5359
    endloop
  endfacet
  facet normal 0 -1 0
    outer loop
      vertex 1.23744 16.2 6.23744
      vertex 2 16.2 12.5359
      vertex 1.06533 16.2 6.38837
    endloop
  endfacet
  facet normal 0 -1 0
    outer loop
      vertex 1.38837 16.2 6.06533
      vertex 2 16.2 12.5359
      vertex 1.23744 16.2 6.23744
    endloop
  endfacet
  facet normal 0 -1 -0
    outer loop
      vertex 2 16.2 12.5359
      vertex 1.38837 16.2 6.06533
      vertex 10 16.2 8
    endloop
  endfacet
  facet normal 0 -1 0
    outer loop
      vertex 1.51554 16.2 5.875
      vertex 10 16.2 8
      vertex 1.38837 16.2 6.06533
    endloop
  endfacet
  facet normal 0 -1 0
    outer loop
      vertex 1.61679 16.2 5.6697
      vertex 10 16.2 8
      vertex 1.51554 16.2 5.875
    endloop
  endfacet
  facet normal 0 -1 0
    outer loop
      vertex 1.69037 16.2 5.45293
      vertex 10 16.2 8
      vertex 1.61679 16.2 5.6697
    endloop
  endfacet
  facet normal 0 -1 0
    outer loop
      vertex 1.73503 16.2 5.22842
      vertex 10 16.2 8
      vertex 1.69037 16.2 5.45293
    endloop
  endfacet
  facet normal 0 -1 0
    outer loop
      vertex 1.75 16.2 5
      vertex 10 16.2 8
      vertex 1.73503 16.2 5.22842
    endloop
  endfacet
  facet normal 0 -1 0
    outer loop
      vertex 1.73503 16.2 4.77158
      vertex 10 16.2 8
      vertex 1.75 16.2 5
    endloop
  endfacet
  facet normal 0 -1 0
    outer loop
      vertex 10 16.2 0.46875
      vertex 1.73503 16.2 4.77158
      vertex 1.69037 16.2 4.54707
    endloop
  endfacet
  facet normal 0 -1 0
    outer loop
      vertex 10 16.2 0.46875
      vertex 1.69037 16.2 4.54707
      vertex 1.61679 16.2 4.3303
    endloop
  endfacet
  facet normal 0 -1 0
    outer loop
      vertex 10 16.2 0.46875
      vertex 1.61679 16.2 4.3303
      vertex 1.51554 16.2 4.125
    endloop
  endfacet
  facet normal 0 -1 0
    outer loop
      vertex 10 16.2 0.46875
      vertex 1.51554 16.2 4.125
      vertex 1.38837 16.2 3.93467
    endloop
  endfacet
  facet normal 0 -1 0
    outer loop
      vertex 10 16.2 0.46875
      vertex 1.38837 16.2 3.93467
      vertex 1.23744 16.2 3.76256
    endloop
  endfacet
  facet normal 0 -1 0
    outer loop
      vertex 0 16.2 0
      vertex 1.23744 16.2 3.76256
      vertex 1.06533 16.2 3.61163
    endloop
  endfacet
  facet normal 0 -1 0
    outer loop
      vertex 0 16.2 0
      vertex 1.06533 16.2 3.61163
      vertex 0.875 16.2 3.48446
    endloop
  endfacet
  facet normal 0 -1 -0
    outer loop
      vertex -0.669696 16.2 3.38321
      vertex -2.08842 16.2 0.136883
      vertex -0.452933 16.2 3.30963
    endloop
  endfacet
  facet normal 0 -1 0
    outer loop
      vertex 0 16.2 0
      vertex -0.452933 16.2 3.30963
      vertex -2.08842 16.2 0.136883
    endloop
  endfacet
  facet normal 0 -1 0
    outer loop
      vertex -0.452933 16.2 3.30963
      vertex 0 16.2 0
      vertex -0.22842 16.2 3.26497
    endloop
  endfacet
  facet normal 0 -1 0
    outer loop
      vertex -0.22842 16.2 3.26497
      vertex 0 16.2 0
      vertex 0 16.2 3.25
    endloop
  endfacet
  facet normal 0 -1 0
    outer loop
      vertex 0 16.2 3.25
      vertex 0 16.2 0
      vertex 0.22842 16.2 3.26497
    endloop
  endfacet
  facet normal 0 -1 -0
    outer loop
      vertex 0.22842 16.2 3.26497
      vertex 0 16.2 0
      vertex 0.452933 16.2 3.30963
    endloop
  endfacet
  facet normal 0 -1 -0
    outer loop
      vertex 0.452933 16.2 3.30963
      vertex 0 16.2 0
      vertex 0.669696 16.2 3.38321
    endloop
  endfacet
  facet normal 0 -1 -0
    outer loop
      vertex 0.669696 16.2 3.38321
      vertex 0 16.2 0
      vertex 0.875 16.2 3.48446
    endloop
  endfacet
  facet normal 0 -1 -0
    outer loop
      vertex 1.23744 16.2 3.76256
      vertex 0 16.2 0
      vertex 10 16.2 0.46875
    endloop
  endfacet
  facet normal 0 -1 0
    outer loop
      vertex 1.73503 16.2 4.77158
      vertex 10 16.2 0.46875
      vertex 10 16.2 8
    endloop
  endfacet
  facet normal 0 -1 -0
    outer loop
      vertex 0 16.2 32
      vertex -0.22842 16.2 28.735
      vertex 0 16.2 28.75
    endloop
  endfacet
  facet normal 0 -1 0
    outer loop
      vertex -1.69037 16.2 26.5471
      vertex -8 16.2 29.8564
      vertex -9.74018 16.2 28.6937
    endloop
  endfacet
  facet normal 0 -1 0
    outer loop
      vertex -6.12293 16.2 30.7821
      vertex -0.452933 16.2 28.6904
      vertex -0.22842 16.2 28.735
    endloop
  endfacet
  facet normal 0 -1 0
    outer loop
      vertex -6.12293 16.2 30.7821
      vertex -0.669696 16.2 28.6168
      vertex -0.452933 16.2 28.6904
    endloop
  endfacet
  facet normal 0 -1 0
    outer loop
      vertex -6.12293 16.2 30.7821
      vertex -0.875 16.2 28.5155
      vertex -0.669696 16.2 28.6168
    endloop
  endfacet
  facet normal 0 -1 0
    outer loop
      vertex -6.12293 16.2 30.7821
      vertex -1.06533 16.2 28.3884
      vertex -0.875 16.2 28.5155
    endloop
  endfacet
  facet normal 0 -1 0
    outer loop
      vertex -6.12293 16.2 30.7821
      vertex -1.23744 16.2 28.2374
      vertex -1.06533 16.2 28.3884
    endloop
  endfacet
  facet normal 0 -1 0
    outer loop
      vertex -6.12293 16.2 30.7821
      vertex -1.38837 16.2 28.0653
      vertex -1.23744 16.2 28.2374
    endloop
  endfacet
  facet normal 0 -1 0
    outer loop
      vertex -6.12293 16.2 30.7821
      vertex -1.51554 16.2 27.875
      vertex -1.38837 16.2 28.0653
    endloop
  endfacet
  facet normal 0 -1 0
    outer loop
      vertex -6.12293 16.2 30.7821
      vertex -1.61679 16.2 27.6697
      vertex -1.51554 16.2 27.875
    endloop
  endfacet
  facet normal 0 -1 0
    outer loop
      vertex -6.12293 16.2 30.7821
      vertex -1.69037 16.2 27.4529
      vertex -1.61679 16.2 27.6697
    endloop
  endfacet
  facet normal 0 -1 0
    outer loop
      vertex -1.61679 16.2 26.3303
      vertex -9.74018 16.2 28.6937
      vertex -11.3137 16.2 27.3137
    endloop
  endfacet
  facet normal 0 -1 0
    outer loop
      vertex -6.12293 16.2 30.7821
      vertex -1.73503 16.2 27.2284
      vertex -1.69037 16.2 27.4529
    endloop
  endfacet
  facet normal 0 -1 0
    outer loop
      vertex -6.12293 16.2 30.7821
      vertex -1.75 16.2 27
      vertex -1.73503 16.2 27.2284
    endloop
  endfacet
  facet normal 0 -1 0
    outer loop
      vertex -8 16.2 29.8564
      vertex -1.73503 16.2 26.7716
      vertex -1.75 16.2 27
    endloop
  endfacet
  facet normal 0 -1 0
    outer loop
      vertex -8 16.2 29.8564
      vertex -1.69037 16.2 26.5471
      vertex -1.73503 16.2 26.7716
    endloop
  endfacet
  facet normal 0 -1 0
    outer loop
      vertex -9.74018 16.2 28.6937
      vertex -1.61679 16.2 26.3303
      vertex -1.69037 16.2 26.5471
    endloop
  endfacet
  facet normal 0 -1 0
    outer loop
      vertex -11.3137 16.2 27.3137
      vertex -1.51554 16.2 26.125
      vertex -1.61679 16.2 26.3303
    endloop
  endfacet
  facet normal 0 -1 0
    outer loop
      vertex -11.3137 16.2 27.3137
      vertex -1.38837 16.2 25.9347
      vertex -1.51554 16.2 26.125
    endloop
  endfacet
  facet normal 0 -1 0
    outer loop
      vertex -12.6937 16.2 25.7402
      vertex -1.38837 16.2 25.9347
      vertex -11.3137 16.2 27.3137
    endloop
  endfacet
  facet normal 0 -1 0
    outer loop
      vertex -0.522104 16.2 19.9658
      vertex -1.38837 16.2 25.9347
      vertex -12.6937 16.2 25.7402
    endloop
  endfacet
  facet normal 0 -1 0
    outer loop
      vertex -0.522104 16.2 19.9658
      vertex -1.23744 16.2 25.7626
      vertex -1.38837 16.2 25.9347
    endloop
  endfacet
  facet normal 0 -1 0
    outer loop
      vertex -0.522104 16.2 19.9658
      vertex -1.06533 16.2 25.6116
      vertex -1.23744 16.2 25.7626
    endloop
  endfacet
  facet normal 0 -1 0
    outer loop
      vertex -0.522104 16.2 19.9658
      vertex -0.875 16.2 25.4845
      vertex -1.06533 16.2 25.6116
    endloop
  endfacet
  facet normal 0 -1 0
    outer loop
      vertex -0.522104 16.2 19.9658
      vertex -0.669696 16.2 25.3832
      vertex -0.875 16.2 25.4845
    endloop
  endfacet
  facet normal 0 -1 0
    outer loop
      vertex -0.522104 16.2 19.9658
      vertex -0.452933 16.2 25.3096
      vertex -0.669696 16.2 25.3832
    endloop
  endfacet
  facet normal 0 -1 0
    outer loop
      vertex -0.522104 16.2 19.9658
      vertex -0.22842 16.2 25.265
      vertex -0.452933 16.2 25.3096
    endloop
  endfacet
  facet normal 0 -1 0
    outer loop
      vertex -0.522104 16.2 19.9658
      vertex -12.6937 16.2 25.7402
      vertex -13.8564 16.2 24
    endloop
  endfacet
  facet normal 0 -1 0
    outer loop
      vertex -0.22842 16.2 28.735
      vertex -2.08842 16.2 31.8631
      vertex -4.1411 16.2 31.4548
    endloop
  endfacet
  facet normal 0 -1 0
    outer loop
      vertex -0.22842 16.2 28.735
      vertex 0 16.2 32
      vertex -2.08842 16.2 31.8631
    endloop
  endfacet
  facet normal 0 -1 0
    outer loop
      vertex -0.22842 16.2 28.735
      vertex -4.1411 16.2 31.4548
      vertex -6.12293 16.2 30.7821
    endloop
  endfacet
  facet normal 0 -1 0
    outer loop
      vertex -1.75 16.2 27
      vertex -6.12293 16.2 30.7821
      vertex -8 16.2 29.8564
    endloop
  endfacet
  facet normal 0 -1 0
    outer loop
      vertex 0 16.2 32
      vertex 0 16.2 28.75
      vertex 0.22842 16.2 28.735
    endloop
  endfacet
  facet normal 0 -1 0
    outer loop
      vertex 0 16.2 32
      vertex 0.22842 16.2 28.735
      vertex 0.452933 16.2 28.6904
    endloop
  endfacet
  facet normal 0 -1 0
    outer loop
      vertex 0 16.2 32
      vertex 0.452933 16.2 28.6904
      vertex 0.669696 16.2 28.6168
    endloop
  endfacet
  facet normal 0 -1 0
    outer loop
      vertex 0.875 16.2 28.5155
      vertex 0 16.2 32
      vertex 0.669696 16.2 28.6168
    endloop
  endfacet
  facet normal 0 -1 0
    outer loop
      vertex 1.06533 16.2 28.3884
      vertex 0 16.2 32
      vertex 0.875 16.2 28.5155
    endloop
  endfacet
  facet normal 0 -1 0
    outer loop
      vertex 1.23744 16.2 28.2374
      vertex 0 16.2 32
      vertex 1.06533 16.2 28.3884
    endloop
  endfacet
  facet normal 0 -1 0
    outer loop
      vertex 1.38837 16.2 28.0653
      vertex 0 16.2 32
      vertex 1.23744 16.2 28.2374
    endloop
  endfacet
  facet normal 0 -1 0
    outer loop
      vertex 0 16.2 32
      vertex 1.38837 16.2 28.0653
      vertex 18 16.2 31.1562
    endloop
  endfacet
  facet normal 0 -1 0
    outer loop
      vertex 1.51554 16.2 27.875
      vertex 18 16.2 31.1562
      vertex 1.38837 16.2 28.0653
    endloop
  endfacet
  facet normal 0 -1 0
    outer loop
      vertex 1.61679 16.2 27.6697
      vertex 18 16.2 31.1562
      vertex 1.51554 16.2 27.875
    endloop
  endfacet
  facet normal 0 -1 0
    outer loop
      vertex 1.69037 16.2 27.4529
      vertex 18 16.2 31.1562
      vertex 1.61679 16.2 27.6697
    endloop
  endfacet
  facet normal 0 -1 0
    outer loop
      vertex 1.73503 16.2 27.2284
      vertex 18 16.2 31.1562
      vertex 1.69037 16.2 27.4529
    endloop
  endfacet
  facet normal 0 -1 0
    outer loop
      vertex 1.75 16.2 27
      vertex 18 16.2 31.1562
      vertex 1.73503 16.2 27.2284
    endloop
  endfacet
  facet normal 0 -1 0
    outer loop
      vertex 1.73503 16.2 26.7716
      vertex 18 16.2 31.1562
      vertex 1.75 16.2 27
    endloop
  endfacet
  facet normal 0 -1 0
    outer loop
      vertex 1.69037 16.2 26.5471
      vertex 18 16.2 31.1562
      vertex 1.73503 16.2 26.7716
    endloop
  endfacet
  facet normal 0 -1 0
    outer loop
      vertex 3.17341 16.2 18.435
      vertex 1.69037 16.2 26.5471
      vertex 1.61679 16.2 26.3303
    endloop
  endfacet
  facet normal 0 -1 0
    outer loop
      vertex 2.82843 16.2 18.8284
      vertex 1.61679 16.2 26.3303
      vertex 1.51554 16.2 26.125
    endloop
  endfacet
  facet normal 0 -1 0
    outer loop
      vertex 2.43505 16.2 19.1734
      vertex 1.51554 16.2 26.125
      vertex 1.38837 16.2 25.9347
    endloop
  endfacet
  facet normal 0 -1 0
    outer loop
      vertex 2 16.2 19.4641
      vertex 1.38837 16.2 25.9347
      vertex 1.23744 16.2 25.7626
    endloop
  endfacet
  facet normal 0 -1 0
    outer loop
      vertex 2 16.2 19.4641
      vertex 1.23744 16.2 25.7626
      vertex 1.06533 16.2 25.6116
    endloop
  endfacet
  facet normal 0 -1 0
    outer loop
      vertex 1.53073 16.2 19.6955
      vertex 1.06533 16.2 25.6116
      vertex 0.875 16.2 25.4845
    endloop
  endfacet
  facet normal 0 -1 0
    outer loop
      vertex 1.03528 16.2 19.8637
      vertex 0.875 16.2 25.4845
      vertex 0.669696 16.2 25.3832
    endloop
  endfacet
  facet normal 0 -1 0
    outer loop
      vertex 1.03528 16.2 19.8637
      vertex 0.669696 16.2 25.3832
      vertex 0.452933 16.2 25.3096
    endloop
  endfacet
  facet normal 0 -1 0
    outer loop
      vertex -0.22842 16.2 25.265
      vertex 0 16.2 20
      vertex 0 16.2 25.25
    endloop
  endfacet
  facet normal 0 -1 0
    outer loop
      vertex -0.522104 16.2 19.9658
      vertex -13.8564 16.2 24
      vertex -14.7821 16.2 22.1229
    endloop
  endfacet
  facet normal 0 -1 0
    outer loop
      vertex 0 16.2 25.25
      vertex 0 16.2 20
      vertex 0.22842 16.2 25.265
    endloop
  endfacet
  facet normal 0 -1 0
    outer loop
      vertex -3.69552 16.2 17.5307
      vertex -14.7821 16.2 22.1229
      vertex -15.4548 16.2 20.1411
    endloop
  endfacet
  facet normal 0 -1 0
    outer loop
      vertex 0.522104 16.2 19.9658
      vertex 0.22842 16.2 25.265
      vertex 0 16.2 20
    endloop
  endfacet
  facet normal 0 -1 0
    outer loop
      vertex 0.22842 16.2 25.265
      vertex 0.522104 16.2 19.9658
      vertex 0.452933 16.2 25.3096
    endloop
  endfacet
  facet normal 0 -1 0
    outer loop
      vertex 1.03528 16.2 19.8637
      vertex 0.452933 16.2 25.3096
      vertex 0.522104 16.2 19.9658
    endloop
  endfacet
  facet normal 0 -1 0
    outer loop
      vertex 0.875 16.2 25.4845
      vertex 1.03528 16.2 19.8637
      vertex 1.53073 16.2 19.6955
    endloop
  endfacet
  facet normal 0 -1 0
    outer loop
      vertex 1.06533 16.2 25.6116
      vertex 1.53073 16.2 19.6955
      vertex 2 16.2 19.4641
    endloop
  endfacet
  facet normal 0 -1 0
    outer loop
      vertex 1.38837 16.2 25.9347
      vertex 2 16.2 19.4641
      vertex 2.43505 16.2 19.1734
    endloop
  endfacet
  facet normal 0 -1 0
    outer loop
      vertex 1.51554 16.2 26.125
      vertex 2.43505 16.2 19.1734
      vertex 2.82843 16.2 18.8284
    endloop
  endfacet
  facet normal 0 -1 0
    outer loop
      vertex 1.61679 16.2 26.3303
      vertex 2.82843 16.2 18.8284
      vertex 3.17341 16.2 18.435
    endloop
  endfacet
  facet normal 0 -1 0
    outer loop
      vertex 1.69037 16.2 26.5471
      vertex 3.17341 16.2 18.435
      vertex 18 16.2 31.1562
    endloop
  endfacet
  facet normal 0 -1 0
    outer loop
      vertex 3.4641 16.2 18
      vertex 18 16.2 31.1562
      vertex 3.17341 16.2 18.435
    endloop
  endfacet
  facet normal 0 -1 0
    outer loop
      vertex 3.69552 16.2 17.5307
      vertex 18 16.2 31.1562
      vertex 3.4641 16.2 18
    endloop
  endfacet
  facet normal 0 -1 0
    outer loop
      vertex 3.8637 16.2 17.0353
      vertex 18 16.2 31.1562
      vertex 3.69552 16.2 17.5307
    endloop
  endfacet
  facet normal 0 -1 0
    outer loop
      vertex 16 16.2 8
      vertex 3.8637 16.2 17.0353
      vertex 3.96578 16.2 16.5221
    endloop
  endfacet
  facet normal 0 -1 0
    outer loop
      vertex 16 16.2 8
      vertex 3.96578 16.2 16.5221
      vertex 4 16.2 16
    endloop
  endfacet
  facet normal 0 -1 0
    outer loop
      vertex 10 16.2 8
      vertex 4 16.2 16
      vertex 3.96578 16.2 15.4779
    endloop
  endfacet
  facet normal 0 -1 0
    outer loop
      vertex 10 16.2 8
      vertex 3.96578 16.2 15.4779
      vertex 3.8637 16.2 14.9647
    endloop
  endfacet
  facet normal 0 -1 0
    outer loop
      vertex 10 16.2 8
      vertex 3.8637 16.2 14.9647
      vertex 3.69552 16.2 14.4693
    endloop
  endfacet
  facet normal 0 -1 0
    outer loop
      vertex 10 16.2 8
      vertex 3.69552 16.2 14.4693
      vertex 3.4641 16.2 14
    endloop
  endfacet
  facet normal 0 -1 0
    outer loop
      vertex 10 16.2 8
      vertex 3.4641 16.2 14
      vertex 3.17341 16.2 13.565
    endloop
  endfacet
  facet normal -0 -1 0
    outer loop
      vertex -1.38837 16.2 6.06533
      vertex -2.43505 16.2 12.8266
      vertex -1.51554 16.2 5.875
    endloop
  endfacet
  facet normal 0 -1 0
    outer loop
      vertex -2.43505 16.2 12.8266
      vertex -1.38837 16.2 6.06533
      vertex -2 16.2 12.5359
    endloop
  endfacet
  facet normal 0 -1 0
    outer loop
      vertex -2 16.2 12.5359
      vertex -1.06533 16.2 6.38837
      vertex -1.53073 16.2 12.3045
    endloop
  endfacet
  facet normal 0 -1 0
    outer loop
      vertex 0.22842 16.2 6.73503
      vertex 0 16.2 12
      vertex 0 16.2 6.75
    endloop
  endfacet
  facet normal 0 -1 0
    outer loop
      vertex 0 16.2 12
      vertex 0.22842 16.2 6.73503
      vertex 0.522104 16.2 12.0342
    endloop
  endfacet
  facet normal 0 -1 0
    outer loop
      vertex 0.452933 16.2 6.69037
      vertex 0.522104 16.2 12.0342
      vertex 0.22842 16.2 6.73503
    endloop
  endfacet
  facet normal 0 -1 -0
    outer loop
      vertex 0.522104 16.2 12.0342
      vertex 0.452933 16.2 6.69037
      vertex 1.03528 16.2 12.1363
    endloop
  endfacet
  facet normal 0 -1 0
    outer loop
      vertex 10 16.2 8
      vertex 2.43505 16.2 12.8266
      vertex 2 16.2 12.5359
    endloop
  endfacet
  facet normal 0 -1 0
    outer loop
      vertex 10 16.2 8
      vertex 2.82843 16.2 13.1716
      vertex 2.43505 16.2 12.8266
    endloop
  endfacet
  facet normal 0 -1 0
    outer loop
      vertex 10 16.2 8
      vertex 3.17341 16.2 13.565
      vertex 2.82843 16.2 13.1716
    endloop
  endfacet
  facet normal 0 -1 0
    outer loop
      vertex 4 16.2 16
      vertex 10 16.2 8
      vertex 16 16.2 8
    endloop
  endfacet
  facet normal 0 -1 0
    outer loop
      vertex 3.8637 16.2 17.0353
      vertex 16 16.2 8
      vertex 18 16.2 31.1562
    endloop
  endfacet
  facet normal 0 -1 0
    outer loop
      vertex 16 16.2 8
      vertex 18 16.2 0.84375
      vertex 18 16.2 31.1562
    endloop
  endfacet
  facet normal -0 -1 0
    outer loop
      vertex 18 16.2 0.84375
      vertex 16 16.2 8
      vertex 16 16.2 0.75
    endloop
  endfacet
  facet normal 0.0468264 0 0.998903
    outer loop
      vertex 0 23.2 32
      vertex 18 16.2 31.1562
      vertex 18 23.2 31.1562
    endloop
  endfacet
  facet normal 0.0468264 0 0.998903
    outer loop
      vertex 18 16.2 31.1562
      vertex 0 23.2 32
      vertex 0 16.2 32
    endloop
  endfacet
  facet normal 0.0468236 0 -0.998903
    outer loop
      vertex 0 16.2 0
      vertex 10 23.2 0.46875
      vertex 10 16.2 0.46875
    endloop
  endfacet
  facet normal 0.0468236 0 -0.998903
    outer loop
      vertex 10 23.2 0.46875
      vertex 0 16.2 0
      vertex 0 23.2 0
    endloop
  endfacet
  facet normal 0.0468236 0 -0.998903
    outer loop
      vertex 16 16.2 0.75
      vertex 18 23.2 0.84375
      vertex 18 16.2 0.84375
    endloop
  endfacet
  facet normal 0.0468236 0 -0.998903
    outer loop
      vertex 18 23.2 0.84375
      vertex 16 16.2 0.75
      vertex 16 23.2 0.75
    endloop
  endfacet
  facet normal 0 0 0
    outer loop
      vertex 18 23.2 0.84375
      vertex 16 23.2 0.75
      vertex 10 23.2 0.46875
    endloop
  endfacet
  facet normal 0 0 -0
    outer loop
      vertex 10 23.2 0.46875
      vertex 0 23.2 0
      vertex 18 23.2 0.84375
    endloop
  endfacet
  facet normal 0 1 -0
    outer loop
      vertex -0.452933 23.2 28.6904
      vertex -2.08842 23.2 31.8631
      vertex 0 23.2 32
    endloop
  endfacet
  facet normal 0 1 -0
    outer loop
      vertex 1.38837 23.2 28.0653
      vertex 0 23.2 32
      vertex 18 23.2 31.1562
    endloop
  endfacet
  facet normal -0 1 -0
    outer loop
      vertex 0.452933 23.2 28.6904
      vertex 0 23.2 32
      vertex 0.669696 23.2 28.6168
    endloop
  endfacet
  facet normal 0 1 0
    outer loop
      vertex -0.22842 23.2 28.735
      vertex 0 23.2 32
      vertex 0 23.2 28.75
    endloop
  endfacet
  facet normal 0 1 0
    outer loop
      vertex -2.08842 23.2 31.8631
      vertex -0.452933 23.2 28.6904
      vertex -0.669696 23.2 28.6168
    endloop
  endfacet
  facet normal 0 1 0
    outer loop
      vertex -0.452933 23.2 28.6904
      vertex 0 23.2 32
      vertex -0.22842 23.2 28.735
    endloop
  endfacet
  facet normal -0 1 0
    outer loop
      vertex 0 23.2 28.75
      vertex 0 23.2 32
      vertex 0.22842 23.2 28.735
    endloop
  endfacet
  facet normal -0 1 -0
    outer loop
      vertex 0.22842 23.2 28.735
      vertex 0 23.2 32
      vertex 0.452933 23.2 28.6904
    endloop
  endfacet
  facet normal 0 1 0
    outer loop
      vertex 0 23.2 32
      vertex 0.875 23.2 28.5155
      vertex 0.669696 23.2 28.6168
    endloop
  endfacet
  facet normal 0 1 0
    outer loop
      vertex 0 23.2 32
      vertex 1.06533 23.2 28.3884
      vertex 0.875 23.2 28.5155
    endloop
  endfacet
  facet normal 0 1 0
    outer loop
      vertex 0 23.2 32
      vertex 1.23744 23.2 28.2374
      vertex 1.06533 23.2 28.3884
    endloop
  endfacet
  facet normal 0 1 0
    outer loop
      vertex 0 23.2 32
      vertex 1.38837 23.2 28.0653
      vertex 1.23744 23.2 28.2374
    endloop
  endfacet
  facet normal 0 1 0
    outer loop
      vertex 18 23.2 31.1562
      vertex 1.51554 23.2 27.875
      vertex 1.38837 23.2 28.0653
    endloop
  endfacet
  facet normal 0 1 0
    outer loop
      vertex 18 23.2 31.1562
      vertex 1.61679 23.2 27.6697
      vertex 1.51554 23.2 27.875
    endloop
  endfacet
  facet normal 0 1 0
    outer loop
      vertex 18 23.2 31.1562
      vertex 1.69037 23.2 27.4529
      vertex 1.61679 23.2 27.6697
    endloop
  endfacet
  facet normal 0 1 0
    outer loop
      vertex 18 23.2 31.1562
      vertex 1.73503 23.2 27.2284
      vertex 1.69037 23.2 27.4529
    endloop
  endfacet
  facet normal 0 1 0
    outer loop
      vertex 18 23.2 31.1562
      vertex 1.75 23.2 27
      vertex 1.73503 23.2 27.2284
    endloop
  endfacet
  facet normal 0 1 -0
    outer loop
      vertex 4.6669 23.2 20.6669
      vertex 1.75 23.2 27
      vertex 18 23.2 31.1562
    endloop
  endfacet
  facet normal -0 1 -0
    outer loop
      vertex 4.01783 23.2 21.2361
      vertex 1.75 23.2 27
      vertex 4.6669 23.2 20.6669
    endloop
  endfacet
  facet normal 0 1 0
    outer loop
      vertex 1.75 23.2 27
      vertex 4.01783 23.2 21.2361
      vertex 1.73503 23.2 26.7716
    endloop
  endfacet
  facet normal 0 1 0
    outer loop
      vertex 1.73503 23.2 26.7716
      vertex 4.01783 23.2 21.2361
      vertex 1.69037 23.2 26.5471
    endloop
  endfacet
  facet normal 0 1 0
    outer loop
      vertex 1.69037 23.2 26.5471
      vertex 3.3 23.2 21.7158
      vertex 1.61679 23.2 26.3303
    endloop
  endfacet
  facet normal 0 1 0
    outer loop
      vertex 1.61679 23.2 26.3303
      vertex 3.3 23.2 21.7158
      vertex 1.51554 23.2 26.125
    endloop
  endfacet
  facet normal -0 1 -0
    outer loop
      vertex 2.52571 23.2 22.0976
      vertex 1.51554 23.2 26.125
      vertex 3.3 23.2 21.7158
    endloop
  endfacet
  facet normal 0 1 0
    outer loop
      vertex 1.51554 23.2 26.125
      vertex 2.52571 23.2 22.0976
      vertex 1.38837 23.2 25.9347
    endloop
  endfacet
  facet normal 0 1 0
    outer loop
      vertex 1.38837 23.2 25.9347
      vertex 2.52571 23.2 22.0976
      vertex 1.23744 23.2 25.7626
    endloop
  endfacet
  facet normal -0 1 -0
    outer loop
      vertex 1.70821 23.2 22.3751
      vertex 1.23744 23.2 25.7626
      vertex 2.52571 23.2 22.0976
    endloop
  endfacet
  facet normal 0 1 0
    outer loop
      vertex 0 23.2 22.6
      vertex 0 23.2 25.25
      vertex 0.22842 23.2 25.265
    endloop
  endfacet
  facet normal 0 1 0
    outer loop
      vertex 0 23.2 25.25
      vertex 0 23.2 22.6
      vertex -0.861472 23.2 22.5435
    endloop
  endfacet
  facet normal 0 1 0
    outer loop
      vertex 0.861472 23.2 22.5435
      vertex 0.22842 23.2 25.265
      vertex 0.452933 23.2 25.3096
    endloop
  endfacet
  facet normal 0 1 0
    outer loop
      vertex 1.23744 23.2 25.7626
      vertex 1.70821 23.2 22.3751
      vertex 1.06533 23.2 25.6116
    endloop
  endfacet
  facet normal 0 1 0
    outer loop
      vertex 0.22842 23.2 25.265
      vertex 0.861472 23.2 22.5435
      vertex 0 23.2 22.6
    endloop
  endfacet
  facet normal 0 1 0
    outer loop
      vertex 0.669696 23.2 25.3832
      vertex 0.861472 23.2 22.5435
      vertex 0.452933 23.2 25.3096
    endloop
  endfacet
  facet normal 0 1 0
    outer loop
      vertex 0.875 23.2 25.4845
      vertex 0.861472 23.2 22.5435
      vertex 0.669696 23.2 25.3832
    endloop
  endfacet
  facet normal -0 1 0
    outer loop
      vertex 0.861472 23.2 22.5435
      vertex 0.875 23.2 25.4845
      vertex 1.70821 23.2 22.3751
    endloop
  endfacet
  facet normal 0 1 0
    outer loop
      vertex 1.06533 23.2 25.6116
      vertex 1.70821 23.2 22.3751
      vertex 0.875 23.2 25.4845
    endloop
  endfacet
  facet normal -0 1 -0
    outer loop
      vertex 3.3 23.2 21.7158
      vertex 1.69037 23.2 26.5471
      vertex 4.01783 23.2 21.2361
    endloop
  endfacet
  facet normal 0 1 0
    outer loop
      vertex 18 23.2 31.1562
      vertex 5.23613 23.2 20.0178
      vertex 4.6669 23.2 20.6669
    endloop
  endfacet
  facet normal 0 1 0
    outer loop
      vertex 18 23.2 31.1562
      vertex 5.71577 23.2 19.3
      vertex 5.23613 23.2 20.0178
    endloop
  endfacet
  facet normal 0 1 0
    outer loop
      vertex 18 23.2 31.1562
      vertex 6.0976 23.2 18.5257
      vertex 5.71577 23.2 19.3
    endloop
  endfacet
  facet normal 0 1 0
    outer loop
      vertex 18 23.2 31.1562
      vertex 6.37511 23.2 17.7082
      vertex 6.0976 23.2 18.5257
    endloop
  endfacet
  facet normal 0 1 0
    outer loop
      vertex 18 23.2 31.1562
      vertex 6.54354 23.2 16.8615
      vertex 6.37511 23.2 17.7082
    endloop
  endfacet
  facet normal 0 1 0
    outer loop
      vertex 18 23.2 31.1562
      vertex 6.6 23.2 16
      vertex 6.54354 23.2 16.8615
    endloop
  endfacet
  facet normal 0 1 -0
    outer loop
      vertex 18 23.2 0.84375
      vertex 6.6 23.2 16
      vertex 18 23.2 31.1562
    endloop
  endfacet
  facet normal 0 1 0
    outer loop
      vertex 6.6 23.2 16
      vertex 18 23.2 0.84375
      vertex 6.54354 23.2 15.1385
    endloop
  endfacet
  facet normal 0 1 0
    outer loop
      vertex 6.54354 23.2 15.1385
      vertex 18 23.2 0.84375
      vertex 6.37511 23.2 14.2918
    endloop
  endfacet
  facet normal 0 1 0
    outer loop
      vertex 6.37511 23.2 14.2918
      vertex 18 23.2 0.84375
      vertex 6.0976 23.2 13.4743
    endloop
  endfacet
  facet normal 0 1 -0
    outer loop
      vertex 0.22842 23.2 6.73503
      vertex 0 23.2 9.4
      vertex 0.861472 23.2 9.45646
    endloop
  endfacet
  facet normal 0 1 0
    outer loop
      vertex 0 23.2 9.4
      vertex 0 23.2 6.75
      vertex -0.22842 23.2 6.73503
    endloop
  endfacet
  facet normal 0 1 -0
    outer loop
      vertex 0.875 23.2 6.51554
      vertex 0.861472 23.2 9.45646
      vertex 1.70821 23.2 9.62489
    endloop
  endfacet
  facet normal 0 1 0
    outer loop
      vertex 1.23744 23.2 6.23744
      vertex 1.70821 23.2 9.62489
      vertex 2.52571 23.2 9.9024
    endloop
  endfacet
  facet normal 0 1 0
    outer loop
      vertex 1.51554 23.2 5.875
      vertex 2.52571 23.2 9.9024
      vertex 3.3 23.2 10.2842
    endloop
  endfacet
  facet normal 0 1 0
    outer loop
      vertex 1.69037 23.2 5.45293
      vertex 3.3 23.2 10.2842
      vertex 4.01783 23.2 10.7639
    endloop
  endfacet
  facet normal 0 1 0
    outer loop
      vertex 1.75 23.2 5
      vertex 4.01783 23.2 10.7639
      vertex 4.6669 23.2 11.3331
    endloop
  endfacet
  facet normal 0 1 0
    outer loop
      vertex 0 23.2 9.4
      vertex 0.22842 23.2 6.73503
      vertex 0 23.2 6.75
    endloop
  endfacet
  facet normal 0 1 0
    outer loop
      vertex 0.861472 23.2 9.45646
      vertex 0.452933 23.2 6.69037
      vertex 0.22842 23.2 6.73503
    endloop
  endfacet
  facet normal 0 1 0
    outer loop
      vertex 0.861472 23.2 9.45646
      vertex 0.669696 23.2 6.61679
      vertex 0.452933 23.2 6.69037
    endloop
  endfacet
  facet normal 0 1 0
    outer loop
      vertex 18 23.2 0.84375
      vertex 4.6669 23.2 11.3331
      vertex 5.23613 23.2 11.9822
    endloop
  endfacet
  facet normal 0 1 0
    outer loop
      vertex 0.861472 23.2 9.45646
      vertex 0.875 23.2 6.51554
      vertex 0.669696 23.2 6.61679
    endloop
  endfacet
  facet normal 0 1 0
    outer loop
      vertex 1.70821 23.2 9.62489
      vertex 1.06533 23.2 6.38837
      vertex 0.875 23.2 6.51554
    endloop
  endfacet
  facet normal 0 1 0
    outer loop
      vertex 1.70821 23.2 9.62489
      vertex 1.23744 23.2 6.23744
      vertex 1.06533 23.2 6.38837
    endloop
  endfacet
  facet normal 0 1 0
    outer loop
      vertex 2.52571 23.2 9.9024
      vertex 1.38837 23.2 6.06533
      vertex 1.23744 23.2 6.23744
    endloop
  endfacet
  facet normal 0 1 0
    outer loop
      vertex 18 23.2 0.84375
      vertex 5.23613 23.2 11.9822
      vertex 5.71577 23.2 12.7
    endloop
  endfacet
  facet normal 0 1 0
    outer loop
      vertex 6.0976 23.2 13.4743
      vertex 18 23.2 0.84375
      vertex 5.71577 23.2 12.7
    endloop
  endfacet
  facet normal 0 1 0
    outer loop
      vertex 4.6669 23.2 11.3331
      vertex 18 23.2 0.84375
      vertex 1.75 23.2 5
    endloop
  endfacet
  facet normal 0 1 0
    outer loop
      vertex 2.52571 23.2 9.9024
      vertex 1.51554 23.2 5.875
      vertex 1.38837 23.2 6.06533
    endloop
  endfacet
  facet normal 0 1 0
    outer loop
      vertex 3.3 23.2 10.2842
      vertex 1.61679 23.2 5.6697
      vertex 1.51554 23.2 5.875
    endloop
  endfacet
  facet normal 0 1 0
    outer loop
      vertex 3.3 23.2 10.2842
      vertex 1.69037 23.2 5.45293
      vertex 1.61679 23.2 5.6697
    endloop
  endfacet
  facet normal 0 1 0
    outer loop
      vertex 4.01783 23.2 10.7639
      vertex 1.73503 23.2 5.22842
      vertex 1.69037 23.2 5.45293
    endloop
  endfacet
  facet normal 0 1 0
    outer loop
      vertex 4.01783 23.2 10.7639
      vertex 1.75 23.2 5
      vertex 1.73503 23.2 5.22842
    endloop
  endfacet
  facet normal 0 1 0
    outer loop
      vertex 1.75 23.2 5
      vertex 18 23.2 0.84375
      vertex 1.73503 23.2 4.77158
    endloop
  endfacet
  facet normal 0 1 0
    outer loop
      vertex 1.73503 23.2 4.77158
      vertex 18 23.2 0.84375
      vertex 1.69037 23.2 4.54707
    endloop
  endfacet
  facet normal 0 1 0
    outer loop
      vertex 1.69037 23.2 4.54707
      vertex 18 23.2 0.84375
      vertex 1.61679 23.2 4.3303
    endloop
  endfacet
  facet normal 0 1 0
    outer loop
      vertex 0 23.2 0
      vertex 0 23.2 3.25
      vertex 0.22842 23.2 3.26497
    endloop
  endfacet
  facet normal 0 1 0
    outer loop
      vertex 0 23.2 3.25
      vertex -6.12293 23.2 1.21793
      vertex -8 23.2 2.14359
    endloop
  endfacet
  facet normal 0 1 0
    outer loop
      vertex 0 23.2 0
      vertex 0.22842 23.2 3.26497
      vertex 0.452933 23.2 3.30963
    endloop
  endfacet
  facet normal 0 1 0
    outer loop
      vertex 1.61679 23.2 4.3303
      vertex 18 23.2 0.84375
      vertex 1.51554 23.2 4.125
    endloop
  endfacet
  facet normal 0 1 0
    outer loop
      vertex 18 23.2 0.84375
      vertex 1.38837 23.2 3.93467
      vertex 1.51554 23.2 4.125
    endloop
  endfacet
  facet normal 0 1 0
    outer loop
      vertex 0 23.2 0
      vertex 1.38837 23.2 3.93467
      vertex 18 23.2 0.84375
    endloop
  endfacet
  facet normal 0 1 0
    outer loop
      vertex 1.38837 23.2 3.93467
      vertex 0 23.2 0
      vertex 1.23744 23.2 3.76256
    endloop
  endfacet
  facet normal 0 1 0
    outer loop
      vertex 1.23744 23.2 3.76256
      vertex 0 23.2 0
      vertex 1.06533 23.2 3.61163
    endloop
  endfacet
  facet normal 0 1 0
    outer loop
      vertex 1.06533 23.2 3.61163
      vertex 0 23.2 0
      vertex 0.875 23.2 3.48446
    endloop
  endfacet
  facet normal 0 1 0
    outer loop
      vertex 0.875 23.2 3.48446
      vertex 0 23.2 0
      vertex 0.669696 23.2 3.38321
    endloop
  endfacet
  facet normal 0 1 0
    outer loop
      vertex 0.669696 23.2 3.38321
      vertex 0 23.2 0
      vertex 0.452933 23.2 3.30963
    endloop
  endfacet
  facet normal 0 1 0
    outer loop
      vertex 0 23.2 3.25
      vertex 0 23.2 0
      vertex -2.08842 23.2 0.136883
    endloop
  endfacet
  facet normal 0 1 0
    outer loop
      vertex 0 23.2 3.25
      vertex -4.1411 23.2 0.545187
      vertex -6.12293 23.2 1.21793
    endloop
  endfacet
  facet normal 0 1 0
    outer loop
      vertex 0 23.2 3.25
      vertex -2.08842 23.2 0.136883
      vertex -4.1411 23.2 0.545187
    endloop
  endfacet
  facet normal 0 1 0
    outer loop
      vertex -2.08842 23.2 31.8631
      vertex -0.669696 23.2 28.6168
      vertex -0.875 23.2 28.5155
    endloop
  endfacet
  facet normal 0 1 -0
    outer loop
      vertex -1.06533 23.2 28.3884
      vertex -2.08842 23.2 31.8631
      vertex -0.875 23.2 28.5155
    endloop
  endfacet
  facet normal 0 1 -0
    outer loop
      vertex -1.23744 23.2 28.2374
      vertex -2.08842 23.2 31.8631
      vertex -1.06533 23.2 28.3884
    endloop
  endfacet
  facet normal 0 1 0
    outer loop
      vertex -2.08842 23.2 31.8631
      vertex -1.23744 23.2 28.2374
      vertex -4.1411 23.2 31.4548
    endloop
  endfacet
  facet normal 0 1 -0
    outer loop
      vertex -1.38837 23.2 28.0653
      vertex -4.1411 23.2 31.4548
      vertex -1.23744 23.2 28.2374
    endloop
  endfacet
  facet normal 0 1 -0
    outer loop
      vertex -1.51554 23.2 27.875
      vertex -4.1411 23.2 31.4548
      vertex -1.38837 23.2 28.0653
    endloop
  endfacet
  facet normal 0 1 -0
    outer loop
      vertex -1.61679 23.2 27.6697
      vertex -4.1411 23.2 31.4548
      vertex -1.51554 23.2 27.875
    endloop
  endfacet
  facet normal 0 1 0
    outer loop
      vertex -4.1411 23.2 31.4548
      vertex -1.61679 23.2 27.6697
      vertex -6.12293 23.2 30.7821
    endloop
  endfacet
  facet normal 0 1 -0
    outer loop
      vertex -1.69037 23.2 27.4529
      vertex -6.12293 23.2 30.7821
      vertex -1.61679 23.2 27.6697
    endloop
  endfacet
  facet normal 0 1 -0
    outer loop
      vertex -1.73503 23.2 27.2284
      vertex -6.12293 23.2 30.7821
      vertex -1.69037 23.2 27.4529
    endloop
  endfacet
  facet normal 0 1 -0
    outer loop
      vertex -1.75 23.2 27
      vertex -6.12293 23.2 30.7821
      vertex -1.73503 23.2 27.2284
    endloop
  endfacet
  facet normal 0 1 0
    outer loop
      vertex -6.12293 23.2 30.7821
      vertex -1.75 23.2 27
      vertex -8 23.2 29.8564
    endloop
  endfacet
  facet normal 0 1 0
    outer loop
      vertex -1.73503 23.2 26.7716
      vertex -8 23.2 29.8564
      vertex -1.75 23.2 27
    endloop
  endfacet
  facet normal 0 1 0
    outer loop
      vertex -1.69037 23.2 26.5471
      vertex -8 23.2 29.8564
      vertex -1.73503 23.2 26.7716
    endloop
  endfacet
  facet normal 0 1 0
    outer loop
      vertex -8 23.2 29.8564
      vertex -1.69037 23.2 26.5471
      vertex -9.74018 23.2 28.6937
    endloop
  endfacet
  facet normal 0 1 0
    outer loop
      vertex -1.61679 23.2 26.3303
      vertex -9.74018 23.2 28.6937
      vertex -1.69037 23.2 26.5471
    endloop
  endfacet
  facet normal 0 1 0
    outer loop
      vertex -9.74018 23.2 28.6937
      vertex -1.61679 23.2 26.3303
      vertex -11.3137 23.2 27.3137
    endloop
  endfacet
  facet normal 0 1 0
    outer loop
      vertex -1.51554 23.2 26.125
      vertex -11.3137 23.2 27.3137
      vertex -1.61679 23.2 26.3303
    endloop
  endfacet
  facet normal 0 1 0
    outer loop
      vertex -1.38837 23.2 25.9347
      vertex -11.3137 23.2 27.3137
      vertex -1.51554 23.2 26.125
    endloop
  endfacet
  facet normal 0 1 0
    outer loop
      vertex -12.6937 23.2 25.7402
      vertex -1.38837 23.2 25.9347
      vertex -1.23744 23.2 25.7626
    endloop
  endfacet
  facet normal 0 1 0
    outer loop
      vertex -1.38837 23.2 25.9347
      vertex -12.6937 23.2 25.7402
      vertex -11.3137 23.2 27.3137
    endloop
  endfacet
  facet normal 0 1 0
    outer loop
      vertex -13.8564 23.2 24
      vertex -1.23744 23.2 25.7626
      vertex -1.06533 23.2 25.6116
    endloop
  endfacet
  facet normal 0 1 0
    outer loop
      vertex -13.8564 23.2 24
      vertex -1.06533 23.2 25.6116
      vertex -0.875 23.2 25.4845
    endloop
  endfacet
  facet normal 0 1 0
    outer loop
      vertex -13.8564 23.2 24
      vertex -0.875 23.2 25.4845
      vertex -0.669696 23.2 25.3832
    endloop
  endfacet
  facet normal 0 1 0
    outer loop
      vertex -13.8564 23.2 24
      vertex -0.669696 23.2 25.3832
      vertex -0.452933 23.2 25.3096
    endloop
  endfacet
  facet normal 0 1 0
    outer loop
      vertex -13.8564 23.2 24
      vertex -0.452933 23.2 25.3096
      vertex -0.22842 23.2 25.265
    endloop
  endfacet
  facet normal 0 1 0
    outer loop
      vertex -13.8564 23.2 24
      vertex -0.22842 23.2 25.265
      vertex 0 23.2 25.25
    endloop
  endfacet
  facet normal 0 1 0
    outer loop
      vertex -1.23744 23.2 25.7626
      vertex -13.8564 23.2 24
      vertex -12.6937 23.2 25.7402
    endloop
  endfacet
  facet normal 0 1 0
    outer loop
      vertex 0 23.2 25.25
      vertex -0.861472 23.2 22.5435
      vertex -1.70821 23.2 22.3751
    endloop
  endfacet
  facet normal 0 1 0
    outer loop
      vertex 0 23.2 25.25
      vertex -1.70821 23.2 22.3751
      vertex -2.52571 23.2 22.0976
    endloop
  endfacet
  facet normal 0 1 0
    outer loop
      vertex 0 23.2 25.25
      vertex -2.52571 23.2 22.0976
      vertex -3.3 23.2 21.7158
    endloop
  endfacet
  facet normal 0 1 0
    outer loop
      vertex 0 23.2 25.25
      vertex -3.3 23.2 21.7158
      vertex -13.8564 23.2 24
    endloop
  endfacet
  facet normal 0 1 -0
    outer loop
      vertex -4.01783 23.2 21.2361
      vertex -13.8564 23.2 24
      vertex -3.3 23.2 21.7158
    endloop
  endfacet
  facet normal 0 1 -0
    outer loop
      vertex -4.6669 23.2 20.6669
      vertex -13.8564 23.2 24
      vertex -4.01783 23.2 21.2361
    endloop
  endfacet
  facet normal 0 1 -0
    outer loop
      vertex -5.23613 23.2 20.0178
      vertex -13.8564 23.2 24
      vertex -4.6669 23.2 20.6669
    endloop
  endfacet
  facet normal 0 1 -0
    outer loop
      vertex -5.71577 23.2 19.3
      vertex -13.8564 23.2 24
      vertex -5.23613 23.2 20.0178
    endloop
  endfacet
  facet normal 0 1 0
    outer loop
      vertex -13.8564 23.2 24
      vertex -5.71577 23.2 19.3
      vertex -14.7821 23.2 22.1229
    endloop
  endfacet
  facet normal 0 1 -0
    outer loop
      vertex -6.0976 23.2 18.5257
      vertex -14.7821 23.2 22.1229
      vertex -5.71577 23.2 19.3
    endloop
  endfacet
  facet normal 0 1 0
    outer loop
      vertex -14.7821 23.2 22.1229
      vertex -6.0976 23.2 18.5257
      vertex -15.4548 23.2 20.1411
    endloop
  endfacet
  facet normal 0 1 -0
    outer loop
      vertex -6.37511 23.2 17.7082
      vertex -15.4548 23.2 20.1411
      vertex -6.0976 23.2 18.5257
    endloop
  endfacet
  facet normal 0 1 0
    outer loop
      vertex -15.4548 23.2 20.1411
      vertex -6.37511 23.2 17.7082
      vertex -15.8631 23.2 18.0884
    endloop
  endfacet
  facet normal 0 1 -0
    outer loop
      vertex -6.54354 23.2 16.8615
      vertex -15.8631 23.2 18.0884
      vertex -6.37511 23.2 17.7082
    endloop
  endfacet
  facet normal 0 1 -0
    outer loop
      vertex -6.6 23.2 16
      vertex -15.8631 23.2 18.0884
      vertex -6.54354 23.2 16.8615
    endloop
  endfacet
  facet normal 0 1 0
    outer loop
      vertex -6.6 23.2 16
      vertex -16 23.2 16
      vertex -15.8631 23.2 18.0884
    endloop
  endfacet
  facet normal 0 1 0
    outer loop
      vertex -6.54354 23.2 15.1385
      vertex -16 23.2 16
      vertex -6.6 23.2 16
    endloop
  endfacet
  facet normal 0 1 0
    outer loop
      vertex -15.8631 23.2 13.9116
      vertex -6.54354 23.2 15.1385
      vertex -6.37511 23.2 14.2918
    endloop
  endfacet
  facet normal 0 1 0
    outer loop
      vertex -6.54354 23.2 15.1385
      vertex -15.8631 23.2 13.9116
      vertex -16 23.2 16
    endloop
  endfacet
  facet normal 0 1 0
    outer loop
      vertex -15.4548 23.2 11.8589
      vertex -6.37511 23.2 14.2918
      vertex -6.0976 23.2 13.4743
    endloop
  endfacet
  facet normal 0 1 0
    outer loop
      vertex -14.7821 23.2 9.87707
      vertex -6.0976 23.2 13.4743
      vertex -5.71577 23.2 12.7
    endloop
  endfacet
  facet normal 0 1 0
    outer loop
      vertex -13.8564 23.2 8
      vertex -5.71577 23.2 12.7
      vertex -5.23613 23.2 11.9822
    endloop
  endfacet
  facet normal 0 1 0
    outer loop
      vertex -6.37511 23.2 14.2918
      vertex -15.4548 23.2 11.8589
      vertex -15.8631 23.2 13.9116
    endloop
  endfacet
  facet normal 0 1 0
    outer loop
      vertex -13.8564 23.2 8
      vertex -5.23613 23.2 11.9822
      vertex -4.6669 23.2 11.3331
    endloop
  endfacet
  facet normal 0 1 0
    outer loop
      vertex -13.8564 23.2 8
      vertex -4.6669 23.2 11.3331
      vertex -4.01783 23.2 10.7639
    endloop
  endfacet
  facet normal 0 1 0
    outer loop
      vertex -13.8564 23.2 8
      vertex -4.01783 23.2 10.7639
      vertex -3.3 23.2 10.2842
    endloop
  endfacet
  facet normal 0 1 0
    outer loop
      vertex -13.8564 23.2 8
      vertex -3.3 23.2 10.2842
      vertex -2.52571 23.2 9.9024
    endloop
  endfacet
  facet normal 0 1 0
    outer loop
      vertex -6.0976 23.2 13.4743
      vertex -14.7821 23.2 9.87707
      vertex -15.4548 23.2 11.8589
    endloop
  endfacet
  facet normal 0 1 0
    outer loop
      vertex -13.8564 23.2 8
      vertex -2.52571 23.2 9.9024
      vertex -1.70821 23.2 9.62489
    endloop
  endfacet
  facet normal 0 1 0
    outer loop
      vertex -13.8564 23.2 8
      vertex -1.70821 23.2 9.62489
      vertex -0.861472 23.2 9.45646
    endloop
  endfacet
  facet normal 0 1 0
    outer loop
      vertex -13.8564 23.2 8
      vertex -0.861472 23.2 9.45646
      vertex 0 23.2 9.4
    endloop
  endfacet
  facet normal 0 1 0
    outer loop
      vertex -5.71577 23.2 12.7
      vertex -13.8564 23.2 8
      vertex -14.7821 23.2 9.87707
    endloop
  endfacet
  facet normal 0 1 0
    outer loop
      vertex 0 23.2 9.4
      vertex -0.22842 23.2 6.73503
      vertex -0.452933 23.2 6.69037
    endloop
  endfacet
  facet normal 0 1 0
    outer loop
      vertex 0 23.2 9.4
      vertex -0.452933 23.2 6.69037
      vertex -0.669696 23.2 6.61679
    endloop
  endfacet
  facet normal 0 1 0
    outer loop
      vertex 0 23.2 9.4
      vertex -0.669696 23.2 6.61679
      vertex -0.875 23.2 6.51554
    endloop
  endfacet
  facet normal 0 1 0
    outer loop
      vertex 0 23.2 9.4
      vertex -0.875 23.2 6.51554
      vertex -1.06533 23.2 6.38837
    endloop
  endfacet
  facet normal 0 1 0
    outer loop
      vertex 0 23.2 9.4
      vertex -1.06533 23.2 6.38837
      vertex -1.23744 23.2 6.23744
    endloop
  endfacet
  facet normal 0 1 0
    outer loop
      vertex -1.38837 23.2 6.06533
      vertex 0 23.2 9.4
      vertex -1.23744 23.2 6.23744
    endloop
  endfacet
  facet normal 0 1 0
    outer loop
      vertex 0 23.2 9.4
      vertex -12.6937 23.2 6.25982
      vertex -13.8564 23.2 8
    endloop
  endfacet
  facet normal 0 1 0
    outer loop
      vertex 0 23.2 9.4
      vertex -1.38837 23.2 6.06533
      vertex -12.6937 23.2 6.25982
    endloop
  endfacet
  facet normal 0 1 0
    outer loop
      vertex -11.3137 23.2 4.68629
      vertex -1.38837 23.2 6.06533
      vertex -1.51554 23.2 5.875
    endloop
  endfacet
  facet normal 0 1 0
    outer loop
      vertex -11.3137 23.2 4.68629
      vertex -1.51554 23.2 5.875
      vertex -1.61679 23.2 5.6697
    endloop
  endfacet
  facet normal 0 1 0
    outer loop
      vertex -9.74018 23.2 3.30635
      vertex -1.61679 23.2 5.6697
      vertex -1.69037 23.2 5.45293
    endloop
  endfacet
  facet normal 0 1 0
    outer loop
      vertex -8 23.2 2.14359
      vertex -1.69037 23.2 5.45293
      vertex -1.73503 23.2 5.22842
    endloop
  endfacet
  facet normal 0 1 0
    outer loop
      vertex -8 23.2 2.14359
      vertex -1.73503 23.2 5.22842
      vertex -1.75 23.2 5
    endloop
  endfacet
  facet normal 0 1 0
    outer loop
      vertex -8 23.2 2.14359
      vertex -1.75 23.2 5
      vertex -1.73503 23.2 4.77158
    endloop
  endfacet
  facet normal 0 1 0
    outer loop
      vertex -1.38837 23.2 6.06533
      vertex -11.3137 23.2 4.68629
      vertex -12.6937 23.2 6.25982
    endloop
  endfacet
  facet normal 0 1 0
    outer loop
      vertex -8 23.2 2.14359
      vertex -1.73503 23.2 4.77158
      vertex -1.69037 23.2 4.54707
    endloop
  endfacet
  facet normal 0 1 0
    outer loop
      vertex -8 23.2 2.14359
      vertex -1.69037 23.2 4.54707
      vertex -1.61679 23.2 4.3303
    endloop
  endfacet
  facet normal 0 1 0
    outer loop
      vertex -8 23.2 2.14359
      vertex -1.61679 23.2 4.3303
      vertex -1.51554 23.2 4.125
    endloop
  endfacet
  facet normal 0 1 0
    outer loop
      vertex -8 23.2 2.14359
      vertex -1.51554 23.2 4.125
      vertex -1.38837 23.2 3.93467
    endloop
  endfacet
  facet normal 0 1 0
    outer loop
      vertex -8 23.2 2.14359
      vertex -1.38837 23.2 3.93467
      vertex -1.23744 23.2 3.76256
    endloop
  endfacet
  facet normal 0 1 0
    outer loop
      vertex -8 23.2 2.14359
      vertex -1.23744 23.2 3.76256
      vertex -1.06533 23.2 3.61163
    endloop
  endfacet
  facet normal 0 1 0
    outer loop
      vertex -8 23.2 2.14359
      vertex -1.06533 23.2 3.61163
      vertex -0.875 23.2 3.48446
    endloop
  endfacet
  facet normal 0 1 0
    outer loop
      vertex -8 23.2 2.14359
      vertex -0.875 23.2 3.48446
      vertex -0.669696 23.2 3.38321
    endloop
  endfacet
  facet normal 0 1 0
    outer loop
      vertex -8 23.2 2.14359
      vertex -0.669696 23.2 3.38321
      vertex -0.452933 23.2 3.30963
    endloop
  endfacet
  facet normal 0 1 0
    outer loop
      vertex -1.61679 23.2 5.6697
      vertex -9.74018 23.2 3.30635
      vertex -11.3137 23.2 4.68629
    endloop
  endfacet
  facet normal 0 1 0
    outer loop
      vertex -8 23.2 2.14359
      vertex -0.452933 23.2 3.30963
      vertex -0.22842 23.2 3.26497
    endloop
  endfacet
  facet normal 0 1 0
    outer loop
      vertex -8 23.2 2.14359
      vertex -0.22842 23.2 3.26497
      vertex 0 23.2 3.25
    endloop
  endfacet
  facet normal 0 1 0
    outer loop
      vertex -1.69037 23.2 5.45293
      vertex -8 23.2 2.14359
      vertex -9.74018 23.2 3.30635
    endloop
  endfacet
  facet normal -0.0654035 0 -0.997859
    outer loop
      vertex -2.08842 16.2 0.136883
      vertex 0 23.2 0
      vertex 0 16.2 0
    endloop
  endfacet
  facet normal -0.0654035 0 -0.997859
    outer loop
      vertex 0 23.2 0
      vertex -2.08842 16.2 0.136883
      vertex -2.08842 23.2 0.136883
    endloop
  endfacet
  facet normal -0.997858 0 0.0654122
    outer loop
      vertex -16 16.2 16
      vertex -15.8631 23.2 18.0884
      vertex -16 23.2 16
    endloop
  endfacet
  facet normal -0.997858 0 0.0654122
    outer loop
      vertex -15.8631 23.2 18.0884
      vertex -16 16.2 16
      vertex -15.8631 16.2 18.0884
    endloop
  endfacet
  facet normal -0.0654116 0 0.997858
    outer loop
      vertex -2.08842 23.2 31.8631
      vertex 0 16.2 32
      vertex 0 23.2 32
    endloop
  endfacet
  facet normal -0.0654116 0 0.997858
    outer loop
      vertex 0 16.2 32
      vertex -2.08842 23.2 31.8631
      vertex -2.08842 16.2 31.8631
    endloop
  endfacet
  facet normal -0.321422 0 0.946936
    outer loop
      vertex -6.12293 23.2 30.7821
      vertex -4.1411 16.2 31.4548
      vertex -4.1411 23.2 31.4548
    endloop
  endfacet
  facet normal -0.321422 0 0.946936
    outer loop
      vertex -4.1411 16.2 31.4548
      vertex -6.12293 23.2 30.7821
      vertex -6.12293 16.2 30.7821
    endloop
  endfacet
  facet normal -0.195091 0 -0.980785
    outer loop
      vertex -4.1411 16.2 0.545187
      vertex -2.08842 23.2 0.136883
      vertex -2.08842 16.2 0.136883
    endloop
  endfacet
  facet normal -0.195091 0 -0.980785
    outer loop
      vertex -2.08842 23.2 0.136883
      vertex -4.1411 16.2 0.545187
      vertex -4.1411 23.2 0.545187
    endloop
  endfacet
  facet normal -0.946935 0 0.321426
    outer loop
      vertex -15.4548 16.2 20.1411
      vertex -14.7821 23.2 22.1229
      vertex -15.4548 23.2 20.1411
    endloop
  endfacet
  facet normal -0.946935 0 0.321426
    outer loop
      vertex -14.7821 23.2 22.1229
      vertex -15.4548 16.2 20.1411
      vertex -14.7821 16.2 22.1229
    endloop
  endfacet
  facet normal -0.195089 0 0.980786
    outer loop
      vertex -4.1411 23.2 31.4548
      vertex -2.08842 16.2 31.8631
      vertex -2.08842 23.2 31.8631
    endloop
  endfacet
  facet normal -0.195089 0 0.980786
    outer loop
      vertex -2.08842 16.2 31.8631
      vertex -4.1411 23.2 31.4548
      vertex -4.1411 16.2 31.4548
    endloop
  endfacet
  facet normal -0.896867 0 -0.442301
    outer loop
      vertex -13.8564 16.2 8
      vertex -14.7821 23.2 9.87707
      vertex -13.8564 23.2 8
    endloop
  endfacet
  facet normal -0.896867 -0 -0.442301
    outer loop
      vertex -14.7821 23.2 9.87707
      vertex -13.8564 16.2 8
      vertex -14.7821 16.2 9.87707
    endloop
  endfacet
  facet normal -0.555573 0 -0.831468
    outer loop
      vertex -9.74018 16.2 3.30635
      vertex -8 23.2 2.14359
      vertex -8 16.2 2.14359
    endloop
  endfacet
  facet normal -0.555573 0 -0.831468
    outer loop
      vertex -8 23.2 2.14359
      vertex -9.74018 16.2 3.30635
      vertex -9.74018 23.2 3.30635
    endloop
  endfacet
  facet normal -0.89687 0 0.442295
    outer loop
      vertex -14.7821 16.2 22.1229
      vertex -13.8564 23.2 24
      vertex -14.7821 23.2 22.1229
    endloop
  endfacet
  facet normal -0.89687 0 0.442295
    outer loop
      vertex -13.8564 23.2 24
      vertex -14.7821 16.2 22.1229
      vertex -13.8564 16.2 24
    endloop
  endfacet
  facet normal -0.831484 0 0.555549
    outer loop
      vertex -13.8564 16.2 24
      vertex -12.6937 23.2 25.7402
      vertex -13.8564 23.2 24
    endloop
  endfacet
  facet normal -0.831484 0 0.555549
    outer loop
      vertex -12.6937 23.2 25.7402
      vertex -13.8564 16.2 24
      vertex -12.6937 16.2 25.7402
    endloop
  endfacet
  facet normal -0.751821 0 0.659367
    outer loop
      vertex -12.6937 16.2 25.7402
      vertex -11.3137 23.2 27.3137
      vertex -12.6937 23.2 25.7402
    endloop
  endfacet
  facet normal -0.751821 0 0.659367
    outer loop
      vertex -11.3137 23.2 27.3137
      vertex -12.6937 16.2 25.7402
      vertex -11.3137 16.2 27.3137
    endloop
  endfacet
  facet normal -0.442301 0 0.896867
    outer loop
      vertex -8 23.2 29.8564
      vertex -6.12293 16.2 30.7821
      vertex -6.12293 23.2 30.7821
    endloop
  endfacet
  facet normal -0.442301 0 0.896867
    outer loop
      vertex -6.12293 16.2 30.7821
      vertex -8 23.2 29.8564
      vertex -8 16.2 29.8564
    endloop
  endfacet
  facet normal -0.980786 0 -0.195087
    outer loop
      vertex -15.4548 16.2 11.8589
      vertex -15.8631 23.2 13.9116
      vertex -15.4548 23.2 11.8589
    endloop
  endfacet
  facet normal -0.980786 -0 -0.195087
    outer loop
      vertex -15.8631 23.2 13.9116
      vertex -15.4548 16.2 11.8589
      vertex -15.8631 16.2 13.9116
    endloop
  endfacet
  facet normal -0.751828 0 -0.65936
    outer loop
      vertex -11.3137 16.2 4.68629
      vertex -12.6937 23.2 6.25982
      vertex -11.3137 23.2 4.68629
    endloop
  endfacet
  facet normal -0.751828 -0 -0.65936
    outer loop
      vertex -12.6937 23.2 6.25982
      vertex -11.3137 16.2 4.68629
      vertex -12.6937 16.2 6.25982
    endloop
  endfacet
  facet normal -0.980786 0 0.195087
    outer loop
      vertex -15.8631 16.2 18.0884
      vertex -15.4548 23.2 20.1411
      vertex -15.8631 23.2 18.0884
    endloop
  endfacet
  facet normal -0.980786 0 0.195087
    outer loop
      vertex -15.4548 23.2 20.1411
      vertex -15.8631 16.2 18.0884
      vertex -15.4548 16.2 20.1411
    endloop
  endfacet
  facet normal -0.555553 0 0.831481
    outer loop
      vertex -9.74018 23.2 28.6937
      vertex -8 16.2 29.8564
      vertex -8 23.2 29.8564
    endloop
  endfacet
  facet normal -0.555553 0 0.831481
    outer loop
      vertex -8 16.2 29.8564
      vertex -9.74018 23.2 28.6937
      vertex -9.74018 16.2 28.6937
    endloop
  endfacet
  facet normal -0.659362 0 0.751826
    outer loop
      vertex -11.3137 23.2 27.3137
      vertex -9.74018 16.2 28.6937
      vertex -9.74018 23.2 28.6937
    endloop
  endfacet
  facet normal -0.659362 0 0.751826
    outer loop
      vertex -9.74018 16.2 28.6937
      vertex -11.3137 23.2 27.3137
      vertex -11.3137 16.2 27.3137
    endloop
  endfacet
  facet normal -0.997858 0 -0.0654122
    outer loop
      vertex -15.8631 16.2 13.9116
      vertex -16 23.2 16
      vertex -15.8631 23.2 13.9116
    endloop
  endfacet
  facet normal -0.997858 -0 -0.0654122
    outer loop
      vertex -16 23.2 16
      vertex -15.8631 16.2 13.9116
      vertex -16 16.2 16
    endloop
  endfacet
  facet normal -0.946936 0 -0.321422
    outer loop
      vertex -14.7821 16.2 9.87707
      vertex -15.4548 23.2 11.8589
      vertex -14.7821 23.2 9.87707
    endloop
  endfacet
  facet normal -0.946936 -0 -0.321422
    outer loop
      vertex -15.4548 23.2 11.8589
      vertex -14.7821 16.2 9.87707
      vertex -15.4548 16.2 11.8589
    endloop
  endfacet
  facet normal -0.659346 0 -0.75184
    outer loop
      vertex -11.3137 16.2 4.68629
      vertex -9.74018 23.2 3.30635
      vertex -9.74018 16.2 3.30635
    endloop
  endfacet
  facet normal -0.659346 0 -0.75184
    outer loop
      vertex -9.74018 23.2 3.30635
      vertex -11.3137 16.2 4.68629
      vertex -11.3137 23.2 4.68629
    endloop
  endfacet
  facet normal -0.32144 0 -0.94693
    outer loop
      vertex -6.12293 16.2 1.21793
      vertex -4.1411 23.2 0.545187
      vertex -4.1411 16.2 0.545187
    endloop
  endfacet
  facet normal -0.32144 0 -0.94693
    outer loop
      vertex -4.1411 23.2 0.545187
      vertex -6.12293 16.2 1.21793
      vertex -6.12293 23.2 1.21793
    endloop
  endfacet
  facet normal -0.831481 0 -0.555553
    outer loop
      vertex -12.6937 16.2 6.25982
      vertex -13.8564 23.2 8
      vertex -12.6937 23.2 6.25982
    endloop
  endfacet
  facet normal -0.831481 -0 -0.555553
    outer loop
      vertex -13.8564 23.2 8
      vertex -12.6937 16.2 6.25982
      vertex -13.8564 16.2 8
    endloop
  endfacet
  facet normal -0.442285 0 -0.896874
    outer loop
      vertex -8 16.2 2.14359
      vertex -6.12293 23.2 1.21793
      vertex -6.12293 16.2 1.21793
    endloop
  endfacet
  facet normal -0.442285 0 -0.896874
    outer loop
      vertex -6.12293 23.2 1.21793
      vertex -8 16.2 2.14359
      vertex -8 23.2 2.14359
    endloop
  endfacet
  facet normal 0.946922 0 -0.321464
    outer loop
      vertex -3.69552 16.2 17.5307
      vertex -3.8637 18 17.0353
      vertex -3.69552 18 17.5307
    endloop
  endfacet
  facet normal 0.946922 0 -0.321464
    outer loop
      vertex -3.8637 18 17.0353
      vertex -3.69552 16.2 17.5307
      vertex -3.8637 16.2 17.0353
    endloop
  endfacet
  facet normal 0.997859 0 -0.0654027
    outer loop
      vertex -3.96578 16.2 16.5221
      vertex -4 18 16
      vertex -3.96578 18 16.5221
    endloop
  endfacet
  facet normal 0.997859 0 -0.0654027
    outer loop
      vertex -4 18 16
      vertex -3.96578 16.2 16.5221
      vertex -4 16.2 16
    endloop
  endfacet
  facet normal -0.997859 0 -0.0654027
    outer loop
      vertex 4 16.2 16
      vertex 3.96578 18 16.5221
      vertex 4 18 16
    endloop
  endfacet
  facet normal -0.997859 -0 -0.0654027
    outer loop
      vertex 3.96578 18 16.5221
      vertex 4 16.2 16
      vertex 3.96578 16.2 16.5221
    endloop
  endfacet
  facet normal 0.0653641 0 -0.997861
    outer loop
      vertex -0.522104 16.2 19.9658
      vertex 0 18 20
      vertex 0 16.2 20
    endloop
  endfacet
  facet normal 0.0653641 0 -0.997861
    outer loop
      vertex 0 18 20
      vertex -0.522104 16.2 19.9658
      vertex -0.522104 18 19.9658
    endloop
  endfacet
  facet normal 0.659362 0 -0.751826
    outer loop
      vertex -2.82843 16.2 18.8284
      vertex -2.43505 18 19.1734
      vertex -2.43505 16.2 19.1734
    endloop
  endfacet
  facet normal 0.659362 0 -0.751826
    outer loop
      vertex -2.43505 18 19.1734
      vertex -2.82843 16.2 18.8284
      vertex -2.82843 18 18.8284
    endloop
  endfacet
  facet normal -0.659362 0 -0.751826
    outer loop
      vertex 2.43505 16.2 19.1734
      vertex 2.82843 18 18.8284
      vertex 2.82843 16.2 18.8284
    endloop
  endfacet
  facet normal -0.659362 0 -0.751826
    outer loop
      vertex 2.82843 18 18.8284
      vertex 2.43505 16.2 19.1734
      vertex 2.43505 18 19.1734
    endloop
  endfacet
  facet normal -0.321469 0 -0.94692
    outer loop
      vertex 1.03528 16.2 19.8637
      vertex 1.53073 18 19.6955
      vertex 1.53073 16.2 19.6955
    endloop
  endfacet
  facet normal -0.321469 0 -0.94692
    outer loop
      vertex 1.53073 18 19.6955
      vertex 1.03528 16.2 19.8637
      vertex 1.03528 18 19.8637
    endloop
  endfacet
  facet normal 0.997859 -0 0.0654027
    outer loop
      vertex -4 16.2 16
      vertex -3.96578 18 15.4779
      vertex -4 18 16
    endloop
  endfacet
  facet normal 0.997859 0 0.0654027
    outer loop
      vertex -3.96578 18 15.4779
      vertex -4 16.2 16
      vertex -3.96578 16.2 15.4779
    endloop
  endfacet
  facet normal -0.751861 0 0.659321
    outer loop
      vertex 2.82843 16.2 13.1716
      vertex 3.17341 18 13.565
      vertex 2.82843 18 13.1716
    endloop
  endfacet
  facet normal -0.751861 0 0.659321
    outer loop
      vertex 3.17341 18 13.565
      vertex 2.82843 16.2 13.1716
      vertex 3.17341 16.2 13.565
    endloop
  endfacet
  facet normal 0.896883 0 -0.442268
    outer loop
      vertex -3.4641 16.2 18
      vertex -3.69552 18 17.5307
      vertex -3.4641 18 18
    endloop
  endfacet
  facet normal 0.896883 0 -0.442268
    outer loop
      vertex -3.69552 18 17.5307
      vertex -3.4641 16.2 18
      vertex -3.69552 16.2 17.5307
    endloop
  endfacet
  facet normal 0.831441 0 -0.555613
    outer loop
      vertex -3.17341 16.2 18.435
      vertex -3.4641 18 18
      vertex -3.17341 18 18.435
    endloop
  endfacet
  facet normal 0.831441 0 -0.555613
    outer loop
      vertex -3.4641 18 18
      vertex -3.17341 16.2 18.435
      vertex -3.4641 16.2 18
    endloop
  endfacet
  facet normal 0.44226 0 -0.896887
    outer loop
      vertex -2 16.2 19.4641
      vertex -1.53073 18 19.6955
      vertex -1.53073 16.2 19.6955
    endloop
  endfacet
  facet normal 0.44226 0 -0.896887
    outer loop
      vertex -1.53073 18 19.6955
      vertex -2 16.2 19.4641
      vertex -2 18 19.4641
    endloop
  endfacet
  facet normal 0.195133 0 -0.980777
    outer loop
      vertex -1.03528 16.2 19.8637
      vertex -0.522104 18 19.9658
      vertex -0.522104 16.2 19.9658
    endloop
  endfacet
  facet normal 0.195133 0 -0.980777
    outer loop
      vertex -0.522104 18 19.9658
      vertex -1.03528 16.2 19.8637
      vertex -1.03528 18 19.8637
    endloop
  endfacet
  facet normal 0.555582 0 -0.831462
    outer loop
      vertex -2.43505 16.2 19.1734
      vertex -2 18 19.4641
      vertex -2 16.2 19.4641
    endloop
  endfacet
  facet normal 0.555582 0 -0.831462
    outer loop
      vertex -2 18 19.4641
      vertex -2.43505 16.2 19.1734
      vertex -2.43505 18 19.1734
    endloop
  endfacet
  facet normal -0.831441 0 -0.555613
    outer loop
      vertex 3.4641 16.2 18
      vertex 3.17341 18 18.435
      vertex 3.4641 18 18
    endloop
  endfacet
  facet normal -0.831441 -0 -0.555613
    outer loop
      vertex 3.17341 18 18.435
      vertex 3.4641 16.2 18
      vertex 3.17341 16.2 18.435
    endloop
  endfacet
  facet normal -0.751861 0 -0.659321
    outer loop
      vertex 3.17341 16.2 18.435
      vertex 2.82843 18 18.8284
      vertex 3.17341 18 18.435
    endloop
  endfacet
  facet normal -0.751861 -0 -0.659321
    outer loop
      vertex 2.82843 18 18.8284
      vertex 3.17341 16.2 18.435
      vertex 2.82843 16.2 18.8284
    endloop
  endfacet
  facet normal -0.980786 0 -0.195087
    outer loop
      vertex 3.96578 16.2 16.5221
      vertex 3.8637 18 17.0353
      vertex 3.96578 18 16.5221
    endloop
  endfacet
  facet normal -0.980786 -0 -0.195087
    outer loop
      vertex 3.8637 18 17.0353
      vertex 3.96578 16.2 16.5221
      vertex 3.8637 16.2 17.0353
    endloop
  endfacet
  facet normal -0.555582 0 -0.831462
    outer loop
      vertex 2 16.2 19.4641
      vertex 2.43505 18 19.1734
      vertex 2.43505 16.2 19.1734
    endloop
  endfacet
  facet normal -0.555582 0 -0.831462
    outer loop
      vertex 2.43505 18 19.1734
      vertex 2 16.2 19.4641
      vertex 2 18 19.4641
    endloop
  endfacet
  facet normal -0.0653641 0 -0.997861
    outer loop
      vertex 0 16.2 20
      vertex 0.522104 18 19.9658
      vertex 0.522104 16.2 19.9658
    endloop
  endfacet
  facet normal -0.0653641 0 -0.997861
    outer loop
      vertex 0.522104 18 19.9658
      vertex 0 16.2 20
      vertex 0 18 20
    endloop
  endfacet
  facet normal 0.831441 -0 0.555613
    outer loop
      vertex -3.4641 16.2 14
      vertex -3.17341 18 13.565
      vertex -3.4641 18 14
    endloop
  endfacet
  facet normal 0.831441 0 0.555613
    outer loop
      vertex -3.17341 18 13.565
      vertex -3.4641 16.2 14
      vertex -3.17341 16.2 13.565
    endloop
  endfacet
  facet normal 0.321469 0 0.94692
    outer loop
      vertex -1.53073 18 12.3045
      vertex -1.03528 16.2 12.1363
      vertex -1.03528 18 12.1363
    endloop
  endfacet
  facet normal 0.321469 0 0.94692
    outer loop
      vertex -1.03528 16.2 12.1363
      vertex -1.53073 18 12.3045
      vertex -1.53073 16.2 12.3045
    endloop
  endfacet
  facet normal 0.751861 -0 0.659321
    outer loop
      vertex -3.17341 16.2 13.565
      vertex -2.82843 18 13.1716
      vertex -3.17341 18 13.565
    endloop
  endfacet
  facet normal 0.751861 0 0.659321
    outer loop
      vertex -2.82843 18 13.1716
      vertex -3.17341 16.2 13.565
      vertex -2.82843 16.2 13.1716
    endloop
  endfacet
  facet normal 0.555582 0 0.831462
    outer loop
      vertex -2.43505 18 12.8266
      vertex -2 16.2 12.5359
      vertex -2 18 12.5359
    endloop
  endfacet
  facet normal 0.555582 0 0.831462
    outer loop
      vertex -2 16.2 12.5359
      vertex -2.43505 18 12.8266
      vertex -2.43505 16.2 12.8266
    endloop
  endfacet
  facet normal -0.659362 0 0.751826
    outer loop
      vertex 2.43505 18 12.8266
      vertex 2.82843 16.2 13.1716
      vertex 2.82843 18 13.1716
    endloop
  endfacet
  facet normal -0.659362 0 0.751826
    outer loop
      vertex 2.82843 16.2 13.1716
      vertex 2.43505 18 12.8266
      vertex 2.43505 16.2 12.8266
    endloop
  endfacet
  facet normal -0.321469 0 0.94692
    outer loop
      vertex 1.03528 18 12.1363
      vertex 1.53073 16.2 12.3045
      vertex 1.53073 18 12.3045
    endloop
  endfacet
  facet normal -0.321469 0 0.94692
    outer loop
      vertex 1.53073 16.2 12.3045
      vertex 1.03528 18 12.1363
      vertex 1.03528 16.2 12.1363
    endloop
  endfacet
  facet normal -0.997859 0 0.0654027
    outer loop
      vertex 3.96578 16.2 15.4779
      vertex 4 18 16
      vertex 3.96578 18 15.4779
    endloop
  endfacet
  facet normal -0.997859 0 0.0654027
    outer loop
      vertex 4 18 16
      vertex 3.96578 16.2 15.4779
      vertex 4 16.2 16
    endloop
  endfacet
  facet normal 0.980786 0 -0.195087
    outer loop
      vertex -3.8637 16.2 17.0353
      vertex -3.96578 18 16.5221
      vertex -3.8637 18 17.0353
    endloop
  endfacet
  facet normal 0.980786 0 -0.195087
    outer loop
      vertex -3.96578 18 16.5221
      vertex -3.8637 16.2 17.0353
      vertex -3.96578 16.2 16.5221
    endloop
  endfacet
  facet normal -0.896883 0 -0.442268
    outer loop
      vertex 3.69552 16.2 17.5307
      vertex 3.4641 18 18
      vertex 3.69552 18 17.5307
    endloop
  endfacet
  facet normal -0.896883 -0 -0.442268
    outer loop
      vertex 3.4641 18 18
      vertex 3.69552 16.2 17.5307
      vertex 3.4641 16.2 18
    endloop
  endfacet
  facet normal 0.0653641 0 0.997861
    outer loop
      vertex -0.522104 18 12.0342
      vertex 0 16.2 12
      vertex 0 18 12
    endloop
  endfacet
  facet normal 0.0653641 0 0.997861
    outer loop
      vertex 0 16.2 12
      vertex -0.522104 18 12.0342
      vertex -0.522104 16.2 12.0342
    endloop
  endfacet
  facet normal 0.195133 0 0.980777
    outer loop
      vertex -1.03528 18 12.1363
      vertex -0.522104 16.2 12.0342
      vertex -0.522104 18 12.0342
    endloop
  endfacet
  facet normal 0.195133 0 0.980777
    outer loop
      vertex -0.522104 16.2 12.0342
      vertex -1.03528 18 12.1363
      vertex -1.03528 16.2 12.1363
    endloop
  endfacet
  facet normal 0.659362 0 0.751826
    outer loop
      vertex -2.82843 18 13.1716
      vertex -2.43505 16.2 12.8266
      vertex -2.43505 18 12.8266
    endloop
  endfacet
  facet normal 0.659362 0 0.751826
    outer loop
      vertex -2.43505 16.2 12.8266
      vertex -2.82843 18 13.1716
      vertex -2.82843 16.2 13.1716
    endloop
  endfacet
  facet normal 0.946922 -0 0.321464
    outer loop
      vertex -3.8637 16.2 14.9647
      vertex -3.69552 18 14.4693
      vertex -3.8637 18 14.9647
    endloop
  endfacet
  facet normal 0.946922 0 0.321464
    outer loop
      vertex -3.69552 18 14.4693
      vertex -3.8637 16.2 14.9647
      vertex -3.69552 16.2 14.4693
    endloop
  endfacet
  facet normal -0.555582 0 0.831462
    outer loop
      vertex 2 18 12.5359
      vertex 2.43505 16.2 12.8266
      vertex 2.43505 18 12.8266
    endloop
  endfacet
  facet normal -0.555582 0 0.831462
    outer loop
      vertex 2.43505 16.2 12.8266
      vertex 2 18 12.5359
      vertex 2 16.2 12.5359
    endloop
  endfacet
  facet normal -0.0653641 0 0.997861
    outer loop
      vertex 0 18 12
      vertex 0.522104 16.2 12.0342
      vertex 0.522104 18 12.0342
    endloop
  endfacet
  facet normal -0.0653641 0 0.997861
    outer loop
      vertex 0.522104 16.2 12.0342
      vertex 0 18 12
      vertex 0 16.2 12
    endloop
  endfacet
  facet normal -0.896883 0 0.442268
    outer loop
      vertex 3.4641 16.2 14
      vertex 3.69552 18 14.4693
      vertex 3.4641 18 14
    endloop
  endfacet
  facet normal -0.896883 0 0.442268
    outer loop
      vertex 3.69552 18 14.4693
      vertex 3.4641 16.2 14
      vertex 3.69552 16.2 14.4693
    endloop
  endfacet
  facet normal -0.980786 0 0.195087
    outer loop
      vertex 3.8637 16.2 14.9647
      vertex 3.96578 18 15.4779
      vertex 3.8637 18 14.9647
    endloop
  endfacet
  facet normal -0.980786 0 0.195087
    outer loop
      vertex 3.96578 18 15.4779
      vertex 3.8637 16.2 14.9647
      vertex 3.96578 16.2 15.4779
    endloop
  endfacet
  facet normal -0.946922 0 0.321464
    outer loop
      vertex 3.69552 16.2 14.4693
      vertex 3.8637 18 14.9647
      vertex 3.69552 18 14.4693
    endloop
  endfacet
  facet normal -0.946922 0 0.321464
    outer loop
      vertex 3.8637 18 14.9647
      vertex 3.69552 16.2 14.4693
      vertex 3.8637 16.2 14.9647
    endloop
  endfacet
  facet normal 0.751861 0 -0.659321
    outer loop
      vertex -2.82843 16.2 18.8284
      vertex -3.17341 18 18.435
      vertex -2.82843 18 18.8284
    endloop
  endfacet
  facet normal 0.751861 0 -0.659321
    outer loop
      vertex -3.17341 18 18.435
      vertex -2.82843 16.2 18.8284
      vertex -3.17341 16.2 18.435
    endloop
  endfacet
  facet normal 0.321469 0 -0.94692
    outer loop
      vertex -1.53073 16.2 19.6955
      vertex -1.03528 18 19.8637
      vertex -1.03528 16.2 19.8637
    endloop
  endfacet
  facet normal 0.321469 0 -0.94692
    outer loop
      vertex -1.03528 18 19.8637
      vertex -1.53073 16.2 19.6955
      vertex -1.53073 18 19.6955
    endloop
  endfacet
  facet normal -0.946922 0 -0.321464
    outer loop
      vertex 3.8637 16.2 17.0353
      vertex 3.69552 18 17.5307
      vertex 3.8637 18 17.0353
    endloop
  endfacet
  facet normal -0.946922 -0 -0.321464
    outer loop
      vertex 3.69552 18 17.5307
      vertex 3.8637 16.2 17.0353
      vertex 3.69552 16.2 17.5307
    endloop
  endfacet
  facet normal -0.44226 0 -0.896887
    outer loop
      vertex 1.53073 16.2 19.6955
      vertex 2 18 19.4641
      vertex 2 16.2 19.4641
    endloop
  endfacet
  facet normal -0.44226 0 -0.896887
    outer loop
      vertex 2 18 19.4641
      vertex 1.53073 16.2 19.6955
      vertex 1.53073 18 19.6955
    endloop
  endfacet
  facet normal -0.195133 0 -0.980777
    outer loop
      vertex 0.522104 16.2 19.9658
      vertex 1.03528 18 19.8637
      vertex 1.03528 16.2 19.8637
    endloop
  endfacet
  facet normal -0.195133 0 -0.980777
    outer loop
      vertex 1.03528 18 19.8637
      vertex 0.522104 16.2 19.9658
      vertex 0.522104 18 19.9658
    endloop
  endfacet
  facet normal 0.44226 0 0.896887
    outer loop
      vertex -2 18 12.5359
      vertex -1.53073 16.2 12.3045
      vertex -1.53073 18 12.3045
    endloop
  endfacet
  facet normal 0.44226 0 0.896887
    outer loop
      vertex -1.53073 16.2 12.3045
      vertex -2 18 12.5359
      vertex -2 16.2 12.5359
    endloop
  endfacet
  facet normal 0.896883 -0 0.442268
    outer loop
      vertex -3.69552 16.2 14.4693
      vertex -3.4641 18 14
      vertex -3.69552 18 14.4693
    endloop
  endfacet
  facet normal 0.896883 0 0.442268
    outer loop
      vertex -3.4641 18 14
      vertex -3.69552 16.2 14.4693
      vertex -3.4641 16.2 14
    endloop
  endfacet
  facet normal -0.44226 0 0.896887
    outer loop
      vertex 1.53073 18 12.3045
      vertex 2 16.2 12.5359
      vertex 2 18 12.5359
    endloop
  endfacet
  facet normal -0.44226 0 0.896887
    outer loop
      vertex 2 16.2 12.5359
      vertex 1.53073 18 12.3045
      vertex 1.53073 16.2 12.3045
    endloop
  endfacet
  facet normal -0.195133 0 0.980777
    outer loop
      vertex 0.522104 18 12.0342
      vertex 1.03528 16.2 12.1363
      vertex 1.03528 18 12.1363
    endloop
  endfacet
  facet normal -0.195133 0 0.980777
    outer loop
      vertex 1.03528 16.2 12.1363
      vertex 0.522104 18 12.0342
      vertex 0.522104 16.2 12.0342
    endloop
  endfacet
  facet normal -0.831441 0 0.555613
    outer loop
      vertex 3.17341 16.2 13.565
      vertex 3.4641 18 14
      vertex 3.17341 18 13.565
    endloop
  endfacet
  facet normal -0.831441 0 0.555613
    outer loop
      vertex 3.4641 18 14
      vertex 3.17341 16.2 13.565
      vertex 3.4641 16.2 14
    endloop
  endfacet
  facet normal 0.980786 -0 0.195087
    outer loop
      vertex -3.96578 16.2 15.4779
      vertex -3.8637 18 14.9647
      vertex -3.96578 18 15.4779
    endloop
  endfacet
  facet normal 0.980786 0 0.195087
    outer loop
      vertex -3.8637 18 14.9647
      vertex -3.96578 16.2 15.4779
      vertex -3.8637 16.2 14.9647
    endloop
  endfacet
  facet normal 0.659333 0 -0.751851
    outer loop
      vertex -4.6669 18 20.6669
      vertex -4.01783 23.2 21.2361
      vertex -4.01783 18 21.2361
    endloop
  endfacet
  facet normal 0.659333 0 -0.751851
    outer loop
      vertex -4.01783 23.2 21.2361
      vertex -4.6669 18 20.6669
      vertex -4.6669 23.2 20.6669
    endloop
  endfacet
  facet normal -0.321446 0 0.946928
    outer loop
      vertex 1.70821 23.2 9.62489
      vertex 2.52571 18 9.9024
      vertex 2.52571 23.2 9.9024
    endloop
  endfacet
  facet normal -0.321446 0 0.946928
    outer loop
      vertex 2.52571 18 9.9024
      vertex 1.70821 23.2 9.62489
      vertex 1.70821 18 9.62489
    endloop
  endfacet
  facet normal -0.321435 0 -0.946931
    outer loop
      vertex 1.70821 18 22.3751
      vertex 2.52571 23.2 22.0976
      vertex 2.52571 18 22.0976
    endloop
  endfacet
  facet normal -0.321435 0 -0.946931
    outer loop
      vertex 2.52571 23.2 22.0976
      vertex 1.70821 18 22.3751
      vertex 1.70821 23.2 22.3751
    endloop
  endfacet
  facet normal -0.896878 0 -0.442277
    outer loop
      vertex 6.0976 18 18.5257
      vertex 5.71577 23.2 19.3
      vertex 6.0976 23.2 18.5257
    endloop
  endfacet
  facet normal -0.896878 -0 -0.442277
    outer loop
      vertex 5.71577 23.2 19.3
      vertex 6.0976 18 18.5257
      vertex 5.71577 18 19.3
    endloop
  endfacet
  facet normal 0.946928 0 -0.321446
    outer loop
      vertex -6.0976 18 18.5257
      vertex -6.37511 23.2 17.7082
      vertex -6.0976 23.2 18.5257
    endloop
  endfacet
  facet normal 0.946928 0 -0.321446
    outer loop
      vertex -6.37511 23.2 17.7082
      vertex -6.0976 18 18.5257
      vertex -6.37511 18 17.7082
    endloop
  endfacet
  facet normal 0.896878 0 -0.442277
    outer loop
      vertex -5.71577 18 19.3
      vertex -6.0976 23.2 18.5257
      vertex -5.71577 23.2 19.3
    endloop
  endfacet
  facet normal 0.896878 0 -0.442277
    outer loop
      vertex -6.0976 23.2 18.5257
      vertex -5.71577 18 19.3
      vertex -6.0976 18 18.5257
    endloop
  endfacet
  facet normal 0.751849 0 -0.659336
    outer loop
      vertex -4.6669 18 20.6669
      vertex -5.23613 23.2 20.0178
      vertex -4.6669 23.2 20.6669
    endloop
  endfacet
  facet normal 0.751849 0 -0.659336
    outer loop
      vertex -5.23613 23.2 20.0178
      vertex -4.6669 18 20.6669
      vertex -5.23613 18 20.0178
    endloop
  endfacet
  facet normal 0.442254 0 -0.89689
    outer loop
      vertex -3.3 18 21.7158
      vertex -2.52571 23.2 22.0976
      vertex -2.52571 18 22.0976
    endloop
  endfacet
  facet normal 0.442254 0 -0.89689
    outer loop
      vertex -2.52571 23.2 22.0976
      vertex -3.3 18 21.7158
      vertex -3.3 23.2 21.7158
    endloop
  endfacet
  facet normal 0.195061 0 -0.980791
    outer loop
      vertex -1.70821 18 22.3751
      vertex -0.861472 23.2 22.5435
      vertex -0.861472 18 22.5435
    endloop
  endfacet
  facet normal 0.195061 0 -0.980791
    outer loop
      vertex -0.861472 23.2 22.5435
      vertex -1.70821 18 22.3751
      vertex -1.70821 23.2 22.3751
    endloop
  endfacet
  facet normal -0.980783 0 -0.195102
    outer loop
      vertex 6.54354 18 16.8615
      vertex 6.37511 23.2 17.7082
      vertex 6.54354 23.2 16.8615
    endloop
  endfacet
  facet normal -0.980783 -0 -0.195102
    outer loop
      vertex 6.37511 23.2 17.7082
      vertex 6.54354 18 16.8615
      vertex 6.37511 18 17.7082
    endloop
  endfacet
  facet normal -0.751849 0 -0.659336
    outer loop
      vertex 5.23613 18 20.0178
      vertex 4.6669 23.2 20.6669
      vertex 5.23613 23.2 20.0178
    endloop
  endfacet
  facet normal -0.751849 -0 -0.659336
    outer loop
      vertex 4.6669 23.2 20.6669
      vertex 5.23613 18 20.0178
      vertex 4.6669 18 20.6669
    endloop
  endfacet
  facet normal -0.195061 0 -0.980791
    outer loop
      vertex 0.861472 18 22.5435
      vertex 1.70821 23.2 22.3751
      vertex 1.70821 18 22.3751
    endloop
  endfacet
  facet normal -0.195061 0 -0.980791
    outer loop
      vertex 1.70821 23.2 22.3751
      vertex 0.861472 18 22.5435
      vertex 0.861472 23.2 22.5435
    endloop
  endfacet
  facet normal -0.659333 0 -0.751851
    outer loop
      vertex 4.01783 18 21.2361
      vertex 4.6669 23.2 20.6669
      vertex 4.6669 18 20.6669
    endloop
  endfacet
  facet normal -0.659333 0 -0.751851
    outer loop
      vertex 4.6669 23.2 20.6669
      vertex 4.01783 18 21.2361
      vertex 4.01783 23.2 21.2361
    endloop
  endfacet
  facet normal 0.997859 -0 0.0653966
    outer loop
      vertex -6.6 18 16
      vertex -6.54354 23.2 15.1385
      vertex -6.6 23.2 16
    endloop
  endfacet
  facet normal 0.997859 0 0.0653966
    outer loop
      vertex -6.54354 23.2 15.1385
      vertex -6.6 18 16
      vertex -6.54354 18 15.1385
    endloop
  endfacet
  facet normal 0.321446 0 0.946928
    outer loop
      vertex -2.52571 23.2 9.9024
      vertex -1.70821 18 9.62489
      vertex -1.70821 23.2 9.62489
    endloop
  endfacet
  facet normal 0.321446 0 0.946928
    outer loop
      vertex -1.70821 18 9.62489
      vertex -2.52571 23.2 9.9024
      vertex -2.52571 18 9.9024
    endloop
  endfacet
  facet normal 0.751849 -0 0.659336
    outer loop
      vertex -5.23613 18 11.9822
      vertex -4.6669 23.2 11.3331
      vertex -5.23613 23.2 11.9822
    endloop
  endfacet
  facet normal 0.751849 0 0.659336
    outer loop
      vertex -4.6669 23.2 11.3331
      vertex -5.23613 18 11.9822
      vertex -4.6669 18 11.3331
    endloop
  endfacet
  facet normal -0.195094 0 0.980785
    outer loop
      vertex 0.861472 23.2 9.45646
      vertex 1.70821 18 9.62489
      vertex 1.70821 23.2 9.62489
    endloop
  endfacet
  facet normal -0.195094 0 0.980785
    outer loop
      vertex 1.70821 18 9.62489
      vertex 0.861472 23.2 9.45646
      vertex 0.861472 18 9.45646
    endloop
  endfacet
  facet normal -0.659333 0 0.751851
    outer loop
      vertex 4.01783 23.2 10.7639
      vertex 4.6669 18 11.3331
      vertex 4.6669 23.2 11.3331
    endloop
  endfacet
  facet normal -0.659333 0 0.751851
    outer loop
      vertex 4.6669 18 11.3331
      vertex 4.01783 23.2 10.7639
      vertex 4.01783 18 10.7639
    endloop
  endfacet
  facet normal 0 1 0
    outer loop
      vertex 0 18 20
      vertex 0 18 22.6
      vertex 0.861472 18 22.5435
    endloop
  endfacet
  facet normal 0 1 0
    outer loop
      vertex 0.522104 18 19.9658
      vertex 0.861472 18 22.5435
      vertex 1.70821 18 22.3751
    endloop
  endfacet
  facet normal 0 1 0
    outer loop
      vertex 0 18 22.6
      vertex 0 18 20
      vertex -0.861472 18 22.5435
    endloop
  endfacet
  facet normal 0 1 0
    outer loop
      vertex 1.03528 18 19.8637
      vertex 1.70821 18 22.3751
      vertex 2.52571 18 22.0976
    endloop
  endfacet
  facet normal 0 1 -0
    outer loop
      vertex -0.522104 18 19.9658
      vertex -0.861472 18 22.5435
      vertex 0 18 20
    endloop
  endfacet
  facet normal 0 1 0
    outer loop
      vertex 1.53073 18 19.6955
      vertex 2.52571 18 22.0976
      vertex 3.3 18 21.7158
    endloop
  endfacet
  facet normal 0 1 0
    outer loop
      vertex -0.861472 18 22.5435
      vertex -0.522104 18 19.9658
      vertex -1.70821 18 22.3751
    endloop
  endfacet
  facet normal 0 1 0
    outer loop
      vertex 2 18 19.4641
      vertex 3.3 18 21.7158
      vertex 4.01783 18 21.2361
    endloop
  endfacet
  facet normal 0 1 -0
    outer loop
      vertex -1.03528 18 19.8637
      vertex -1.70821 18 22.3751
      vertex -0.522104 18 19.9658
    endloop
  endfacet
  facet normal 0 1 0
    outer loop
      vertex 2.43505 18 19.1734
      vertex 4.01783 18 21.2361
      vertex 4.6669 18 20.6669
    endloop
  endfacet
  facet normal 0 1 0
    outer loop
      vertex -1.70821 18 22.3751
      vertex -1.03528 18 19.8637
      vertex -2.52571 18 22.0976
    endloop
  endfacet
  facet normal 0 1 0
    outer loop
      vertex 2.82843 18 18.8284
      vertex 4.6669 18 20.6669
      vertex 5.23613 18 20.0178
    endloop
  endfacet
  facet normal 0 1 -0
    outer loop
      vertex -1.53073 18 19.6955
      vertex -2.52571 18 22.0976
      vertex -1.03528 18 19.8637
    endloop
  endfacet
  facet normal 0 1 0
    outer loop
      vertex -2.52571 18 22.0976
      vertex -1.53073 18 19.6955
      vertex -3.3 18 21.7158
    endloop
  endfacet
  facet normal 0 1 0
    outer loop
      vertex 0.861472 18 22.5435
      vertex 0.522104 18 19.9658
      vertex 0 18 20
    endloop
  endfacet
  facet normal 0 1 0
    outer loop
      vertex 1.70821 18 22.3751
      vertex 1.03528 18 19.8637
      vertex 0.522104 18 19.9658
    endloop
  endfacet
  facet normal 0 1 0
    outer loop
      vertex 2.52571 18 22.0976
      vertex 1.53073 18 19.6955
      vertex 1.03528 18 19.8637
    endloop
  endfacet
  facet normal 0 1 0
    outer loop
      vertex 3.3 18 21.7158
      vertex 2 18 19.4641
      vertex 1.53073 18 19.6955
    endloop
  endfacet
  facet normal 0 1 0
    outer loop
      vertex 3.17341 18 18.435
      vertex 5.23613 18 20.0178
      vertex 5.71577 18 19.3
    endloop
  endfacet
  facet normal 0 1 0
    outer loop
      vertex 4.01783 18 21.2361
      vertex 2.43505 18 19.1734
      vertex 2 18 19.4641
    endloop
  endfacet
  facet normal 0 1 0
    outer loop
      vertex 4.6669 18 20.6669
      vertex 2.82843 18 18.8284
      vertex 2.43505 18 19.1734
    endloop
  endfacet
  facet normal 0 1 0
    outer loop
      vertex 3.4641 18 18
      vertex 5.71577 18 19.3
      vertex 6.0976 18 18.5257
    endloop
  endfacet
  facet normal 0 1 0
    outer loop
      vertex 5.23613 18 20.0178
      vertex 3.17341 18 18.435
      vertex 2.82843 18 18.8284
    endloop
  endfacet
  facet normal 0 1 0
    outer loop
      vertex 5.71577 18 19.3
      vertex 3.4641 18 18
      vertex 3.17341 18 18.435
    endloop
  endfacet
  facet normal 0 1 0
    outer loop
      vertex 3.69552 18 17.5307
      vertex 6.0976 18 18.5257
      vertex 6.37511 18 17.7082
    endloop
  endfacet
  facet normal 0 1 0
    outer loop
      vertex 6.0976 18 18.5257
      vertex 3.69552 18 17.5307
      vertex 3.4641 18 18
    endloop
  endfacet
  facet normal 0 1 0
    outer loop
      vertex 6.37511 18 17.7082
      vertex 3.8637 18 17.0353
      vertex 3.69552 18 17.5307
    endloop
  endfacet
  facet normal 0 1 0
    outer loop
      vertex 6.54354 18 16.8615
      vertex 3.8637 18 17.0353
      vertex 6.37511 18 17.7082
    endloop
  endfacet
  facet normal 0 1 0
    outer loop
      vertex 6.54354 18 16.8615
      vertex 3.96578 18 16.5221
      vertex 3.8637 18 17.0353
    endloop
  endfacet
  facet normal 0 1 0
    outer loop
      vertex 6.6 18 16
      vertex 3.96578 18 16.5221
      vertex 6.54354 18 16.8615
    endloop
  endfacet
  facet normal 0 1 0
    outer loop
      vertex 6.6 18 16
      vertex 4 18 16
      vertex 3.96578 18 16.5221
    endloop
  endfacet
  facet normal 0 1 0
    outer loop
      vertex 6.6 18 16
      vertex 3.96578 18 15.4779
      vertex 4 18 16
    endloop
  endfacet
  facet normal 0 1 -0
    outer loop
      vertex 6.54354 18 15.1385
      vertex 3.96578 18 15.4779
      vertex 6.6 18 16
    endloop
  endfacet
  facet normal 0 1 0
    outer loop
      vertex 6.54354 18 15.1385
      vertex 3.8637 18 14.9647
      vertex 3.96578 18 15.4779
    endloop
  endfacet
  facet normal 0 1 -0
    outer loop
      vertex 6.37511 18 14.2918
      vertex 3.8637 18 14.9647
      vertex 6.54354 18 15.1385
    endloop
  endfacet
  facet normal 0 1 0
    outer loop
      vertex 3.8637 18 14.9647
      vertex 6.37511 18 14.2918
      vertex 3.69552 18 14.4693
    endloop
  endfacet
  facet normal 0 1 -0
    outer loop
      vertex 6.0976 18 13.4743
      vertex 3.69552 18 14.4693
      vertex 6.37511 18 14.2918
    endloop
  endfacet
  facet normal 0 1 0
    outer loop
      vertex 3.69552 18 14.4693
      vertex 6.0976 18 13.4743
      vertex 3.4641 18 14
    endloop
  endfacet
  facet normal 0 1 -0
    outer loop
      vertex 5.71577 18 12.7
      vertex 3.4641 18 14
      vertex 6.0976 18 13.4743
    endloop
  endfacet
  facet normal 0 1 0
    outer loop
      vertex 3.4641 18 14
      vertex 5.71577 18 12.7
      vertex 3.17341 18 13.565
    endloop
  endfacet
  facet normal 0 1 -0
    outer loop
      vertex 5.23613 18 11.9822
      vertex 3.17341 18 13.565
      vertex 5.71577 18 12.7
    endloop
  endfacet
  facet normal 0 1 0
    outer loop
      vertex 3.17341 18 13.565
      vertex 5.23613 18 11.9822
      vertex 2.82843 18 13.1716
    endloop
  endfacet
  facet normal 0 1 -0
    outer loop
      vertex 4.6669 18 11.3331
      vertex 2.82843 18 13.1716
      vertex 5.23613 18 11.9822
    endloop
  endfacet
  facet normal 0 1 0
    outer loop
      vertex 2.82843 18 13.1716
      vertex 4.6669 18 11.3331
      vertex 2.43505 18 12.8266
    endloop
  endfacet
  facet normal 0 1 -0
    outer loop
      vertex 4.01783 18 10.7639
      vertex 2.43505 18 12.8266
      vertex 4.6669 18 11.3331
    endloop
  endfacet
  facet normal 0 1 0
    outer loop
      vertex 2.43505 18 12.8266
      vertex 4.01783 18 10.7639
      vertex 2 18 12.5359
    endloop
  endfacet
  facet normal 0 1 0
    outer loop
      vertex 2 18 12.5359
      vertex 3.3 18 10.2842
      vertex 1.53073 18 12.3045
    endloop
  endfacet
  facet normal 0 1 -0
    outer loop
      vertex 3.3 18 10.2842
      vertex 2 18 12.5359
      vertex 4.01783 18 10.7639
    endloop
  endfacet
  facet normal 0 1 -0
    outer loop
      vertex -2 18 19.4641
      vertex -3.3 18 21.7158
      vertex -1.53073 18 19.6955
    endloop
  endfacet
  facet normal 0 1 0
    outer loop
      vertex -3.3 18 21.7158
      vertex -2 18 19.4641
      vertex -4.01783 18 21.2361
    endloop
  endfacet
  facet normal 0 1 -0
    outer loop
      vertex -2.43505 18 19.1734
      vertex -4.01783 18 21.2361
      vertex -2 18 19.4641
    endloop
  endfacet
  facet normal 0 1 0
    outer loop
      vertex -4.01783 18 21.2361
      vertex -2.43505 18 19.1734
      vertex -4.6669 18 20.6669
    endloop
  endfacet
  facet normal 0 1 -0
    outer loop
      vertex -2.82843 18 18.8284
      vertex -4.6669 18 20.6669
      vertex -2.43505 18 19.1734
    endloop
  endfacet
  facet normal 0 1 0
    outer loop
      vertex -4.6669 18 20.6669
      vertex -2.82843 18 18.8284
      vertex -5.23613 18 20.0178
    endloop
  endfacet
  facet normal 0 1 -0
    outer loop
      vertex -3.17341 18 18.435
      vertex -5.23613 18 20.0178
      vertex -2.82843 18 18.8284
    endloop
  endfacet
  facet normal 0 1 0
    outer loop
      vertex -5.23613 18 20.0178
      vertex -3.17341 18 18.435
      vertex -5.71577 18 19.3
    endloop
  endfacet
  facet normal 0 1 -0
    outer loop
      vertex -3.4641 18 18
      vertex -5.71577 18 19.3
      vertex -3.17341 18 18.435
    endloop
  endfacet
  facet normal 0 1 0
    outer loop
      vertex -5.71577 18 19.3
      vertex -3.4641 18 18
      vertex -6.0976 18 18.5257
    endloop
  endfacet
  facet normal 0 1 -0
    outer loop
      vertex -3.69552 18 17.5307
      vertex -6.0976 18 18.5257
      vertex -3.4641 18 18
    endloop
  endfacet
  facet normal 0 1 0
    outer loop
      vertex -6.0976 18 18.5257
      vertex -3.69552 18 17.5307
      vertex -6.37511 18 17.7082
    endloop
  endfacet
  facet normal 0 1 -0
    outer loop
      vertex -3.8637 18 17.0353
      vertex -6.37511 18 17.7082
      vertex -3.69552 18 17.5307
    endloop
  endfacet
  facet normal 0 1 0
    outer loop
      vertex -3.8637 18 17.0353
      vertex -6.54354 18 16.8615
      vertex -6.37511 18 17.7082
    endloop
  endfacet
  facet normal 0 1 -0
    outer loop
      vertex -3.96578 18 16.5221
      vertex -6.54354 18 16.8615
      vertex -3.8637 18 17.0353
    endloop
  endfacet
  facet normal 0 1 -0
    outer loop
      vertex -4 18 16
      vertex -6.54354 18 16.8615
      vertex -3.96578 18 16.5221
    endloop
  endfacet
  facet normal 0 1 0
    outer loop
      vertex -4 18 16
      vertex -6.6 18 16
      vertex -6.54354 18 16.8615
    endloop
  endfacet
  facet normal 0 1 0
    outer loop
      vertex -3.96578 18 15.4779
      vertex -6.6 18 16
      vertex -4 18 16
    endloop
  endfacet
  facet normal 0 1 0
    outer loop
      vertex -3.96578 18 15.4779
      vertex -6.54354 18 15.1385
      vertex -6.6 18 16
    endloop
  endfacet
  facet normal 0 1 0
    outer loop
      vertex -3.8637 18 14.9647
      vertex -6.54354 18 15.1385
      vertex -3.96578 18 15.4779
    endloop
  endfacet
  facet normal 0 1 0
    outer loop
      vertex -6.37511 18 14.2918
      vertex -3.8637 18 14.9647
      vertex -3.69552 18 14.4693
    endloop
  endfacet
  facet normal 0 1 0
    outer loop
      vertex -3.8637 18 14.9647
      vertex -6.37511 18 14.2918
      vertex -6.54354 18 15.1385
    endloop
  endfacet
  facet normal 0 1 0
    outer loop
      vertex -6.0976 18 13.4743
      vertex -3.69552 18 14.4693
      vertex -3.4641 18 14
    endloop
  endfacet
  facet normal 0 1 0
    outer loop
      vertex -5.71577 18 12.7
      vertex -3.4641 18 14
      vertex -3.17341 18 13.565
    endloop
  endfacet
  facet normal 0 1 0
    outer loop
      vertex -3.69552 18 14.4693
      vertex -6.0976 18 13.4743
      vertex -6.37511 18 14.2918
    endloop
  endfacet
  facet normal 0 1 0
    outer loop
      vertex -5.23613 18 11.9822
      vertex -3.17341 18 13.565
      vertex -2.82843 18 13.1716
    endloop
  endfacet
  facet normal 0 1 0
    outer loop
      vertex -4.6669 18 11.3331
      vertex -2.82843 18 13.1716
      vertex -2.43505 18 12.8266
    endloop
  endfacet
  facet normal 0 1 0
    outer loop
      vertex -3.4641 18 14
      vertex -5.71577 18 12.7
      vertex -6.0976 18 13.4743
    endloop
  endfacet
  facet normal 0 1 0
    outer loop
      vertex -4.01783 18 10.7639
      vertex -2.43505 18 12.8266
      vertex -2 18 12.5359
    endloop
  endfacet
  facet normal 0 1 0
    outer loop
      vertex -3.3 18 10.2842
      vertex -2 18 12.5359
      vertex -1.53073 18 12.3045
    endloop
  endfacet
  facet normal 0 1 0
    outer loop
      vertex -2.52571 18 9.9024
      vertex -1.53073 18 12.3045
      vertex -1.03528 18 12.1363
    endloop
  endfacet
  facet normal 0 1 0
    outer loop
      vertex -1.70821 18 9.62489
      vertex -1.03528 18 12.1363
      vertex -0.522104 18 12.0342
    endloop
  endfacet
  facet normal 0 1 0
    outer loop
      vertex -3.17341 18 13.565
      vertex -5.23613 18 11.9822
      vertex -5.71577 18 12.7
    endloop
  endfacet
  facet normal 0 1 0
    outer loop
      vertex -0.861472 18 9.45646
      vertex -0.522104 18 12.0342
      vertex 0 18 12
    endloop
  endfacet
  facet normal 0 1 -0
    outer loop
      vertex 2.52571 18 9.9024
      vertex 1.53073 18 12.3045
      vertex 3.3 18 10.2842
    endloop
  endfacet
  facet normal 0 1 0
    outer loop
      vertex 1.53073 18 12.3045
      vertex 2.52571 18 9.9024
      vertex 1.03528 18 12.1363
    endloop
  endfacet
  facet normal 0 1 0
    outer loop
      vertex -2.82843 18 13.1716
      vertex -4.6669 18 11.3331
      vertex -5.23613 18 11.9822
    endloop
  endfacet
  facet normal 0 1 -0
    outer loop
      vertex 1.70821 18 9.62489
      vertex 1.03528 18 12.1363
      vertex 2.52571 18 9.9024
    endloop
  endfacet
  facet normal 0 1 0
    outer loop
      vertex -2.43505 18 12.8266
      vertex -4.01783 18 10.7639
      vertex -4.6669 18 11.3331
    endloop
  endfacet
  facet normal 0 1 0
    outer loop
      vertex 1.03528 18 12.1363
      vertex 1.70821 18 9.62489
      vertex 0.522104 18 12.0342
    endloop
  endfacet
  facet normal 0 1 0
    outer loop
      vertex -2 18 12.5359
      vertex -3.3 18 10.2842
      vertex -4.01783 18 10.7639
    endloop
  endfacet
  facet normal 0 1 -0
    outer loop
      vertex 0.861472 18 9.45646
      vertex 0.522104 18 12.0342
      vertex 1.70821 18 9.62489
    endloop
  endfacet
  facet normal 0 1 0
    outer loop
      vertex -1.53073 18 12.3045
      vertex -2.52571 18 9.9024
      vertex -3.3 18 10.2842
    endloop
  endfacet
  facet normal 0 1 0
    outer loop
      vertex 0.522104 18 12.0342
      vertex 0.861472 18 9.45646
      vertex 0 18 12
    endloop
  endfacet
  facet normal 0 1 0
    outer loop
      vertex -1.03528 18 12.1363
      vertex -1.70821 18 9.62489
      vertex -2.52571 18 9.9024
    endloop
  endfacet
  facet normal 0 1 0
    outer loop
      vertex 0 18 9.4
      vertex 0 18 12
      vertex 0.861472 18 9.45646
    endloop
  endfacet
  facet normal 0 1 0
    outer loop
      vertex -0.522104 18 12.0342
      vertex -0.861472 18 9.45646
      vertex -1.70821 18 9.62489
    endloop
  endfacet
  facet normal 0 1 0
    outer loop
      vertex 0 18 12
      vertex 0 18 9.4
      vertex -0.861472 18 9.45646
    endloop
  endfacet
  facet normal -0.751849 0 0.659336
    outer loop
      vertex 4.6669 18 11.3331
      vertex 5.23613 23.2 11.9822
      vertex 4.6669 23.2 11.3331
    endloop
  endfacet
  facet normal -0.751849 0 0.659336
    outer loop
      vertex 5.23613 23.2 11.9822
      vertex 4.6669 18 11.3331
      vertex 5.23613 18 11.9822
    endloop
  endfacet
  facet normal 0.980783 0 -0.195102
    outer loop
      vertex -6.37511 18 17.7082
      vertex -6.54354 23.2 16.8615
      vertex -6.37511 23.2 17.7082
    endloop
  endfacet
  facet normal 0.980783 0 -0.195102
    outer loop
      vertex -6.54354 23.2 16.8615
      vertex -6.37511 18 17.7082
      vertex -6.54354 18 16.8615
    endloop
  endfacet
  facet normal 0.831458 0 -0.555587
    outer loop
      vertex -5.23613 18 20.0178
      vertex -5.71577 23.2 19.3
      vertex -5.23613 23.2 20.0178
    endloop
  endfacet
  facet normal 0.831458 0 -0.555587
    outer loop
      vertex -5.71577 23.2 19.3
      vertex -5.23613 18 20.0178
      vertex -5.71577 18 19.3
    endloop
  endfacet
  facet normal 0.0654448 0 -0.997856
    outer loop
      vertex -0.861472 18 22.5435
      vertex 0 23.2 22.6
      vertex 0 18 22.6
    endloop
  endfacet
  facet normal 0.0654448 0 -0.997856
    outer loop
      vertex 0 23.2 22.6
      vertex -0.861472 18 22.5435
      vertex -0.861472 23.2 22.5435
    endloop
  endfacet
  facet normal 0.555619 0 -0.831437
    outer loop
      vertex -4.01783 18 21.2361
      vertex -3.3 23.2 21.7158
      vertex -3.3 18 21.7158
    endloop
  endfacet
  facet normal 0.555619 0 -0.831437
    outer loop
      vertex -3.3 23.2 21.7158
      vertex -4.01783 18 21.2361
      vertex -4.01783 23.2 21.2361
    endloop
  endfacet
  facet normal 0.321435 0 -0.946931
    outer loop
      vertex -2.52571 18 22.0976
      vertex -1.70821 23.2 22.3751
      vertex -1.70821 18 22.3751
    endloop
  endfacet
  facet normal 0.321435 0 -0.946931
    outer loop
      vertex -1.70821 23.2 22.3751
      vertex -2.52571 18 22.0976
      vertex -2.52571 23.2 22.0976
    endloop
  endfacet
  facet normal -0.997859 0 -0.0653966
    outer loop
      vertex 6.6 18 16
      vertex 6.54354 23.2 16.8615
      vertex 6.6 23.2 16
    endloop
  endfacet
  facet normal -0.997859 -0 -0.0653966
    outer loop
      vertex 6.54354 23.2 16.8615
      vertex 6.6 18 16
      vertex 6.54354 18 16.8615
    endloop
  endfacet
  facet normal -0.946928 0 -0.321446
    outer loop
      vertex 6.37511 18 17.7082
      vertex 6.0976 23.2 18.5257
      vertex 6.37511 23.2 17.7082
    endloop
  endfacet
  facet normal -0.946928 -0 -0.321446
    outer loop
      vertex 6.0976 23.2 18.5257
      vertex 6.37511 18 17.7082
      vertex 6.0976 18 18.5257
    endloop
  endfacet
  facet normal -0.831458 0 -0.555587
    outer loop
      vertex 5.71577 18 19.3
      vertex 5.23613 23.2 20.0178
      vertex 5.71577 23.2 19.3
    endloop
  endfacet
  facet normal -0.831458 -0 -0.555587
    outer loop
      vertex 5.23613 23.2 20.0178
      vertex 5.71577 18 19.3
      vertex 5.23613 18 20.0178
    endloop
  endfacet
  facet normal -0.0654448 0 -0.997856
    outer loop
      vertex 0 18 22.6
      vertex 0.861472 23.2 22.5435
      vertex 0.861472 18 22.5435
    endloop
  endfacet
  facet normal -0.0654448 0 -0.997856
    outer loop
      vertex 0.861472 23.2 22.5435
      vertex 0 18 22.6
      vertex 0 23.2 22.6
    endloop
  endfacet
  facet normal -0.555619 0 -0.831437
    outer loop
      vertex 3.3 18 21.7158
      vertex 4.01783 23.2 21.2361
      vertex 4.01783 18 21.2361
    endloop
  endfacet
  facet normal -0.555619 0 -0.831437
    outer loop
      vertex 4.01783 23.2 21.2361
      vertex 3.3 18 21.7158
      vertex 3.3 23.2 21.7158
    endloop
  endfacet
  facet normal -0.442254 0 -0.89689
    outer loop
      vertex 2.52571 18 22.0976
      vertex 3.3 23.2 21.7158
      vertex 3.3 18 21.7158
    endloop
  endfacet
  facet normal -0.442254 0 -0.89689
    outer loop
      vertex 3.3 23.2 21.7158
      vertex 2.52571 18 22.0976
      vertex 2.52571 23.2 22.0976
    endloop
  endfacet
  facet normal 0.997859 0 -0.0653966
    outer loop
      vertex -6.54354 18 16.8615
      vertex -6.6 23.2 16
      vertex -6.54354 23.2 16.8615
    endloop
  endfacet
  facet normal 0.997859 0 -0.0653966
    outer loop
      vertex -6.6 23.2 16
      vertex -6.54354 18 16.8615
      vertex -6.6 18 16
    endloop
  endfacet
  facet normal 0.0653987 0 0.997859
    outer loop
      vertex -0.861472 23.2 9.45646
      vertex 0 18 9.4
      vertex 0 23.2 9.4
    endloop
  endfacet
  facet normal 0.0653987 0 0.997859
    outer loop
      vertex 0 18 9.4
      vertex -0.861472 23.2 9.45646
      vertex -0.861472 18 9.45646
    endloop
  endfacet
  facet normal 0.659333 0 0.751851
    outer loop
      vertex -4.6669 23.2 11.3331
      vertex -4.01783 18 10.7639
      vertex -4.01783 23.2 10.7639
    endloop
  endfacet
  facet normal 0.659333 0 0.751851
    outer loop
      vertex -4.01783 18 10.7639
      vertex -4.6669 23.2 11.3331
      vertex -4.6669 18 11.3331
    endloop
  endfacet
  facet normal 0.442254 0 0.89689
    outer loop
      vertex -3.3 23.2 10.2842
      vertex -2.52571 18 9.9024
      vertex -2.52571 23.2 9.9024
    endloop
  endfacet
  facet normal 0.442254 0 0.89689
    outer loop
      vertex -2.52571 18 9.9024
      vertex -3.3 23.2 10.2842
      vertex -3.3 18 10.2842
    endloop
  endfacet
  facet normal 0.831458 -0 0.555587
    outer loop
      vertex -5.71577 18 12.7
      vertex -5.23613 23.2 11.9822
      vertex -5.71577 23.2 12.7
    endloop
  endfacet
  facet normal 0.831458 0 0.555587
    outer loop
      vertex -5.23613 23.2 11.9822
      vertex -5.71577 18 12.7
      vertex -5.23613 18 11.9822
    endloop
  endfacet
  facet normal -0.0653987 0 0.997859
    outer loop
      vertex 0 23.2 9.4
      vertex 0.861472 18 9.45646
      vertex 0.861472 23.2 9.45646
    endloop
  endfacet
  facet normal -0.0653987 0 0.997859
    outer loop
      vertex 0.861472 18 9.45646
      vertex 0 23.2 9.4
      vertex 0 18 9.4
    endloop
  endfacet
  facet normal -0.555619 0 0.831437
    outer loop
      vertex 3.3 23.2 10.2842
      vertex 4.01783 18 10.7639
      vertex 4.01783 23.2 10.7639
    endloop
  endfacet
  facet normal -0.555619 0 0.831437
    outer loop
      vertex 4.01783 18 10.7639
      vertex 3.3 23.2 10.2842
      vertex 3.3 18 10.2842
    endloop
  endfacet
  facet normal -0.946928 0 0.321446
    outer loop
      vertex 6.0976 18 13.4743
      vertex 6.37511 23.2 14.2918
      vertex 6.0976 23.2 13.4743
    endloop
  endfacet
  facet normal -0.946928 0 0.321446
    outer loop
      vertex 6.37511 23.2 14.2918
      vertex 6.0976 18 13.4743
      vertex 6.37511 18 14.2918
    endloop
  endfacet
  facet normal -0.997859 0 0.0653966
    outer loop
      vertex 6.54354 18 15.1385
      vertex 6.6 23.2 16
      vertex 6.54354 23.2 15.1385
    endloop
  endfacet
  facet normal -0.997859 0 0.0653966
    outer loop
      vertex 6.6 23.2 16
      vertex 6.54354 18 15.1385
      vertex 6.6 18 16
    endloop
  endfacet
  facet normal -0.896878 0 0.442277
    outer loop
      vertex 5.71577 18 12.7
      vertex 6.0976 23.2 13.4743
      vertex 5.71577 23.2 12.7
    endloop
  endfacet
  facet normal -0.896878 0 0.442277
    outer loop
      vertex 6.0976 23.2 13.4743
      vertex 5.71577 18 12.7
      vertex 6.0976 18 13.4743
    endloop
  endfacet
  facet normal 0.980783 -0 0.195102
    outer loop
      vertex -6.54354 18 15.1385
      vertex -6.37511 23.2 14.2918
      vertex -6.54354 23.2 15.1385
    endloop
  endfacet
  facet normal 0.980783 0 0.195102
    outer loop
      vertex -6.37511 23.2 14.2918
      vertex -6.54354 18 15.1385
      vertex -6.37511 18 14.2918
    endloop
  endfacet
  facet normal 0.946928 -0 0.321446
    outer loop
      vertex -6.37511 18 14.2918
      vertex -6.0976 23.2 13.4743
      vertex -6.37511 23.2 14.2918
    endloop
  endfacet
  facet normal 0.946928 0 0.321446
    outer loop
      vertex -6.0976 23.2 13.4743
      vertex -6.37511 18 14.2918
      vertex -6.0976 18 13.4743
    endloop
  endfacet
  facet normal 0.195094 0 0.980785
    outer loop
      vertex -1.70821 23.2 9.62489
      vertex -0.861472 18 9.45646
      vertex -0.861472 23.2 9.45646
    endloop
  endfacet
  facet normal 0.195094 0 0.980785
    outer loop
      vertex -0.861472 18 9.45646
      vertex -1.70821 23.2 9.62489
      vertex -1.70821 18 9.62489
    endloop
  endfacet
  facet normal 0.555619 0 0.831437
    outer loop
      vertex -4.01783 23.2 10.7639
      vertex -3.3 18 10.2842
      vertex -3.3 23.2 10.2842
    endloop
  endfacet
  facet normal 0.555619 0 0.831437
    outer loop
      vertex -3.3 18 10.2842
      vertex -4.01783 23.2 10.7639
      vertex -4.01783 18 10.7639
    endloop
  endfacet
  facet normal 0.896878 -0 0.442277
    outer loop
      vertex -6.0976 18 13.4743
      vertex -5.71577 23.2 12.7
      vertex -6.0976 23.2 13.4743
    endloop
  endfacet
  facet normal 0.896878 0 0.442277
    outer loop
      vertex -5.71577 23.2 12.7
      vertex -6.0976 18 13.4743
      vertex -5.71577 18 12.7
    endloop
  endfacet
  facet normal -0.442254 0 0.89689
    outer loop
      vertex 2.52571 23.2 9.9024
      vertex 3.3 18 10.2842
      vertex 3.3 23.2 10.2842
    endloop
  endfacet
  facet normal -0.442254 0 0.89689
    outer loop
      vertex 3.3 18 10.2842
      vertex 2.52571 23.2 9.9024
      vertex 2.52571 18 9.9024
    endloop
  endfacet
  facet normal -0.980783 0 0.195102
    outer loop
      vertex 6.37511 18 14.2918
      vertex 6.54354 23.2 15.1385
      vertex 6.37511 23.2 14.2918
    endloop
  endfacet
  facet normal -0.980783 0 0.195102
    outer loop
      vertex 6.54354 23.2 15.1385
      vertex 6.37511 18 14.2918
      vertex 6.54354 18 15.1385
    endloop
  endfacet
  facet normal -0.831458 0 0.555587
    outer loop
      vertex 5.23613 18 11.9822
      vertex 5.71577 23.2 12.7
      vertex 5.23613 23.2 11.9822
    endloop
  endfacet
  facet normal -0.831458 0 0.555587
    outer loop
      vertex 5.71577 23.2 12.7
      vertex 5.23613 18 11.9822
      vertex 5.71577 18 12.7
    endloop
  endfacet
  facet normal -1 0 0
    outer loop
      vertex -18 -55 1.59932
      vertex -18 -50 30.4007
      vertex -18 -50 1.59932
    endloop
  endfacet
  facet normal -1 -0 0
    outer loop
      vertex -18 -50 30.4007
      vertex -18 -55 1.59932
      vertex -18 -55 30.4007
    endloop
  endfacet
  facet normal 1 -0 0
    outer loop
      vertex 18 16.2 31.1562
      vertex 18 23.2 0.84375
      vertex 18 23.2 31.1562
    endloop
  endfacet
  facet normal 1 0 0
    outer loop
      vertex 18 23.2 0.84375
      vertex 18 16.2 31.1562
      vertex 18 16.2 0.84375
    endloop
  endfacet
  facet normal 1 -0 0
    outer loop
      vertex 18 -55 31.1562
      vertex 18 -50 0.84375
      vertex 18 -50 31.1562
    endloop
  endfacet
  facet normal 1 0 0
    outer loop
      vertex 18 -50 0.84375
      vertex 18 -55 31.1562
      vertex 18 -55 0.84375
    endloop
  endfacet
  facet normal -1 0 0
    outer loop
      vertex 10 23.2 0
      vertex 10 16.2 0.46875
      vertex 10 23.2 0.46875
    endloop
  endfacet
  facet normal -1 0 0
    outer loop
      vertex 10 16.2 0.46875
      vertex 10 -50 0.46875
      vertex 10 16.2 8
    endloop
  endfacet
  facet normal -1 0 0
    outer loop
      vertex 10 -55 0
      vertex 10 16.2 0.46875
      vertex 10 23.2 0
    endloop
  endfacet
  facet normal -1 -0 0
    outer loop
      vertex 10 16.2 0.46875
      vertex 10 -55 0
      vertex 10 -50 0.46875
    endloop
  endfacet
  facet normal -1 -0 0
    outer loop
      vertex 10 -50 0.46875
      vertex 10 -55 0
      vertex 10 -55 0.46875
    endloop
  endfacet
  facet normal -1 -0 0
    outer loop
      vertex 10 16.2 8
      vertex 10 -50 0.46875
      vertex 10 -50 8
    endloop
  endfacet
  facet normal 1 0 0
    outer loop
      vertex 16 16.2 8
      vertex 16 -50 8
      vertex 16 16.2 0.75
    endloop
  endfacet
  facet normal 1 -0 0
    outer loop
      vertex 16 16.2 0.75
      vertex 16 23.2 0
      vertex 16 23.2 0.75
    endloop
  endfacet
  facet normal 1 0 0
    outer loop
      vertex 16 -50 0.75
      vertex 16 16.2 0.75
      vertex 16 -50 8
    endloop
  endfacet
  facet normal 1 0 0
    outer loop
      vertex 16 -55 0
      vertex 16 16.2 0.75
      vertex 16 -50 0.75
    endloop
  endfacet
  facet normal 1 0 0
    outer loop
      vertex 16 -55 0
      vertex 16 -50 0.75
      vertex 16 -55 0.75
    endloop
  endfacet
  facet normal 1 0 0
    outer loop
      vertex 16 16.2 0.75
      vertex 16 -55 0
      vertex 16 23.2 0
    endloop
  endfacet
  facet normal -0 0 1
    outer loop
      vertex 10 16.2 8
      vertex 16 -50 8
      vertex 16 16.2 8
    endloop
  endfacet
  facet normal 0 0 1
    outer loop
      vertex 16 -50 8
      vertex 10 16.2 8
      vertex 10 -50 8
    endloop
  endfacet
  facet normal 0 1 -0
    outer loop
      vertex 16 23.2 0
      vertex 10 23.2 0.46875
      vertex 16 23.2 0.75
    endloop
  endfacet
  facet normal 0 1 0
    outer loop
      vertex 10 23.2 0.46875
      vertex 16 23.2 0
      vertex 10 23.2 0
    endloop
  endfacet
  facet normal 0 0 -1
    outer loop
      vertex 10 -55 0
      vertex 16 23.2 0
      vertex 16 -55 0
    endloop
  endfacet
  facet normal -0 0 -1
    outer loop
      vertex 16 23.2 0
      vertex 10 -55 0
      vertex 10 23.2 0
    endloop
  endfacet
endsolid OpenSCAD_Model
