solid OpenSCAD_Model
  facet normal -0.997861 -0.0653641 0
    outer loop
      vertex -20 0 0
      vertex -20.0342 0.522104 1.8
      vertex -20.0342 0.522104 0
    endloop
  endfacet
  facet normal -0.997861 -0.0653641 0
    outer loop
      vertex -20.0342 0.522104 1.8
      vertex -20 0 0
      vertex -20 0 1.8
    endloop
  endfacet
  facet normal 0.997861 -0.0653641 0
    outer loop
      vertex -28 0 1.8
      vertex -27.9658 0.522104 0
      vertex -27.9658 0.522104 1.8
    endloop
  endfacet
  facet normal 0.997861 -0.0653641 0
    outer loop
      vertex -27.9658 0.522104 0
      vertex -28 0 1.8
      vertex -28 0 0
    endloop
  endfacet
  facet normal -0.0654027 -0.997859 0
    outer loop
      vertex -24 4 0
      vertex -23.4779 3.96578 1.8
      vertex -24 4 1.8
    endloop
  endfacet
  facet normal -0.0654027 -0.997859 -0
    outer loop
      vertex -23.4779 3.96578 1.8
      vertex -24 4 0
      vertex -23.4779 3.96578 0
    endloop
  endfacet
  facet normal -0.659321 -0.751861 0
    outer loop
      vertex -21.565 3.17341 0
      vertex -21.1716 2.82843 1.8
      vertex -21.565 3.17341 1.8
    endloop
  endfacet
  facet normal -0.659321 -0.751861 -0
    outer loop
      vertex -21.1716 2.82843 1.8
      vertex -21.565 3.17341 0
      vertex -21.1716 2.82843 0
    endloop
  endfacet
  facet normal 0.659321 -0.751861 0
    outer loop
      vertex -26.8284 2.82843 0
      vertex -26.435 3.17341 1.8
      vertex -26.8284 2.82843 1.8
    endloop
  endfacet
  facet normal 0.659321 -0.751861 0
    outer loop
      vertex -26.435 3.17341 1.8
      vertex -26.8284 2.82843 0
      vertex -26.435 3.17341 0
    endloop
  endfacet
  facet normal 0.321464 -0.946922 0
    outer loop
      vertex -25.5307 3.69552 0
      vertex -25.0353 3.8637 1.8
      vertex -25.5307 3.69552 1.8
    endloop
  endfacet
  facet normal 0.321464 -0.946922 0
    outer loop
      vertex -25.0353 3.8637 1.8
      vertex -25.5307 3.69552 0
      vertex -25.0353 3.8637 0
    endloop
  endfacet
  facet normal 0.980777 0.195133 0
    outer loop
      vertex -27.8637 -1.03528 1.8
      vertex -27.9658 -0.522104 0
      vertex -27.9658 -0.522104 1.8
    endloop
  endfacet
  facet normal 0.980777 0.195133 0
    outer loop
      vertex -27.9658 -0.522104 0
      vertex -27.8637 -1.03528 1.8
      vertex -27.8637 -1.03528 0
    endloop
  endfacet
  facet normal -0.896887 -0.44226 0
    outer loop
      vertex -20.3045 1.53073 0
      vertex -20.5359 2 1.8
      vertex -20.5359 2 0
    endloop
  endfacet
  facet normal -0.896887 -0.44226 0
    outer loop
      vertex -20.5359 2 1.8
      vertex -20.3045 1.53073 0
      vertex -20.3045 1.53073 1.8
    endloop
  endfacet
  facet normal -0.831462 -0.555582 0
    outer loop
      vertex -20.5359 2 0
      vertex -20.8266 2.43505 1.8
      vertex -20.8266 2.43505 0
    endloop
  endfacet
  facet normal -0.831462 -0.555582 0
    outer loop
      vertex -20.8266 2.43505 1.8
      vertex -20.5359 2 0
      vertex -20.5359 2 1.8
    endloop
  endfacet
  facet normal -0.321464 -0.946922 0
    outer loop
      vertex -22.9647 3.8637 0
      vertex -22.4693 3.69552 1.8
      vertex -22.9647 3.8637 1.8
    endloop
  endfacet
  facet normal -0.321464 -0.946922 -0
    outer loop
      vertex -22.4693 3.69552 1.8
      vertex -22.9647 3.8637 0
      vertex -22.4693 3.69552 0
    endloop
  endfacet
  facet normal -0.195087 -0.980786 0
    outer loop
      vertex -23.4779 3.96578 0
      vertex -22.9647 3.8637 1.8
      vertex -23.4779 3.96578 1.8
    endloop
  endfacet
  facet normal -0.195087 -0.980786 -0
    outer loop
      vertex -22.9647 3.8637 1.8
      vertex -23.4779 3.96578 0
      vertex -22.9647 3.8637 0
    endloop
  endfacet
  facet normal -0.442268 -0.896883 0
    outer loop
      vertex -22.4693 3.69552 0
      vertex -22 3.4641 1.8
      vertex -22.4693 3.69552 1.8
    endloop
  endfacet
  facet normal -0.442268 -0.896883 -0
    outer loop
      vertex -22 3.4641 1.8
      vertex -22.4693 3.69552 0
      vertex -22 3.4641 0
    endloop
  endfacet
  facet normal 0.831462 -0.555582 0
    outer loop
      vertex -27.4641 2 1.8
      vertex -27.1734 2.43505 0
      vertex -27.1734 2.43505 1.8
    endloop
  endfacet
  facet normal 0.831462 -0.555582 0
    outer loop
      vertex -27.1734 2.43505 0
      vertex -27.4641 2 1.8
      vertex -27.4641 2 0
    endloop
  endfacet
  facet normal 0.751826 -0.659362 0
    outer loop
      vertex -27.1734 2.43505 1.8
      vertex -26.8284 2.82843 0
      vertex -26.8284 2.82843 1.8
    endloop
  endfacet
  facet normal 0.751826 -0.659362 0
    outer loop
      vertex -26.8284 2.82843 0
      vertex -27.1734 2.43505 1.8
      vertex -27.1734 2.43505 0
    endloop
  endfacet
  facet normal 0.555613 -0.831441 0
    outer loop
      vertex -26.435 3.17341 0
      vertex -26 3.4641 1.8
      vertex -26.435 3.17341 1.8
    endloop
  endfacet
  facet normal 0.555613 -0.831441 0
    outer loop
      vertex -26 3.4641 1.8
      vertex -26.435 3.17341 0
      vertex -26 3.4641 0
    endloop
  endfacet
  facet normal 0.0654027 -0.997859 0
    outer loop
      vertex -24.5221 3.96578 0
      vertex -24 4 1.8
      vertex -24.5221 3.96578 1.8
    endloop
  endfacet
  facet normal 0.0654027 -0.997859 0
    outer loop
      vertex -24 4 1.8
      vertex -24.5221 3.96578 0
      vertex -24 4 0
    endloop
  endfacet
  facet normal -0.195087 0.980786 0
    outer loop
      vertex -22.9647 -3.8637 0
      vertex -23.4779 -3.96578 1.8
      vertex -22.9647 -3.8637 1.8
    endloop
  endfacet
  facet normal -0.195087 0.980786 0
    outer loop
      vertex -23.4779 -3.96578 1.8
      vertex -22.9647 -3.8637 0
      vertex -23.4779 -3.96578 0
    endloop
  endfacet
  facet normal -0.0654027 0.997859 0
    outer loop
      vertex -23.4779 -3.96578 0
      vertex -24 -4 1.8
      vertex -23.4779 -3.96578 1.8
    endloop
  endfacet
  facet normal -0.0654027 0.997859 0
    outer loop
      vertex -24 -4 1.8
      vertex -23.4779 -3.96578 0
      vertex -24 -4 0
    endloop
  endfacet
  facet normal -0.751826 0.659362 0
    outer loop
      vertex -21.1716 -2.82843 0
      vertex -20.8266 -2.43505 1.8
      vertex -20.8266 -2.43505 0
    endloop
  endfacet
  facet normal -0.751826 0.659362 0
    outer loop
      vertex -20.8266 -2.43505 1.8
      vertex -21.1716 -2.82843 0
      vertex -21.1716 -2.82843 1.8
    endloop
  endfacet
  facet normal -0.980777 0.195133 0
    outer loop
      vertex -20.1363 -1.03528 0
      vertex -20.0342 -0.522104 1.8
      vertex -20.0342 -0.522104 0
    endloop
  endfacet
  facet normal -0.980777 0.195133 0
    outer loop
      vertex -20.0342 -0.522104 1.8
      vertex -20.1363 -1.03528 0
      vertex -20.1363 -1.03528 1.8
    endloop
  endfacet
  facet normal 0.659321 0.751861 -0
    outer loop
      vertex -26.435 -3.17341 0
      vertex -26.8284 -2.82843 1.8
      vertex -26.435 -3.17341 1.8
    endloop
  endfacet
  facet normal 0.659321 0.751861 0
    outer loop
      vertex -26.8284 -2.82843 1.8
      vertex -26.435 -3.17341 0
      vertex -26.8284 -2.82843 0
    endloop
  endfacet
  facet normal 0.321464 0.946922 -0
    outer loop
      vertex -25.0353 -3.8637 0
      vertex -25.5307 -3.69552 1.8
      vertex -25.0353 -3.8637 1.8
    endloop
  endfacet
  facet normal 0.321464 0.946922 0
    outer loop
      vertex -25.5307 -3.69552 1.8
      vertex -25.0353 -3.8637 0
      vertex -25.5307 -3.69552 0
    endloop
  endfacet
  facet normal 0.751826 0.659362 0
    outer loop
      vertex -26.8284 -2.82843 1.8
      vertex -27.1734 -2.43505 0
      vertex -27.1734 -2.43505 1.8
    endloop
  endfacet
  facet normal 0.751826 0.659362 0
    outer loop
      vertex -27.1734 -2.43505 0
      vertex -26.8284 -2.82843 1.8
      vertex -26.8284 -2.82843 0
    endloop
  endfacet
  facet normal 0.997861 0.0653641 0
    outer loop
      vertex -27.9658 -0.522104 1.8
      vertex -28 0 0
      vertex -28 0 1.8
    endloop
  endfacet
  facet normal 0.997861 0.0653641 0
    outer loop
      vertex -28 0 0
      vertex -27.9658 -0.522104 1.8
      vertex -27.9658 -0.522104 0
    endloop
  endfacet
  facet normal -0.94692 -0.321469 0
    outer loop
      vertex -20.1363 1.03528 0
      vertex -20.3045 1.53073 1.8
      vertex -20.3045 1.53073 0
    endloop
  endfacet
  facet normal -0.94692 -0.321469 0
    outer loop
      vertex -20.3045 1.53073 1.8
      vertex -20.1363 1.03528 0
      vertex -20.1363 1.03528 1.8
    endloop
  endfacet
  facet normal -0.980777 -0.195133 0
    outer loop
      vertex -20.0342 0.522104 0
      vertex -20.1363 1.03528 1.8
      vertex -20.1363 1.03528 0
    endloop
  endfacet
  facet normal -0.980777 -0.195133 0
    outer loop
      vertex -20.1363 1.03528 1.8
      vertex -20.0342 0.522104 0
      vertex -20.0342 0.522104 1.8
    endloop
  endfacet
  facet normal -0.555613 -0.831441 0
    outer loop
      vertex -22 3.4641 0
      vertex -21.565 3.17341 1.8
      vertex -22 3.4641 1.8
    endloop
  endfacet
  facet normal -0.555613 -0.831441 -0
    outer loop
      vertex -21.565 3.17341 1.8
      vertex -22 3.4641 0
      vertex -21.565 3.17341 0
    endloop
  endfacet
  facet normal 0.896887 -0.44226 0
    outer loop
      vertex -27.6955 1.53073 1.8
      vertex -27.4641 2 0
      vertex -27.4641 2 1.8
    endloop
  endfacet
  facet normal 0.896887 -0.44226 0
    outer loop
      vertex -27.4641 2 0
      vertex -27.6955 1.53073 1.8
      vertex -27.6955 1.53073 0
    endloop
  endfacet
  facet normal 0.94692 -0.321469 0
    outer loop
      vertex -27.8637 1.03528 1.8
      vertex -27.6955 1.53073 0
      vertex -27.6955 1.53073 1.8
    endloop
  endfacet
  facet normal 0.94692 -0.321469 0
    outer loop
      vertex -27.6955 1.53073 0
      vertex -27.8637 1.03528 1.8
      vertex -27.8637 1.03528 0
    endloop
  endfacet
  facet normal 0.980777 -0.195133 0
    outer loop
      vertex -27.9658 0.522104 1.8
      vertex -27.8637 1.03528 0
      vertex -27.8637 1.03528 1.8
    endloop
  endfacet
  facet normal 0.980777 -0.195133 0
    outer loop
      vertex -27.8637 1.03528 0
      vertex -27.9658 0.522104 1.8
      vertex -27.9658 0.522104 0
    endloop
  endfacet
  facet normal -0.997861 0.0653641 0
    outer loop
      vertex -20.0342 -0.522104 0
      vertex -20 0 1.8
      vertex -20 0 0
    endloop
  endfacet
  facet normal -0.997861 0.0653641 0
    outer loop
      vertex -20 0 1.8
      vertex -20.0342 -0.522104 0
      vertex -20.0342 -0.522104 1.8
    endloop
  endfacet
  facet normal -0.442268 0.896883 0
    outer loop
      vertex -22 -3.4641 0
      vertex -22.4693 -3.69552 1.8
      vertex -22 -3.4641 1.8
    endloop
  endfacet
  facet normal -0.442268 0.896883 0
    outer loop
      vertex -22.4693 -3.69552 1.8
      vertex -22 -3.4641 0
      vertex -22.4693 -3.69552 0
    endloop
  endfacet
  facet normal -0.659321 0.751861 0
    outer loop
      vertex -21.1716 -2.82843 0
      vertex -21.565 -3.17341 1.8
      vertex -21.1716 -2.82843 1.8
    endloop
  endfacet
  facet normal -0.659321 0.751861 0
    outer loop
      vertex -21.565 -3.17341 1.8
      vertex -21.1716 -2.82843 0
      vertex -21.565 -3.17341 0
    endloop
  endfacet
  facet normal -0.555613 0.831441 0
    outer loop
      vertex -21.565 -3.17341 0
      vertex -22 -3.4641 1.8
      vertex -21.565 -3.17341 1.8
    endloop
  endfacet
  facet normal -0.555613 0.831441 0
    outer loop
      vertex -22 -3.4641 1.8
      vertex -21.565 -3.17341 0
      vertex -22 -3.4641 0
    endloop
  endfacet
  facet normal -0.94692 0.321469 0
    outer loop
      vertex -20.3045 -1.53073 0
      vertex -20.1363 -1.03528 1.8
      vertex -20.1363 -1.03528 0
    endloop
  endfacet
  facet normal -0.94692 0.321469 0
    outer loop
      vertex -20.1363 -1.03528 1.8
      vertex -20.3045 -1.53073 0
      vertex -20.3045 -1.53073 1.8
    endloop
  endfacet
  facet normal -0.831462 0.555582 0
    outer loop
      vertex -20.8266 -2.43505 0
      vertex -20.5359 -2 1.8
      vertex -20.5359 -2 0
    endloop
  endfacet
  facet normal -0.831462 0.555582 0
    outer loop
      vertex -20.5359 -2 1.8
      vertex -20.8266 -2.43505 0
      vertex -20.8266 -2.43505 1.8
    endloop
  endfacet
  facet normal -0.896887 0.44226 0
    outer loop
      vertex -20.5359 -2 0
      vertex -20.3045 -1.53073 1.8
      vertex -20.3045 -1.53073 0
    endloop
  endfacet
  facet normal -0.896887 0.44226 0
    outer loop
      vertex -20.3045 -1.53073 1.8
      vertex -20.5359 -2 0
      vertex -20.5359 -2 1.8
    endloop
  endfacet
  facet normal 0.555613 0.831441 -0
    outer loop
      vertex -26 -3.4641 0
      vertex -26.435 -3.17341 1.8
      vertex -26 -3.4641 1.8
    endloop
  endfacet
  facet normal 0.555613 0.831441 0
    outer loop
      vertex -26.435 -3.17341 1.8
      vertex -26 -3.4641 0
      vertex -26.435 -3.17341 0
    endloop
  endfacet
  facet normal 0.0654027 0.997859 -0
    outer loop
      vertex -24 -4 0
      vertex -24.5221 -3.96578 1.8
      vertex -24 -4 1.8
    endloop
  endfacet
  facet normal 0.0654027 0.997859 0
    outer loop
      vertex -24.5221 -3.96578 1.8
      vertex -24 -4 0
      vertex -24.5221 -3.96578 0
    endloop
  endfacet
  facet normal 0.896887 0.44226 0
    outer loop
      vertex -27.4641 -2 1.8
      vertex -27.6955 -1.53073 0
      vertex -27.6955 -1.53073 1.8
    endloop
  endfacet
  facet normal 0.896887 0.44226 0
    outer loop
      vertex -27.6955 -1.53073 0
      vertex -27.4641 -2 1.8
      vertex -27.4641 -2 0
    endloop
  endfacet
  facet normal -0.751826 -0.659362 0
    outer loop
      vertex -20.8266 2.43505 0
      vertex -21.1716 2.82843 1.8
      vertex -21.1716 2.82843 0
    endloop
  endfacet
  facet normal -0.751826 -0.659362 0
    outer loop
      vertex -21.1716 2.82843 1.8
      vertex -20.8266 2.43505 0
      vertex -20.8266 2.43505 1.8
    endloop
  endfacet
  facet normal 0.442268 -0.896883 0
    outer loop
      vertex -26 3.4641 0
      vertex -25.5307 3.69552 1.8
      vertex -26 3.4641 1.8
    endloop
  endfacet
  facet normal 0.442268 -0.896883 0
    outer loop
      vertex -25.5307 3.69552 1.8
      vertex -26 3.4641 0
      vertex -25.5307 3.69552 0
    endloop
  endfacet
  facet normal 0.195087 -0.980786 0
    outer loop
      vertex -25.0353 3.8637 0
      vertex -24.5221 3.96578 1.8
      vertex -25.0353 3.8637 1.8
    endloop
  endfacet
  facet normal 0.195087 -0.980786 0
    outer loop
      vertex -24.5221 3.96578 1.8
      vertex -25.0353 3.8637 0
      vertex -24.5221 3.96578 0
    endloop
  endfacet
  facet normal -0.321464 0.946922 0
    outer loop
      vertex -22.4693 -3.69552 0
      vertex -22.9647 -3.8637 1.8
      vertex -22.4693 -3.69552 1.8
    endloop
  endfacet
  facet normal -0.321464 0.946922 0
    outer loop
      vertex -22.9647 -3.8637 1.8
      vertex -22.4693 -3.69552 0
      vertex -22.9647 -3.8637 0
    endloop
  endfacet
  facet normal 0.442268 0.896883 -0
    outer loop
      vertex -25.5307 -3.69552 0
      vertex -26 -3.4641 1.8
      vertex -25.5307 -3.69552 1.8
    endloop
  endfacet
  facet normal 0.442268 0.896883 0
    outer loop
      vertex -26 -3.4641 1.8
      vertex -25.5307 -3.69552 0
      vertex -26 -3.4641 0
    endloop
  endfacet
  facet normal 0.195087 0.980786 -0
    outer loop
      vertex -24.5221 -3.96578 0
      vertex -25.0353 -3.8637 1.8
      vertex -24.5221 -3.96578 1.8
    endloop
  endfacet
  facet normal 0.195087 0.980786 0
    outer loop
      vertex -25.0353 -3.8637 1.8
      vertex -24.5221 -3.96578 0
      vertex -25.0353 -3.8637 0
    endloop
  endfacet
  facet normal 0.831462 0.555582 0
    outer loop
      vertex -27.1734 -2.43505 1.8
      vertex -27.4641 -2 0
      vertex -27.4641 -2 1.8
    endloop
  endfacet
  facet normal 0.831462 0.555582 0
    outer loop
      vertex -27.4641 -2 0
      vertex -27.1734 -2.43505 1.8
      vertex -27.1734 -2.43505 0
    endloop
  endfacet
  facet normal 0.94692 0.321469 0
    outer loop
      vertex -27.6955 -1.53073 1.8
      vertex -27.8637 -1.03528 0
      vertex -27.8637 -1.03528 1.8
    endloop
  endfacet
  facet normal 0.94692 0.321469 0
    outer loop
      vertex -27.8637 -1.03528 0
      vertex -27.6955 -1.53073 1.8
      vertex -27.6955 -1.53073 0
    endloop
  endfacet
  facet normal -0.99786 -0.0653933 0
    outer loop
      vertex -17.5 0 1.8
      vertex -17.5556 0.84842 7
      vertex -17.5556 0.84842 1.8
    endloop
  endfacet
  facet normal -0.99786 -0.0653933 0
    outer loop
      vertex -17.5556 0.84842 7
      vertex -17.5 0 1.8
      vertex -17.5 0 7
    endloop
  endfacet
  facet normal 0.99786 -0.0653933 0
    outer loop
      vertex -30.5 0 7
      vertex -30.4444 0.84842 1.8
      vertex -30.4444 0.84842 7
    endloop
  endfacet
  facet normal 0.99786 -0.0653933 0
    outer loop
      vertex -30.4444 0.84842 1.8
      vertex -30.5 0 7
      vertex -30.5 0 1.8
    endloop
  endfacet
  facet normal -0.0654066 -0.997859 0
    outer loop
      vertex -24 6.5 1.8
      vertex -23.1516 6.44439 7
      vertex -24 6.5 7
    endloop
  endfacet
  facet normal -0.0654066 -0.997859 -0
    outer loop
      vertex -23.1516 6.44439 7
      vertex -24 6.5 1.8
      vertex -23.1516 6.44439 1.8
    endloop
  endfacet
  facet normal 0.751839 0.659347 0
    outer loop
      vertex -28.5962 -4.59619 7
      vertex -29.1568 -3.95695 1.8
      vertex -29.1568 -3.95695 7
    endloop
  endfacet
  facet normal 0.751839 0.659347 0
    outer loop
      vertex -29.1568 -3.95695 1.8
      vertex -28.5962 -4.59619 7
      vertex -28.5962 -4.59619 1.8
    endloop
  endfacet
  facet normal -0.659377 -0.751813 0
    outer loop
      vertex -20.043 5.1568 1.8
      vertex -19.4038 4.59619 7
      vertex -20.043 5.1568 7
    endloop
  endfacet
  facet normal -0.659377 -0.751813 -0
    outer loop
      vertex -19.4038 4.59619 7
      vertex -20.043 5.1568 1.8
      vertex -19.4038 4.59619 1.8
    endloop
  endfacet
  facet normal 0.659319 -0.751864 0
    outer loop
      vertex -28.5962 4.59619 1.8
      vertex -27.9569 5.1568 7
      vertex -28.5962 4.59619 7
    endloop
  endfacet
  facet normal 0.659319 -0.751864 0
    outer loop
      vertex -27.9569 5.1568 7
      vertex -28.5962 4.59619 1.8
      vertex -27.9569 5.1568 1.8
    endloop
  endfacet
  facet normal 0.321445 -0.946928 0
    outer loop
      vertex -26.4874 6.00522 1.8
      vertex -25.6823 6.27852 7
      vertex -26.4874 6.00522 7
    endloop
  endfacet
  facet normal 0.321445 -0.946928 0
    outer loop
      vertex -25.6823 6.27852 7
      vertex -26.4874 6.00522 1.8
      vertex -25.6823 6.27852 1.8
    endloop
  endfacet
  facet normal -0.896897 -0.442239 0
    outer loop
      vertex -17.9948 2.48744 1.8
      vertex -18.3708 3.25 7
      vertex -18.3708 3.25 1.8
    endloop
  endfacet
  facet normal -0.896897 -0.442239 0
    outer loop
      vertex -18.3708 3.25 7
      vertex -17.9948 2.48744 1.8
      vertex -17.9948 2.48744 7
    endloop
  endfacet
  facet normal -0.980779 -0.195121 0
    outer loop
      vertex -17.5556 0.84842 1.8
      vertex -17.7215 1.68232 7
      vertex -17.7215 1.68232 1.8
    endloop
  endfacet
  facet normal -0.980779 -0.195121 0
    outer loop
      vertex -17.7215 1.68232 7
      vertex -17.5556 0.84842 1.8
      vertex -17.5556 0.84842 7
    endloop
  endfacet
  facet normal -0.831453 -0.555596 0
    outer loop
      vertex -18.3708 3.25 1.8
      vertex -18.8432 3.95695 7
      vertex -18.8432 3.95695 1.8
    endloop
  endfacet
  facet normal -0.831453 -0.555596 0
    outer loop
      vertex -18.8432 3.95695 7
      vertex -18.3708 3.25 1.8
      vertex -18.3708 3.25 7
    endloop
  endfacet
  facet normal -0.321445 -0.946928 0
    outer loop
      vertex -22.3177 6.27852 1.8
      vertex -21.5126 6.00522 7
      vertex -22.3177 6.27852 7
    endloop
  endfacet
  facet normal -0.321445 -0.946928 -0
    outer loop
      vertex -21.5126 6.00522 7
      vertex -22.3177 6.27852 1.8
      vertex -21.5126 6.00522 1.8
    endloop
  endfacet
  facet normal -0.195087 -0.980786 0
    outer loop
      vertex -23.1516 6.44439 1.8
      vertex -22.3177 6.27852 7
      vertex -23.1516 6.44439 7
    endloop
  endfacet
  facet normal -0.195087 -0.980786 -0
    outer loop
      vertex -22.3177 6.27852 7
      vertex -23.1516 6.44439 1.8
      vertex -22.3177 6.27852 1.8
    endloop
  endfacet
  facet normal -0.442277 -0.896879 0
    outer loop
      vertex -21.5126 6.00522 1.8
      vertex -20.75 5.62916 7
      vertex -21.5126 6.00522 7
    endloop
  endfacet
  facet normal -0.442277 -0.896879 -0
    outer loop
      vertex -20.75 5.62916 7
      vertex -21.5126 6.00522 1.8
      vertex -20.75 5.62916 1.8
    endloop
  endfacet
  facet normal 0.896897 -0.442239 0
    outer loop
      vertex -30.0052 2.48744 7
      vertex -29.6292 3.25 1.8
      vertex -29.6292 3.25 7
    endloop
  endfacet
  facet normal 0.896897 -0.442239 0
    outer loop
      vertex -29.6292 3.25 1.8
      vertex -30.0052 2.48744 7
      vertex -30.0052 2.48744 1.8
    endloop
  endfacet
  facet normal 0.751839 -0.659347 0
    outer loop
      vertex -29.1568 3.95695 7
      vertex -28.5962 4.59619 1.8
      vertex -28.5962 4.59619 7
    endloop
  endfacet
  facet normal 0.751839 -0.659347 0
    outer loop
      vertex -28.5962 4.59619 1.8
      vertex -29.1568 3.95695 7
      vertex -29.1568 3.95695 1.8
    endloop
  endfacet
  facet normal 0.946931 -0.321438 0
    outer loop
      vertex -30.2785 1.68232 7
      vertex -30.0052 2.48744 1.8
      vertex -30.0052 2.48744 7
    endloop
  endfacet
  facet normal 0.946931 -0.321438 0
    outer loop
      vertex -30.0052 2.48744 1.8
      vertex -30.2785 1.68232 7
      vertex -30.2785 1.68232 1.8
    endloop
  endfacet
  facet normal 0.195087 -0.980786 0
    outer loop
      vertex -25.6823 6.27852 1.8
      vertex -24.8484 6.44439 7
      vertex -25.6823 6.27852 7
    endloop
  endfacet
  facet normal 0.195087 -0.980786 0
    outer loop
      vertex -24.8484 6.44439 7
      vertex -25.6823 6.27852 1.8
      vertex -24.8484 6.44439 1.8
    endloop
  endfacet
  facet normal -0.831453 0.555596 0
    outer loop
      vertex -18.8432 -3.95695 1.8
      vertex -18.3708 -3.25 7
      vertex -18.3708 -3.25 1.8
    endloop
  endfacet
  facet normal -0.831453 0.555596 0
    outer loop
      vertex -18.3708 -3.25 7
      vertex -18.8432 -3.95695 1.8
      vertex -18.8432 -3.95695 7
    endloop
  endfacet
  facet normal -0.980779 0.195121 0
    outer loop
      vertex -17.7215 -1.68232 1.8
      vertex -17.5556 -0.84842 7
      vertex -17.5556 -0.84842 1.8
    endloop
  endfacet
  facet normal -0.980779 0.195121 0
    outer loop
      vertex -17.5556 -0.84842 7
      vertex -17.7215 -1.68232 1.8
      vertex -17.7215 -1.68232 7
    endloop
  endfacet
  facet normal 0.659319 0.751864 -0
    outer loop
      vertex -27.9569 -5.1568 1.8
      vertex -28.5962 -4.59619 7
      vertex -27.9569 -5.1568 7
    endloop
  endfacet
  facet normal 0.659319 0.751864 0
    outer loop
      vertex -28.5962 -4.59619 7
      vertex -27.9569 -5.1568 1.8
      vertex -28.5962 -4.59619 1.8
    endloop
  endfacet
  facet normal 0.321445 0.946928 -0
    outer loop
      vertex -25.6823 -6.27852 1.8
      vertex -26.4874 -6.00522 7
      vertex -25.6823 -6.27852 7
    endloop
  endfacet
  facet normal 0.321445 0.946928 0
    outer loop
      vertex -26.4874 -6.00522 7
      vertex -25.6823 -6.27852 1.8
      vertex -26.4874 -6.00522 1.8
    endloop
  endfacet
  facet normal 0 0 1
    outer loop
      vertex -20 0 1.8
      vertex -17.5 0 1.8
      vertex -17.5556 0.84842 1.8
    endloop
  endfacet
  facet normal 0 0 1
    outer loop
      vertex -20.0342 0.522104 1.8
      vertex -17.5556 0.84842 1.8
      vertex -17.7215 1.68232 1.8
    endloop
  endfacet
  facet normal 0 0 1
    outer loop
      vertex -17.5 0 1.8
      vertex -20 0 1.8
      vertex -17.5556 -0.84842 1.8
    endloop
  endfacet
  facet normal 0 0 1
    outer loop
      vertex -20.1363 1.03528 1.8
      vertex -17.7215 1.68232 1.8
      vertex -17.9948 2.48744 1.8
    endloop
  endfacet
  facet normal -0 0 1
    outer loop
      vertex -20.0342 -0.522104 1.8
      vertex -17.5556 -0.84842 1.8
      vertex -20 0 1.8
    endloop
  endfacet
  facet normal 0 0 1
    outer loop
      vertex -20.3045 1.53073 1.8
      vertex -17.9948 2.48744 1.8
      vertex -18.3708 3.25 1.8
    endloop
  endfacet
  facet normal 0 0 1
    outer loop
      vertex -17.5556 -0.84842 1.8
      vertex -20.0342 -0.522104 1.8
      vertex -17.7215 -1.68232 1.8
    endloop
  endfacet
  facet normal 0 0 1
    outer loop
      vertex -20.5359 2 1.8
      vertex -18.3708 3.25 1.8
      vertex -18.8432 3.95695 1.8
    endloop
  endfacet
  facet normal -0 0 1
    outer loop
      vertex -20.1363 -1.03528 1.8
      vertex -17.7215 -1.68232 1.8
      vertex -20.0342 -0.522104 1.8
    endloop
  endfacet
  facet normal 0 0 1
    outer loop
      vertex -20.8266 2.43505 1.8
      vertex -18.8432 3.95695 1.8
      vertex -19.4038 4.59619 1.8
    endloop
  endfacet
  facet normal 0 0 1
    outer loop
      vertex -17.7215 -1.68232 1.8
      vertex -20.1363 -1.03528 1.8
      vertex -17.9948 -2.48744 1.8
    endloop
  endfacet
  facet normal -0 0 1
    outer loop
      vertex -20.3045 -1.53073 1.8
      vertex -17.9948 -2.48744 1.8
      vertex -20.1363 -1.03528 1.8
    endloop
  endfacet
  facet normal 0 0 1
    outer loop
      vertex -17.5556 0.84842 1.8
      vertex -20.0342 0.522104 1.8
      vertex -20 0 1.8
    endloop
  endfacet
  facet normal 0 0 1
    outer loop
      vertex -21.1716 2.82843 1.8
      vertex -19.4038 4.59619 1.8
      vertex -20.043 5.1568 1.8
    endloop
  endfacet
  facet normal 0 0 1
    outer loop
      vertex -17.7215 1.68232 1.8
      vertex -20.1363 1.03528 1.8
      vertex -20.0342 0.522104 1.8
    endloop
  endfacet
  facet normal 0 0 1
    outer loop
      vertex -17.9948 2.48744 1.8
      vertex -20.3045 1.53073 1.8
      vertex -20.1363 1.03528 1.8
    endloop
  endfacet
  facet normal 0 0 1
    outer loop
      vertex -18.3708 3.25 1.8
      vertex -20.5359 2 1.8
      vertex -20.3045 1.53073 1.8
    endloop
  endfacet
  facet normal 0 0 1
    outer loop
      vertex -21.565 3.17341 1.8
      vertex -20.043 5.1568 1.8
      vertex -20.75 5.62916 1.8
    endloop
  endfacet
  facet normal 0 0 1
    outer loop
      vertex -18.8432 3.95695 1.8
      vertex -20.8266 2.43505 1.8
      vertex -20.5359 2 1.8
    endloop
  endfacet
  facet normal 0 0 1
    outer loop
      vertex -19.4038 4.59619 1.8
      vertex -21.1716 2.82843 1.8
      vertex -20.8266 2.43505 1.8
    endloop
  endfacet
  facet normal 0 0 1
    outer loop
      vertex -22 3.4641 1.8
      vertex -20.75 5.62916 1.8
      vertex -21.5126 6.00522 1.8
    endloop
  endfacet
  facet normal 0 0 1
    outer loop
      vertex -20.043 5.1568 1.8
      vertex -21.565 3.17341 1.8
      vertex -21.1716 2.82843 1.8
    endloop
  endfacet
  facet normal 0 0 1
    outer loop
      vertex -20.75 5.62916 1.8
      vertex -22 3.4641 1.8
      vertex -21.565 3.17341 1.8
    endloop
  endfacet
  facet normal 0 0 1
    outer loop
      vertex -22.4693 3.69552 1.8
      vertex -21.5126 6.00522 1.8
      vertex -22.3177 6.27852 1.8
    endloop
  endfacet
  facet normal 0 0 1
    outer loop
      vertex -21.5126 6.00522 1.8
      vertex -22.4693 3.69552 1.8
      vertex -22 3.4641 1.8
    endloop
  endfacet
  facet normal 0 0 1
    outer loop
      vertex -22.3177 6.27852 1.8
      vertex -22.9647 3.8637 1.8
      vertex -22.4693 3.69552 1.8
    endloop
  endfacet
  facet normal 0 0 1
    outer loop
      vertex -23.1516 6.44439 1.8
      vertex -22.9647 3.8637 1.8
      vertex -22.3177 6.27852 1.8
    endloop
  endfacet
  facet normal 0 0 1
    outer loop
      vertex -23.1516 6.44439 1.8
      vertex -23.4779 3.96578 1.8
      vertex -22.9647 3.8637 1.8
    endloop
  endfacet
  facet normal 0 0 1
    outer loop
      vertex -24 6.5 1.8
      vertex -23.4779 3.96578 1.8
      vertex -23.1516 6.44439 1.8
    endloop
  endfacet
  facet normal 0 0 1
    outer loop
      vertex -24 6.5 1.8
      vertex -24 4 1.8
      vertex -23.4779 3.96578 1.8
    endloop
  endfacet
  facet normal 0 0 1
    outer loop
      vertex -24 6.5 1.8
      vertex -24.5221 3.96578 1.8
      vertex -24 4 1.8
    endloop
  endfacet
  facet normal -0 0 1
    outer loop
      vertex -24.8484 6.44439 1.8
      vertex -24.5221 3.96578 1.8
      vertex -24 6.5 1.8
    endloop
  endfacet
  facet normal 0 0 1
    outer loop
      vertex -24.8484 6.44439 1.8
      vertex -25.0353 3.8637 1.8
      vertex -24.5221 3.96578 1.8
    endloop
  endfacet
  facet normal -0 0 1
    outer loop
      vertex -25.6823 6.27852 1.8
      vertex -25.0353 3.8637 1.8
      vertex -24.8484 6.44439 1.8
    endloop
  endfacet
  facet normal 0 0 1
    outer loop
      vertex -25.0353 3.8637 1.8
      vertex -25.6823 6.27852 1.8
      vertex -25.5307 3.69552 1.8
    endloop
  endfacet
  facet normal -0 0 1
    outer loop
      vertex -26.4874 6.00522 1.8
      vertex -25.5307 3.69552 1.8
      vertex -25.6823 6.27852 1.8
    endloop
  endfacet
  facet normal 0 0 1
    outer loop
      vertex -25.5307 3.69552 1.8
      vertex -26.4874 6.00522 1.8
      vertex -26 3.4641 1.8
    endloop
  endfacet
  facet normal -0 0 1
    outer loop
      vertex -27.25 5.62916 1.8
      vertex -26 3.4641 1.8
      vertex -26.4874 6.00522 1.8
    endloop
  endfacet
  facet normal 0 0 1
    outer loop
      vertex -26 3.4641 1.8
      vertex -27.25 5.62916 1.8
      vertex -26.435 3.17341 1.8
    endloop
  endfacet
  facet normal -0 0 1
    outer loop
      vertex -27.9569 5.1568 1.8
      vertex -26.435 3.17341 1.8
      vertex -27.25 5.62916 1.8
    endloop
  endfacet
  facet normal 0 0 1
    outer loop
      vertex -26.435 3.17341 1.8
      vertex -27.9569 5.1568 1.8
      vertex -26.8284 2.82843 1.8
    endloop
  endfacet
  facet normal -0 0 1
    outer loop
      vertex -28.5962 4.59619 1.8
      vertex -26.8284 2.82843 1.8
      vertex -27.9569 5.1568 1.8
    endloop
  endfacet
  facet normal 0 0 1
    outer loop
      vertex -26.8284 2.82843 1.8
      vertex -28.5962 4.59619 1.8
      vertex -27.1734 2.43505 1.8
    endloop
  endfacet
  facet normal -0 0 1
    outer loop
      vertex -29.1568 3.95695 1.8
      vertex -27.1734 2.43505 1.8
      vertex -28.5962 4.59619 1.8
    endloop
  endfacet
  facet normal 0 0 1
    outer loop
      vertex -27.1734 2.43505 1.8
      vertex -29.1568 3.95695 1.8
      vertex -27.4641 2 1.8
    endloop
  endfacet
  facet normal -0 0 1
    outer loop
      vertex -29.6292 3.25 1.8
      vertex -27.4641 2 1.8
      vertex -29.1568 3.95695 1.8
    endloop
  endfacet
  facet normal 0 0 1
    outer loop
      vertex -27.4641 2 1.8
      vertex -29.6292 3.25 1.8
      vertex -27.6955 1.53073 1.8
    endloop
  endfacet
  facet normal -0 0 1
    outer loop
      vertex -30.0052 2.48744 1.8
      vertex -27.6955 1.53073 1.8
      vertex -29.6292 3.25 1.8
    endloop
  endfacet
  facet normal 0 0 1
    outer loop
      vertex -17.9948 -2.48744 1.8
      vertex -20.3045 -1.53073 1.8
      vertex -18.3708 -3.25 1.8
    endloop
  endfacet
  facet normal -0 0 1
    outer loop
      vertex -20.5359 -2 1.8
      vertex -18.3708 -3.25 1.8
      vertex -20.3045 -1.53073 1.8
    endloop
  endfacet
  facet normal 0 0 1
    outer loop
      vertex -18.3708 -3.25 1.8
      vertex -20.5359 -2 1.8
      vertex -18.8432 -3.95695 1.8
    endloop
  endfacet
  facet normal -0 0 1
    outer loop
      vertex -20.8266 -2.43505 1.8
      vertex -18.8432 -3.95695 1.8
      vertex -20.5359 -2 1.8
    endloop
  endfacet
  facet normal 0 0 1
    outer loop
      vertex -18.8432 -3.95695 1.8
      vertex -20.8266 -2.43505 1.8
      vertex -19.4038 -4.59619 1.8
    endloop
  endfacet
  facet normal -0 0 1
    outer loop
      vertex -21.1716 -2.82843 1.8
      vertex -19.4038 -4.59619 1.8
      vertex -20.8266 -2.43505 1.8
    endloop
  endfacet
  facet normal 0 0 1
    outer loop
      vertex -19.4038 -4.59619 1.8
      vertex -21.1716 -2.82843 1.8
      vertex -20.043 -5.1568 1.8
    endloop
  endfacet
  facet normal -0 0 1
    outer loop
      vertex -21.565 -3.17341 1.8
      vertex -20.043 -5.1568 1.8
      vertex -21.1716 -2.82843 1.8
    endloop
  endfacet
  facet normal 0 0 1
    outer loop
      vertex -20.043 -5.1568 1.8
      vertex -21.565 -3.17341 1.8
      vertex -20.75 -5.62916 1.8
    endloop
  endfacet
  facet normal -0 0 1
    outer loop
      vertex -22 -3.4641 1.8
      vertex -20.75 -5.62916 1.8
      vertex -21.565 -3.17341 1.8
    endloop
  endfacet
  facet normal 0 0 1
    outer loop
      vertex -20.75 -5.62916 1.8
      vertex -22 -3.4641 1.8
      vertex -21.5126 -6.00522 1.8
    endloop
  endfacet
  facet normal -0 0 1
    outer loop
      vertex -22.4693 -3.69552 1.8
      vertex -21.5126 -6.00522 1.8
      vertex -22 -3.4641 1.8
    endloop
  endfacet
  facet normal 0 0 1
    outer loop
      vertex -21.5126 -6.00522 1.8
      vertex -22.4693 -3.69552 1.8
      vertex -22.3177 -6.27852 1.8
    endloop
  endfacet
  facet normal -0 0 1
    outer loop
      vertex -22.9647 -3.8637 1.8
      vertex -22.3177 -6.27852 1.8
      vertex -22.4693 -3.69552 1.8
    endloop
  endfacet
  facet normal 0 0 1
    outer loop
      vertex -22.9647 -3.8637 1.8
      vertex -23.1516 -6.44439 1.8
      vertex -22.3177 -6.27852 1.8
    endloop
  endfacet
  facet normal -0 0 1
    outer loop
      vertex -23.4779 -3.96578 1.8
      vertex -23.1516 -6.44439 1.8
      vertex -22.9647 -3.8637 1.8
    endloop
  endfacet
  facet normal -0 0 1
    outer loop
      vertex -24 -4 1.8
      vertex -23.1516 -6.44439 1.8
      vertex -23.4779 -3.96578 1.8
    endloop
  endfacet
  facet normal 0 0 1
    outer loop
      vertex -24 -4 1.8
      vertex -24 -6.5 1.8
      vertex -23.1516 -6.44439 1.8
    endloop
  endfacet
  facet normal 0 0 1
    outer loop
      vertex -24.5221 -3.96578 1.8
      vertex -24 -6.5 1.8
      vertex -24 -4 1.8
    endloop
  endfacet
  facet normal 0 0 1
    outer loop
      vertex -24.5221 -3.96578 1.8
      vertex -24.8484 -6.44439 1.8
      vertex -24 -6.5 1.8
    endloop
  endfacet
  facet normal 0 0 1
    outer loop
      vertex -25.0353 -3.8637 1.8
      vertex -24.8484 -6.44439 1.8
      vertex -24.5221 -3.96578 1.8
    endloop
  endfacet
  facet normal 0 0 1
    outer loop
      vertex -25.6823 -6.27852 1.8
      vertex -25.0353 -3.8637 1.8
      vertex -25.5307 -3.69552 1.8
    endloop
  endfacet
  facet normal 0 0 1
    outer loop
      vertex -25.0353 -3.8637 1.8
      vertex -25.6823 -6.27852 1.8
      vertex -24.8484 -6.44439 1.8
    endloop
  endfacet
  facet normal 0 0 1
    outer loop
      vertex -26.4874 -6.00522 1.8
      vertex -25.5307 -3.69552 1.8
      vertex -26 -3.4641 1.8
    endloop
  endfacet
  facet normal 0 0 1
    outer loop
      vertex -27.25 -5.62916 1.8
      vertex -26 -3.4641 1.8
      vertex -26.435 -3.17341 1.8
    endloop
  endfacet
  facet normal 0 0 1
    outer loop
      vertex -25.5307 -3.69552 1.8
      vertex -26.4874 -6.00522 1.8
      vertex -25.6823 -6.27852 1.8
    endloop
  endfacet
  facet normal 0 0 1
    outer loop
      vertex -27.9569 -5.1568 1.8
      vertex -26.435 -3.17341 1.8
      vertex -26.8284 -2.82843 1.8
    endloop
  endfacet
  facet normal 0 0 1
    outer loop
      vertex -28.5962 -4.59619 1.8
      vertex -26.8284 -2.82843 1.8
      vertex -27.1734 -2.43505 1.8
    endloop
  endfacet
  facet normal 0 0 1
    outer loop
      vertex -26 -3.4641 1.8
      vertex -27.25 -5.62916 1.8
      vertex -26.4874 -6.00522 1.8
    endloop
  endfacet
  facet normal 0 0 1
    outer loop
      vertex -29.1568 -3.95695 1.8
      vertex -27.1734 -2.43505 1.8
      vertex -27.4641 -2 1.8
    endloop
  endfacet
  facet normal 0 0 1
    outer loop
      vertex -29.6292 -3.25 1.8
      vertex -27.4641 -2 1.8
      vertex -27.6955 -1.53073 1.8
    endloop
  endfacet
  facet normal 0 0 1
    outer loop
      vertex -30.0052 -2.48744 1.8
      vertex -27.6955 -1.53073 1.8
      vertex -27.8637 -1.03528 1.8
    endloop
  endfacet
  facet normal 0 0 1
    outer loop
      vertex -26.435 -3.17341 1.8
      vertex -27.9569 -5.1568 1.8
      vertex -27.25 -5.62916 1.8
    endloop
  endfacet
  facet normal 0 0 1
    outer loop
      vertex -30.2785 -1.68232 1.8
      vertex -27.8637 -1.03528 1.8
      vertex -27.9658 -0.522104 1.8
    endloop
  endfacet
  facet normal 0 0 1
    outer loop
      vertex -30.4444 -0.84842 1.8
      vertex -27.9658 -0.522104 1.8
      vertex -28 0 1.8
    endloop
  endfacet
  facet normal 0 0 1
    outer loop
      vertex -27.6955 1.53073 1.8
      vertex -30.0052 2.48744 1.8
      vertex -27.8637 1.03528 1.8
    endloop
  endfacet
  facet normal 0 0 1
    outer loop
      vertex -26.8284 -2.82843 1.8
      vertex -28.5962 -4.59619 1.8
      vertex -27.9569 -5.1568 1.8
    endloop
  endfacet
  facet normal -0 0 1
    outer loop
      vertex -30.2785 1.68232 1.8
      vertex -27.8637 1.03528 1.8
      vertex -30.0052 2.48744 1.8
    endloop
  endfacet
  facet normal 0 0 1
    outer loop
      vertex -27.1734 -2.43505 1.8
      vertex -29.1568 -3.95695 1.8
      vertex -28.5962 -4.59619 1.8
    endloop
  endfacet
  facet normal 0 0 1
    outer loop
      vertex -27.8637 1.03528 1.8
      vertex -30.2785 1.68232 1.8
      vertex -27.9658 0.522104 1.8
    endloop
  endfacet
  facet normal 0 0 1
    outer loop
      vertex -27.4641 -2 1.8
      vertex -29.6292 -3.25 1.8
      vertex -29.1568 -3.95695 1.8
    endloop
  endfacet
  facet normal -0 0 1
    outer loop
      vertex -30.4444 0.84842 1.8
      vertex -27.9658 0.522104 1.8
      vertex -30.2785 1.68232 1.8
    endloop
  endfacet
  facet normal 0 0 1
    outer loop
      vertex -27.6955 -1.53073 1.8
      vertex -30.0052 -2.48744 1.8
      vertex -29.6292 -3.25 1.8
    endloop
  endfacet
  facet normal 0 0 1
    outer loop
      vertex -27.9658 0.522104 1.8
      vertex -30.4444 0.84842 1.8
      vertex -28 0 1.8
    endloop
  endfacet
  facet normal 0 0 1
    outer loop
      vertex -27.8637 -1.03528 1.8
      vertex -30.2785 -1.68232 1.8
      vertex -30.0052 -2.48744 1.8
    endloop
  endfacet
  facet normal 0 0 1
    outer loop
      vertex -30.5 0 1.8
      vertex -28 0 1.8
      vertex -30.4444 0.84842 1.8
    endloop
  endfacet
  facet normal 0 0 1
    outer loop
      vertex -27.9658 -0.522104 1.8
      vertex -30.4444 -0.84842 1.8
      vertex -30.2785 -1.68232 1.8
    endloop
  endfacet
  facet normal 0 0 1
    outer loop
      vertex -28 0 1.8
      vertex -30.5 0 1.8
      vertex -30.4444 -0.84842 1.8
    endloop
  endfacet
  facet normal -0.946931 -0.321438 0
    outer loop
      vertex -17.7215 1.68232 1.8
      vertex -17.9948 2.48744 7
      vertex -17.9948 2.48744 1.8
    endloop
  endfacet
  facet normal -0.946931 -0.321438 0
    outer loop
      vertex -17.9948 2.48744 7
      vertex -17.7215 1.68232 1.8
      vertex -17.7215 1.68232 7
    endloop
  endfacet
  facet normal -0.751839 -0.659347 0
    outer loop
      vertex -18.8432 3.95695 1.8
      vertex -19.4038 4.59619 7
      vertex -19.4038 4.59619 1.8
    endloop
  endfacet
  facet normal -0.751839 -0.659347 0
    outer loop
      vertex -19.4038 4.59619 7
      vertex -18.8432 3.95695 1.8
      vertex -18.8432 3.95695 7
    endloop
  endfacet
  facet normal -0.555536 -0.831493 0
    outer loop
      vertex -20.75 5.62916 1.8
      vertex -20.043 5.1568 7
      vertex -20.75 5.62916 7
    endloop
  endfacet
  facet normal -0.555536 -0.831493 -0
    outer loop
      vertex -20.043 5.1568 7
      vertex -20.75 5.62916 1.8
      vertex -20.043 5.1568 1.8
    endloop
  endfacet
  facet normal 0.831453 -0.555596 0
    outer loop
      vertex -29.6292 3.25 7
      vertex -29.1568 3.95695 1.8
      vertex -29.1568 3.95695 7
    endloop
  endfacet
  facet normal 0.831453 -0.555596 0
    outer loop
      vertex -29.1568 3.95695 1.8
      vertex -29.6292 3.25 7
      vertex -29.6292 3.25 1.8
    endloop
  endfacet
  facet normal 0.980779 -0.195121 0
    outer loop
      vertex -30.4444 0.84842 7
      vertex -30.2785 1.68232 1.8
      vertex -30.2785 1.68232 7
    endloop
  endfacet
  facet normal 0.980779 -0.195121 0
    outer loop
      vertex -30.2785 1.68232 1.8
      vertex -30.4444 0.84842 7
      vertex -30.4444 0.84842 1.8
    endloop
  endfacet
  facet normal 0.442277 -0.896879 0
    outer loop
      vertex -27.25 5.62916 1.8
      vertex -26.4874 6.00522 7
      vertex -27.25 5.62916 7
    endloop
  endfacet
  facet normal 0.442277 -0.896879 0
    outer loop
      vertex -26.4874 6.00522 7
      vertex -27.25 5.62916 1.8
      vertex -26.4874 6.00522 1.8
    endloop
  endfacet
  facet normal 0.55559 -0.831456 0
    outer loop
      vertex -27.9569 5.1568 1.8
      vertex -27.25 5.62916 7
      vertex -27.9569 5.1568 7
    endloop
  endfacet
  facet normal 0.55559 -0.831456 0
    outer loop
      vertex -27.25 5.62916 7
      vertex -27.9569 5.1568 1.8
      vertex -27.25 5.62916 1.8
    endloop
  endfacet
  facet normal 0.0654066 -0.997859 0
    outer loop
      vertex -24.8484 6.44439 1.8
      vertex -24 6.5 7
      vertex -24.8484 6.44439 7
    endloop
  endfacet
  facet normal 0.0654066 -0.997859 0
    outer loop
      vertex -24 6.5 7
      vertex -24.8484 6.44439 1.8
      vertex -24 6.5 1.8
    endloop
  endfacet
  facet normal -0.99786 0.0653933 0
    outer loop
      vertex -17.5556 -0.84842 1.8
      vertex -17.5 0 7
      vertex -17.5 0 1.8
    endloop
  endfacet
  facet normal -0.99786 0.0653933 0
    outer loop
      vertex -17.5 0 7
      vertex -17.5556 -0.84842 1.8
      vertex -17.5556 -0.84842 7
    endloop
  endfacet
  facet normal -0.0654066 0.997859 0
    outer loop
      vertex -23.1516 -6.44439 1.8
      vertex -24 -6.5 7
      vertex -23.1516 -6.44439 7
    endloop
  endfacet
  facet normal -0.0654066 0.997859 0
    outer loop
      vertex -24 -6.5 7
      vertex -23.1516 -6.44439 1.8
      vertex -24 -6.5 1.8
    endloop
  endfacet
  facet normal -0.321445 0.946928 0
    outer loop
      vertex -21.5126 -6.00522 1.8
      vertex -22.3177 -6.27852 7
      vertex -21.5126 -6.00522 7
    endloop
  endfacet
  facet normal -0.321445 0.946928 0
    outer loop
      vertex -22.3177 -6.27852 7
      vertex -21.5126 -6.00522 1.8
      vertex -22.3177 -6.27852 1.8
    endloop
  endfacet
  facet normal -0.659377 0.751813 0
    outer loop
      vertex -19.4038 -4.59619 1.8
      vertex -20.043 -5.1568 7
      vertex -19.4038 -4.59619 7
    endloop
  endfacet
  facet normal -0.659377 0.751813 0
    outer loop
      vertex -20.043 -5.1568 7
      vertex -19.4038 -4.59619 1.8
      vertex -20.043 -5.1568 1.8
    endloop
  endfacet
  facet normal -0.442277 0.896879 0
    outer loop
      vertex -20.75 -5.62916 1.8
      vertex -21.5126 -6.00522 7
      vertex -20.75 -5.62916 7
    endloop
  endfacet
  facet normal -0.442277 0.896879 0
    outer loop
      vertex -21.5126 -6.00522 7
      vertex -20.75 -5.62916 1.8
      vertex -21.5126 -6.00522 1.8
    endloop
  endfacet
  facet normal -0.896897 0.442239 0
    outer loop
      vertex -18.3708 -3.25 1.8
      vertex -17.9948 -2.48744 7
      vertex -17.9948 -2.48744 1.8
    endloop
  endfacet
  facet normal -0.896897 0.442239 0
    outer loop
      vertex -17.9948 -2.48744 7
      vertex -18.3708 -3.25 1.8
      vertex -18.3708 -3.25 7
    endloop
  endfacet
  facet normal 0.55559 0.831456 -0
    outer loop
      vertex -27.25 -5.62916 1.8
      vertex -27.9569 -5.1568 7
      vertex -27.25 -5.62916 7
    endloop
  endfacet
  facet normal 0.55559 0.831456 0
    outer loop
      vertex -27.9569 -5.1568 7
      vertex -27.25 -5.62916 1.8
      vertex -27.9569 -5.1568 1.8
    endloop
  endfacet
  facet normal 0.195087 0.980786 -0
    outer loop
      vertex -24.8484 -6.44439 1.8
      vertex -25.6823 -6.27852 7
      vertex -24.8484 -6.44439 7
    endloop
  endfacet
  facet normal 0.195087 0.980786 0
    outer loop
      vertex -25.6823 -6.27852 7
      vertex -24.8484 -6.44439 1.8
      vertex -25.6823 -6.27852 1.8
    endloop
  endfacet
  facet normal 0.896897 0.442239 0
    outer loop
      vertex -29.6292 -3.25 7
      vertex -30.0052 -2.48744 1.8
      vertex -30.0052 -2.48744 7
    endloop
  endfacet
  facet normal 0.896897 0.442239 0
    outer loop
      vertex -30.0052 -2.48744 1.8
      vertex -29.6292 -3.25 7
      vertex -29.6292 -3.25 1.8
    endloop
  endfacet
  facet normal 0.946931 0.321438 0
    outer loop
      vertex -30.0052 -2.48744 7
      vertex -30.2785 -1.68232 1.8
      vertex -30.2785 -1.68232 7
    endloop
  endfacet
  facet normal 0.946931 0.321438 0
    outer loop
      vertex -30.2785 -1.68232 1.8
      vertex -30.0052 -2.48744 7
      vertex -30.0052 -2.48744 1.8
    endloop
  endfacet
  facet normal 0.99786 0.0653933 0
    outer loop
      vertex -30.4444 -0.84842 7
      vertex -30.5 0 1.8
      vertex -30.5 0 7
    endloop
  endfacet
  facet normal 0.99786 0.0653933 0
    outer loop
      vertex -30.5 0 1.8
      vertex -30.4444 -0.84842 7
      vertex -30.4444 -0.84842 1.8
    endloop
  endfacet
  facet normal -0.195087 0.980786 0
    outer loop
      vertex -22.3177 -6.27852 1.8
      vertex -23.1516 -6.44439 7
      vertex -22.3177 -6.27852 7
    endloop
  endfacet
  facet normal -0.195087 0.980786 0
    outer loop
      vertex -23.1516 -6.44439 7
      vertex -22.3177 -6.27852 1.8
      vertex -23.1516 -6.44439 1.8
    endloop
  endfacet
  facet normal -0.751839 0.659347 0
    outer loop
      vertex -19.4038 -4.59619 1.8
      vertex -18.8432 -3.95695 7
      vertex -18.8432 -3.95695 1.8
    endloop
  endfacet
  facet normal -0.751839 0.659347 0
    outer loop
      vertex -18.8432 -3.95695 7
      vertex -19.4038 -4.59619 1.8
      vertex -19.4038 -4.59619 7
    endloop
  endfacet
  facet normal -0.555536 0.831493 0
    outer loop
      vertex -20.043 -5.1568 1.8
      vertex -20.75 -5.62916 7
      vertex -20.043 -5.1568 7
    endloop
  endfacet
  facet normal -0.555536 0.831493 0
    outer loop
      vertex -20.75 -5.62916 7
      vertex -20.043 -5.1568 1.8
      vertex -20.75 -5.62916 1.8
    endloop
  endfacet
  facet normal -0.946931 0.321438 0
    outer loop
      vertex -17.9948 -2.48744 1.8
      vertex -17.7215 -1.68232 7
      vertex -17.7215 -1.68232 1.8
    endloop
  endfacet
  facet normal -0.946931 0.321438 0
    outer loop
      vertex -17.7215 -1.68232 7
      vertex -17.9948 -2.48744 1.8
      vertex -17.9948 -2.48744 7
    endloop
  endfacet
  facet normal 0.442277 0.896879 -0
    outer loop
      vertex -26.4874 -6.00522 1.8
      vertex -27.25 -5.62916 7
      vertex -26.4874 -6.00522 7
    endloop
  endfacet
  facet normal 0.442277 0.896879 0
    outer loop
      vertex -27.25 -5.62916 7
      vertex -26.4874 -6.00522 1.8
      vertex -27.25 -5.62916 1.8
    endloop
  endfacet
  facet normal 0.0654066 0.997859 -0
    outer loop
      vertex -24 -6.5 1.8
      vertex -24.8484 -6.44439 7
      vertex -24 -6.5 7
    endloop
  endfacet
  facet normal 0.0654066 0.997859 0
    outer loop
      vertex -24.8484 -6.44439 7
      vertex -24 -6.5 1.8
      vertex -24.8484 -6.44439 1.8
    endloop
  endfacet
  facet normal 0.831453 0.555596 0
    outer loop
      vertex -29.1568 -3.95695 7
      vertex -29.6292 -3.25 1.8
      vertex -29.6292 -3.25 7
    endloop
  endfacet
  facet normal 0.831453 0.555596 0
    outer loop
      vertex -29.6292 -3.25 1.8
      vertex -29.1568 -3.95695 7
      vertex -29.1568 -3.95695 1.8
    endloop
  endfacet
  facet normal 0.980779 0.195121 0
    outer loop
      vertex -30.2785 -1.68232 7
      vertex -30.4444 -0.84842 1.8
      vertex -30.4444 -0.84842 7
    endloop
  endfacet
  facet normal 0.980779 0.195121 0
    outer loop
      vertex -30.4444 -0.84842 1.8
      vertex -30.2785 -1.68232 7
      vertex -30.2785 -1.68232 1.8
    endloop
  endfacet
  facet normal -0.555569 -0.831471 0
    outer loop
      vertex 2 3.4641 0
      vertex 2.43505 3.17341 1.8
      vertex 2 3.4641 1.8
    endloop
  endfacet
  facet normal -0.555569 -0.831471 -0
    outer loop
      vertex 2.43505 3.17341 1.8
      vertex 2 3.4641 0
      vertex 2.43505 3.17341 0
    endloop
  endfacet
  facet normal 0.321435 -0.946932 0
    outer loop
      vertex -1.53073 3.69552 0
      vertex -1.03528 3.8637 1.8
      vertex -1.53073 3.69552 1.8
    endloop
  endfacet
  facet normal 0.321435 -0.946932 0
    outer loop
      vertex -1.03528 3.8637 1.8
      vertex -1.53073 3.69552 0
      vertex -1.03528 3.8637 0
    endloop
  endfacet
  facet normal 0.896871 -0.442291 0
    outer loop
      vertex -3.69552 1.53073 1.8
      vertex -3.4641 2 0
      vertex -3.4641 2 1.8
    endloop
  endfacet
  facet normal 0.896871 -0.442291 0
    outer loop
      vertex -3.4641 2 0
      vertex -3.69552 1.53073 1.8
      vertex -3.69552 1.53073 0
    endloop
  endfacet
  facet normal 0.896871 0.442291 0
    outer loop
      vertex -3.4641 -2 1.8
      vertex -3.69552 -1.53073 0
      vertex -3.69552 -1.53073 1.8
    endloop
  endfacet
  facet normal 0.896871 0.442291 0
    outer loop
      vertex -3.69552 -1.53073 0
      vertex -3.4641 -2 1.8
      vertex -3.4641 -2 0
    endloop
  endfacet
  facet normal -0.946932 -0.321435 0
    outer loop
      vertex 3.8637 1.03528 0
      vertex 3.69552 1.53073 1.8
      vertex 3.69552 1.53073 0
    endloop
  endfacet
  facet normal -0.946932 -0.321435 0
    outer loop
      vertex 3.69552 1.53073 1.8
      vertex 3.8637 1.03528 0
      vertex 3.8637 1.03528 1.8
    endloop
  endfacet
  facet normal -0.896871 -0.442291 0
    outer loop
      vertex 3.69552 1.53073 0
      vertex 3.4641 2 1.8
      vertex 3.4641 2 0
    endloop
  endfacet
  facet normal -0.896871 -0.442291 0
    outer loop
      vertex 3.4641 2 1.8
      vertex 3.69552 1.53073 0
      vertex 3.69552 1.53073 1.8
    endloop
  endfacet
  facet normal -0.831471 -0.555569 0
    outer loop
      vertex 3.4641 2 0
      vertex 3.17341 2.43505 1.8
      vertex 3.17341 2.43505 0
    endloop
  endfacet
  facet normal -0.831471 -0.555569 0
    outer loop
      vertex 3.17341 2.43505 1.8
      vertex 3.4641 2 0
      vertex 3.4641 2 1.8
    endloop
  endfacet
  facet normal -0.751845 -0.65934 0
    outer loop
      vertex 3.17341 2.43505 0
      vertex 2.82843 2.82843 1.8
      vertex 2.82843 2.82843 0
    endloop
  endfacet
  facet normal -0.751845 -0.65934 0
    outer loop
      vertex 2.82843 2.82843 1.8
      vertex 3.17341 2.43505 0
      vertex 3.17341 2.43505 1.8
    endloop
  endfacet
  facet normal -0.442291 -0.896871 0
    outer loop
      vertex 1.53073 3.69552 0
      vertex 2 3.4641 1.8
      vertex 1.53073 3.69552 1.8
    endloop
  endfacet
  facet normal -0.442291 -0.896871 -0
    outer loop
      vertex 2 3.4641 1.8
      vertex 1.53073 3.69552 0
      vertex 2 3.4641 0
    endloop
  endfacet
  facet normal -0.0654022 -0.997859 0
    outer loop
      vertex 0 4 0
      vertex 0.522104 3.96578 1.8
      vertex 0 4 1.8
    endloop
  endfacet
  facet normal -0.0654022 -0.997859 -0
    outer loop
      vertex 0.522104 3.96578 1.8
      vertex 0 4 0
      vertex 0.522104 3.96578 0
    endloop
  endfacet
  facet normal -0.195096 -0.980784 0
    outer loop
      vertex 0.522104 3.96578 0
      vertex 1.03528 3.8637 1.8
      vertex 0.522104 3.96578 1.8
    endloop
  endfacet
  facet normal -0.195096 -0.980784 -0
    outer loop
      vertex 1.03528 3.8637 1.8
      vertex 0.522104 3.96578 0
      vertex 1.03528 3.8637 0
    endloop
  endfacet
  facet normal 0.997859 -0.0654022 0
    outer loop
      vertex -4 0 1.8
      vertex -3.96578 0.522104 0
      vertex -3.96578 0.522104 1.8
    endloop
  endfacet
  facet normal 0.997859 -0.0654022 0
    outer loop
      vertex -3.96578 0.522104 0
      vertex -4 0 1.8
      vertex -4 0 0
    endloop
  endfacet
  facet normal 0.980784 -0.195096 0
    outer loop
      vertex -3.96578 0.522104 1.8
      vertex -3.8637 1.03528 0
      vertex -3.8637 1.03528 1.8
    endloop
  endfacet
  facet normal 0.980784 -0.195096 0
    outer loop
      vertex -3.8637 1.03528 0
      vertex -3.96578 0.522104 1.8
      vertex -3.96578 0.522104 0
    endloop
  endfacet
  facet normal 0.751845 -0.65934 0
    outer loop
      vertex -3.17341 2.43505 1.8
      vertex -2.82843 2.82843 0
      vertex -2.82843 2.82843 1.8
    endloop
  endfacet
  facet normal 0.751845 -0.65934 0
    outer loop
      vertex -2.82843 2.82843 0
      vertex -3.17341 2.43505 1.8
      vertex -3.17341 2.43505 0
    endloop
  endfacet
  facet normal 0.0654022 -0.997859 0
    outer loop
      vertex -0.522104 3.96578 0
      vertex 0 4 1.8
      vertex -0.522104 3.96578 1.8
    endloop
  endfacet
  facet normal 0.0654022 -0.997859 0
    outer loop
      vertex 0 4 1.8
      vertex -0.522104 3.96578 0
      vertex 0 4 0
    endloop
  endfacet
  facet normal 0.65934 -0.751845 0
    outer loop
      vertex -2.82843 2.82843 0
      vertex -2.43505 3.17341 1.8
      vertex -2.82843 2.82843 1.8
    endloop
  endfacet
  facet normal 0.65934 -0.751845 0
    outer loop
      vertex -2.43505 3.17341 1.8
      vertex -2.82843 2.82843 0
      vertex -2.43505 3.17341 0
    endloop
  endfacet
  facet normal -0.997859 -0.0654022 0
    outer loop
      vertex 4 0 0
      vertex 3.96578 0.522104 1.8
      vertex 3.96578 0.522104 0
    endloop
  endfacet
  facet normal -0.997859 -0.0654022 0
    outer loop
      vertex 3.96578 0.522104 1.8
      vertex 4 0 0
      vertex 4 0 1.8
    endloop
  endfacet
  facet normal -0.831471 0.555569 0
    outer loop
      vertex 3.17341 -2.43505 0
      vertex 3.4641 -2 1.8
      vertex 3.4641 -2 0
    endloop
  endfacet
  facet normal -0.831471 0.555569 0
    outer loop
      vertex 3.4641 -2 1.8
      vertex 3.17341 -2.43505 0
      vertex 3.17341 -2.43505 1.8
    endloop
  endfacet
  facet normal -0.321435 0.946932 0
    outer loop
      vertex 1.53073 -3.69552 0
      vertex 1.03528 -3.8637 1.8
      vertex 1.53073 -3.69552 1.8
    endloop
  endfacet
  facet normal -0.321435 0.946932 0
    outer loop
      vertex 1.03528 -3.8637 1.8
      vertex 1.53073 -3.69552 0
      vertex 1.03528 -3.8637 0
    endloop
  endfacet
  facet normal -0.751845 0.65934 0
    outer loop
      vertex 2.82843 -2.82843 0
      vertex 3.17341 -2.43505 1.8
      vertex 3.17341 -2.43505 0
    endloop
  endfacet
  facet normal -0.751845 0.65934 0
    outer loop
      vertex 3.17341 -2.43505 1.8
      vertex 2.82843 -2.82843 0
      vertex 2.82843 -2.82843 1.8
    endloop
  endfacet
  facet normal -0.555569 0.831471 0
    outer loop
      vertex 2.43505 -3.17341 0
      vertex 2 -3.4641 1.8
      vertex 2.43505 -3.17341 1.8
    endloop
  endfacet
  facet normal -0.555569 0.831471 0
    outer loop
      vertex 2 -3.4641 1.8
      vertex 2.43505 -3.17341 0
      vertex 2 -3.4641 0
    endloop
  endfacet
  facet normal 0.555569 0.831471 -0
    outer loop
      vertex -2 -3.4641 0
      vertex -2.43505 -3.17341 1.8
      vertex -2 -3.4641 1.8
    endloop
  endfacet
  facet normal 0.555569 0.831471 0
    outer loop
      vertex -2.43505 -3.17341 1.8
      vertex -2 -3.4641 0
      vertex -2.43505 -3.17341 0
    endloop
  endfacet
  facet normal 0.65934 0.751845 -0
    outer loop
      vertex -2.43505 -3.17341 0
      vertex -2.82843 -2.82843 1.8
      vertex -2.43505 -3.17341 1.8
    endloop
  endfacet
  facet normal 0.65934 0.751845 0
    outer loop
      vertex -2.82843 -2.82843 1.8
      vertex -2.43505 -3.17341 0
      vertex -2.82843 -2.82843 0
    endloop
  endfacet
  facet normal 0.997859 0.0654022 0
    outer loop
      vertex -3.96578 -0.522104 1.8
      vertex -4 0 0
      vertex -4 0 1.8
    endloop
  endfacet
  facet normal 0.997859 0.0654022 0
    outer loop
      vertex -4 0 0
      vertex -3.96578 -0.522104 1.8
      vertex -3.96578 -0.522104 0
    endloop
  endfacet
  facet normal -0.980784 -0.195096 0
    outer loop
      vertex 3.96578 0.522104 0
      vertex 3.8637 1.03528 1.8
      vertex 3.8637 1.03528 0
    endloop
  endfacet
  facet normal -0.980784 -0.195096 0
    outer loop
      vertex 3.8637 1.03528 1.8
      vertex 3.96578 0.522104 0
      vertex 3.96578 0.522104 1.8
    endloop
  endfacet
  facet normal -0.65934 -0.751845 0
    outer loop
      vertex 2.43505 3.17341 0
      vertex 2.82843 2.82843 1.8
      vertex 2.43505 3.17341 1.8
    endloop
  endfacet
  facet normal -0.65934 -0.751845 -0
    outer loop
      vertex 2.82843 2.82843 1.8
      vertex 2.43505 3.17341 0
      vertex 2.82843 2.82843 0
    endloop
  endfacet
  facet normal -0.321435 -0.946932 0
    outer loop
      vertex 1.03528 3.8637 0
      vertex 1.53073 3.69552 1.8
      vertex 1.03528 3.8637 1.8
    endloop
  endfacet
  facet normal -0.321435 -0.946932 -0
    outer loop
      vertex 1.53073 3.69552 1.8
      vertex 1.03528 3.8637 0
      vertex 1.53073 3.69552 0
    endloop
  endfacet
  facet normal 0.946932 -0.321435 0
    outer loop
      vertex -3.8637 1.03528 1.8
      vertex -3.69552 1.53073 0
      vertex -3.69552 1.53073 1.8
    endloop
  endfacet
  facet normal 0.946932 -0.321435 0
    outer loop
      vertex -3.69552 1.53073 0
      vertex -3.8637 1.03528 1.8
      vertex -3.8637 1.03528 0
    endloop
  endfacet
  facet normal 0.831471 -0.555569 0
    outer loop
      vertex -3.4641 2 1.8
      vertex -3.17341 2.43505 0
      vertex -3.17341 2.43505 1.8
    endloop
  endfacet
  facet normal 0.831471 -0.555569 0
    outer loop
      vertex -3.17341 2.43505 0
      vertex -3.4641 2 1.8
      vertex -3.4641 2 0
    endloop
  endfacet
  facet normal 0.195096 -0.980784 0
    outer loop
      vertex -1.03528 3.8637 0
      vertex -0.522104 3.96578 1.8
      vertex -1.03528 3.8637 1.8
    endloop
  endfacet
  facet normal 0.195096 -0.980784 0
    outer loop
      vertex -0.522104 3.96578 1.8
      vertex -1.03528 3.8637 0
      vertex -0.522104 3.96578 0
    endloop
  endfacet
  facet normal 0.442291 -0.896871 0
    outer loop
      vertex -2 3.4641 0
      vertex -1.53073 3.69552 1.8
      vertex -2 3.4641 1.8
    endloop
  endfacet
  facet normal 0.442291 -0.896871 0
    outer loop
      vertex -1.53073 3.69552 1.8
      vertex -2 3.4641 0
      vertex -1.53073 3.69552 0
    endloop
  endfacet
  facet normal 0.555569 -0.831471 0
    outer loop
      vertex -2.43505 3.17341 0
      vertex -2 3.4641 1.8
      vertex -2.43505 3.17341 1.8
    endloop
  endfacet
  facet normal 0.555569 -0.831471 0
    outer loop
      vertex -2 3.4641 1.8
      vertex -2.43505 3.17341 0
      vertex -2 3.4641 0
    endloop
  endfacet
  facet normal -0.997859 0.0654022 0
    outer loop
      vertex 3.96578 -0.522104 0
      vertex 4 0 1.8
      vertex 4 0 0
    endloop
  endfacet
  facet normal -0.997859 0.0654022 0
    outer loop
      vertex 4 0 1.8
      vertex 3.96578 -0.522104 0
      vertex 3.96578 -0.522104 1.8
    endloop
  endfacet
  facet normal -0.0654022 0.997859 0
    outer loop
      vertex 0.522104 -3.96578 0
      vertex 0 -4 1.8
      vertex 0.522104 -3.96578 1.8
    endloop
  endfacet
  facet normal -0.0654022 0.997859 0
    outer loop
      vertex 0 -4 1.8
      vertex 0.522104 -3.96578 0
      vertex 0 -4 0
    endloop
  endfacet
  facet normal -0.946932 0.321435 0
    outer loop
      vertex 3.69552 -1.53073 0
      vertex 3.8637 -1.03528 1.8
      vertex 3.8637 -1.03528 0
    endloop
  endfacet
  facet normal -0.946932 0.321435 0
    outer loop
      vertex 3.8637 -1.03528 1.8
      vertex 3.69552 -1.53073 0
      vertex 3.69552 -1.53073 1.8
    endloop
  endfacet
  facet normal -0.195096 0.980784 0
    outer loop
      vertex 1.03528 -3.8637 0
      vertex 0.522104 -3.96578 1.8
      vertex 1.03528 -3.8637 1.8
    endloop
  endfacet
  facet normal -0.195096 0.980784 0
    outer loop
      vertex 0.522104 -3.96578 1.8
      vertex 1.03528 -3.8637 0
      vertex 0.522104 -3.96578 0
    endloop
  endfacet
  facet normal -0.65934 0.751845 0
    outer loop
      vertex 2.82843 -2.82843 0
      vertex 2.43505 -3.17341 1.8
      vertex 2.82843 -2.82843 1.8
    endloop
  endfacet
  facet normal -0.65934 0.751845 0
    outer loop
      vertex 2.43505 -3.17341 1.8
      vertex 2.82843 -2.82843 0
      vertex 2.43505 -3.17341 0
    endloop
  endfacet
  facet normal 0.0654022 0.997859 -0
    outer loop
      vertex 0 -4 0
      vertex -0.522104 -3.96578 1.8
      vertex 0 -4 1.8
    endloop
  endfacet
  facet normal 0.0654022 0.997859 0
    outer loop
      vertex -0.522104 -3.96578 1.8
      vertex 0 -4 0
      vertex -0.522104 -3.96578 0
    endloop
  endfacet
  facet normal 0.321435 0.946932 -0
    outer loop
      vertex -1.03528 -3.8637 0
      vertex -1.53073 -3.69552 1.8
      vertex -1.03528 -3.8637 1.8
    endloop
  endfacet
  facet normal 0.321435 0.946932 0
    outer loop
      vertex -1.53073 -3.69552 1.8
      vertex -1.03528 -3.8637 0
      vertex -1.53073 -3.69552 0
    endloop
  endfacet
  facet normal 0.195096 0.980784 -0
    outer loop
      vertex -0.522104 -3.96578 0
      vertex -1.03528 -3.8637 1.8
      vertex -0.522104 -3.96578 1.8
    endloop
  endfacet
  facet normal 0.195096 0.980784 0
    outer loop
      vertex -1.03528 -3.8637 1.8
      vertex -0.522104 -3.96578 0
      vertex -1.03528 -3.8637 0
    endloop
  endfacet
  facet normal 0.442291 0.896871 -0
    outer loop
      vertex -1.53073 -3.69552 0
      vertex -2 -3.4641 1.8
      vertex -1.53073 -3.69552 1.8
    endloop
  endfacet
  facet normal 0.442291 0.896871 0
    outer loop
      vertex -2 -3.4641 1.8
      vertex -1.53073 -3.69552 0
      vertex -2 -3.4641 0
    endloop
  endfacet
  facet normal 0.980784 0.195096 0
    outer loop
      vertex -3.8637 -1.03528 1.8
      vertex -3.96578 -0.522104 0
      vertex -3.96578 -0.522104 1.8
    endloop
  endfacet
  facet normal 0.980784 0.195096 0
    outer loop
      vertex -3.96578 -0.522104 0
      vertex -3.8637 -1.03528 1.8
      vertex -3.8637 -1.03528 0
    endloop
  endfacet
  facet normal 0.751845 0.65934 0
    outer loop
      vertex -2.82843 -2.82843 1.8
      vertex -3.17341 -2.43505 0
      vertex -3.17341 -2.43505 1.8
    endloop
  endfacet
  facet normal 0.751845 0.65934 0
    outer loop
      vertex -3.17341 -2.43505 0
      vertex -2.82843 -2.82843 1.8
      vertex -2.82843 -2.82843 0
    endloop
  endfacet
  facet normal -0.896871 0.442291 0
    outer loop
      vertex 3.4641 -2 0
      vertex 3.69552 -1.53073 1.8
      vertex 3.69552 -1.53073 0
    endloop
  endfacet
  facet normal -0.896871 0.442291 0
    outer loop
      vertex 3.69552 -1.53073 1.8
      vertex 3.4641 -2 0
      vertex 3.4641 -2 1.8
    endloop
  endfacet
  facet normal -0.442291 0.896871 0
    outer loop
      vertex 2 -3.4641 0
      vertex 1.53073 -3.69552 1.8
      vertex 2 -3.4641 1.8
    endloop
  endfacet
  facet normal -0.442291 0.896871 0
    outer loop
      vertex 1.53073 -3.69552 1.8
      vertex 2 -3.4641 0
      vertex 1.53073 -3.69552 0
    endloop
  endfacet
  facet normal 0.946932 0.321435 0
    outer loop
      vertex -3.69552 -1.53073 1.8
      vertex -3.8637 -1.03528 0
      vertex -3.8637 -1.03528 1.8
    endloop
  endfacet
  facet normal 0.946932 0.321435 0
    outer loop
      vertex -3.8637 -1.03528 0
      vertex -3.69552 -1.53073 1.8
      vertex -3.69552 -1.53073 0
    endloop
  endfacet
  facet normal 0.831471 0.555569 0
    outer loop
      vertex -3.17341 -2.43505 1.8
      vertex -3.4641 -2 0
      vertex -3.4641 -2 1.8
    endloop
  endfacet
  facet normal 0.831471 0.555569 0
    outer loop
      vertex -3.4641 -2 0
      vertex -3.17341 -2.43505 1.8
      vertex -3.17341 -2.43505 0
    endloop
  endfacet
  facet normal -0.980784 0.195096 0
    outer loop
      vertex 3.8637 -1.03528 0
      vertex 3.96578 -0.522104 1.8
      vertex 3.96578 -0.522104 0
    endloop
  endfacet
  facet normal -0.980784 0.195096 0
    outer loop
      vertex 3.96578 -0.522104 1.8
      vertex 3.8637 -1.03528 0
      vertex 3.8637 -1.03528 1.8
    endloop
  endfacet
  facet normal -0.997859 -0.0653987 0
    outer loop
      vertex 6.6 0 1.8
      vertex 6.54354 0.861472 7
      vertex 6.54354 0.861472 1.8
    endloop
  endfacet
  facet normal -0.997859 -0.0653987 0
    outer loop
      vertex 6.54354 0.861472 7
      vertex 6.6 0 1.8
      vertex 6.6 0 7
    endloop
  endfacet
  facet normal 0.997859 -0.0653987 0
    outer loop
      vertex -6.6 0 7
      vertex -6.54354 0.861472 1.8
      vertex -6.54354 0.861472 7
    endloop
  endfacet
  facet normal 0.997859 -0.0653987 0
    outer loop
      vertex -6.54354 0.861472 1.8
      vertex -6.6 0 7
      vertex -6.6 0 1.8
    endloop
  endfacet
  facet normal -0.0653987 -0.997859 0
    outer loop
      vertex 0 6.6 1.8
      vertex 0.861472 6.54354 7
      vertex 0 6.6 7
    endloop
  endfacet
  facet normal -0.0653987 -0.997859 -0
    outer loop
      vertex 0.861472 6.54354 7
      vertex 0 6.6 1.8
      vertex 0.861472 6.54354 1.8
    endloop
  endfacet
  facet normal -0.751834 -0.659353 0
    outer loop
      vertex 5.23613 4.01783 1.8
      vertex 4.6669 4.6669 7
      vertex 4.6669 4.6669 1.8
    endloop
  endfacet
  facet normal -0.751834 -0.659353 0
    outer loop
      vertex 4.6669 4.6669 7
      vertex 5.23613 4.01783 1.8
      vertex 5.23613 4.01783 7
    endloop
  endfacet
  facet normal 0.659353 -0.751834 0
    outer loop
      vertex -4.6669 4.6669 1.8
      vertex -4.01783 5.23613 7
      vertex -4.6669 4.6669 7
    endloop
  endfacet
  facet normal 0.659353 -0.751834 0
    outer loop
      vertex -4.01783 5.23613 7
      vertex -4.6669 4.6669 1.8
      vertex -4.01783 5.23613 1.8
    endloop
  endfacet
  facet normal 0.321446 -0.946928 0
    outer loop
      vertex -2.52571 6.0976 1.8
      vertex -1.70821 6.37511 7
      vertex -2.52571 6.0976 7
    endloop
  endfacet
  facet normal 0.321446 -0.946928 0
    outer loop
      vertex -1.70821 6.37511 7
      vertex -2.52571 6.0976 1.8
      vertex -1.70821 6.37511 1.8
    endloop
  endfacet
  facet normal -0.659353 0.751834 0
    outer loop
      vertex 4.6669 -4.6669 1.8
      vertex 4.01783 -5.23613 7
      vertex 4.6669 -4.6669 7
    endloop
  endfacet
  facet normal -0.659353 0.751834 0
    outer loop
      vertex 4.01783 -5.23613 7
      vertex 4.6669 -4.6669 1.8
      vertex 4.01783 -5.23613 1.8
    endloop
  endfacet
  facet normal -0.751834 0.659353 0
    outer loop
      vertex 4.6669 -4.6669 1.8
      vertex 5.23613 -4.01783 7
      vertex 5.23613 -4.01783 1.8
    endloop
  endfacet
  facet normal -0.751834 0.659353 0
    outer loop
      vertex 5.23613 -4.01783 7
      vertex 4.6669 -4.6669 1.8
      vertex 4.6669 -4.6669 7
    endloop
  endfacet
  facet normal -0.946928 -0.321446 0
    outer loop
      vertex 6.37511 1.70821 1.8
      vertex 6.0976 2.52571 7
      vertex 6.0976 2.52571 1.8
    endloop
  endfacet
  facet normal -0.946928 -0.321446 0
    outer loop
      vertex 6.0976 2.52571 7
      vertex 6.37511 1.70821 1.8
      vertex 6.37511 1.70821 7
    endloop
  endfacet
  facet normal -0.980785 -0.195094 0
    outer loop
      vertex 6.54354 0.861472 1.8
      vertex 6.37511 1.70821 7
      vertex 6.37511 1.70821 1.8
    endloop
  endfacet
  facet normal -0.980785 -0.195094 0
    outer loop
      vertex 6.37511 1.70821 7
      vertex 6.54354 0.861472 1.8
      vertex 6.54354 0.861472 7
    endloop
  endfacet
  facet normal -0.442282 -0.896876 0
    outer loop
      vertex 2.52571 6.0976 1.8
      vertex 3.3 5.71577 7
      vertex 2.52571 6.0976 7
    endloop
  endfacet
  facet normal -0.442282 -0.896876 -0
    outer loop
      vertex 3.3 5.71577 7
      vertex 2.52571 6.0976 1.8
      vertex 3.3 5.71577 1.8
    endloop
  endfacet
  facet normal -0.321446 -0.946928 0
    outer loop
      vertex 1.70821 6.37511 1.8
      vertex 2.52571 6.0976 7
      vertex 1.70821 6.37511 7
    endloop
  endfacet
  facet normal -0.321446 -0.946928 -0
    outer loop
      vertex 2.52571 6.0976 7
      vertex 1.70821 6.37511 1.8
      vertex 2.52571 6.0976 1.8
    endloop
  endfacet
  facet normal -0.659353 -0.751834 0
    outer loop
      vertex 4.01783 5.23613 1.8
      vertex 4.6669 4.6669 7
      vertex 4.01783 5.23613 7
    endloop
  endfacet
  facet normal -0.659353 -0.751834 -0
    outer loop
      vertex 4.6669 4.6669 7
      vertex 4.01783 5.23613 1.8
      vertex 4.6669 4.6669 1.8
    endloop
  endfacet
  facet normal 0.896876 -0.442282 0
    outer loop
      vertex -6.0976 2.52571 7
      vertex -5.71577 3.3 1.8
      vertex -5.71577 3.3 7
    endloop
  endfacet
  facet normal 0.896876 -0.442282 0
    outer loop
      vertex -5.71577 3.3 1.8
      vertex -6.0976 2.52571 7
      vertex -6.0976 2.52571 1.8
    endloop
  endfacet
  facet normal 0.751834 -0.659353 0
    outer loop
      vertex -5.23613 4.01783 7
      vertex -4.6669 4.6669 1.8
      vertex -4.6669 4.6669 7
    endloop
  endfacet
  facet normal 0.751834 -0.659353 0
    outer loop
      vertex -4.6669 4.6669 1.8
      vertex -5.23613 4.01783 7
      vertex -5.23613 4.01783 1.8
    endloop
  endfacet
  facet normal 0.946928 -0.321446 0
    outer loop
      vertex -6.37511 1.70821 7
      vertex -6.0976 2.52571 1.8
      vertex -6.0976 2.52571 7
    endloop
  endfacet
  facet normal 0.946928 -0.321446 0
    outer loop
      vertex -6.0976 2.52571 1.8
      vertex -6.37511 1.70821 7
      vertex -6.37511 1.70821 1.8
    endloop
  endfacet
  facet normal 0.195094 -0.980785 0
    outer loop
      vertex -1.70821 6.37511 1.8
      vertex -0.861472 6.54354 7
      vertex -1.70821 6.37511 7
    endloop
  endfacet
  facet normal 0.195094 -0.980785 0
    outer loop
      vertex -0.861472 6.54354 7
      vertex -1.70821 6.37511 1.8
      vertex -0.861472 6.54354 1.8
    endloop
  endfacet
  facet normal -0.980785 0.195094 0
    outer loop
      vertex 6.37511 -1.70821 1.8
      vertex 6.54354 -0.861472 7
      vertex 6.54354 -0.861472 1.8
    endloop
  endfacet
  facet normal -0.980785 0.195094 0
    outer loop
      vertex 6.54354 -0.861472 7
      vertex 6.37511 -1.70821 1.8
      vertex 6.37511 -1.70821 7
    endloop
  endfacet
  facet normal 0.659353 0.751834 -0
    outer loop
      vertex -4.01783 -5.23613 1.8
      vertex -4.6669 -4.6669 7
      vertex -4.01783 -5.23613 7
    endloop
  endfacet
  facet normal 0.659353 0.751834 0
    outer loop
      vertex -4.6669 -4.6669 7
      vertex -4.01783 -5.23613 1.8
      vertex -4.6669 -4.6669 1.8
    endloop
  endfacet
  facet normal 0.321446 0.946928 -0
    outer loop
      vertex -1.70821 -6.37511 1.8
      vertex -2.52571 -6.0976 7
      vertex -1.70821 -6.37511 7
    endloop
  endfacet
  facet normal 0.321446 0.946928 0
    outer loop
      vertex -2.52571 -6.0976 7
      vertex -1.70821 -6.37511 1.8
      vertex -2.52571 -6.0976 1.8
    endloop
  endfacet
  facet normal 0 0 1
    outer loop
      vertex 4 0 1.8
      vertex 6.6 0 1.8
      vertex 6.54354 0.861472 1.8
    endloop
  endfacet
  facet normal 0 0 1
    outer loop
      vertex 3.96578 0.522104 1.8
      vertex 6.54354 0.861472 1.8
      vertex 6.37511 1.70821 1.8
    endloop
  endfacet
  facet normal 0 0 1
    outer loop
      vertex 6.6 0 1.8
      vertex 4 0 1.8
      vertex 6.54354 -0.861472 1.8
    endloop
  endfacet
  facet normal 0 0 1
    outer loop
      vertex 3.8637 1.03528 1.8
      vertex 6.37511 1.70821 1.8
      vertex 6.0976 2.52571 1.8
    endloop
  endfacet
  facet normal -0 0 1
    outer loop
      vertex 3.96578 -0.522104 1.8
      vertex 6.54354 -0.861472 1.8
      vertex 4 0 1.8
    endloop
  endfacet
  facet normal 0 0 1
    outer loop
      vertex 3.69552 1.53073 1.8
      vertex 6.0976 2.52571 1.8
      vertex 5.71577 3.3 1.8
    endloop
  endfacet
  facet normal 0 0 1
    outer loop
      vertex 6.54354 -0.861472 1.8
      vertex 3.96578 -0.522104 1.8
      vertex 6.37511 -1.70821 1.8
    endloop
  endfacet
  facet normal 0 0 1
    outer loop
      vertex 3.4641 2 1.8
      vertex 5.71577 3.3 1.8
      vertex 5.23613 4.01783 1.8
    endloop
  endfacet
  facet normal -0 0 1
    outer loop
      vertex 3.8637 -1.03528 1.8
      vertex 6.37511 -1.70821 1.8
      vertex 3.96578 -0.522104 1.8
    endloop
  endfacet
  facet normal 0 0 1
    outer loop
      vertex 3.17341 2.43505 1.8
      vertex 5.23613 4.01783 1.8
      vertex 4.6669 4.6669 1.8
    endloop
  endfacet
  facet normal 0 0 1
    outer loop
      vertex 6.37511 -1.70821 1.8
      vertex 3.8637 -1.03528 1.8
      vertex 6.0976 -2.52571 1.8
    endloop
  endfacet
  facet normal 0 0 1
    outer loop
      vertex 2.82843 2.82843 1.8
      vertex 4.6669 4.6669 1.8
      vertex 4.01783 5.23613 1.8
    endloop
  endfacet
  facet normal -0 0 1
    outer loop
      vertex 3.69552 -1.53073 1.8
      vertex 6.0976 -2.52571 1.8
      vertex 3.8637 -1.03528 1.8
    endloop
  endfacet
  facet normal 0 0 1
    outer loop
      vertex 6.0976 -2.52571 1.8
      vertex 3.69552 -1.53073 1.8
      vertex 5.71577 -3.3 1.8
    endloop
  endfacet
  facet normal 0 0 1
    outer loop
      vertex 6.54354 0.861472 1.8
      vertex 3.96578 0.522104 1.8
      vertex 4 0 1.8
    endloop
  endfacet
  facet normal 0 0 1
    outer loop
      vertex 6.37511 1.70821 1.8
      vertex 3.8637 1.03528 1.8
      vertex 3.96578 0.522104 1.8
    endloop
  endfacet
  facet normal 0 0 1
    outer loop
      vertex 6.0976 2.52571 1.8
      vertex 3.69552 1.53073 1.8
      vertex 3.8637 1.03528 1.8
    endloop
  endfacet
  facet normal 0 0 1
    outer loop
      vertex 5.71577 3.3 1.8
      vertex 3.4641 2 1.8
      vertex 3.69552 1.53073 1.8
    endloop
  endfacet
  facet normal 0 0 1
    outer loop
      vertex 2.43505 3.17341 1.8
      vertex 4.01783 5.23613 1.8
      vertex 3.3 5.71577 1.8
    endloop
  endfacet
  facet normal 0 0 1
    outer loop
      vertex 5.23613 4.01783 1.8
      vertex 3.17341 2.43505 1.8
      vertex 3.4641 2 1.8
    endloop
  endfacet
  facet normal 0 0 1
    outer loop
      vertex 4.6669 4.6669 1.8
      vertex 2.82843 2.82843 1.8
      vertex 3.17341 2.43505 1.8
    endloop
  endfacet
  facet normal 0 0 1
    outer loop
      vertex 2 3.4641 1.8
      vertex 3.3 5.71577 1.8
      vertex 2.52571 6.0976 1.8
    endloop
  endfacet
  facet normal 0 0 1
    outer loop
      vertex 4.01783 5.23613 1.8
      vertex 2.43505 3.17341 1.8
      vertex 2.82843 2.82843 1.8
    endloop
  endfacet
  facet normal 0 0 1
    outer loop
      vertex 3.3 5.71577 1.8
      vertex 2 3.4641 1.8
      vertex 2.43505 3.17341 1.8
    endloop
  endfacet
  facet normal 0 0 1
    outer loop
      vertex 1.53073 3.69552 1.8
      vertex 2.52571 6.0976 1.8
      vertex 1.70821 6.37511 1.8
    endloop
  endfacet
  facet normal 0 0 1
    outer loop
      vertex 2.52571 6.0976 1.8
      vertex 1.53073 3.69552 1.8
      vertex 2 3.4641 1.8
    endloop
  endfacet
  facet normal 0 0 1
    outer loop
      vertex 1.70821 6.37511 1.8
      vertex 1.03528 3.8637 1.8
      vertex 1.53073 3.69552 1.8
    endloop
  endfacet
  facet normal 0 0 1
    outer loop
      vertex 0.861472 6.54354 1.8
      vertex 1.03528 3.8637 1.8
      vertex 1.70821 6.37511 1.8
    endloop
  endfacet
  facet normal 0 0 1
    outer loop
      vertex 0.861472 6.54354 1.8
      vertex 0.522104 3.96578 1.8
      vertex 1.03528 3.8637 1.8
    endloop
  endfacet
  facet normal 0 0 1
    outer loop
      vertex 0 6.6 1.8
      vertex 0.522104 3.96578 1.8
      vertex 0.861472 6.54354 1.8
    endloop
  endfacet
  facet normal 0 0 1
    outer loop
      vertex 0 6.6 1.8
      vertex 0 4 1.8
      vertex 0.522104 3.96578 1.8
    endloop
  endfacet
  facet normal 0 0 1
    outer loop
      vertex 0 6.6 1.8
      vertex -0.522104 3.96578 1.8
      vertex 0 4 1.8
    endloop
  endfacet
  facet normal -0 0 1
    outer loop
      vertex -0.861472 6.54354 1.8
      vertex -0.522104 3.96578 1.8
      vertex 0 6.6 1.8
    endloop
  endfacet
  facet normal 0 0 1
    outer loop
      vertex -0.861472 6.54354 1.8
      vertex -1.03528 3.8637 1.8
      vertex -0.522104 3.96578 1.8
    endloop
  endfacet
  facet normal -0 0 1
    outer loop
      vertex -1.70821 6.37511 1.8
      vertex -1.03528 3.8637 1.8
      vertex -0.861472 6.54354 1.8
    endloop
  endfacet
  facet normal 0 0 1
    outer loop
      vertex -1.03528 3.8637 1.8
      vertex -1.70821 6.37511 1.8
      vertex -1.53073 3.69552 1.8
    endloop
  endfacet
  facet normal -0 0 1
    outer loop
      vertex -2.52571 6.0976 1.8
      vertex -1.53073 3.69552 1.8
      vertex -1.70821 6.37511 1.8
    endloop
  endfacet
  facet normal 0 0 1
    outer loop
      vertex -1.53073 3.69552 1.8
      vertex -2.52571 6.0976 1.8
      vertex -2 3.4641 1.8
    endloop
  endfacet
  facet normal -0 0 1
    outer loop
      vertex -3.3 5.71577 1.8
      vertex -2 3.4641 1.8
      vertex -2.52571 6.0976 1.8
    endloop
  endfacet
  facet normal 0 0 1
    outer loop
      vertex -2 3.4641 1.8
      vertex -3.3 5.71577 1.8
      vertex -2.43505 3.17341 1.8
    endloop
  endfacet
  facet normal -0 0 1
    outer loop
      vertex -4.01783 5.23613 1.8
      vertex -2.43505 3.17341 1.8
      vertex -3.3 5.71577 1.8
    endloop
  endfacet
  facet normal 0 0 1
    outer loop
      vertex -2.43505 3.17341 1.8
      vertex -4.01783 5.23613 1.8
      vertex -2.82843 2.82843 1.8
    endloop
  endfacet
  facet normal -0 0 1
    outer loop
      vertex -4.6669 4.6669 1.8
      vertex -2.82843 2.82843 1.8
      vertex -4.01783 5.23613 1.8
    endloop
  endfacet
  facet normal 0 0 1
    outer loop
      vertex -2.82843 2.82843 1.8
      vertex -4.6669 4.6669 1.8
      vertex -3.17341 2.43505 1.8
    endloop
  endfacet
  facet normal -0 0 1
    outer loop
      vertex -5.23613 4.01783 1.8
      vertex -3.17341 2.43505 1.8
      vertex -4.6669 4.6669 1.8
    endloop
  endfacet
  facet normal 0 0 1
    outer loop
      vertex -3.17341 2.43505 1.8
      vertex -5.23613 4.01783 1.8
      vertex -3.4641 2 1.8
    endloop
  endfacet
  facet normal 0 0 1
    outer loop
      vertex -3.4641 2 1.8
      vertex -5.71577 3.3 1.8
      vertex -3.69552 1.53073 1.8
    endloop
  endfacet
  facet normal -0 0 1
    outer loop
      vertex -5.71577 3.3 1.8
      vertex -3.4641 2 1.8
      vertex -5.23613 4.01783 1.8
    endloop
  endfacet
  facet normal -0 0 1
    outer loop
      vertex 3.4641 -2 1.8
      vertex 5.71577 -3.3 1.8
      vertex 3.69552 -1.53073 1.8
    endloop
  endfacet
  facet normal 0 0 1
    outer loop
      vertex 5.71577 -3.3 1.8
      vertex 3.4641 -2 1.8
      vertex 5.23613 -4.01783 1.8
    endloop
  endfacet
  facet normal -0 0 1
    outer loop
      vertex 3.17341 -2.43505 1.8
      vertex 5.23613 -4.01783 1.8
      vertex 3.4641 -2 1.8
    endloop
  endfacet
  facet normal 0 0 1
    outer loop
      vertex 5.23613 -4.01783 1.8
      vertex 3.17341 -2.43505 1.8
      vertex 4.6669 -4.6669 1.8
    endloop
  endfacet
  facet normal -0 0 1
    outer loop
      vertex 2.82843 -2.82843 1.8
      vertex 4.6669 -4.6669 1.8
      vertex 3.17341 -2.43505 1.8
    endloop
  endfacet
  facet normal 0 0 1
    outer loop
      vertex 4.6669 -4.6669 1.8
      vertex 2.82843 -2.82843 1.8
      vertex 4.01783 -5.23613 1.8
    endloop
  endfacet
  facet normal -0 0 1
    outer loop
      vertex 2.43505 -3.17341 1.8
      vertex 4.01783 -5.23613 1.8
      vertex 2.82843 -2.82843 1.8
    endloop
  endfacet
  facet normal 0 0 1
    outer loop
      vertex 4.01783 -5.23613 1.8
      vertex 2.43505 -3.17341 1.8
      vertex 3.3 -5.71577 1.8
    endloop
  endfacet
  facet normal -0 0 1
    outer loop
      vertex 2 -3.4641 1.8
      vertex 3.3 -5.71577 1.8
      vertex 2.43505 -3.17341 1.8
    endloop
  endfacet
  facet normal 0 0 1
    outer loop
      vertex 3.3 -5.71577 1.8
      vertex 2 -3.4641 1.8
      vertex 2.52571 -6.0976 1.8
    endloop
  endfacet
  facet normal -0 0 1
    outer loop
      vertex 1.53073 -3.69552 1.8
      vertex 2.52571 -6.0976 1.8
      vertex 2 -3.4641 1.8
    endloop
  endfacet
  facet normal 0 0 1
    outer loop
      vertex 2.52571 -6.0976 1.8
      vertex 1.53073 -3.69552 1.8
      vertex 1.70821 -6.37511 1.8
    endloop
  endfacet
  facet normal -0 0 1
    outer loop
      vertex 1.03528 -3.8637 1.8
      vertex 1.70821 -6.37511 1.8
      vertex 1.53073 -3.69552 1.8
    endloop
  endfacet
  facet normal 0 0 1
    outer loop
      vertex 1.03528 -3.8637 1.8
      vertex 0.861472 -6.54354 1.8
      vertex 1.70821 -6.37511 1.8
    endloop
  endfacet
  facet normal -0 0 1
    outer loop
      vertex 0.522104 -3.96578 1.8
      vertex 0.861472 -6.54354 1.8
      vertex 1.03528 -3.8637 1.8
    endloop
  endfacet
  facet normal -0 0 1
    outer loop
      vertex 0 -4 1.8
      vertex 0.861472 -6.54354 1.8
      vertex 0.522104 -3.96578 1.8
    endloop
  endfacet
  facet normal 0 0 1
    outer loop
      vertex 0 -4 1.8
      vertex 0 -6.6 1.8
      vertex 0.861472 -6.54354 1.8
    endloop
  endfacet
  facet normal 0 0 1
    outer loop
      vertex -0.522104 -3.96578 1.8
      vertex 0 -6.6 1.8
      vertex 0 -4 1.8
    endloop
  endfacet
  facet normal 0 0 1
    outer loop
      vertex -0.522104 -3.96578 1.8
      vertex -0.861472 -6.54354 1.8
      vertex 0 -6.6 1.8
    endloop
  endfacet
  facet normal 0 0 1
    outer loop
      vertex -1.03528 -3.8637 1.8
      vertex -0.861472 -6.54354 1.8
      vertex -0.522104 -3.96578 1.8
    endloop
  endfacet
  facet normal 0 0 1
    outer loop
      vertex -1.70821 -6.37511 1.8
      vertex -1.03528 -3.8637 1.8
      vertex -1.53073 -3.69552 1.8
    endloop
  endfacet
  facet normal 0 0 1
    outer loop
      vertex -1.03528 -3.8637 1.8
      vertex -1.70821 -6.37511 1.8
      vertex -0.861472 -6.54354 1.8
    endloop
  endfacet
  facet normal 0 0 1
    outer loop
      vertex -2.52571 -6.0976 1.8
      vertex -1.53073 -3.69552 1.8
      vertex -2 -3.4641 1.8
    endloop
  endfacet
  facet normal 0 0 1
    outer loop
      vertex -3.3 -5.71577 1.8
      vertex -2 -3.4641 1.8
      vertex -2.43505 -3.17341 1.8
    endloop
  endfacet
  facet normal 0 0 1
    outer loop
      vertex -1.53073 -3.69552 1.8
      vertex -2.52571 -6.0976 1.8
      vertex -1.70821 -6.37511 1.8
    endloop
  endfacet
  facet normal 0 0 1
    outer loop
      vertex -4.01783 -5.23613 1.8
      vertex -2.43505 -3.17341 1.8
      vertex -2.82843 -2.82843 1.8
    endloop
  endfacet
  facet normal 0 0 1
    outer loop
      vertex -4.6669 -4.6669 1.8
      vertex -2.82843 -2.82843 1.8
      vertex -3.17341 -2.43505 1.8
    endloop
  endfacet
  facet normal 0 0 1
    outer loop
      vertex -2 -3.4641 1.8
      vertex -3.3 -5.71577 1.8
      vertex -2.52571 -6.0976 1.8
    endloop
  endfacet
  facet normal 0 0 1
    outer loop
      vertex -5.23613 -4.01783 1.8
      vertex -3.17341 -2.43505 1.8
      vertex -3.4641 -2 1.8
    endloop
  endfacet
  facet normal 0 0 1
    outer loop
      vertex -5.71577 -3.3 1.8
      vertex -3.4641 -2 1.8
      vertex -3.69552 -1.53073 1.8
    endloop
  endfacet
  facet normal 0 0 1
    outer loop
      vertex -6.0976 -2.52571 1.8
      vertex -3.69552 -1.53073 1.8
      vertex -3.8637 -1.03528 1.8
    endloop
  endfacet
  facet normal 0 0 1
    outer loop
      vertex -6.37511 -1.70821 1.8
      vertex -3.8637 -1.03528 1.8
      vertex -3.96578 -0.522104 1.8
    endloop
  endfacet
  facet normal 0 0 1
    outer loop
      vertex -2.43505 -3.17341 1.8
      vertex -4.01783 -5.23613 1.8
      vertex -3.3 -5.71577 1.8
    endloop
  endfacet
  facet normal 0 0 1
    outer loop
      vertex -6.54354 -0.861472 1.8
      vertex -3.96578 -0.522104 1.8
      vertex -4 0 1.8
    endloop
  endfacet
  facet normal -0 0 1
    outer loop
      vertex -6.0976 2.52571 1.8
      vertex -3.69552 1.53073 1.8
      vertex -5.71577 3.3 1.8
    endloop
  endfacet
  facet normal 0 0 1
    outer loop
      vertex -3.69552 1.53073 1.8
      vertex -6.0976 2.52571 1.8
      vertex -3.8637 1.03528 1.8
    endloop
  endfacet
  facet normal 0 0 1
    outer loop
      vertex -2.82843 -2.82843 1.8
      vertex -4.6669 -4.6669 1.8
      vertex -4.01783 -5.23613 1.8
    endloop
  endfacet
  facet normal -0 0 1
    outer loop
      vertex -6.37511 1.70821 1.8
      vertex -3.8637 1.03528 1.8
      vertex -6.0976 2.52571 1.8
    endloop
  endfacet
  facet normal 0 0 1
    outer loop
      vertex -3.17341 -2.43505 1.8
      vertex -5.23613 -4.01783 1.8
      vertex -4.6669 -4.6669 1.8
    endloop
  endfacet
  facet normal 0 0 1
    outer loop
      vertex -3.8637 1.03528 1.8
      vertex -6.37511 1.70821 1.8
      vertex -3.96578 0.522104 1.8
    endloop
  endfacet
  facet normal 0 0 1
    outer loop
      vertex -3.4641 -2 1.8
      vertex -5.71577 -3.3 1.8
      vertex -5.23613 -4.01783 1.8
    endloop
  endfacet
  facet normal -0 0 1
    outer loop
      vertex -6.54354 0.861472 1.8
      vertex -3.96578 0.522104 1.8
      vertex -6.37511 1.70821 1.8
    endloop
  endfacet
  facet normal 0 0 1
    outer loop
      vertex -3.69552 -1.53073 1.8
      vertex -6.0976 -2.52571 1.8
      vertex -5.71577 -3.3 1.8
    endloop
  endfacet
  facet normal 0 0 1
    outer loop
      vertex -3.96578 0.522104 1.8
      vertex -6.54354 0.861472 1.8
      vertex -4 0 1.8
    endloop
  endfacet
  facet normal 0 0 1
    outer loop
      vertex -3.8637 -1.03528 1.8
      vertex -6.37511 -1.70821 1.8
      vertex -6.0976 -2.52571 1.8
    endloop
  endfacet
  facet normal 0 0 1
    outer loop
      vertex -6.6 0 1.8
      vertex -4 0 1.8
      vertex -6.54354 0.861472 1.8
    endloop
  endfacet
  facet normal 0 0 1
    outer loop
      vertex -3.96578 -0.522104 1.8
      vertex -6.54354 -0.861472 1.8
      vertex -6.37511 -1.70821 1.8
    endloop
  endfacet
  facet normal 0 0 1
    outer loop
      vertex -4 0 1.8
      vertex -6.6 0 1.8
      vertex -6.54354 -0.861472 1.8
    endloop
  endfacet
  facet normal -0.831469 -0.555571 0
    outer loop
      vertex 5.71577 3.3 1.8
      vertex 5.23613 4.01783 7
      vertex 5.23613 4.01783 1.8
    endloop
  endfacet
  facet normal -0.831469 -0.555571 0
    outer loop
      vertex 5.23613 4.01783 7
      vertex 5.71577 3.3 1.8
      vertex 5.71577 3.3 7
    endloop
  endfacet
  facet normal -0.896876 -0.442282 0
    outer loop
      vertex 6.0976 2.52571 1.8
      vertex 5.71577 3.3 7
      vertex 5.71577 3.3 1.8
    endloop
  endfacet
  facet normal -0.896876 -0.442282 0
    outer loop
      vertex 5.71577 3.3 7
      vertex 6.0976 2.52571 1.8
      vertex 6.0976 2.52571 7
    endloop
  endfacet
  facet normal -0.195094 -0.980785 0
    outer loop
      vertex 0.861472 6.54354 1.8
      vertex 1.70821 6.37511 7
      vertex 0.861472 6.54354 7
    endloop
  endfacet
  facet normal -0.195094 -0.980785 -0
    outer loop
      vertex 1.70821 6.37511 7
      vertex 0.861472 6.54354 1.8
      vertex 1.70821 6.37511 1.8
    endloop
  endfacet
  facet normal -0.555571 -0.831469 0
    outer loop
      vertex 3.3 5.71577 1.8
      vertex 4.01783 5.23613 7
      vertex 3.3 5.71577 7
    endloop
  endfacet
  facet normal -0.555571 -0.831469 -0
    outer loop
      vertex 4.01783 5.23613 7
      vertex 3.3 5.71577 1.8
      vertex 4.01783 5.23613 1.8
    endloop
  endfacet
  facet normal 0.831469 -0.555571 0
    outer loop
      vertex -5.71577 3.3 7
      vertex -5.23613 4.01783 1.8
      vertex -5.23613 4.01783 7
    endloop
  endfacet
  facet normal 0.831469 -0.555571 0
    outer loop
      vertex -5.23613 4.01783 1.8
      vertex -5.71577 3.3 7
      vertex -5.71577 3.3 1.8
    endloop
  endfacet
  facet normal 0.980785 -0.195094 0
    outer loop
      vertex -6.54354 0.861472 7
      vertex -6.37511 1.70821 1.8
      vertex -6.37511 1.70821 7
    endloop
  endfacet
  facet normal 0.980785 -0.195094 0
    outer loop
      vertex -6.37511 1.70821 1.8
      vertex -6.54354 0.861472 7
      vertex -6.54354 0.861472 1.8
    endloop
  endfacet
  facet normal 0.442282 -0.896876 0
    outer loop
      vertex -3.3 5.71577 1.8
      vertex -2.52571 6.0976 7
      vertex -3.3 5.71577 7
    endloop
  endfacet
  facet normal 0.442282 -0.896876 0
    outer loop
      vertex -2.52571 6.0976 7
      vertex -3.3 5.71577 1.8
      vertex -2.52571 6.0976 1.8
    endloop
  endfacet
  facet normal 0.555571 -0.831469 0
    outer loop
      vertex -4.01783 5.23613 1.8
      vertex -3.3 5.71577 7
      vertex -4.01783 5.23613 7
    endloop
  endfacet
  facet normal 0.555571 -0.831469 0
    outer loop
      vertex -3.3 5.71577 7
      vertex -4.01783 5.23613 1.8
      vertex -3.3 5.71577 1.8
    endloop
  endfacet
  facet normal 0.0653987 -0.997859 0
    outer loop
      vertex -0.861472 6.54354 1.8
      vertex 0 6.6 7
      vertex -0.861472 6.54354 7
    endloop
  endfacet
  facet normal 0.0653987 -0.997859 0
    outer loop
      vertex 0 6.6 7
      vertex -0.861472 6.54354 1.8
      vertex 0 6.6 1.8
    endloop
  endfacet
  facet normal -0.997859 0.0653987 0
    outer loop
      vertex 6.54354 -0.861472 1.8
      vertex 6.6 0 7
      vertex 6.6 0 1.8
    endloop
  endfacet
  facet normal -0.997859 0.0653987 0
    outer loop
      vertex 6.6 0 7
      vertex 6.54354 -0.861472 1.8
      vertex 6.54354 -0.861472 7
    endloop
  endfacet
  facet normal -0.0653987 0.997859 0
    outer loop
      vertex 0.861472 -6.54354 1.8
      vertex 0 -6.6 7
      vertex 0.861472 -6.54354 7
    endloop
  endfacet
  facet normal -0.0653987 0.997859 0
    outer loop
      vertex 0 -6.6 7
      vertex 0.861472 -6.54354 1.8
      vertex 0 -6.6 1.8
    endloop
  endfacet
  facet normal -0.321446 0.946928 0
    outer loop
      vertex 2.52571 -6.0976 1.8
      vertex 1.70821 -6.37511 7
      vertex 2.52571 -6.0976 7
    endloop
  endfacet
  facet normal -0.321446 0.946928 0
    outer loop
      vertex 1.70821 -6.37511 7
      vertex 2.52571 -6.0976 1.8
      vertex 1.70821 -6.37511 1.8
    endloop
  endfacet
  facet normal -0.442282 0.896876 0
    outer loop
      vertex 3.3 -5.71577 1.8
      vertex 2.52571 -6.0976 7
      vertex 3.3 -5.71577 7
    endloop
  endfacet
  facet normal -0.442282 0.896876 0
    outer loop
      vertex 2.52571 -6.0976 7
      vertex 3.3 -5.71577 1.8
      vertex 2.52571 -6.0976 1.8
    endloop
  endfacet
  facet normal 0.555571 0.831469 -0
    outer loop
      vertex -3.3 -5.71577 1.8
      vertex -4.01783 -5.23613 7
      vertex -3.3 -5.71577 7
    endloop
  endfacet
  facet normal 0.555571 0.831469 0
    outer loop
      vertex -4.01783 -5.23613 7
      vertex -3.3 -5.71577 1.8
      vertex -4.01783 -5.23613 1.8
    endloop
  endfacet
  facet normal 0.195094 0.980785 -0
    outer loop
      vertex -0.861472 -6.54354 1.8
      vertex -1.70821 -6.37511 7
      vertex -0.861472 -6.54354 7
    endloop
  endfacet
  facet normal 0.195094 0.980785 0
    outer loop
      vertex -1.70821 -6.37511 7
      vertex -0.861472 -6.54354 1.8
      vertex -1.70821 -6.37511 1.8
    endloop
  endfacet
  facet normal 0.896876 0.442282 0
    outer loop
      vertex -5.71577 -3.3 7
      vertex -6.0976 -2.52571 1.8
      vertex -6.0976 -2.52571 7
    endloop
  endfacet
  facet normal 0.896876 0.442282 0
    outer loop
      vertex -6.0976 -2.52571 1.8
      vertex -5.71577 -3.3 7
      vertex -5.71577 -3.3 1.8
    endloop
  endfacet
  facet normal 0.751834 0.659353 0
    outer loop
      vertex -4.6669 -4.6669 7
      vertex -5.23613 -4.01783 1.8
      vertex -5.23613 -4.01783 7
    endloop
  endfacet
  facet normal 0.751834 0.659353 0
    outer loop
      vertex -5.23613 -4.01783 1.8
      vertex -4.6669 -4.6669 7
      vertex -4.6669 -4.6669 1.8
    endloop
  endfacet
  facet normal 0.946928 0.321446 0
    outer loop
      vertex -6.0976 -2.52571 7
      vertex -6.37511 -1.70821 1.8
      vertex -6.37511 -1.70821 7
    endloop
  endfacet
  facet normal 0.946928 0.321446 0
    outer loop
      vertex -6.37511 -1.70821 1.8
      vertex -6.0976 -2.52571 7
      vertex -6.0976 -2.52571 1.8
    endloop
  endfacet
  facet normal 0.997859 0.0653987 0
    outer loop
      vertex -6.54354 -0.861472 7
      vertex -6.6 0 1.8
      vertex -6.6 0 7
    endloop
  endfacet
  facet normal 0.997859 0.0653987 0
    outer loop
      vertex -6.6 0 1.8
      vertex -6.54354 -0.861472 7
      vertex -6.54354 -0.861472 1.8
    endloop
  endfacet
  facet normal -0.946928 0.321446 0
    outer loop
      vertex 6.0976 -2.52571 1.8
      vertex 6.37511 -1.70821 7
      vertex 6.37511 -1.70821 1.8
    endloop
  endfacet
  facet normal -0.946928 0.321446 0
    outer loop
      vertex 6.37511 -1.70821 7
      vertex 6.0976 -2.52571 1.8
      vertex 6.0976 -2.52571 7
    endloop
  endfacet
  facet normal -0.195094 0.980785 0
    outer loop
      vertex 1.70821 -6.37511 1.8
      vertex 0.861472 -6.54354 7
      vertex 1.70821 -6.37511 7
    endloop
  endfacet
  facet normal -0.195094 0.980785 0
    outer loop
      vertex 0.861472 -6.54354 7
      vertex 1.70821 -6.37511 1.8
      vertex 0.861472 -6.54354 1.8
    endloop
  endfacet
  facet normal -0.555571 0.831469 0
    outer loop
      vertex 4.01783 -5.23613 1.8
      vertex 3.3 -5.71577 7
      vertex 4.01783 -5.23613 7
    endloop
  endfacet
  facet normal -0.555571 0.831469 0
    outer loop
      vertex 3.3 -5.71577 7
      vertex 4.01783 -5.23613 1.8
      vertex 3.3 -5.71577 1.8
    endloop
  endfacet
  facet normal -0.831469 0.555571 0
    outer loop
      vertex 5.23613 -4.01783 1.8
      vertex 5.71577 -3.3 7
      vertex 5.71577 -3.3 1.8
    endloop
  endfacet
  facet normal -0.831469 0.555571 0
    outer loop
      vertex 5.71577 -3.3 7
      vertex 5.23613 -4.01783 1.8
      vertex 5.23613 -4.01783 7
    endloop
  endfacet
  facet normal 0.442282 0.896876 -0
    outer loop
      vertex -2.52571 -6.0976 1.8
      vertex -3.3 -5.71577 7
      vertex -2.52571 -6.0976 7
    endloop
  endfacet
  facet normal 0.442282 0.896876 0
    outer loop
      vertex -3.3 -5.71577 7
      vertex -2.52571 -6.0976 1.8
      vertex -3.3 -5.71577 1.8
    endloop
  endfacet
  facet normal 0.0653987 0.997859 -0
    outer loop
      vertex 0 -6.6 1.8
      vertex -0.861472 -6.54354 7
      vertex 0 -6.6 7
    endloop
  endfacet
  facet normal 0.0653987 0.997859 0
    outer loop
      vertex -0.861472 -6.54354 7
      vertex 0 -6.6 1.8
      vertex -0.861472 -6.54354 1.8
    endloop
  endfacet
  facet normal 0.831469 0.555571 0
    outer loop
      vertex -5.23613 -4.01783 7
      vertex -5.71577 -3.3 1.8
      vertex -5.71577 -3.3 7
    endloop
  endfacet
  facet normal 0.831469 0.555571 0
    outer loop
      vertex -5.71577 -3.3 1.8
      vertex -5.23613 -4.01783 7
      vertex -5.23613 -4.01783 1.8
    endloop
  endfacet
  facet normal 0.980785 0.195094 0
    outer loop
      vertex -6.37511 -1.70821 7
      vertex -6.54354 -0.861472 1.8
      vertex -6.54354 -0.861472 7
    endloop
  endfacet
  facet normal 0.980785 0.195094 0
    outer loop
      vertex -6.54354 -0.861472 1.8
      vertex -6.37511 -1.70821 7
      vertex -6.37511 -1.70821 1.8
    endloop
  endfacet
  facet normal -0.896876 0.442282 0
    outer loop
      vertex 5.71577 -3.3 1.8
      vertex 6.0976 -2.52571 7
      vertex 6.0976 -2.52571 1.8
    endloop
  endfacet
  facet normal -0.896876 0.442282 0
    outer loop
      vertex 6.0976 -2.52571 7
      vertex 5.71577 -3.3 1.8
      vertex 5.71577 -3.3 7
    endloop
  endfacet
  facet normal -0.896887 -0.44226 0
    outer loop
      vertex 27.6955 1.53073 0
      vertex 27.4641 2 1.8
      vertex 27.4641 2 0
    endloop
  endfacet
  facet normal -0.896887 -0.44226 0
    outer loop
      vertex 27.4641 2 1.8
      vertex 27.6955 1.53073 0
      vertex 27.6955 1.53073 1.8
    endloop
  endfacet
  facet normal -0.831462 -0.555582 0
    outer loop
      vertex 27.4641 2 0
      vertex 27.1734 2.43505 1.8
      vertex 27.1734 2.43505 0
    endloop
  endfacet
  facet normal -0.831462 -0.555582 0
    outer loop
      vertex 27.1734 2.43505 1.8
      vertex 27.4641 2 0
      vertex 27.4641 2 1.8
    endloop
  endfacet
  facet normal -0.321464 -0.946922 0
    outer loop
      vertex 25.0353 3.8637 0
      vertex 25.5307 3.69552 1.8
      vertex 25.0353 3.8637 1.8
    endloop
  endfacet
  facet normal -0.321464 -0.946922 -0
    outer loop
      vertex 25.5307 3.69552 1.8
      vertex 25.0353 3.8637 0
      vertex 25.5307 3.69552 0
    endloop
  endfacet
  facet normal 0.442268 -0.896883 0
    outer loop
      vertex 22 3.4641 0
      vertex 22.4693 3.69552 1.8
      vertex 22 3.4641 1.8
    endloop
  endfacet
  facet normal 0.442268 -0.896883 0
    outer loop
      vertex 22.4693 3.69552 1.8
      vertex 22 3.4641 0
      vertex 22.4693 3.69552 0
    endloop
  endfacet
  facet normal 0.94692 -0.321469 0
    outer loop
      vertex 20.1363 1.03528 1.8
      vertex 20.3045 1.53073 0
      vertex 20.3045 1.53073 1.8
    endloop
  endfacet
  facet normal 0.94692 -0.321469 0
    outer loop
      vertex 20.3045 1.53073 0
      vertex 20.1363 1.03528 1.8
      vertex 20.1363 1.03528 0
    endloop
  endfacet
  facet normal 0.0654027 -0.997859 0
    outer loop
      vertex 23.4779 3.96578 0
      vertex 24 4 1.8
      vertex 23.4779 3.96578 1.8
    endloop
  endfacet
  facet normal 0.0654027 -0.997859 0
    outer loop
      vertex 24 4 1.8
      vertex 23.4779 3.96578 0
      vertex 24 4 0
    endloop
  endfacet
  facet normal -0.442268 -0.896883 0
    outer loop
      vertex 25.5307 3.69552 0
      vertex 26 3.4641 1.8
      vertex 25.5307 3.69552 1.8
    endloop
  endfacet
  facet normal -0.442268 -0.896883 -0
    outer loop
      vertex 26 3.4641 1.8
      vertex 25.5307 3.69552 0
      vertex 26 3.4641 0
    endloop
  endfacet
  facet normal 0.997861 -0.0653641 0
    outer loop
      vertex 20 0 1.8
      vertex 20.0342 0.522104 0
      vertex 20.0342 0.522104 1.8
    endloop
  endfacet
  facet normal 0.997861 -0.0653641 0
    outer loop
      vertex 20.0342 0.522104 0
      vertex 20 0 1.8
      vertex 20 0 0
    endloop
  endfacet
  facet normal 0.831462 -0.555582 0
    outer loop
      vertex 20.5359 2 1.8
      vertex 20.8266 2.43505 0
      vertex 20.8266 2.43505 1.8
    endloop
  endfacet
  facet normal 0.831462 -0.555582 0
    outer loop
      vertex 20.8266 2.43505 0
      vertex 20.5359 2 1.8
      vertex 20.5359 2 0
    endloop
  endfacet
  facet normal 0.555613 -0.831441 0
    outer loop
      vertex 21.565 3.17341 0
      vertex 22 3.4641 1.8
      vertex 21.565 3.17341 1.8
    endloop
  endfacet
  facet normal 0.555613 -0.831441 0
    outer loop
      vertex 22 3.4641 1.8
      vertex 21.565 3.17341 0
      vertex 22 3.4641 0
    endloop
  endfacet
  facet normal 0.321464 -0.946922 0
    outer loop
      vertex 22.4693 3.69552 0
      vertex 22.9647 3.8637 1.8
      vertex 22.4693 3.69552 1.8
    endloop
  endfacet
  facet normal 0.321464 -0.946922 0
    outer loop
      vertex 22.9647 3.8637 1.8
      vertex 22.4693 3.69552 0
      vertex 22.9647 3.8637 0
    endloop
  endfacet
  facet normal -0.997861 -0.0653641 0
    outer loop
      vertex 28 0 0
      vertex 27.9658 0.522104 1.8
      vertex 27.9658 0.522104 0
    endloop
  endfacet
  facet normal -0.997861 -0.0653641 0
    outer loop
      vertex 27.9658 0.522104 1.8
      vertex 28 0 0
      vertex 28 0 1.8
    endloop
  endfacet
  facet normal -0.94692 0.321469 0
    outer loop
      vertex 27.6955 -1.53073 0
      vertex 27.8637 -1.03528 1.8
      vertex 27.8637 -1.03528 0
    endloop
  endfacet
  facet normal -0.94692 0.321469 0
    outer loop
      vertex 27.8637 -1.03528 1.8
      vertex 27.6955 -1.53073 0
      vertex 27.6955 -1.53073 1.8
    endloop
  endfacet
  facet normal 0.555613 0.831441 -0
    outer loop
      vertex 22 -3.4641 0
      vertex 21.565 -3.17341 1.8
      vertex 22 -3.4641 1.8
    endloop
  endfacet
  facet normal 0.555613 0.831441 0
    outer loop
      vertex 21.565 -3.17341 1.8
      vertex 22 -3.4641 0
      vertex 21.565 -3.17341 0
    endloop
  endfacet
  facet normal 0.831462 0.555582 0
    outer loop
      vertex 20.8266 -2.43505 1.8
      vertex 20.5359 -2 0
      vertex 20.5359 -2 1.8
    endloop
  endfacet
  facet normal 0.831462 0.555582 0
    outer loop
      vertex 20.5359 -2 0
      vertex 20.8266 -2.43505 1.8
      vertex 20.8266 -2.43505 0
    endloop
  endfacet
  facet normal -0.555613 0.831441 0
    outer loop
      vertex 26.435 -3.17341 0
      vertex 26 -3.4641 1.8
      vertex 26.435 -3.17341 1.8
    endloop
  endfacet
  facet normal -0.555613 0.831441 0
    outer loop
      vertex 26 -3.4641 1.8
      vertex 26.435 -3.17341 0
      vertex 26 -3.4641 0
    endloop
  endfacet
  facet normal -0.94692 -0.321469 0
    outer loop
      vertex 27.8637 1.03528 0
      vertex 27.6955 1.53073 1.8
      vertex 27.6955 1.53073 0
    endloop
  endfacet
  facet normal -0.94692 -0.321469 0
    outer loop
      vertex 27.6955 1.53073 1.8
      vertex 27.8637 1.03528 0
      vertex 27.8637 1.03528 1.8
    endloop
  endfacet
  facet normal -0.659321 -0.751861 0
    outer loop
      vertex 26.435 3.17341 0
      vertex 26.8284 2.82843 1.8
      vertex 26.435 3.17341 1.8
    endloop
  endfacet
  facet normal -0.659321 -0.751861 -0
    outer loop
      vertex 26.8284 2.82843 1.8
      vertex 26.435 3.17341 0
      vertex 26.8284 2.82843 0
    endloop
  endfacet
  facet normal -0.195087 -0.980786 0
    outer loop
      vertex 24.5221 3.96578 0
      vertex 25.0353 3.8637 1.8
      vertex 24.5221 3.96578 1.8
    endloop
  endfacet
  facet normal -0.195087 -0.980786 -0
    outer loop
      vertex 25.0353 3.8637 1.8
      vertex 24.5221 3.96578 0
      vertex 25.0353 3.8637 0
    endloop
  endfacet
  facet normal -0.0654027 -0.997859 0
    outer loop
      vertex 24 4 0
      vertex 24.5221 3.96578 1.8
      vertex 24 4 1.8
    endloop
  endfacet
  facet normal -0.0654027 -0.997859 -0
    outer loop
      vertex 24.5221 3.96578 1.8
      vertex 24 4 0
      vertex 24.5221 3.96578 0
    endloop
  endfacet
  facet normal -0.555613 -0.831441 0
    outer loop
      vertex 26 3.4641 0
      vertex 26.435 3.17341 1.8
      vertex 26 3.4641 1.8
    endloop
  endfacet
  facet normal -0.555613 -0.831441 -0
    outer loop
      vertex 26.435 3.17341 1.8
      vertex 26 3.4641 0
      vertex 26.435 3.17341 0
    endloop
  endfacet
  facet normal 0.980777 -0.195133 0
    outer loop
      vertex 20.0342 0.522104 1.8
      vertex 20.1363 1.03528 0
      vertex 20.1363 1.03528 1.8
    endloop
  endfacet
  facet normal 0.980777 -0.195133 0
    outer loop
      vertex 20.1363 1.03528 0
      vertex 20.0342 0.522104 1.8
      vertex 20.0342 0.522104 0
    endloop
  endfacet
  facet normal 0.896887 -0.44226 0
    outer loop
      vertex 20.3045 1.53073 1.8
      vertex 20.5359 2 0
      vertex 20.5359 2 1.8
    endloop
  endfacet
  facet normal 0.896887 -0.44226 0
    outer loop
      vertex 20.5359 2 0
      vertex 20.3045 1.53073 1.8
      vertex 20.3045 1.53073 0
    endloop
  endfacet
  facet normal 0.195087 -0.980786 0
    outer loop
      vertex 22.9647 3.8637 0
      vertex 23.4779 3.96578 1.8
      vertex 22.9647 3.8637 1.8
    endloop
  endfacet
  facet normal 0.195087 -0.980786 0
    outer loop
      vertex 23.4779 3.96578 1.8
      vertex 22.9647 3.8637 0
      vertex 23.4779 3.96578 0
    endloop
  endfacet
  facet normal 0.659321 -0.751861 0
    outer loop
      vertex 21.1716 2.82843 0
      vertex 21.565 3.17341 1.8
      vertex 21.1716 2.82843 1.8
    endloop
  endfacet
  facet normal 0.659321 -0.751861 0
    outer loop
      vertex 21.565 3.17341 1.8
      vertex 21.1716 2.82843 0
      vertex 21.565 3.17341 0
    endloop
  endfacet
  facet normal 0.751826 -0.659362 0
    outer loop
      vertex 20.8266 2.43505 1.8
      vertex 21.1716 2.82843 0
      vertex 21.1716 2.82843 1.8
    endloop
  endfacet
  facet normal 0.751826 -0.659362 0
    outer loop
      vertex 21.1716 2.82843 0
      vertex 20.8266 2.43505 1.8
      vertex 20.8266 2.43505 0
    endloop
  endfacet
  facet normal -0.997861 0.0653641 0
    outer loop
      vertex 27.9658 -0.522104 0
      vertex 28 0 1.8
      vertex 28 0 0
    endloop
  endfacet
  facet normal -0.997861 0.0653641 0
    outer loop
      vertex 28 0 1.8
      vertex 27.9658 -0.522104 0
      vertex 27.9658 -0.522104 1.8
    endloop
  endfacet
  facet normal -0.0654027 0.997859 0
    outer loop
      vertex 24.5221 -3.96578 0
      vertex 24 -4 1.8
      vertex 24.5221 -3.96578 1.8
    endloop
  endfacet
  facet normal -0.0654027 0.997859 0
    outer loop
      vertex 24 -4 1.8
      vertex 24.5221 -3.96578 0
      vertex 24 -4 0
    endloop
  endfacet
  facet normal 0.896887 0.44226 0
    outer loop
      vertex 20.5359 -2 1.8
      vertex 20.3045 -1.53073 0
      vertex 20.3045 -1.53073 1.8
    endloop
  endfacet
  facet normal 0.896887 0.44226 0
    outer loop
      vertex 20.3045 -1.53073 0
      vertex 20.5359 -2 1.8
      vertex 20.5359 -2 0
    endloop
  endfacet
  facet normal 0.751826 0.659362 0
    outer loop
      vertex 21.1716 -2.82843 1.8
      vertex 20.8266 -2.43505 0
      vertex 20.8266 -2.43505 1.8
    endloop
  endfacet
  facet normal 0.751826 0.659362 0
    outer loop
      vertex 20.8266 -2.43505 0
      vertex 21.1716 -2.82843 1.8
      vertex 21.1716 -2.82843 0
    endloop
  endfacet
  facet normal -0.195087 0.980786 0
    outer loop
      vertex 25.0353 -3.8637 0
      vertex 24.5221 -3.96578 1.8
      vertex 25.0353 -3.8637 1.8
    endloop
  endfacet
  facet normal -0.195087 0.980786 0
    outer loop
      vertex 24.5221 -3.96578 1.8
      vertex 25.0353 -3.8637 0
      vertex 24.5221 -3.96578 0
    endloop
  endfacet
  facet normal -0.751826 0.659362 0
    outer loop
      vertex 26.8284 -2.82843 0
      vertex 27.1734 -2.43505 1.8
      vertex 27.1734 -2.43505 0
    endloop
  endfacet
  facet normal -0.751826 0.659362 0
    outer loop
      vertex 27.1734 -2.43505 1.8
      vertex 26.8284 -2.82843 0
      vertex 26.8284 -2.82843 1.8
    endloop
  endfacet
  facet normal -0.980777 -0.195133 0
    outer loop
      vertex 27.9658 0.522104 0
      vertex 27.8637 1.03528 1.8
      vertex 27.8637 1.03528 0
    endloop
  endfacet
  facet normal -0.980777 -0.195133 0
    outer loop
      vertex 27.8637 1.03528 1.8
      vertex 27.9658 0.522104 0
      vertex 27.9658 0.522104 1.8
    endloop
  endfacet
  facet normal -0.751826 -0.659362 0
    outer loop
      vertex 27.1734 2.43505 0
      vertex 26.8284 2.82843 1.8
      vertex 26.8284 2.82843 0
    endloop
  endfacet
  facet normal -0.751826 -0.659362 0
    outer loop
      vertex 26.8284 2.82843 1.8
      vertex 27.1734 2.43505 0
      vertex 27.1734 2.43505 1.8
    endloop
  endfacet
  facet normal 0.997861 0.0653641 0
    outer loop
      vertex 20.0342 -0.522104 1.8
      vertex 20 0 0
      vertex 20 0 1.8
    endloop
  endfacet
  facet normal 0.997861 0.0653641 0
    outer loop
      vertex 20 0 0
      vertex 20.0342 -0.522104 1.8
      vertex 20.0342 -0.522104 0
    endloop
  endfacet
  facet normal -0.980777 0.195133 0
    outer loop
      vertex 27.8637 -1.03528 0
      vertex 27.9658 -0.522104 1.8
      vertex 27.9658 -0.522104 0
    endloop
  endfacet
  facet normal -0.980777 0.195133 0
    outer loop
      vertex 27.9658 -0.522104 1.8
      vertex 27.8637 -1.03528 0
      vertex 27.8637 -1.03528 1.8
    endloop
  endfacet
  facet normal 0.195087 0.980786 -0
    outer loop
      vertex 23.4779 -3.96578 0
      vertex 22.9647 -3.8637 1.8
      vertex 23.4779 -3.96578 1.8
    endloop
  endfacet
  facet normal 0.195087 0.980786 0
    outer loop
      vertex 22.9647 -3.8637 1.8
      vertex 23.4779 -3.96578 0
      vertex 22.9647 -3.8637 0
    endloop
  endfacet
  facet normal 0.980777 0.195133 0
    outer loop
      vertex 20.1363 -1.03528 1.8
      vertex 20.0342 -0.522104 0
      vertex 20.0342 -0.522104 1.8
    endloop
  endfacet
  facet normal 0.980777 0.195133 0
    outer loop
      vertex 20.0342 -0.522104 0
      vertex 20.1363 -1.03528 1.8
      vertex 20.1363 -1.03528 0
    endloop
  endfacet
  facet normal 0.659321 0.751861 -0
    outer loop
      vertex 21.565 -3.17341 0
      vertex 21.1716 -2.82843 1.8
      vertex 21.565 -3.17341 1.8
    endloop
  endfacet
  facet normal 0.659321 0.751861 0
    outer loop
      vertex 21.1716 -2.82843 1.8
      vertex 21.565 -3.17341 0
      vertex 21.1716 -2.82843 0
    endloop
  endfacet
  facet normal -0.442268 0.896883 0
    outer loop
      vertex 26 -3.4641 0
      vertex 25.5307 -3.69552 1.8
      vertex 26 -3.4641 1.8
    endloop
  endfacet
  facet normal -0.442268 0.896883 0
    outer loop
      vertex 25.5307 -3.69552 1.8
      vertex 26 -3.4641 0
      vertex 25.5307 -3.69552 0
    endloop
  endfacet
  facet normal -0.321464 0.946922 0
    outer loop
      vertex 25.5307 -3.69552 0
      vertex 25.0353 -3.8637 1.8
      vertex 25.5307 -3.69552 1.8
    endloop
  endfacet
  facet normal -0.321464 0.946922 0
    outer loop
      vertex 25.0353 -3.8637 1.8
      vertex 25.5307 -3.69552 0
      vertex 25.0353 -3.8637 0
    endloop
  endfacet
  facet normal -0.659321 0.751861 0
    outer loop
      vertex 26.8284 -2.82843 0
      vertex 26.435 -3.17341 1.8
      vertex 26.8284 -2.82843 1.8
    endloop
  endfacet
  facet normal -0.659321 0.751861 0
    outer loop
      vertex 26.435 -3.17341 1.8
      vertex 26.8284 -2.82843 0
      vertex 26.435 -3.17341 0
    endloop
  endfacet
  facet normal -0.896887 0.44226 0
    outer loop
      vertex 27.4641 -2 0
      vertex 27.6955 -1.53073 1.8
      vertex 27.6955 -1.53073 0
    endloop
  endfacet
  facet normal -0.896887 0.44226 0
    outer loop
      vertex 27.6955 -1.53073 1.8
      vertex 27.4641 -2 0
      vertex 27.4641 -2 1.8
    endloop
  endfacet
  facet normal -0.831462 0.555582 0
    outer loop
      vertex 27.1734 -2.43505 0
      vertex 27.4641 -2 1.8
      vertex 27.4641 -2 0
    endloop
  endfacet
  facet normal -0.831462 0.555582 0
    outer loop
      vertex 27.4641 -2 1.8
      vertex 27.1734 -2.43505 0
      vertex 27.1734 -2.43505 1.8
    endloop
  endfacet
  facet normal 0.0654027 0.997859 -0
    outer loop
      vertex 24 -4 0
      vertex 23.4779 -3.96578 1.8
      vertex 24 -4 1.8
    endloop
  endfacet
  facet normal 0.0654027 0.997859 0
    outer loop
      vertex 23.4779 -3.96578 1.8
      vertex 24 -4 0
      vertex 23.4779 -3.96578 0
    endloop
  endfacet
  facet normal 0.321464 0.946922 -0
    outer loop
      vertex 22.9647 -3.8637 0
      vertex 22.4693 -3.69552 1.8
      vertex 22.9647 -3.8637 1.8
    endloop
  endfacet
  facet normal 0.321464 0.946922 0
    outer loop
      vertex 22.4693 -3.69552 1.8
      vertex 22.9647 -3.8637 0
      vertex 22.4693 -3.69552 0
    endloop
  endfacet
  facet normal 0.94692 0.321469 0
    outer loop
      vertex 20.3045 -1.53073 1.8
      vertex 20.1363 -1.03528 0
      vertex 20.1363 -1.03528 1.8
    endloop
  endfacet
  facet normal 0.94692 0.321469 0
    outer loop
      vertex 20.1363 -1.03528 0
      vertex 20.3045 -1.53073 1.8
      vertex 20.3045 -1.53073 0
    endloop
  endfacet
  facet normal 0.442268 0.896883 -0
    outer loop
      vertex 22.4693 -3.69552 0
      vertex 22 -3.4641 1.8
      vertex 22.4693 -3.69552 1.8
    endloop
  endfacet
  facet normal 0.442268 0.896883 0
    outer loop
      vertex 22 -3.4641 1.8
      vertex 22.4693 -3.69552 0
      vertex 22 -3.4641 0
    endloop
  endfacet
  facet normal -0.555569 -0.831471 0
    outer loop
      vertex 27.35 5.80237 1.8
      vertex 28.0787 5.31547 7
      vertex 27.35 5.80237 7
    endloop
  endfacet
  facet normal -0.555569 -0.831471 -0
    outer loop
      vertex 28.0787 5.31547 7
      vertex 27.35 5.80237 1.8
      vertex 28.0787 5.31547 1.8
    endloop
  endfacet
  facet normal 0.321436 0.946931 -0
    outer loop
      vertex 22.2659 -6.4717 1.8
      vertex 21.436 -6.18999 7
      vertex 22.2659 -6.4717 7
    endloop
  endfacet
  facet normal 0.321436 0.946931 0
    outer loop
      vertex 21.436 -6.18999 7
      vertex 22.2659 -6.4717 1.8
      vertex 21.436 -6.18999 1.8
    endloop
  endfacet
  facet normal 0.321436 -0.946931 0
    outer loop
      vertex 21.436 6.18999 1.8
      vertex 22.2659 6.4717 7
      vertex 21.436 6.18999 7
    endloop
  endfacet
  facet normal 0.321436 -0.946931 0
    outer loop
      vertex 22.2659 6.4717 7
      vertex 21.436 6.18999 1.8
      vertex 22.2659 6.4717 1.8
    endloop
  endfacet
  facet normal 0.896883 -0.442268 0
    outer loop
      vertex 17.81 2.56398 7
      vertex 18.1976 3.35 1.8
      vertex 18.1976 3.35 7
    endloop
  endfacet
  facet normal 0.896883 -0.442268 0
    outer loop
      vertex 18.1976 3.35 1.8
      vertex 17.81 2.56398 7
      vertex 17.81 2.56398 1.8
    endloop
  endfacet
  facet normal -0.946933 0.32143 0
    outer loop
      vertex 30.19 -2.56398 1.8
      vertex 30.4717 -1.73409 7
      vertex 30.4717 -1.73409 1.8
    endloop
  endfacet
  facet normal -0.946933 0.32143 0
    outer loop
      vertex 30.4717 -1.73409 7
      vertex 30.19 -2.56398 1.8
      vertex 30.19 -2.56398 7
    endloop
  endfacet
  facet normal -0.896883 -0.442268 0
    outer loop
      vertex 30.19 2.56398 1.8
      vertex 29.8024 3.35 7
      vertex 29.8024 3.35 1.8
    endloop
  endfacet
  facet normal -0.896883 -0.442268 0
    outer loop
      vertex 29.8024 3.35 7
      vertex 30.19 2.56398 1.8
      vertex 30.19 2.56398 7
    endloop
  endfacet
  facet normal -0.980781 -0.195114 0
    outer loop
      vertex 30.6427 0.874525 1.8
      vertex 30.4717 1.73409 7
      vertex 30.4717 1.73409 1.8
    endloop
  endfacet
  facet normal -0.980781 -0.195114 0
    outer loop
      vertex 30.4717 1.73409 7
      vertex 30.6427 0.874525 1.8
      vertex 30.6427 0.874525 7
    endloop
  endfacet
  facet normal -0.831471 -0.555569 0
    outer loop
      vertex 29.8024 3.35 1.8
      vertex 29.3155 4.0787 7
      vertex 29.3155 4.0787 1.8
    endloop
  endfacet
  facet normal -0.831471 -0.555569 0
    outer loop
      vertex 29.3155 4.0787 7
      vertex 29.8024 3.35 1.8
      vertex 29.8024 3.35 7
    endloop
  endfacet
  facet normal -0.321436 -0.946931 0
    outer loop
      vertex 25.7341 6.4717 1.8
      vertex 26.564 6.18999 7
      vertex 25.7341 6.4717 7
    endloop
  endfacet
  facet normal -0.321436 -0.946931 -0
    outer loop
      vertex 26.564 6.18999 7
      vertex 25.7341 6.4717 1.8
      vertex 26.564 6.18999 1.8
    endloop
  endfacet
  facet normal -0.0654057 -0.997859 0
    outer loop
      vertex 24 6.7 1.8
      vertex 24.8745 6.64268 7
      vertex 24 6.7 7
    endloop
  endfacet
  facet normal -0.0654057 -0.997859 -0
    outer loop
      vertex 24.8745 6.64268 7
      vertex 24 6.7 1.8
      vertex 24.8745 6.64268 1.8
    endloop
  endfacet
  facet normal -0.195085 -0.980786 0
    outer loop
      vertex 24.8745 6.64268 1.8
      vertex 25.7341 6.4717 7
      vertex 24.8745 6.64268 7
    endloop
  endfacet
  facet normal -0.195085 -0.980786 -0
    outer loop
      vertex 25.7341 6.4717 7
      vertex 24.8745 6.64268 1.8
      vertex 25.7341 6.4717 1.8
    endloop
  endfacet
  facet normal 0.751811 -0.659379 0
    outer loop
      vertex 18.6845 4.0787 7
      vertex 19.2624 4.73761 1.8
      vertex 19.2624 4.73761 7
    endloop
  endfacet
  facet normal 0.751811 -0.659379 0
    outer loop
      vertex 19.2624 4.73761 1.8
      vertex 18.6845 4.0787 7
      vertex 18.6845 4.0787 1.8
    endloop
  endfacet
  facet normal 0.442296 -0.896869 0
    outer loop
      vertex 20.65 5.80237 1.8
      vertex 21.436 6.18999 7
      vertex 20.65 5.80237 7
    endloop
  endfacet
  facet normal 0.442296 -0.896869 0
    outer loop
      vertex 21.436 6.18999 7
      vertex 20.65 5.80237 1.8
      vertex 21.436 6.18999 1.8
    endloop
  endfacet
  facet normal 0.195085 -0.980786 0
    outer loop
      vertex 22.2659 6.4717 1.8
      vertex 23.1255 6.64268 7
      vertex 22.2659 6.4717 7
    endloop
  endfacet
  facet normal 0.195085 -0.980786 0
    outer loop
      vertex 23.1255 6.64268 7
      vertex 22.2659 6.4717 1.8
      vertex 23.1255 6.64268 1.8
    endloop
  endfacet
  facet normal -0.99786 -0.0653811 0
    outer loop
      vertex 30.7 0 1.8
      vertex 30.6427 0.874525 7
      vertex 30.6427 0.874525 1.8
    endloop
  endfacet
  facet normal -0.99786 -0.0653811 0
    outer loop
      vertex 30.6427 0.874525 7
      vertex 30.7 0 1.8
      vertex 30.7 0 7
    endloop
  endfacet
  facet normal -0.555569 0.831471 0
    outer loop
      vertex 28.0787 -5.31547 1.8
      vertex 27.35 -5.80237 7
      vertex 28.0787 -5.31547 7
    endloop
  endfacet
  facet normal -0.555569 0.831471 0
    outer loop
      vertex 27.35 -5.80237 7
      vertex 28.0787 -5.31547 1.8
      vertex 27.35 -5.80237 1.8
    endloop
  endfacet
  facet normal -0.831471 0.555569 0
    outer loop
      vertex 29.3155 -4.0787 1.8
      vertex 29.8024 -3.35 7
      vertex 29.8024 -3.35 1.8
    endloop
  endfacet
  facet normal -0.831471 0.555569 0
    outer loop
      vertex 29.8024 -3.35 7
      vertex 29.3155 -4.0787 1.8
      vertex 29.3155 -4.0787 7
    endloop
  endfacet
  facet normal 0.195085 0.980786 -0
    outer loop
      vertex 23.1255 -6.64268 1.8
      vertex 22.2659 -6.4717 7
      vertex 23.1255 -6.64268 7
    endloop
  endfacet
  facet normal 0.195085 0.980786 0
    outer loop
      vertex 22.2659 -6.4717 7
      vertex 23.1255 -6.64268 1.8
      vertex 22.2659 -6.4717 1.8
    endloop
  endfacet
  facet normal 0.659359 0.751828 -0
    outer loop
      vertex 19.9213 -5.31547 1.8
      vertex 19.2624 -4.73761 7
      vertex 19.9213 -5.31547 7
    endloop
  endfacet
  facet normal 0.659359 0.751828 0
    outer loop
      vertex 19.2624 -4.73761 7
      vertex 19.9213 -5.31547 1.8
      vertex 19.2624 -4.73761 1.8
    endloop
  endfacet
  facet normal 0.896883 0.442268 0
    outer loop
      vertex 18.1976 -3.35 7
      vertex 17.81 -2.56398 1.8
      vertex 17.81 -2.56398 7
    endloop
  endfacet
  facet normal 0.896883 0.442268 0
    outer loop
      vertex 17.81 -2.56398 1.8
      vertex 18.1976 -3.35 7
      vertex 18.1976 -3.35 1.8
    endloop
  endfacet
  facet normal 0.980781 0.195114 0
    outer loop
      vertex 17.5283 -1.73409 7
      vertex 17.3573 -0.874525 1.8
      vertex 17.3573 -0.874525 7
    endloop
  endfacet
  facet normal 0.980781 0.195114 0
    outer loop
      vertex 17.3573 -0.874525 1.8
      vertex 17.5283 -1.73409 7
      vertex 17.5283 -1.73409 1.8
    endloop
  endfacet
  facet normal 0 0 1
    outer loop
      vertex 28 0 1.8
      vertex 30.7 0 1.8
      vertex 30.6427 0.874525 1.8
    endloop
  endfacet
  facet normal 0 0 1
    outer loop
      vertex 27.9658 0.522104 1.8
      vertex 30.6427 0.874525 1.8
      vertex 30.4717 1.73409 1.8
    endloop
  endfacet
  facet normal 0 0 1
    outer loop
      vertex 30.7 0 1.8
      vertex 28 0 1.8
      vertex 30.6427 -0.874525 1.8
    endloop
  endfacet
  facet normal 0 0 1
    outer loop
      vertex 27.8637 1.03528 1.8
      vertex 30.4717 1.73409 1.8
      vertex 30.19 2.56398 1.8
    endloop
  endfacet
  facet normal -0 0 1
    outer loop
      vertex 27.9658 -0.522104 1.8
      vertex 30.6427 -0.874525 1.8
      vertex 28 0 1.8
    endloop
  endfacet
  facet normal 0 0 1
    outer loop
      vertex 27.6955 1.53073 1.8
      vertex 30.19 2.56398 1.8
      vertex 29.8024 3.35 1.8
    endloop
  endfacet
  facet normal 0 0 1
    outer loop
      vertex 30.6427 -0.874525 1.8
      vertex 27.9658 -0.522104 1.8
      vertex 30.4717 -1.73409 1.8
    endloop
  endfacet
  facet normal 0 0 1
    outer loop
      vertex 27.4641 2 1.8
      vertex 29.8024 3.35 1.8
      vertex 29.3155 4.0787 1.8
    endloop
  endfacet
  facet normal -0 0 1
    outer loop
      vertex 27.8637 -1.03528 1.8
      vertex 30.4717 -1.73409 1.8
      vertex 27.9658 -0.522104 1.8
    endloop
  endfacet
  facet normal 0 0 1
    outer loop
      vertex 27.1734 2.43505 1.8
      vertex 29.3155 4.0787 1.8
      vertex 28.7376 4.73761 1.8
    endloop
  endfacet
  facet normal 0 0 1
    outer loop
      vertex 30.4717 -1.73409 1.8
      vertex 27.8637 -1.03528 1.8
      vertex 30.19 -2.56398 1.8
    endloop
  endfacet
  facet normal 0 0 1
    outer loop
      vertex 26.8284 2.82843 1.8
      vertex 28.7376 4.73761 1.8
      vertex 28.0787 5.31547 1.8
    endloop
  endfacet
  facet normal -0 0 1
    outer loop
      vertex 27.6955 -1.53073 1.8
      vertex 30.19 -2.56398 1.8
      vertex 27.8637 -1.03528 1.8
    endloop
  endfacet
  facet normal 0 0 1
    outer loop
      vertex 30.19 -2.56398 1.8
      vertex 27.6955 -1.53073 1.8
      vertex 29.8024 -3.35 1.8
    endloop
  endfacet
  facet normal 0 0 1
    outer loop
      vertex 30.6427 0.874525 1.8
      vertex 27.9658 0.522104 1.8
      vertex 28 0 1.8
    endloop
  endfacet
  facet normal 0 0 1
    outer loop
      vertex 30.4717 1.73409 1.8
      vertex 27.8637 1.03528 1.8
      vertex 27.9658 0.522104 1.8
    endloop
  endfacet
  facet normal 0 0 1
    outer loop
      vertex 30.19 2.56398 1.8
      vertex 27.6955 1.53073 1.8
      vertex 27.8637 1.03528 1.8
    endloop
  endfacet
  facet normal 0 0 1
    outer loop
      vertex 29.8024 3.35 1.8
      vertex 27.4641 2 1.8
      vertex 27.6955 1.53073 1.8
    endloop
  endfacet
  facet normal 0 0 1
    outer loop
      vertex 26.435 3.17341 1.8
      vertex 28.0787 5.31547 1.8
      vertex 27.35 5.80237 1.8
    endloop
  endfacet
  facet normal 0 0 1
    outer loop
      vertex 29.3155 4.0787 1.8
      vertex 27.1734 2.43505 1.8
      vertex 27.4641 2 1.8
    endloop
  endfacet
  facet normal 0 0 1
    outer loop
      vertex 28.7376 4.73761 1.8
      vertex 26.8284 2.82843 1.8
      vertex 27.1734 2.43505 1.8
    endloop
  endfacet
  facet normal 0 0 1
    outer loop
      vertex 26 3.4641 1.8
      vertex 27.35 5.80237 1.8
      vertex 26.564 6.18999 1.8
    endloop
  endfacet
  facet normal 0 0 1
    outer loop
      vertex 28.0787 5.31547 1.8
      vertex 26.435 3.17341 1.8
      vertex 26.8284 2.82843 1.8
    endloop
  endfacet
  facet normal 0 0 1
    outer loop
      vertex 27.35 5.80237 1.8
      vertex 26 3.4641 1.8
      vertex 26.435 3.17341 1.8
    endloop
  endfacet
  facet normal 0 0 1
    outer loop
      vertex 25.5307 3.69552 1.8
      vertex 26.564 6.18999 1.8
      vertex 25.7341 6.4717 1.8
    endloop
  endfacet
  facet normal 0 0 1
    outer loop
      vertex 26.564 6.18999 1.8
      vertex 25.5307 3.69552 1.8
      vertex 26 3.4641 1.8
    endloop
  endfacet
  facet normal 0 0 1
    outer loop
      vertex 25.7341 6.4717 1.8
      vertex 25.0353 3.8637 1.8
      vertex 25.5307 3.69552 1.8
    endloop
  endfacet
  facet normal 0 0 1
    outer loop
      vertex 24.8745 6.64268 1.8
      vertex 25.0353 3.8637 1.8
      vertex 25.7341 6.4717 1.8
    endloop
  endfacet
  facet normal 0 0 1
    outer loop
      vertex 24.8745 6.64268 1.8
      vertex 24.5221 3.96578 1.8
      vertex 25.0353 3.8637 1.8
    endloop
  endfacet
  facet normal 0 0 1
    outer loop
      vertex 24 6.7 1.8
      vertex 24.5221 3.96578 1.8
      vertex 24.8745 6.64268 1.8
    endloop
  endfacet
  facet normal 0 0 1
    outer loop
      vertex 24 6.7 1.8
      vertex 24 4 1.8
      vertex 24.5221 3.96578 1.8
    endloop
  endfacet
  facet normal 0 0 1
    outer loop
      vertex 24 6.7 1.8
      vertex 23.4779 3.96578 1.8
      vertex 24 4 1.8
    endloop
  endfacet
  facet normal -0 0 1
    outer loop
      vertex 23.1255 6.64268 1.8
      vertex 23.4779 3.96578 1.8
      vertex 24 6.7 1.8
    endloop
  endfacet
  facet normal 0 0 1
    outer loop
      vertex 23.1255 6.64268 1.8
      vertex 22.9647 3.8637 1.8
      vertex 23.4779 3.96578 1.8
    endloop
  endfacet
  facet normal -0 0 1
    outer loop
      vertex 22.2659 6.4717 1.8
      vertex 22.9647 3.8637 1.8
      vertex 23.1255 6.64268 1.8
    endloop
  endfacet
  facet normal 0 0 1
    outer loop
      vertex 22.9647 3.8637 1.8
      vertex 22.2659 6.4717 1.8
      vertex 22.4693 3.69552 1.8
    endloop
  endfacet
  facet normal -0 0 1
    outer loop
      vertex 21.436 6.18999 1.8
      vertex 22.4693 3.69552 1.8
      vertex 22.2659 6.4717 1.8
    endloop
  endfacet
  facet normal 0 0 1
    outer loop
      vertex 22.4693 3.69552 1.8
      vertex 21.436 6.18999 1.8
      vertex 22 3.4641 1.8
    endloop
  endfacet
  facet normal -0 0 1
    outer loop
      vertex 20.65 5.80237 1.8
      vertex 22 3.4641 1.8
      vertex 21.436 6.18999 1.8
    endloop
  endfacet
  facet normal 0 0 1
    outer loop
      vertex 22 3.4641 1.8
      vertex 20.65 5.80237 1.8
      vertex 21.565 3.17341 1.8
    endloop
  endfacet
  facet normal -0 0 1
    outer loop
      vertex 19.9213 5.31547 1.8
      vertex 21.565 3.17341 1.8
      vertex 20.65 5.80237 1.8
    endloop
  endfacet
  facet normal 0 0 1
    outer loop
      vertex 21.565 3.17341 1.8
      vertex 19.9213 5.31547 1.8
      vertex 21.1716 2.82843 1.8
    endloop
  endfacet
  facet normal -0 0 1
    outer loop
      vertex 19.2624 4.73761 1.8
      vertex 21.1716 2.82843 1.8
      vertex 19.9213 5.31547 1.8
    endloop
  endfacet
  facet normal 0 0 1
    outer loop
      vertex 21.1716 2.82843 1.8
      vertex 19.2624 4.73761 1.8
      vertex 20.8266 2.43505 1.8
    endloop
  endfacet
  facet normal -0 0 1
    outer loop
      vertex 18.6845 4.0787 1.8
      vertex 20.8266 2.43505 1.8
      vertex 19.2624 4.73761 1.8
    endloop
  endfacet
  facet normal 0 0 1
    outer loop
      vertex 20.8266 2.43505 1.8
      vertex 18.6845 4.0787 1.8
      vertex 20.5359 2 1.8
    endloop
  endfacet
  facet normal 0 0 1
    outer loop
      vertex 20.5359 2 1.8
      vertex 18.1976 3.35 1.8
      vertex 20.3045 1.53073 1.8
    endloop
  endfacet
  facet normal -0 0 1
    outer loop
      vertex 18.1976 3.35 1.8
      vertex 20.5359 2 1.8
      vertex 18.6845 4.0787 1.8
    endloop
  endfacet
  facet normal -0 0 1
    outer loop
      vertex 27.4641 -2 1.8
      vertex 29.8024 -3.35 1.8
      vertex 27.6955 -1.53073 1.8
    endloop
  endfacet
  facet normal 0 0 1
    outer loop
      vertex 29.8024 -3.35 1.8
      vertex 27.4641 -2 1.8
      vertex 29.3155 -4.0787 1.8
    endloop
  endfacet
  facet normal -0 0 1
    outer loop
      vertex 27.1734 -2.43505 1.8
      vertex 29.3155 -4.0787 1.8
      vertex 27.4641 -2 1.8
    endloop
  endfacet
  facet normal 0 0 1
    outer loop
      vertex 29.3155 -4.0787 1.8
      vertex 27.1734 -2.43505 1.8
      vertex 28.7376 -4.73761 1.8
    endloop
  endfacet
  facet normal -0 0 1
    outer loop
      vertex 26.8284 -2.82843 1.8
      vertex 28.7376 -4.73761 1.8
      vertex 27.1734 -2.43505 1.8
    endloop
  endfacet
  facet normal 0 0 1
    outer loop
      vertex 28.7376 -4.73761 1.8
      vertex 26.8284 -2.82843 1.8
      vertex 28.0787 -5.31547 1.8
    endloop
  endfacet
  facet normal -0 0 1
    outer loop
      vertex 26.435 -3.17341 1.8
      vertex 28.0787 -5.31547 1.8
      vertex 26.8284 -2.82843 1.8
    endloop
  endfacet
  facet normal 0 0 1
    outer loop
      vertex 28.0787 -5.31547 1.8
      vertex 26.435 -3.17341 1.8
      vertex 27.35 -5.80237 1.8
    endloop
  endfacet
  facet normal -0 0 1
    outer loop
      vertex 26 -3.4641 1.8
      vertex 27.35 -5.80237 1.8
      vertex 26.435 -3.17341 1.8
    endloop
  endfacet
  facet normal 0 0 1
    outer loop
      vertex 27.35 -5.80237 1.8
      vertex 26 -3.4641 1.8
      vertex 26.564 -6.18999 1.8
    endloop
  endfacet
  facet normal -0 0 1
    outer loop
      vertex 25.5307 -3.69552 1.8
      vertex 26.564 -6.18999 1.8
      vertex 26 -3.4641 1.8
    endloop
  endfacet
  facet normal 0 0 1
    outer loop
      vertex 26.564 -6.18999 1.8
      vertex 25.5307 -3.69552 1.8
      vertex 25.7341 -6.4717 1.8
    endloop
  endfacet
  facet normal -0 0 1
    outer loop
      vertex 25.0353 -3.8637 1.8
      vertex 25.7341 -6.4717 1.8
      vertex 25.5307 -3.69552 1.8
    endloop
  endfacet
  facet normal 0 0 1
    outer loop
      vertex 25.0353 -3.8637 1.8
      vertex 24.8745 -6.64268 1.8
      vertex 25.7341 -6.4717 1.8
    endloop
  endfacet
  facet normal -0 0 1
    outer loop
      vertex 24.5221 -3.96578 1.8
      vertex 24.8745 -6.64268 1.8
      vertex 25.0353 -3.8637 1.8
    endloop
  endfacet
  facet normal -0 0 1
    outer loop
      vertex 24 -4 1.8
      vertex 24.8745 -6.64268 1.8
      vertex 24.5221 -3.96578 1.8
    endloop
  endfacet
  facet normal 0 0 1
    outer loop
      vertex 24 -4 1.8
      vertex 24 -6.7 1.8
      vertex 24.8745 -6.64268 1.8
    endloop
  endfacet
  facet normal 0 0 1
    outer loop
      vertex 23.4779 -3.96578 1.8
      vertex 24 -6.7 1.8
      vertex 24 -4 1.8
    endloop
  endfacet
  facet normal 0 0 1
    outer loop
      vertex 23.4779 -3.96578 1.8
      vertex 23.1255 -6.64268 1.8
      vertex 24 -6.7 1.8
    endloop
  endfacet
  facet normal 0 0 1
    outer loop
      vertex 22.9647 -3.8637 1.8
      vertex 23.1255 -6.64268 1.8
      vertex 23.4779 -3.96578 1.8
    endloop
  endfacet
  facet normal 0 0 1
    outer loop
      vertex 22.2659 -6.4717 1.8
      vertex 22.9647 -3.8637 1.8
      vertex 22.4693 -3.69552 1.8
    endloop
  endfacet
  facet normal 0 0 1
    outer loop
      vertex 22.9647 -3.8637 1.8
      vertex 22.2659 -6.4717 1.8
      vertex 23.1255 -6.64268 1.8
    endloop
  endfacet
  facet normal 0 0 1
    outer loop
      vertex 21.436 -6.18999 1.8
      vertex 22.4693 -3.69552 1.8
      vertex 22 -3.4641 1.8
    endloop
  endfacet
  facet normal 0 0 1
    outer loop
      vertex 20.65 -5.80237 1.8
      vertex 22 -3.4641 1.8
      vertex 21.565 -3.17341 1.8
    endloop
  endfacet
  facet normal 0 0 1
    outer loop
      vertex 22.4693 -3.69552 1.8
      vertex 21.436 -6.18999 1.8
      vertex 22.2659 -6.4717 1.8
    endloop
  endfacet
  facet normal 0 0 1
    outer loop
      vertex 19.9213 -5.31547 1.8
      vertex 21.565 -3.17341 1.8
      vertex 21.1716 -2.82843 1.8
    endloop
  endfacet
  facet normal 0 0 1
    outer loop
      vertex 19.2624 -4.73761 1.8
      vertex 21.1716 -2.82843 1.8
      vertex 20.8266 -2.43505 1.8
    endloop
  endfacet
  facet normal 0 0 1
    outer loop
      vertex 22 -3.4641 1.8
      vertex 20.65 -5.80237 1.8
      vertex 21.436 -6.18999 1.8
    endloop
  endfacet
  facet normal 0 0 1
    outer loop
      vertex 18.6845 -4.0787 1.8
      vertex 20.8266 -2.43505 1.8
      vertex 20.5359 -2 1.8
    endloop
  endfacet
  facet normal 0 0 1
    outer loop
      vertex 18.1976 -3.35 1.8
      vertex 20.5359 -2 1.8
      vertex 20.3045 -1.53073 1.8
    endloop
  endfacet
  facet normal 0 0 1
    outer loop
      vertex 17.81 -2.56398 1.8
      vertex 20.3045 -1.53073 1.8
      vertex 20.1363 -1.03528 1.8
    endloop
  endfacet
  facet normal 0 0 1
    outer loop
      vertex 17.5283 -1.73409 1.8
      vertex 20.1363 -1.03528 1.8
      vertex 20.0342 -0.522104 1.8
    endloop
  endfacet
  facet normal 0 0 1
    outer loop
      vertex 21.565 -3.17341 1.8
      vertex 19.9213 -5.31547 1.8
      vertex 20.65 -5.80237 1.8
    endloop
  endfacet
  facet normal 0 0 1
    outer loop
      vertex 17.3573 -0.874525 1.8
      vertex 20.0342 -0.522104 1.8
      vertex 20 0 1.8
    endloop
  endfacet
  facet normal -0 0 1
    outer loop
      vertex 17.81 2.56398 1.8
      vertex 20.3045 1.53073 1.8
      vertex 18.1976 3.35 1.8
    endloop
  endfacet
  facet normal 0 0 1
    outer loop
      vertex 20.3045 1.53073 1.8
      vertex 17.81 2.56398 1.8
      vertex 20.1363 1.03528 1.8
    endloop
  endfacet
  facet normal 0 0 1
    outer loop
      vertex 21.1716 -2.82843 1.8
      vertex 19.2624 -4.73761 1.8
      vertex 19.9213 -5.31547 1.8
    endloop
  endfacet
  facet normal -0 0 1
    outer loop
      vertex 17.5283 1.73409 1.8
      vertex 20.1363 1.03528 1.8
      vertex 17.81 2.56398 1.8
    endloop
  endfacet
  facet normal 0 0 1
    outer loop
      vertex 20.8266 -2.43505 1.8
      vertex 18.6845 -4.0787 1.8
      vertex 19.2624 -4.73761 1.8
    endloop
  endfacet
  facet normal 0 0 1
    outer loop
      vertex 20.1363 1.03528 1.8
      vertex 17.5283 1.73409 1.8
      vertex 20.0342 0.522104 1.8
    endloop
  endfacet
  facet normal 0 0 1
    outer loop
      vertex 20.5359 -2 1.8
      vertex 18.1976 -3.35 1.8
      vertex 18.6845 -4.0787 1.8
    endloop
  endfacet
  facet normal -0 0 1
    outer loop
      vertex 17.3573 0.874525 1.8
      vertex 20.0342 0.522104 1.8
      vertex 17.5283 1.73409 1.8
    endloop
  endfacet
  facet normal 0 0 1
    outer loop
      vertex 20.3045 -1.53073 1.8
      vertex 17.81 -2.56398 1.8
      vertex 18.1976 -3.35 1.8
    endloop
  endfacet
  facet normal 0 0 1
    outer loop
      vertex 20.0342 0.522104 1.8
      vertex 17.3573 0.874525 1.8
      vertex 20 0 1.8
    endloop
  endfacet
  facet normal 0 0 1
    outer loop
      vertex 20.1363 -1.03528 1.8
      vertex 17.5283 -1.73409 1.8
      vertex 17.81 -2.56398 1.8
    endloop
  endfacet
  facet normal 0 0 1
    outer loop
      vertex 17.3 0 1.8
      vertex 20 0 1.8
      vertex 17.3573 0.874525 1.8
    endloop
  endfacet
  facet normal 0 0 1
    outer loop
      vertex 20.0342 -0.522104 1.8
      vertex 17.3573 -0.874525 1.8
      vertex 17.5283 -1.73409 1.8
    endloop
  endfacet
  facet normal 0 0 1
    outer loop
      vertex 20 0 1.8
      vertex 17.3 0 1.8
      vertex 17.3573 -0.874525 1.8
    endloop
  endfacet
  facet normal -0.946933 -0.32143 0
    outer loop
      vertex 30.4717 1.73409 1.8
      vertex 30.19 2.56398 7
      vertex 30.19 2.56398 1.8
    endloop
  endfacet
  facet normal -0.946933 -0.32143 0
    outer loop
      vertex 30.19 2.56398 7
      vertex 30.4717 1.73409 1.8
      vertex 30.4717 1.73409 7
    endloop
  endfacet
  facet normal -0.751811 -0.659379 0
    outer loop
      vertex 29.3155 4.0787 1.8
      vertex 28.7376 4.73761 7
      vertex 28.7376 4.73761 1.8
    endloop
  endfacet
  facet normal -0.751811 -0.659379 0
    outer loop
      vertex 28.7376 4.73761 7
      vertex 29.3155 4.0787 1.8
      vertex 29.3155 4.0787 7
    endloop
  endfacet
  facet normal -0.659359 -0.751828 0
    outer loop
      vertex 28.0787 5.31547 1.8
      vertex 28.7376 4.73761 7
      vertex 28.0787 5.31547 7
    endloop
  endfacet
  facet normal -0.659359 -0.751828 -0
    outer loop
      vertex 28.7376 4.73761 7
      vertex 28.0787 5.31547 1.8
      vertex 28.7376 4.73761 1.8
    endloop
  endfacet
  facet normal -0.442296 -0.896869 0
    outer loop
      vertex 26.564 6.18999 1.8
      vertex 27.35 5.80237 7
      vertex 26.564 6.18999 7
    endloop
  endfacet
  facet normal -0.442296 -0.896869 -0
    outer loop
      vertex 27.35 5.80237 7
      vertex 26.564 6.18999 1.8
      vertex 27.35 5.80237 1.8
    endloop
  endfacet
  facet normal 0.99786 -0.0653811 0
    outer loop
      vertex 17.3 0 7
      vertex 17.3573 0.874525 1.8
      vertex 17.3573 0.874525 7
    endloop
  endfacet
  facet normal 0.99786 -0.0653811 0
    outer loop
      vertex 17.3573 0.874525 1.8
      vertex 17.3 0 7
      vertex 17.3 0 1.8
    endloop
  endfacet
  facet normal 0.946933 -0.32143 0
    outer loop
      vertex 17.5283 1.73409 7
      vertex 17.81 2.56398 1.8
      vertex 17.81 2.56398 7
    endloop
  endfacet
  facet normal 0.946933 -0.32143 0
    outer loop
      vertex 17.81 2.56398 1.8
      vertex 17.5283 1.73409 7
      vertex 17.5283 1.73409 1.8
    endloop
  endfacet
  facet normal 0.831471 -0.555569 0
    outer loop
      vertex 18.1976 3.35 7
      vertex 18.6845 4.0787 1.8
      vertex 18.6845 4.0787 7
    endloop
  endfacet
  facet normal 0.831471 -0.555569 0
    outer loop
      vertex 18.6845 4.0787 1.8
      vertex 18.1976 3.35 7
      vertex 18.1976 3.35 1.8
    endloop
  endfacet
  facet normal 0.0654057 -0.997859 0
    outer loop
      vertex 23.1255 6.64268 1.8
      vertex 24 6.7 7
      vertex 23.1255 6.64268 7
    endloop
  endfacet
  facet normal 0.0654057 -0.997859 0
    outer loop
      vertex 24 6.7 7
      vertex 23.1255 6.64268 1.8
      vertex 24 6.7 1.8
    endloop
  endfacet
  facet normal 0.555569 -0.831471 0
    outer loop
      vertex 19.9213 5.31547 1.8
      vertex 20.65 5.80237 7
      vertex 19.9213 5.31547 7
    endloop
  endfacet
  facet normal 0.555569 -0.831471 0
    outer loop
      vertex 20.65 5.80237 7
      vertex 19.9213 5.31547 1.8
      vertex 20.65 5.80237 1.8
    endloop
  endfacet
  facet normal 0.659359 -0.751828 0
    outer loop
      vertex 19.2624 4.73761 1.8
      vertex 19.9213 5.31547 7
      vertex 19.2624 4.73761 7
    endloop
  endfacet
  facet normal 0.659359 -0.751828 0
    outer loop
      vertex 19.9213 5.31547 7
      vertex 19.2624 4.73761 1.8
      vertex 19.9213 5.31547 1.8
    endloop
  endfacet
  facet normal -0.980781 0.195114 0
    outer loop
      vertex 30.4717 -1.73409 1.8
      vertex 30.6427 -0.874525 7
      vertex 30.6427 -0.874525 1.8
    endloop
  endfacet
  facet normal -0.980781 0.195114 0
    outer loop
      vertex 30.6427 -0.874525 7
      vertex 30.4717 -1.73409 1.8
      vertex 30.4717 -1.73409 7
    endloop
  endfacet
  facet normal -0.0654057 0.997859 0
    outer loop
      vertex 24.8745 -6.64268 1.8
      vertex 24 -6.7 7
      vertex 24.8745 -6.64268 7
    endloop
  endfacet
  facet normal -0.0654057 0.997859 0
    outer loop
      vertex 24 -6.7 7
      vertex 24.8745 -6.64268 1.8
      vertex 24 -6.7 1.8
    endloop
  endfacet
  facet normal -0.195085 0.980786 0
    outer loop
      vertex 25.7341 -6.4717 1.8
      vertex 24.8745 -6.64268 7
      vertex 25.7341 -6.4717 7
    endloop
  endfacet
  facet normal -0.195085 0.980786 0
    outer loop
      vertex 24.8745 -6.64268 7
      vertex 25.7341 -6.4717 1.8
      vertex 24.8745 -6.64268 1.8
    endloop
  endfacet
  facet normal -0.321436 0.946931 0
    outer loop
      vertex 26.564 -6.18999 1.8
      vertex 25.7341 -6.4717 7
      vertex 26.564 -6.18999 7
    endloop
  endfacet
  facet normal -0.321436 0.946931 0
    outer loop
      vertex 25.7341 -6.4717 7
      vertex 26.564 -6.18999 1.8
      vertex 25.7341 -6.4717 1.8
    endloop
  endfacet
  facet normal -0.751811 0.659379 0
    outer loop
      vertex 28.7376 -4.73761 1.8
      vertex 29.3155 -4.0787 7
      vertex 29.3155 -4.0787 1.8
    endloop
  endfacet
  facet normal -0.751811 0.659379 0
    outer loop
      vertex 29.3155 -4.0787 7
      vertex 28.7376 -4.73761 1.8
      vertex 28.7376 -4.73761 7
    endloop
  endfacet
  facet normal -0.659359 0.751828 0
    outer loop
      vertex 28.7376 -4.73761 1.8
      vertex 28.0787 -5.31547 7
      vertex 28.7376 -4.73761 7
    endloop
  endfacet
  facet normal -0.659359 0.751828 0
    outer loop
      vertex 28.0787 -5.31547 7
      vertex 28.7376 -4.73761 1.8
      vertex 28.0787 -5.31547 1.8
    endloop
  endfacet
  facet normal -0.896883 0.442268 0
    outer loop
      vertex 29.8024 -3.35 1.8
      vertex 30.19 -2.56398 7
      vertex 30.19 -2.56398 1.8
    endloop
  endfacet
  facet normal -0.896883 0.442268 0
    outer loop
      vertex 30.19 -2.56398 7
      vertex 29.8024 -3.35 1.8
      vertex 29.8024 -3.35 7
    endloop
  endfacet
  facet normal 0.0654057 0.997859 -0
    outer loop
      vertex 24 -6.7 1.8
      vertex 23.1255 -6.64268 7
      vertex 24 -6.7 7
    endloop
  endfacet
  facet normal 0.0654057 0.997859 0
    outer loop
      vertex 23.1255 -6.64268 7
      vertex 24 -6.7 1.8
      vertex 23.1255 -6.64268 1.8
    endloop
  endfacet
  facet normal 0.442296 0.896869 -0
    outer loop
      vertex 21.436 -6.18999 1.8
      vertex 20.65 -5.80237 7
      vertex 21.436 -6.18999 7
    endloop
  endfacet
  facet normal 0.442296 0.896869 0
    outer loop
      vertex 20.65 -5.80237 7
      vertex 21.436 -6.18999 1.8
      vertex 20.65 -5.80237 1.8
    endloop
  endfacet
  facet normal 0.946933 0.32143 0
    outer loop
      vertex 17.81 -2.56398 7
      vertex 17.5283 -1.73409 1.8
      vertex 17.5283 -1.73409 7
    endloop
  endfacet
  facet normal 0.946933 0.32143 0
    outer loop
      vertex 17.5283 -1.73409 1.8
      vertex 17.81 -2.56398 7
      vertex 17.81 -2.56398 1.8
    endloop
  endfacet
  facet normal 0.99786 0.0653811 0
    outer loop
      vertex 17.3573 -0.874525 7
      vertex 17.3 0 1.8
      vertex 17.3 0 7
    endloop
  endfacet
  facet normal 0.99786 0.0653811 0
    outer loop
      vertex 17.3 0 1.8
      vertex 17.3573 -0.874525 7
      vertex 17.3573 -0.874525 1.8
    endloop
  endfacet
  facet normal 0.831471 0.555569 0
    outer loop
      vertex 18.6845 -4.0787 7
      vertex 18.1976 -3.35 1.8
      vertex 18.1976 -3.35 7
    endloop
  endfacet
  facet normal 0.831471 0.555569 0
    outer loop
      vertex 18.1976 -3.35 1.8
      vertex 18.6845 -4.0787 7
      vertex 18.6845 -4.0787 1.8
    endloop
  endfacet
  facet normal 0.751811 0.659379 0
    outer loop
      vertex 19.2624 -4.73761 7
      vertex 18.6845 -4.0787 1.8
      vertex 18.6845 -4.0787 7
    endloop
  endfacet
  facet normal 0.751811 0.659379 0
    outer loop
      vertex 18.6845 -4.0787 1.8
      vertex 19.2624 -4.73761 7
      vertex 19.2624 -4.73761 1.8
    endloop
  endfacet
  facet normal 0.980781 -0.195114 0
    outer loop
      vertex 17.3573 0.874525 7
      vertex 17.5283 1.73409 1.8
      vertex 17.5283 1.73409 7
    endloop
  endfacet
  facet normal 0.980781 -0.195114 0
    outer loop
      vertex 17.5283 1.73409 1.8
      vertex 17.3573 0.874525 7
      vertex 17.3573 0.874525 1.8
    endloop
  endfacet
  facet normal -0.99786 0.0653811 0
    outer loop
      vertex 30.6427 -0.874525 1.8
      vertex 30.7 0 7
      vertex 30.7 0 1.8
    endloop
  endfacet
  facet normal -0.99786 0.0653811 0
    outer loop
      vertex 30.7 0 7
      vertex 30.6427 -0.874525 1.8
      vertex 30.6427 -0.874525 7
    endloop
  endfacet
  facet normal -0.442296 0.896869 0
    outer loop
      vertex 27.35 -5.80237 1.8
      vertex 26.564 -6.18999 7
      vertex 27.35 -5.80237 7
    endloop
  endfacet
  facet normal -0.442296 0.896869 0
    outer loop
      vertex 26.564 -6.18999 7
      vertex 27.35 -5.80237 1.8
      vertex 26.564 -6.18999 1.8
    endloop
  endfacet
  facet normal 0.555569 0.831471 -0
    outer loop
      vertex 20.65 -5.80237 1.8
      vertex 19.9213 -5.31547 7
      vertex 20.65 -5.80237 7
    endloop
  endfacet
  facet normal 0.555569 0.831471 0
    outer loop
      vertex 19.9213 -5.31547 7
      vertex 20.65 -5.80237 1.8
      vertex 19.9213 -5.31547 1.8
    endloop
  endfacet
  facet normal -0.99787 -0.0652402 0
    outer loop
      vertex -23.25 9 6
      vertex -23.2564 9.09789 7
      vertex -23.2564 9.09789 6
    endloop
  endfacet
  facet normal -0.99787 -0.0652402 0
    outer loop
      vertex -23.2564 9.09789 7
      vertex -23.25 9 6
      vertex -23.25 9 7
    endloop
  endfacet
  facet normal 0.99787 -0.0652402 0
    outer loop
      vertex -24.75 9 7
      vertex -24.7436 9.09789 6
      vertex -24.7436 9.09789 7
    endloop
  endfacet
  facet normal 0.99787 -0.0652402 0
    outer loop
      vertex -24.7436 9.09789 6
      vertex -24.75 9 7
      vertex -24.75 9 6
    endloop
  endfacet
  facet normal -0.0654366 -0.997857 0
    outer loop
      vertex -24 9.75 6
      vertex -23.9021 9.74358 7
      vertex -24 9.75 7
    endloop
  endfacet
  facet normal -0.0654366 -0.997857 -0
    outer loop
      vertex -23.9021 9.74358 7
      vertex -24 9.75 6
      vertex -23.9021 9.74358 6
    endloop
  endfacet
  facet normal 0.0654366 0.997857 -0
    outer loop
      vertex -24 8.25 6
      vertex -24.0979 8.25642 7
      vertex -24 8.25 7
    endloop
  endfacet
  facet normal 0.0654366 0.997857 0
    outer loop
      vertex -24.0979 8.25642 7
      vertex -24 8.25 6
      vertex -24.0979 8.25642 6
    endloop
  endfacet
  facet normal 0.751768 0.659428 0
    outer loop
      vertex -24.5303 8.46967 7
      vertex -24.595 8.54343 6
      vertex -24.595 8.54343 7
    endloop
  endfacet
  facet normal 0.751768 0.659428 0
    outer loop
      vertex -24.595 8.54343 6
      vertex -24.5303 8.46967 7
      vertex -24.5303 8.46967 6
    endloop
  endfacet
  facet normal -0.751768 -0.659428 0
    outer loop
      vertex -23.405 9.45657 6
      vertex -23.4697 9.53033 7
      vertex -23.4697 9.53033 6
    endloop
  endfacet
  facet normal -0.751768 -0.659428 0
    outer loop
      vertex -23.4697 9.53033 7
      vertex -23.405 9.45657 6
      vertex -23.405 9.45657 7
    endloop
  endfacet
  facet normal 0.659616 -0.751603 0
    outer loop
      vertex -24.5303 9.53033 6
      vertex -24.4566 9.59501 7
      vertex -24.5303 9.53033 7
    endloop
  endfacet
  facet normal 0.659616 -0.751603 0
    outer loop
      vertex -24.4566 9.59501 7
      vertex -24.5303 9.53033 6
      vertex -24.4566 9.59501 6
    endloop
  endfacet
  facet normal 0.321391 -0.946947 0
    outer loop
      vertex -24.287 9.69291 6
      vertex -24.1941 9.72444 7
      vertex -24.287 9.69291 7
    endloop
  endfacet
  facet normal 0.321391 -0.946947 0
    outer loop
      vertex -24.1941 9.72444 7
      vertex -24.287 9.69291 6
      vertex -24.1941 9.72444 6
    endloop
  endfacet
  facet normal -0.89684 -0.442355 0
    outer loop
      vertex -23.3071 9.28701 6
      vertex -23.3505 9.375 7
      vertex -23.3505 9.375 6
    endloop
  endfacet
  facet normal -0.89684 -0.442355 0
    outer loop
      vertex -23.3505 9.375 7
      vertex -23.3071 9.28701 6
      vertex -23.3071 9.28701 7
    endloop
  endfacet
  facet normal -0.831485 -0.555547 0
    outer loop
      vertex -23.3505 9.375 6
      vertex -23.405 9.45657 7
      vertex -23.405 9.45657 6
    endloop
  endfacet
  facet normal -0.831485 -0.555547 0
    outer loop
      vertex -23.405 9.45657 7
      vertex -23.3505 9.375 6
      vertex -23.3505 9.375 7
    endloop
  endfacet
  facet normal -0.442233 -0.8969 0
    outer loop
      vertex -23.713 9.69291 6
      vertex -23.625 9.64952 7
      vertex -23.713 9.69291 7
    endloop
  endfacet
  facet normal -0.442233 -0.8969 -0
    outer loop
      vertex -23.625 9.64952 7
      vertex -23.713 9.69291 6
      vertex -23.625 9.64952 6
    endloop
  endfacet
  facet normal -0.321391 -0.946947 0
    outer loop
      vertex -23.8059 9.72444 6
      vertex -23.713 9.69291 7
      vertex -23.8059 9.72444 7
    endloop
  endfacet
  facet normal -0.321391 -0.946947 -0
    outer loop
      vertex -23.713 9.69291 7
      vertex -23.8059 9.72444 6
      vertex -23.713 9.69291 6
    endloop
  endfacet
  facet normal -0.555476 -0.831533 0
    outer loop
      vertex -23.625 9.64952 6
      vertex -23.5434 9.59501 7
      vertex -23.625 9.64952 7
    endloop
  endfacet
  facet normal -0.555476 -0.831533 -0
    outer loop
      vertex -23.5434 9.59501 7
      vertex -23.625 9.64952 6
      vertex -23.5434 9.59501 6
    endloop
  endfacet
  facet normal 0.89684 -0.442355 0
    outer loop
      vertex -24.6929 9.28701 7
      vertex -24.6495 9.375 6
      vertex -24.6495 9.375 7
    endloop
  endfacet
  facet normal 0.89684 -0.442355 0
    outer loop
      vertex -24.6495 9.375 6
      vertex -24.6929 9.28701 7
      vertex -24.6929 9.28701 6
    endloop
  endfacet
  facet normal 0.94704 -0.321117 0
    outer loop
      vertex -24.7244 9.19411 7
      vertex -24.6929 9.28701 6
      vertex -24.6929 9.28701 7
    endloop
  endfacet
  facet normal 0.94704 -0.321117 0
    outer loop
      vertex -24.6929 9.28701 6
      vertex -24.7244 9.19411 7
      vertex -24.7244 9.19411 6
    endloop
  endfacet
  facet normal 0.442233 -0.8969 0
    outer loop
      vertex -24.375 9.64952 6
      vertex -24.287 9.69291 7
      vertex -24.375 9.64952 7
    endloop
  endfacet
  facet normal 0.442233 -0.8969 0
    outer loop
      vertex -24.287 9.69291 7
      vertex -24.375 9.64952 6
      vertex -24.287 9.69291 6
    endloop
  endfacet
  facet normal 0.195136 -0.980776 0
    outer loop
      vertex -24.1941 9.72444 6
      vertex -24.0979 9.74358 7
      vertex -24.1941 9.72444 7
    endloop
  endfacet
  facet normal 0.195136 -0.980776 0
    outer loop
      vertex -24.0979 9.74358 7
      vertex -24.1941 9.72444 6
      vertex -24.0979 9.74358 6
    endloop
  endfacet
  facet normal -0.0654366 0.997857 0
    outer loop
      vertex -23.9021 8.25642 6
      vertex -24 8.25 7
      vertex -23.9021 8.25642 7
    endloop
  endfacet
  facet normal -0.0654366 0.997857 0
    outer loop
      vertex -24 8.25 7
      vertex -23.9021 8.25642 6
      vertex -24 8.25 6
    endloop
  endfacet
  facet normal -0.442233 0.8969 0
    outer loop
      vertex -23.625 8.35048 6
      vertex -23.713 8.30709 7
      vertex -23.625 8.35048 7
    endloop
  endfacet
  facet normal -0.442233 0.8969 0
    outer loop
      vertex -23.713 8.30709 7
      vertex -23.625 8.35048 6
      vertex -23.713 8.30709 6
    endloop
  endfacet
  facet normal -0.94704 0.321117 0
    outer loop
      vertex -23.3071 8.71299 6
      vertex -23.2756 8.80589 7
      vertex -23.2756 8.80589 6
    endloop
  endfacet
  facet normal -0.94704 0.321117 0
    outer loop
      vertex -23.2756 8.80589 7
      vertex -23.3071 8.71299 6
      vertex -23.3071 8.71299 7
    endloop
  endfacet
  facet normal 0.89684 0.442355 0
    outer loop
      vertex -24.6495 8.625 7
      vertex -24.6929 8.71299 6
      vertex -24.6929 8.71299 7
    endloop
  endfacet
  facet normal 0.89684 0.442355 0
    outer loop
      vertex -24.6929 8.71299 6
      vertex -24.6495 8.625 7
      vertex -24.6495 8.625 6
    endloop
  endfacet
  facet normal 0 0 1
    outer loop
      vertex -23.2564 9.09789 6
      vertex -23.2564 8.90211 6
      vertex -23.25 9 6
    endloop
  endfacet
  facet normal 0 0 1
    outer loop
      vertex -23.2756 9.19411 6
      vertex -23.2564 8.90211 6
      vertex -23.2564 9.09789 6
    endloop
  endfacet
  facet normal 0 0 1
    outer loop
      vertex -23.2756 9.19411 6
      vertex -23.2756 8.80589 6
      vertex -23.2564 8.90211 6
    endloop
  endfacet
  facet normal 0 0 1
    outer loop
      vertex -23.3071 9.28701 6
      vertex -23.2756 8.80589 6
      vertex -23.2756 9.19411 6
    endloop
  endfacet
  facet normal 0 0 1
    outer loop
      vertex -23.3071 9.28701 6
      vertex -23.3071 8.71299 6
      vertex -23.2756 8.80589 6
    endloop
  endfacet
  facet normal 0 0 1
    outer loop
      vertex -23.3505 9.375 6
      vertex -23.3071 8.71299 6
      vertex -23.3071 9.28701 6
    endloop
  endfacet
  facet normal 0 0 1
    outer loop
      vertex -23.3505 9.375 6
      vertex -23.3505 8.625 6
      vertex -23.3071 8.71299 6
    endloop
  endfacet
  facet normal 0 0 1
    outer loop
      vertex -23.405 9.45657 6
      vertex -23.3505 8.625 6
      vertex -23.3505 9.375 6
    endloop
  endfacet
  facet normal 0 0 1
    outer loop
      vertex -23.405 9.45657 6
      vertex -23.405 8.54343 6
      vertex -23.3505 8.625 6
    endloop
  endfacet
  facet normal 0 0 1
    outer loop
      vertex -23.4697 9.53033 6
      vertex -23.405 8.54343 6
      vertex -23.405 9.45657 6
    endloop
  endfacet
  facet normal 0 0 1
    outer loop
      vertex -23.4697 9.53033 6
      vertex -23.4697 8.46967 6
      vertex -23.405 8.54343 6
    endloop
  endfacet
  facet normal 0 0 1
    outer loop
      vertex -23.5434 9.59501 6
      vertex -23.4697 8.46967 6
      vertex -23.4697 9.53033 6
    endloop
  endfacet
  facet normal 0 0 1
    outer loop
      vertex -23.5434 9.59501 6
      vertex -23.5434 8.40498 6
      vertex -23.4697 8.46967 6
    endloop
  endfacet
  facet normal 0 0 1
    outer loop
      vertex -23.625 9.64952 6
      vertex -23.5434 8.40498 6
      vertex -23.5434 9.59501 6
    endloop
  endfacet
  facet normal 0 0 1
    outer loop
      vertex -23.625 9.64952 6
      vertex -23.625 8.35048 6
      vertex -23.5434 8.40498 6
    endloop
  endfacet
  facet normal 0 0 1
    outer loop
      vertex -23.713 9.69291 6
      vertex -23.625 8.35048 6
      vertex -23.625 9.64952 6
    endloop
  endfacet
  facet normal 0 0 1
    outer loop
      vertex -23.713 9.69291 6
      vertex -23.713 8.30709 6
      vertex -23.625 8.35048 6
    endloop
  endfacet
  facet normal 0 0 1
    outer loop
      vertex -23.8059 9.72444 6
      vertex -23.713 8.30709 6
      vertex -23.713 9.69291 6
    endloop
  endfacet
  facet normal 0 0 1
    outer loop
      vertex -23.8059 9.72444 6
      vertex -23.8059 8.27556 6
      vertex -23.713 8.30709 6
    endloop
  endfacet
  facet normal 0 0 1
    outer loop
      vertex -23.9021 9.74358 6
      vertex -23.8059 8.27556 6
      vertex -23.8059 9.72444 6
    endloop
  endfacet
  facet normal 0 0 1
    outer loop
      vertex -23.9021 9.74358 6
      vertex -23.9021 8.25642 6
      vertex -23.8059 8.27556 6
    endloop
  endfacet
  facet normal 0 0 1
    outer loop
      vertex -24 9.75 6
      vertex -23.9021 8.25642 6
      vertex -23.9021 9.74358 6
    endloop
  endfacet
  facet normal 0 0 1
    outer loop
      vertex -24 9.75 6
      vertex -24 8.25 6
      vertex -23.9021 8.25642 6
    endloop
  endfacet
  facet normal -0 0 1
    outer loop
      vertex -24.0979 9.74358 6
      vertex -24 8.25 6
      vertex -24 9.75 6
    endloop
  endfacet
  facet normal 0 0 1
    outer loop
      vertex -24.0979 9.74358 6
      vertex -24.0979 8.25642 6
      vertex -24 8.25 6
    endloop
  endfacet
  facet normal -0 0 1
    outer loop
      vertex -24.1941 9.72444 6
      vertex -24.0979 8.25642 6
      vertex -24.0979 9.74358 6
    endloop
  endfacet
  facet normal 0 0 1
    outer loop
      vertex -24.1941 9.72444 6
      vertex -24.1941 8.27556 6
      vertex -24.0979 8.25642 6
    endloop
  endfacet
  facet normal -0 0 1
    outer loop
      vertex -24.287 9.69291 6
      vertex -24.1941 8.27556 6
      vertex -24.1941 9.72444 6
    endloop
  endfacet
  facet normal 0 0 1
    outer loop
      vertex -24.287 9.69291 6
      vertex -24.287 8.30709 6
      vertex -24.1941 8.27556 6
    endloop
  endfacet
  facet normal -0 0 1
    outer loop
      vertex -24.375 9.64952 6
      vertex -24.287 8.30709 6
      vertex -24.287 9.69291 6
    endloop
  endfacet
  facet normal 0 0 1
    outer loop
      vertex -24.375 9.64952 6
      vertex -24.375 8.35048 6
      vertex -24.287 8.30709 6
    endloop
  endfacet
  facet normal -0 0 1
    outer loop
      vertex -24.4566 9.59501 6
      vertex -24.375 8.35048 6
      vertex -24.375 9.64952 6
    endloop
  endfacet
  facet normal 0 0 1
    outer loop
      vertex -24.4566 9.59501 6
      vertex -24.4566 8.40498 6
      vertex -24.375 8.35048 6
    endloop
  endfacet
  facet normal -0 0 1
    outer loop
      vertex -24.5303 9.53033 6
      vertex -24.4566 8.40498 6
      vertex -24.4566 9.59501 6
    endloop
  endfacet
  facet normal 0 0 1
    outer loop
      vertex -24.5303 9.53033 6
      vertex -24.5303 8.46967 6
      vertex -24.4566 8.40498 6
    endloop
  endfacet
  facet normal -0 0 1
    outer loop
      vertex -24.595 9.45657 6
      vertex -24.5303 8.46967 6
      vertex -24.5303 9.53033 6
    endloop
  endfacet
  facet normal 0 0 1
    outer loop
      vertex -24.595 9.45657 6
      vertex -24.595 8.54343 6
      vertex -24.5303 8.46967 6
    endloop
  endfacet
  facet normal -0 0 1
    outer loop
      vertex -24.6495 9.375 6
      vertex -24.595 8.54343 6
      vertex -24.595 9.45657 6
    endloop
  endfacet
  facet normal 0 0 1
    outer loop
      vertex -24.6495 9.375 6
      vertex -24.6495 8.625 6
      vertex -24.595 8.54343 6
    endloop
  endfacet
  facet normal -0 0 1
    outer loop
      vertex -24.6929 9.28701 6
      vertex -24.6495 8.625 6
      vertex -24.6495 9.375 6
    endloop
  endfacet
  facet normal 0 0 1
    outer loop
      vertex -24.6929 9.28701 6
      vertex -24.6929 8.71299 6
      vertex -24.6495 8.625 6
    endloop
  endfacet
  facet normal -0 0 1
    outer loop
      vertex -24.7244 9.19411 6
      vertex -24.6929 8.71299 6
      vertex -24.6929 9.28701 6
    endloop
  endfacet
  facet normal 0 0 1
    outer loop
      vertex -24.7244 9.19411 6
      vertex -24.7244 8.80589 6
      vertex -24.6929 8.71299 6
    endloop
  endfacet
  facet normal -0 0 1
    outer loop
      vertex -24.7436 9.09789 6
      vertex -24.7244 8.80589 6
      vertex -24.7244 9.19411 6
    endloop
  endfacet
  facet normal 0 0 1
    outer loop
      vertex -24.7436 9.09789 6
      vertex -24.7436 8.90211 6
      vertex -24.7244 8.80589 6
    endloop
  endfacet
  facet normal 0 -0 1
    outer loop
      vertex -24.7436 8.90211 6
      vertex -24.7436 9.09789 6
      vertex -24.75 9 6
    endloop
  endfacet
  facet normal -0.94704 -0.321117 0
    outer loop
      vertex -23.2756 9.19411 6
      vertex -23.3071 9.28701 7
      vertex -23.3071 9.28701 6
    endloop
  endfacet
  facet normal -0.94704 -0.321117 0
    outer loop
      vertex -23.3071 9.28701 7
      vertex -23.2756 9.19411 6
      vertex -23.2756 9.19411 7
    endloop
  endfacet
  facet normal -0.980667 -0.195685 0
    outer loop
      vertex -23.2564 9.09789 6
      vertex -23.2756 9.19411 7
      vertex -23.2756 9.19411 6
    endloop
  endfacet
  facet normal -0.980667 -0.195685 0
    outer loop
      vertex -23.2756 9.19411 7
      vertex -23.2564 9.09789 6
      vertex -23.2564 9.09789 7
    endloop
  endfacet
  facet normal -0.195136 -0.980776 0
    outer loop
      vertex -23.9021 9.74358 6
      vertex -23.8059 9.72444 7
      vertex -23.9021 9.74358 7
    endloop
  endfacet
  facet normal -0.195136 -0.980776 -0
    outer loop
      vertex -23.8059 9.72444 7
      vertex -23.9021 9.74358 6
      vertex -23.8059 9.72444 6
    endloop
  endfacet
  facet normal -0.659616 -0.751603 0
    outer loop
      vertex -23.5434 9.59501 6
      vertex -23.4697 9.53033 7
      vertex -23.5434 9.59501 7
    endloop
  endfacet
  facet normal -0.659616 -0.751603 -0
    outer loop
      vertex -23.4697 9.53033 7
      vertex -23.5434 9.59501 6
      vertex -23.4697 9.53033 6
    endloop
  endfacet
  facet normal 0.831485 -0.555547 0
    outer loop
      vertex -24.6495 9.375 7
      vertex -24.595 9.45657 6
      vertex -24.595 9.45657 7
    endloop
  endfacet
  facet normal 0.831485 -0.555547 0
    outer loop
      vertex -24.595 9.45657 6
      vertex -24.6495 9.375 7
      vertex -24.6495 9.375 6
    endloop
  endfacet
  facet normal 0.751768 -0.659428 0
    outer loop
      vertex -24.595 9.45657 7
      vertex -24.5303 9.53033 6
      vertex -24.5303 9.53033 7
    endloop
  endfacet
  facet normal 0.751768 -0.659428 0
    outer loop
      vertex -24.5303 9.53033 6
      vertex -24.595 9.45657 7
      vertex -24.595 9.45657 6
    endloop
  endfacet
  facet normal 0.980667 -0.195685 0
    outer loop
      vertex -24.7436 9.09789 7
      vertex -24.7244 9.19411 6
      vertex -24.7244 9.19411 7
    endloop
  endfacet
  facet normal 0.980667 -0.195685 0
    outer loop
      vertex -24.7244 9.19411 6
      vertex -24.7436 9.09789 7
      vertex -24.7436 9.09789 6
    endloop
  endfacet
  facet normal 0.555476 -0.831533 0
    outer loop
      vertex -24.4566 9.59501 6
      vertex -24.375 9.64952 7
      vertex -24.4566 9.59501 7
    endloop
  endfacet
  facet normal 0.555476 -0.831533 0
    outer loop
      vertex -24.375 9.64952 7
      vertex -24.4566 9.59501 6
      vertex -24.375 9.64952 6
    endloop
  endfacet
  facet normal 0.0654366 -0.997857 0
    outer loop
      vertex -24.0979 9.74358 6
      vertex -24 9.75 7
      vertex -24.0979 9.74358 7
    endloop
  endfacet
  facet normal 0.0654366 -0.997857 0
    outer loop
      vertex -24 9.75 7
      vertex -24.0979 9.74358 6
      vertex -24 9.75 6
    endloop
  endfacet
  facet normal -0.195136 0.980776 0
    outer loop
      vertex -23.8059 8.27556 6
      vertex -23.9021 8.25642 7
      vertex -23.8059 8.27556 7
    endloop
  endfacet
  facet normal -0.195136 0.980776 0
    outer loop
      vertex -23.9021 8.25642 7
      vertex -23.8059 8.27556 6
      vertex -23.9021 8.25642 6
    endloop
  endfacet
  facet normal -0.555406 0.83158 0
    outer loop
      vertex -23.5434 8.40498 6
      vertex -23.625 8.35048 7
      vertex -23.5434 8.40498 7
    endloop
  endfacet
  facet normal -0.555406 0.83158 0
    outer loop
      vertex -23.625 8.35048 7
      vertex -23.5434 8.40498 6
      vertex -23.625 8.35048 6
    endloop
  endfacet
  facet normal -0.751768 0.659428 0
    outer loop
      vertex -23.4697 8.46967 6
      vertex -23.405 8.54343 7
      vertex -23.405 8.54343 6
    endloop
  endfacet
  facet normal -0.751768 0.659428 0
    outer loop
      vertex -23.405 8.54343 7
      vertex -23.4697 8.46967 6
      vertex -23.4697 8.46967 7
    endloop
  endfacet
  facet normal -0.89684 0.442355 0
    outer loop
      vertex -23.3505 8.625 6
      vertex -23.3071 8.71299 7
      vertex -23.3071 8.71299 6
    endloop
  endfacet
  facet normal -0.89684 0.442355 0
    outer loop
      vertex -23.3071 8.71299 7
      vertex -23.3505 8.625 6
      vertex -23.3505 8.625 7
    endloop
  endfacet
  facet normal 0.659673 0.751552 -0
    outer loop
      vertex -24.4566 8.40498 6
      vertex -24.5303 8.46967 7
      vertex -24.4566 8.40498 7
    endloop
  endfacet
  facet normal 0.659673 0.751552 0
    outer loop
      vertex -24.5303 8.46967 7
      vertex -24.4566 8.40498 6
      vertex -24.5303 8.46967 6
    endloop
  endfacet
  facet normal 0.442233 0.8969 -0
    outer loop
      vertex -24.287 8.30709 6
      vertex -24.375 8.35048 7
      vertex -24.287 8.30709 7
    endloop
  endfacet
  facet normal 0.442233 0.8969 0
    outer loop
      vertex -24.375 8.35048 7
      vertex -24.287 8.30709 6
      vertex -24.375 8.35048 6
    endloop
  endfacet
  facet normal 0.321391 0.946947 -0
    outer loop
      vertex -24.1941 8.27556 6
      vertex -24.287 8.30709 7
      vertex -24.1941 8.27556 7
    endloop
  endfacet
  facet normal 0.321391 0.946947 0
    outer loop
      vertex -24.287 8.30709 7
      vertex -24.1941 8.27556 6
      vertex -24.287 8.30709 6
    endloop
  endfacet
  facet normal 0.831485 0.555547 0
    outer loop
      vertex -24.595 8.54343 7
      vertex -24.6495 8.625 6
      vertex -24.6495 8.625 7
    endloop
  endfacet
  facet normal 0.831485 0.555547 0
    outer loop
      vertex -24.6495 8.625 6
      vertex -24.595 8.54343 7
      vertex -24.595 8.54343 6
    endloop
  endfacet
  facet normal 0.94704 0.321117 0
    outer loop
      vertex -24.6929 8.71299 7
      vertex -24.7244 8.80589 6
      vertex -24.7244 8.80589 7
    endloop
  endfacet
  facet normal 0.94704 0.321117 0
    outer loop
      vertex -24.7244 8.80589 6
      vertex -24.6929 8.71299 7
      vertex -24.6929 8.71299 6
    endloop
  endfacet
  facet normal 0.99787 0.0652402 0
    outer loop
      vertex -24.7436 8.90211 7
      vertex -24.75 9 6
      vertex -24.75 9 7
    endloop
  endfacet
  facet normal 0.99787 0.0652402 0
    outer loop
      vertex -24.75 9 6
      vertex -24.7436 8.90211 7
      vertex -24.7436 8.90211 6
    endloop
  endfacet
  facet normal -0.321391 0.946947 0
    outer loop
      vertex -23.713 8.30709 6
      vertex -23.8059 8.27556 7
      vertex -23.713 8.30709 7
    endloop
  endfacet
  facet normal -0.321391 0.946947 0
    outer loop
      vertex -23.8059 8.27556 7
      vertex -23.713 8.30709 6
      vertex -23.8059 8.27556 6
    endloop
  endfacet
  facet normal -0.659673 0.751552 0
    outer loop
      vertex -23.4697 8.46967 6
      vertex -23.5434 8.40498 7
      vertex -23.4697 8.46967 7
    endloop
  endfacet
  facet normal -0.659673 0.751552 0
    outer loop
      vertex -23.5434 8.40498 7
      vertex -23.4697 8.46967 6
      vertex -23.5434 8.40498 6
    endloop
  endfacet
  facet normal -0.831485 0.555547 0
    outer loop
      vertex -23.405 8.54343 6
      vertex -23.3505 8.625 7
      vertex -23.3505 8.625 6
    endloop
  endfacet
  facet normal -0.831485 0.555547 0
    outer loop
      vertex -23.3505 8.625 7
      vertex -23.405 8.54343 6
      vertex -23.405 8.54343 7
    endloop
  endfacet
  facet normal -0.980667 0.195685 0
    outer loop
      vertex -23.2756 8.80589 6
      vertex -23.2564 8.90211 7
      vertex -23.2564 8.90211 6
    endloop
  endfacet
  facet normal -0.980667 0.195685 0
    outer loop
      vertex -23.2564 8.90211 7
      vertex -23.2756 8.80589 6
      vertex -23.2756 8.80589 7
    endloop
  endfacet
  facet normal -0.99787 0.0652402 0
    outer loop
      vertex -23.2564 8.90211 6
      vertex -23.25 9 7
      vertex -23.25 9 6
    endloop
  endfacet
  facet normal -0.99787 0.0652402 0
    outer loop
      vertex -23.25 9 7
      vertex -23.2564 8.90211 6
      vertex -23.2564 8.90211 7
    endloop
  endfacet
  facet normal 0.555406 0.83158 -0
    outer loop
      vertex -24.375 8.35048 6
      vertex -24.4566 8.40498 7
      vertex -24.375 8.35048 7
    endloop
  endfacet
  facet normal 0.555406 0.83158 0
    outer loop
      vertex -24.4566 8.40498 7
      vertex -24.375 8.35048 6
      vertex -24.4566 8.40498 6
    endloop
  endfacet
  facet normal 0.195136 0.980776 -0
    outer loop
      vertex -24.0979 8.25642 6
      vertex -24.1941 8.27556 7
      vertex -24.0979 8.25642 7
    endloop
  endfacet
  facet normal 0.195136 0.980776 0
    outer loop
      vertex -24.1941 8.27556 7
      vertex -24.0979 8.25642 6
      vertex -24.1941 8.27556 6
    endloop
  endfacet
  facet normal 0.980667 0.195685 0
    outer loop
      vertex -24.7244 8.80589 7
      vertex -24.7436 8.90211 6
      vertex -24.7436 8.90211 7
    endloop
  endfacet
  facet normal 0.980667 0.195685 0
    outer loop
      vertex -24.7436 8.90211 6
      vertex -24.7244 8.80589 7
      vertex -24.7244 8.80589 6
    endloop
  endfacet
  facet normal -0.997859 -0.0654026 0
    outer loop
      vertex -0.75 9 6
      vertex -0.756416 9.09789 7
      vertex -0.756416 9.09789 6
    endloop
  endfacet
  facet normal -0.997859 -0.0654026 0
    outer loop
      vertex -0.756416 9.09789 7
      vertex -0.75 9 6
      vertex -0.75 9 7
    endloop
  endfacet
  facet normal 0.997856 -0.0654432 0
    outer loop
      vertex -2.25 9 7
      vertex -2.24358 9.09789 6
      vertex -2.24358 9.09789 7
    endloop
  endfacet
  facet normal 0.997856 -0.0654432 0
    outer loop
      vertex -2.24358 9.09789 6
      vertex -2.25 9 7
      vertex -2.25 9 6
    endloop
  endfacet
  facet normal -0.0654432 -0.997856 0
    outer loop
      vertex -1.5 9.75 6
      vertex -1.40211 9.74358 7
      vertex -1.5 9.75 7
    endloop
  endfacet
  facet normal -0.0654432 -0.997856 -0
    outer loop
      vertex -1.40211 9.74358 7
      vertex -1.5 9.75 6
      vertex -1.40211 9.74358 6
    endloop
  endfacet
  facet normal -0.751844 -0.659341 0
    outer loop
      vertex -0.904984 9.45657 6
      vertex -0.969669 9.53033 7
      vertex -0.969669 9.53033 6
    endloop
  endfacet
  facet normal -0.751844 -0.659341 0
    outer loop
      vertex -0.969669 9.53033 7
      vertex -0.904984 9.45657 6
      vertex -0.904984 9.45657 7
    endloop
  endfacet
  facet normal 0.659312 -0.751869 0
    outer loop
      vertex -2.03033 9.53033 6
      vertex -1.95657 9.59501 7
      vertex -2.03033 9.53033 7
    endloop
  endfacet
  facet normal 0.659312 -0.751869 0
    outer loop
      vertex -1.95657 9.59501 7
      vertex -2.03033 9.53033 6
      vertex -1.95657 9.59501 6
    endloop
  endfacet
  facet normal 0.321391 -0.946947 0
    outer loop
      vertex -1.78701 9.69291 6
      vertex -1.69411 9.72444 7
      vertex -1.78701 9.69291 7
    endloop
  endfacet
  facet normal 0.321391 -0.946947 0
    outer loop
      vertex -1.69411 9.72444 7
      vertex -1.78701 9.69291 6
      vertex -1.69411 9.72444 6
    endloop
  endfacet
  facet normal -0.89688 -0.442273 0
    outer loop
      vertex -0.80709 9.28701 6
      vertex -0.85048 9.375 7
      vertex -0.85048 9.375 6
    endloop
  endfacet
  facet normal -0.89688 -0.442273 0
    outer loop
      vertex -0.85048 9.375 7
      vertex -0.80709 9.28701 6
      vertex -0.80709 9.28701 7
    endloop
  endfacet
  facet normal -0.831466 -0.555575 0
    outer loop
      vertex -0.85048 9.375 6
      vertex -0.904984 9.45657 7
      vertex -0.904984 9.45657 6
    endloop
  endfacet
  facet normal -0.831466 -0.555575 0
    outer loop
      vertex -0.904984 9.45657 7
      vertex -0.85048 9.375 6
      vertex -0.85048 9.375 7
    endloop
  endfacet
  facet normal -0.442273 -0.89688 0
    outer loop
      vertex -1.21299 9.69291 6
      vertex -1.125 9.64952 7
      vertex -1.21299 9.69291 7
    endloop
  endfacet
  facet normal -0.442273 -0.89688 -0
    outer loop
      vertex -1.125 9.64952 7
      vertex -1.21299 9.69291 6
      vertex -1.125 9.64952 6
    endloop
  endfacet
  facet normal -0.321391 -0.946947 0
    outer loop
      vertex -1.30589 9.72444 6
      vertex -1.21299 9.69291 7
      vertex -1.30589 9.72444 7
    endloop
  endfacet
  facet normal -0.321391 -0.946947 -0
    outer loop
      vertex -1.21299 9.69291 7
      vertex -1.30589 9.72444 6
      vertex -1.21299 9.69291 6
    endloop
  endfacet
  facet normal -0.555617 -0.831438 0
    outer loop
      vertex -1.125 9.64952 6
      vertex -1.04343 9.59501 7
      vertex -1.125 9.64952 7
    endloop
  endfacet
  facet normal -0.555617 -0.831438 -0
    outer loop
      vertex -1.04343 9.59501 7
      vertex -1.125 9.64952 6
      vertex -1.04343 9.59501 6
    endloop
  endfacet
  facet normal 0.89688 -0.442273 0
    outer loop
      vertex -2.19291 9.28701 7
      vertex -2.14952 9.375 6
      vertex -2.14952 9.375 7
    endloop
  endfacet
  facet normal 0.89688 -0.442273 0
    outer loop
      vertex -2.14952 9.375 6
      vertex -2.19291 9.28701 7
      vertex -2.19291 9.28701 6
    endloop
  endfacet
  facet normal 0.946947 -0.321391 0
    outer loop
      vertex -2.22444 9.19411 7
      vertex -2.19291 9.28701 6
      vertex -2.19291 9.28701 7
    endloop
  endfacet
  facet normal 0.946947 -0.321391 0
    outer loop
      vertex -2.19291 9.28701 6
      vertex -2.22444 9.19411 7
      vertex -2.22444 9.19411 6
    endloop
  endfacet
  facet normal 0.442273 -0.89688 0
    outer loop
      vertex -1.875 9.64952 6
      vertex -1.78701 9.69291 7
      vertex -1.875 9.64952 7
    endloop
  endfacet
  facet normal 0.442273 -0.89688 0
    outer loop
      vertex -1.78701 9.69291 7
      vertex -1.875 9.64952 6
      vertex -1.78701 9.69291 6
    endloop
  endfacet
  facet normal 0.195097 -0.980784 0
    outer loop
      vertex -1.69411 9.72444 6
      vertex -1.59789 9.74358 7
      vertex -1.69411 9.72444 7
    endloop
  endfacet
  facet normal 0.195097 -0.980784 0
    outer loop
      vertex -1.59789 9.74358 7
      vertex -1.69411 9.72444 6
      vertex -1.59789 9.74358 6
    endloop
  endfacet
  facet normal -0.321391 0.946947 0
    outer loop
      vertex -1.21299 8.30709 6
      vertex -1.30589 8.27556 7
      vertex -1.21299 8.30709 7
    endloop
  endfacet
  facet normal -0.321391 0.946947 0
    outer loop
      vertex -1.30589 8.27556 7
      vertex -1.21299 8.30709 6
      vertex -1.30589 8.27556 6
    endloop
  endfacet
  facet normal -0.0654432 0.997856 0
    outer loop
      vertex -1.40211 8.25642 6
      vertex -1.5 8.25 7
      vertex -1.40211 8.25642 7
    endloop
  endfacet
  facet normal -0.0654432 0.997856 0
    outer loop
      vertex -1.5 8.25 7
      vertex -1.40211 8.25642 6
      vertex -1.5 8.25 6
    endloop
  endfacet
  facet normal -0.442273 0.89688 0
    outer loop
      vertex -1.125 8.35048 6
      vertex -1.21299 8.30709 7
      vertex -1.125 8.35048 7
    endloop
  endfacet
  facet normal -0.442273 0.89688 0
    outer loop
      vertex -1.21299 8.30709 7
      vertex -1.125 8.35048 6
      vertex -1.21299 8.30709 6
    endloop
  endfacet
  facet normal 0.89688 0.442273 0
    outer loop
      vertex -2.14952 8.625 7
      vertex -2.19291 8.71299 6
      vertex -2.19291 8.71299 7
    endloop
  endfacet
  facet normal 0.89688 0.442273 0
    outer loop
      vertex -2.19291 8.71299 6
      vertex -2.14952 8.625 7
      vertex -2.14952 8.625 6
    endloop
  endfacet
  facet normal 0 0 1
    outer loop
      vertex -0.756416 9.09789 6
      vertex -0.756416 8.90211 6
      vertex -0.75 9 6
    endloop
  endfacet
  facet normal 0 0 1
    outer loop
      vertex -0.775556 9.19411 6
      vertex -0.756416 8.90211 6
      vertex -0.756416 9.09789 6
    endloop
  endfacet
  facet normal 0 0 1
    outer loop
      vertex -0.775556 9.19411 6
      vertex -0.775556 8.80589 6
      vertex -0.756416 8.90211 6
    endloop
  endfacet
  facet normal 0 0 1
    outer loop
      vertex -0.80709 9.28701 6
      vertex -0.775556 8.80589 6
      vertex -0.775556 9.19411 6
    endloop
  endfacet
  facet normal 0 0 1
    outer loop
      vertex -0.80709 9.28701 6
      vertex -0.80709 8.71299 6
      vertex -0.775556 8.80589 6
    endloop
  endfacet
  facet normal 0 0 1
    outer loop
      vertex -0.85048 9.375 6
      vertex -0.80709 8.71299 6
      vertex -0.80709 9.28701 6
    endloop
  endfacet
  facet normal 0 0 1
    outer loop
      vertex -0.85048 9.375 6
      vertex -0.85048 8.625 6
      vertex -0.80709 8.71299 6
    endloop
  endfacet
  facet normal 0 0 1
    outer loop
      vertex -0.904984 9.45657 6
      vertex -0.85048 8.625 6
      vertex -0.85048 9.375 6
    endloop
  endfacet
  facet normal 0 0 1
    outer loop
      vertex -0.904984 9.45657 6
      vertex -0.904984 8.54343 6
      vertex -0.85048 8.625 6
    endloop
  endfacet
  facet normal 0 0 1
    outer loop
      vertex -0.969669 9.53033 6
      vertex -0.904984 8.54343 6
      vertex -0.904984 9.45657 6
    endloop
  endfacet
  facet normal 0 0 1
    outer loop
      vertex -0.969669 9.53033 6
      vertex -0.969669 8.46967 6
      vertex -0.904984 8.54343 6
    endloop
  endfacet
  facet normal 0 0 1
    outer loop
      vertex -1.04343 9.59501 6
      vertex -0.969669 8.46967 6
      vertex -0.969669 9.53033 6
    endloop
  endfacet
  facet normal 0 0 1
    outer loop
      vertex -1.04343 9.59501 6
      vertex -1.04343 8.40498 6
      vertex -0.969669 8.46967 6
    endloop
  endfacet
  facet normal 0 0 1
    outer loop
      vertex -1.125 9.64952 6
      vertex -1.04343 8.40498 6
      vertex -1.04343 9.59501 6
    endloop
  endfacet
  facet normal 0 0 1
    outer loop
      vertex -1.125 9.64952 6
      vertex -1.125 8.35048 6
      vertex -1.04343 8.40498 6
    endloop
  endfacet
  facet normal 0 0 1
    outer loop
      vertex -1.21299 9.69291 6
      vertex -1.125 8.35048 6
      vertex -1.125 9.64952 6
    endloop
  endfacet
  facet normal 0 0 1
    outer loop
      vertex -1.21299 9.69291 6
      vertex -1.21299 8.30709 6
      vertex -1.125 8.35048 6
    endloop
  endfacet
  facet normal 0 0 1
    outer loop
      vertex -1.30589 9.72444 6
      vertex -1.21299 8.30709 6
      vertex -1.21299 9.69291 6
    endloop
  endfacet
  facet normal 0 0 1
    outer loop
      vertex -1.30589 9.72444 6
      vertex -1.30589 8.27556 6
      vertex -1.21299 8.30709 6
    endloop
  endfacet
  facet normal 0 0 1
    outer loop
      vertex -1.40211 9.74358 6
      vertex -1.30589 8.27556 6
      vertex -1.30589 9.72444 6
    endloop
  endfacet
  facet normal 0 0 1
    outer loop
      vertex -1.40211 9.74358 6
      vertex -1.40211 8.25642 6
      vertex -1.30589 8.27556 6
    endloop
  endfacet
  facet normal 0 0 1
    outer loop
      vertex -1.5 9.75 6
      vertex -1.40211 8.25642 6
      vertex -1.40211 9.74358 6
    endloop
  endfacet
  facet normal 0 0 1
    outer loop
      vertex -1.5 9.75 6
      vertex -1.5 8.25 6
      vertex -1.40211 8.25642 6
    endloop
  endfacet
  facet normal -0 0 1
    outer loop
      vertex -1.59789 9.74358 6
      vertex -1.5 8.25 6
      vertex -1.5 9.75 6
    endloop
  endfacet
  facet normal 0 0 1
    outer loop
      vertex -1.59789 9.74358 6
      vertex -1.59789 8.25642 6
      vertex -1.5 8.25 6
    endloop
  endfacet
  facet normal -0 0 1
    outer loop
      vertex -1.69411 9.72444 6
      vertex -1.59789 8.25642 6
      vertex -1.59789 9.74358 6
    endloop
  endfacet
  facet normal 0 0 1
    outer loop
      vertex -1.69411 9.72444 6
      vertex -1.69411 8.27556 6
      vertex -1.59789 8.25642 6
    endloop
  endfacet
  facet normal -0 0 1
    outer loop
      vertex -1.78701 9.69291 6
      vertex -1.69411 8.27556 6
      vertex -1.69411 9.72444 6
    endloop
  endfacet
  facet normal 0 0 1
    outer loop
      vertex -1.78701 9.69291 6
      vertex -1.78701 8.30709 6
      vertex -1.69411 8.27556 6
    endloop
  endfacet
  facet normal -0 0 1
    outer loop
      vertex -1.875 9.64952 6
      vertex -1.78701 8.30709 6
      vertex -1.78701 9.69291 6
    endloop
  endfacet
  facet normal 0 0 1
    outer loop
      vertex -1.875 9.64952 6
      vertex -1.875 8.35048 6
      vertex -1.78701 8.30709 6
    endloop
  endfacet
  facet normal -0 0 1
    outer loop
      vertex -1.95657 9.59501 6
      vertex -1.875 8.35048 6
      vertex -1.875 9.64952 6
    endloop
  endfacet
  facet normal 0 0 1
    outer loop
      vertex -1.95657 9.59501 6
      vertex -1.95657 8.40498 6
      vertex -1.875 8.35048 6
    endloop
  endfacet
  facet normal -0 0 1
    outer loop
      vertex -2.03033 9.53033 6
      vertex -1.95657 8.40498 6
      vertex -1.95657 9.59501 6
    endloop
  endfacet
  facet normal 0 0 1
    outer loop
      vertex -2.03033 9.53033 6
      vertex -2.03033 8.46967 6
      vertex -1.95657 8.40498 6
    endloop
  endfacet
  facet normal -0 0 1
    outer loop
      vertex -2.09501 9.45657 6
      vertex -2.03033 8.46967 6
      vertex -2.03033 9.53033 6
    endloop
  endfacet
  facet normal 0 0 1
    outer loop
      vertex -2.09501 9.45657 6
      vertex -2.09501 8.54343 6
      vertex -2.03033 8.46967 6
    endloop
  endfacet
  facet normal -0 0 1
    outer loop
      vertex -2.14952 9.375 6
      vertex -2.09501 8.54343 6
      vertex -2.09501 9.45657 6
    endloop
  endfacet
  facet normal 0 0 1
    outer loop
      vertex -2.14952 9.375 6
      vertex -2.14952 8.625 6
      vertex -2.09501 8.54343 6
    endloop
  endfacet
  facet normal -0 0 1
    outer loop
      vertex -2.19291 9.28701 6
      vertex -2.14952 8.625 6
      vertex -2.14952 9.375 6
    endloop
  endfacet
  facet normal 0 0 1
    outer loop
      vertex -2.19291 9.28701 6
      vertex -2.19291 8.71299 6
      vertex -2.14952 8.625 6
    endloop
  endfacet
  facet normal -0 0 1
    outer loop
      vertex -2.22444 9.19411 6
      vertex -2.19291 8.71299 6
      vertex -2.19291 9.28701 6
    endloop
  endfacet
  facet normal 0 0 1
    outer loop
      vertex -2.22444 9.19411 6
      vertex -2.22444 8.80589 6
      vertex -2.19291 8.71299 6
    endloop
  endfacet
  facet normal -0 0 1
    outer loop
      vertex -2.24358 9.09789 6
      vertex -2.22444 8.80589 6
      vertex -2.22444 9.19411 6
    endloop
  endfacet
  facet normal 0 0 1
    outer loop
      vertex -2.24358 9.09789 6
      vertex -2.24358 8.90211 6
      vertex -2.22444 8.80589 6
    endloop
  endfacet
  facet normal 0 -0 1
    outer loop
      vertex -2.24358 8.90211 6
      vertex -2.24358 9.09789 6
      vertex -2.25 9 6
    endloop
  endfacet
  facet normal -0.946934 -0.321428 0
    outer loop
      vertex -0.775556 9.19411 6
      vertex -0.80709 9.28701 7
      vertex -0.80709 9.28701 6
    endloop
  endfacet
  facet normal -0.946934 -0.321428 0
    outer loop
      vertex -0.80709 9.28701 7
      vertex -0.775556 9.19411 6
      vertex -0.775556 9.19411 7
    endloop
  endfacet
  facet normal -0.980784 -0.195097 0
    outer loop
      vertex -0.756416 9.09789 6
      vertex -0.775556 9.19411 7
      vertex -0.775556 9.19411 6
    endloop
  endfacet
  facet normal -0.980784 -0.195097 0
    outer loop
      vertex -0.775556 9.19411 7
      vertex -0.756416 9.09789 6
      vertex -0.756416 9.09789 7
    endloop
  endfacet
  facet normal -0.195097 -0.980784 0
    outer loop
      vertex -1.40211 9.74358 6
      vertex -1.30589 9.72444 7
      vertex -1.40211 9.74358 7
    endloop
  endfacet
  facet normal -0.195097 -0.980784 -0
    outer loop
      vertex -1.30589 9.72444 7
      vertex -1.40211 9.74358 6
      vertex -1.30589 9.72444 6
    endloop
  endfacet
  facet normal -0.659307 -0.751873 0
    outer loop
      vertex -1.04343 9.59501 6
      vertex -0.969669 9.53033 7
      vertex -1.04343 9.59501 7
    endloop
  endfacet
  facet normal -0.659307 -0.751873 -0
    outer loop
      vertex -0.969669 9.53033 7
      vertex -1.04343 9.59501 6
      vertex -0.969669 9.53033 6
    endloop
  endfacet
  facet normal 0.831438 -0.555617 0
    outer loop
      vertex -2.14952 9.375 7
      vertex -2.09501 9.45657 6
      vertex -2.09501 9.45657 7
    endloop
  endfacet
  facet normal 0.831438 -0.555617 0
    outer loop
      vertex -2.09501 9.45657 6
      vertex -2.14952 9.375 7
      vertex -2.14952 9.375 6
    endloop
  endfacet
  facet normal 0.751869 -0.659312 0
    outer loop
      vertex -2.09501 9.45657 7
      vertex -2.03033 9.53033 6
      vertex -2.03033 9.53033 7
    endloop
  endfacet
  facet normal 0.751869 -0.659312 0
    outer loop
      vertex -2.03033 9.53033 6
      vertex -2.09501 9.45657 7
      vertex -2.09501 9.45657 6
    endloop
  endfacet
  facet normal 0.980784 -0.195097 0
    outer loop
      vertex -2.24358 9.09789 7
      vertex -2.22444 9.19411 6
      vertex -2.22444 9.19411 7
    endloop
  endfacet
  facet normal 0.980784 -0.195097 0
    outer loop
      vertex -2.22444 9.19411 6
      vertex -2.24358 9.09789 7
      vertex -2.24358 9.09789 6
    endloop
  endfacet
  facet normal 0.555617 -0.831438 0
    outer loop
      vertex -1.95657 9.59501 6
      vertex -1.875 9.64952 7
      vertex -1.95657 9.59501 7
    endloop
  endfacet
  facet normal 0.555617 -0.831438 0
    outer loop
      vertex -1.875 9.64952 7
      vertex -1.95657 9.59501 6
      vertex -1.875 9.64952 6
    endloop
  endfacet
  facet normal 0.0654432 -0.997856 0
    outer loop
      vertex -1.59789 9.74358 6
      vertex -1.5 9.75 7
      vertex -1.59789 9.74358 7
    endloop
  endfacet
  facet normal 0.0654432 -0.997856 0
    outer loop
      vertex -1.5 9.75 7
      vertex -1.59789 9.74358 6
      vertex -1.5 9.75 6
    endloop
  endfacet
  facet normal -0.997859 0.0654026 0
    outer loop
      vertex -0.756416 8.90211 6
      vertex -0.75 9 7
      vertex -0.75 9 6
    endloop
  endfacet
  facet normal -0.997859 0.0654026 0
    outer loop
      vertex -0.75 9 7
      vertex -0.756416 8.90211 6
      vertex -0.756416 8.90211 7
    endloop
  endfacet
  facet normal -0.195097 0.980784 0
    outer loop
      vertex -1.30589 8.27556 6
      vertex -1.40211 8.25642 7
      vertex -1.30589 8.27556 7
    endloop
  endfacet
  facet normal -0.195097 0.980784 0
    outer loop
      vertex -1.40211 8.25642 7
      vertex -1.30589 8.27556 6
      vertex -1.40211 8.25642 6
    endloop
  endfacet
  facet normal -0.555547 0.831485 0
    outer loop
      vertex -1.04343 8.40498 6
      vertex -1.125 8.35048 7
      vertex -1.04343 8.40498 7
    endloop
  endfacet
  facet normal -0.555547 0.831485 0
    outer loop
      vertex -1.125 8.35048 7
      vertex -1.04343 8.40498 6
      vertex -1.125 8.35048 6
    endloop
  endfacet
  facet normal -0.751844 0.659341 0
    outer loop
      vertex -0.969669 8.46967 6
      vertex -0.904984 8.54343 7
      vertex -0.904984 8.54343 6
    endloop
  endfacet
  facet normal -0.751844 0.659341 0
    outer loop
      vertex -0.904984 8.54343 7
      vertex -0.969669 8.46967 6
      vertex -0.969669 8.46967 7
    endloop
  endfacet
  facet normal -0.89688 0.442273 0
    outer loop
      vertex -0.85048 8.625 6
      vertex -0.80709 8.71299 7
      vertex -0.80709 8.71299 6
    endloop
  endfacet
  facet normal -0.89688 0.442273 0
    outer loop
      vertex -0.80709 8.71299 7
      vertex -0.85048 8.625 6
      vertex -0.85048 8.625 7
    endloop
  endfacet
  facet normal 0.65937 0.751819 -0
    outer loop
      vertex -1.95657 8.40498 6
      vertex -2.03033 8.46967 7
      vertex -1.95657 8.40498 7
    endloop
  endfacet
  facet normal 0.65937 0.751819 0
    outer loop
      vertex -2.03033 8.46967 7
      vertex -1.95657 8.40498 6
      vertex -2.03033 8.46967 6
    endloop
  endfacet
  facet normal 0.442273 0.89688 -0
    outer loop
      vertex -1.78701 8.30709 6
      vertex -1.875 8.35048 7
      vertex -1.78701 8.30709 7
    endloop
  endfacet
  facet normal 0.442273 0.89688 0
    outer loop
      vertex -1.875 8.35048 7
      vertex -1.78701 8.30709 6
      vertex -1.875 8.35048 6
    endloop
  endfacet
  facet normal 0.321391 0.946947 -0
    outer loop
      vertex -1.69411 8.27556 6
      vertex -1.78701 8.30709 7
      vertex -1.69411 8.27556 7
    endloop
  endfacet
  facet normal 0.321391 0.946947 0
    outer loop
      vertex -1.78701 8.30709 7
      vertex -1.69411 8.27556 6
      vertex -1.78701 8.30709 6
    endloop
  endfacet
  facet normal 0.0654432 0.997856 -0
    outer loop
      vertex -1.5 8.25 6
      vertex -1.59789 8.25642 7
      vertex -1.5 8.25 7
    endloop
  endfacet
  facet normal 0.0654432 0.997856 0
    outer loop
      vertex -1.59789 8.25642 7
      vertex -1.5 8.25 6
      vertex -1.59789 8.25642 6
    endloop
  endfacet
  facet normal 0.831438 0.555617 0
    outer loop
      vertex -2.09501 8.54343 7
      vertex -2.14952 8.625 6
      vertex -2.14952 8.625 7
    endloop
  endfacet
  facet normal 0.831438 0.555617 0
    outer loop
      vertex -2.14952 8.625 6
      vertex -2.09501 8.54343 7
      vertex -2.09501 8.54343 6
    endloop
  endfacet
  facet normal 0.946947 0.321391 0
    outer loop
      vertex -2.19291 8.71299 7
      vertex -2.22444 8.80589 6
      vertex -2.22444 8.80589 7
    endloop
  endfacet
  facet normal 0.946947 0.321391 0
    outer loop
      vertex -2.22444 8.80589 6
      vertex -2.19291 8.71299 7
      vertex -2.19291 8.71299 6
    endloop
  endfacet
  facet normal 0.997856 0.0654432 0
    outer loop
      vertex -2.24358 8.90211 7
      vertex -2.25 9 6
      vertex -2.25 9 7
    endloop
  endfacet
  facet normal 0.997856 0.0654432 0
    outer loop
      vertex -2.25 9 6
      vertex -2.24358 8.90211 7
      vertex -2.24358 8.90211 6
    endloop
  endfacet
  facet normal -0.659365 0.751823 0
    outer loop
      vertex -0.969669 8.46967 6
      vertex -1.04343 8.40498 7
      vertex -0.969669 8.46967 7
    endloop
  endfacet
  facet normal -0.659365 0.751823 0
    outer loop
      vertex -1.04343 8.40498 7
      vertex -0.969669 8.46967 6
      vertex -1.04343 8.40498 6
    endloop
  endfacet
  facet normal -0.831466 0.555575 0
    outer loop
      vertex -0.904984 8.54343 6
      vertex -0.85048 8.625 7
      vertex -0.85048 8.625 6
    endloop
  endfacet
  facet normal -0.831466 0.555575 0
    outer loop
      vertex -0.85048 8.625 7
      vertex -0.904984 8.54343 6
      vertex -0.904984 8.54343 7
    endloop
  endfacet
  facet normal -0.980784 0.195097 0
    outer loop
      vertex -0.775556 8.80589 6
      vertex -0.756416 8.90211 7
      vertex -0.756416 8.90211 6
    endloop
  endfacet
  facet normal -0.980784 0.195097 0
    outer loop
      vertex -0.756416 8.90211 7
      vertex -0.775556 8.80589 6
      vertex -0.775556 8.80589 7
    endloop
  endfacet
  facet normal -0.946934 0.321428 0
    outer loop
      vertex -0.80709 8.71299 6
      vertex -0.775556 8.80589 7
      vertex -0.775556 8.80589 6
    endloop
  endfacet
  facet normal -0.946934 0.321428 0
    outer loop
      vertex -0.775556 8.80589 7
      vertex -0.80709 8.71299 6
      vertex -0.80709 8.71299 7
    endloop
  endfacet
  facet normal 0.555547 0.831485 -0
    outer loop
      vertex -1.875 8.35048 6
      vertex -1.95657 8.40498 7
      vertex -1.875 8.35048 7
    endloop
  endfacet
  facet normal 0.555547 0.831485 0
    outer loop
      vertex -1.95657 8.40498 7
      vertex -1.875 8.35048 6
      vertex -1.95657 8.40498 6
    endloop
  endfacet
  facet normal 0.195097 0.980784 -0
    outer loop
      vertex -1.59789 8.25642 6
      vertex -1.69411 8.27556 7
      vertex -1.59789 8.25642 7
    endloop
  endfacet
  facet normal 0.195097 0.980784 0
    outer loop
      vertex -1.69411 8.27556 7
      vertex -1.59789 8.25642 6
      vertex -1.69411 8.27556 6
    endloop
  endfacet
  facet normal 0.751869 0.659312 0
    outer loop
      vertex -2.03033 8.46967 7
      vertex -2.09501 8.54343 6
      vertex -2.09501 8.54343 7
    endloop
  endfacet
  facet normal 0.751869 0.659312 0
    outer loop
      vertex -2.09501 8.54343 6
      vertex -2.03033 8.46967 7
      vertex -2.03033 8.46967 6
    endloop
  endfacet
  facet normal 0.980784 0.195097 0
    outer loop
      vertex -2.22444 8.80589 7
      vertex -2.24358 8.90211 6
      vertex -2.24358 8.90211 7
    endloop
  endfacet
  facet normal 0.980784 0.195097 0
    outer loop
      vertex -2.24358 8.90211 6
      vertex -2.22444 8.80589 7
      vertex -2.22444 8.80589 6
    endloop
  endfacet
  facet normal -0.997856 -0.0654432 0
    outer loop
      vertex 2.25 9 6
      vertex 2.24358 9.09789 7
      vertex 2.24358 9.09789 6
    endloop
  endfacet
  facet normal -0.997856 -0.0654432 0
    outer loop
      vertex 2.24358 9.09789 7
      vertex 2.25 9 6
      vertex 2.25 9 7
    endloop
  endfacet
  facet normal 0.0654432 -0.997856 0
    outer loop
      vertex 1.40211 9.74358 6
      vertex 1.5 9.75 7
      vertex 1.40211 9.74358 7
    endloop
  endfacet
  facet normal 0.0654432 -0.997856 0
    outer loop
      vertex 1.5 9.75 7
      vertex 1.40211 9.74358 6
      vertex 1.5 9.75 6
    endloop
  endfacet
  facet normal -0.0654432 0.997856 0
    outer loop
      vertex 1.59789 8.25642 6
      vertex 1.5 8.25 7
      vertex 1.59789 8.25642 7
    endloop
  endfacet
  facet normal -0.0654432 0.997856 0
    outer loop
      vertex 1.5 8.25 7
      vertex 1.59789 8.25642 6
      vertex 1.5 8.25 6
    endloop
  endfacet
  facet normal -0.659312 -0.751869 0
    outer loop
      vertex 1.95657 9.59501 6
      vertex 2.03033 9.53033 7
      vertex 1.95657 9.59501 7
    endloop
  endfacet
  facet normal -0.659312 -0.751869 -0
    outer loop
      vertex 2.03033 9.53033 7
      vertex 1.95657 9.59501 6
      vertex 2.03033 9.53033 6
    endloop
  endfacet
  facet normal 0.751844 -0.659341 0
    outer loop
      vertex 0.904984 9.45657 7
      vertex 0.969669 9.53033 6
      vertex 0.969669 9.53033 7
    endloop
  endfacet
  facet normal 0.751844 -0.659341 0
    outer loop
      vertex 0.969669 9.53033 6
      vertex 0.904984 9.45657 7
      vertex 0.904984 9.45657 6
    endloop
  endfacet
  facet normal 0.442273 -0.89688 0
    outer loop
      vertex 1.125 9.64952 6
      vertex 1.21299 9.69291 7
      vertex 1.125 9.64952 7
    endloop
  endfacet
  facet normal 0.442273 -0.89688 0
    outer loop
      vertex 1.21299 9.69291 7
      vertex 1.125 9.64952 6
      vertex 1.21299 9.69291 6
    endloop
  endfacet
  facet normal -0.89688 -0.442273 0
    outer loop
      vertex 2.19291 9.28701 6
      vertex 2.14952 9.375 7
      vertex 2.14952 9.375 6
    endloop
  endfacet
  facet normal -0.89688 -0.442273 0
    outer loop
      vertex 2.14952 9.375 7
      vertex 2.19291 9.28701 6
      vertex 2.19291 9.28701 7
    endloop
  endfacet
  facet normal -0.321391 -0.946947 0
    outer loop
      vertex 1.69411 9.72444 6
      vertex 1.78701 9.69291 7
      vertex 1.69411 9.72444 7
    endloop
  endfacet
  facet normal -0.321391 -0.946947 -0
    outer loop
      vertex 1.78701 9.69291 7
      vertex 1.69411 9.72444 6
      vertex 1.78701 9.69291 6
    endloop
  endfacet
  facet normal -0.555617 -0.831438 0
    outer loop
      vertex 1.875 9.64952 6
      vertex 1.95657 9.59501 7
      vertex 1.875 9.64952 7
    endloop
  endfacet
  facet normal -0.555617 -0.831438 -0
    outer loop
      vertex 1.95657 9.59501 7
      vertex 1.875 9.64952 6
      vertex 1.95657 9.59501 6
    endloop
  endfacet
  facet normal 0.946934 -0.321428 0
    outer loop
      vertex 0.775556 9.19411 7
      vertex 0.80709 9.28701 6
      vertex 0.80709 9.28701 7
    endloop
  endfacet
  facet normal 0.946934 -0.321428 0
    outer loop
      vertex 0.80709 9.28701 6
      vertex 0.775556 9.19411 7
      vertex 0.775556 9.19411 6
    endloop
  endfacet
  facet normal 0 0 1
    outer loop
      vertex 2.24358 9.09789 6
      vertex 2.24358 8.90211 6
      vertex 2.25 9 6
    endloop
  endfacet
  facet normal 0 0 1
    outer loop
      vertex 2.22444 9.19411 6
      vertex 2.24358 8.90211 6
      vertex 2.24358 9.09789 6
    endloop
  endfacet
  facet normal 0 0 1
    outer loop
      vertex 2.22444 9.19411 6
      vertex 2.22444 8.80589 6
      vertex 2.24358 8.90211 6
    endloop
  endfacet
  facet normal 0 0 1
    outer loop
      vertex 2.19291 9.28701 6
      vertex 2.22444 8.80589 6
      vertex 2.22444 9.19411 6
    endloop
  endfacet
  facet normal 0 0 1
    outer loop
      vertex 2.19291 9.28701 6
      vertex 2.19291 8.71299 6
      vertex 2.22444 8.80589 6
    endloop
  endfacet
  facet normal 0 0 1
    outer loop
      vertex 2.14952 9.375 6
      vertex 2.19291 8.71299 6
      vertex 2.19291 9.28701 6
    endloop
  endfacet
  facet normal 0 0 1
    outer loop
      vertex 2.14952 9.375 6
      vertex 2.14952 8.625 6
      vertex 2.19291 8.71299 6
    endloop
  endfacet
  facet normal 0 0 1
    outer loop
      vertex 2.09501 9.45657 6
      vertex 2.14952 8.625 6
      vertex 2.14952 9.375 6
    endloop
  endfacet
  facet normal 0 0 1
    outer loop
      vertex 2.09501 9.45657 6
      vertex 2.09501 8.54343 6
      vertex 2.14952 8.625 6
    endloop
  endfacet
  facet normal 0 0 1
    outer loop
      vertex 2.03033 9.53033 6
      vertex 2.09501 8.54343 6
      vertex 2.09501 9.45657 6
    endloop
  endfacet
  facet normal 0 0 1
    outer loop
      vertex 2.03033 9.53033 6
      vertex 2.03033 8.46967 6
      vertex 2.09501 8.54343 6
    endloop
  endfacet
  facet normal 0 0 1
    outer loop
      vertex 1.95657 9.59501 6
      vertex 2.03033 8.46967 6
      vertex 2.03033 9.53033 6
    endloop
  endfacet
  facet normal 0 0 1
    outer loop
      vertex 1.95657 9.59501 6
      vertex 1.95657 8.40498 6
      vertex 2.03033 8.46967 6
    endloop
  endfacet
  facet normal 0 0 1
    outer loop
      vertex 1.875 9.64952 6
      vertex 1.95657 8.40498 6
      vertex 1.95657 9.59501 6
    endloop
  endfacet
  facet normal 0 0 1
    outer loop
      vertex 1.875 9.64952 6
      vertex 1.875 8.35048 6
      vertex 1.95657 8.40498 6
    endloop
  endfacet
  facet normal 0 0 1
    outer loop
      vertex 1.78701 9.69291 6
      vertex 1.875 8.35048 6
      vertex 1.875 9.64952 6
    endloop
  endfacet
  facet normal 0 0 1
    outer loop
      vertex 1.78701 9.69291 6
      vertex 1.78701 8.30709 6
      vertex 1.875 8.35048 6
    endloop
  endfacet
  facet normal 0 0 1
    outer loop
      vertex 1.69411 9.72444 6
      vertex 1.78701 8.30709 6
      vertex 1.78701 9.69291 6
    endloop
  endfacet
  facet normal 0 0 1
    outer loop
      vertex 1.69411 9.72444 6
      vertex 1.69411 8.27556 6
      vertex 1.78701 8.30709 6
    endloop
  endfacet
  facet normal 0 0 1
    outer loop
      vertex 1.59789 9.74358 6
      vertex 1.69411 8.27556 6
      vertex 1.69411 9.72444 6
    endloop
  endfacet
  facet normal 0 0 1
    outer loop
      vertex 1.59789 9.74358 6
      vertex 1.59789 8.25642 6
      vertex 1.69411 8.27556 6
    endloop
  endfacet
  facet normal 0 0 1
    outer loop
      vertex 1.5 9.75 6
      vertex 1.59789 8.25642 6
      vertex 1.59789 9.74358 6
    endloop
  endfacet
  facet normal 0 0 1
    outer loop
      vertex 1.5 9.75 6
      vertex 1.5 8.25 6
      vertex 1.59789 8.25642 6
    endloop
  endfacet
  facet normal -0 0 1
    outer loop
      vertex 1.40211 9.74358 6
      vertex 1.5 8.25 6
      vertex 1.5 9.75 6
    endloop
  endfacet
  facet normal 0 0 1
    outer loop
      vertex 1.40211 9.74358 6
      vertex 1.40211 8.25642 6
      vertex 1.5 8.25 6
    endloop
  endfacet
  facet normal -0 0 1
    outer loop
      vertex 1.30589 9.72444 6
      vertex 1.40211 8.25642 6
      vertex 1.40211 9.74358 6
    endloop
  endfacet
  facet normal 0 0 1
    outer loop
      vertex 1.30589 9.72444 6
      vertex 1.30589 8.27556 6
      vertex 1.40211 8.25642 6
    endloop
  endfacet
  facet normal -0 0 1
    outer loop
      vertex 1.21299 9.69291 6
      vertex 1.30589 8.27556 6
      vertex 1.30589 9.72444 6
    endloop
  endfacet
  facet normal 0 0 1
    outer loop
      vertex 1.21299 9.69291 6
      vertex 1.21299 8.30709 6
      vertex 1.30589 8.27556 6
    endloop
  endfacet
  facet normal -0 0 1
    outer loop
      vertex 1.125 9.64952 6
      vertex 1.21299 8.30709 6
      vertex 1.21299 9.69291 6
    endloop
  endfacet
  facet normal 0 0 1
    outer loop
      vertex 1.125 9.64952 6
      vertex 1.125 8.35048 6
      vertex 1.21299 8.30709 6
    endloop
  endfacet
  facet normal -0 0 1
    outer loop
      vertex 1.04343 9.59501 6
      vertex 1.125 8.35048 6
      vertex 1.125 9.64952 6
    endloop
  endfacet
  facet normal 0 0 1
    outer loop
      vertex 1.04343 9.59501 6
      vertex 1.04343 8.40498 6
      vertex 1.125 8.35048 6
    endloop
  endfacet
  facet normal -0 0 1
    outer loop
      vertex 0.969669 9.53033 6
      vertex 1.04343 8.40498 6
      vertex 1.04343 9.59501 6
    endloop
  endfacet
  facet normal 0 0 1
    outer loop
      vertex 0.969669 9.53033 6
      vertex 0.969669 8.46967 6
      vertex 1.04343 8.40498 6
    endloop
  endfacet
  facet normal -0 0 1
    outer loop
      vertex 0.904984 9.45657 6
      vertex 0.969669 8.46967 6
      vertex 0.969669 9.53033 6
    endloop
  endfacet
  facet normal 0 0 1
    outer loop
      vertex 0.904984 9.45657 6
      vertex 0.904984 8.54343 6
      vertex 0.969669 8.46967 6
    endloop
  endfacet
  facet normal -0 0 1
    outer loop
      vertex 0.85048 9.375 6
      vertex 0.904984 8.54343 6
      vertex 0.904984 9.45657 6
    endloop
  endfacet
  facet normal 0 0 1
    outer loop
      vertex 0.85048 9.375 6
      vertex 0.85048 8.625 6
      vertex 0.904984 8.54343 6
    endloop
  endfacet
  facet normal -0 0 1
    outer loop
      vertex 0.80709 9.28701 6
      vertex 0.85048 8.625 6
      vertex 0.85048 9.375 6
    endloop
  endfacet
  facet normal 0 0 1
    outer loop
      vertex 0.80709 9.28701 6
      vertex 0.80709 8.71299 6
      vertex 0.85048 8.625 6
    endloop
  endfacet
  facet normal -0 0 1
    outer loop
      vertex 0.775556 9.19411 6
      vertex 0.80709 8.71299 6
      vertex 0.80709 9.28701 6
    endloop
  endfacet
  facet normal 0 0 1
    outer loop
      vertex 0.775556 9.19411 6
      vertex 0.775556 8.80589 6
      vertex 0.80709 8.71299 6
    endloop
  endfacet
  facet normal -0 0 1
    outer loop
      vertex 0.756416 9.09789 6
      vertex 0.775556 8.80589 6
      vertex 0.775556 9.19411 6
    endloop
  endfacet
  facet normal 0 0 1
    outer loop
      vertex 0.756416 9.09789 6
      vertex 0.756416 8.90211 6
      vertex 0.775556 8.80589 6
    endloop
  endfacet
  facet normal 0 -0 1
    outer loop
      vertex 0.756416 8.90211 6
      vertex 0.756416 9.09789 6
      vertex 0.75 9 6
    endloop
  endfacet
  facet normal 0.831466 -0.555575 0
    outer loop
      vertex 0.85048 9.375 7
      vertex 0.904984 9.45657 6
      vertex 0.904984 9.45657 7
    endloop
  endfacet
  facet normal 0.831466 -0.555575 0
    outer loop
      vertex 0.904984 9.45657 6
      vertex 0.85048 9.375 7
      vertex 0.85048 9.375 6
    endloop
  endfacet
  facet normal 0.321391 -0.946947 0
    outer loop
      vertex 1.21299 9.69291 6
      vertex 1.30589 9.72444 7
      vertex 1.21299 9.69291 7
    endloop
  endfacet
  facet normal 0.321391 -0.946947 0
    outer loop
      vertex 1.30589 9.72444 7
      vertex 1.21299 9.69291 6
      vertex 1.30589 9.72444 6
    endloop
  endfacet
  facet normal 0.89688 0.442273 0
    outer loop
      vertex 0.85048 8.625 7
      vertex 0.80709 8.71299 6
      vertex 0.80709 8.71299 7
    endloop
  endfacet
  facet normal 0.89688 0.442273 0
    outer loop
      vertex 0.80709 8.71299 6
      vertex 0.85048 8.625 7
      vertex 0.85048 8.625 6
    endloop
  endfacet
  facet normal -0.195097 0.980784 0
    outer loop
      vertex 1.69411 8.27556 6
      vertex 1.59789 8.25642 7
      vertex 1.69411 8.27556 7
    endloop
  endfacet
  facet normal -0.195097 0.980784 0
    outer loop
      vertex 1.59789 8.25642 7
      vertex 1.69411 8.27556 6
      vertex 1.59789 8.25642 6
    endloop
  endfacet
  facet normal -0.946947 -0.321391 0
    outer loop
      vertex 2.22444 9.19411 6
      vertex 2.19291 9.28701 7
      vertex 2.19291 9.28701 6
    endloop
  endfacet
  facet normal -0.946947 -0.321391 0
    outer loop
      vertex 2.19291 9.28701 7
      vertex 2.22444 9.19411 6
      vertex 2.22444 9.19411 7
    endloop
  endfacet
  facet normal -0.980784 -0.195097 0
    outer loop
      vertex 2.24358 9.09789 6
      vertex 2.22444 9.19411 7
      vertex 2.22444 9.19411 6
    endloop
  endfacet
  facet normal -0.980784 -0.195097 0
    outer loop
      vertex 2.22444 9.19411 7
      vertex 2.24358 9.09789 6
      vertex 2.24358 9.09789 7
    endloop
  endfacet
  facet normal -0.751869 -0.659312 0
    outer loop
      vertex 2.09501 9.45657 6
      vertex 2.03033 9.53033 7
      vertex 2.03033 9.53033 6
    endloop
  endfacet
  facet normal -0.751869 -0.659312 0
    outer loop
      vertex 2.03033 9.53033 7
      vertex 2.09501 9.45657 6
      vertex 2.09501 9.45657 7
    endloop
  endfacet
  facet normal -0.831438 -0.555617 0
    outer loop
      vertex 2.14952 9.375 6
      vertex 2.09501 9.45657 7
      vertex 2.09501 9.45657 6
    endloop
  endfacet
  facet normal -0.831438 -0.555617 0
    outer loop
      vertex 2.09501 9.45657 7
      vertex 2.14952 9.375 6
      vertex 2.14952 9.375 7
    endloop
  endfacet
  facet normal -0.195097 -0.980784 0
    outer loop
      vertex 1.59789 9.74358 6
      vertex 1.69411 9.72444 7
      vertex 1.59789 9.74358 7
    endloop
  endfacet
  facet normal -0.195097 -0.980784 -0
    outer loop
      vertex 1.69411 9.72444 7
      vertex 1.59789 9.74358 6
      vertex 1.69411 9.72444 6
    endloop
  endfacet
  facet normal -0.0654432 -0.997856 0
    outer loop
      vertex 1.5 9.75 6
      vertex 1.59789 9.74358 7
      vertex 1.5 9.75 7
    endloop
  endfacet
  facet normal -0.0654432 -0.997856 -0
    outer loop
      vertex 1.59789 9.74358 7
      vertex 1.5 9.75 6
      vertex 1.59789 9.74358 6
    endloop
  endfacet
  facet normal -0.442273 -0.89688 0
    outer loop
      vertex 1.78701 9.69291 6
      vertex 1.875 9.64952 7
      vertex 1.78701 9.69291 7
    endloop
  endfacet
  facet normal -0.442273 -0.89688 -0
    outer loop
      vertex 1.875 9.64952 7
      vertex 1.78701 9.69291 6
      vertex 1.875 9.64952 6
    endloop
  endfacet
  facet normal 0.89688 -0.442273 0
    outer loop
      vertex 0.80709 9.28701 7
      vertex 0.85048 9.375 6
      vertex 0.85048 9.375 7
    endloop
  endfacet
  facet normal 0.89688 -0.442273 0
    outer loop
      vertex 0.85048 9.375 6
      vertex 0.80709 9.28701 7
      vertex 0.80709 9.28701 6
    endloop
  endfacet
  facet normal 0.980784 -0.195097 0
    outer loop
      vertex 0.756416 9.09789 7
      vertex 0.775556 9.19411 6
      vertex 0.775556 9.19411 7
    endloop
  endfacet
  facet normal 0.980784 -0.195097 0
    outer loop
      vertex 0.775556 9.19411 6
      vertex 0.756416 9.09789 7
      vertex 0.756416 9.09789 6
    endloop
  endfacet
  facet normal 0.997859 -0.0654026 0
    outer loop
      vertex 0.75 9 7
      vertex 0.756416 9.09789 6
      vertex 0.756416 9.09789 7
    endloop
  endfacet
  facet normal 0.997859 -0.0654026 0
    outer loop
      vertex 0.756416 9.09789 6
      vertex 0.75 9 7
      vertex 0.75 9 6
    endloop
  endfacet
  facet normal 0.997859 0.0654026 0
    outer loop
      vertex 0.756416 8.90211 7
      vertex 0.75 9 6
      vertex 0.75 9 7
    endloop
  endfacet
  facet normal 0.997859 0.0654026 0
    outer loop
      vertex 0.75 9 6
      vertex 0.756416 8.90211 7
      vertex 0.756416 8.90211 6
    endloop
  endfacet
  facet normal 0.555617 -0.831438 0
    outer loop
      vertex 1.04343 9.59501 6
      vertex 1.125 9.64952 7
      vertex 1.04343 9.59501 7
    endloop
  endfacet
  facet normal 0.555617 -0.831438 0
    outer loop
      vertex 1.125 9.64952 7
      vertex 1.04343 9.59501 6
      vertex 1.125 9.64952 6
    endloop
  endfacet
  facet normal 0.659307 -0.751873 0
    outer loop
      vertex 0.969669 9.53033 6
      vertex 1.04343 9.59501 7
      vertex 0.969669 9.53033 7
    endloop
  endfacet
  facet normal 0.659307 -0.751873 0
    outer loop
      vertex 1.04343 9.59501 7
      vertex 0.969669 9.53033 6
      vertex 1.04343 9.59501 6
    endloop
  endfacet
  facet normal 0.195097 -0.980784 0
    outer loop
      vertex 1.30589 9.72444 6
      vertex 1.40211 9.74358 7
      vertex 1.30589 9.72444 7
    endloop
  endfacet
  facet normal 0.195097 -0.980784 0
    outer loop
      vertex 1.40211 9.74358 7
      vertex 1.30589 9.72444 6
      vertex 1.40211 9.74358 6
    endloop
  endfacet
  facet normal -0.997856 0.0654432 0
    outer loop
      vertex 2.24358 8.90211 6
      vertex 2.25 9 7
      vertex 2.25 9 6
    endloop
  endfacet
  facet normal -0.997856 0.0654432 0
    outer loop
      vertex 2.25 9 7
      vertex 2.24358 8.90211 6
      vertex 2.24358 8.90211 7
    endloop
  endfacet
  facet normal -0.946947 0.321391 0
    outer loop
      vertex 2.19291 8.71299 6
      vertex 2.22444 8.80589 7
      vertex 2.22444 8.80589 6
    endloop
  endfacet
  facet normal -0.946947 0.321391 0
    outer loop
      vertex 2.22444 8.80589 7
      vertex 2.19291 8.71299 6
      vertex 2.19291 8.71299 7
    endloop
  endfacet
  facet normal -0.980784 0.195097 0
    outer loop
      vertex 2.22444 8.80589 6
      vertex 2.24358 8.90211 7
      vertex 2.24358 8.90211 6
    endloop
  endfacet
  facet normal -0.980784 0.195097 0
    outer loop
      vertex 2.24358 8.90211 7
      vertex 2.22444 8.80589 6
      vertex 2.22444 8.80589 7
    endloop
  endfacet
  facet normal -0.555547 0.831485 0
    outer loop
      vertex 1.95657 8.40498 6
      vertex 1.875 8.35048 7
      vertex 1.95657 8.40498 7
    endloop
  endfacet
  facet normal -0.555547 0.831485 0
    outer loop
      vertex 1.875 8.35048 7
      vertex 1.95657 8.40498 6
      vertex 1.875 8.35048 6
    endloop
  endfacet
  facet normal -0.831438 0.555617 0
    outer loop
      vertex 2.09501 8.54343 6
      vertex 2.14952 8.625 7
      vertex 2.14952 8.625 6
    endloop
  endfacet
  facet normal -0.831438 0.555617 0
    outer loop
      vertex 2.14952 8.625 7
      vertex 2.09501 8.54343 6
      vertex 2.09501 8.54343 7
    endloop
  endfacet
  facet normal 0.659365 0.751823 -0
    outer loop
      vertex 1.04343 8.40498 6
      vertex 0.969669 8.46967 7
      vertex 1.04343 8.40498 7
    endloop
  endfacet
  facet normal 0.659365 0.751823 0
    outer loop
      vertex 0.969669 8.46967 7
      vertex 1.04343 8.40498 6
      vertex 0.969669 8.46967 6
    endloop
  endfacet
  facet normal 0.831466 0.555575 0
    outer loop
      vertex 0.904984 8.54343 7
      vertex 0.85048 8.625 6
      vertex 0.85048 8.625 7
    endloop
  endfacet
  facet normal 0.831466 0.555575 0
    outer loop
      vertex 0.85048 8.625 6
      vertex 0.904984 8.54343 7
      vertex 0.904984 8.54343 6
    endloop
  endfacet
  facet normal -0.751869 0.659312 0
    outer loop
      vertex 2.03033 8.46967 6
      vertex 2.09501 8.54343 7
      vertex 2.09501 8.54343 6
    endloop
  endfacet
  facet normal -0.751869 0.659312 0
    outer loop
      vertex 2.09501 8.54343 7
      vertex 2.03033 8.46967 6
      vertex 2.03033 8.46967 7
    endloop
  endfacet
  facet normal -0.442273 0.89688 0
    outer loop
      vertex 1.875 8.35048 6
      vertex 1.78701 8.30709 7
      vertex 1.875 8.35048 7
    endloop
  endfacet
  facet normal -0.442273 0.89688 0
    outer loop
      vertex 1.78701 8.30709 7
      vertex 1.875 8.35048 6
      vertex 1.78701 8.30709 6
    endloop
  endfacet
  facet normal -0.321391 0.946947 0
    outer loop
      vertex 1.78701 8.30709 6
      vertex 1.69411 8.27556 7
      vertex 1.78701 8.30709 7
    endloop
  endfacet
  facet normal -0.321391 0.946947 0
    outer loop
      vertex 1.69411 8.27556 7
      vertex 1.78701 8.30709 6
      vertex 1.69411 8.27556 6
    endloop
  endfacet
  facet normal -0.89688 0.442273 0
    outer loop
      vertex 2.14952 8.625 6
      vertex 2.19291 8.71299 7
      vertex 2.19291 8.71299 6
    endloop
  endfacet
  facet normal -0.89688 0.442273 0
    outer loop
      vertex 2.19291 8.71299 7
      vertex 2.14952 8.625 6
      vertex 2.14952 8.625 7
    endloop
  endfacet
  facet normal 0.321391 0.946947 -0
    outer loop
      vertex 1.30589 8.27556 6
      vertex 1.21299 8.30709 7
      vertex 1.30589 8.27556 7
    endloop
  endfacet
  facet normal 0.321391 0.946947 0
    outer loop
      vertex 1.21299 8.30709 7
      vertex 1.30589 8.27556 6
      vertex 1.21299 8.30709 6
    endloop
  endfacet
  facet normal 0.195097 0.980784 -0
    outer loop
      vertex 1.40211 8.25642 6
      vertex 1.30589 8.27556 7
      vertex 1.40211 8.25642 7
    endloop
  endfacet
  facet normal 0.195097 0.980784 0
    outer loop
      vertex 1.30589 8.27556 7
      vertex 1.40211 8.25642 6
      vertex 1.30589 8.27556 6
    endloop
  endfacet
  facet normal 0.946934 0.321428 0
    outer loop
      vertex 0.80709 8.71299 7
      vertex 0.775556 8.80589 6
      vertex 0.775556 8.80589 7
    endloop
  endfacet
  facet normal 0.946934 0.321428 0
    outer loop
      vertex 0.775556 8.80589 6
      vertex 0.80709 8.71299 7
      vertex 0.80709 8.71299 6
    endloop
  endfacet
  facet normal 0.980784 0.195097 0
    outer loop
      vertex 0.775556 8.80589 7
      vertex 0.756416 8.90211 6
      vertex 0.756416 8.90211 7
    endloop
  endfacet
  facet normal 0.980784 0.195097 0
    outer loop
      vertex 0.756416 8.90211 6
      vertex 0.775556 8.80589 7
      vertex 0.775556 8.80589 6
    endloop
  endfacet
  facet normal -0.65937 0.751819 0
    outer loop
      vertex 2.03033 8.46967 6
      vertex 1.95657 8.40498 7
      vertex 2.03033 8.46967 7
    endloop
  endfacet
  facet normal -0.65937 0.751819 0
    outer loop
      vertex 1.95657 8.40498 7
      vertex 2.03033 8.46967 6
      vertex 1.95657 8.40498 6
    endloop
  endfacet
  facet normal 0.555547 0.831485 -0
    outer loop
      vertex 1.125 8.35048 6
      vertex 1.04343 8.40498 7
      vertex 1.125 8.35048 7
    endloop
  endfacet
  facet normal 0.555547 0.831485 0
    outer loop
      vertex 1.04343 8.40498 7
      vertex 1.125 8.35048 6
      vertex 1.04343 8.40498 6
    endloop
  endfacet
  facet normal 0.442273 0.89688 -0
    outer loop
      vertex 1.21299 8.30709 6
      vertex 1.125 8.35048 7
      vertex 1.21299 8.30709 7
    endloop
  endfacet
  facet normal 0.442273 0.89688 0
    outer loop
      vertex 1.125 8.35048 7
      vertex 1.21299 8.30709 6
      vertex 1.125 8.35048 6
    endloop
  endfacet
  facet normal 0.0654432 0.997856 -0
    outer loop
      vertex 1.5 8.25 6
      vertex 1.40211 8.25642 7
      vertex 1.5 8.25 7
    endloop
  endfacet
  facet normal 0.0654432 0.997856 0
    outer loop
      vertex 1.40211 8.25642 7
      vertex 1.5 8.25 6
      vertex 1.40211 8.25642 6
    endloop
  endfacet
  facet normal 0.751844 0.659341 0
    outer loop
      vertex 0.969669 8.46967 7
      vertex 0.904984 8.54343 6
      vertex 0.904984 8.54343 7
    endloop
  endfacet
  facet normal 0.751844 0.659341 0
    outer loop
      vertex 0.904984 8.54343 6
      vertex 0.969669 8.46967 7
      vertex 0.969669 8.46967 6
    endloop
  endfacet
  facet normal -0.99787 -0.0652402 0
    outer loop
      vertex 21.75 9 6
      vertex 21.7436 9.09789 7
      vertex 21.7436 9.09789 6
    endloop
  endfacet
  facet normal -0.99787 -0.0652402 0
    outer loop
      vertex 21.7436 9.09789 7
      vertex 21.75 9 6
      vertex 21.75 9 7
    endloop
  endfacet
  facet normal 0.0654366 -0.997857 0
    outer loop
      vertex 20.9021 9.74358 6
      vertex 21 9.75 7
      vertex 20.9021 9.74358 7
    endloop
  endfacet
  facet normal 0.0654366 -0.997857 0
    outer loop
      vertex 21 9.75 7
      vertex 20.9021 9.74358 6
      vertex 21 9.75 6
    endloop
  endfacet
  facet normal -0.0654366 0.997857 0
    outer loop
      vertex 21.0979 8.25642 6
      vertex 21 8.25 7
      vertex 21.0979 8.25642 7
    endloop
  endfacet
  facet normal -0.0654366 0.997857 0
    outer loop
      vertex 21 8.25 7
      vertex 21.0979 8.25642 6
      vertex 21 8.25 6
    endloop
  endfacet
  facet normal -0.751768 0.659428 0
    outer loop
      vertex 21.5303 8.46967 6
      vertex 21.595 8.54343 7
      vertex 21.595 8.54343 6
    endloop
  endfacet
  facet normal -0.751768 0.659428 0
    outer loop
      vertex 21.595 8.54343 7
      vertex 21.5303 8.46967 6
      vertex 21.5303 8.46967 7
    endloop
  endfacet
  facet normal -0.659616 -0.751603 0
    outer loop
      vertex 21.4566 9.59501 6
      vertex 21.5303 9.53033 7
      vertex 21.4566 9.59501 7
    endloop
  endfacet
  facet normal -0.659616 -0.751603 -0
    outer loop
      vertex 21.5303 9.53033 7
      vertex 21.4566 9.59501 6
      vertex 21.5303 9.53033 6
    endloop
  endfacet
  facet normal 0.751768 -0.659428 0
    outer loop
      vertex 20.405 9.45657 7
      vertex 20.4697 9.53033 6
      vertex 20.4697 9.53033 7
    endloop
  endfacet
  facet normal 0.751768 -0.659428 0
    outer loop
      vertex 20.4697 9.53033 6
      vertex 20.405 9.45657 7
      vertex 20.405 9.45657 6
    endloop
  endfacet
  facet normal 0.442233 -0.8969 0
    outer loop
      vertex 20.625 9.64952 6
      vertex 20.713 9.69291 7
      vertex 20.625 9.64952 7
    endloop
  endfacet
  facet normal 0.442233 -0.8969 0
    outer loop
      vertex 20.713 9.69291 7
      vertex 20.625 9.64952 6
      vertex 20.713 9.69291 6
    endloop
  endfacet
  facet normal -0.89684 -0.442355 0
    outer loop
      vertex 21.6929 9.28701 6
      vertex 21.6495 9.375 7
      vertex 21.6495 9.375 6
    endloop
  endfacet
  facet normal -0.89684 -0.442355 0
    outer loop
      vertex 21.6495 9.375 7
      vertex 21.6929 9.28701 6
      vertex 21.6929 9.28701 7
    endloop
  endfacet
  facet normal -0.321391 -0.946947 0
    outer loop
      vertex 21.1941 9.72444 6
      vertex 21.287 9.69291 7
      vertex 21.1941 9.72444 7
    endloop
  endfacet
  facet normal -0.321391 -0.946947 -0
    outer loop
      vertex 21.287 9.69291 7
      vertex 21.1941 9.72444 6
      vertex 21.287 9.69291 6
    endloop
  endfacet
  facet normal -0.555476 -0.831533 0
    outer loop
      vertex 21.375 9.64952 6
      vertex 21.4566 9.59501 7
      vertex 21.375 9.64952 7
    endloop
  endfacet
  facet normal -0.555476 -0.831533 -0
    outer loop
      vertex 21.4566 9.59501 7
      vertex 21.375 9.64952 6
      vertex 21.4566 9.59501 6
    endloop
  endfacet
  facet normal 0.89684 -0.442355 0
    outer loop
      vertex 20.3071 9.28701 7
      vertex 20.3505 9.375 6
      vertex 20.3505 9.375 7
    endloop
  endfacet
  facet normal 0.89684 -0.442355 0
    outer loop
      vertex 20.3505 9.375 6
      vertex 20.3071 9.28701 7
      vertex 20.3071 9.28701 6
    endloop
  endfacet
  facet normal 0 0 1
    outer loop
      vertex 21.7436 9.09789 6
      vertex 21.7436 8.90211 6
      vertex 21.75 9 6
    endloop
  endfacet
  facet normal 0 0 1
    outer loop
      vertex 21.7244 9.19411 6
      vertex 21.7436 8.90211 6
      vertex 21.7436 9.09789 6
    endloop
  endfacet
  facet normal 0 0 1
    outer loop
      vertex 21.7244 9.19411 6
      vertex 21.7244 8.80589 6
      vertex 21.7436 8.90211 6
    endloop
  endfacet
  facet normal 0 0 1
    outer loop
      vertex 21.6929 9.28701 6
      vertex 21.7244 8.80589 6
      vertex 21.7244 9.19411 6
    endloop
  endfacet
  facet normal 0 0 1
    outer loop
      vertex 21.6929 9.28701 6
      vertex 21.6929 8.71299 6
      vertex 21.7244 8.80589 6
    endloop
  endfacet
  facet normal 0 0 1
    outer loop
      vertex 21.6495 9.375 6
      vertex 21.6929 8.71299 6
      vertex 21.6929 9.28701 6
    endloop
  endfacet
  facet normal 0 0 1
    outer loop
      vertex 21.6495 9.375 6
      vertex 21.6495 8.625 6
      vertex 21.6929 8.71299 6
    endloop
  endfacet
  facet normal 0 0 1
    outer loop
      vertex 21.595 9.45657 6
      vertex 21.6495 8.625 6
      vertex 21.6495 9.375 6
    endloop
  endfacet
  facet normal 0 0 1
    outer loop
      vertex 21.595 9.45657 6
      vertex 21.595 8.54343 6
      vertex 21.6495 8.625 6
    endloop
  endfacet
  facet normal 0 0 1
    outer loop
      vertex 21.5303 9.53033 6
      vertex 21.595 8.54343 6
      vertex 21.595 9.45657 6
    endloop
  endfacet
  facet normal 0 0 1
    outer loop
      vertex 21.5303 9.53033 6
      vertex 21.5303 8.46967 6
      vertex 21.595 8.54343 6
    endloop
  endfacet
  facet normal 0 0 1
    outer loop
      vertex 21.4566 9.59501 6
      vertex 21.5303 8.46967 6
      vertex 21.5303 9.53033 6
    endloop
  endfacet
  facet normal 0 0 1
    outer loop
      vertex 21.4566 9.59501 6
      vertex 21.4566 8.40498 6
      vertex 21.5303 8.46967 6
    endloop
  endfacet
  facet normal 0 0 1
    outer loop
      vertex 21.375 9.64952 6
      vertex 21.4566 8.40498 6
      vertex 21.4566 9.59501 6
    endloop
  endfacet
  facet normal 0 0 1
    outer loop
      vertex 21.375 9.64952 6
      vertex 21.375 8.35048 6
      vertex 21.4566 8.40498 6
    endloop
  endfacet
  facet normal 0 0 1
    outer loop
      vertex 21.287 9.69291 6
      vertex 21.375 8.35048 6
      vertex 21.375 9.64952 6
    endloop
  endfacet
  facet normal 0 0 1
    outer loop
      vertex 21.287 9.69291 6
      vertex 21.287 8.30709 6
      vertex 21.375 8.35048 6
    endloop
  endfacet
  facet normal 0 0 1
    outer loop
      vertex 21.1941 9.72444 6
      vertex 21.287 8.30709 6
      vertex 21.287 9.69291 6
    endloop
  endfacet
  facet normal 0 0 1
    outer loop
      vertex 21.1941 9.72444 6
      vertex 21.1941 8.27556 6
      vertex 21.287 8.30709 6
    endloop
  endfacet
  facet normal 0 0 1
    outer loop
      vertex 21.0979 9.74358 6
      vertex 21.1941 8.27556 6
      vertex 21.1941 9.72444 6
    endloop
  endfacet
  facet normal 0 0 1
    outer loop
      vertex 21.0979 9.74358 6
      vertex 21.0979 8.25642 6
      vertex 21.1941 8.27556 6
    endloop
  endfacet
  facet normal 0 0 1
    outer loop
      vertex 21 9.75 6
      vertex 21.0979 8.25642 6
      vertex 21.0979 9.74358 6
    endloop
  endfacet
  facet normal 0 0 1
    outer loop
      vertex 21 9.75 6
      vertex 21 8.25 6
      vertex 21.0979 8.25642 6
    endloop
  endfacet
  facet normal -0 0 1
    outer loop
      vertex 20.9021 9.74358 6
      vertex 21 8.25 6
      vertex 21 9.75 6
    endloop
  endfacet
  facet normal 0 0 1
    outer loop
      vertex 20.9021 9.74358 6
      vertex 20.9021 8.25642 6
      vertex 21 8.25 6
    endloop
  endfacet
  facet normal -0 0 1
    outer loop
      vertex 20.8059 9.72444 6
      vertex 20.9021 8.25642 6
      vertex 20.9021 9.74358 6
    endloop
  endfacet
  facet normal 0 0 1
    outer loop
      vertex 20.8059 9.72444 6
      vertex 20.8059 8.27556 6
      vertex 20.9021 8.25642 6
    endloop
  endfacet
  facet normal -0 0 1
    outer loop
      vertex 20.713 9.69291 6
      vertex 20.8059 8.27556 6
      vertex 20.8059 9.72444 6
    endloop
  endfacet
  facet normal 0 0 1
    outer loop
      vertex 20.713 9.69291 6
      vertex 20.713 8.30709 6
      vertex 20.8059 8.27556 6
    endloop
  endfacet
  facet normal -0 0 1
    outer loop
      vertex 20.625 9.64952 6
      vertex 20.713 8.30709 6
      vertex 20.713 9.69291 6
    endloop
  endfacet
  facet normal 0 0 1
    outer loop
      vertex 20.625 9.64952 6
      vertex 20.625 8.35048 6
      vertex 20.713 8.30709 6
    endloop
  endfacet
  facet normal -0 0 1
    outer loop
      vertex 20.5434 9.59501 6
      vertex 20.625 8.35048 6
      vertex 20.625 9.64952 6
    endloop
  endfacet
  facet normal 0 0 1
    outer loop
      vertex 20.5434 9.59501 6
      vertex 20.5434 8.40498 6
      vertex 20.625 8.35048 6
    endloop
  endfacet
  facet normal -0 0 1
    outer loop
      vertex 20.4697 9.53033 6
      vertex 20.5434 8.40498 6
      vertex 20.5434 9.59501 6
    endloop
  endfacet
  facet normal 0 0 1
    outer loop
      vertex 20.4697 9.53033 6
      vertex 20.4697 8.46967 6
      vertex 20.5434 8.40498 6
    endloop
  endfacet
  facet normal -0 0 1
    outer loop
      vertex 20.405 9.45657 6
      vertex 20.4697 8.46967 6
      vertex 20.4697 9.53033 6
    endloop
  endfacet
  facet normal 0 0 1
    outer loop
      vertex 20.405 9.45657 6
      vertex 20.405 8.54343 6
      vertex 20.4697 8.46967 6
    endloop
  endfacet
  facet normal -0 0 1
    outer loop
      vertex 20.3505 9.375 6
      vertex 20.405 8.54343 6
      vertex 20.405 9.45657 6
    endloop
  endfacet
  facet normal 0 0 1
    outer loop
      vertex 20.3505 9.375 6
      vertex 20.3505 8.625 6
      vertex 20.405 8.54343 6
    endloop
  endfacet
  facet normal -0 0 1
    outer loop
      vertex 20.3071 9.28701 6
      vertex 20.3505 8.625 6
      vertex 20.3505 9.375 6
    endloop
  endfacet
  facet normal 0 0 1
    outer loop
      vertex 20.3071 9.28701 6
      vertex 20.3071 8.71299 6
      vertex 20.3505 8.625 6
    endloop
  endfacet
  facet normal -0 0 1
    outer loop
      vertex 20.2756 9.19411 6
      vertex 20.3071 8.71299 6
      vertex 20.3071 9.28701 6
    endloop
  endfacet
  facet normal 0 0 1
    outer loop
      vertex 20.2756 9.19411 6
      vertex 20.2756 8.80589 6
      vertex 20.3071 8.71299 6
    endloop
  endfacet
  facet normal -0 0 1
    outer loop
      vertex 20.2564 9.09789 6
      vertex 20.2756 8.80589 6
      vertex 20.2756 9.19411 6
    endloop
  endfacet
  facet normal 0 0 1
    outer loop
      vertex 20.2564 9.09789 6
      vertex 20.2564 8.90211 6
      vertex 20.2756 8.80589 6
    endloop
  endfacet
  facet normal 0 -0 1
    outer loop
      vertex 20.2564 8.90211 6
      vertex 20.2564 9.09789 6
      vertex 20.25 9 6
    endloop
  endfacet
  facet normal 0.831485 -0.555547 0
    outer loop
      vertex 20.3505 9.375 7
      vertex 20.405 9.45657 6
      vertex 20.405 9.45657 7
    endloop
  endfacet
  facet normal 0.831485 -0.555547 0
    outer loop
      vertex 20.405 9.45657 6
      vertex 20.3505 9.375 7
      vertex 20.3505 9.375 6
    endloop
  endfacet
  facet normal 0.659616 -0.751603 0
    outer loop
      vertex 20.4697 9.53033 6
      vertex 20.5434 9.59501 7
      vertex 20.4697 9.53033 7
    endloop
  endfacet
  facet normal 0.659616 -0.751603 0
    outer loop
      vertex 20.5434 9.59501 7
      vertex 20.4697 9.53033 6
      vertex 20.5434 9.59501 6
    endloop
  endfacet
  facet normal 0.321391 -0.946947 0
    outer loop
      vertex 20.713 9.69291 6
      vertex 20.8059 9.72444 7
      vertex 20.713 9.69291 7
    endloop
  endfacet
  facet normal 0.321391 -0.946947 0
    outer loop
      vertex 20.8059 9.72444 7
      vertex 20.713 9.69291 6
      vertex 20.8059 9.72444 6
    endloop
  endfacet
  facet normal 0.89684 0.442355 0
    outer loop
      vertex 20.3505 8.625 7
      vertex 20.3071 8.71299 6
      vertex 20.3071 8.71299 7
    endloop
  endfacet
  facet normal 0.89684 0.442355 0
    outer loop
      vertex 20.3071 8.71299 6
      vertex 20.3505 8.625 7
      vertex 20.3505 8.625 6
    endloop
  endfacet
  facet normal -0.195136 0.980776 0
    outer loop
      vertex 21.1941 8.27556 6
      vertex 21.0979 8.25642 7
      vertex 21.1941 8.27556 7
    endloop
  endfacet
  facet normal -0.195136 0.980776 0
    outer loop
      vertex 21.0979 8.25642 7
      vertex 21.1941 8.27556 6
      vertex 21.0979 8.25642 6
    endloop
  endfacet
  facet normal -0.94704 -0.321117 0
    outer loop
      vertex 21.7244 9.19411 6
      vertex 21.6929 9.28701 7
      vertex 21.6929 9.28701 6
    endloop
  endfacet
  facet normal -0.94704 -0.321117 0
    outer loop
      vertex 21.6929 9.28701 7
      vertex 21.7244 9.19411 6
      vertex 21.7244 9.19411 7
    endloop
  endfacet
  facet normal -0.980667 -0.195685 0
    outer loop
      vertex 21.7436 9.09789 6
      vertex 21.7244 9.19411 7
      vertex 21.7244 9.19411 6
    endloop
  endfacet
  facet normal -0.980667 -0.195685 0
    outer loop
      vertex 21.7244 9.19411 7
      vertex 21.7436 9.09789 6
      vertex 21.7436 9.09789 7
    endloop
  endfacet
  facet normal -0.751768 -0.659428 0
    outer loop
      vertex 21.595 9.45657 6
      vertex 21.5303 9.53033 7
      vertex 21.5303 9.53033 6
    endloop
  endfacet
  facet normal -0.751768 -0.659428 0
    outer loop
      vertex 21.5303 9.53033 7
      vertex 21.595 9.45657 6
      vertex 21.595 9.45657 7
    endloop
  endfacet
  facet normal -0.831485 -0.555547 0
    outer loop
      vertex 21.6495 9.375 6
      vertex 21.595 9.45657 7
      vertex 21.595 9.45657 6
    endloop
  endfacet
  facet normal -0.831485 -0.555547 0
    outer loop
      vertex 21.595 9.45657 7
      vertex 21.6495 9.375 6
      vertex 21.6495 9.375 7
    endloop
  endfacet
  facet normal -0.195136 -0.980776 0
    outer loop
      vertex 21.0979 9.74358 6
      vertex 21.1941 9.72444 7
      vertex 21.0979 9.74358 7
    endloop
  endfacet
  facet normal -0.195136 -0.980776 -0
    outer loop
      vertex 21.1941 9.72444 7
      vertex 21.0979 9.74358 6
      vertex 21.1941 9.72444 6
    endloop
  endfacet
  facet normal -0.0654366 -0.997857 0
    outer loop
      vertex 21 9.75 6
      vertex 21.0979 9.74358 7
      vertex 21 9.75 7
    endloop
  endfacet
  facet normal -0.0654366 -0.997857 -0
    outer loop
      vertex 21.0979 9.74358 7
      vertex 21 9.75 6
      vertex 21.0979 9.74358 6
    endloop
  endfacet
  facet normal 0.94704 -0.321117 0
    outer loop
      vertex 20.2756 9.19411 7
      vertex 20.3071 9.28701 6
      vertex 20.3071 9.28701 7
    endloop
  endfacet
  facet normal 0.94704 -0.321117 0
    outer loop
      vertex 20.3071 9.28701 6
      vertex 20.2756 9.19411 7
      vertex 20.2756 9.19411 6
    endloop
  endfacet
  facet normal 0.99787 -0.0652402 0
    outer loop
      vertex 20.25 9 7
      vertex 20.2564 9.09789 6
      vertex 20.2564 9.09789 7
    endloop
  endfacet
  facet normal 0.99787 -0.0652402 0
    outer loop
      vertex 20.2564 9.09789 6
      vertex 20.25 9 7
      vertex 20.25 9 6
    endloop
  endfacet
  facet normal 0.99787 0.0652402 0
    outer loop
      vertex 20.2564 8.90211 7
      vertex 20.25 9 6
      vertex 20.25 9 7
    endloop
  endfacet
  facet normal 0.99787 0.0652402 0
    outer loop
      vertex 20.25 9 6
      vertex 20.2564 8.90211 7
      vertex 20.2564 8.90211 6
    endloop
  endfacet
  facet normal 0.555476 -0.831533 0
    outer loop
      vertex 20.5434 9.59501 6
      vertex 20.625 9.64952 7
      vertex 20.5434 9.59501 7
    endloop
  endfacet
  facet normal 0.555476 -0.831533 0
    outer loop
      vertex 20.625 9.64952 7
      vertex 20.5434 9.59501 6
      vertex 20.625 9.64952 6
    endloop
  endfacet
  facet normal 0.195136 -0.980776 0
    outer loop
      vertex 20.8059 9.72444 6
      vertex 20.9021 9.74358 7
      vertex 20.8059 9.72444 7
    endloop
  endfacet
  facet normal 0.195136 -0.980776 0
    outer loop
      vertex 20.9021 9.74358 7
      vertex 20.8059 9.72444 6
      vertex 20.9021 9.74358 6
    endloop
  endfacet
  facet normal -0.99787 0.0652402 0
    outer loop
      vertex 21.7436 8.90211 6
      vertex 21.75 9 7
      vertex 21.75 9 6
    endloop
  endfacet
  facet normal -0.99787 0.0652402 0
    outer loop
      vertex 21.75 9 7
      vertex 21.7436 8.90211 6
      vertex 21.7436 8.90211 7
    endloop
  endfacet
  facet normal -0.94704 0.321117 0
    outer loop
      vertex 21.6929 8.71299 6
      vertex 21.7244 8.80589 7
      vertex 21.7244 8.80589 6
    endloop
  endfacet
  facet normal -0.94704 0.321117 0
    outer loop
      vertex 21.7244 8.80589 7
      vertex 21.6929 8.71299 6
      vertex 21.6929 8.71299 7
    endloop
  endfacet
  facet normal -0.980667 0.195685 0
    outer loop
      vertex 21.7244 8.80589 6
      vertex 21.7436 8.90211 7
      vertex 21.7436 8.90211 6
    endloop
  endfacet
  facet normal -0.980667 0.195685 0
    outer loop
      vertex 21.7436 8.90211 7
      vertex 21.7244 8.80589 6
      vertex 21.7244 8.80589 7
    endloop
  endfacet
  facet normal 0.980667 0.195685 0
    outer loop
      vertex 20.2756 8.80589 7
      vertex 20.2564 8.90211 6
      vertex 20.2564 8.90211 7
    endloop
  endfacet
  facet normal 0.980667 0.195685 0
    outer loop
      vertex 20.2564 8.90211 6
      vertex 20.2756 8.80589 7
      vertex 20.2756 8.80589 6
    endloop
  endfacet
  facet normal -0.659673 0.751552 0
    outer loop
      vertex 21.5303 8.46967 6
      vertex 21.4566 8.40498 7
      vertex 21.5303 8.46967 7
    endloop
  endfacet
  facet normal -0.659673 0.751552 0
    outer loop
      vertex 21.4566 8.40498 7
      vertex 21.5303 8.46967 6
      vertex 21.4566 8.40498 6
    endloop
  endfacet
  facet normal -0.442233 0.8969 0
    outer loop
      vertex 21.375 8.35048 6
      vertex 21.287 8.30709 7
      vertex 21.375 8.35048 7
    endloop
  endfacet
  facet normal -0.442233 0.8969 0
    outer loop
      vertex 21.287 8.30709 7
      vertex 21.375 8.35048 6
      vertex 21.287 8.30709 6
    endloop
  endfacet
  facet normal -0.442233 -0.8969 0
    outer loop
      vertex 21.287 9.69291 6
      vertex 21.375 9.64952 7
      vertex 21.287 9.69291 7
    endloop
  endfacet
  facet normal -0.442233 -0.8969 -0
    outer loop
      vertex 21.375 9.64952 7
      vertex 21.287 9.69291 6
      vertex 21.375 9.64952 6
    endloop
  endfacet
  facet normal 0.980667 -0.195685 0
    outer loop
      vertex 20.2564 9.09789 7
      vertex 20.2756 9.19411 6
      vertex 20.2756 9.19411 7
    endloop
  endfacet
  facet normal 0.980667 -0.195685 0
    outer loop
      vertex 20.2756 9.19411 6
      vertex 20.2564 9.09789 7
      vertex 20.2564 9.09789 6
    endloop
  endfacet
  facet normal 0.321391 0.946947 -0
    outer loop
      vertex 20.8059 8.27556 6
      vertex 20.713 8.30709 7
      vertex 20.8059 8.27556 7
    endloop
  endfacet
  facet normal 0.321391 0.946947 0
    outer loop
      vertex 20.713 8.30709 7
      vertex 20.8059 8.27556 6
      vertex 20.713 8.30709 6
    endloop
  endfacet
  facet normal 0.659673 0.751552 -0
    outer loop
      vertex 20.5434 8.40498 6
      vertex 20.4697 8.46967 7
      vertex 20.5434 8.40498 7
    endloop
  endfacet
  facet normal 0.659673 0.751552 0
    outer loop
      vertex 20.4697 8.46967 7
      vertex 20.5434 8.40498 6
      vertex 20.4697 8.46967 6
    endloop
  endfacet
  facet normal -0.555406 0.83158 0
    outer loop
      vertex 21.4566 8.40498 6
      vertex 21.375 8.35048 7
      vertex 21.4566 8.40498 7
    endloop
  endfacet
  facet normal -0.555406 0.83158 0
    outer loop
      vertex 21.375 8.35048 7
      vertex 21.4566 8.40498 6
      vertex 21.375 8.35048 6
    endloop
  endfacet
  facet normal -0.321391 0.946947 0
    outer loop
      vertex 21.287 8.30709 6
      vertex 21.1941 8.27556 7
      vertex 21.287 8.30709 7
    endloop
  endfacet
  facet normal -0.321391 0.946947 0
    outer loop
      vertex 21.1941 8.27556 7
      vertex 21.287 8.30709 6
      vertex 21.1941 8.27556 6
    endloop
  endfacet
  facet normal -0.89684 0.442355 0
    outer loop
      vertex 21.6495 8.625 6
      vertex 21.6929 8.71299 7
      vertex 21.6929 8.71299 6
    endloop
  endfacet
  facet normal -0.89684 0.442355 0
    outer loop
      vertex 21.6929 8.71299 7
      vertex 21.6495 8.625 6
      vertex 21.6495 8.625 7
    endloop
  endfacet
  facet normal -0.831485 0.555547 0
    outer loop
      vertex 21.595 8.54343 6
      vertex 21.6495 8.625 7
      vertex 21.6495 8.625 6
    endloop
  endfacet
  facet normal -0.831485 0.555547 0
    outer loop
      vertex 21.6495 8.625 7
      vertex 21.595 8.54343 6
      vertex 21.595 8.54343 7
    endloop
  endfacet
  facet normal 0.195136 0.980776 -0
    outer loop
      vertex 20.9021 8.25642 6
      vertex 20.8059 8.27556 7
      vertex 20.9021 8.25642 7
    endloop
  endfacet
  facet normal 0.195136 0.980776 0
    outer loop
      vertex 20.8059 8.27556 7
      vertex 20.9021 8.25642 6
      vertex 20.8059 8.27556 6
    endloop
  endfacet
  facet normal 0.831485 0.555547 0
    outer loop
      vertex 20.405 8.54343 7
      vertex 20.3505 8.625 6
      vertex 20.3505 8.625 7
    endloop
  endfacet
  facet normal 0.831485 0.555547 0
    outer loop
      vertex 20.3505 8.625 6
      vertex 20.405 8.54343 7
      vertex 20.405 8.54343 6
    endloop
  endfacet
  facet normal 0.94704 0.321117 0
    outer loop
      vertex 20.3071 8.71299 7
      vertex 20.2756 8.80589 6
      vertex 20.2756 8.80589 7
    endloop
  endfacet
  facet normal 0.94704 0.321117 0
    outer loop
      vertex 20.2756 8.80589 6
      vertex 20.3071 8.71299 7
      vertex 20.3071 8.71299 6
    endloop
  endfacet
  facet normal 0.555406 0.83158 -0
    outer loop
      vertex 20.625 8.35048 6
      vertex 20.5434 8.40498 7
      vertex 20.625 8.35048 7
    endloop
  endfacet
  facet normal 0.555406 0.83158 0
    outer loop
      vertex 20.5434 8.40498 7
      vertex 20.625 8.35048 6
      vertex 20.5434 8.40498 6
    endloop
  endfacet
  facet normal 0.442233 0.8969 -0
    outer loop
      vertex 20.713 8.30709 6
      vertex 20.625 8.35048 7
      vertex 20.713 8.30709 7
    endloop
  endfacet
  facet normal 0.442233 0.8969 0
    outer loop
      vertex 20.625 8.35048 7
      vertex 20.713 8.30709 6
      vertex 20.625 8.35048 6
    endloop
  endfacet
  facet normal 0.0654366 0.997857 -0
    outer loop
      vertex 21 8.25 6
      vertex 20.9021 8.25642 7
      vertex 21 8.25 7
    endloop
  endfacet
  facet normal 0.0654366 0.997857 0
    outer loop
      vertex 20.9021 8.25642 7
      vertex 21 8.25 6
      vertex 20.9021 8.25642 6
    endloop
  endfacet
  facet normal 0.751768 0.659428 0
    outer loop
      vertex 20.4697 8.46967 7
      vertex 20.405 8.54343 6
      vertex 20.405 8.54343 7
    endloop
  endfacet
  facet normal 0.751768 0.659428 0
    outer loop
      vertex 20.405 8.54343 6
      vertex 20.4697 8.46967 7
      vertex 20.4697 8.46967 6
    endloop
  endfacet
  facet normal -0.99787 -0.0652402 0
    outer loop
      vertex 24.75 9 6
      vertex 24.7436 9.09789 7
      vertex 24.7436 9.09789 6
    endloop
  endfacet
  facet normal -0.99787 -0.0652402 0
    outer loop
      vertex 24.7436 9.09789 7
      vertex 24.75 9 6
      vertex 24.75 9 7
    endloop
  endfacet
  facet normal 0.0654366 -0.997857 0
    outer loop
      vertex 23.9021 9.74358 6
      vertex 24 9.75 7
      vertex 23.9021 9.74358 7
    endloop
  endfacet
  facet normal 0.0654366 -0.997857 0
    outer loop
      vertex 24 9.75 7
      vertex 23.9021 9.74358 6
      vertex 24 9.75 6
    endloop
  endfacet
  facet normal -0.0654366 0.997857 0
    outer loop
      vertex 24.0979 8.25642 6
      vertex 24 8.25 7
      vertex 24.0979 8.25642 7
    endloop
  endfacet
  facet normal -0.0654366 0.997857 0
    outer loop
      vertex 24 8.25 7
      vertex 24.0979 8.25642 6
      vertex 24 8.25 6
    endloop
  endfacet
  facet normal -0.659616 -0.751603 0
    outer loop
      vertex 24.4566 9.59501 6
      vertex 24.5303 9.53033 7
      vertex 24.4566 9.59501 7
    endloop
  endfacet
  facet normal -0.659616 -0.751603 -0
    outer loop
      vertex 24.5303 9.53033 7
      vertex 24.4566 9.59501 6
      vertex 24.5303 9.53033 6
    endloop
  endfacet
  facet normal 0.751768 -0.659428 0
    outer loop
      vertex 23.405 9.45657 7
      vertex 23.4697 9.53033 6
      vertex 23.4697 9.53033 7
    endloop
  endfacet
  facet normal 0.751768 -0.659428 0
    outer loop
      vertex 23.4697 9.53033 6
      vertex 23.405 9.45657 7
      vertex 23.405 9.45657 6
    endloop
  endfacet
  facet normal 0.442233 -0.8969 0
    outer loop
      vertex 23.625 9.64952 6
      vertex 23.713 9.69291 7
      vertex 23.625 9.64952 7
    endloop
  endfacet
  facet normal 0.442233 -0.8969 0
    outer loop
      vertex 23.713 9.69291 7
      vertex 23.625 9.64952 6
      vertex 23.713 9.69291 6
    endloop
  endfacet
  facet normal -0.89684 -0.442355 0
    outer loop
      vertex 24.6929 9.28701 6
      vertex 24.6495 9.375 7
      vertex 24.6495 9.375 6
    endloop
  endfacet
  facet normal -0.89684 -0.442355 0
    outer loop
      vertex 24.6495 9.375 7
      vertex 24.6929 9.28701 6
      vertex 24.6929 9.28701 7
    endloop
  endfacet
  facet normal -0.321391 -0.946947 0
    outer loop
      vertex 24.1941 9.72444 6
      vertex 24.287 9.69291 7
      vertex 24.1941 9.72444 7
    endloop
  endfacet
  facet normal -0.321391 -0.946947 -0
    outer loop
      vertex 24.287 9.69291 7
      vertex 24.1941 9.72444 6
      vertex 24.287 9.69291 6
    endloop
  endfacet
  facet normal -0.555476 -0.831533 0
    outer loop
      vertex 24.375 9.64952 6
      vertex 24.4566 9.59501 7
      vertex 24.375 9.64952 7
    endloop
  endfacet
  facet normal -0.555476 -0.831533 -0
    outer loop
      vertex 24.4566 9.59501 7
      vertex 24.375 9.64952 6
      vertex 24.4566 9.59501 6
    endloop
  endfacet
  facet normal 0.94704 -0.321117 0
    outer loop
      vertex 23.2756 9.19411 7
      vertex 23.3071 9.28701 6
      vertex 23.3071 9.28701 7
    endloop
  endfacet
  facet normal 0.94704 -0.321117 0
    outer loop
      vertex 23.3071 9.28701 6
      vertex 23.2756 9.19411 7
      vertex 23.2756 9.19411 6
    endloop
  endfacet
  facet normal 0 0 1
    outer loop
      vertex 24.7436 9.09789 6
      vertex 24.7436 8.90211 6
      vertex 24.75 9 6
    endloop
  endfacet
  facet normal 0 0 1
    outer loop
      vertex 24.7244 9.19411 6
      vertex 24.7436 8.90211 6
      vertex 24.7436 9.09789 6
    endloop
  endfacet
  facet normal 0 0 1
    outer loop
      vertex 24.7244 9.19411 6
      vertex 24.7244 8.80589 6
      vertex 24.7436 8.90211 6
    endloop
  endfacet
  facet normal 0 0 1
    outer loop
      vertex 24.6929 9.28701 6
      vertex 24.7244 8.80589 6
      vertex 24.7244 9.19411 6
    endloop
  endfacet
  facet normal 0 0 1
    outer loop
      vertex 24.6929 9.28701 6
      vertex 24.6929 8.71299 6
      vertex 24.7244 8.80589 6
    endloop
  endfacet
  facet normal 0 0 1
    outer loop
      vertex 24.6495 9.375 6
      vertex 24.6929 8.71299 6
      vertex 24.6929 9.28701 6
    endloop
  endfacet
  facet normal 0 0 1
    outer loop
      vertex 24.6495 9.375 6
      vertex 24.6495 8.625 6
      vertex 24.6929 8.71299 6
    endloop
  endfacet
  facet normal 0 0 1
    outer loop
      vertex 24.595 9.45657 6
      vertex 24.6495 8.625 6
      vertex 24.6495 9.375 6
    endloop
  endfacet
  facet normal 0 0 1
    outer loop
      vertex 24.595 9.45657 6
      vertex 24.595 8.54343 6
      vertex 24.6495 8.625 6
    endloop
  endfacet
  facet normal 0 0 1
    outer loop
      vertex 24.5303 9.53033 6
      vertex 24.595 8.54343 6
      vertex 24.595 9.45657 6
    endloop
  endfacet
  facet normal 0 0 1
    outer loop
      vertex 24.5303 9.53033 6
      vertex 24.5303 8.46967 6
      vertex 24.595 8.54343 6
    endloop
  endfacet
  facet normal 0 0 1
    outer loop
      vertex 24.4566 9.59501 6
      vertex 24.5303 8.46967 6
      vertex 24.5303 9.53033 6
    endloop
  endfacet
  facet normal 0 0 1
    outer loop
      vertex 24.4566 9.59501 6
      vertex 24.4566 8.40498 6
      vertex 24.5303 8.46967 6
    endloop
  endfacet
  facet normal 0 0 1
    outer loop
      vertex 24.375 9.64952 6
      vertex 24.4566 8.40498 6
      vertex 24.4566 9.59501 6
    endloop
  endfacet
  facet normal 0 0 1
    outer loop
      vertex 24.375 9.64952 6
      vertex 24.375 8.35048 6
      vertex 24.4566 8.40498 6
    endloop
  endfacet
  facet normal 0 0 1
    outer loop
      vertex 24.287 9.69291 6
      vertex 24.375 8.35048 6
      vertex 24.375 9.64952 6
    endloop
  endfacet
  facet normal 0 0 1
    outer loop
      vertex 24.287 9.69291 6
      vertex 24.287 8.30709 6
      vertex 24.375 8.35048 6
    endloop
  endfacet
  facet normal 0 0 1
    outer loop
      vertex 24.1941 9.72444 6
      vertex 24.287 8.30709 6
      vertex 24.287 9.69291 6
    endloop
  endfacet
  facet normal 0 0 1
    outer loop
      vertex 24.1941 9.72444 6
      vertex 24.1941 8.27556 6
      vertex 24.287 8.30709 6
    endloop
  endfacet
  facet normal 0 0 1
    outer loop
      vertex 24.0979 9.74358 6
      vertex 24.1941 8.27556 6
      vertex 24.1941 9.72444 6
    endloop
  endfacet
  facet normal 0 0 1
    outer loop
      vertex 24.0979 9.74358 6
      vertex 24.0979 8.25642 6
      vertex 24.1941 8.27556 6
    endloop
  endfacet
  facet normal 0 0 1
    outer loop
      vertex 24 9.75 6
      vertex 24.0979 8.25642 6
      vertex 24.0979 9.74358 6
    endloop
  endfacet
  facet normal 0 0 1
    outer loop
      vertex 24 9.75 6
      vertex 24 8.25 6
      vertex 24.0979 8.25642 6
    endloop
  endfacet
  facet normal -0 0 1
    outer loop
      vertex 23.9021 9.74358 6
      vertex 24 8.25 6
      vertex 24 9.75 6
    endloop
  endfacet
  facet normal 0 0 1
    outer loop
      vertex 23.9021 9.74358 6
      vertex 23.9021 8.25642 6
      vertex 24 8.25 6
    endloop
  endfacet
  facet normal -0 0 1
    outer loop
      vertex 23.8059 9.72444 6
      vertex 23.9021 8.25642 6
      vertex 23.9021 9.74358 6
    endloop
  endfacet
  facet normal 0 0 1
    outer loop
      vertex 23.8059 9.72444 6
      vertex 23.8059 8.27556 6
      vertex 23.9021 8.25642 6
    endloop
  endfacet
  facet normal -0 0 1
    outer loop
      vertex 23.713 9.69291 6
      vertex 23.8059 8.27556 6
      vertex 23.8059 9.72444 6
    endloop
  endfacet
  facet normal 0 0 1
    outer loop
      vertex 23.713 9.69291 6
      vertex 23.713 8.30709 6
      vertex 23.8059 8.27556 6
    endloop
  endfacet
  facet normal -0 0 1
    outer loop
      vertex 23.625 9.64952 6
      vertex 23.713 8.30709 6
      vertex 23.713 9.69291 6
    endloop
  endfacet
  facet normal 0 0 1
    outer loop
      vertex 23.625 9.64952 6
      vertex 23.625 8.35048 6
      vertex 23.713 8.30709 6
    endloop
  endfacet
  facet normal -0 0 1
    outer loop
      vertex 23.5434 9.59501 6
      vertex 23.625 8.35048 6
      vertex 23.625 9.64952 6
    endloop
  endfacet
  facet normal 0 0 1
    outer loop
      vertex 23.5434 9.59501 6
      vertex 23.5434 8.40498 6
      vertex 23.625 8.35048 6
    endloop
  endfacet
  facet normal -0 0 1
    outer loop
      vertex 23.4697 9.53033 6
      vertex 23.5434 8.40498 6
      vertex 23.5434 9.59501 6
    endloop
  endfacet
  facet normal 0 0 1
    outer loop
      vertex 23.4697 9.53033 6
      vertex 23.4697 8.46967 6
      vertex 23.5434 8.40498 6
    endloop
  endfacet
  facet normal -0 0 1
    outer loop
      vertex 23.405 9.45657 6
      vertex 23.4697 8.46967 6
      vertex 23.4697 9.53033 6
    endloop
  endfacet
  facet normal 0 0 1
    outer loop
      vertex 23.405 9.45657 6
      vertex 23.405 8.54343 6
      vertex 23.4697 8.46967 6
    endloop
  endfacet
  facet normal -0 0 1
    outer loop
      vertex 23.3505 9.375 6
      vertex 23.405 8.54343 6
      vertex 23.405 9.45657 6
    endloop
  endfacet
  facet normal 0 0 1
    outer loop
      vertex 23.3505 9.375 6
      vertex 23.3505 8.625 6
      vertex 23.405 8.54343 6
    endloop
  endfacet
  facet normal -0 0 1
    outer loop
      vertex 23.3071 9.28701 6
      vertex 23.3505 8.625 6
      vertex 23.3505 9.375 6
    endloop
  endfacet
  facet normal 0 0 1
    outer loop
      vertex 23.3071 9.28701 6
      vertex 23.3071 8.71299 6
      vertex 23.3505 8.625 6
    endloop
  endfacet
  facet normal -0 0 1
    outer loop
      vertex 23.2756 9.19411 6
      vertex 23.3071 8.71299 6
      vertex 23.3071 9.28701 6
    endloop
  endfacet
  facet normal 0 0 1
    outer loop
      vertex 23.2756 9.19411 6
      vertex 23.2756 8.80589 6
      vertex 23.3071 8.71299 6
    endloop
  endfacet
  facet normal -0 0 1
    outer loop
      vertex 23.2564 9.09789 6
      vertex 23.2756 8.80589 6
      vertex 23.2756 9.19411 6
    endloop
  endfacet
  facet normal 0 0 1
    outer loop
      vertex 23.2564 9.09789 6
      vertex 23.2564 8.90211 6
      vertex 23.2756 8.80589 6
    endloop
  endfacet
  facet normal 0 -0 1
    outer loop
      vertex 23.2564 8.90211 6
      vertex 23.2564 9.09789 6
      vertex 23.25 9 6
    endloop
  endfacet
  facet normal 0.831485 -0.555547 0
    outer loop
      vertex 23.3505 9.375 7
      vertex 23.405 9.45657 6
      vertex 23.405 9.45657 7
    endloop
  endfacet
  facet normal 0.831485 -0.555547 0
    outer loop
      vertex 23.405 9.45657 6
      vertex 23.3505 9.375 7
      vertex 23.3505 9.375 6
    endloop
  endfacet
  facet normal 0.321391 -0.946947 0
    outer loop
      vertex 23.713 9.69291 6
      vertex 23.8059 9.72444 7
      vertex 23.713 9.69291 7
    endloop
  endfacet
  facet normal 0.321391 -0.946947 0
    outer loop
      vertex 23.8059 9.72444 7
      vertex 23.713 9.69291 6
      vertex 23.8059 9.72444 6
    endloop
  endfacet
  facet normal 0.89684 0.442355 0
    outer loop
      vertex 23.3505 8.625 7
      vertex 23.3071 8.71299 6
      vertex 23.3071 8.71299 7
    endloop
  endfacet
  facet normal 0.89684 0.442355 0
    outer loop
      vertex 23.3071 8.71299 6
      vertex 23.3505 8.625 7
      vertex 23.3505 8.625 6
    endloop
  endfacet
  facet normal -0.195136 0.980776 0
    outer loop
      vertex 24.1941 8.27556 6
      vertex 24.0979 8.25642 7
      vertex 24.1941 8.27556 7
    endloop
  endfacet
  facet normal -0.195136 0.980776 0
    outer loop
      vertex 24.0979 8.25642 7
      vertex 24.1941 8.27556 6
      vertex 24.0979 8.25642 6
    endloop
  endfacet
  facet normal -0.94704 -0.321117 0
    outer loop
      vertex 24.7244 9.19411 6
      vertex 24.6929 9.28701 7
      vertex 24.6929 9.28701 6
    endloop
  endfacet
  facet normal -0.94704 -0.321117 0
    outer loop
      vertex 24.6929 9.28701 7
      vertex 24.7244 9.19411 6
      vertex 24.7244 9.19411 7
    endloop
  endfacet
  facet normal -0.980667 -0.195685 0
    outer loop
      vertex 24.7436 9.09789 6
      vertex 24.7244 9.19411 7
      vertex 24.7244 9.19411 6
    endloop
  endfacet
  facet normal -0.980667 -0.195685 0
    outer loop
      vertex 24.7244 9.19411 7
      vertex 24.7436 9.09789 6
      vertex 24.7436 9.09789 7
    endloop
  endfacet
  facet normal -0.751768 -0.659428 0
    outer loop
      vertex 24.595 9.45657 6
      vertex 24.5303 9.53033 7
      vertex 24.5303 9.53033 6
    endloop
  endfacet
  facet normal -0.751768 -0.659428 0
    outer loop
      vertex 24.5303 9.53033 7
      vertex 24.595 9.45657 6
      vertex 24.595 9.45657 7
    endloop
  endfacet
  facet normal -0.831485 -0.555547 0
    outer loop
      vertex 24.6495 9.375 6
      vertex 24.595 9.45657 7
      vertex 24.595 9.45657 6
    endloop
  endfacet
  facet normal -0.831485 -0.555547 0
    outer loop
      vertex 24.595 9.45657 7
      vertex 24.6495 9.375 6
      vertex 24.6495 9.375 7
    endloop
  endfacet
  facet normal -0.195136 -0.980776 0
    outer loop
      vertex 24.0979 9.74358 6
      vertex 24.1941 9.72444 7
      vertex 24.0979 9.74358 7
    endloop
  endfacet
  facet normal -0.195136 -0.980776 -0
    outer loop
      vertex 24.1941 9.72444 7
      vertex 24.0979 9.74358 6
      vertex 24.1941 9.72444 6
    endloop
  endfacet
  facet normal -0.0654366 -0.997857 0
    outer loop
      vertex 24 9.75 6
      vertex 24.0979 9.74358 7
      vertex 24 9.75 7
    endloop
  endfacet
  facet normal -0.0654366 -0.997857 -0
    outer loop
      vertex 24.0979 9.74358 7
      vertex 24 9.75 6
      vertex 24.0979 9.74358 6
    endloop
  endfacet
  facet normal -0.442233 -0.8969 0
    outer loop
      vertex 24.287 9.69291 6
      vertex 24.375 9.64952 7
      vertex 24.287 9.69291 7
    endloop
  endfacet
  facet normal -0.442233 -0.8969 -0
    outer loop
      vertex 24.375 9.64952 7
      vertex 24.287 9.69291 6
      vertex 24.375 9.64952 6
    endloop
  endfacet
  facet normal 0.89684 -0.442355 0
    outer loop
      vertex 23.3071 9.28701 7
      vertex 23.3505 9.375 6
      vertex 23.3505 9.375 7
    endloop
  endfacet
  facet normal 0.89684 -0.442355 0
    outer loop
      vertex 23.3505 9.375 6
      vertex 23.3071 9.28701 7
      vertex 23.3071 9.28701 6
    endloop
  endfacet
  facet normal 0.980667 -0.195685 0
    outer loop
      vertex 23.2564 9.09789 7
      vertex 23.2756 9.19411 6
      vertex 23.2756 9.19411 7
    endloop
  endfacet
  facet normal 0.980667 -0.195685 0
    outer loop
      vertex 23.2756 9.19411 6
      vertex 23.2564 9.09789 7
      vertex 23.2564 9.09789 6
    endloop
  endfacet
  facet normal 0.99787 -0.0652402 0
    outer loop
      vertex 23.25 9 7
      vertex 23.2564 9.09789 6
      vertex 23.2564 9.09789 7
    endloop
  endfacet
  facet normal 0.99787 -0.0652402 0
    outer loop
      vertex 23.2564 9.09789 6
      vertex 23.25 9 7
      vertex 23.25 9 6
    endloop
  endfacet
  facet normal 0.99787 0.0652402 0
    outer loop
      vertex 23.2564 8.90211 7
      vertex 23.25 9 6
      vertex 23.25 9 7
    endloop
  endfacet
  facet normal 0.99787 0.0652402 0
    outer loop
      vertex 23.25 9 6
      vertex 23.2564 8.90211 7
      vertex 23.2564 8.90211 6
    endloop
  endfacet
  facet normal 0.555476 -0.831533 0
    outer loop
      vertex 23.5434 9.59501 6
      vertex 23.625 9.64952 7
      vertex 23.5434 9.59501 7
    endloop
  endfacet
  facet normal 0.555476 -0.831533 0
    outer loop
      vertex 23.625 9.64952 7
      vertex 23.5434 9.59501 6
      vertex 23.625 9.64952 6
    endloop
  endfacet
  facet normal 0.659616 -0.751603 0
    outer loop
      vertex 23.4697 9.53033 6
      vertex 23.5434 9.59501 7
      vertex 23.4697 9.53033 7
    endloop
  endfacet
  facet normal 0.659616 -0.751603 0
    outer loop
      vertex 23.5434 9.59501 7
      vertex 23.4697 9.53033 6
      vertex 23.5434 9.59501 6
    endloop
  endfacet
  facet normal 0.195136 -0.980776 0
    outer loop
      vertex 23.8059 9.72444 6
      vertex 23.9021 9.74358 7
      vertex 23.8059 9.72444 7
    endloop
  endfacet
  facet normal 0.195136 -0.980776 0
    outer loop
      vertex 23.9021 9.74358 7
      vertex 23.8059 9.72444 6
      vertex 23.9021 9.74358 6
    endloop
  endfacet
  facet normal -0.94704 0.321117 0
    outer loop
      vertex 24.6929 8.71299 6
      vertex 24.7244 8.80589 7
      vertex 24.7244 8.80589 6
    endloop
  endfacet
  facet normal -0.94704 0.321117 0
    outer loop
      vertex 24.7244 8.80589 7
      vertex 24.6929 8.71299 6
      vertex 24.6929 8.71299 7
    endloop
  endfacet
  facet normal -0.980667 0.195685 0
    outer loop
      vertex 24.7244 8.80589 6
      vertex 24.7436 8.90211 7
      vertex 24.7436 8.90211 6
    endloop
  endfacet
  facet normal -0.980667 0.195685 0
    outer loop
      vertex 24.7436 8.90211 7
      vertex 24.7244 8.80589 6
      vertex 24.7244 8.80589 7
    endloop
  endfacet
  facet normal -0.555406 0.83158 0
    outer loop
      vertex 24.4566 8.40498 6
      vertex 24.375 8.35048 7
      vertex 24.4566 8.40498 7
    endloop
  endfacet
  facet normal -0.555406 0.83158 0
    outer loop
      vertex 24.375 8.35048 7
      vertex 24.4566 8.40498 6
      vertex 24.375 8.35048 6
    endloop
  endfacet
  facet normal -0.831485 0.555547 0
    outer loop
      vertex 24.595 8.54343 6
      vertex 24.6495 8.625 7
      vertex 24.6495 8.625 6
    endloop
  endfacet
  facet normal -0.831485 0.555547 0
    outer loop
      vertex 24.6495 8.625 7
      vertex 24.595 8.54343 6
      vertex 24.595 8.54343 7
    endloop
  endfacet
  facet normal -0.99787 0.0652402 0
    outer loop
      vertex 24.7436 8.90211 6
      vertex 24.75 9 7
      vertex 24.75 9 6
    endloop
  endfacet
  facet normal -0.99787 0.0652402 0
    outer loop
      vertex 24.75 9 7
      vertex 24.7436 8.90211 6
      vertex 24.7436 8.90211 7
    endloop
  endfacet
  facet normal 0.659673 0.751552 -0
    outer loop
      vertex 23.5434 8.40498 6
      vertex 23.4697 8.46967 7
      vertex 23.5434 8.40498 7
    endloop
  endfacet
  facet normal 0.659673 0.751552 0
    outer loop
      vertex 23.4697 8.46967 7
      vertex 23.5434 8.40498 6
      vertex 23.4697 8.46967 6
    endloop
  endfacet
  facet normal 0.831485 0.555547 0
    outer loop
      vertex 23.405 8.54343 7
      vertex 23.3505 8.625 6
      vertex 23.3505 8.625 7
    endloop
  endfacet
  facet normal 0.831485 0.555547 0
    outer loop
      vertex 23.3505 8.625 6
      vertex 23.405 8.54343 7
      vertex 23.405 8.54343 6
    endloop
  endfacet
  facet normal -0.751768 0.659428 0
    outer loop
      vertex 24.5303 8.46967 6
      vertex 24.595 8.54343 7
      vertex 24.595 8.54343 6
    endloop
  endfacet
  facet normal -0.751768 0.659428 0
    outer loop
      vertex 24.595 8.54343 7
      vertex 24.5303 8.46967 6
      vertex 24.5303 8.46967 7
    endloop
  endfacet
  facet normal -0.442233 0.8969 0
    outer loop
      vertex 24.375 8.35048 6
      vertex 24.287 8.30709 7
      vertex 24.375 8.35048 7
    endloop
  endfacet
  facet normal -0.442233 0.8969 0
    outer loop
      vertex 24.287 8.30709 7
      vertex 24.375 8.35048 6
      vertex 24.287 8.30709 6
    endloop
  endfacet
  facet normal -0.321391 0.946947 0
    outer loop
      vertex 24.287 8.30709 6
      vertex 24.1941 8.27556 7
      vertex 24.287 8.30709 7
    endloop
  endfacet
  facet normal -0.321391 0.946947 0
    outer loop
      vertex 24.1941 8.27556 7
      vertex 24.287 8.30709 6
      vertex 24.1941 8.27556 6
    endloop
  endfacet
  facet normal -0.89684 0.442355 0
    outer loop
      vertex 24.6495 8.625 6
      vertex 24.6929 8.71299 7
      vertex 24.6929 8.71299 6
    endloop
  endfacet
  facet normal -0.89684 0.442355 0
    outer loop
      vertex 24.6929 8.71299 7
      vertex 24.6495 8.625 6
      vertex 24.6495 8.625 7
    endloop
  endfacet
  facet normal 0.0654366 0.997857 -0
    outer loop
      vertex 24 8.25 6
      vertex 23.9021 8.25642 7
      vertex 24 8.25 7
    endloop
  endfacet
  facet normal 0.0654366 0.997857 0
    outer loop
      vertex 23.9021 8.25642 7
      vertex 24 8.25 6
      vertex 23.9021 8.25642 6
    endloop
  endfacet
  facet normal 0.321391 0.946947 -0
    outer loop
      vertex 23.8059 8.27556 6
      vertex 23.713 8.30709 7
      vertex 23.8059 8.27556 7
    endloop
  endfacet
  facet normal 0.321391 0.946947 0
    outer loop
      vertex 23.713 8.30709 7
      vertex 23.8059 8.27556 6
      vertex 23.713 8.30709 6
    endloop
  endfacet
  facet normal 0.195136 0.980776 -0
    outer loop
      vertex 23.9021 8.25642 6
      vertex 23.8059 8.27556 7
      vertex 23.9021 8.25642 7
    endloop
  endfacet
  facet normal 0.195136 0.980776 0
    outer loop
      vertex 23.8059 8.27556 7
      vertex 23.9021 8.25642 6
      vertex 23.8059 8.27556 6
    endloop
  endfacet
  facet normal 0.751768 0.659428 0
    outer loop
      vertex 23.4697 8.46967 7
      vertex 23.405 8.54343 6
      vertex 23.405 8.54343 7
    endloop
  endfacet
  facet normal 0.751768 0.659428 0
    outer loop
      vertex 23.405 8.54343 6
      vertex 23.4697 8.46967 7
      vertex 23.4697 8.46967 6
    endloop
  endfacet
  facet normal 0.94704 0.321117 0
    outer loop
      vertex 23.3071 8.71299 7
      vertex 23.2756 8.80589 6
      vertex 23.2756 8.80589 7
    endloop
  endfacet
  facet normal 0.94704 0.321117 0
    outer loop
      vertex 23.2756 8.80589 6
      vertex 23.3071 8.71299 7
      vertex 23.3071 8.71299 6
    endloop
  endfacet
  facet normal 0.980667 0.195685 0
    outer loop
      vertex 23.2756 8.80589 7
      vertex 23.2564 8.90211 6
      vertex 23.2564 8.90211 7
    endloop
  endfacet
  facet normal 0.980667 0.195685 0
    outer loop
      vertex 23.2564 8.90211 6
      vertex 23.2756 8.80589 7
      vertex 23.2756 8.80589 6
    endloop
  endfacet
  facet normal -0.659673 0.751552 0
    outer loop
      vertex 24.5303 8.46967 6
      vertex 24.4566 8.40498 7
      vertex 24.5303 8.46967 7
    endloop
  endfacet
  facet normal -0.659673 0.751552 0
    outer loop
      vertex 24.4566 8.40498 7
      vertex 24.5303 8.46967 6
      vertex 24.4566 8.40498 6
    endloop
  endfacet
  facet normal 0.442233 0.8969 -0
    outer loop
      vertex 23.713 8.30709 6
      vertex 23.625 8.35048 7
      vertex 23.713 8.30709 7
    endloop
  endfacet
  facet normal 0.442233 0.8969 0
    outer loop
      vertex 23.625 8.35048 7
      vertex 23.713 8.30709 6
      vertex 23.625 8.35048 6
    endloop
  endfacet
  facet normal 0.555406 0.83158 -0
    outer loop
      vertex 23.625 8.35048 6
      vertex 23.5434 8.40498 7
      vertex 23.625 8.35048 7
    endloop
  endfacet
  facet normal 0.555406 0.83158 0
    outer loop
      vertex 23.5434 8.40498 7
      vertex 23.625 8.35048 6
      vertex 23.5434 8.40498 6
    endloop
  endfacet
  facet normal -0.99787 -0.0652402 0
    outer loop
      vertex 27.75 9 6
      vertex 27.7436 9.09789 7
      vertex 27.7436 9.09789 6
    endloop
  endfacet
  facet normal -0.99787 -0.0652402 0
    outer loop
      vertex 27.7436 9.09789 7
      vertex 27.75 9 6
      vertex 27.75 9 7
    endloop
  endfacet
  facet normal 0.0654366 -0.997857 0
    outer loop
      vertex 26.9021 9.74358 6
      vertex 27 9.75 7
      vertex 26.9021 9.74358 7
    endloop
  endfacet
  facet normal 0.0654366 -0.997857 0
    outer loop
      vertex 27 9.75 7
      vertex 26.9021 9.74358 6
      vertex 27 9.75 6
    endloop
  endfacet
  facet normal -0.0654366 0.997857 0
    outer loop
      vertex 27.0979 8.25642 6
      vertex 27 8.25 7
      vertex 27.0979 8.25642 7
    endloop
  endfacet
  facet normal -0.0654366 0.997857 0
    outer loop
      vertex 27 8.25 7
      vertex 27.0979 8.25642 6
      vertex 27 8.25 6
    endloop
  endfacet
  facet normal -0.659616 -0.751603 0
    outer loop
      vertex 27.4566 9.59501 6
      vertex 27.5303 9.53033 7
      vertex 27.4566 9.59501 7
    endloop
  endfacet
  facet normal -0.659616 -0.751603 -0
    outer loop
      vertex 27.5303 9.53033 7
      vertex 27.4566 9.59501 6
      vertex 27.5303 9.53033 6
    endloop
  endfacet
  facet normal 0.751768 -0.659428 0
    outer loop
      vertex 26.405 9.45657 7
      vertex 26.4697 9.53033 6
      vertex 26.4697 9.53033 7
    endloop
  endfacet
  facet normal 0.751768 -0.659428 0
    outer loop
      vertex 26.4697 9.53033 6
      vertex 26.405 9.45657 7
      vertex 26.405 9.45657 6
    endloop
  endfacet
  facet normal 0.442233 -0.8969 0
    outer loop
      vertex 26.625 9.64952 6
      vertex 26.713 9.69291 7
      vertex 26.625 9.64952 7
    endloop
  endfacet
  facet normal 0.442233 -0.8969 0
    outer loop
      vertex 26.713 9.69291 7
      vertex 26.625 9.64952 6
      vertex 26.713 9.69291 6
    endloop
  endfacet
  facet normal -0.89684 -0.442355 0
    outer loop
      vertex 27.6929 9.28701 6
      vertex 27.6495 9.375 7
      vertex 27.6495 9.375 6
    endloop
  endfacet
  facet normal -0.89684 -0.442355 0
    outer loop
      vertex 27.6495 9.375 7
      vertex 27.6929 9.28701 6
      vertex 27.6929 9.28701 7
    endloop
  endfacet
  facet normal -0.321391 -0.946947 0
    outer loop
      vertex 27.1941 9.72444 6
      vertex 27.287 9.69291 7
      vertex 27.1941 9.72444 7
    endloop
  endfacet
  facet normal -0.321391 -0.946947 -0
    outer loop
      vertex 27.287 9.69291 7
      vertex 27.1941 9.72444 6
      vertex 27.287 9.69291 6
    endloop
  endfacet
  facet normal -0.555476 -0.831533 0
    outer loop
      vertex 27.375 9.64952 6
      vertex 27.4566 9.59501 7
      vertex 27.375 9.64952 7
    endloop
  endfacet
  facet normal -0.555476 -0.831533 -0
    outer loop
      vertex 27.4566 9.59501 7
      vertex 27.375 9.64952 6
      vertex 27.4566 9.59501 6
    endloop
  endfacet
  facet normal 0.89684 -0.442355 0
    outer loop
      vertex 26.3071 9.28701 7
      vertex 26.3505 9.375 6
      vertex 26.3505 9.375 7
    endloop
  endfacet
  facet normal 0.89684 -0.442355 0
    outer loop
      vertex 26.3505 9.375 6
      vertex 26.3071 9.28701 7
      vertex 26.3071 9.28701 6
    endloop
  endfacet
  facet normal 0 0 1
    outer loop
      vertex 27.7436 9.09789 6
      vertex 27.7436 8.90211 6
      vertex 27.75 9 6
    endloop
  endfacet
  facet normal 0 0 1
    outer loop
      vertex 27.7244 9.19411 6
      vertex 27.7436 8.90211 6
      vertex 27.7436 9.09789 6
    endloop
  endfacet
  facet normal 0 0 1
    outer loop
      vertex 27.7244 9.19411 6
      vertex 27.7244 8.80589 6
      vertex 27.7436 8.90211 6
    endloop
  endfacet
  facet normal 0 0 1
    outer loop
      vertex 27.6929 9.28701 6
      vertex 27.7244 8.80589 6
      vertex 27.7244 9.19411 6
    endloop
  endfacet
  facet normal 0 0 1
    outer loop
      vertex 27.6929 9.28701 6
      vertex 27.6929 8.71299 6
      vertex 27.7244 8.80589 6
    endloop
  endfacet
  facet normal 0 0 1
    outer loop
      vertex 27.6495 9.375 6
      vertex 27.6929 8.71299 6
      vertex 27.6929 9.28701 6
    endloop
  endfacet
  facet normal 0 0 1
    outer loop
      vertex 27.6495 9.375 6
      vertex 27.6495 8.625 6
      vertex 27.6929 8.71299 6
    endloop
  endfacet
  facet normal 0 0 1
    outer loop
      vertex 27.595 9.45657 6
      vertex 27.6495 8.625 6
      vertex 27.6495 9.375 6
    endloop
  endfacet
  facet normal 0 0 1
    outer loop
      vertex 27.595 9.45657 6
      vertex 27.595 8.54343 6
      vertex 27.6495 8.625 6
    endloop
  endfacet
  facet normal 0 0 1
    outer loop
      vertex 27.5303 9.53033 6
      vertex 27.595 8.54343 6
      vertex 27.595 9.45657 6
    endloop
  endfacet
  facet normal 0 0 1
    outer loop
      vertex 27.5303 9.53033 6
      vertex 27.5303 8.46967 6
      vertex 27.595 8.54343 6
    endloop
  endfacet
  facet normal 0 0 1
    outer loop
      vertex 27.4566 9.59501 6
      vertex 27.5303 8.46967 6
      vertex 27.5303 9.53033 6
    endloop
  endfacet
  facet normal 0 0 1
    outer loop
      vertex 27.4566 9.59501 6
      vertex 27.4566 8.40498 6
      vertex 27.5303 8.46967 6
    endloop
  endfacet
  facet normal 0 0 1
    outer loop
      vertex 27.375 9.64952 6
      vertex 27.4566 8.40498 6
      vertex 27.4566 9.59501 6
    endloop
  endfacet
  facet normal 0 0 1
    outer loop
      vertex 27.375 9.64952 6
      vertex 27.375 8.35048 6
      vertex 27.4566 8.40498 6
    endloop
  endfacet
  facet normal 0 0 1
    outer loop
      vertex 27.287 9.69291 6
      vertex 27.375 8.35048 6
      vertex 27.375 9.64952 6
    endloop
  endfacet
  facet normal 0 0 1
    outer loop
      vertex 27.287 9.69291 6
      vertex 27.287 8.30709 6
      vertex 27.375 8.35048 6
    endloop
  endfacet
  facet normal 0 0 1
    outer loop
      vertex 27.1941 9.72444 6
      vertex 27.287 8.30709 6
      vertex 27.287 9.69291 6
    endloop
  endfacet
  facet normal 0 0 1
    outer loop
      vertex 27.1941 9.72444 6
      vertex 27.1941 8.27556 6
      vertex 27.287 8.30709 6
    endloop
  endfacet
  facet normal 0 0 1
    outer loop
      vertex 27.0979 9.74358 6
      vertex 27.1941 8.27556 6
      vertex 27.1941 9.72444 6
    endloop
  endfacet
  facet normal 0 0 1
    outer loop
      vertex 27.0979 9.74358 6
      vertex 27.0979 8.25642 6
      vertex 27.1941 8.27556 6
    endloop
  endfacet
  facet normal 0 0 1
    outer loop
      vertex 27 9.75 6
      vertex 27.0979 8.25642 6
      vertex 27.0979 9.74358 6
    endloop
  endfacet
  facet normal 0 0 1
    outer loop
      vertex 27 9.75 6
      vertex 27 8.25 6
      vertex 27.0979 8.25642 6
    endloop
  endfacet
  facet normal -0 0 1
    outer loop
      vertex 26.9021 9.74358 6
      vertex 27 8.25 6
      vertex 27 9.75 6
    endloop
  endfacet
  facet normal 0 0 1
    outer loop
      vertex 26.9021 9.74358 6
      vertex 26.9021 8.25642 6
      vertex 27 8.25 6
    endloop
  endfacet
  facet normal -0 0 1
    outer loop
      vertex 26.8059 9.72444 6
      vertex 26.9021 8.25642 6
      vertex 26.9021 9.74358 6
    endloop
  endfacet
  facet normal 0 0 1
    outer loop
      vertex 26.8059 9.72444 6
      vertex 26.8059 8.27556 6
      vertex 26.9021 8.25642 6
    endloop
  endfacet
  facet normal -0 0 1
    outer loop
      vertex 26.713 9.69291 6
      vertex 26.8059 8.27556 6
      vertex 26.8059 9.72444 6
    endloop
  endfacet
  facet normal 0 0 1
    outer loop
      vertex 26.713 9.69291 6
      vertex 26.713 8.30709 6
      vertex 26.8059 8.27556 6
    endloop
  endfacet
  facet normal -0 0 1
    outer loop
      vertex 26.625 9.64952 6
      vertex 26.713 8.30709 6
      vertex 26.713 9.69291 6
    endloop
  endfacet
  facet normal 0 0 1
    outer loop
      vertex 26.625 9.64952 6
      vertex 26.625 8.35048 6
      vertex 26.713 8.30709 6
    endloop
  endfacet
  facet normal -0 0 1
    outer loop
      vertex 26.5434 9.59501 6
      vertex 26.625 8.35048 6
      vertex 26.625 9.64952 6
    endloop
  endfacet
  facet normal 0 0 1
    outer loop
      vertex 26.5434 9.59501 6
      vertex 26.5434 8.40498 6
      vertex 26.625 8.35048 6
    endloop
  endfacet
  facet normal -0 0 1
    outer loop
      vertex 26.4697 9.53033 6
      vertex 26.5434 8.40498 6
      vertex 26.5434 9.59501 6
    endloop
  endfacet
  facet normal 0 0 1
    outer loop
      vertex 26.4697 9.53033 6
      vertex 26.4697 8.46967 6
      vertex 26.5434 8.40498 6
    endloop
  endfacet
  facet normal -0 0 1
    outer loop
      vertex 26.405 9.45657 6
      vertex 26.4697 8.46967 6
      vertex 26.4697 9.53033 6
    endloop
  endfacet
  facet normal 0 0 1
    outer loop
      vertex 26.405 9.45657 6
      vertex 26.405 8.54343 6
      vertex 26.4697 8.46967 6
    endloop
  endfacet
  facet normal -0 0 1
    outer loop
      vertex 26.3505 9.375 6
      vertex 26.405 8.54343 6
      vertex 26.405 9.45657 6
    endloop
  endfacet
  facet normal 0 0 1
    outer loop
      vertex 26.3505 9.375 6
      vertex 26.3505 8.625 6
      vertex 26.405 8.54343 6
    endloop
  endfacet
  facet normal -0 0 1
    outer loop
      vertex 26.3071 9.28701 6
      vertex 26.3505 8.625 6
      vertex 26.3505 9.375 6
    endloop
  endfacet
  facet normal 0 0 1
    outer loop
      vertex 26.3071 9.28701 6
      vertex 26.3071 8.71299 6
      vertex 26.3505 8.625 6
    endloop
  endfacet
  facet normal -0 0 1
    outer loop
      vertex 26.2756 9.19411 6
      vertex 26.3071 8.71299 6
      vertex 26.3071 9.28701 6
    endloop
  endfacet
  facet normal 0 0 1
    outer loop
      vertex 26.2756 9.19411 6
      vertex 26.2756 8.80589 6
      vertex 26.3071 8.71299 6
    endloop
  endfacet
  facet normal -0 0 1
    outer loop
      vertex 26.2564 9.09789 6
      vertex 26.2756 8.80589 6
      vertex 26.2756 9.19411 6
    endloop
  endfacet
  facet normal 0 0 1
    outer loop
      vertex 26.2564 9.09789 6
      vertex 26.2564 8.90211 6
      vertex 26.2756 8.80589 6
    endloop
  endfacet
  facet normal 0 -0 1
    outer loop
      vertex 26.2564 8.90211 6
      vertex 26.2564 9.09789 6
      vertex 26.25 9 6
    endloop
  endfacet
  facet normal 0.831485 -0.555547 0
    outer loop
      vertex 26.3505 9.375 7
      vertex 26.405 9.45657 6
      vertex 26.405 9.45657 7
    endloop
  endfacet
  facet normal 0.831485 -0.555547 0
    outer loop
      vertex 26.405 9.45657 6
      vertex 26.3505 9.375 7
      vertex 26.3505 9.375 6
    endloop
  endfacet
  facet normal 0.659616 -0.751603 0
    outer loop
      vertex 26.4697 9.53033 6
      vertex 26.5434 9.59501 7
      vertex 26.4697 9.53033 7
    endloop
  endfacet
  facet normal 0.659616 -0.751603 0
    outer loop
      vertex 26.5434 9.59501 7
      vertex 26.4697 9.53033 6
      vertex 26.5434 9.59501 6
    endloop
  endfacet
  facet normal 0.321391 -0.946947 0
    outer loop
      vertex 26.713 9.69291 6
      vertex 26.8059 9.72444 7
      vertex 26.713 9.69291 7
    endloop
  endfacet
  facet normal 0.321391 -0.946947 0
    outer loop
      vertex 26.8059 9.72444 7
      vertex 26.713 9.69291 6
      vertex 26.8059 9.72444 6
    endloop
  endfacet
  facet normal 0.89684 0.442355 0
    outer loop
      vertex 26.3505 8.625 7
      vertex 26.3071 8.71299 6
      vertex 26.3071 8.71299 7
    endloop
  endfacet
  facet normal 0.89684 0.442355 0
    outer loop
      vertex 26.3071 8.71299 6
      vertex 26.3505 8.625 7
      vertex 26.3505 8.625 6
    endloop
  endfacet
  facet normal -0.195136 0.980776 0
    outer loop
      vertex 27.1941 8.27556 6
      vertex 27.0979 8.25642 7
      vertex 27.1941 8.27556 7
    endloop
  endfacet
  facet normal -0.195136 0.980776 0
    outer loop
      vertex 27.0979 8.25642 7
      vertex 27.1941 8.27556 6
      vertex 27.0979 8.25642 6
    endloop
  endfacet
  facet normal -0.94704 -0.321117 0
    outer loop
      vertex 27.7244 9.19411 6
      vertex 27.6929 9.28701 7
      vertex 27.6929 9.28701 6
    endloop
  endfacet
  facet normal -0.94704 -0.321117 0
    outer loop
      vertex 27.6929 9.28701 7
      vertex 27.7244 9.19411 6
      vertex 27.7244 9.19411 7
    endloop
  endfacet
  facet normal -0.980667 -0.195685 0
    outer loop
      vertex 27.7436 9.09789 6
      vertex 27.7244 9.19411 7
      vertex 27.7244 9.19411 6
    endloop
  endfacet
  facet normal -0.980667 -0.195685 0
    outer loop
      vertex 27.7244 9.19411 7
      vertex 27.7436 9.09789 6
      vertex 27.7436 9.09789 7
    endloop
  endfacet
  facet normal -0.751768 -0.659428 0
    outer loop
      vertex 27.595 9.45657 6
      vertex 27.5303 9.53033 7
      vertex 27.5303 9.53033 6
    endloop
  endfacet
  facet normal -0.751768 -0.659428 0
    outer loop
      vertex 27.5303 9.53033 7
      vertex 27.595 9.45657 6
      vertex 27.595 9.45657 7
    endloop
  endfacet
  facet normal -0.831485 -0.555547 0
    outer loop
      vertex 27.6495 9.375 6
      vertex 27.595 9.45657 7
      vertex 27.595 9.45657 6
    endloop
  endfacet
  facet normal -0.831485 -0.555547 0
    outer loop
      vertex 27.595 9.45657 7
      vertex 27.6495 9.375 6
      vertex 27.6495 9.375 7
    endloop
  endfacet
  facet normal -0.195136 -0.980776 0
    outer loop
      vertex 27.0979 9.74358 6
      vertex 27.1941 9.72444 7
      vertex 27.0979 9.74358 7
    endloop
  endfacet
  facet normal -0.195136 -0.980776 -0
    outer loop
      vertex 27.1941 9.72444 7
      vertex 27.0979 9.74358 6
      vertex 27.1941 9.72444 6
    endloop
  endfacet
  facet normal -0.0654366 -0.997857 0
    outer loop
      vertex 27 9.75 6
      vertex 27.0979 9.74358 7
      vertex 27 9.75 7
    endloop
  endfacet
  facet normal -0.0654366 -0.997857 -0
    outer loop
      vertex 27.0979 9.74358 7
      vertex 27 9.75 6
      vertex 27.0979 9.74358 6
    endloop
  endfacet
  facet normal -0.442233 -0.8969 0
    outer loop
      vertex 27.287 9.69291 6
      vertex 27.375 9.64952 7
      vertex 27.287 9.69291 7
    endloop
  endfacet
  facet normal -0.442233 -0.8969 -0
    outer loop
      vertex 27.375 9.64952 7
      vertex 27.287 9.69291 6
      vertex 27.375 9.64952 6
    endloop
  endfacet
  facet normal 0.94704 -0.321117 0
    outer loop
      vertex 26.2756 9.19411 7
      vertex 26.3071 9.28701 6
      vertex 26.3071 9.28701 7
    endloop
  endfacet
  facet normal 0.94704 -0.321117 0
    outer loop
      vertex 26.3071 9.28701 6
      vertex 26.2756 9.19411 7
      vertex 26.2756 9.19411 6
    endloop
  endfacet
  facet normal 0.99787 -0.0652402 0
    outer loop
      vertex 26.25 9 7
      vertex 26.2564 9.09789 6
      vertex 26.2564 9.09789 7
    endloop
  endfacet
  facet normal 0.99787 -0.0652402 0
    outer loop
      vertex 26.2564 9.09789 6
      vertex 26.25 9 7
      vertex 26.25 9 6
    endloop
  endfacet
  facet normal 0.99787 0.0652402 0
    outer loop
      vertex 26.2564 8.90211 7
      vertex 26.25 9 6
      vertex 26.25 9 7
    endloop
  endfacet
  facet normal 0.99787 0.0652402 0
    outer loop
      vertex 26.25 9 6
      vertex 26.2564 8.90211 7
      vertex 26.2564 8.90211 6
    endloop
  endfacet
  facet normal 0.195136 -0.980776 0
    outer loop
      vertex 26.8059 9.72444 6
      vertex 26.9021 9.74358 7
      vertex 26.8059 9.72444 7
    endloop
  endfacet
  facet normal 0.195136 -0.980776 0
    outer loop
      vertex 26.9021 9.74358 7
      vertex 26.8059 9.72444 6
      vertex 26.9021 9.74358 6
    endloop
  endfacet
  facet normal -0.94704 0.321117 0
    outer loop
      vertex 27.6929 8.71299 6
      vertex 27.7244 8.80589 7
      vertex 27.7244 8.80589 6
    endloop
  endfacet
  facet normal -0.94704 0.321117 0
    outer loop
      vertex 27.7244 8.80589 7
      vertex 27.6929 8.71299 6
      vertex 27.6929 8.71299 7
    endloop
  endfacet
  facet normal -0.980667 0.195685 0
    outer loop
      vertex 27.7244 8.80589 6
      vertex 27.7436 8.90211 7
      vertex 27.7436 8.90211 6
    endloop
  endfacet
  facet normal -0.980667 0.195685 0
    outer loop
      vertex 27.7436 8.90211 7
      vertex 27.7244 8.80589 6
      vertex 27.7244 8.80589 7
    endloop
  endfacet
  facet normal 0.980667 0.195685 0
    outer loop
      vertex 26.2756 8.80589 7
      vertex 26.2564 8.90211 6
      vertex 26.2564 8.90211 7
    endloop
  endfacet
  facet normal 0.980667 0.195685 0
    outer loop
      vertex 26.2564 8.90211 6
      vertex 26.2756 8.80589 7
      vertex 26.2756 8.80589 6
    endloop
  endfacet
  facet normal -0.442233 0.8969 0
    outer loop
      vertex 27.375 8.35048 6
      vertex 27.287 8.30709 7
      vertex 27.375 8.35048 7
    endloop
  endfacet
  facet normal -0.442233 0.8969 0
    outer loop
      vertex 27.287 8.30709 7
      vertex 27.375 8.35048 6
      vertex 27.287 8.30709 6
    endloop
  endfacet
  facet normal 0.980667 -0.195685 0
    outer loop
      vertex 26.2564 9.09789 7
      vertex 26.2756 9.19411 6
      vertex 26.2756 9.19411 7
    endloop
  endfacet
  facet normal 0.980667 -0.195685 0
    outer loop
      vertex 26.2756 9.19411 6
      vertex 26.2564 9.09789 7
      vertex 26.2564 9.09789 6
    endloop
  endfacet
  facet normal 0.555476 -0.831533 0
    outer loop
      vertex 26.5434 9.59501 6
      vertex 26.625 9.64952 7
      vertex 26.5434 9.59501 7
    endloop
  endfacet
  facet normal 0.555476 -0.831533 0
    outer loop
      vertex 26.625 9.64952 7
      vertex 26.5434 9.59501 6
      vertex 26.625 9.64952 6
    endloop
  endfacet
  facet normal -0.831485 0.555547 0
    outer loop
      vertex 27.595 8.54343 6
      vertex 27.6495 8.625 7
      vertex 27.6495 8.625 6
    endloop
  endfacet
  facet normal -0.831485 0.555547 0
    outer loop
      vertex 27.6495 8.625 7
      vertex 27.595 8.54343 6
      vertex 27.595 8.54343 7
    endloop
  endfacet
  facet normal -0.99787 0.0652402 0
    outer loop
      vertex 27.7436 8.90211 6
      vertex 27.75 9 7
      vertex 27.75 9 6
    endloop
  endfacet
  facet normal -0.99787 0.0652402 0
    outer loop
      vertex 27.75 9 7
      vertex 27.7436 8.90211 6
      vertex 27.7436 8.90211 7
    endloop
  endfacet
  facet normal 0.321391 0.946947 -0
    outer loop
      vertex 26.8059 8.27556 6
      vertex 26.713 8.30709 7
      vertex 26.8059 8.27556 7
    endloop
  endfacet
  facet normal 0.321391 0.946947 0
    outer loop
      vertex 26.713 8.30709 7
      vertex 26.8059 8.27556 6
      vertex 26.713 8.30709 6
    endloop
  endfacet
  facet normal 0.659673 0.751552 -0
    outer loop
      vertex 26.5434 8.40498 6
      vertex 26.4697 8.46967 7
      vertex 26.5434 8.40498 7
    endloop
  endfacet
  facet normal 0.659673 0.751552 0
    outer loop
      vertex 26.4697 8.46967 7
      vertex 26.5434 8.40498 6
      vertex 26.4697 8.46967 6
    endloop
  endfacet
  facet normal -0.751768 0.659428 0
    outer loop
      vertex 27.5303 8.46967 6
      vertex 27.595 8.54343 7
      vertex 27.595 8.54343 6
    endloop
  endfacet
  facet normal -0.751768 0.659428 0
    outer loop
      vertex 27.595 8.54343 7
      vertex 27.5303 8.46967 6
      vertex 27.5303 8.46967 7
    endloop
  endfacet
  facet normal -0.555406 0.83158 0
    outer loop
      vertex 27.4566 8.40498 6
      vertex 27.375 8.35048 7
      vertex 27.4566 8.40498 7
    endloop
  endfacet
  facet normal -0.555406 0.83158 0
    outer loop
      vertex 27.375 8.35048 7
      vertex 27.4566 8.40498 6
      vertex 27.375 8.35048 6
    endloop
  endfacet
  facet normal -0.321391 0.946947 0
    outer loop
      vertex 27.287 8.30709 6
      vertex 27.1941 8.27556 7
      vertex 27.287 8.30709 7
    endloop
  endfacet
  facet normal -0.321391 0.946947 0
    outer loop
      vertex 27.1941 8.27556 7
      vertex 27.287 8.30709 6
      vertex 27.1941 8.27556 6
    endloop
  endfacet
  facet normal -0.89684 0.442355 0
    outer loop
      vertex 27.6495 8.625 6
      vertex 27.6929 8.71299 7
      vertex 27.6929 8.71299 6
    endloop
  endfacet
  facet normal -0.89684 0.442355 0
    outer loop
      vertex 27.6929 8.71299 7
      vertex 27.6495 8.625 6
      vertex 27.6495 8.625 7
    endloop
  endfacet
  facet normal 0.0654366 0.997857 -0
    outer loop
      vertex 27 8.25 6
      vertex 26.9021 8.25642 7
      vertex 27 8.25 7
    endloop
  endfacet
  facet normal 0.0654366 0.997857 0
    outer loop
      vertex 26.9021 8.25642 7
      vertex 27 8.25 6
      vertex 26.9021 8.25642 6
    endloop
  endfacet
  facet normal 0.195136 0.980776 -0
    outer loop
      vertex 26.9021 8.25642 6
      vertex 26.8059 8.27556 7
      vertex 26.9021 8.25642 7
    endloop
  endfacet
  facet normal 0.195136 0.980776 0
    outer loop
      vertex 26.8059 8.27556 7
      vertex 26.9021 8.25642 6
      vertex 26.8059 8.27556 6
    endloop
  endfacet
  facet normal 0.831485 0.555547 0
    outer loop
      vertex 26.405 8.54343 7
      vertex 26.3505 8.625 6
      vertex 26.3505 8.625 7
    endloop
  endfacet
  facet normal 0.831485 0.555547 0
    outer loop
      vertex 26.3505 8.625 6
      vertex 26.405 8.54343 7
      vertex 26.405 8.54343 6
    endloop
  endfacet
  facet normal 0.94704 0.321117 0
    outer loop
      vertex 26.3071 8.71299 7
      vertex 26.2756 8.80589 6
      vertex 26.2756 8.80589 7
    endloop
  endfacet
  facet normal 0.94704 0.321117 0
    outer loop
      vertex 26.2756 8.80589 6
      vertex 26.3071 8.71299 7
      vertex 26.3071 8.71299 6
    endloop
  endfacet
  facet normal -0.659673 0.751552 0
    outer loop
      vertex 27.5303 8.46967 6
      vertex 27.4566 8.40498 7
      vertex 27.5303 8.46967 7
    endloop
  endfacet
  facet normal -0.659673 0.751552 0
    outer loop
      vertex 27.4566 8.40498 7
      vertex 27.5303 8.46967 6
      vertex 27.4566 8.40498 6
    endloop
  endfacet
  facet normal 0.555406 0.83158 -0
    outer loop
      vertex 26.625 8.35048 6
      vertex 26.5434 8.40498 7
      vertex 26.625 8.35048 7
    endloop
  endfacet
  facet normal 0.555406 0.83158 0
    outer loop
      vertex 26.5434 8.40498 7
      vertex 26.625 8.35048 6
      vertex 26.5434 8.40498 6
    endloop
  endfacet
  facet normal 0.442233 0.8969 -0
    outer loop
      vertex 26.713 8.30709 6
      vertex 26.625 8.35048 7
      vertex 26.713 8.30709 7
    endloop
  endfacet
  facet normal 0.442233 0.8969 0
    outer loop
      vertex 26.625 8.35048 7
      vertex 26.713 8.30709 6
      vertex 26.625 8.35048 6
    endloop
  endfacet
  facet normal 0.751768 0.659428 0
    outer loop
      vertex 26.4697 8.46967 7
      vertex 26.405 8.54343 6
      vertex 26.405 8.54343 7
    endloop
  endfacet
  facet normal 0.751768 0.659428 0
    outer loop
      vertex 26.405 8.54343 6
      vertex 26.4697 8.46967 7
      vertex 26.4697 8.46967 6
    endloop
  endfacet
  facet normal -1 0 0
    outer loop
      vertex -36 -12 0
      vertex -36 12 7
      vertex -36 12 0
    endloop
  endfacet
  facet normal -1 -0 0
    outer loop
      vertex -36 12 7
      vertex -36 -12 0
      vertex -36 -12 7
    endloop
  endfacet
  facet normal 0 0 1
    outer loop
      vertex 36 12 7
      vertex 30.7 0 7
      vertex 36 -12 7
    endloop
  endfacet
  facet normal 0 0 1
    outer loop
      vertex 36 12 7
      vertex 30.6427 0.874525 7
      vertex 30.7 0 7
    endloop
  endfacet
  facet normal 0 0 1
    outer loop
      vertex 36 12 7
      vertex 30.4717 1.73409 7
      vertex 30.6427 0.874525 7
    endloop
  endfacet
  facet normal 0 0 1
    outer loop
      vertex 36 12 7
      vertex 30.19 2.56398 7
      vertex 30.4717 1.73409 7
    endloop
  endfacet
  facet normal 0 0 1
    outer loop
      vertex 36 12 7
      vertex 29.8024 3.35 7
      vertex 30.19 2.56398 7
    endloop
  endfacet
  facet normal 0 0 1
    outer loop
      vertex 36 12 7
      vertex 29.3155 4.0787 7
      vertex 29.8024 3.35 7
    endloop
  endfacet
  facet normal 0 0 1
    outer loop
      vertex 36 12 7
      vertex 28.7376 4.73761 7
      vertex 29.3155 4.0787 7
    endloop
  endfacet
  facet normal -0 0 1
    outer loop
      vertex 27.7436 8.90211 7
      vertex 28.7376 4.73761 7
      vertex 36 12 7
    endloop
  endfacet
  facet normal 0 0 1
    outer loop
      vertex 27.7436 8.90211 7
      vertex 36 12 7
      vertex 27.75 9 7
    endloop
  endfacet
  facet normal 0 0 1
    outer loop
      vertex 36 12 7
      vertex 27.7436 9.09789 7
      vertex 27.75 9 7
    endloop
  endfacet
  facet normal 0 0 1
    outer loop
      vertex 36 12 7
      vertex 27.7244 9.19411 7
      vertex 27.7436 9.09789 7
    endloop
  endfacet
  facet normal 0 0 1
    outer loop
      vertex 36 12 7
      vertex 27.6929 9.28701 7
      vertex 27.7244 9.19411 7
    endloop
  endfacet
  facet normal 0 0 1
    outer loop
      vertex 36 12 7
      vertex 27.6495 9.375 7
      vertex 27.6929 9.28701 7
    endloop
  endfacet
  facet normal 0 0 1
    outer loop
      vertex 36 12 7
      vertex 27.595 9.45657 7
      vertex 27.6495 9.375 7
    endloop
  endfacet
  facet normal 0 0 1
    outer loop
      vertex 36 12 7
      vertex 27.5303 9.53033 7
      vertex 27.595 9.45657 7
    endloop
  endfacet
  facet normal 0 0 1
    outer loop
      vertex 36 12 7
      vertex 27.4566 9.59501 7
      vertex 27.5303 9.53033 7
    endloop
  endfacet
  facet normal 0 0 1
    outer loop
      vertex 36 12 7
      vertex 27.375 9.64952 7
      vertex 27.4566 9.59501 7
    endloop
  endfacet
  facet normal 0 0 1
    outer loop
      vertex 36 12 7
      vertex 27.287 9.69291 7
      vertex 27.375 9.64952 7
    endloop
  endfacet
  facet normal 0 0 1
    outer loop
      vertex 36 12 7
      vertex 27.1941 9.72444 7
      vertex 27.287 9.69291 7
    endloop
  endfacet
  facet normal 0 0 1
    outer loop
      vertex 36 12 7
      vertex 27.0979 9.74358 7
      vertex 27.1941 9.72444 7
    endloop
  endfacet
  facet normal 0 0 1
    outer loop
      vertex 36 12 7
      vertex 27 9.75 7
      vertex 27.0979 9.74358 7
    endloop
  endfacet
  facet normal 0 0 1
    outer loop
      vertex 36 12 7
      vertex 26.9021 9.74358 7
      vertex 27 9.75 7
    endloop
  endfacet
  facet normal 0 0 1
    outer loop
      vertex 24.0979 9.74358 7
      vertex 26.9021 9.74358 7
      vertex 36 12 7
    endloop
  endfacet
  facet normal 0 0 1
    outer loop
      vertex 24.75 9 7
      vertex 26.25 9 7
      vertex 26.2564 9.09789 7
    endloop
  endfacet
  facet normal 0 0 1
    outer loop
      vertex 26.25 9 7
      vertex 24.595 8.54343 7
      vertex 25.7341 6.4717 7
    endloop
  endfacet
  facet normal 0 0 1
    outer loop
      vertex 24.7436 9.09789 7
      vertex 26.2564 9.09789 7
      vertex 26.2756 9.19411 7
    endloop
  endfacet
  facet normal 0 0 1
    outer loop
      vertex 24.7244 9.19411 7
      vertex 26.2756 9.19411 7
      vertex 26.3071 9.28701 7
    endloop
  endfacet
  facet normal 0 0 1
    outer loop
      vertex 24.6929 9.28701 7
      vertex 26.3071 9.28701 7
      vertex 26.3505 9.375 7
    endloop
  endfacet
  facet normal 0 0 1
    outer loop
      vertex 26.25 9 7
      vertex 24.75 9 7
      vertex 24.7436 8.90211 7
    endloop
  endfacet
  facet normal 0 0 1
    outer loop
      vertex 24.6495 9.375 7
      vertex 26.3505 9.375 7
      vertex 26.405 9.45657 7
    endloop
  endfacet
  facet normal 0 0 1
    outer loop
      vertex 24.595 9.45657 7
      vertex 26.405 9.45657 7
      vertex 26.4697 9.53033 7
    endloop
  endfacet
  facet normal 0 0 1
    outer loop
      vertex 24.5303 9.53033 7
      vertex 26.4697 9.53033 7
      vertex 26.5434 9.59501 7
    endloop
  endfacet
  facet normal 0 0 1
    outer loop
      vertex 24.4566 9.59501 7
      vertex 26.5434 9.59501 7
      vertex 26.625 9.64952 7
    endloop
  endfacet
  facet normal 0 0 1
    outer loop
      vertex 24.375 9.64952 7
      vertex 26.625 9.64952 7
      vertex 26.713 9.69291 7
    endloop
  endfacet
  facet normal 0 0 1
    outer loop
      vertex 26.2564 9.09789 7
      vertex 24.7436 9.09789 7
      vertex 24.75 9 7
    endloop
  endfacet
  facet normal 0 0 1
    outer loop
      vertex 24.287 9.69291 7
      vertex 26.713 9.69291 7
      vertex 26.8059 9.72444 7
    endloop
  endfacet
  facet normal 0 0 1
    outer loop
      vertex 26.2756 9.19411 7
      vertex 24.7244 9.19411 7
      vertex 24.7436 9.09789 7
    endloop
  endfacet
  facet normal 0 0 1
    outer loop
      vertex 26.3071 9.28701 7
      vertex 24.6929 9.28701 7
      vertex 24.7244 9.19411 7
    endloop
  endfacet
  facet normal 0 0 1
    outer loop
      vertex 26.9021 9.74358 7
      vertex 24.0979 9.74358 7
      vertex 26.8059 9.72444 7
    endloop
  endfacet
  facet normal 0 0 1
    outer loop
      vertex 26.3505 9.375 7
      vertex 24.6495 9.375 7
      vertex 24.6929 9.28701 7
    endloop
  endfacet
  facet normal 0 0 1
    outer loop
      vertex 26.405 9.45657 7
      vertex 24.595 9.45657 7
      vertex 24.6495 9.375 7
    endloop
  endfacet
  facet normal 0 0 1
    outer loop
      vertex 26.4697 9.53033 7
      vertex 24.5303 9.53033 7
      vertex 24.595 9.45657 7
    endloop
  endfacet
  facet normal 0 0 1
    outer loop
      vertex 26.5434 9.59501 7
      vertex 24.4566 9.59501 7
      vertex 24.5303 9.53033 7
    endloop
  endfacet
  facet normal 0 0 1
    outer loop
      vertex 26.625 9.64952 7
      vertex 24.375 9.64952 7
      vertex 24.4566 9.59501 7
    endloop
  endfacet
  facet normal 0 0 1
    outer loop
      vertex 26.713 9.69291 7
      vertex 24.287 9.69291 7
      vertex 24.375 9.64952 7
    endloop
  endfacet
  facet normal 0 0 1
    outer loop
      vertex 26.8059 9.72444 7
      vertex 24.1941 9.72444 7
      vertex 24.287 9.69291 7
    endloop
  endfacet
  facet normal 0 0 1
    outer loop
      vertex 26.8059 9.72444 7
      vertex 24.0979 9.74358 7
      vertex 24.1941 9.72444 7
    endloop
  endfacet
  facet normal 0 0 1
    outer loop
      vertex 36 12 7
      vertex 24 9.75 7
      vertex 24.0979 9.74358 7
    endloop
  endfacet
  facet normal 0 0 1
    outer loop
      vertex 21 9.75 7
      vertex 24 9.75 7
      vertex 36 12 7
    endloop
  endfacet
  facet normal 0 0 1
    outer loop
      vertex 23.405 8.54343 7
      vertex 22.2659 6.4717 7
      vertex 23.1255 6.64268 7
    endloop
  endfacet
  facet normal 0 0 1
    outer loop
      vertex 21.75 9 7
      vertex 23.25 9 7
      vertex 23.2564 9.09789 7
    endloop
  endfacet
  facet normal 0 0 1
    outer loop
      vertex 21.7436 9.09789 7
      vertex 23.2564 9.09789 7
      vertex 23.2756 9.19411 7
    endloop
  endfacet
  facet normal 0 0 1
    outer loop
      vertex 21.7244 9.19411 7
      vertex 23.2756 9.19411 7
      vertex 23.3071 9.28701 7
    endloop
  endfacet
  facet normal 0 0 1
    outer loop
      vertex 23.25 9 7
      vertex 21.75 9 7
      vertex 21.7436 8.90211 7
    endloop
  endfacet
  facet normal 0 0 1
    outer loop
      vertex 21.6929 9.28701 7
      vertex 23.3071 9.28701 7
      vertex 23.3505 9.375 7
    endloop
  endfacet
  facet normal 0 0 1
    outer loop
      vertex 21.6495 9.375 7
      vertex 23.3505 9.375 7
      vertex 23.405 9.45657 7
    endloop
  endfacet
  facet normal 0 0 1
    outer loop
      vertex 21.595 9.45657 7
      vertex 23.405 9.45657 7
      vertex 23.4697 9.53033 7
    endloop
  endfacet
  facet normal 0 0 1
    outer loop
      vertex 21.5303 9.53033 7
      vertex 23.4697 9.53033 7
      vertex 23.5434 9.59501 7
    endloop
  endfacet
  facet normal 0 0 1
    outer loop
      vertex 21.4566 9.59501 7
      vertex 23.5434 9.59501 7
      vertex 23.625 9.64952 7
    endloop
  endfacet
  facet normal 0 0 1
    outer loop
      vertex 21.375 9.64952 7
      vertex 23.625 9.64952 7
      vertex 23.713 9.69291 7
    endloop
  endfacet
  facet normal 0 0 1
    outer loop
      vertex 23.2564 9.09789 7
      vertex 21.7436 9.09789 7
      vertex 21.75 9 7
    endloop
  endfacet
  facet normal 0 0 1
    outer loop
      vertex 21.287 9.69291 7
      vertex 23.713 9.69291 7
      vertex 23.8059 9.72444 7
    endloop
  endfacet
  facet normal 0 0 1
    outer loop
      vertex 23.2756 9.19411 7
      vertex 21.7244 9.19411 7
      vertex 21.7436 9.09789 7
    endloop
  endfacet
  facet normal 0 0 1
    outer loop
      vertex 23.3071 9.28701 7
      vertex 21.6929 9.28701 7
      vertex 21.7244 9.19411 7
    endloop
  endfacet
  facet normal 0 0 1
    outer loop
      vertex 23.3505 9.375 7
      vertex 21.6495 9.375 7
      vertex 21.6929 9.28701 7
    endloop
  endfacet
  facet normal 0 0 1
    outer loop
      vertex 21.1941 9.72444 7
      vertex 23.8059 9.72444 7
      vertex 23.9021 9.74358 7
    endloop
  endfacet
  facet normal 0 0 1
    outer loop
      vertex 24 9.75 7
      vertex 21 9.75 7
      vertex 23.9021 9.74358 7
    endloop
  endfacet
  facet normal 0 0 1
    outer loop
      vertex 23.405 9.45657 7
      vertex 21.595 9.45657 7
      vertex 21.6495 9.375 7
    endloop
  endfacet
  facet normal 0 0 1
    outer loop
      vertex 23.4697 9.53033 7
      vertex 21.5303 9.53033 7
      vertex 21.595 9.45657 7
    endloop
  endfacet
  facet normal 0 0 1
    outer loop
      vertex 23.5434 9.59501 7
      vertex 21.4566 9.59501 7
      vertex 21.5303 9.53033 7
    endloop
  endfacet
  facet normal 0 0 1
    outer loop
      vertex 23.625 9.64952 7
      vertex 21.375 9.64952 7
      vertex 21.4566 9.59501 7
    endloop
  endfacet
  facet normal 0 0 1
    outer loop
      vertex 23.713 9.69291 7
      vertex 21.287 9.69291 7
      vertex 21.375 9.64952 7
    endloop
  endfacet
  facet normal 0 0 1
    outer loop
      vertex 23.8059 9.72444 7
      vertex 21.1941 9.72444 7
      vertex 21.287 9.69291 7
    endloop
  endfacet
  facet normal 0 0 1
    outer loop
      vertex 23.9021 9.74358 7
      vertex 21.0979 9.74358 7
      vertex 21.1941 9.72444 7
    endloop
  endfacet
  facet normal 0 0 1
    outer loop
      vertex 23.9021 9.74358 7
      vertex 21 9.75 7
      vertex 21.0979 9.74358 7
    endloop
  endfacet
  facet normal 0 0 1
    outer loop
      vertex 36 12 7
      vertex 20.9021 9.74358 7
      vertex 21 9.75 7
    endloop
  endfacet
  facet normal 0 0 1
    outer loop
      vertex 5.23613 4.01783 7
      vertex 20.25 9 7
      vertex 20.2564 9.09789 7
    endloop
  endfacet
  facet normal 0 0 1
    outer loop
      vertex 20.25 9 7
      vertex 19.2624 4.73761 7
      vertex 19.9213 5.31547 7
    endloop
  endfacet
  facet normal 0 0 1
    outer loop
      vertex 4.6669 4.6669 7
      vertex 20.2564 9.09789 7
      vertex 20.2756 9.19411 7
    endloop
  endfacet
  facet normal 0 0 1
    outer loop
      vertex 20.25 9 7
      vertex 18.6845 4.0787 7
      vertex 19.2624 4.73761 7
    endloop
  endfacet
  facet normal 0 0 1
    outer loop
      vertex 20.25 9 7
      vertex 5.23613 4.01783 7
      vertex 18.6845 4.0787 7
    endloop
  endfacet
  facet normal 0 0 1
    outer loop
      vertex 2.22444 9.19411 7
      vertex 20.2756 9.19411 7
      vertex 20.3071 9.28701 7
    endloop
  endfacet
  facet normal 0 0 1
    outer loop
      vertex 18.6845 4.0787 7
      vertex 5.23613 4.01783 7
      vertex 18.1976 3.35 7
    endloop
  endfacet
  facet normal 0 0 1
    outer loop
      vertex 17.3573 0.874525 7
      vertex 6.6 0 7
      vertex 17.3 0 7
    endloop
  endfacet
  facet normal 0 0 1
    outer loop
      vertex 6.54354 0.861472 7
      vertex 17.3573 0.874525 7
      vertex 17.5283 1.73409 7
    endloop
  endfacet
  facet normal 0 0 1
    outer loop
      vertex 6.37511 1.70821 7
      vertex 17.5283 1.73409 7
      vertex 17.81 2.56398 7
    endloop
  endfacet
  facet normal 0 -0 1
    outer loop
      vertex 5.71577 3.3 7
      vertex 18.1976 3.35 7
      vertex 5.23613 4.01783 7
    endloop
  endfacet
  facet normal 0 0 1
    outer loop
      vertex 2.19291 9.28701 7
      vertex 20.3071 9.28701 7
      vertex 20.3505 9.375 7
    endloop
  endfacet
  facet normal 0 0 1
    outer loop
      vertex 2.14952 9.375 7
      vertex 20.3505 9.375 7
      vertex 20.405 9.45657 7
    endloop
  endfacet
  facet normal 0 0 1
    outer loop
      vertex 2.09501 9.45657 7
      vertex 20.405 9.45657 7
      vertex 20.4697 9.53033 7
    endloop
  endfacet
  facet normal 0 0 1
    outer loop
      vertex 2.03033 9.53033 7
      vertex 20.4697 9.53033 7
      vertex 20.5434 9.59501 7
    endloop
  endfacet
  facet normal 0 0 1
    outer loop
      vertex 17.3573 0.874525 7
      vertex 6.54354 0.861472 7
      vertex 6.6 0 7
    endloop
  endfacet
  facet normal 0 0 1
    outer loop
      vertex 1.95657 9.59501 7
      vertex 20.5434 9.59501 7
      vertex 20.625 9.64952 7
    endloop
  endfacet
  facet normal 0 0 1
    outer loop
      vertex 17.5283 1.73409 7
      vertex 6.37511 1.70821 7
      vertex 6.54354 0.861472 7
    endloop
  endfacet
  facet normal 0 0 1
    outer loop
      vertex 17.81 2.56398 7
      vertex 6.0976 2.52571 7
      vertex 6.37511 1.70821 7
    endloop
  endfacet
  facet normal 0 0 1
    outer loop
      vertex 1.875 9.64952 7
      vertex 20.625 9.64952 7
      vertex 20.713 9.69291 7
    endloop
  endfacet
  facet normal 0 0 1
    outer loop
      vertex 17.81 2.56398 7
      vertex 5.71577 3.3 7
      vertex 6.0976 2.52571 7
    endloop
  endfacet
  facet normal 0 0 1
    outer loop
      vertex 18.1976 3.35 7
      vertex 5.71577 3.3 7
      vertex 17.81 2.56398 7
    endloop
  endfacet
  facet normal 0 0 1
    outer loop
      vertex 20.2564 9.09789 7
      vertex 4.6669 4.6669 7
      vertex 5.23613 4.01783 7
    endloop
  endfacet
  facet normal 0 0 1
    outer loop
      vertex 1.78701 9.69291 7
      vertex 20.713 9.69291 7
      vertex 20.8059 9.72444 7
    endloop
  endfacet
  facet normal 0 0 1
    outer loop
      vertex 20.2756 9.19411 7
      vertex 2.22444 9.19411 7
      vertex 4.6669 4.6669 7
    endloop
  endfacet
  facet normal 0 0 1
    outer loop
      vertex 4.6669 4.6669 7
      vertex 2.24358 9.09789 7
      vertex 4.01783 5.23613 7
    endloop
  endfacet
  facet normal -0 -0 1
    outer loop
      vertex 2.25 9 7
      vertex 4.01783 5.23613 7
      vertex 2.24358 9.09789 7
    endloop
  endfacet
  facet normal 0 0 1
    outer loop
      vertex 1.69411 9.72444 7
      vertex 20.8059 9.72444 7
      vertex 20.9021 9.74358 7
    endloop
  endfacet
  facet normal 0 0 1
    outer loop
      vertex 4.01783 5.23613 7
      vertex 2.24358 8.90211 7
      vertex 3.3 5.71577 7
    endloop
  endfacet
  facet normal 0 0 1
    outer loop
      vertex 1.59789 9.74358 7
      vertex 20.9021 9.74358 7
      vertex 36 12 7
    endloop
  endfacet
  facet normal -0 0 1
    outer loop
      vertex 2.24358 8.90211 7
      vertex 4.01783 5.23613 7
      vertex 2.25 9 7
    endloop
  endfacet
  facet normal 0 0 1
    outer loop
      vertex 4.6669 4.6669 7
      vertex 2.22444 9.19411 7
      vertex 2.24358 9.09789 7
    endloop
  endfacet
  facet normal 0 0 1
    outer loop
      vertex 20.3071 9.28701 7
      vertex 2.19291 9.28701 7
      vertex 2.22444 9.19411 7
    endloop
  endfacet
  facet normal 0 0 1
    outer loop
      vertex 20.3505 9.375 7
      vertex 2.14952 9.375 7
      vertex 2.19291 9.28701 7
    endloop
  endfacet
  facet normal 0 0 1
    outer loop
      vertex 20.405 9.45657 7
      vertex 2.09501 9.45657 7
      vertex 2.14952 9.375 7
    endloop
  endfacet
  facet normal 0 0 1
    outer loop
      vertex 20.4697 9.53033 7
      vertex 2.03033 9.53033 7
      vertex 2.09501 9.45657 7
    endloop
  endfacet
  facet normal 0 0 1
    outer loop
      vertex 20.5434 9.59501 7
      vertex 1.95657 9.59501 7
      vertex 2.03033 9.53033 7
    endloop
  endfacet
  facet normal 0 0 1
    outer loop
      vertex 20.625 9.64952 7
      vertex 1.875 9.64952 7
      vertex 1.95657 9.59501 7
    endloop
  endfacet
  facet normal 0 0 1
    outer loop
      vertex 20.713 9.69291 7
      vertex 1.78701 9.69291 7
      vertex 1.875 9.64952 7
    endloop
  endfacet
  facet normal 0 0 1
    outer loop
      vertex 20.8059 9.72444 7
      vertex 1.69411 9.72444 7
      vertex 1.78701 9.69291 7
    endloop
  endfacet
  facet normal 0 0 1
    outer loop
      vertex 20.9021 9.74358 7
      vertex 1.59789 9.74358 7
      vertex 1.69411 9.72444 7
    endloop
  endfacet
  facet normal 0 0 1
    outer loop
      vertex 36 12 7
      vertex 1.5 9.75 7
      vertex 1.59789 9.74358 7
    endloop
  endfacet
  facet normal 0 0 1
    outer loop
      vertex -0.75 9 7
      vertex 0.75 9 7
      vertex 0.756416 9.09789 7
    endloop
  endfacet
  facet normal 0 0 1
    outer loop
      vertex -0.756416 9.09789 7
      vertex 0.756416 9.09789 7
      vertex 0.775556 9.19411 7
    endloop
  endfacet
  facet normal 0 0 1
    outer loop
      vertex 0.75 9 7
      vertex -0.75 9 7
      vertex -0.756416 8.90211 7
    endloop
  endfacet
  facet normal 0 0 1
    outer loop
      vertex -0.775556 9.19411 7
      vertex 0.775556 9.19411 7
      vertex 0.80709 9.28701 7
    endloop
  endfacet
  facet normal 0 0 1
    outer loop
      vertex -0.80709 9.28701 7
      vertex 0.80709 9.28701 7
      vertex 0.85048 9.375 7
    endloop
  endfacet
  facet normal 0 0 1
    outer loop
      vertex -0.85048 9.375 7
      vertex 0.85048 9.375 7
      vertex 0.904984 9.45657 7
    endloop
  endfacet
  facet normal 0 0 1
    outer loop
      vertex -0.904984 9.45657 7
      vertex 0.904984 9.45657 7
      vertex 0.969669 9.53033 7
    endloop
  endfacet
  facet normal 0 0 1
    outer loop
      vertex -0.969669 9.53033 7
      vertex 0.969669 9.53033 7
      vertex 1.04343 9.59501 7
    endloop
  endfacet
  facet normal 0 0 1
    outer loop
      vertex -1.04343 9.59501 7
      vertex 1.04343 9.59501 7
      vertex 1.125 9.64952 7
    endloop
  endfacet
  facet normal 0 0 1
    outer loop
      vertex -1.125 9.64952 7
      vertex 1.125 9.64952 7
      vertex 1.21299 9.69291 7
    endloop
  endfacet
  facet normal 0 0 1
    outer loop
      vertex 0.756416 9.09789 7
      vertex -0.756416 9.09789 7
      vertex -0.75 9 7
    endloop
  endfacet
  facet normal 0 0 1
    outer loop
      vertex -1.21299 9.69291 7
      vertex 1.21299 9.69291 7
      vertex 1.30589 9.72444 7
    endloop
  endfacet
  facet normal 0 0 1
    outer loop
      vertex 0.775556 9.19411 7
      vertex -0.775556 9.19411 7
      vertex -0.756416 9.09789 7
    endloop
  endfacet
  facet normal 0 0 1
    outer loop
      vertex 0.80709 9.28701 7
      vertex -0.80709 9.28701 7
      vertex -0.775556 9.19411 7
    endloop
  endfacet
  facet normal 0 0 1
    outer loop
      vertex 0.85048 9.375 7
      vertex -0.85048 9.375 7
      vertex -0.80709 9.28701 7
    endloop
  endfacet
  facet normal 0 0 1
    outer loop
      vertex -1.30589 9.72444 7
      vertex 1.30589 9.72444 7
      vertex 1.40211 9.74358 7
    endloop
  endfacet
  facet normal 0 0 1
    outer loop
      vertex 0.904984 9.45657 7
      vertex -0.904984 9.45657 7
      vertex -0.85048 9.375 7
    endloop
  endfacet
  facet normal 0 0 1
    outer loop
      vertex 0.969669 9.53033 7
      vertex -0.969669 9.53033 7
      vertex -0.904984 9.45657 7
    endloop
  endfacet
  facet normal 0 0 1
    outer loop
      vertex 1.04343 9.59501 7
      vertex -1.04343 9.59501 7
      vertex -0.969669 9.53033 7
    endloop
  endfacet
  facet normal 0 0 1
    outer loop
      vertex -1.40211 9.74358 7
      vertex 1.40211 9.74358 7
      vertex 1.5 9.75 7
    endloop
  endfacet
  facet normal 0 0 1
    outer loop
      vertex -1.5 9.75 7
      vertex 1.5 9.75 7
      vertex 36 12 7
    endloop
  endfacet
  facet normal 0 0 1
    outer loop
      vertex 1.125 9.64952 7
      vertex -1.125 9.64952 7
      vertex -1.04343 9.59501 7
    endloop
  endfacet
  facet normal 0 0 1
    outer loop
      vertex 1.21299 9.69291 7
      vertex -1.21299 9.69291 7
      vertex -1.125 9.64952 7
    endloop
  endfacet
  facet normal 0 0 1
    outer loop
      vertex 1.30589 9.72444 7
      vertex -1.30589 9.72444 7
      vertex -1.21299 9.69291 7
    endloop
  endfacet
  facet normal 0 0 1
    outer loop
      vertex 1.40211 9.74358 7
      vertex -1.40211 9.74358 7
      vertex -1.30589 9.72444 7
    endloop
  endfacet
  facet normal 0 0 1
    outer loop
      vertex 1.5 9.75 7
      vertex -1.5 9.75 7
      vertex -1.40211 9.74358 7
    endloop
  endfacet
  facet normal 0 0 1
    outer loop
      vertex -4.01783 5.23613 7
      vertex -2.25 9 7
      vertex -2.24358 9.09789 7
    endloop
  endfacet
  facet normal 0 0 1
    outer loop
      vertex -2.25 9 7
      vertex -3.3 5.71577 7
      vertex -2.52571 6.0976 7
    endloop
  endfacet
  facet normal 0 0 1
    outer loop
      vertex -4.6669 4.6669 7
      vertex -2.24358 9.09789 7
      vertex -2.22444 9.19411 7
    endloop
  endfacet
  facet normal 0 0 1
    outer loop
      vertex -2.25 9 7
      vertex -4.01783 5.23613 7
      vertex -3.3 5.71577 7
    endloop
  endfacet
  facet normal 0 0 1
    outer loop
      vertex -19.4038 4.59619 7
      vertex -2.22444 9.19411 7
      vertex -2.19291 9.28701 7
    endloop
  endfacet
  facet normal 0 0 1
    outer loop
      vertex -2.24358 9.09789 7
      vertex -4.6669 4.6669 7
      vertex -4.01783 5.23613 7
    endloop
  endfacet
  facet normal 0 0 1
    outer loop
      vertex -23.3071 9.28701 7
      vertex -2.19291 9.28701 7
      vertex -2.14952 9.375 7
    endloop
  endfacet
  facet normal 0 0 1
    outer loop
      vertex -2.22444 9.19411 7
      vertex -19.4038 4.59619 7
      vertex -4.6669 4.6669 7
    endloop
  endfacet
  facet normal 0 0 1
    outer loop
      vertex -4.6669 4.6669 7
      vertex -19.4038 4.59619 7
      vertex -5.23613 4.01783 7
    endloop
  endfacet
  facet normal 0 0 1
    outer loop
      vertex -6.54354 0.861472 7
      vertex -17.5 0 7
      vertex -6.6 0 7
    endloop
  endfacet
  facet normal 0 0 1
    outer loop
      vertex -17.5556 0.84842 7
      vertex -6.54354 0.861472 7
      vertex -6.37511 1.70821 7
    endloop
  endfacet
  facet normal 0 0 1
    outer loop
      vertex -17.7215 1.68232 7
      vertex -6.37511 1.70821 7
      vertex -6.0976 2.52571 7
    endloop
  endfacet
  facet normal 0 0 1
    outer loop
      vertex -17.9948 2.48744 7
      vertex -6.0976 2.52571 7
      vertex -5.71577 3.3 7
    endloop
  endfacet
  facet normal 0 -0 1
    outer loop
      vertex -18.8432 3.95695 7
      vertex -5.23613 4.01783 7
      vertex -19.4038 4.59619 7
    endloop
  endfacet
  facet normal 0 0 1
    outer loop
      vertex -23.3505 9.375 7
      vertex -2.14952 9.375 7
      vertex -2.09501 9.45657 7
    endloop
  endfacet
  facet normal 0 0 1
    outer loop
      vertex -23.405 9.45657 7
      vertex -2.09501 9.45657 7
      vertex -2.03033 9.53033 7
    endloop
  endfacet
  facet normal 0 0 1
    outer loop
      vertex -23.4697 9.53033 7
      vertex -2.03033 9.53033 7
      vertex -1.95657 9.59501 7
    endloop
  endfacet
  facet normal 0 0 1
    outer loop
      vertex -23.5434 9.59501 7
      vertex -1.95657 9.59501 7
      vertex -1.875 9.64952 7
    endloop
  endfacet
  facet normal 0 0 1
    outer loop
      vertex -6.54354 0.861472 7
      vertex -17.5556 0.84842 7
      vertex -17.5 0 7
    endloop
  endfacet
  facet normal 0 0 1
    outer loop
      vertex -6.37511 1.70821 7
      vertex -17.7215 1.68232 7
      vertex -17.5556 0.84842 7
    endloop
  endfacet
  facet normal 0 0 1
    outer loop
      vertex -6.0976 2.52571 7
      vertex -17.9948 2.48744 7
      vertex -17.7215 1.68232 7
    endloop
  endfacet
  facet normal 0 0 1
    outer loop
      vertex -23.625 9.64952 7
      vertex -1.875 9.64952 7
      vertex -1.78701 9.69291 7
    endloop
  endfacet
  facet normal 0 0 1
    outer loop
      vertex -5.71577 3.3 7
      vertex -18.3708 3.25 7
      vertex -17.9948 2.48744 7
    endloop
  endfacet
  facet normal 0 0 1
    outer loop
      vertex -5.71577 3.3 7
      vertex -18.8432 3.95695 7
      vertex -18.3708 3.25 7
    endloop
  endfacet
  facet normal 0 0 1
    outer loop
      vertex -23.713 9.69291 7
      vertex -1.78701 9.69291 7
      vertex -1.69411 9.72444 7
    endloop
  endfacet
  facet normal 0 0 1
    outer loop
      vertex -5.23613 4.01783 7
      vertex -18.8432 3.95695 7
      vertex -5.71577 3.3 7
    endloop
  endfacet
  facet normal 0 0 1
    outer loop
      vertex -2.19291 9.28701 7
      vertex -20.043 5.1568 7
      vertex -19.4038 4.59619 7
    endloop
  endfacet
  facet normal 0 0 1
    outer loop
      vertex -2.19291 9.28701 7
      vertex -23.3071 9.28701 7
      vertex -20.043 5.1568 7
    endloop
  endfacet
  facet normal -0 -0 1
    outer loop
      vertex -23.2756 9.19411 7
      vertex -20.043 5.1568 7
      vertex -23.3071 9.28701 7
    endloop
  endfacet
  facet normal 0 0 1
    outer loop
      vertex -23.8059 9.72444 7
      vertex -1.69411 9.72444 7
      vertex -1.59789 9.74358 7
    endloop
  endfacet
  facet normal 0 0 1
    outer loop
      vertex -20.043 5.1568 7
      vertex -23.2756 9.19411 7
      vertex -20.75 5.62916 7
    endloop
  endfacet
  facet normal 0 0 1
    outer loop
      vertex -20.75 5.62916 7
      vertex -23.25 9 7
      vertex -21.5126 6.00522 7
    endloop
  endfacet
  facet normal -0 0 1
    outer loop
      vertex -23.2756 8.80589 7
      vertex -21.5126 6.00522 7
      vertex -23.2564 8.90211 7
    endloop
  endfacet
  facet normal 0 0 1
    outer loop
      vertex -36 12 7
      vertex -1.59789 9.74358 7
      vertex -1.5 9.75 7
    endloop
  endfacet
  facet normal -0 0 1
    outer loop
      vertex -36 12 7
      vertex -1.5 9.75 7
      vertex 36 12 7
    endloop
  endfacet
  facet normal -0 0 1
    outer loop
      vertex -23.2564 8.90211 7
      vertex -21.5126 6.00522 7
      vertex -23.25 9 7
    endloop
  endfacet
  facet normal -0 -0 1
    outer loop
      vertex -23.25 9 7
      vertex -20.75 5.62916 7
      vertex -23.2564 9.09789 7
    endloop
  endfacet
  facet normal -0 -0 1
    outer loop
      vertex -23.2564 9.09789 7
      vertex -20.75 5.62916 7
      vertex -23.2756 9.19411 7
    endloop
  endfacet
  facet normal 0 0 1
    outer loop
      vertex -2.14952 9.375 7
      vertex -23.3505 9.375 7
      vertex -23.3071 9.28701 7
    endloop
  endfacet
  facet normal 0 0 1
    outer loop
      vertex -2.09501 9.45657 7
      vertex -23.405 9.45657 7
      vertex -23.3505 9.375 7
    endloop
  endfacet
  facet normal 0 0 1
    outer loop
      vertex -2.03033 9.53033 7
      vertex -23.4697 9.53033 7
      vertex -23.405 9.45657 7
    endloop
  endfacet
  facet normal 0 0 1
    outer loop
      vertex -1.95657 9.59501 7
      vertex -23.5434 9.59501 7
      vertex -23.4697 9.53033 7
    endloop
  endfacet
  facet normal 0 0 1
    outer loop
      vertex -1.875 9.64952 7
      vertex -23.625 9.64952 7
      vertex -23.5434 9.59501 7
    endloop
  endfacet
  facet normal 0 0 1
    outer loop
      vertex -1.78701 9.69291 7
      vertex -23.713 9.69291 7
      vertex -23.625 9.64952 7
    endloop
  endfacet
  facet normal 0 0 1
    outer loop
      vertex -1.69411 9.72444 7
      vertex -23.8059 9.72444 7
      vertex -23.713 9.69291 7
    endloop
  endfacet
  facet normal 0 0 1
    outer loop
      vertex -1.59789 9.74358 7
      vertex -23.9021 9.74358 7
      vertex -23.8059 9.72444 7
    endloop
  endfacet
  facet normal 0 0 1
    outer loop
      vertex -1.59789 9.74358 7
      vertex -36 12 7
      vertex -23.9021 9.74358 7
    endloop
  endfacet
  facet normal 0 0 1
    outer loop
      vertex -24.5303 8.46967 7
      vertex -25.6823 6.27852 7
      vertex -24.8484 6.44439 7
    endloop
  endfacet
  facet normal 0 0 1
    outer loop
      vertex -27.25 5.62916 7
      vertex -24.75 9 7
      vertex -24.7436 9.09789 7
    endloop
  endfacet
  facet normal 0 0 1
    outer loop
      vertex -27.25 5.62916 7
      vertex -24.7436 9.09789 7
      vertex -24.7244 9.19411 7
    endloop
  endfacet
  facet normal 0 0 1
    outer loop
      vertex -24.7436 8.90211 7
      vertex -26.4874 6.00522 7
      vertex -25.6823 6.27852 7
    endloop
  endfacet
  facet normal 0 0 1
    outer loop
      vertex -36 12 7
      vertex -24.7244 9.19411 7
      vertex -24.6929 9.28701 7
    endloop
  endfacet
  facet normal 0 0 1
    outer loop
      vertex -36 12 7
      vertex -24.6929 9.28701 7
      vertex -24.6495 9.375 7
    endloop
  endfacet
  facet normal 0 0 1
    outer loop
      vertex -24.75 9 7
      vertex -27.25 5.62916 7
      vertex -26.4874 6.00522 7
    endloop
  endfacet
  facet normal 0 0 1
    outer loop
      vertex -36 12 7
      vertex -24.6495 9.375 7
      vertex -24.595 9.45657 7
    endloop
  endfacet
  facet normal 0 0 1
    outer loop
      vertex -24.7244 9.19411 7
      vertex -36 12 7
      vertex -27.25 5.62916 7
    endloop
  endfacet
  facet normal 0 0 1
    outer loop
      vertex -27.25 5.62916 7
      vertex -36 12 7
      vertex -27.9569 5.1568 7
    endloop
  endfacet
  facet normal 0 0 1
    outer loop
      vertex -27.9569 5.1568 7
      vertex -36 12 7
      vertex -28.5962 4.59619 7
    endloop
  endfacet
  facet normal 0 0 1
    outer loop
      vertex -30.4444 0.84842 7
      vertex -36 12 7
      vertex -30.5 0 7
    endloop
  endfacet
  facet normal 0 0 1
    outer loop
      vertex -30.2785 1.68232 7
      vertex -36 12 7
      vertex -30.4444 0.84842 7
    endloop
  endfacet
  facet normal 0 0 1
    outer loop
      vertex -30.0052 2.48744 7
      vertex -36 12 7
      vertex -30.2785 1.68232 7
    endloop
  endfacet
  facet normal 0 0 1
    outer loop
      vertex -29.6292 3.25 7
      vertex -36 12 7
      vertex -30.0052 2.48744 7
    endloop
  endfacet
  facet normal 0 0 1
    outer loop
      vertex -29.1568 3.95695 7
      vertex -36 12 7
      vertex -29.6292 3.25 7
    endloop
  endfacet
  facet normal 0 0 1
    outer loop
      vertex -28.5962 4.59619 7
      vertex -36 12 7
      vertex -29.1568 3.95695 7
    endloop
  endfacet
  facet normal 0 0 1
    outer loop
      vertex -24.5303 9.53033 7
      vertex -36 12 7
      vertex -24.595 9.45657 7
    endloop
  endfacet
  facet normal 0 0 1
    outer loop
      vertex -24.4566 9.59501 7
      vertex -36 12 7
      vertex -24.5303 9.53033 7
    endloop
  endfacet
  facet normal 0 0 1
    outer loop
      vertex -24.375 9.64952 7
      vertex -36 12 7
      vertex -24.4566 9.59501 7
    endloop
  endfacet
  facet normal 0 0 1
    outer loop
      vertex -24.287 9.69291 7
      vertex -36 12 7
      vertex -24.375 9.64952 7
    endloop
  endfacet
  facet normal 0 0 1
    outer loop
      vertex -24.1941 9.72444 7
      vertex -36 12 7
      vertex -24.287 9.69291 7
    endloop
  endfacet
  facet normal 0 0 1
    outer loop
      vertex -24.0979 9.74358 7
      vertex -36 12 7
      vertex -24.1941 9.72444 7
    endloop
  endfacet
  facet normal 0 0 1
    outer loop
      vertex -24 9.75 7
      vertex -36 12 7
      vertex -24.0979 9.74358 7
    endloop
  endfacet
  facet normal 0 0 1
    outer loop
      vertex -23.9021 9.74358 7
      vertex -36 12 7
      vertex -24 9.75 7
    endloop
  endfacet
  facet normal -0 0 1
    outer loop
      vertex 30.6427 -0.874525 7
      vertex 36 -12 7
      vertex 30.7 0 7
    endloop
  endfacet
  facet normal -0 0 1
    outer loop
      vertex 30.4717 -1.73409 7
      vertex 36 -12 7
      vertex 30.6427 -0.874525 7
    endloop
  endfacet
  facet normal -0 0 1
    outer loop
      vertex 30.19 -2.56398 7
      vertex 36 -12 7
      vertex 30.4717 -1.73409 7
    endloop
  endfacet
  facet normal -0 0 1
    outer loop
      vertex 29.8024 -3.35 7
      vertex 36 -12 7
      vertex 30.19 -2.56398 7
    endloop
  endfacet
  facet normal -0 0 1
    outer loop
      vertex 29.3155 -4.0787 7
      vertex 36 -12 7
      vertex 29.8024 -3.35 7
    endloop
  endfacet
  facet normal -0 0 1
    outer loop
      vertex 28.7376 -4.73761 7
      vertex 36 -12 7
      vertex 29.3155 -4.0787 7
    endloop
  endfacet
  facet normal -0 0 1
    outer loop
      vertex 28.0787 -5.31547 7
      vertex 36 -12 7
      vertex 28.7376 -4.73761 7
    endloop
  endfacet
  facet normal -0 0 1
    outer loop
      vertex 27.35 -5.80237 7
      vertex 36 -12 7
      vertex 28.0787 -5.31547 7
    endloop
  endfacet
  facet normal -0 0 1
    outer loop
      vertex 26.564 -6.18999 7
      vertex 36 -12 7
      vertex 27.35 -5.80237 7
    endloop
  endfacet
  facet normal -0 0 1
    outer loop
      vertex 25.7341 -6.4717 7
      vertex 36 -12 7
      vertex 26.564 -6.18999 7
    endloop
  endfacet
  facet normal -0 0 1
    outer loop
      vertex 24.8745 -6.64268 7
      vertex 36 -12 7
      vertex 25.7341 -6.4717 7
    endloop
  endfacet
  facet normal -0 0 1
    outer loop
      vertex 24 -6.7 7
      vertex 36 -12 7
      vertex 24.8745 -6.64268 7
    endloop
  endfacet
  facet normal 0 0 1
    outer loop
      vertex 23.1255 -6.64268 7
      vertex 36 -12 7
      vertex 24 -6.7 7
    endloop
  endfacet
  facet normal 0 0 1
    outer loop
      vertex 22.2659 -6.4717 7
      vertex 36 -12 7
      vertex 23.1255 -6.64268 7
    endloop
  endfacet
  facet normal -0 0 1
    outer loop
      vertex 1.70821 -6.37511 7
      vertex 22.2659 -6.4717 7
      vertex 21.436 -6.18999 7
    endloop
  endfacet
  facet normal -0 0 1
    outer loop
      vertex 6.6 0 7
      vertex 17.3573 -0.874525 7
      vertex 17.3 0 7
    endloop
  endfacet
  facet normal -0 0 1
    outer loop
      vertex 6.54354 -0.861472 7
      vertex 17.3573 -0.874525 7
      vertex 6.6 0 7
    endloop
  endfacet
  facet normal 0 0 1
    outer loop
      vertex 17.3573 -0.874525 7
      vertex 6.54354 -0.861472 7
      vertex 17.5283 -1.73409 7
    endloop
  endfacet
  facet normal -0 0 1
    outer loop
      vertex 6.37511 -1.70821 7
      vertex 17.5283 -1.73409 7
      vertex 6.54354 -0.861472 7
    endloop
  endfacet
  facet normal 0 0 1
    outer loop
      vertex 17.5283 -1.73409 7
      vertex 6.37511 -1.70821 7
      vertex 17.81 -2.56398 7
    endloop
  endfacet
  facet normal -0 0 1
    outer loop
      vertex 6.0976 -2.52571 7
      vertex 17.81 -2.56398 7
      vertex 6.37511 -1.70821 7
    endloop
  endfacet
  facet normal 0 0 1
    outer loop
      vertex 17.81 -2.56398 7
      vertex 6.0976 -2.52571 7
      vertex 18.1976 -3.35 7
    endloop
  endfacet
  facet normal -0 0 1
    outer loop
      vertex 5.71577 -3.3 7
      vertex 18.1976 -3.35 7
      vertex 6.0976 -2.52571 7
    endloop
  endfacet
  facet normal 0 0 1
    outer loop
      vertex 18.1976 -3.35 7
      vertex 5.71577 -3.3 7
      vertex 18.6845 -4.0787 7
    endloop
  endfacet
  facet normal -0 0 1
    outer loop
      vertex 5.23613 -4.01783 7
      vertex 18.6845 -4.0787 7
      vertex 5.71577 -3.3 7
    endloop
  endfacet
  facet normal 0 0 1
    outer loop
      vertex 18.6845 -4.0787 7
      vertex 5.23613 -4.01783 7
      vertex 19.2624 -4.73761 7
    endloop
  endfacet
  facet normal -0 0 1
    outer loop
      vertex 4.6669 -4.6669 7
      vertex 19.2624 -4.73761 7
      vertex 5.23613 -4.01783 7
    endloop
  endfacet
  facet normal 0 0 1
    outer loop
      vertex 19.2624 -4.73761 7
      vertex 4.6669 -4.6669 7
      vertex 19.9213 -5.31547 7
    endloop
  endfacet
  facet normal -0 0 1
    outer loop
      vertex 4.01783 -5.23613 7
      vertex 19.9213 -5.31547 7
      vertex 4.6669 -4.6669 7
    endloop
  endfacet
  facet normal 0 0 1
    outer loop
      vertex 19.9213 -5.31547 7
      vertex 4.01783 -5.23613 7
      vertex 20.65 -5.80237 7
    endloop
  endfacet
  facet normal -0 0 1
    outer loop
      vertex 3.3 -5.71577 7
      vertex 20.65 -5.80237 7
      vertex 4.01783 -5.23613 7
    endloop
  endfacet
  facet normal 0 0 1
    outer loop
      vertex 20.65 -5.80237 7
      vertex 3.3 -5.71577 7
      vertex 21.436 -6.18999 7
    endloop
  endfacet
  facet normal -0 0 1
    outer loop
      vertex 2.52571 -6.0976 7
      vertex 21.436 -6.18999 7
      vertex 3.3 -5.71577 7
    endloop
  endfacet
  facet normal 0 0 1
    outer loop
      vertex 1.70821 -6.37511 7
      vertex 21.436 -6.18999 7
      vertex 2.52571 -6.0976 7
    endloop
  endfacet
  facet normal 0 0 1
    outer loop
      vertex 22.2659 -6.4717 7
      vertex 1.70821 -6.37511 7
      vertex 36 -12 7
    endloop
  endfacet
  facet normal -0 0 1
    outer loop
      vertex 0.861472 -6.54354 7
      vertex 36 -12 7
      vertex 1.70821 -6.37511 7
    endloop
  endfacet
  facet normal -0 0 1
    outer loop
      vertex 0 -6.6 7
      vertex 36 -12 7
      vertex 0.861472 -6.54354 7
    endloop
  endfacet
  facet normal 0 0 1
    outer loop
      vertex -36 -12 7
      vertex 0 -6.6 7
      vertex -0.861472 -6.54354 7
    endloop
  endfacet
  facet normal -0 0 1
    outer loop
      vertex -17.5 0 7
      vertex -6.54354 -0.861472 7
      vertex -6.6 0 7
    endloop
  endfacet
  facet normal -0 0 1
    outer loop
      vertex -17.5556 -0.84842 7
      vertex -6.54354 -0.861472 7
      vertex -17.5 0 7
    endloop
  endfacet
  facet normal 0 0 1
    outer loop
      vertex -6.54354 -0.861472 7
      vertex -17.5556 -0.84842 7
      vertex -6.37511 -1.70821 7
    endloop
  endfacet
  facet normal -0 0 1
    outer loop
      vertex -17.7215 -1.68232 7
      vertex -6.37511 -1.70821 7
      vertex -17.5556 -0.84842 7
    endloop
  endfacet
  facet normal 0 0 1
    outer loop
      vertex -6.37511 -1.70821 7
      vertex -17.7215 -1.68232 7
      vertex -6.0976 -2.52571 7
    endloop
  endfacet
  facet normal -0 0 1
    outer loop
      vertex -17.9948 -2.48744 7
      vertex -6.0976 -2.52571 7
      vertex -17.7215 -1.68232 7
    endloop
  endfacet
  facet normal 0 0 1
    outer loop
      vertex -6.0976 -2.52571 7
      vertex -17.9948 -2.48744 7
      vertex -5.71577 -3.3 7
    endloop
  endfacet
  facet normal -0 0 1
    outer loop
      vertex -18.3708 -3.25 7
      vertex -5.71577 -3.3 7
      vertex -17.9948 -2.48744 7
    endloop
  endfacet
  facet normal 0 0 1
    outer loop
      vertex -5.71577 -3.3 7
      vertex -18.3708 -3.25 7
      vertex -5.23613 -4.01783 7
    endloop
  endfacet
  facet normal -0 0 1
    outer loop
      vertex -18.8432 -3.95695 7
      vertex -5.23613 -4.01783 7
      vertex -18.3708 -3.25 7
    endloop
  endfacet
  facet normal 0 0 1
    outer loop
      vertex -5.23613 -4.01783 7
      vertex -18.8432 -3.95695 7
      vertex -4.6669 -4.6669 7
    endloop
  endfacet
  facet normal -0 0 1
    outer loop
      vertex -19.4038 -4.59619 7
      vertex -4.6669 -4.6669 7
      vertex -18.8432 -3.95695 7
    endloop
  endfacet
  facet normal 0 0 1
    outer loop
      vertex -4.6669 -4.6669 7
      vertex -19.4038 -4.59619 7
      vertex -4.01783 -5.23613 7
    endloop
  endfacet
  facet normal -0 0 1
    outer loop
      vertex -20.043 -5.1568 7
      vertex -4.01783 -5.23613 7
      vertex -19.4038 -4.59619 7
    endloop
  endfacet
  facet normal 0 0 1
    outer loop
      vertex -4.01783 -5.23613 7
      vertex -20.043 -5.1568 7
      vertex -3.3 -5.71577 7
    endloop
  endfacet
  facet normal -0 0 1
    outer loop
      vertex -20.75 -5.62916 7
      vertex -3.3 -5.71577 7
      vertex -20.043 -5.1568 7
    endloop
  endfacet
  facet normal 0 0 1
    outer loop
      vertex -3.3 -5.71577 7
      vertex -20.75 -5.62916 7
      vertex -2.52571 -6.0976 7
    endloop
  endfacet
  facet normal -0 0 1
    outer loop
      vertex -21.5126 -6.00522 7
      vertex -2.52571 -6.0976 7
      vertex -20.75 -5.62916 7
    endloop
  endfacet
  facet normal 0 0 1
    outer loop
      vertex -2.52571 -6.0976 7
      vertex -21.5126 -6.00522 7
      vertex -1.70821 -6.37511 7
    endloop
  endfacet
  facet normal -0 0 1
    outer loop
      vertex -22.3177 -6.27852 7
      vertex -1.70821 -6.37511 7
      vertex -21.5126 -6.00522 7
    endloop
  endfacet
  facet normal 0 0 1
    outer loop
      vertex -36 -12 7
      vertex -1.70821 -6.37511 7
      vertex -22.3177 -6.27852 7
    endloop
  endfacet
  facet normal 0 0 1
    outer loop
      vertex -1.70821 -6.37511 7
      vertex -36 -12 7
      vertex -0.861472 -6.54354 7
    endloop
  endfacet
  facet normal 0 0 1
    outer loop
      vertex -36 -12 7
      vertex -22.3177 -6.27852 7
      vertex -23.1516 -6.44439 7
    endloop
  endfacet
  facet normal 0 0 1
    outer loop
      vertex -36 -12 7
      vertex -23.1516 -6.44439 7
      vertex -24 -6.5 7
    endloop
  endfacet
  facet normal 0 0 1
    outer loop
      vertex -36 -12 7
      vertex -24 -6.5 7
      vertex -24.8484 -6.44439 7
    endloop
  endfacet
  facet normal 0 0 1
    outer loop
      vertex -36 -12 7
      vertex -30.5 0 7
      vertex -36 12 7
    endloop
  endfacet
  facet normal 0 0 1
    outer loop
      vertex -30.5 0 7
      vertex -36 -12 7
      vertex -30.4444 -0.84842 7
    endloop
  endfacet
  facet normal 0 0 1
    outer loop
      vertex -30.4444 -0.84842 7
      vertex -36 -12 7
      vertex -30.2785 -1.68232 7
    endloop
  endfacet
  facet normal 0 0 1
    outer loop
      vertex 0 -6.6 7
      vertex -36 -12 7
      vertex 36 -12 7
    endloop
  endfacet
  facet normal 0 0 1
    outer loop
      vertex -25.6823 -6.27852 7
      vertex -36 -12 7
      vertex -24.8484 -6.44439 7
    endloop
  endfacet
  facet normal 0 0 1
    outer loop
      vertex -26.4874 -6.00522 7
      vertex -36 -12 7
      vertex -25.6823 -6.27852 7
    endloop
  endfacet
  facet normal 0 0 1
    outer loop
      vertex -27.25 -5.62916 7
      vertex -36 -12 7
      vertex -26.4874 -6.00522 7
    endloop
  endfacet
  facet normal 0 0 1
    outer loop
      vertex -27.9569 -5.1568 7
      vertex -36 -12 7
      vertex -27.25 -5.62916 7
    endloop
  endfacet
  facet normal 0 0 1
    outer loop
      vertex -28.5962 -4.59619 7
      vertex -36 -12 7
      vertex -27.9569 -5.1568 7
    endloop
  endfacet
  facet normal 0 0 1
    outer loop
      vertex -29.1568 -3.95695 7
      vertex -36 -12 7
      vertex -28.5962 -4.59619 7
    endloop
  endfacet
  facet normal 0 0 1
    outer loop
      vertex -29.6292 -3.25 7
      vertex -36 -12 7
      vertex -29.1568 -3.95695 7
    endloop
  endfacet
  facet normal 0 0 1
    outer loop
      vertex -30.0052 -2.48744 7
      vertex -36 -12 7
      vertex -29.6292 -3.25 7
    endloop
  endfacet
  facet normal 0 0 1
    outer loop
      vertex -30.2785 -1.68232 7
      vertex -36 -12 7
      vertex -30.0052 -2.48744 7
    endloop
  endfacet
  facet normal 0 0 1
    outer loop
      vertex 28.7376 4.73761 7
      vertex 27.7436 8.90211 7
      vertex 27.7244 8.80589 7
    endloop
  endfacet
  facet normal -0 0 1
    outer loop
      vertex 27.6929 8.71299 7
      vertex 28.7376 4.73761 7
      vertex 27.7244 8.80589 7
    endloop
  endfacet
  facet normal 0 0 1
    outer loop
      vertex 28.7376 4.73761 7
      vertex 27.6929 8.71299 7
      vertex 28.0787 5.31547 7
    endloop
  endfacet
  facet normal -0 0 1
    outer loop
      vertex 27.6495 8.625 7
      vertex 28.0787 5.31547 7
      vertex 27.6929 8.71299 7
    endloop
  endfacet
  facet normal -0 0 1
    outer loop
      vertex 27.595 8.54343 7
      vertex 28.0787 5.31547 7
      vertex 27.6495 8.625 7
    endloop
  endfacet
  facet normal -0 0 1
    outer loop
      vertex 27.5303 8.46967 7
      vertex 28.0787 5.31547 7
      vertex 27.595 8.54343 7
    endloop
  endfacet
  facet normal -0 0 1
    outer loop
      vertex 27.4566 8.40498 7
      vertex 28.0787 5.31547 7
      vertex 27.5303 8.46967 7
    endloop
  endfacet
  facet normal 0 0 1
    outer loop
      vertex 27.35 5.80237 7
      vertex 27.4566 8.40498 7
      vertex 27.375 8.35048 7
    endloop
  endfacet
  facet normal 0 0 1
    outer loop
      vertex 27.4566 8.40498 7
      vertex 27.35 5.80237 7
      vertex 28.0787 5.31547 7
    endloop
  endfacet
  facet normal -0 0 1
    outer loop
      vertex 27.287 8.30709 7
      vertex 27.35 5.80237 7
      vertex 27.375 8.35048 7
    endloop
  endfacet
  facet normal -0 0 1
    outer loop
      vertex 27.1941 8.27556 7
      vertex 27.35 5.80237 7
      vertex 27.287 8.30709 7
    endloop
  endfacet
  facet normal 0 0 1
    outer loop
      vertex 26.564 6.18999 7
      vertex 27.1941 8.27556 7
      vertex 27.0979 8.25642 7
    endloop
  endfacet
  facet normal 0 0 1
    outer loop
      vertex 26.564 6.18999 7
      vertex 27.0979 8.25642 7
      vertex 27 8.25 7
    endloop
  endfacet
  facet normal 0 0 1
    outer loop
      vertex 26.564 6.18999 7
      vertex 27 8.25 7
      vertex 26.9021 8.25642 7
    endloop
  endfacet
  facet normal 0 0 1
    outer loop
      vertex 26.564 6.18999 7
      vertex 26.9021 8.25642 7
      vertex 26.8059 8.27556 7
    endloop
  endfacet
  facet normal 0 0 1
    outer loop
      vertex 25.7341 6.4717 7
      vertex 26.8059 8.27556 7
      vertex 26.713 8.30709 7
    endloop
  endfacet
  facet normal 0 0 1
    outer loop
      vertex 25.7341 6.4717 7
      vertex 26.713 8.30709 7
      vertex 26.625 8.35048 7
    endloop
  endfacet
  facet normal 0 0 1
    outer loop
      vertex 27.1941 8.27556 7
      vertex 26.564 6.18999 7
      vertex 27.35 5.80237 7
    endloop
  endfacet
  facet normal 0 0 1
    outer loop
      vertex 25.7341 6.4717 7
      vertex 26.625 8.35048 7
      vertex 26.5434 8.40498 7
    endloop
  endfacet
  facet normal 0 0 1
    outer loop
      vertex 25.7341 6.4717 7
      vertex 26.5434 8.40498 7
      vertex 26.4697 8.46967 7
    endloop
  endfacet
  facet normal 0 0 1
    outer loop
      vertex 25.7341 6.4717 7
      vertex 26.4697 8.46967 7
      vertex 26.405 8.54343 7
    endloop
  endfacet
  facet normal 0 0 1
    outer loop
      vertex 25.7341 6.4717 7
      vertex 26.405 8.54343 7
      vertex 26.3505 8.625 7
    endloop
  endfacet
  facet normal 0 0 1
    outer loop
      vertex 25.7341 6.4717 7
      vertex 26.3505 8.625 7
      vertex 26.3071 8.71299 7
    endloop
  endfacet
  facet normal 0 0 1
    outer loop
      vertex 25.7341 6.4717 7
      vertex 26.3071 8.71299 7
      vertex 26.2756 8.80589 7
    endloop
  endfacet
  facet normal 0 0 1
    outer loop
      vertex 25.7341 6.4717 7
      vertex 26.2756 8.80589 7
      vertex 26.2564 8.90211 7
    endloop
  endfacet
  facet normal 0 0 1
    outer loop
      vertex 26.8059 8.27556 7
      vertex 25.7341 6.4717 7
      vertex 26.564 6.18999 7
    endloop
  endfacet
  facet normal 0 0 1
    outer loop
      vertex 25.7341 6.4717 7
      vertex 26.2564 8.90211 7
      vertex 26.25 9 7
    endloop
  endfacet
  facet normal 0 0 1
    outer loop
      vertex 26.25 9 7
      vertex 24.7436 8.90211 7
      vertex 24.7244 8.80589 7
    endloop
  endfacet
  facet normal 0 0 1
    outer loop
      vertex 26.25 9 7
      vertex 24.7244 8.80589 7
      vertex 24.6929 8.71299 7
    endloop
  endfacet
  facet normal 0 0 1
    outer loop
      vertex 26.25 9 7
      vertex 24.6929 8.71299 7
      vertex 24.6495 8.625 7
    endloop
  endfacet
  facet normal 0 0 1
    outer loop
      vertex 26.25 9 7
      vertex 24.6495 8.625 7
      vertex 24.595 8.54343 7
    endloop
  endfacet
  facet normal 0 0 1
    outer loop
      vertex 25.7341 6.4717 7
      vertex 24.595 8.54343 7
      vertex 24.8745 6.64268 7
    endloop
  endfacet
  facet normal -0 0 1
    outer loop
      vertex 24.5303 8.46967 7
      vertex 24.8745 6.64268 7
      vertex 24.595 8.54343 7
    endloop
  endfacet
  facet normal -0 0 1
    outer loop
      vertex 24.4566 8.40498 7
      vertex 24.8745 6.64268 7
      vertex 24.5303 8.46967 7
    endloop
  endfacet
  facet normal -0 0 1
    outer loop
      vertex 24.375 8.35048 7
      vertex 24.8745 6.64268 7
      vertex 24.4566 8.40498 7
    endloop
  endfacet
  facet normal -0 0 1
    outer loop
      vertex 24.287 8.30709 7
      vertex 24.8745 6.64268 7
      vertex 24.375 8.35048 7
    endloop
  endfacet
  facet normal -0 0 1
    outer loop
      vertex 24.1941 8.27556 7
      vertex 24.8745 6.64268 7
      vertex 24.287 8.30709 7
    endloop
  endfacet
  facet normal 0 0 1
    outer loop
      vertex 24 6.7 7
      vertex 24.1941 8.27556 7
      vertex 24.0979 8.25642 7
    endloop
  endfacet
  facet normal 0 0 1
    outer loop
      vertex 24 6.7 7
      vertex 24.0979 8.25642 7
      vertex 24 8.25 7
    endloop
  endfacet
  facet normal 0 0 1
    outer loop
      vertex 24.1941 8.27556 7
      vertex 24 6.7 7
      vertex 24.8745 6.64268 7
    endloop
  endfacet
  facet normal 0 0 1
    outer loop
      vertex 23.9021 8.25642 7
      vertex 24 6.7 7
      vertex 24 8.25 7
    endloop
  endfacet
  facet normal 0 0 1
    outer loop
      vertex 23.8059 8.27556 7
      vertex 24 6.7 7
      vertex 23.9021 8.25642 7
    endloop
  endfacet
  facet normal 0 0 1
    outer loop
      vertex 23.1255 6.64268 7
      vertex 23.8059 8.27556 7
      vertex 23.713 8.30709 7
    endloop
  endfacet
  facet normal 0 0 1
    outer loop
      vertex 23.1255 6.64268 7
      vertex 23.713 8.30709 7
      vertex 23.625 8.35048 7
    endloop
  endfacet
  facet normal 0 0 1
    outer loop
      vertex 23.1255 6.64268 7
      vertex 23.625 8.35048 7
      vertex 23.5434 8.40498 7
    endloop
  endfacet
  facet normal 0 0 1
    outer loop
      vertex 23.1255 6.64268 7
      vertex 23.5434 8.40498 7
      vertex 23.4697 8.46967 7
    endloop
  endfacet
  facet normal 0 0 1
    outer loop
      vertex 23.1255 6.64268 7
      vertex 23.4697 8.46967 7
      vertex 23.405 8.54343 7
    endloop
  endfacet
  facet normal 0 0 1
    outer loop
      vertex 22.2659 6.4717 7
      vertex 23.405 8.54343 7
      vertex 23.3505 8.625 7
    endloop
  endfacet
  facet normal 0 0 1
    outer loop
      vertex 22.2659 6.4717 7
      vertex 23.3505 8.625 7
      vertex 23.3071 8.71299 7
    endloop
  endfacet
  facet normal 0 0 1
    outer loop
      vertex 23.8059 8.27556 7
      vertex 23.1255 6.64268 7
      vertex 24 6.7 7
    endloop
  endfacet
  facet normal 0 0 1
    outer loop
      vertex 22.2659 6.4717 7
      vertex 23.3071 8.71299 7
      vertex 23.2756 8.80589 7
    endloop
  endfacet
  facet normal 0 0 1
    outer loop
      vertex 22.2659 6.4717 7
      vertex 23.2756 8.80589 7
      vertex 23.2564 8.90211 7
    endloop
  endfacet
  facet normal 0 0 1
    outer loop
      vertex 21.7436 8.90211 7
      vertex 23.2564 8.90211 7
      vertex 23.25 9 7
    endloop
  endfacet
  facet normal 0 0 1
    outer loop
      vertex 23.2564 8.90211 7
      vertex 21.7436 8.90211 7
      vertex 21.7244 8.80589 7
    endloop
  endfacet
  facet normal 0 0 1
    outer loop
      vertex 23.2564 8.90211 7
      vertex 21.7244 8.80589 7
      vertex 21.6929 8.71299 7
    endloop
  endfacet
  facet normal 0 0 1
    outer loop
      vertex 23.2564 8.90211 7
      vertex 21.6929 8.71299 7
      vertex 21.6495 8.625 7
    endloop
  endfacet
  facet normal 0 0 1
    outer loop
      vertex 23.2564 8.90211 7
      vertex 21.6495 8.625 7
      vertex 21.595 8.54343 7
    endloop
  endfacet
  facet normal 0 0 1
    outer loop
      vertex 23.2564 8.90211 7
      vertex 21.595 8.54343 7
      vertex 22.2659 6.4717 7
    endloop
  endfacet
  facet normal -0 0 1
    outer loop
      vertex 21.5303 8.46967 7
      vertex 22.2659 6.4717 7
      vertex 21.595 8.54343 7
    endloop
  endfacet
  facet normal -0 0 1
    outer loop
      vertex 21.4566 8.40498 7
      vertex 22.2659 6.4717 7
      vertex 21.5303 8.46967 7
    endloop
  endfacet
  facet normal -0 0 1
    outer loop
      vertex 21.375 8.35048 7
      vertex 22.2659 6.4717 7
      vertex 21.4566 8.40498 7
    endloop
  endfacet
  facet normal -0 0 1
    outer loop
      vertex 21.287 8.30709 7
      vertex 22.2659 6.4717 7
      vertex 21.375 8.35048 7
    endloop
  endfacet
  facet normal -0 0 1
    outer loop
      vertex 21.1941 8.27556 7
      vertex 22.2659 6.4717 7
      vertex 21.287 8.30709 7
    endloop
  endfacet
  facet normal 0 0 1
    outer loop
      vertex 22.2659 6.4717 7
      vertex 21.1941 8.27556 7
      vertex 21.436 6.18999 7
    endloop
  endfacet
  facet normal -0 0 1
    outer loop
      vertex 21.0979 8.25642 7
      vertex 21.436 6.18999 7
      vertex 21.1941 8.27556 7
    endloop
  endfacet
  facet normal -0 0 1
    outer loop
      vertex 21 8.25 7
      vertex 21.436 6.18999 7
      vertex 21.0979 8.25642 7
    endloop
  endfacet
  facet normal 0 0 1
    outer loop
      vertex 20.9021 8.25642 7
      vertex 21.436 6.18999 7
      vertex 21 8.25 7
    endloop
  endfacet
  facet normal 0 0 1
    outer loop
      vertex 20.8059 8.27556 7
      vertex 21.436 6.18999 7
      vertex 20.9021 8.25642 7
    endloop
  endfacet
  facet normal 0 0 1
    outer loop
      vertex 20.65 5.80237 7
      vertex 20.8059 8.27556 7
      vertex 20.713 8.30709 7
    endloop
  endfacet
  facet normal 0 0 1
    outer loop
      vertex 20.8059 8.27556 7
      vertex 20.65 5.80237 7
      vertex 21.436 6.18999 7
    endloop
  endfacet
  facet normal 0 0 1
    outer loop
      vertex 20.625 8.35048 7
      vertex 20.65 5.80237 7
      vertex 20.713 8.30709 7
    endloop
  endfacet
  facet normal 0 0 1
    outer loop
      vertex 20.5434 8.40498 7
      vertex 20.65 5.80237 7
      vertex 20.625 8.35048 7
    endloop
  endfacet
  facet normal 0 0 1
    outer loop
      vertex 20.4697 8.46967 7
      vertex 20.65 5.80237 7
      vertex 20.5434 8.40498 7
    endloop
  endfacet
  facet normal 0 0 1
    outer loop
      vertex 19.9213 5.31547 7
      vertex 20.4697 8.46967 7
      vertex 20.405 8.54343 7
    endloop
  endfacet
  facet normal 0 0 1
    outer loop
      vertex 19.9213 5.31547 7
      vertex 20.405 8.54343 7
      vertex 20.3505 8.625 7
    endloop
  endfacet
  facet normal 0 0 1
    outer loop
      vertex 19.9213 5.31547 7
      vertex 20.3505 8.625 7
      vertex 20.3071 8.71299 7
    endloop
  endfacet
  facet normal 0 0 1
    outer loop
      vertex 19.9213 5.31547 7
      vertex 20.3071 8.71299 7
      vertex 20.2756 8.80589 7
    endloop
  endfacet
  facet normal 0 0 1
    outer loop
      vertex 19.9213 5.31547 7
      vertex 20.2756 8.80589 7
      vertex 20.2564 8.90211 7
    endloop
  endfacet
  facet normal 0 0 1
    outer loop
      vertex 20.4697 8.46967 7
      vertex 19.9213 5.31547 7
      vertex 20.65 5.80237 7
    endloop
  endfacet
  facet normal 0 0 1
    outer loop
      vertex 19.9213 5.31547 7
      vertex 20.2564 8.90211 7
      vertex 20.25 9 7
    endloop
  endfacet
  facet normal -0 0 1
    outer loop
      vertex 2.22444 8.80589 7
      vertex 3.3 5.71577 7
      vertex 2.24358 8.90211 7
    endloop
  endfacet
  facet normal -0 0 1
    outer loop
      vertex 2.19291 8.71299 7
      vertex 3.3 5.71577 7
      vertex 2.22444 8.80589 7
    endloop
  endfacet
  facet normal -0 0 1
    outer loop
      vertex 2.14952 8.625 7
      vertex 3.3 5.71577 7
      vertex 2.19291 8.71299 7
    endloop
  endfacet
  facet normal 0 0 1
    outer loop
      vertex 3.3 5.71577 7
      vertex 2.14952 8.625 7
      vertex 2.52571 6.0976 7
    endloop
  endfacet
  facet normal -0 0 1
    outer loop
      vertex 2.09501 8.54343 7
      vertex 2.52571 6.0976 7
      vertex 2.14952 8.625 7
    endloop
  endfacet
  facet normal -0 0 1
    outer loop
      vertex 2.03033 8.46967 7
      vertex 2.52571 6.0976 7
      vertex 2.09501 8.54343 7
    endloop
  endfacet
  facet normal -0 0 1
    outer loop
      vertex 1.95657 8.40498 7
      vertex 2.52571 6.0976 7
      vertex 2.03033 8.46967 7
    endloop
  endfacet
  facet normal -0 0 1
    outer loop
      vertex 1.875 8.35048 7
      vertex 2.52571 6.0976 7
      vertex 1.95657 8.40498 7
    endloop
  endfacet
  facet normal 0 0 1
    outer loop
      vertex 1.70821 6.37511 7
      vertex 1.875 8.35048 7
      vertex 1.78701 8.30709 7
    endloop
  endfacet
  facet normal 0 0 1
    outer loop
      vertex 1.875 8.35048 7
      vertex 1.70821 6.37511 7
      vertex 2.52571 6.0976 7
    endloop
  endfacet
  facet normal -0 0 1
    outer loop
      vertex 1.69411 8.27556 7
      vertex 1.70821 6.37511 7
      vertex 1.78701 8.30709 7
    endloop
  endfacet
  facet normal -0 0 1
    outer loop
      vertex 1.59789 8.25642 7
      vertex 1.70821 6.37511 7
      vertex 1.69411 8.27556 7
    endloop
  endfacet
  facet normal -0 0 1
    outer loop
      vertex 1.5 8.25 7
      vertex 1.70821 6.37511 7
      vertex 1.59789 8.25642 7
    endloop
  endfacet
  facet normal 0 0 1
    outer loop
      vertex 0.861472 6.54354 7
      vertex 1.5 8.25 7
      vertex 1.40211 8.25642 7
    endloop
  endfacet
  facet normal 0 0 1
    outer loop
      vertex 0.861472 6.54354 7
      vertex 1.40211 8.25642 7
      vertex 1.30589 8.27556 7
    endloop
  endfacet
  facet normal 0 0 1
    outer loop
      vertex 0.861472 6.54354 7
      vertex 1.30589 8.27556 7
      vertex 1.21299 8.30709 7
    endloop
  endfacet
  facet normal 0 0 1
    outer loop
      vertex 0.861472 6.54354 7
      vertex 1.21299 8.30709 7
      vertex 1.125 8.35048 7
    endloop
  endfacet
  facet normal 0 0 1
    outer loop
      vertex 0.861472 6.54354 7
      vertex 1.125 8.35048 7
      vertex 1.04343 8.40498 7
    endloop
  endfacet
  facet normal 0 0 1
    outer loop
      vertex 0 6.6 7
      vertex 1.04343 8.40498 7
      vertex 0.969669 8.46967 7
    endloop
  endfacet
  facet normal 0 0 1
    outer loop
      vertex 0 6.6 7
      vertex 0.969669 8.46967 7
      vertex 0.904984 8.54343 7
    endloop
  endfacet
  facet normal 0 0 1
    outer loop
      vertex 1.5 8.25 7
      vertex 0.861472 6.54354 7
      vertex 1.70821 6.37511 7
    endloop
  endfacet
  facet normal 0 0 1
    outer loop
      vertex 0 6.6 7
      vertex 0.904984 8.54343 7
      vertex 0.85048 8.625 7
    endloop
  endfacet
  facet normal 0 0 1
    outer loop
      vertex 0 6.6 7
      vertex 0.85048 8.625 7
      vertex 0.80709 8.71299 7
    endloop
  endfacet
  facet normal 0 0 1
    outer loop
      vertex 0 6.6 7
      vertex 0.80709 8.71299 7
      vertex 0.775556 8.80589 7
    endloop
  endfacet
  facet normal 0 0 1
    outer loop
      vertex 0 6.6 7
      vertex 0.775556 8.80589 7
      vertex 0.756416 8.90211 7
    endloop
  endfacet
  facet normal 0 0 1
    outer loop
      vertex 0 6.6 7
      vertex 0.756416 8.90211 7
      vertex 0.75 9 7
    endloop
  endfacet
  facet normal 0 0 1
    outer loop
      vertex 1.04343 8.40498 7
      vertex 0 6.6 7
      vertex 0.861472 6.54354 7
    endloop
  endfacet
  facet normal 0 0 1
    outer loop
      vertex 0.75 9 7
      vertex -0.756416 8.90211 7
      vertex -0.775556 8.80589 7
    endloop
  endfacet
  facet normal 0 0 1
    outer loop
      vertex 0.75 9 7
      vertex -0.775556 8.80589 7
      vertex -0.80709 8.71299 7
    endloop
  endfacet
  facet normal 0 0 1
    outer loop
      vertex 0.75 9 7
      vertex -0.80709 8.71299 7
      vertex -0.85048 8.625 7
    endloop
  endfacet
  facet normal 0 0 1
    outer loop
      vertex -0.904984 8.54343 7
      vertex 0.75 9 7
      vertex -0.85048 8.625 7
    endloop
  endfacet
  facet normal 0 0 1
    outer loop
      vertex 0.75 9 7
      vertex -0.904984 8.54343 7
      vertex 0 6.6 7
    endloop
  endfacet
  facet normal -0 0 1
    outer loop
      vertex -0.969669 8.46967 7
      vertex 0 6.6 7
      vertex -0.904984 8.54343 7
    endloop
  endfacet
  facet normal -0 0 1
    outer loop
      vertex -1.04343 8.40498 7
      vertex 0 6.6 7
      vertex -0.969669 8.46967 7
    endloop
  endfacet
  facet normal 0 0 1
    outer loop
      vertex 0 6.6 7
      vertex -1.04343 8.40498 7
      vertex -0.861472 6.54354 7
    endloop
  endfacet
  facet normal -0 0 1
    outer loop
      vertex -1.125 8.35048 7
      vertex -0.861472 6.54354 7
      vertex -1.04343 8.40498 7
    endloop
  endfacet
  facet normal -0 0 1
    outer loop
      vertex -1.21299 8.30709 7
      vertex -0.861472 6.54354 7
      vertex -1.125 8.35048 7
    endloop
  endfacet
  facet normal -0 0 1
    outer loop
      vertex -1.30589 8.27556 7
      vertex -0.861472 6.54354 7
      vertex -1.21299 8.30709 7
    endloop
  endfacet
  facet normal -0 0 1
    outer loop
      vertex -1.40211 8.25642 7
      vertex -0.861472 6.54354 7
      vertex -1.30589 8.27556 7
    endloop
  endfacet
  facet normal -0 0 1
    outer loop
      vertex -1.5 8.25 7
      vertex -0.861472 6.54354 7
      vertex -1.40211 8.25642 7
    endloop
  endfacet
  facet normal 0 0 1
    outer loop
      vertex -1.70821 6.37511 7
      vertex -1.5 8.25 7
      vertex -1.59789 8.25642 7
    endloop
  endfacet
  facet normal 0 0 1
    outer loop
      vertex -1.70821 6.37511 7
      vertex -1.59789 8.25642 7
      vertex -1.69411 8.27556 7
    endloop
  endfacet
  facet normal 0 0 1
    outer loop
      vertex -1.5 8.25 7
      vertex -1.70821 6.37511 7
      vertex -0.861472 6.54354 7
    endloop
  endfacet
  facet normal 0 0 1
    outer loop
      vertex -1.78701 8.30709 7
      vertex -1.70821 6.37511 7
      vertex -1.69411 8.27556 7
    endloop
  endfacet
  facet normal 0 0 1
    outer loop
      vertex -1.875 8.35048 7
      vertex -1.70821 6.37511 7
      vertex -1.78701 8.30709 7
    endloop
  endfacet
  facet normal 0 0 1
    outer loop
      vertex -2.52571 6.0976 7
      vertex -1.875 8.35048 7
      vertex -1.95657 8.40498 7
    endloop
  endfacet
  facet normal 0 0 1
    outer loop
      vertex -2.52571 6.0976 7
      vertex -1.95657 8.40498 7
      vertex -2.03033 8.46967 7
    endloop
  endfacet
  facet normal 0 0 1
    outer loop
      vertex -2.52571 6.0976 7
      vertex -2.03033 8.46967 7
      vertex -2.09501 8.54343 7
    endloop
  endfacet
  facet normal 0 0 1
    outer loop
      vertex -2.52571 6.0976 7
      vertex -2.09501 8.54343 7
      vertex -2.14952 8.625 7
    endloop
  endfacet
  facet normal 0 0 1
    outer loop
      vertex -2.52571 6.0976 7
      vertex -2.14952 8.625 7
      vertex -2.19291 8.71299 7
    endloop
  endfacet
  facet normal 0 0 1
    outer loop
      vertex -2.52571 6.0976 7
      vertex -2.19291 8.71299 7
      vertex -2.22444 8.80589 7
    endloop
  endfacet
  facet normal 0 0 1
    outer loop
      vertex -1.875 8.35048 7
      vertex -2.52571 6.0976 7
      vertex -1.70821 6.37511 7
    endloop
  endfacet
  facet normal 0 0 1
    outer loop
      vertex -2.24358 8.90211 7
      vertex -2.52571 6.0976 7
      vertex -2.22444 8.80589 7
    endloop
  endfacet
  facet normal 0 0 1
    outer loop
      vertex -2.52571 6.0976 7
      vertex -2.24358 8.90211 7
      vertex -2.25 9 7
    endloop
  endfacet
  facet normal 0 0 1
    outer loop
      vertex -21.5126 6.00522 7
      vertex -23.2756 8.80589 7
      vertex -22.3177 6.27852 7
    endloop
  endfacet
  facet normal -0 0 1
    outer loop
      vertex -23.3071 8.71299 7
      vertex -22.3177 6.27852 7
      vertex -23.2756 8.80589 7
    endloop
  endfacet
  facet normal -0 0 1
    outer loop
      vertex -23.3505 8.625 7
      vertex -22.3177 6.27852 7
      vertex -23.3071 8.71299 7
    endloop
  endfacet
  facet normal -0 0 1
    outer loop
      vertex -23.405 8.54343 7
      vertex -22.3177 6.27852 7
      vertex -23.3505 8.625 7
    endloop
  endfacet
  facet normal -0 0 1
    outer loop
      vertex -23.4697 8.46967 7
      vertex -22.3177 6.27852 7
      vertex -23.405 8.54343 7
    endloop
  endfacet
  facet normal 0 0 1
    outer loop
      vertex -22.3177 6.27852 7
      vertex -23.4697 8.46967 7
      vertex -23.1516 6.44439 7
    endloop
  endfacet
  facet normal -0 0 1
    outer loop
      vertex -23.5434 8.40498 7
      vertex -23.1516 6.44439 7
      vertex -23.4697 8.46967 7
    endloop
  endfacet
  facet normal -0 0 1
    outer loop
      vertex -23.625 8.35048 7
      vertex -23.1516 6.44439 7
      vertex -23.5434 8.40498 7
    endloop
  endfacet
  facet normal -0 0 1
    outer loop
      vertex -23.713 8.30709 7
      vertex -23.1516 6.44439 7
      vertex -23.625 8.35048 7
    endloop
  endfacet
  facet normal -0 0 1
    outer loop
      vertex -23.8059 8.27556 7
      vertex -23.1516 6.44439 7
      vertex -23.713 8.30709 7
    endloop
  endfacet
  facet normal 0 0 1
    outer loop
      vertex -24 6.5 7
      vertex -23.8059 8.27556 7
      vertex -23.9021 8.25642 7
    endloop
  endfacet
  facet normal 0 0 1
    outer loop
      vertex -24 6.5 7
      vertex -23.9021 8.25642 7
      vertex -24 8.25 7
    endloop
  endfacet
  facet normal 0 0 1
    outer loop
      vertex -23.8059 8.27556 7
      vertex -24 6.5 7
      vertex -23.1516 6.44439 7
    endloop
  endfacet
  facet normal 0 0 1
    outer loop
      vertex -24.0979 8.25642 7
      vertex -24 6.5 7
      vertex -24 8.25 7
    endloop
  endfacet
  facet normal 0 0 1
    outer loop
      vertex -24.1941 8.27556 7
      vertex -24 6.5 7
      vertex -24.0979 8.25642 7
    endloop
  endfacet
  facet normal 0 0 1
    outer loop
      vertex -24.8484 6.44439 7
      vertex -24.1941 8.27556 7
      vertex -24.287 8.30709 7
    endloop
  endfacet
  facet normal 0 0 1
    outer loop
      vertex -24.8484 6.44439 7
      vertex -24.287 8.30709 7
      vertex -24.375 8.35048 7
    endloop
  endfacet
  facet normal 0 0 1
    outer loop
      vertex -24.8484 6.44439 7
      vertex -24.375 8.35048 7
      vertex -24.4566 8.40498 7
    endloop
  endfacet
  facet normal 0 0 1
    outer loop
      vertex -24.8484 6.44439 7
      vertex -24.4566 8.40498 7
      vertex -24.5303 8.46967 7
    endloop
  endfacet
  facet normal 0 0 1
    outer loop
      vertex -25.6823 6.27852 7
      vertex -24.5303 8.46967 7
      vertex -24.595 8.54343 7
    endloop
  endfacet
  facet normal 0 0 1
    outer loop
      vertex -25.6823 6.27852 7
      vertex -24.595 8.54343 7
      vertex -24.6495 8.625 7
    endloop
  endfacet
  facet normal 0 0 1
    outer loop
      vertex -25.6823 6.27852 7
      vertex -24.6495 8.625 7
      vertex -24.6929 8.71299 7
    endloop
  endfacet
  facet normal 0 0 1
    outer loop
      vertex -25.6823 6.27852 7
      vertex -24.6929 8.71299 7
      vertex -24.7244 8.80589 7
    endloop
  endfacet
  facet normal 0 0 1
    outer loop
      vertex -24.1941 8.27556 7
      vertex -24.8484 6.44439 7
      vertex -24 6.5 7
    endloop
  endfacet
  facet normal 0 0 1
    outer loop
      vertex -25.6823 6.27852 7
      vertex -24.7244 8.80589 7
      vertex -24.7436 8.90211 7
    endloop
  endfacet
  facet normal 0 0 1
    outer loop
      vertex -26.4874 6.00522 7
      vertex -24.7436 8.90211 7
      vertex -24.75 9 7
    endloop
  endfacet
  facet normal 1 -0 0
    outer loop
      vertex 36 -12 7
      vertex 36 12 0
      vertex 36 12 7
    endloop
  endfacet
  facet normal 1 0 0
    outer loop
      vertex 36 12 0
      vertex 36 -12 7
      vertex 36 -12 0
    endloop
  endfacet
  facet normal 0 1 -0
    outer loop
      vertex 36 12 0
      vertex -36 12 7
      vertex 36 12 7
    endloop
  endfacet
  facet normal 0 1 0
    outer loop
      vertex -36 12 7
      vertex 36 12 0
      vertex -36 12 0
    endloop
  endfacet
  facet normal 0 0 -1
    outer loop
      vertex 36 -12 0
      vertex 28 0 0
      vertex 36 12 0
    endloop
  endfacet
  facet normal 0 0 -1
    outer loop
      vertex 36 -12 0
      vertex 27.9658 -0.522104 0
      vertex 28 0 0
    endloop
  endfacet
  facet normal 0 0 -1
    outer loop
      vertex 36 -12 0
      vertex 27.8637 -1.03528 0
      vertex 27.9658 -0.522104 0
    endloop
  endfacet
  facet normal 0 0 -1
    outer loop
      vertex 36 -12 0
      vertex 27.6955 -1.53073 0
      vertex 27.8637 -1.03528 0
    endloop
  endfacet
  facet normal 0 0 -1
    outer loop
      vertex 36 -12 0
      vertex 27.4641 -2 0
      vertex 27.6955 -1.53073 0
    endloop
  endfacet
  facet normal 0 0 -1
    outer loop
      vertex 36 -12 0
      vertex 27.1734 -2.43505 0
      vertex 27.4641 -2 0
    endloop
  endfacet
  facet normal 0 0 -1
    outer loop
      vertex 36 -12 0
      vertex 26.8284 -2.82843 0
      vertex 27.1734 -2.43505 0
    endloop
  endfacet
  facet normal 0 0 -1
    outer loop
      vertex 36 -12 0
      vertex 26.435 -3.17341 0
      vertex 26.8284 -2.82843 0
    endloop
  endfacet
  facet normal 0 0 -1
    outer loop
      vertex 36 -12 0
      vertex 26 -3.4641 0
      vertex 26.435 -3.17341 0
    endloop
  endfacet
  facet normal 0 0 -1
    outer loop
      vertex 36 -12 0
      vertex 25.5307 -3.69552 0
      vertex 26 -3.4641 0
    endloop
  endfacet
  facet normal 0 0 -1
    outer loop
      vertex 36 -12 0
      vertex 25.0353 -3.8637 0
      vertex 25.5307 -3.69552 0
    endloop
  endfacet
  facet normal 0 0 -1
    outer loop
      vertex 36 -12 0
      vertex 24.5221 -3.96578 0
      vertex 25.0353 -3.8637 0
    endloop
  endfacet
  facet normal 0 0 -1
    outer loop
      vertex 36 -12 0
      vertex 24 -4 0
      vertex 24.5221 -3.96578 0
    endloop
  endfacet
  facet normal 0 0 -1
    outer loop
      vertex 36 -12 0
      vertex 23.4779 -3.96578 0
      vertex 24 -4 0
    endloop
  endfacet
  facet normal 0 0 -1
    outer loop
      vertex 36 -12 0
      vertex 22.9647 -3.8637 0
      vertex 23.4779 -3.96578 0
    endloop
  endfacet
  facet normal 0 0 -1
    outer loop
      vertex 36 -12 0
      vertex 22.4693 -3.69552 0
      vertex 22.9647 -3.8637 0
    endloop
  endfacet
  facet normal 0 0 -1
    outer loop
      vertex 1.53073 -3.69552 0
      vertex 22.4693 -3.69552 0
      vertex 36 -12 0
    endloop
  endfacet
  facet normal 0 0 -1
    outer loop
      vertex 20.0342 -0.522104 0
      vertex 4 0 0
      vertex 20 0 0
    endloop
  endfacet
  facet normal 0 0 -1
    outer loop
      vertex 3.96578 -0.522104 0
      vertex 20.0342 -0.522104 0
      vertex 20.1363 -1.03528 0
    endloop
  endfacet
  facet normal 0 0 -1
    outer loop
      vertex 3.8637 -1.03528 0
      vertex 20.1363 -1.03528 0
      vertex 20.3045 -1.53073 0
    endloop
  endfacet
  facet normal 0 0 -1
    outer loop
      vertex 3.69552 -1.53073 0
      vertex 20.3045 -1.53073 0
      vertex 20.5359 -2 0
    endloop
  endfacet
  facet normal 0 0 -1
    outer loop
      vertex 3.4641 -2 0
      vertex 20.5359 -2 0
      vertex 20.8266 -2.43505 0
    endloop
  endfacet
  facet normal 0 0 -1
    outer loop
      vertex 3.17341 -2.43505 0
      vertex 20.8266 -2.43505 0
      vertex 21.1716 -2.82843 0
    endloop
  endfacet
  facet normal 0 0 -1
    outer loop
      vertex 2.82843 -2.82843 0
      vertex 21.1716 -2.82843 0
      vertex 21.565 -3.17341 0
    endloop
  endfacet
  facet normal 0 0 -1
    outer loop
      vertex 2.43505 -3.17341 0
      vertex 21.565 -3.17341 0
      vertex 22 -3.4641 0
    endloop
  endfacet
  facet normal 0 0 -1
    outer loop
      vertex 22.4693 -3.69552 0
      vertex 1.53073 -3.69552 0
      vertex 22 -3.4641 0
    endloop
  endfacet
  facet normal 0 0 -1
    outer loop
      vertex 20.0342 -0.522104 0
      vertex 3.96578 -0.522104 0
      vertex 4 0 0
    endloop
  endfacet
  facet normal 0 0 -1
    outer loop
      vertex 20.1363 -1.03528 0
      vertex 3.8637 -1.03528 0
      vertex 3.96578 -0.522104 0
    endloop
  endfacet
  facet normal 0 0 -1
    outer loop
      vertex 20.3045 -1.53073 0
      vertex 3.69552 -1.53073 0
      vertex 3.8637 -1.03528 0
    endloop
  endfacet
  facet normal 0 0 -1
    outer loop
      vertex 20.5359 -2 0
      vertex 3.4641 -2 0
      vertex 3.69552 -1.53073 0
    endloop
  endfacet
  facet normal 0 0 -1
    outer loop
      vertex 20.8266 -2.43505 0
      vertex 3.17341 -2.43505 0
      vertex 3.4641 -2 0
    endloop
  endfacet
  facet normal 0 0 -1
    outer loop
      vertex 21.1716 -2.82843 0
      vertex 2.82843 -2.82843 0
      vertex 3.17341 -2.43505 0
    endloop
  endfacet
  facet normal 0 0 -1
    outer loop
      vertex 21.565 -3.17341 0
      vertex 2.43505 -3.17341 0
      vertex 2.82843 -2.82843 0
    endloop
  endfacet
  facet normal 0 0 -1
    outer loop
      vertex 22 -3.4641 0
      vertex 2 -3.4641 0
      vertex 2.43505 -3.17341 0
    endloop
  endfacet
  facet normal -0 0 -1
    outer loop
      vertex 22 -3.4641 0
      vertex 1.53073 -3.69552 0
      vertex 2 -3.4641 0
    endloop
  endfacet
  facet normal 0 0 -1
    outer loop
      vertex 36 -12 0
      vertex 1.03528 -3.8637 0
      vertex 1.53073 -3.69552 0
    endloop
  endfacet
  facet normal 0 0 -1
    outer loop
      vertex 36 -12 0
      vertex 0.522104 -3.96578 0
      vertex 1.03528 -3.8637 0
    endloop
  endfacet
  facet normal 0 0 -1
    outer loop
      vertex 36 -12 0
      vertex 0 -4 0
      vertex 0.522104 -3.96578 0
    endloop
  endfacet
  facet normal 0 0 -1
    outer loop
      vertex -36 -12 0
      vertex 0 -4 0
      vertex 36 -12 0
    endloop
  endfacet
  facet normal -0 0 -1
    outer loop
      vertex 0 -4 0
      vertex -36 -12 0
      vertex -0.522104 -3.96578 0
    endloop
  endfacet
  facet normal 0 0 -1
    outer loop
      vertex -3.96578 -0.522104 0
      vertex -20 0 0
      vertex -4 0 0
    endloop
  endfacet
  facet normal 0 0 -1
    outer loop
      vertex -20.0342 -0.522104 0
      vertex -3.96578 -0.522104 0
      vertex -3.8637 -1.03528 0
    endloop
  endfacet
  facet normal 0 0 -1
    outer loop
      vertex -20.1363 -1.03528 0
      vertex -3.8637 -1.03528 0
      vertex -3.69552 -1.53073 0
    endloop
  endfacet
  facet normal 0 0 -1
    outer loop
      vertex -20.3045 -1.53073 0
      vertex -3.69552 -1.53073 0
      vertex -3.4641 -2 0
    endloop
  endfacet
  facet normal 0 0 -1
    outer loop
      vertex -20.5359 -2 0
      vertex -3.4641 -2 0
      vertex -3.17341 -2.43505 0
    endloop
  endfacet
  facet normal 0 0 -1
    outer loop
      vertex -20.8266 -2.43505 0
      vertex -3.17341 -2.43505 0
      vertex -2.82843 -2.82843 0
    endloop
  endfacet
  facet normal 0 0 -1
    outer loop
      vertex -21.1716 -2.82843 0
      vertex -2.82843 -2.82843 0
      vertex -2.43505 -3.17341 0
    endloop
  endfacet
  facet normal 0 0 -1
    outer loop
      vertex -21.565 -3.17341 0
      vertex -2.43505 -3.17341 0
      vertex -2 -3.4641 0
    endloop
  endfacet
  facet normal 0 0 -1
    outer loop
      vertex -22 -3.4641 0
      vertex -2 -3.4641 0
      vertex -1.53073 -3.69552 0
    endloop
  endfacet
  facet normal 0 0 -1
    outer loop
      vertex -22.4693 -3.69552 0
      vertex -1.53073 -3.69552 0
      vertex -1.03528 -3.8637 0
    endloop
  endfacet
  facet normal -0 0 -1
    outer loop
      vertex -0.522104 -3.96578 0
      vertex -36 -12 0
      vertex -1.03528 -3.8637 0
    endloop
  endfacet
  facet normal 0 0 -1
    outer loop
      vertex -3.96578 -0.522104 0
      vertex -20.0342 -0.522104 0
      vertex -20 0 0
    endloop
  endfacet
  facet normal 0 0 -1
    outer loop
      vertex -3.8637 -1.03528 0
      vertex -20.1363 -1.03528 0
      vertex -20.0342 -0.522104 0
    endloop
  endfacet
  facet normal 0 0 -1
    outer loop
      vertex -3.69552 -1.53073 0
      vertex -20.3045 -1.53073 0
      vertex -20.1363 -1.03528 0
    endloop
  endfacet
  facet normal 0 0 -1
    outer loop
      vertex -3.4641 -2 0
      vertex -20.5359 -2 0
      vertex -20.3045 -1.53073 0
    endloop
  endfacet
  facet normal 0 0 -1
    outer loop
      vertex -3.17341 -2.43505 0
      vertex -20.8266 -2.43505 0
      vertex -20.5359 -2 0
    endloop
  endfacet
  facet normal 0 0 -1
    outer loop
      vertex -2.82843 -2.82843 0
      vertex -21.1716 -2.82843 0
      vertex -20.8266 -2.43505 0
    endloop
  endfacet
  facet normal 0 0 -1
    outer loop
      vertex -2.43505 -3.17341 0
      vertex -21.565 -3.17341 0
      vertex -21.1716 -2.82843 0
    endloop
  endfacet
  facet normal 0 0 -1
    outer loop
      vertex -2 -3.4641 0
      vertex -22 -3.4641 0
      vertex -21.565 -3.17341 0
    endloop
  endfacet
  facet normal 0 0 -1
    outer loop
      vertex -1.53073 -3.69552 0
      vertex -22.4693 -3.69552 0
      vertex -22 -3.4641 0
    endloop
  endfacet
  facet normal -0 0 -1
    outer loop
      vertex -1.03528 -3.8637 0
      vertex -36 -12 0
      vertex -22.4693 -3.69552 0
    endloop
  endfacet
  facet normal 0 0 -1
    outer loop
      vertex -22.4693 -3.69552 0
      vertex -36 -12 0
      vertex -22.9647 -3.8637 0
    endloop
  endfacet
  facet normal 0 0 -1
    outer loop
      vertex -22.9647 -3.8637 0
      vertex -36 -12 0
      vertex -23.4779 -3.96578 0
    endloop
  endfacet
  facet normal 0 0 -1
    outer loop
      vertex -23.4779 -3.96578 0
      vertex -36 -12 0
      vertex -24 -4 0
    endloop
  endfacet
  facet normal -0 0 -1
    outer loop
      vertex -27.9658 -0.522104 0
      vertex -36 -12 0
      vertex -28 0 0
    endloop
  endfacet
  facet normal -0 0 -1
    outer loop
      vertex -27.8637 -1.03528 0
      vertex -36 -12 0
      vertex -27.9658 -0.522104 0
    endloop
  endfacet
  facet normal -0 0 -1
    outer loop
      vertex -27.6955 -1.53073 0
      vertex -36 -12 0
      vertex -27.8637 -1.03528 0
    endloop
  endfacet
  facet normal -0 0 -1
    outer loop
      vertex -27.4641 -2 0
      vertex -36 -12 0
      vertex -27.6955 -1.53073 0
    endloop
  endfacet
  facet normal -0 0 -1
    outer loop
      vertex -27.1734 -2.43505 0
      vertex -36 -12 0
      vertex -27.4641 -2 0
    endloop
  endfacet
  facet normal -0 0 -1
    outer loop
      vertex -26.8284 -2.82843 0
      vertex -36 -12 0
      vertex -27.1734 -2.43505 0
    endloop
  endfacet
  facet normal -0 0 -1
    outer loop
      vertex -26.435 -3.17341 0
      vertex -36 -12 0
      vertex -26.8284 -2.82843 0
    endloop
  endfacet
  facet normal -0 0 -1
    outer loop
      vertex -26 -3.4641 0
      vertex -36 -12 0
      vertex -26.435 -3.17341 0
    endloop
  endfacet
  facet normal -0 0 -1
    outer loop
      vertex -25.5307 -3.69552 0
      vertex -36 -12 0
      vertex -26 -3.4641 0
    endloop
  endfacet
  facet normal -0 0 -1
    outer loop
      vertex -25.0353 -3.8637 0
      vertex -36 -12 0
      vertex -25.5307 -3.69552 0
    endloop
  endfacet
  facet normal -0 0 -1
    outer loop
      vertex -24.5221 -3.96578 0
      vertex -36 -12 0
      vertex -25.0353 -3.8637 0
    endloop
  endfacet
  facet normal -0 0 -1
    outer loop
      vertex -24 -4 0
      vertex -36 -12 0
      vertex -24.5221 -3.96578 0
    endloop
  endfacet
  facet normal 0 0 -1
    outer loop
      vertex 27.9658 0.522104 0
      vertex 36 12 0
      vertex 28 0 0
    endloop
  endfacet
  facet normal 0 0 -1
    outer loop
      vertex 27.8637 1.03528 0
      vertex 36 12 0
      vertex 27.9658 0.522104 0
    endloop
  endfacet
  facet normal 0 0 -1
    outer loop
      vertex 27.6955 1.53073 0
      vertex 36 12 0
      vertex 27.8637 1.03528 0
    endloop
  endfacet
  facet normal 0 0 -1
    outer loop
      vertex 27.4641 2 0
      vertex 36 12 0
      vertex 27.6955 1.53073 0
    endloop
  endfacet
  facet normal 0 0 -1
    outer loop
      vertex 27.1734 2.43505 0
      vertex 36 12 0
      vertex 27.4641 2 0
    endloop
  endfacet
  facet normal 0 0 -1
    outer loop
      vertex 26.8284 2.82843 0
      vertex 36 12 0
      vertex 27.1734 2.43505 0
    endloop
  endfacet
  facet normal 0 0 -1
    outer loop
      vertex 26.435 3.17341 0
      vertex 36 12 0
      vertex 26.8284 2.82843 0
    endloop
  endfacet
  facet normal 0 0 -1
    outer loop
      vertex 26 3.4641 0
      vertex 36 12 0
      vertex 26.435 3.17341 0
    endloop
  endfacet
  facet normal 0 0 -1
    outer loop
      vertex 25.5307 3.69552 0
      vertex 36 12 0
      vertex 26 3.4641 0
    endloop
  endfacet
  facet normal 0 0 -1
    outer loop
      vertex 25.0353 3.8637 0
      vertex 36 12 0
      vertex 25.5307 3.69552 0
    endloop
  endfacet
  facet normal 0 0 -1
    outer loop
      vertex 24.5221 3.96578 0
      vertex 36 12 0
      vertex 25.0353 3.8637 0
    endloop
  endfacet
  facet normal 0 0 -1
    outer loop
      vertex 24 4 0
      vertex 36 12 0
      vertex 24.5221 3.96578 0
    endloop
  endfacet
  facet normal 0 0 -1
    outer loop
      vertex 23.4779 3.96578 0
      vertex 36 12 0
      vertex 24 4 0
    endloop
  endfacet
  facet normal 0 0 -1
    outer loop
      vertex 22.9647 3.8637 0
      vertex 36 12 0
      vertex 23.4779 3.96578 0
    endloop
  endfacet
  facet normal 0 0 -1
    outer loop
      vertex 22.4693 3.69552 0
      vertex 36 12 0
      vertex 22.9647 3.8637 0
    endloop
  endfacet
  facet normal 0 0 -1
    outer loop
      vertex 1.53073 3.69552 0
      vertex 22.4693 3.69552 0
      vertex 22 3.4641 0
    endloop
  endfacet
  facet normal 0 0 -1
    outer loop
      vertex 4 0 0
      vertex 20.0342 0.522104 0
      vertex 20 0 0
    endloop
  endfacet
  facet normal 0 0 -1
    outer loop
      vertex 3.96578 0.522104 0
      vertex 20.0342 0.522104 0
      vertex 4 0 0
    endloop
  endfacet
  facet normal 0 0 -1
    outer loop
      vertex 20.0342 0.522104 0
      vertex 3.96578 0.522104 0
      vertex 20.1363 1.03528 0
    endloop
  endfacet
  facet normal 0 0 -1
    outer loop
      vertex 3.8637 1.03528 0
      vertex 20.1363 1.03528 0
      vertex 3.96578 0.522104 0
    endloop
  endfacet
  facet normal 0 0 -1
    outer loop
      vertex 20.1363 1.03528 0
      vertex 3.8637 1.03528 0
      vertex 20.3045 1.53073 0
    endloop
  endfacet
  facet normal 0 0 -1
    outer loop
      vertex 3.69552 1.53073 0
      vertex 20.3045 1.53073 0
      vertex 3.8637 1.03528 0
    endloop
  endfacet
  facet normal 0 0 -1
    outer loop
      vertex 20.3045 1.53073 0
      vertex 3.69552 1.53073 0
      vertex 20.5359 2 0
    endloop
  endfacet
  facet normal 0 0 -1
    outer loop
      vertex 3.4641 2 0
      vertex 20.5359 2 0
      vertex 3.69552 1.53073 0
    endloop
  endfacet
  facet normal 0 0 -1
    outer loop
      vertex 20.5359 2 0
      vertex 3.4641 2 0
      vertex 20.8266 2.43505 0
    endloop
  endfacet
  facet normal 0 0 -1
    outer loop
      vertex 3.17341 2.43505 0
      vertex 20.8266 2.43505 0
      vertex 3.4641 2 0
    endloop
  endfacet
  facet normal 0 0 -1
    outer loop
      vertex 20.8266 2.43505 0
      vertex 3.17341 2.43505 0
      vertex 21.1716 2.82843 0
    endloop
  endfacet
  facet normal 0 0 -1
    outer loop
      vertex 2.82843 2.82843 0
      vertex 21.1716 2.82843 0
      vertex 3.17341 2.43505 0
    endloop
  endfacet
  facet normal 0 0 -1
    outer loop
      vertex 21.1716 2.82843 0
      vertex 2.82843 2.82843 0
      vertex 21.565 3.17341 0
    endloop
  endfacet
  facet normal 0 0 -1
    outer loop
      vertex 2.43505 3.17341 0
      vertex 21.565 3.17341 0
      vertex 2.82843 2.82843 0
    endloop
  endfacet
  facet normal 0 0 -1
    outer loop
      vertex 21.565 3.17341 0
      vertex 2.43505 3.17341 0
      vertex 22 3.4641 0
    endloop
  endfacet
  facet normal 0 0 -1
    outer loop
      vertex 2 3.4641 0
      vertex 22 3.4641 0
      vertex 2.43505 3.17341 0
    endloop
  endfacet
  facet normal 0 0 -1
    outer loop
      vertex 1.53073 3.69552 0
      vertex 22 3.4641 0
      vertex 2 3.4641 0
    endloop
  endfacet
  facet normal 0 0 -1
    outer loop
      vertex 22.4693 3.69552 0
      vertex 1.53073 3.69552 0
      vertex 36 12 0
    endloop
  endfacet
  facet normal 0 0 -1
    outer loop
      vertex 1.03528 3.8637 0
      vertex 36 12 0
      vertex 1.53073 3.69552 0
    endloop
  endfacet
  facet normal 0 0 -1
    outer loop
      vertex 0.522104 3.96578 0
      vertex 36 12 0
      vertex 1.03528 3.8637 0
    endloop
  endfacet
  facet normal 0 0 -1
    outer loop
      vertex 0 4 0
      vertex 36 12 0
      vertex 0.522104 3.96578 0
    endloop
  endfacet
  facet normal 0 0 -1
    outer loop
      vertex -36 12 0
      vertex 0 4 0
      vertex -0.522104 3.96578 0
    endloop
  endfacet
  facet normal 0 0 -1
    outer loop
      vertex -36 12 0
      vertex -0.522104 3.96578 0
      vertex -1.03528 3.8637 0
    endloop
  endfacet
  facet normal 0 0 -1
    outer loop
      vertex -20 0 0
      vertex -3.96578 0.522104 0
      vertex -4 0 0
    endloop
  endfacet
  facet normal 0 0 -1
    outer loop
      vertex -20.0342 0.522104 0
      vertex -3.96578 0.522104 0
      vertex -20 0 0
    endloop
  endfacet
  facet normal 0 0 -1
    outer loop
      vertex -3.96578 0.522104 0
      vertex -20.0342 0.522104 0
      vertex -3.8637 1.03528 0
    endloop
  endfacet
  facet normal 0 0 -1
    outer loop
      vertex -20.1363 1.03528 0
      vertex -3.8637 1.03528 0
      vertex -20.0342 0.522104 0
    endloop
  endfacet
  facet normal 0 0 -1
    outer loop
      vertex -3.8637 1.03528 0
      vertex -20.1363 1.03528 0
      vertex -3.69552 1.53073 0
    endloop
  endfacet
  facet normal 0 0 -1
    outer loop
      vertex -20.3045 1.53073 0
      vertex -3.69552 1.53073 0
      vertex -20.1363 1.03528 0
    endloop
  endfacet
  facet normal 0 0 -1
    outer loop
      vertex -3.69552 1.53073 0
      vertex -20.3045 1.53073 0
      vertex -3.4641 2 0
    endloop
  endfacet
  facet normal 0 0 -1
    outer loop
      vertex -20.5359 2 0
      vertex -3.4641 2 0
      vertex -20.3045 1.53073 0
    endloop
  endfacet
  facet normal 0 0 -1
    outer loop
      vertex -3.4641 2 0
      vertex -20.5359 2 0
      vertex -3.17341 2.43505 0
    endloop
  endfacet
  facet normal 0 0 -1
    outer loop
      vertex -20.8266 2.43505 0
      vertex -3.17341 2.43505 0
      vertex -20.5359 2 0
    endloop
  endfacet
  facet normal 0 0 -1
    outer loop
      vertex -3.17341 2.43505 0
      vertex -20.8266 2.43505 0
      vertex -2.82843 2.82843 0
    endloop
  endfacet
  facet normal 0 0 -1
    outer loop
      vertex -21.1716 2.82843 0
      vertex -2.82843 2.82843 0
      vertex -20.8266 2.43505 0
    endloop
  endfacet
  facet normal 0 0 -1
    outer loop
      vertex -2.82843 2.82843 0
      vertex -21.1716 2.82843 0
      vertex -2.43505 3.17341 0
    endloop
  endfacet
  facet normal 0 0 -1
    outer loop
      vertex -21.565 3.17341 0
      vertex -2.43505 3.17341 0
      vertex -21.1716 2.82843 0
    endloop
  endfacet
  facet normal 0 0 -1
    outer loop
      vertex -2.43505 3.17341 0
      vertex -21.565 3.17341 0
      vertex -2 3.4641 0
    endloop
  endfacet
  facet normal 0 0 -1
    outer loop
      vertex -22 3.4641 0
      vertex -2 3.4641 0
      vertex -21.565 3.17341 0
    endloop
  endfacet
  facet normal 0 0 -1
    outer loop
      vertex -2 3.4641 0
      vertex -22 3.4641 0
      vertex -1.53073 3.69552 0
    endloop
  endfacet
  facet normal 0 0 -1
    outer loop
      vertex -22.4693 3.69552 0
      vertex -1.53073 3.69552 0
      vertex -22 3.4641 0
    endloop
  endfacet
  facet normal 0 0 -1
    outer loop
      vertex -1.53073 3.69552 0
      vertex -22.4693 3.69552 0
      vertex -1.03528 3.8637 0
    endloop
  endfacet
  facet normal 0 0 -1
    outer loop
      vertex -36 12 0
      vertex -1.03528 3.8637 0
      vertex -22.4693 3.69552 0
    endloop
  endfacet
  facet normal 0 0 -1
    outer loop
      vertex -36 12 0
      vertex -22.4693 3.69552 0
      vertex -22.9647 3.8637 0
    endloop
  endfacet
  facet normal 0 0 -1
    outer loop
      vertex -36 12 0
      vertex -22.9647 3.8637 0
      vertex -23.4779 3.96578 0
    endloop
  endfacet
  facet normal 0 0 -1
    outer loop
      vertex -36 12 0
      vertex -23.4779 3.96578 0
      vertex -24 4 0
    endloop
  endfacet
  facet normal 0 0 -1
    outer loop
      vertex -36 12 0
      vertex -24 4 0
      vertex -24.5221 3.96578 0
    endloop
  endfacet
  facet normal 0 0 -1
    outer loop
      vertex -36 12 0
      vertex -28 0 0
      vertex -36 -12 0
    endloop
  endfacet
  facet normal 0 0 -1
    outer loop
      vertex -28 0 0
      vertex -36 12 0
      vertex -27.9658 0.522104 0
    endloop
  endfacet
  facet normal 0 0 -1
    outer loop
      vertex -27.9658 0.522104 0
      vertex -36 12 0
      vertex -27.8637 1.03528 0
    endloop
  endfacet
  facet normal 0 0 -1
    outer loop
      vertex -27.8637 1.03528 0
      vertex -36 12 0
      vertex -27.6955 1.53073 0
    endloop
  endfacet
  facet normal 0 0 -1
    outer loop
      vertex 0 4 0
      vertex -36 12 0
      vertex 36 12 0
    endloop
  endfacet
  facet normal 0 0 -1
    outer loop
      vertex -25.0353 3.8637 0
      vertex -36 12 0
      vertex -24.5221 3.96578 0
    endloop
  endfacet
  facet normal 0 0 -1
    outer loop
      vertex -25.5307 3.69552 0
      vertex -36 12 0
      vertex -25.0353 3.8637 0
    endloop
  endfacet
  facet normal 0 0 -1
    outer loop
      vertex -26 3.4641 0
      vertex -36 12 0
      vertex -25.5307 3.69552 0
    endloop
  endfacet
  facet normal 0 0 -1
    outer loop
      vertex -26.435 3.17341 0
      vertex -36 12 0
      vertex -26 3.4641 0
    endloop
  endfacet
  facet normal 0 0 -1
    outer loop
      vertex -26.8284 2.82843 0
      vertex -36 12 0
      vertex -26.435 3.17341 0
    endloop
  endfacet
  facet normal 0 0 -1
    outer loop
      vertex -27.1734 2.43505 0
      vertex -36 12 0
      vertex -26.8284 2.82843 0
    endloop
  endfacet
  facet normal 0 0 -1
    outer loop
      vertex -27.4641 2 0
      vertex -36 12 0
      vertex -27.1734 2.43505 0
    endloop
  endfacet
  facet normal 0 0 -1
    outer loop
      vertex -27.6955 1.53073 0
      vertex -36 12 0
      vertex -27.4641 2 0
    endloop
  endfacet
  facet normal 0 -1 0
    outer loop
      vertex -36 -12 0
      vertex 36 -12 7
      vertex -36 -12 7
    endloop
  endfacet
  facet normal 0 -1 -0
    outer loop
      vertex 36 -12 7
      vertex -36 -12 0
      vertex 36 -12 0
    endloop
  endfacet
endsolid OpenSCAD_Model
