solid OpenSCAD_Model
  facet normal 0.99785 0.0655331 0
    outer loop
      vertex -15.735 -18.4784 7
      vertex -15.75 -18.25 0
      vertex -15.75 -18.25 7
    endloop
  endfacet
  facet normal 0.99785 0.0655331 0
    outer loop
      vertex -15.75 -18.25 0
      vertex -15.735 -18.4784 7
      vertex -15.735 -18.4784 0
    endloop
  endfacet
  facet normal -0.897789 -0.440425 0
    outer loop
      vertex -12.4845 -15.375 0
      vertex -12.4819 -15.3803 5.52508
      vertex -12.4845 -15.375 5.52934
    endloop
  endfacet
  facet normal -0.894428 -0.447212 -8.09233e-06
    outer loop
      vertex -12.4845 -15.375 0
      vertex -12.4746 -15.3949 5.52146
      vertex -12.4819 -15.3803 5.52508
    endloop
  endfacet
  facet normal -0.897057 -0.441915 1.57117e-05
    outer loop
      vertex -12.4845 -15.375 0
      vertex -12.3978 -15.5508 5.48296
      vertex -12.4746 -15.3949 5.52146
    endloop
  endfacet
  facet normal -0.896774 -0.44249 -7.19393e-06
    outer loop
      vertex -12.3832 -15.5803 0
      vertex -12.3978 -15.5508 5.48296
      vertex -12.4845 -15.375 0
    endloop
  endfacet
  facet normal -0.896243 -0.443564 0
    outer loop
      vertex -12.3978 -15.5508 5.48296
      vertex -12.3832 -15.5803 0
      vertex -12.3832 -15.5803 5.48296
    endloop
  endfacet
  facet normal 0.0655331 0.99785 -0
    outer loop
      vertex -14 -20 0
      vertex -14.2284 -19.985 7
      vertex -14 -20 7
    endloop
  endfacet
  facet normal 0.0655331 0.99785 0
    outer loop
      vertex -14.2284 -19.985 7
      vertex -14 -20 0
      vertex -14.2284 -19.985 0
    endloop
  endfacet
  facet normal -0.946922 -0.321464 0
    outer loop
      vertex -12.3096 -15.7971 0
      vertex -12.3832 -15.5803 5.48296
      vertex -12.3832 -15.5803 0
    endloop
  endfacet
  facet normal -0.946922 -0.321464 0
    outer loop
      vertex -12.3832 -15.5803 5.48296
      vertex -12.3096 -15.7971 0
      vertex -12.3096 -15.7971 5.51981
    endloop
  endfacet
  facet normal -1 0 0
    outer loop
      vertex -12.25 -18.25 0
      vertex -12.25 -16.25 5.7102
      vertex -12.25 -16.25 0
    endloop
  endfacet
  facet normal -1 -0 0
    outer loop
      vertex -12.25 -16.25 5.7102
      vertex -12.25 -18.25 0
      vertex -12.25 -16.45 5.81929
    endloop
  endfacet
  facet normal -1 -0 0
    outer loop
      vertex -12.25 -16.45 5.81929
      vertex -12.25 -18.25 0
      vertex -12.25 -16.8835 6.05572
    endloop
  endfacet
  facet normal -1 -0 0
    outer loop
      vertex -12.25 -16.8835 6.05572
      vertex -12.25 -18.25 0
      vertex -12.25 -18.2461 6.799
    endloop
  endfacet
  facet normal -1 0 0
    outer loop
      vertex -12.25 -18.25 7
      vertex -12.25 -18.2461 6.799
      vertex -12.25 -18.25 0
    endloop
  endfacet
  facet normal -1 0 0
    outer loop
      vertex -12.25 -18.2461 6.799
      vertex -12.25 -18.25 7
      vertex -12.25 -18.2461 7
    endloop
  endfacet
  facet normal 0.896774 0.44249 0
    outer loop
      vertex -15.5155 -19.125 7
      vertex -15.6168 -18.9197 0
      vertex -15.6168 -18.9197 7
    endloop
  endfacet
  facet normal 0.896774 0.44249 0
    outer loop
      vertex -15.6168 -18.9197 0
      vertex -15.5155 -19.125 7
      vertex -15.5155 -19.125 0
    endloop
  endfacet
  facet normal 1 -0 0
    outer loop
      vertex -15.75 -18.25 7
      vertex -15.75 -16.25 0
      vertex -15.75 -16.25 7
    endloop
  endfacet
  facet normal 1 0 0
    outer loop
      vertex -15.75 -16.25 0
      vertex -15.75 -18.25 7
      vertex -15.75 -18.25 0
    endloop
  endfacet
  facet normal 0.194856 0.980832 -0
    outer loop
      vertex -14.2284 -19.985 0
      vertex -14.4529 -19.9404 7
      vertex -14.2284 -19.985 7
    endloop
  endfacet
  facet normal 0.194856 0.980832 0
    outer loop
      vertex -14.4529 -19.9404 7
      vertex -14.2284 -19.985 0
      vertex -14.4529 -19.9404 0
    endloop
  endfacet
  facet normal 0.44249 0.896774 -0
    outer loop
      vertex -14.6697 -19.8668 0
      vertex -14.875 -19.7655 7
      vertex -14.6697 -19.8668 7
    endloop
  endfacet
  facet normal 0.44249 0.896774 0
    outer loop
      vertex -14.875 -19.7655 7
      vertex -14.6697 -19.8668 0
      vertex -14.875 -19.7655 0
    endloop
  endfacet
  facet normal -0.194856 0.980832 0
    outer loop
      vertex -13.5471 -19.9404 0
      vertex -13.7716 -19.985 7
      vertex -13.5471 -19.9404 7
    endloop
  endfacet
  facet normal -0.194856 0.980832 0
    outer loop
      vertex -13.7716 -19.985 7
      vertex -13.5471 -19.9404 0
      vertex -13.7716 -19.985 0
    endloop
  endfacet
  facet normal 0.0655331 -0.99785 0
    outer loop
      vertex -14.2284 -14.515 0
      vertex -14 -14.5 7
      vertex -14.2284 -14.515 7
    endloop
  endfacet
  facet normal 0.0655331 -0.99785 0
    outer loop
      vertex -14 -14.5 7
      vertex -14.2284 -14.515 0
      vertex -14 -14.5 0
    endloop
  endfacet
  facet normal -0.44249 -0.896774 0
    outer loop
      vertex -13.3303 -14.6332 0
      vertex -13.125 -14.7345 7
      vertex -13.3303 -14.6332 7
    endloop
  endfacet
  facet normal -0.44249 -0.896774 -0
    outer loop
      vertex -13.125 -14.7345 7
      vertex -13.3303 -14.6332 0
      vertex -13.125 -14.7345 0
    endloop
  endfacet
  facet normal -0.99785 0.0655331 0
    outer loop
      vertex -12.265 -18.4784 0
      vertex -12.25 -18.25 7
      vertex -12.25 -18.25 0
    endloop
  endfacet
  facet normal -0.99785 0.0655331 0
    outer loop
      vertex -12.25 -18.25 7
      vertex -12.265 -18.4784 0
      vertex -12.265 -18.4784 7
    endloop
  endfacet
  facet normal 0.980832 -0.194856 0
    outer loop
      vertex -15.735 -16.0216 7
      vertex -15.6904 -15.7971 0
      vertex -15.6904 -15.7971 7
    endloop
  endfacet
  facet normal 0.980832 -0.194856 0
    outer loop
      vertex -15.6904 -15.7971 0
      vertex -15.735 -16.0216 7
      vertex -15.735 -16.0216 0
    endloop
  endfacet
  facet normal 0.99785 -0.0655331 0
    outer loop
      vertex -15.75 -16.25 7
      vertex -15.735 -16.0216 0
      vertex -15.735 -16.0216 7
    endloop
  endfacet
  facet normal 0.99785 -0.0655331 0
    outer loop
      vertex -15.735 -16.0216 0
      vertex -15.75 -16.25 7
      vertex -15.75 -16.25 0
    endloop
  endfacet
  facet normal -0.0655331 0.99785 0
    outer loop
      vertex -13.7716 -19.985 0
      vertex -14 -20 7
      vertex -13.7716 -19.985 7
    endloop
  endfacet
  facet normal -0.0655331 0.99785 0
    outer loop
      vertex -14 -20 7
      vertex -13.7716 -19.985 0
      vertex -14 -20 0
    endloop
  endfacet
  facet normal -0.44249 0.896774 0
    outer loop
      vertex -13.125 -19.7655 0
      vertex -13.3303 -19.8668 7
      vertex -13.125 -19.7655 7
    endloop
  endfacet
  facet normal -0.44249 0.896774 0
    outer loop
      vertex -13.3303 -19.8668 7
      vertex -13.125 -19.7655 0
      vertex -13.3303 -19.8668 0
    endloop
  endfacet
  facet normal -0.659524 0.751683 0
    outer loop
      vertex -12.7626 -19.4874 0
      vertex -12.9347 -19.6384 7
      vertex -12.7626 -19.4874 7
    endloop
  endfacet
  facet normal -0.659524 0.751683 0
    outer loop
      vertex -12.9347 -19.6384 7
      vertex -12.7626 -19.4874 0
      vertex -12.9347 -19.6384 0
    endloop
  endfacet
  facet normal -0.831579 0.555406 0
    outer loop
      vertex -12.6116 -19.3153 0
      vertex -12.4845 -19.125 7
      vertex -12.4845 -19.125 0
    endloop
  endfacet
  facet normal -0.831579 0.555406 0
    outer loop
      vertex -12.4845 -19.125 7
      vertex -12.6116 -19.3153 0
      vertex -12.6116 -19.3153 7
    endloop
  endfacet
  facet normal -0.751683 0.659524 0
    outer loop
      vertex -12.7626 -19.4874 0
      vertex -12.6116 -19.3153 7
      vertex -12.6116 -19.3153 0
    endloop
  endfacet
  facet normal -0.751683 0.659524 0
    outer loop
      vertex -12.6116 -19.3153 7
      vertex -12.7626 -19.4874 0
      vertex -12.7626 -19.4874 7
    endloop
  endfacet
  facet normal -0.555406 -0.831579 0
    outer loop
      vertex -13.125 -14.7345 0
      vertex -12.9347 -14.8616 7
      vertex -13.125 -14.7345 7
    endloop
  endfacet
  facet normal -0.555406 -0.831579 -0
    outer loop
      vertex -12.9347 -14.8616 7
      vertex -13.125 -14.7345 0
      vertex -12.9347 -14.8616 0
    endloop
  endfacet
  facet normal -0.194856 -0.980832 0
    outer loop
      vertex -13.7716 -14.515 0
      vertex -13.5471 -14.5596 7
      vertex -13.7716 -14.515 7
    endloop
  endfacet
  facet normal -0.194856 -0.980832 -0
    outer loop
      vertex -13.5471 -14.5596 7
      vertex -13.7716 -14.515 0
      vertex -13.5471 -14.5596 0
    endloop
  endfacet
  facet normal -0.321464 -0.946922 0
    outer loop
      vertex -13.5471 -14.5596 0
      vertex -13.3303 -14.6332 7
      vertex -13.5471 -14.5596 7
    endloop
  endfacet
  facet normal -0.321464 -0.946922 -0
    outer loop
      vertex -13.3303 -14.6332 7
      vertex -13.5471 -14.5596 0
      vertex -13.3303 -14.6332 0
    endloop
  endfacet
  facet normal -0.0655331 -0.99785 0
    outer loop
      vertex -14 -14.5 0
      vertex -13.7716 -14.515 7
      vertex -14 -14.5 7
    endloop
  endfacet
  facet normal -0.0655331 -0.99785 -0
    outer loop
      vertex -13.7716 -14.515 7
      vertex -14 -14.5 0
      vertex -13.7716 -14.515 0
    endloop
  endfacet
  facet normal 0.946922 0.321464 0
    outer loop
      vertex -15.6168 -18.9197 7
      vertex -15.6904 -18.7029 0
      vertex -15.6904 -18.7029 7
    endloop
  endfacet
  facet normal 0.946922 0.321464 0
    outer loop
      vertex -15.6904 -18.7029 0
      vertex -15.6168 -18.9197 7
      vertex -15.6168 -18.9197 0
    endloop
  endfacet
  facet normal 0.946922 -0.321464 0
    outer loop
      vertex -15.6904 -15.7971 7
      vertex -15.6168 -15.5803 0
      vertex -15.6168 -15.5803 7
    endloop
  endfacet
  facet normal 0.946922 -0.321464 0
    outer loop
      vertex -15.6168 -15.5803 0
      vertex -15.6904 -15.7971 7
      vertex -15.6904 -15.7971 0
    endloop
  endfacet
  facet normal 0.831579 -0.555406 0
    outer loop
      vertex -15.5155 -15.375 7
      vertex -15.3884 -15.1847 0
      vertex -15.3884 -15.1847 7
    endloop
  endfacet
  facet normal 0.831579 -0.555406 0
    outer loop
      vertex -15.3884 -15.1847 0
      vertex -15.5155 -15.375 7
      vertex -15.5155 -15.375 0
    endloop
  endfacet
  facet normal 0.555406 -0.831579 0
    outer loop
      vertex -15.0653 -14.8616 0
      vertex -14.875 -14.7345 7
      vertex -15.0653 -14.8616 7
    endloop
  endfacet
  facet normal 0.555406 -0.831579 0
    outer loop
      vertex -14.875 -14.7345 7
      vertex -15.0653 -14.8616 0
      vertex -14.875 -14.7345 0
    endloop
  endfacet
  facet normal 0.321464 0.946922 -0
    outer loop
      vertex -14.4529 -19.9404 0
      vertex -14.6697 -19.8668 7
      vertex -14.4529 -19.9404 7
    endloop
  endfacet
  facet normal 0.321464 0.946922 0
    outer loop
      vertex -14.6697 -19.8668 7
      vertex -14.4529 -19.9404 0
      vertex -14.6697 -19.8668 0
    endloop
  endfacet
  facet normal 0.831579 0.555406 0
    outer loop
      vertex -15.3884 -19.3153 7
      vertex -15.5155 -19.125 0
      vertex -15.5155 -19.125 7
    endloop
  endfacet
  facet normal 0.831579 0.555406 0
    outer loop
      vertex -15.5155 -19.125 0
      vertex -15.3884 -19.3153 7
      vertex -15.3884 -19.3153 0
    endloop
  endfacet
  facet normal -0.321464 0.946922 0
    outer loop
      vertex -13.3303 -19.8668 0
      vertex -13.5471 -19.9404 7
      vertex -13.3303 -19.8668 7
    endloop
  endfacet
  facet normal -0.321464 0.946922 0
    outer loop
      vertex -13.5471 -19.9404 7
      vertex -13.3303 -19.8668 0
      vertex -13.5471 -19.9404 0
    endloop
  endfacet
  facet normal -0.555406 0.831579 0
    outer loop
      vertex -12.9347 -19.6384 0
      vertex -13.125 -19.7655 7
      vertex -12.9347 -19.6384 7
    endloop
  endfacet
  facet normal -0.555406 0.831579 0
    outer loop
      vertex -13.125 -19.7655 7
      vertex -12.9347 -19.6384 0
      vertex -13.125 -19.7655 0
    endloop
  endfacet
  facet normal -0.896774 0.44249 0
    outer loop
      vertex -12.4845 -19.125 0
      vertex -12.3832 -18.9197 7
      vertex -12.3832 -18.9197 0
    endloop
  endfacet
  facet normal -0.896774 0.44249 0
    outer loop
      vertex -12.3832 -18.9197 7
      vertex -12.4845 -19.125 0
      vertex -12.4845 -19.125 7
    endloop
  endfacet
  facet normal -0.946922 0.321464 0
    outer loop
      vertex -12.3832 -18.9197 0
      vertex -12.3096 -18.7029 7
      vertex -12.3096 -18.7029 0
    endloop
  endfacet
  facet normal -0.946922 0.321464 0
    outer loop
      vertex -12.3096 -18.7029 7
      vertex -12.3832 -18.9197 0
      vertex -12.3832 -18.9197 7
    endloop
  endfacet
  facet normal -0.980832 0.194856 0
    outer loop
      vertex -12.3096 -18.7029 0
      vertex -12.265 -18.4784 7
      vertex -12.265 -18.4784 0
    endloop
  endfacet
  facet normal -0.980832 0.194856 0
    outer loop
      vertex -12.265 -18.4784 7
      vertex -12.3096 -18.7029 0
      vertex -12.3096 -18.7029 7
    endloop
  endfacet
  facet normal -0.980832 -0.194856 0
    outer loop
      vertex -12.265 -16.0216 0
      vertex -12.3096 -15.7971 5.51981
      vertex -12.3096 -15.7971 0
    endloop
  endfacet
  facet normal -0.98089 -0.194561 -1.24652e-05
    outer loop
      vertex -12.3096 -15.7971 5.51981
      vertex -12.265 -16.0216 0
      vertex -12.2832 -15.9302 5.56313
    endloop
  endfacet
  facet normal -0.980582 -0.196112 1.40253e-05
    outer loop
      vertex -12.2832 -15.9302 5.56313
      vertex -12.265 -16.0216 0
      vertex -12.2821 -15.9357 5.56494
    endloop
  endfacet
  facet normal -0.979269 -0.202562 0.000117627
    outer loop
      vertex -12.2821 -15.9357 5.56494
      vertex -12.265 -16.0216 0
      vertex -12.2809 -15.9415 5.56717
    endloop
  endfacet
  facet normal -0.98065 -0.195771 1.59746e-05
    outer loop
      vertex -12.2809 -15.9415 5.56717
      vertex -12.265 -16.0216 0
      vertex -12.2698 -15.9971 5.58844
    endloop
  endfacet
  facet normal -0.981343 -0.192263 0
    outer loop
      vertex -12.2698 -15.9971 5.58844
      vertex -12.265 -16.0216 0
      vertex -12.265 -16.0216 5.59783
    endloop
  endfacet
  facet normal -0.99785 -0.0655331 0
    outer loop
      vertex -12.25 -16.25 0
      vertex -12.265 -16.0216 5.59783
      vertex -12.265 -16.0216 0
    endloop
  endfacet
  facet normal -0.997862 -0.0653634 -6.95509e-06
    outer loop
      vertex -12.265 -16.0216 5.59783
      vertex -12.25 -16.25 0
      vertex -12.2519 -16.2216 5.69622
    endloop
  endfacet
  facet normal -0.99777 -0.0667522 0
    outer loop
      vertex -12.2519 -16.2216 5.69622
      vertex -12.25 -16.25 0
      vertex -12.25 -16.25 5.7102
    endloop
  endfacet
  facet normal -0.831495 -0.555532 0
    outer loop
      vertex -12.6116 -15.1847 0
      vertex -12.55 -15.2769 5.75104
      vertex -12.6116 -15.1847 7
    endloop
  endfacet
  facet normal -0.830992 -0.556285 -1.74495e-05
    outer loop
      vertex -12.6116 -15.1847 0
      vertex -12.5344 -15.3002 5.63419
      vertex -12.55 -15.2769 5.75104
    endloop
  endfacet
  facet normal -0.837029 -0.547159 0.000252348
    outer loop
      vertex -12.6116 -15.1847 0
      vertex -12.5329 -15.3025 5.62261
      vertex -12.5344 -15.3002 5.63419
    endloop
  endfacet
  facet normal -0.828368 -0.560184 -0.000141773
    outer loop
      vertex -12.6116 -15.1847 0
      vertex -12.5283 -15.3093 5.61386
      vertex -12.5329 -15.3025 5.62261
    endloop
  endfacet
  facet normal -0.831579 -0.555406 -0
    outer loop
      vertex -12.4845 -15.375 5.52934
      vertex -12.6116 -15.1847 0
      vertex -12.4845 -15.375 0
    endloop
  endfacet
  facet normal -0.83203 -0.55473 3.36223e-05
    outer loop
      vertex -12.6116 -15.1847 0
      vertex -12.4845 -15.375 5.52934
      vertex -12.5283 -15.3093 5.61386
    endloop
  endfacet
  facet normal -0.831495 -0.555532 0
    outer loop
      vertex -12.6116 -15.1847 7
      vertex -12.55 -15.2769 5.75104
      vertex -12.55 -15.2769 7
    endloop
  endfacet
  facet normal -0.659524 -0.751683 0
    outer loop
      vertex -12.9347 -14.8616 0
      vertex -12.7626 -15.0126 7
      vertex -12.9347 -14.8616 7
    endloop
  endfacet
  facet normal -0.659524 -0.751683 -0
    outer loop
      vertex -12.7626 -15.0126 7
      vertex -12.9347 -14.8616 0
      vertex -12.7626 -15.0126 0
    endloop
  endfacet
  facet normal 0.980832 0.194856 0
    outer loop
      vertex -15.6904 -18.7029 7
      vertex -15.735 -18.4784 0
      vertex -15.735 -18.4784 7
    endloop
  endfacet
  facet normal 0.980832 0.194856 0
    outer loop
      vertex -15.735 -18.4784 0
      vertex -15.6904 -18.7029 7
      vertex -15.6904 -18.7029 0
    endloop
  endfacet
  facet normal 0.896774 -0.44249 0
    outer loop
      vertex -15.6168 -15.5803 7
      vertex -15.5155 -15.375 0
      vertex -15.5155 -15.375 7
    endloop
  endfacet
  facet normal 0.896774 -0.44249 0
    outer loop
      vertex -15.5155 -15.375 0
      vertex -15.6168 -15.5803 7
      vertex -15.6168 -15.5803 0
    endloop
  endfacet
  facet normal 0.751683 -0.659524 0
    outer loop
      vertex -15.3884 -15.1847 7
      vertex -15.2374 -15.0126 0
      vertex -15.2374 -15.0126 7
    endloop
  endfacet
  facet normal 0.751683 -0.659524 0
    outer loop
      vertex -15.2374 -15.0126 0
      vertex -15.3884 -15.1847 7
      vertex -15.3884 -15.1847 0
    endloop
  endfacet
  facet normal 0.659524 -0.751683 0
    outer loop
      vertex -15.2374 -15.0126 0
      vertex -15.0653 -14.8616 7
      vertex -15.2374 -15.0126 7
    endloop
  endfacet
  facet normal 0.659524 -0.751683 0
    outer loop
      vertex -15.0653 -14.8616 7
      vertex -15.2374 -15.0126 0
      vertex -15.0653 -14.8616 0
    endloop
  endfacet
  facet normal 0.44249 -0.896774 0
    outer loop
      vertex -14.875 -14.7345 0
      vertex -14.6697 -14.6332 7
      vertex -14.875 -14.7345 7
    endloop
  endfacet
  facet normal 0.44249 -0.896774 0
    outer loop
      vertex -14.6697 -14.6332 7
      vertex -14.875 -14.7345 0
      vertex -14.6697 -14.6332 0
    endloop
  endfacet
  facet normal 0.321464 -0.946922 0
    outer loop
      vertex -14.6697 -14.6332 0
      vertex -14.4529 -14.5596 7
      vertex -14.6697 -14.6332 7
    endloop
  endfacet
  facet normal 0.321464 -0.946922 0
    outer loop
      vertex -14.4529 -14.5596 7
      vertex -14.6697 -14.6332 0
      vertex -14.4529 -14.5596 0
    endloop
  endfacet
  facet normal 0.194856 -0.980832 0
    outer loop
      vertex -14.4529 -14.5596 0
      vertex -14.2284 -14.515 7
      vertex -14.4529 -14.5596 7
    endloop
  endfacet
  facet normal 0.194856 -0.980832 0
    outer loop
      vertex -14.2284 -14.515 7
      vertex -14.4529 -14.5596 0
      vertex -14.2284 -14.515 0
    endloop
  endfacet
  facet normal 0.659524 0.751683 -0
    outer loop
      vertex -15.0653 -19.6384 0
      vertex -15.2374 -19.4874 7
      vertex -15.0653 -19.6384 7
    endloop
  endfacet
  facet normal 0.659524 0.751683 0
    outer loop
      vertex -15.2374 -19.4874 7
      vertex -15.0653 -19.6384 0
      vertex -15.2374 -19.4874 0
    endloop
  endfacet
  facet normal 0.751683 0.659524 0
    outer loop
      vertex -15.2374 -19.4874 7
      vertex -15.3884 -19.3153 0
      vertex -15.3884 -19.3153 7
    endloop
  endfacet
  facet normal 0.751683 0.659524 0
    outer loop
      vertex -15.3884 -19.3153 0
      vertex -15.2374 -19.4874 7
      vertex -15.2374 -19.4874 0
    endloop
  endfacet
  facet normal 0.555406 0.831579 -0
    outer loop
      vertex -14.875 -19.7655 0
      vertex -15.0653 -19.6384 7
      vertex -14.875 -19.7655 7
    endloop
  endfacet
  facet normal 0.555406 0.831579 0
    outer loop
      vertex -15.0653 -19.6384 7
      vertex -14.875 -19.7655 0
      vertex -15.0653 -19.6384 0
    endloop
  endfacet
  facet normal -0.751683 -0.659524 0
    outer loop
      vertex -12.6116 -15.1847 0
      vertex -12.7626 -15.0126 7
      vertex -12.7626 -15.0126 0
    endloop
  endfacet
  facet normal -0.751683 -0.659524 0
    outer loop
      vertex -12.7626 -15.0126 7
      vertex -12.6116 -15.1847 0
      vertex -12.6116 -15.1847 7
    endloop
  endfacet
  facet normal -0.194856 0.980832 0
    outer loop
      vertex -13.5471 14.5596 0
      vertex -13.7716 14.515 7
      vertex -13.5471 14.5596 7
    endloop
  endfacet
  facet normal -0.194856 0.980832 0
    outer loop
      vertex -13.7716 14.515 7
      vertex -13.5471 14.5596 0
      vertex -13.7716 14.515 0
    endloop
  endfacet
  facet normal -0.0655331 0.99785 0
    outer loop
      vertex -13.7716 14.515 0
      vertex -14 14.5 7
      vertex -13.7716 14.515 7
    endloop
  endfacet
  facet normal -0.0655331 0.99785 0
    outer loop
      vertex -14 14.5 7
      vertex -13.7716 14.515 0
      vertex -14 14.5 0
    endloop
  endfacet
  facet normal -0.831579 0.555406 0
    outer loop
      vertex -12.6116 15.1847 0
      vertex -12.4845 15.375 5.52934
      vertex -12.4845 15.375 0
    endloop
  endfacet
  facet normal -0.831657 0.55529 5.75223e-06
    outer loop
      vertex -12.4845 15.375 5.52934
      vertex -12.6116 15.1847 0
      vertex -12.5283 15.3094 5.61381
    endloop
  endfacet
  facet normal -0.832036 0.554721 2.40215e-05
    outer loop
      vertex -12.5283 15.3094 5.61381
      vertex -12.6116 15.1847 0
      vertex -12.5329 15.3025 5.62261
    endloop
  endfacet
  facet normal -0.837028 0.54716 0.000252327
    outer loop
      vertex -12.5329 15.3025 5.62261
      vertex -12.6116 15.1847 0
      vertex -12.5344 15.3002 5.6342
    endloop
  endfacet
  facet normal -0.830992 0.556285 -1.74496e-05
    outer loop
      vertex -12.5344 15.3002 5.6342
      vertex -12.6116 15.1847 0
      vertex -12.55 15.2769 5.75104
    endloop
  endfacet
  facet normal -0.831495 0.555532 0
    outer loop
      vertex -12.6116 15.1847 7
      vertex -12.55 15.2769 5.75104
      vertex -12.6116 15.1847 0
    endloop
  endfacet
  facet normal -0.831495 0.555532 0
    outer loop
      vertex -12.55 15.2769 5.75104
      vertex -12.6116 15.1847 7
      vertex -12.55 15.2769 7
    endloop
  endfacet
  facet normal 0.555406 0.831579 -0
    outer loop
      vertex -14.875 14.7345 0
      vertex -15.0653 14.8616 7
      vertex -14.875 14.7345 7
    endloop
  endfacet
  facet normal 0.555406 0.831579 0
    outer loop
      vertex -15.0653 14.8616 7
      vertex -14.875 14.7345 0
      vertex -15.0653 14.8616 0
    endloop
  endfacet
  facet normal 0.896774 0.44249 0
    outer loop
      vertex -15.5155 15.375 7
      vertex -15.6168 15.5803 0
      vertex -15.6168 15.5803 7
    endloop
  endfacet
  facet normal 0.896774 0.44249 0
    outer loop
      vertex -15.6168 15.5803 0
      vertex -15.5155 15.375 7
      vertex -15.5155 15.375 0
    endloop
  endfacet
  facet normal 0.0655331 0.99785 -0
    outer loop
      vertex -14 14.5 0
      vertex -14.2284 14.515 7
      vertex -14 14.5 7
    endloop
  endfacet
  facet normal 0.0655331 0.99785 0
    outer loop
      vertex -14.2284 14.515 7
      vertex -14 14.5 0
      vertex -14.2284 14.515 0
    endloop
  endfacet
  facet normal -1 0 0
    outer loop
      vertex -12.25 18.25 0
      vertex -12.25 18.2461 6.799
      vertex -12.25 18.25 7
    endloop
  endfacet
  facet normal -1 0 0
    outer loop
      vertex -12.25 18.25 0
      vertex -12.25 16.8835 6.05572
      vertex -12.25 18.2461 6.799
    endloop
  endfacet
  facet normal -1 0 0
    outer loop
      vertex -12.25 18.25 0
      vertex -12.25 16.45 5.81929
      vertex -12.25 16.8835 6.05572
    endloop
  endfacet
  facet normal -1 0 0
    outer loop
      vertex -12.25 16.25 5.7102
      vertex -12.25 18.25 0
      vertex -12.25 16.25 0
    endloop
  endfacet
  facet normal -1 0 0
    outer loop
      vertex -12.25 18.25 0
      vertex -12.25 16.25 5.7102
      vertex -12.25 16.45 5.81929
    endloop
  endfacet
  facet normal -1 -0 0
    outer loop
      vertex -12.25 18.25 7
      vertex -12.25 18.2461 6.799
      vertex -12.25 18.2461 7
    endloop
  endfacet
  facet normal 0.194856 0.980832 -0
    outer loop
      vertex -14.2284 14.515 0
      vertex -14.4529 14.5596 7
      vertex -14.2284 14.515 7
    endloop
  endfacet
  facet normal 0.194856 0.980832 0
    outer loop
      vertex -14.4529 14.5596 7
      vertex -14.2284 14.515 0
      vertex -14.4529 14.5596 0
    endloop
  endfacet
  facet normal 0.321464 0.946922 -0
    outer loop
      vertex -14.4529 14.5596 0
      vertex -14.6697 14.6332 7
      vertex -14.4529 14.5596 7
    endloop
  endfacet
  facet normal 0.321464 0.946922 0
    outer loop
      vertex -14.6697 14.6332 7
      vertex -14.4529 14.5596 0
      vertex -14.6697 14.6332 0
    endloop
  endfacet
  facet normal 0.980832 0.194856 0
    outer loop
      vertex -15.6904 15.7971 7
      vertex -15.735 16.0216 0
      vertex -15.735 16.0216 7
    endloop
  endfacet
  facet normal 0.980832 0.194856 0
    outer loop
      vertex -15.735 16.0216 0
      vertex -15.6904 15.7971 7
      vertex -15.6904 15.7971 0
    endloop
  endfacet
  facet normal 0.659524 0.751683 -0
    outer loop
      vertex -15.0653 14.8616 0
      vertex -15.2374 15.0126 7
      vertex -15.0653 14.8616 7
    endloop
  endfacet
  facet normal 0.659524 0.751683 0
    outer loop
      vertex -15.2374 15.0126 7
      vertex -15.0653 14.8616 0
      vertex -15.2374 15.0126 0
    endloop
  endfacet
  facet normal 0.751683 0.659524 0
    outer loop
      vertex -15.2374 15.0126 7
      vertex -15.3884 15.1847 0
      vertex -15.3884 15.1847 7
    endloop
  endfacet
  facet normal 0.751683 0.659524 0
    outer loop
      vertex -15.3884 15.1847 0
      vertex -15.2374 15.0126 7
      vertex -15.2374 15.0126 0
    endloop
  endfacet
  facet normal -0.321464 0.946922 0
    outer loop
      vertex -13.3303 14.6332 0
      vertex -13.5471 14.5596 7
      vertex -13.3303 14.6332 7
    endloop
  endfacet
  facet normal -0.321464 0.946922 0
    outer loop
      vertex -13.5471 14.5596 7
      vertex -13.3303 14.6332 0
      vertex -13.5471 14.5596 0
    endloop
  endfacet
  facet normal -0.946922 0.321464 0
    outer loop
      vertex -12.3832 15.5803 5.48296
      vertex -12.3096 15.7971 0
      vertex -12.3832 15.5803 0
    endloop
  endfacet
  facet normal -0.946922 0.321464 0
    outer loop
      vertex -12.3096 15.7971 0
      vertex -12.3832 15.5803 5.48296
      vertex -12.3096 15.7971 5.51981
    endloop
  endfacet
  facet normal -0.659524 0.751683 0
    outer loop
      vertex -12.7626 15.0126 0
      vertex -12.9347 14.8616 7
      vertex -12.7626 15.0126 7
    endloop
  endfacet
  facet normal -0.659524 0.751683 0
    outer loop
      vertex -12.9347 14.8616 7
      vertex -12.7626 15.0126 0
      vertex -12.9347 14.8616 0
    endloop
  endfacet
  facet normal -0.555406 0.831579 0
    outer loop
      vertex -12.9347 14.8616 0
      vertex -13.125 14.7345 7
      vertex -12.9347 14.8616 7
    endloop
  endfacet
  facet normal -0.555406 0.831579 0
    outer loop
      vertex -13.125 14.7345 7
      vertex -12.9347 14.8616 0
      vertex -13.125 14.7345 0
    endloop
  endfacet
  facet normal -0.44249 -0.896774 0
    outer loop
      vertex -13.3303 19.8668 0
      vertex -13.125 19.7655 7
      vertex -13.3303 19.8668 7
    endloop
  endfacet
  facet normal -0.44249 -0.896774 -0
    outer loop
      vertex -13.125 19.7655 7
      vertex -13.3303 19.8668 0
      vertex -13.125 19.7655 0
    endloop
  endfacet
  facet normal 0.44249 -0.896774 0
    outer loop
      vertex -14.875 19.7655 0
      vertex -14.6697 19.8668 7
      vertex -14.875 19.7655 7
    endloop
  endfacet
  facet normal 0.44249 -0.896774 0
    outer loop
      vertex -14.6697 19.8668 7
      vertex -14.875 19.7655 0
      vertex -14.6697 19.8668 0
    endloop
  endfacet
  facet normal 0.980832 -0.194856 0
    outer loop
      vertex -15.735 18.4784 7
      vertex -15.6904 18.7029 0
      vertex -15.6904 18.7029 7
    endloop
  endfacet
  facet normal 0.980832 -0.194856 0
    outer loop
      vertex -15.6904 18.7029 0
      vertex -15.735 18.4784 7
      vertex -15.735 18.4784 0
    endloop
  endfacet
  facet normal 0.44249 0.896774 -0
    outer loop
      vertex -14.6697 14.6332 0
      vertex -14.875 14.7345 7
      vertex -14.6697 14.6332 7
    endloop
  endfacet
  facet normal 0.44249 0.896774 0
    outer loop
      vertex -14.875 14.7345 7
      vertex -14.6697 14.6332 0
      vertex -14.875 14.7345 0
    endloop
  endfacet
  facet normal -0.44249 0.896774 0
    outer loop
      vertex -13.125 14.7345 0
      vertex -13.3303 14.6332 7
      vertex -13.125 14.7345 7
    endloop
  endfacet
  facet normal -0.44249 0.896774 0
    outer loop
      vertex -13.3303 14.6332 7
      vertex -13.125 14.7345 0
      vertex -13.3303 14.6332 0
    endloop
  endfacet
  facet normal -0.99777 0.0667522 0
    outer loop
      vertex -12.25 16.25 0
      vertex -12.2519 16.2216 5.69622
      vertex -12.25 16.25 5.7102
    endloop
  endfacet
  facet normal -0.99785 0.0655331 0
    outer loop
      vertex -12.265 16.0216 5.59783
      vertex -12.25 16.25 0
      vertex -12.265 16.0216 0
    endloop
  endfacet
  facet normal -0.997862 0.0653634 -6.95509e-06
    outer loop
      vertex -12.25 16.25 0
      vertex -12.265 16.0216 5.59783
      vertex -12.2519 16.2216 5.69622
    endloop
  endfacet
  facet normal -0.981343 0.192263 0
    outer loop
      vertex -12.265 16.0216 0
      vertex -12.2698 15.9971 5.58844
      vertex -12.265 16.0216 5.59783
    endloop
  endfacet
  facet normal -0.980521 0.196416 1.8914e-05
    outer loop
      vertex -12.265 16.0216 0
      vertex -12.2821 15.9357 5.56494
      vertex -12.2698 15.9971 5.58844
    endloop
  endfacet
  facet normal -0.981246 0.192758 -3.97876e-05
    outer loop
      vertex -12.265 16.0216 0
      vertex -12.2832 15.9301 5.56311
      vertex -12.2821 15.9357 5.56494
    endloop
  endfacet
  facet normal -0.980832 0.194856 0
    outer loop
      vertex -12.3096 15.7971 5.51981
      vertex -12.265 16.0216 0
      vertex -12.3096 15.7971 0
    endloop
  endfacet
  facet normal -0.980863 0.1947 -6.5931e-06
    outer loop
      vertex -12.265 16.0216 0
      vertex -12.3096 15.7971 5.51981
      vertex -12.2832 15.9301 5.56311
    endloop
  endfacet
  facet normal -0.896243 0.443564 0
    outer loop
      vertex -12.3832 15.5803 0
      vertex -12.3978 15.5508 5.48296
      vertex -12.3832 15.5803 5.48296
    endloop
  endfacet
  facet normal -0.896774 0.44249 -7.19393e-06
    outer loop
      vertex -12.4845 15.375 0
      vertex -12.3978 15.5508 5.48296
      vertex -12.3832 15.5803 0
    endloop
  endfacet
  facet normal -0.897604 0.440803 6.00391e-05
    outer loop
      vertex -12.3978 15.5508 5.48296
      vertex -12.4845 15.375 0
      vertex -12.4033 15.5396 5.48572
    endloop
  endfacet
  facet normal -0.896779 0.442478 -2.44478e-06
    outer loop
      vertex -12.4033 15.5396 5.48572
      vertex -12.4845 15.375 0
      vertex -12.4819 15.3803 5.52508
    endloop
  endfacet
  facet normal -0.897789 0.440425 0
    outer loop
      vertex -12.4819 15.3803 5.52508
      vertex -12.4845 15.375 0
      vertex -12.4845 15.375 5.52934
    endloop
  endfacet
  facet normal -0.751683 0.659524 0
    outer loop
      vertex -12.7626 15.0126 0
      vertex -12.6116 15.1847 7
      vertex -12.6116 15.1847 0
    endloop
  endfacet
  facet normal -0.751683 0.659524 0
    outer loop
      vertex -12.6116 15.1847 7
      vertex -12.7626 15.0126 0
      vertex -12.7626 15.0126 7
    endloop
  endfacet
  facet normal -0.0655331 -0.99785 0
    outer loop
      vertex -14 20 0
      vertex -13.7716 19.985 7
      vertex -14 20 7
    endloop
  endfacet
  facet normal -0.0655331 -0.99785 -0
    outer loop
      vertex -13.7716 19.985 7
      vertex -14 20 0
      vertex -13.7716 19.985 0
    endloop
  endfacet
  facet normal -0.659524 -0.751683 0
    outer loop
      vertex -12.9347 19.6384 0
      vertex -12.7626 19.4874 7
      vertex -12.9347 19.6384 7
    endloop
  endfacet
  facet normal -0.659524 -0.751683 -0
    outer loop
      vertex -12.7626 19.4874 7
      vertex -12.9347 19.6384 0
      vertex -12.7626 19.4874 0
    endloop
  endfacet
  facet normal -0.896774 -0.44249 0
    outer loop
      vertex -12.3832 18.9197 0
      vertex -12.4845 19.125 7
      vertex -12.4845 19.125 0
    endloop
  endfacet
  facet normal -0.896774 -0.44249 0
    outer loop
      vertex -12.4845 19.125 7
      vertex -12.3832 18.9197 0
      vertex -12.3832 18.9197 7
    endloop
  endfacet
  facet normal -0.99785 -0.0655331 0
    outer loop
      vertex -12.25 18.25 0
      vertex -12.265 18.4784 7
      vertex -12.265 18.4784 0
    endloop
  endfacet
  facet normal -0.99785 -0.0655331 0
    outer loop
      vertex -12.265 18.4784 7
      vertex -12.25 18.25 0
      vertex -12.25 18.25 7
    endloop
  endfacet
  facet normal 0.0655331 -0.99785 0
    outer loop
      vertex -14.2284 19.985 0
      vertex -14 20 7
      vertex -14.2284 19.985 7
    endloop
  endfacet
  facet normal 0.0655331 -0.99785 0
    outer loop
      vertex -14 20 7
      vertex -14.2284 19.985 0
      vertex -14 20 0
    endloop
  endfacet
  facet normal 0.99785 0.0655331 0
    outer loop
      vertex -15.735 16.0216 7
      vertex -15.75 16.25 0
      vertex -15.75 16.25 7
    endloop
  endfacet
  facet normal 0.99785 0.0655331 0
    outer loop
      vertex -15.75 16.25 0
      vertex -15.735 16.0216 7
      vertex -15.735 16.0216 0
    endloop
  endfacet
  facet normal 0.99785 -0.0655331 0
    outer loop
      vertex -15.75 18.25 7
      vertex -15.735 18.4784 0
      vertex -15.735 18.4784 7
    endloop
  endfacet
  facet normal 0.99785 -0.0655331 0
    outer loop
      vertex -15.735 18.4784 0
      vertex -15.75 18.25 7
      vertex -15.75 18.25 0
    endloop
  endfacet
  facet normal 0.946922 0.321464 0
    outer loop
      vertex -15.6168 15.5803 7
      vertex -15.6904 15.7971 0
      vertex -15.6904 15.7971 7
    endloop
  endfacet
  facet normal 0.946922 0.321464 0
    outer loop
      vertex -15.6904 15.7971 0
      vertex -15.6168 15.5803 7
      vertex -15.6168 15.5803 0
    endloop
  endfacet
  facet normal 0.831579 0.555406 0
    outer loop
      vertex -15.3884 15.1847 7
      vertex -15.5155 15.375 0
      vertex -15.5155 15.375 7
    endloop
  endfacet
  facet normal 0.831579 0.555406 0
    outer loop
      vertex -15.5155 15.375 0
      vertex -15.3884 15.1847 7
      vertex -15.3884 15.1847 0
    endloop
  endfacet
  facet normal -0.321464 -0.946922 0
    outer loop
      vertex -13.5471 19.9404 0
      vertex -13.3303 19.8668 7
      vertex -13.5471 19.9404 7
    endloop
  endfacet
  facet normal -0.321464 -0.946922 -0
    outer loop
      vertex -13.3303 19.8668 7
      vertex -13.5471 19.9404 0
      vertex -13.3303 19.8668 0
    endloop
  endfacet
  facet normal -0.194856 -0.980832 0
    outer loop
      vertex -13.7716 19.985 0
      vertex -13.5471 19.9404 7
      vertex -13.7716 19.985 7
    endloop
  endfacet
  facet normal -0.194856 -0.980832 -0
    outer loop
      vertex -13.5471 19.9404 7
      vertex -13.7716 19.985 0
      vertex -13.5471 19.9404 0
    endloop
  endfacet
  facet normal -0.555406 -0.831579 0
    outer loop
      vertex -13.125 19.7655 0
      vertex -12.9347 19.6384 7
      vertex -13.125 19.7655 7
    endloop
  endfacet
  facet normal -0.555406 -0.831579 -0
    outer loop
      vertex -12.9347 19.6384 7
      vertex -13.125 19.7655 0
      vertex -12.9347 19.6384 0
    endloop
  endfacet
  facet normal -0.946922 -0.321464 0
    outer loop
      vertex -12.3096 18.7029 0
      vertex -12.3832 18.9197 7
      vertex -12.3832 18.9197 0
    endloop
  endfacet
  facet normal -0.946922 -0.321464 0
    outer loop
      vertex -12.3832 18.9197 7
      vertex -12.3096 18.7029 0
      vertex -12.3096 18.7029 7
    endloop
  endfacet
  facet normal -0.831579 -0.555406 0
    outer loop
      vertex -12.4845 19.125 0
      vertex -12.6116 19.3153 7
      vertex -12.6116 19.3153 0
    endloop
  endfacet
  facet normal -0.831579 -0.555406 0
    outer loop
      vertex -12.6116 19.3153 7
      vertex -12.4845 19.125 0
      vertex -12.4845 19.125 7
    endloop
  endfacet
  facet normal -0.751683 -0.659524 0
    outer loop
      vertex -12.6116 19.3153 0
      vertex -12.7626 19.4874 7
      vertex -12.7626 19.4874 0
    endloop
  endfacet
  facet normal -0.751683 -0.659524 0
    outer loop
      vertex -12.7626 19.4874 7
      vertex -12.6116 19.3153 0
      vertex -12.6116 19.3153 7
    endloop
  endfacet
  facet normal 0.896774 -0.44249 0
    outer loop
      vertex -15.6168 18.9197 7
      vertex -15.5155 19.125 0
      vertex -15.5155 19.125 7
    endloop
  endfacet
  facet normal 0.896774 -0.44249 0
    outer loop
      vertex -15.5155 19.125 0
      vertex -15.6168 18.9197 7
      vertex -15.6168 18.9197 0
    endloop
  endfacet
  facet normal 0.831579 -0.555406 0
    outer loop
      vertex -15.5155 19.125 7
      vertex -15.3884 19.3153 0
      vertex -15.3884 19.3153 7
    endloop
  endfacet
  facet normal 0.831579 -0.555406 0
    outer loop
      vertex -15.3884 19.3153 0
      vertex -15.5155 19.125 7
      vertex -15.5155 19.125 0
    endloop
  endfacet
  facet normal 0.321464 -0.946922 0
    outer loop
      vertex -14.6697 19.8668 0
      vertex -14.4529 19.9404 7
      vertex -14.6697 19.8668 7
    endloop
  endfacet
  facet normal 0.321464 -0.946922 0
    outer loop
      vertex -14.4529 19.9404 7
      vertex -14.6697 19.8668 0
      vertex -14.4529 19.9404 0
    endloop
  endfacet
  facet normal 0.194856 -0.980832 0
    outer loop
      vertex -14.4529 19.9404 0
      vertex -14.2284 19.985 7
      vertex -14.4529 19.9404 7
    endloop
  endfacet
  facet normal 0.194856 -0.980832 0
    outer loop
      vertex -14.2284 19.985 7
      vertex -14.4529 19.9404 0
      vertex -14.2284 19.985 0
    endloop
  endfacet
  facet normal 1 -0 0
    outer loop
      vertex -15.75 16.25 7
      vertex -15.75 18.25 0
      vertex -15.75 18.25 7
    endloop
  endfacet
  facet normal 1 0 0
    outer loop
      vertex -15.75 18.25 0
      vertex -15.75 16.25 7
      vertex -15.75 16.25 0
    endloop
  endfacet
  facet normal 0.946922 -0.321464 0
    outer loop
      vertex -15.6904 18.7029 7
      vertex -15.6168 18.9197 0
      vertex -15.6168 18.9197 7
    endloop
  endfacet
  facet normal 0.946922 -0.321464 0
    outer loop
      vertex -15.6168 18.9197 0
      vertex -15.6904 18.7029 7
      vertex -15.6904 18.7029 0
    endloop
  endfacet
  facet normal -0.980832 -0.194856 0
    outer loop
      vertex -12.265 18.4784 0
      vertex -12.3096 18.7029 7
      vertex -12.3096 18.7029 0
    endloop
  endfacet
  facet normal -0.980832 -0.194856 0
    outer loop
      vertex -12.3096 18.7029 7
      vertex -12.265 18.4784 0
      vertex -12.265 18.4784 7
    endloop
  endfacet
  facet normal 0.555406 -0.831579 0
    outer loop
      vertex -15.0653 19.6384 0
      vertex -14.875 19.7655 7
      vertex -15.0653 19.6384 7
    endloop
  endfacet
  facet normal 0.555406 -0.831579 0
    outer loop
      vertex -14.875 19.7655 7
      vertex -15.0653 19.6384 0
      vertex -14.875 19.7655 0
    endloop
  endfacet
  facet normal 0.751683 -0.659524 0
    outer loop
      vertex -15.3884 19.3153 7
      vertex -15.2374 19.4874 0
      vertex -15.2374 19.4874 7
    endloop
  endfacet
  facet normal 0.751683 -0.659524 0
    outer loop
      vertex -15.2374 19.4874 0
      vertex -15.3884 19.3153 7
      vertex -15.3884 19.3153 0
    endloop
  endfacet
  facet normal 0.659524 -0.751683 0
    outer loop
      vertex -15.2374 19.4874 0
      vertex -15.0653 19.6384 7
      vertex -15.2374 19.4874 7
    endloop
  endfacet
  facet normal 0.659524 -0.751683 0
    outer loop
      vertex -15.0653 19.6384 7
      vertex -15.2374 19.4874 0
      vertex -15.0653 19.6384 0
    endloop
  endfacet
  facet normal -1 0 0
    outer loop
      vertex 15.75 -18.25 0
      vertex 15.75 -16.25 7
      vertex 15.75 -16.25 0
    endloop
  endfacet
  facet normal -1 -0 0
    outer loop
      vertex 15.75 -16.25 7
      vertex 15.75 -18.25 0
      vertex 15.75 -18.25 7
    endloop
  endfacet
  facet normal -0.99785 -0.0655331 0
    outer loop
      vertex 15.75 -16.25 0
      vertex 15.735 -16.0216 7
      vertex 15.735 -16.0216 0
    endloop
  endfacet
  facet normal -0.99785 -0.0655331 0
    outer loop
      vertex 15.735 -16.0216 7
      vertex 15.75 -16.25 0
      vertex 15.75 -16.25 7
    endloop
  endfacet
  facet normal -0.896774 -0.44249 0
    outer loop
      vertex 15.6168 -15.5803 0
      vertex 15.5155 -15.375 7
      vertex 15.5155 -15.375 0
    endloop
  endfacet
  facet normal -0.896774 -0.44249 0
    outer loop
      vertex 15.5155 -15.375 7
      vertex 15.6168 -15.5803 0
      vertex 15.6168 -15.5803 7
    endloop
  endfacet
  facet normal 0.751683 -0.659524 0
    outer loop
      vertex 12.6116 -15.1847 7
      vertex 12.7626 -15.0126 0
      vertex 12.7626 -15.0126 7
    endloop
  endfacet
  facet normal 0.751683 -0.659524 0
    outer loop
      vertex 12.7626 -15.0126 0
      vertex 12.6116 -15.1847 7
      vertex 12.6116 -15.1847 0
    endloop
  endfacet
  facet normal -0.946922 0.321464 0
    outer loop
      vertex 15.6168 -18.9197 0
      vertex 15.6904 -18.7029 7
      vertex 15.6904 -18.7029 0
    endloop
  endfacet
  facet normal -0.946922 0.321464 0
    outer loop
      vertex 15.6904 -18.7029 7
      vertex 15.6168 -18.9197 0
      vertex 15.6168 -18.9197 7
    endloop
  endfacet
  facet normal -0.980832 -0.194856 0
    outer loop
      vertex 15.735 -16.0216 0
      vertex 15.6904 -15.7971 7
      vertex 15.6904 -15.7971 0
    endloop
  endfacet
  facet normal -0.980832 -0.194856 0
    outer loop
      vertex 15.6904 -15.7971 7
      vertex 15.735 -16.0216 0
      vertex 15.735 -16.0216 7
    endloop
  endfacet
  facet normal -0.946922 -0.321464 0
    outer loop
      vertex 15.6904 -15.7971 0
      vertex 15.6168 -15.5803 7
      vertex 15.6168 -15.5803 0
    endloop
  endfacet
  facet normal -0.946922 -0.321464 0
    outer loop
      vertex 15.6168 -15.5803 7
      vertex 15.6904 -15.7971 0
      vertex 15.6904 -15.7971 7
    endloop
  endfacet
  facet normal 0.896774 0.44249 0
    outer loop
      vertex 12.4845 -19.125 7
      vertex 12.3832 -18.9197 0
      vertex 12.3832 -18.9197 7
    endloop
  endfacet
  facet normal 0.896774 0.44249 0
    outer loop
      vertex 12.3832 -18.9197 0
      vertex 12.4845 -19.125 7
      vertex 12.4845 -19.125 0
    endloop
  endfacet
  facet normal -0.0655331 0.99785 0
    outer loop
      vertex 14.2284 -19.985 0
      vertex 14 -20 7
      vertex 14.2284 -19.985 7
    endloop
  endfacet
  facet normal -0.0655331 0.99785 0
    outer loop
      vertex 14 -20 7
      vertex 14.2284 -19.985 0
      vertex 14 -20 0
    endloop
  endfacet
  facet normal 0.659524 -0.751683 0
    outer loop
      vertex 12.7626 -15.0126 0
      vertex 12.9347 -14.8616 7
      vertex 12.7626 -15.0126 7
    endloop
  endfacet
  facet normal 0.659524 -0.751683 0
    outer loop
      vertex 12.9347 -14.8616 7
      vertex 12.7626 -15.0126 0
      vertex 12.9347 -14.8616 0
    endloop
  endfacet
  facet normal -0.751683 -0.659524 0
    outer loop
      vertex 15.3884 -15.1847 0
      vertex 15.2374 -15.0126 7
      vertex 15.2374 -15.0126 0
    endloop
  endfacet
  facet normal -0.751683 -0.659524 0
    outer loop
      vertex 15.2374 -15.0126 7
      vertex 15.3884 -15.1847 0
      vertex 15.3884 -15.1847 7
    endloop
  endfacet
  facet normal 0.0655331 0.99785 -0
    outer loop
      vertex 14 -20 0
      vertex 13.7716 -19.985 7
      vertex 14 -20 7
    endloop
  endfacet
  facet normal 0.0655331 0.99785 0
    outer loop
      vertex 13.7716 -19.985 7
      vertex 14 -20 0
      vertex 13.7716 -19.985 0
    endloop
  endfacet
  facet normal 0.831579 0.555406 0
    outer loop
      vertex 12.6116 -19.3153 7
      vertex 12.4845 -19.125 0
      vertex 12.4845 -19.125 7
    endloop
  endfacet
  facet normal 0.831579 0.555406 0
    outer loop
      vertex 12.4845 -19.125 0
      vertex 12.6116 -19.3153 7
      vertex 12.6116 -19.3153 0
    endloop
  endfacet
  facet normal -0.44249 0.896774 0
    outer loop
      vertex 14.875 -19.7655 0
      vertex 14.6697 -19.8668 7
      vertex 14.875 -19.7655 7
    endloop
  endfacet
  facet normal -0.44249 0.896774 0
    outer loop
      vertex 14.6697 -19.8668 7
      vertex 14.875 -19.7655 0
      vertex 14.6697 -19.8668 0
    endloop
  endfacet
  facet normal -0.659524 0.751683 0
    outer loop
      vertex 15.2374 -19.4874 0
      vertex 15.0653 -19.6384 7
      vertex 15.2374 -19.4874 7
    endloop
  endfacet
  facet normal -0.659524 0.751683 0
    outer loop
      vertex 15.0653 -19.6384 7
      vertex 15.2374 -19.4874 0
      vertex 15.0653 -19.6384 0
    endloop
  endfacet
  facet normal -0.321464 0.946922 0
    outer loop
      vertex 14.6697 -19.8668 0
      vertex 14.4529 -19.9404 7
      vertex 14.6697 -19.8668 7
    endloop
  endfacet
  facet normal -0.321464 0.946922 0
    outer loop
      vertex 14.4529 -19.9404 7
      vertex 14.6697 -19.8668 0
      vertex 14.4529 -19.9404 0
    endloop
  endfacet
  facet normal -0.980832 0.194856 0
    outer loop
      vertex 15.6904 -18.7029 0
      vertex 15.735 -18.4784 7
      vertex 15.735 -18.4784 0
    endloop
  endfacet
  facet normal -0.980832 0.194856 0
    outer loop
      vertex 15.735 -18.4784 7
      vertex 15.6904 -18.7029 0
      vertex 15.6904 -18.7029 7
    endloop
  endfacet
  facet normal 1 -0 0
    outer loop
      vertex 12.25 -18.25 7
      vertex 12.25 -16.25 0
      vertex 12.25 -16.25 7
    endloop
  endfacet
  facet normal 1 0 0
    outer loop
      vertex 12.25 -16.25 0
      vertex 12.25 -18.25 7
      vertex 12.25 -18.25 0
    endloop
  endfacet
  facet normal 0.99785 -0.0655331 0
    outer loop
      vertex 12.25 -16.25 7
      vertex 12.265 -16.0216 0
      vertex 12.265 -16.0216 7
    endloop
  endfacet
  facet normal 0.99785 -0.0655331 0
    outer loop
      vertex 12.265 -16.0216 0
      vertex 12.25 -16.25 7
      vertex 12.25 -16.25 0
    endloop
  endfacet
  facet normal 0.99785 0.0655331 0
    outer loop
      vertex 12.265 -18.4784 7
      vertex 12.25 -18.25 0
      vertex 12.25 -18.25 7
    endloop
  endfacet
  facet normal 0.99785 0.0655331 0
    outer loop
      vertex 12.25 -18.25 0
      vertex 12.265 -18.4784 7
      vertex 12.265 -18.4784 0
    endloop
  endfacet
  facet normal 0.980832 0.194856 0
    outer loop
      vertex 12.3096 -18.7029 7
      vertex 12.265 -18.4784 0
      vertex 12.265 -18.4784 7
    endloop
  endfacet
  facet normal 0.980832 0.194856 0
    outer loop
      vertex 12.265 -18.4784 0
      vertex 12.3096 -18.7029 7
      vertex 12.3096 -18.7029 0
    endloop
  endfacet
  facet normal -0.896774 0.44249 0
    outer loop
      vertex 15.5155 -19.125 0
      vertex 15.6168 -18.9197 7
      vertex 15.6168 -18.9197 0
    endloop
  endfacet
  facet normal -0.896774 0.44249 0
    outer loop
      vertex 15.6168 -18.9197 7
      vertex 15.5155 -19.125 0
      vertex 15.5155 -19.125 7
    endloop
  endfacet
  facet normal -0.751683 0.659524 0
    outer loop
      vertex 15.2374 -19.4874 0
      vertex 15.3884 -19.3153 7
      vertex 15.3884 -19.3153 0
    endloop
  endfacet
  facet normal -0.751683 0.659524 0
    outer loop
      vertex 15.3884 -19.3153 7
      vertex 15.2374 -19.4874 0
      vertex 15.2374 -19.4874 7
    endloop
  endfacet
  facet normal -0.831579 0.555406 0
    outer loop
      vertex 15.3884 -19.3153 0
      vertex 15.5155 -19.125 7
      vertex 15.5155 -19.125 0
    endloop
  endfacet
  facet normal -0.831579 0.555406 0
    outer loop
      vertex 15.5155 -19.125 7
      vertex 15.3884 -19.3153 0
      vertex 15.3884 -19.3153 7
    endloop
  endfacet
  facet normal 0.946922 0.321464 0
    outer loop
      vertex 12.3832 -18.9197 7
      vertex 12.3096 -18.7029 0
      vertex 12.3096 -18.7029 7
    endloop
  endfacet
  facet normal 0.946922 0.321464 0
    outer loop
      vertex 12.3096 -18.7029 0
      vertex 12.3832 -18.9197 7
      vertex 12.3832 -18.9197 0
    endloop
  endfacet
  facet normal -0.555406 0.831579 0
    outer loop
      vertex 15.0653 -19.6384 0
      vertex 14.875 -19.7655 7
      vertex 15.0653 -19.6384 7
    endloop
  endfacet
  facet normal -0.555406 0.831579 0
    outer loop
      vertex 14.875 -19.7655 7
      vertex 15.0653 -19.6384 0
      vertex 14.875 -19.7655 0
    endloop
  endfacet
  facet normal -0.194856 0.980832 0
    outer loop
      vertex 14.4529 -19.9404 0
      vertex 14.2284 -19.985 7
      vertex 14.4529 -19.9404 7
    endloop
  endfacet
  facet normal -0.194856 0.980832 0
    outer loop
      vertex 14.2284 -19.985 7
      vertex 14.4529 -19.9404 0
      vertex 14.2284 -19.985 0
    endloop
  endfacet
  facet normal 0.980832 -0.194856 0
    outer loop
      vertex 12.265 -16.0216 7
      vertex 12.3096 -15.7971 0
      vertex 12.3096 -15.7971 7
    endloop
  endfacet
  facet normal 0.980832 -0.194856 0
    outer loop
      vertex 12.3096 -15.7971 0
      vertex 12.265 -16.0216 7
      vertex 12.265 -16.0216 0
    endloop
  endfacet
  facet normal 0.831579 -0.555406 0
    outer loop
      vertex 12.4845 -15.375 7
      vertex 12.6116 -15.1847 0
      vertex 12.6116 -15.1847 7
    endloop
  endfacet
  facet normal 0.831579 -0.555406 0
    outer loop
      vertex 12.6116 -15.1847 0
      vertex 12.4845 -15.375 7
      vertex 12.4845 -15.375 0
    endloop
  endfacet
  facet normal -0.44249 -0.896774 0
    outer loop
      vertex 14.6697 -14.6332 0
      vertex 14.875 -14.7345 7
      vertex 14.6697 -14.6332 7
    endloop
  endfacet
  facet normal -0.44249 -0.896774 -0
    outer loop
      vertex 14.875 -14.7345 7
      vertex 14.6697 -14.6332 0
      vertex 14.875 -14.7345 0
    endloop
  endfacet
  facet normal -0.831579 -0.555406 0
    outer loop
      vertex 15.5155 -15.375 0
      vertex 15.3884 -15.1847 7
      vertex 15.3884 -15.1847 0
    endloop
  endfacet
  facet normal -0.831579 -0.555406 0
    outer loop
      vertex 15.3884 -15.1847 7
      vertex 15.5155 -15.375 0
      vertex 15.5155 -15.375 7
    endloop
  endfacet
  facet normal 0.321464 0.946922 -0
    outer loop
      vertex 13.5471 -19.9404 0
      vertex 13.3303 -19.8668 7
      vertex 13.5471 -19.9404 7
    endloop
  endfacet
  facet normal 0.321464 0.946922 0
    outer loop
      vertex 13.3303 -19.8668 7
      vertex 13.5471 -19.9404 0
      vertex 13.3303 -19.8668 0
    endloop
  endfacet
  facet normal 0.659524 0.751683 -0
    outer loop
      vertex 12.9347 -19.6384 0
      vertex 12.7626 -19.4874 7
      vertex 12.9347 -19.6384 7
    endloop
  endfacet
  facet normal 0.659524 0.751683 0
    outer loop
      vertex 12.7626 -19.4874 7
      vertex 12.9347 -19.6384 0
      vertex 12.7626 -19.4874 0
    endloop
  endfacet
  facet normal 0.751683 0.659524 0
    outer loop
      vertex 12.7626 -19.4874 7
      vertex 12.6116 -19.3153 0
      vertex 12.6116 -19.3153 7
    endloop
  endfacet
  facet normal 0.751683 0.659524 0
    outer loop
      vertex 12.6116 -19.3153 0
      vertex 12.7626 -19.4874 7
      vertex 12.7626 -19.4874 0
    endloop
  endfacet
  facet normal -0.99785 0.0655331 0
    outer loop
      vertex 15.735 -18.4784 0
      vertex 15.75 -18.25 7
      vertex 15.75 -18.25 0
    endloop
  endfacet
  facet normal -0.99785 0.0655331 0
    outer loop
      vertex 15.75 -18.25 7
      vertex 15.735 -18.4784 0
      vertex 15.735 -18.4784 7
    endloop
  endfacet
  facet normal 0.896774 -0.44249 0
    outer loop
      vertex 12.3832 -15.5803 7
      vertex 12.4845 -15.375 0
      vertex 12.4845 -15.375 7
    endloop
  endfacet
  facet normal 0.896774 -0.44249 0
    outer loop
      vertex 12.4845 -15.375 0
      vertex 12.3832 -15.5803 7
      vertex 12.3832 -15.5803 0
    endloop
  endfacet
  facet normal 0.946922 -0.321464 0
    outer loop
      vertex 12.3096 -15.7971 7
      vertex 12.3832 -15.5803 0
      vertex 12.3832 -15.5803 7
    endloop
  endfacet
  facet normal 0.946922 -0.321464 0
    outer loop
      vertex 12.3832 -15.5803 0
      vertex 12.3096 -15.7971 7
      vertex 12.3096 -15.7971 0
    endloop
  endfacet
  facet normal -0.0655331 -0.99785 0
    outer loop
      vertex 14 -14.5 0
      vertex 14.2284 -14.515 7
      vertex 14 -14.5 7
    endloop
  endfacet
  facet normal -0.0655331 -0.99785 -0
    outer loop
      vertex 14.2284 -14.515 7
      vertex 14 -14.5 0
      vertex 14.2284 -14.515 0
    endloop
  endfacet
  facet normal 0.321464 -0.946922 0
    outer loop
      vertex 13.3303 -14.6332 0
      vertex 13.5471 -14.5596 7
      vertex 13.3303 -14.6332 7
    endloop
  endfacet
  facet normal 0.321464 -0.946922 0
    outer loop
      vertex 13.5471 -14.5596 7
      vertex 13.3303 -14.6332 0
      vertex 13.5471 -14.5596 0
    endloop
  endfacet
  facet normal -0.555406 -0.831579 0
    outer loop
      vertex 14.875 -14.7345 0
      vertex 15.0653 -14.8616 7
      vertex 14.875 -14.7345 7
    endloop
  endfacet
  facet normal -0.555406 -0.831579 -0
    outer loop
      vertex 15.0653 -14.8616 7
      vertex 14.875 -14.7345 0
      vertex 15.0653 -14.8616 0
    endloop
  endfacet
  facet normal -0.194856 -0.980832 0
    outer loop
      vertex 14.2284 -14.515 0
      vertex 14.4529 -14.5596 7
      vertex 14.2284 -14.515 7
    endloop
  endfacet
  facet normal -0.194856 -0.980832 -0
    outer loop
      vertex 14.4529 -14.5596 7
      vertex 14.2284 -14.515 0
      vertex 14.4529 -14.5596 0
    endloop
  endfacet
  facet normal 0.44249 0.896774 -0
    outer loop
      vertex 13.3303 -19.8668 0
      vertex 13.125 -19.7655 7
      vertex 13.3303 -19.8668 7
    endloop
  endfacet
  facet normal 0.44249 0.896774 0
    outer loop
      vertex 13.125 -19.7655 7
      vertex 13.3303 -19.8668 0
      vertex 13.125 -19.7655 0
    endloop
  endfacet
  facet normal 0.555406 0.831579 -0
    outer loop
      vertex 13.125 -19.7655 0
      vertex 12.9347 -19.6384 7
      vertex 13.125 -19.7655 7
    endloop
  endfacet
  facet normal 0.555406 0.831579 0
    outer loop
      vertex 12.9347 -19.6384 7
      vertex 13.125 -19.7655 0
      vertex 12.9347 -19.6384 0
    endloop
  endfacet
  facet normal 0.194856 0.980832 -0
    outer loop
      vertex 13.7716 -19.985 0
      vertex 13.5471 -19.9404 7
      vertex 13.7716 -19.985 7
    endloop
  endfacet
  facet normal 0.194856 0.980832 0
    outer loop
      vertex 13.5471 -19.9404 7
      vertex 13.7716 -19.985 0
      vertex 13.5471 -19.9404 0
    endloop
  endfacet
  facet normal 0.555406 -0.831579 0
    outer loop
      vertex 12.9347 -14.8616 0
      vertex 13.125 -14.7345 7
      vertex 12.9347 -14.8616 7
    endloop
  endfacet
  facet normal 0.555406 -0.831579 0
    outer loop
      vertex 13.125 -14.7345 7
      vertex 12.9347 -14.8616 0
      vertex 13.125 -14.7345 0
    endloop
  endfacet
  facet normal 0.44249 -0.896774 0
    outer loop
      vertex 13.125 -14.7345 0
      vertex 13.3303 -14.6332 7
      vertex 13.125 -14.7345 7
    endloop
  endfacet
  facet normal 0.44249 -0.896774 0
    outer loop
      vertex 13.3303 -14.6332 7
      vertex 13.125 -14.7345 0
      vertex 13.3303 -14.6332 0
    endloop
  endfacet
  facet normal 0.0655331 -0.99785 0
    outer loop
      vertex 13.7716 -14.515 0
      vertex 14 -14.5 7
      vertex 13.7716 -14.515 7
    endloop
  endfacet
  facet normal 0.0655331 -0.99785 0
    outer loop
      vertex 14 -14.5 7
      vertex 13.7716 -14.515 0
      vertex 14 -14.5 0
    endloop
  endfacet
  facet normal 0.194856 -0.980832 0
    outer loop
      vertex 13.5471 -14.5596 0
      vertex 13.7716 -14.515 7
      vertex 13.5471 -14.5596 7
    endloop
  endfacet
  facet normal 0.194856 -0.980832 0
    outer loop
      vertex 13.7716 -14.515 7
      vertex 13.5471 -14.5596 0
      vertex 13.7716 -14.515 0
    endloop
  endfacet
  facet normal -0.659524 -0.751683 0
    outer loop
      vertex 15.0653 -14.8616 0
      vertex 15.2374 -15.0126 7
      vertex 15.0653 -14.8616 7
    endloop
  endfacet
  facet normal -0.659524 -0.751683 -0
    outer loop
      vertex 15.2374 -15.0126 7
      vertex 15.0653 -14.8616 0
      vertex 15.2374 -15.0126 0
    endloop
  endfacet
  facet normal -0.321464 -0.946922 0
    outer loop
      vertex 14.4529 -14.5596 0
      vertex 14.6697 -14.6332 7
      vertex 14.4529 -14.5596 7
    endloop
  endfacet
  facet normal -0.321464 -0.946922 -0
    outer loop
      vertex 14.6697 -14.6332 7
      vertex 14.4529 -14.5596 0
      vertex 14.6697 -14.6332 0
    endloop
  endfacet
  facet normal -0.980832 0.194856 0
    outer loop
      vertex 15.6904 15.7971 0
      vertex 15.735 16.0216 7
      vertex 15.735 16.0216 0
    endloop
  endfacet
  facet normal -0.980832 0.194856 0
    outer loop
      vertex 15.735 16.0216 7
      vertex 15.6904 15.7971 0
      vertex 15.6904 15.7971 7
    endloop
  endfacet
  facet normal -0.555406 0.831579 0
    outer loop
      vertex 15.0653 14.8616 0
      vertex 14.875 14.7345 7
      vertex 15.0653 14.8616 7
    endloop
  endfacet
  facet normal -0.555406 0.831579 0
    outer loop
      vertex 14.875 14.7345 7
      vertex 15.0653 14.8616 0
      vertex 14.875 14.7345 0
    endloop
  endfacet
  facet normal 0.0655331 0.99785 -0
    outer loop
      vertex 14 14.5 0
      vertex 13.7716 14.515 7
      vertex 14 14.5 7
    endloop
  endfacet
  facet normal 0.0655331 0.99785 0
    outer loop
      vertex 13.7716 14.515 7
      vertex 14 14.5 0
      vertex 13.7716 14.515 0
    endloop
  endfacet
  facet normal 0.194856 -0.980832 0
    outer loop
      vertex 13.5471 19.9404 0
      vertex 13.7716 19.985 7
      vertex 13.5471 19.9404 7
    endloop
  endfacet
  facet normal 0.194856 -0.980832 0
    outer loop
      vertex 13.7716 19.985 7
      vertex 13.5471 19.9404 0
      vertex 13.7716 19.985 0
    endloop
  endfacet
  facet normal -0.831579 0.555406 0
    outer loop
      vertex 15.3884 15.1847 0
      vertex 15.5155 15.375 7
      vertex 15.5155 15.375 0
    endloop
  endfacet
  facet normal -0.831579 0.555406 0
    outer loop
      vertex 15.5155 15.375 7
      vertex 15.3884 15.1847 0
      vertex 15.3884 15.1847 7
    endloop
  endfacet
  facet normal -0.946922 -0.321464 0
    outer loop
      vertex 15.6904 18.7029 0
      vertex 15.6168 18.9197 7
      vertex 15.6168 18.9197 0
    endloop
  endfacet
  facet normal -0.946922 -0.321464 0
    outer loop
      vertex 15.6168 18.9197 7
      vertex 15.6904 18.7029 0
      vertex 15.6904 18.7029 7
    endloop
  endfacet
  facet normal 0.831579 0.555406 0
    outer loop
      vertex 12.6116 15.1847 7
      vertex 12.4845 15.375 0
      vertex 12.4845 15.375 7
    endloop
  endfacet
  facet normal 0.831579 0.555406 0
    outer loop
      vertex 12.4845 15.375 0
      vertex 12.6116 15.1847 7
      vertex 12.6116 15.1847 0
    endloop
  endfacet
  facet normal 0.946922 0.321464 0
    outer loop
      vertex 12.3832 15.5803 7
      vertex 12.3096 15.7971 0
      vertex 12.3096 15.7971 7
    endloop
  endfacet
  facet normal 0.946922 0.321464 0
    outer loop
      vertex 12.3096 15.7971 0
      vertex 12.3832 15.5803 7
      vertex 12.3832 15.5803 0
    endloop
  endfacet
  facet normal 0.896774 -0.44249 0
    outer loop
      vertex 12.3832 18.9197 7
      vertex 12.4845 19.125 0
      vertex 12.4845 19.125 7
    endloop
  endfacet
  facet normal 0.896774 -0.44249 0
    outer loop
      vertex 12.4845 19.125 0
      vertex 12.3832 18.9197 7
      vertex 12.3832 18.9197 0
    endloop
  endfacet
  facet normal -0.659524 0.751683 0
    outer loop
      vertex 15.2374 15.0126 0
      vertex 15.0653 14.8616 7
      vertex 15.2374 15.0126 7
    endloop
  endfacet
  facet normal -0.659524 0.751683 0
    outer loop
      vertex 15.0653 14.8616 7
      vertex 15.2374 15.0126 0
      vertex 15.0653 14.8616 0
    endloop
  endfacet
  facet normal -0.946922 0.321464 0
    outer loop
      vertex 15.6168 15.5803 0
      vertex 15.6904 15.7971 7
      vertex 15.6904 15.7971 0
    endloop
  endfacet
  facet normal -0.946922 0.321464 0
    outer loop
      vertex 15.6904 15.7971 7
      vertex 15.6168 15.5803 0
      vertex 15.6168 15.5803 7
    endloop
  endfacet
  facet normal 0.0655331 -0.99785 0
    outer loop
      vertex 13.7716 19.985 0
      vertex 14 20 7
      vertex 13.7716 19.985 7
    endloop
  endfacet
  facet normal 0.0655331 -0.99785 0
    outer loop
      vertex 14 20 7
      vertex 13.7716 19.985 0
      vertex 14 20 0
    endloop
  endfacet
  facet normal -0.194856 -0.980832 0
    outer loop
      vertex 14.2284 19.985 0
      vertex 14.4529 19.9404 7
      vertex 14.2284 19.985 7
    endloop
  endfacet
  facet normal -0.194856 -0.980832 -0
    outer loop
      vertex 14.4529 19.9404 7
      vertex 14.2284 19.985 0
      vertex 14.4529 19.9404 0
    endloop
  endfacet
  facet normal -0.44249 -0.896774 0
    outer loop
      vertex 14.6697 19.8668 0
      vertex 14.875 19.7655 7
      vertex 14.6697 19.8668 7
    endloop
  endfacet
  facet normal -0.44249 -0.896774 -0
    outer loop
      vertex 14.875 19.7655 7
      vertex 14.6697 19.8668 0
      vertex 14.875 19.7655 0
    endloop
  endfacet
  facet normal -0.99785 -0.0655331 0
    outer loop
      vertex 15.75 18.25 0
      vertex 15.735 18.4784 7
      vertex 15.735 18.4784 0
    endloop
  endfacet
  facet normal -0.99785 -0.0655331 0
    outer loop
      vertex 15.735 18.4784 7
      vertex 15.75 18.25 0
      vertex 15.75 18.25 7
    endloop
  endfacet
  facet normal -1 0 0
    outer loop
      vertex 15.75 16.25 0
      vertex 15.75 18.25 7
      vertex 15.75 18.25 0
    endloop
  endfacet
  facet normal -1 -0 0
    outer loop
      vertex 15.75 18.25 7
      vertex 15.75 16.25 0
      vertex 15.75 16.25 7
    endloop
  endfacet
  facet normal -0.44249 0.896774 0
    outer loop
      vertex 14.875 14.7345 0
      vertex 14.6697 14.6332 7
      vertex 14.875 14.7345 7
    endloop
  endfacet
  facet normal -0.44249 0.896774 0
    outer loop
      vertex 14.6697 14.6332 7
      vertex 14.875 14.7345 0
      vertex 14.6697 14.6332 0
    endloop
  endfacet
  facet normal -0.194856 0.980832 0
    outer loop
      vertex 14.4529 14.5596 0
      vertex 14.2284 14.515 7
      vertex 14.4529 14.5596 7
    endloop
  endfacet
  facet normal -0.194856 0.980832 0
    outer loop
      vertex 14.2284 14.515 7
      vertex 14.4529 14.5596 0
      vertex 14.2284 14.515 0
    endloop
  endfacet
  facet normal -0.321464 0.946922 0
    outer loop
      vertex 14.6697 14.6332 0
      vertex 14.4529 14.5596 7
      vertex 14.6697 14.6332 7
    endloop
  endfacet
  facet normal -0.321464 0.946922 0
    outer loop
      vertex 14.4529 14.5596 7
      vertex 14.6697 14.6332 0
      vertex 14.4529 14.5596 0
    endloop
  endfacet
  facet normal 0.896774 0.44249 0
    outer loop
      vertex 12.4845 15.375 7
      vertex 12.3832 15.5803 0
      vertex 12.3832 15.5803 7
    endloop
  endfacet
  facet normal 0.896774 0.44249 0
    outer loop
      vertex 12.3832 15.5803 0
      vertex 12.4845 15.375 7
      vertex 12.4845 15.375 0
    endloop
  endfacet
  facet normal 0.751683 0.659524 0
    outer loop
      vertex 12.7626 15.0126 7
      vertex 12.6116 15.1847 0
      vertex 12.6116 15.1847 7
    endloop
  endfacet
  facet normal 0.751683 0.659524 0
    outer loop
      vertex 12.6116 15.1847 0
      vertex 12.7626 15.0126 7
      vertex 12.7626 15.0126 0
    endloop
  endfacet
  facet normal 0.99785 -0.0655331 0
    outer loop
      vertex 12.25 18.25 7
      vertex 12.265 18.4784 0
      vertex 12.265 18.4784 7
    endloop
  endfacet
  facet normal 0.99785 -0.0655331 0
    outer loop
      vertex 12.265 18.4784 0
      vertex 12.25 18.25 7
      vertex 12.25 18.25 0
    endloop
  endfacet
  facet normal 1 -0 0
    outer loop
      vertex 12.25 16.25 7
      vertex 12.25 18.25 0
      vertex 12.25 18.25 7
    endloop
  endfacet
  facet normal 1 0 0
    outer loop
      vertex 12.25 18.25 0
      vertex 12.25 16.25 7
      vertex 12.25 16.25 0
    endloop
  endfacet
  facet normal 0.44249 -0.896774 0
    outer loop
      vertex 13.125 19.7655 0
      vertex 13.3303 19.8668 7
      vertex 13.125 19.7655 7
    endloop
  endfacet
  facet normal 0.44249 -0.896774 0
    outer loop
      vertex 13.3303 19.8668 7
      vertex 13.125 19.7655 0
      vertex 13.3303 19.8668 0
    endloop
  endfacet
  facet normal 0.831579 -0.555406 0
    outer loop
      vertex 12.4845 19.125 7
      vertex 12.6116 19.3153 0
      vertex 12.6116 19.3153 7
    endloop
  endfacet
  facet normal 0.831579 -0.555406 0
    outer loop
      vertex 12.6116 19.3153 0
      vertex 12.4845 19.125 7
      vertex 12.4845 19.125 0
    endloop
  endfacet
  facet normal 0.751683 -0.659524 0
    outer loop
      vertex 12.6116 19.3153 7
      vertex 12.7626 19.4874 0
      vertex 12.7626 19.4874 7
    endloop
  endfacet
  facet normal 0.751683 -0.659524 0
    outer loop
      vertex 12.7626 19.4874 0
      vertex 12.6116 19.3153 7
      vertex 12.6116 19.3153 0
    endloop
  endfacet
  facet normal -0.751683 0.659524 0
    outer loop
      vertex 15.2374 15.0126 0
      vertex 15.3884 15.1847 7
      vertex 15.3884 15.1847 0
    endloop
  endfacet
  facet normal -0.751683 0.659524 0
    outer loop
      vertex 15.3884 15.1847 7
      vertex 15.2374 15.0126 0
      vertex 15.2374 15.0126 7
    endloop
  endfacet
  facet normal -0.896774 0.44249 0
    outer loop
      vertex 15.5155 15.375 0
      vertex 15.6168 15.5803 7
      vertex 15.6168 15.5803 0
    endloop
  endfacet
  facet normal -0.896774 0.44249 0
    outer loop
      vertex 15.6168 15.5803 7
      vertex 15.5155 15.375 0
      vertex 15.5155 15.375 7
    endloop
  endfacet
  facet normal -0.99785 0.0655331 0
    outer loop
      vertex 15.735 16.0216 0
      vertex 15.75 16.25 7
      vertex 15.75 16.25 0
    endloop
  endfacet
  facet normal -0.99785 0.0655331 0
    outer loop
      vertex 15.75 16.25 7
      vertex 15.735 16.0216 0
      vertex 15.735 16.0216 7
    endloop
  endfacet
  facet normal -0.0655331 -0.99785 0
    outer loop
      vertex 14 20 0
      vertex 14.2284 19.985 7
      vertex 14 20 7
    endloop
  endfacet
  facet normal -0.0655331 -0.99785 -0
    outer loop
      vertex 14.2284 19.985 7
      vertex 14 20 0
      vertex 14.2284 19.985 0
    endloop
  endfacet
  facet normal -0.321464 -0.946922 0
    outer loop
      vertex 14.4529 19.9404 0
      vertex 14.6697 19.8668 7
      vertex 14.4529 19.9404 7
    endloop
  endfacet
  facet normal -0.321464 -0.946922 -0
    outer loop
      vertex 14.6697 19.8668 7
      vertex 14.4529 19.9404 0
      vertex 14.6697 19.8668 0
    endloop
  endfacet
  facet normal -0.980832 -0.194856 0
    outer loop
      vertex 15.735 18.4784 0
      vertex 15.6904 18.7029 7
      vertex 15.6904 18.7029 0
    endloop
  endfacet
  facet normal -0.980832 -0.194856 0
    outer loop
      vertex 15.6904 18.7029 7
      vertex 15.735 18.4784 0
      vertex 15.735 18.4784 7
    endloop
  endfacet
  facet normal -0.0655331 0.99785 0
    outer loop
      vertex 14.2284 14.515 0
      vertex 14 14.5 7
      vertex 14.2284 14.515 7
    endloop
  endfacet
  facet normal -0.0655331 0.99785 0
    outer loop
      vertex 14 14.5 7
      vertex 14.2284 14.515 0
      vertex 14 14.5 0
    endloop
  endfacet
  facet normal 0.555406 0.831579 -0
    outer loop
      vertex 13.125 14.7345 0
      vertex 12.9347 14.8616 7
      vertex 13.125 14.7345 7
    endloop
  endfacet
  facet normal 0.555406 0.831579 0
    outer loop
      vertex 12.9347 14.8616 7
      vertex 13.125 14.7345 0
      vertex 12.9347 14.8616 0
    endloop
  endfacet
  facet normal 0.321464 0.946922 -0
    outer loop
      vertex 13.5471 14.5596 0
      vertex 13.3303 14.6332 7
      vertex 13.5471 14.5596 7
    endloop
  endfacet
  facet normal 0.321464 0.946922 0
    outer loop
      vertex 13.3303 14.6332 7
      vertex 13.5471 14.5596 0
      vertex 13.3303 14.6332 0
    endloop
  endfacet
  facet normal 0.194856 0.980832 -0
    outer loop
      vertex 13.7716 14.515 0
      vertex 13.5471 14.5596 7
      vertex 13.7716 14.515 7
    endloop
  endfacet
  facet normal 0.194856 0.980832 0
    outer loop
      vertex 13.5471 14.5596 7
      vertex 13.7716 14.515 0
      vertex 13.5471 14.5596 0
    endloop
  endfacet
  facet normal 0.659524 0.751683 -0
    outer loop
      vertex 12.9347 14.8616 0
      vertex 12.7626 15.0126 7
      vertex 12.9347 14.8616 7
    endloop
  endfacet
  facet normal 0.659524 0.751683 0
    outer loop
      vertex 12.7626 15.0126 7
      vertex 12.9347 14.8616 0
      vertex 12.7626 15.0126 0
    endloop
  endfacet
  facet normal 0.980832 0.194856 0
    outer loop
      vertex 12.3096 15.7971 7
      vertex 12.265 16.0216 0
      vertex 12.265 16.0216 7
    endloop
  endfacet
  facet normal 0.980832 0.194856 0
    outer loop
      vertex 12.265 16.0216 0
      vertex 12.3096 15.7971 7
      vertex 12.3096 15.7971 0
    endloop
  endfacet
  facet normal 0.946922 -0.321464 0
    outer loop
      vertex 12.3096 18.7029 7
      vertex 12.3832 18.9197 0
      vertex 12.3832 18.9197 7
    endloop
  endfacet
  facet normal 0.946922 -0.321464 0
    outer loop
      vertex 12.3832 18.9197 0
      vertex 12.3096 18.7029 7
      vertex 12.3096 18.7029 0
    endloop
  endfacet
  facet normal 0.99785 0.0655331 0
    outer loop
      vertex 12.265 16.0216 7
      vertex 12.25 16.25 0
      vertex 12.25 16.25 7
    endloop
  endfacet
  facet normal 0.99785 0.0655331 0
    outer loop
      vertex 12.25 16.25 0
      vertex 12.265 16.0216 7
      vertex 12.265 16.0216 0
    endloop
  endfacet
  facet normal 0.321464 -0.946922 0
    outer loop
      vertex 13.3303 19.8668 0
      vertex 13.5471 19.9404 7
      vertex 13.3303 19.8668 7
    endloop
  endfacet
  facet normal 0.321464 -0.946922 0
    outer loop
      vertex 13.5471 19.9404 7
      vertex 13.3303 19.8668 0
      vertex 13.5471 19.9404 0
    endloop
  endfacet
  facet normal 0.555406 -0.831579 0
    outer loop
      vertex 12.9347 19.6384 0
      vertex 13.125 19.7655 7
      vertex 12.9347 19.6384 7
    endloop
  endfacet
  facet normal 0.555406 -0.831579 0
    outer loop
      vertex 13.125 19.7655 7
      vertex 12.9347 19.6384 0
      vertex 13.125 19.7655 0
    endloop
  endfacet
  facet normal 0.659524 -0.751683 0
    outer loop
      vertex 12.7626 19.4874 0
      vertex 12.9347 19.6384 7
      vertex 12.7626 19.4874 7
    endloop
  endfacet
  facet normal 0.659524 -0.751683 0
    outer loop
      vertex 12.9347 19.6384 7
      vertex 12.7626 19.4874 0
      vertex 12.9347 19.6384 0
    endloop
  endfacet
  facet normal -0.831579 -0.555406 0
    outer loop
      vertex 15.5155 19.125 0
      vertex 15.3884 19.3153 7
      vertex 15.3884 19.3153 0
    endloop
  endfacet
  facet normal -0.831579 -0.555406 0
    outer loop
      vertex 15.3884 19.3153 7
      vertex 15.5155 19.125 0
      vertex 15.5155 19.125 7
    endloop
  endfacet
  facet normal -0.555406 -0.831579 0
    outer loop
      vertex 14.875 19.7655 0
      vertex 15.0653 19.6384 7
      vertex 14.875 19.7655 7
    endloop
  endfacet
  facet normal -0.555406 -0.831579 -0
    outer loop
      vertex 15.0653 19.6384 7
      vertex 14.875 19.7655 0
      vertex 15.0653 19.6384 0
    endloop
  endfacet
  facet normal 0.44249 0.896774 -0
    outer loop
      vertex 13.3303 14.6332 0
      vertex 13.125 14.7345 7
      vertex 13.3303 14.6332 7
    endloop
  endfacet
  facet normal 0.44249 0.896774 0
    outer loop
      vertex 13.125 14.7345 7
      vertex 13.3303 14.6332 0
      vertex 13.125 14.7345 0
    endloop
  endfacet
  facet normal 0.980832 -0.194856 0
    outer loop
      vertex 12.265 18.4784 7
      vertex 12.3096 18.7029 0
      vertex 12.3096 18.7029 7
    endloop
  endfacet
  facet normal 0.980832 -0.194856 0
    outer loop
      vertex 12.3096 18.7029 0
      vertex 12.265 18.4784 7
      vertex 12.265 18.4784 0
    endloop
  endfacet
  facet normal -0.896774 -0.44249 0
    outer loop
      vertex 15.6168 18.9197 0
      vertex 15.5155 19.125 7
      vertex 15.5155 19.125 0
    endloop
  endfacet
  facet normal -0.896774 -0.44249 0
    outer loop
      vertex 15.5155 19.125 7
      vertex 15.6168 18.9197 0
      vertex 15.6168 18.9197 7
    endloop
  endfacet
  facet normal -0.659524 -0.751683 0
    outer loop
      vertex 15.0653 19.6384 0
      vertex 15.2374 19.4874 7
      vertex 15.0653 19.6384 7
    endloop
  endfacet
  facet normal -0.659524 -0.751683 -0
    outer loop
      vertex 15.2374 19.4874 7
      vertex 15.0653 19.6384 0
      vertex 15.2374 19.4874 0
    endloop
  endfacet
  facet normal -0.751683 -0.659524 0
    outer loop
      vertex 15.3884 19.3153 0
      vertex 15.2374 19.4874 7
      vertex 15.2374 19.4874 0
    endloop
  endfacet
  facet normal -0.751683 -0.659524 0
    outer loop
      vertex 15.2374 19.4874 7
      vertex 15.3884 19.3153 0
      vertex 15.3884 19.3153 7
    endloop
  endfacet
  facet normal 0.229641 -0.466051 0.854436
    outer loop
      vertex -11.3154 10.9367 2.3758
      vertex -11.3154 15.9971 5.13599
      vertex -11.4888 10.9254 2.41624
    endloop
  endfacet
  facet normal -1 0 0
    outer loop
      vertex -8.15 16.45 6.39091
      vertex -8.15 17.1982 7
      vertex -8.15 17.1982 6.799
    endloop
  endfacet
  facet normal -1 0 0
    outer loop
      vertex -8.15 16.2216 6.26632
      vertex -8.15 17.1982 7
      vertex -8.15 16.45 6.39091
    endloop
  endfacet
  facet normal -1 0 0
    outer loop
      vertex -8.15 10.7539 7
      vertex -8.15 16.2216 6.26632
      vertex -8.15 15.9971 6.14385
    endloop
  endfacet
  facet normal -1 0 0
    outer loop
      vertex -8.15 10.7539 7
      vertex -8.15 15.9971 6.14385
      vertex -8.15 10.7539 3.28394
    endloop
  endfacet
  facet normal -1 0 0
    outer loop
      vertex -8.15 16.2216 6.26632
      vertex -8.15 10.7539 7
      vertex -8.15 17.1982 7
    endloop
  endfacet
  facet normal -0.160473 -0.472647 0.866518
    outer loop
      vertex -9.44944 10.941 2.36612
      vertex -9.63236 15.9971 5.09012
      vertex -9.63236 10.953 2.33879
    endloop
  endfacet
  facet normal 0.991265 -0.0632113 0.115747
    outer loop
      vertex -12.5456 10.7548 3.24781
      vertex -12.5329 15.3025 5.62261
      vertex -12.5344 15.3002 5.6342
    endloop
  endfacet
  facet normal 0.990776 -0.0648877 0.11896
    outer loop
      vertex -12.5329 15.3025 5.62261
      vertex -12.5456 10.7548 3.24781
      vertex -12.5329 10.7573 3.1434
    endloop
  endfacet
  facet normal 0.815701 -0.276995 0.507844
    outer loop
      vertex -12.4819 15.3803 5.52508
      vertex -12.4607 10.7716 2.97729
      vertex -12.4033 15.5396 5.48572
    endloop
  endfacet
  facet normal 0.815132 -0.277385 0.508545
    outer loop
      vertex -12.4607 10.7716 2.97729
      vertex -12.4819 15.3803 5.52508
      vertex -12.4819 10.7674 3.00898
    endloop
  endfacet
  facet normal -0.990774 -0.0648943 0.118973
    outer loop
      vertex -8.15436 10.7547 3.24816
      vertex -8.16711 15.9971 6.00146
      vertex -8.16711 10.7573 3.1434
    endloop
  endfacet
  facet normal -0.58252 -0.389218 0.713568
    outer loop
      vertex -8.45467 10.8145 2.74156
      vertex -8.56329 15.9971 5.47975
      vertex -8.56329 10.8361 2.66467
    endloop
  endfacet
  facet normal 0.582591 -0.389193 0.713524
    outer loop
      vertex -12.1367 10.8361 2.66467
      vertex -12.1367 15.9971 5.47975
      vertex -12.2453 10.8145 2.74156
    endloop
  endfacet
  facet normal -0.0948225 -0.476694 0.87394
    outer loop
      vertex -9.88895 10.9698 2.32012
      vertex -9.63236 15.9971 5.09012
      vertex -9.88895 15.9971 5.06228
    endloop
  endfacet
  facet normal -0.0949189 -0.476686 0.873934
    outer loop
      vertex -9.63236 15.9971 5.09012
      vertex -9.88895 10.9698 2.32012
      vertex -9.82183 10.9654 2.32501
    endloop
  endfacet
  facet normal 0.816776 -0.276278 0.506506
    outer loop
      vertex -12.4033 15.5396 5.48572
      vertex -12.3978 10.7842 2.88298
      vertex -12.3978 15.5508 5.48296
    endloop
  endfacet
  facet normal 0.816109 -0.276731 0.507332
    outer loop
      vertex -12.3978 10.7842 2.88298
      vertex -12.4033 15.5396 5.48572
      vertex -12.4607 10.7716 2.97729
    endloop
  endfacet
  facet normal 0.479204 -0.420289 0.770533
    outer loop
      vertex -12.1367 15.9971 5.47975
      vertex -11.9642 10.8704 2.5761
      vertex -11.9642 15.9971 5.37247
    endloop
  endfacet
  facet normal 0.478816 -0.420403 0.770712
    outer loop
      vertex -11.9642 10.8704 2.5761
      vertex -12.1367 15.9971 5.47975
      vertex -12.0082 10.8617 2.59869
    endloop
  endfacet
  facet normal 0.304642 -0.456089 0.836168
    outer loop
      vertex -11.6065 10.9176 2.4491
      vertex -11.7675 15.9971 5.27838
      vertex -11.7675 10.9071 2.50203
    endloop
  endfacet
  facet normal 0.990723 -0.0650733 0.119301
    outer loop
      vertex -12.55 10.7539 3.28394
      vertex -12.5344 15.3002 5.6342
      vertex -12.55 15.2769 5.75104
    endloop
  endfacet
  facet normal 0.990764 -0.0649387 0.11904
    outer loop
      vertex -12.5344 15.3002 5.6342
      vertex -12.55 10.7539 3.28394
      vertex -12.5456 10.7548 3.24781
    endloop
  endfacet
  facet normal 0.160405 -0.472652 0.866528
    outer loop
      vertex -11.0676 10.953 2.33879
      vertex -11.0676 15.9971 5.09012
      vertex -11.2506 10.941 2.36612
    endloop
  endfacet
  facet normal -0.0947591 -0.476698 0.873945
    outer loop
      vertex -9.63236 10.953 2.33879
      vertex -9.63236 15.9971 5.09012
      vertex -9.82183 10.9654 2.32501
    endloop
  endfacet
  facet normal 0.697213 -0.34328 0.629327
    outer loop
      vertex -12.3096 15.7971 5.51981
      vertex -12.3686 10.79 2.85394
      vertex -12.2832 15.9301 5.56311
    endloop
  endfacet
  facet normal 0.69662 -0.343546 0.629839
    outer loop
      vertex -12.3832 15.5803 5.48296
      vertex -12.3686 10.79 2.85394
      vertex -12.3096 15.7971 5.51981
    endloop
  endfacet
  facet normal 0.695352 -0.34414 0.630915
    outer loop
      vertex -12.3978 15.5508 5.48296
      vertex -12.3686 10.79 2.85394
      vertex -12.3832 15.5803 5.48296
    endloop
  endfacet
  facet normal 0.695591 -0.344027 0.630713
    outer loop
      vertex -12.3686 10.79 2.85394
      vertex -12.3978 15.5508 5.48296
      vertex -12.3978 10.7842 2.88298
    endloop
  endfacet
  facet normal 0.229841 -0.466034 0.854392
    outer loop
      vertex -11.55 15.9971 5.1991
      vertex -11.4888 10.9254 2.41624
      vertex -11.3154 15.9971 5.13599
    endloop
  endfacet
  facet normal 0.230673 -0.465932 0.854223
    outer loop
      vertex -11.4888 10.9254 2.41624
      vertex -11.55 15.9971 5.1991
      vertex -11.55 10.9213 2.43053
    endloop
  endfacet
  facet normal 0.304775 -0.456064 0.836132
    outer loop
      vertex -11.7675 15.9971 5.27838
      vertex -11.55 10.9213 2.43053
      vertex -11.55 15.9971 5.1991
    endloop
  endfacet
  facet normal 0.304688 -0.456081 0.836155
    outer loop
      vertex -11.55 10.9213 2.43053
      vertex -11.7675 15.9971 5.27838
      vertex -11.6065 10.9176 2.4491
    endloop
  endfacet
  facet normal 0.923897 -0.183232 0.335916
    outer loop
      vertex -12.4948 10.7649 3.043
      vertex -12.4819 15.3803 5.52508
      vertex -12.4845 15.375 5.52934
    endloop
  endfacet
  facet normal 0.923656 -0.183507 0.336428
    outer loop
      vertex -12.4948 10.7649 3.043
      vertex -12.4845 15.375 5.52934
      vertex -12.5283 15.3094 5.61381
    endloop
  endfacet
  facet normal 0.92353 -0.183651 0.336696
    outer loop
      vertex -12.4819 15.3803 5.52508
      vertex -12.4948 10.7649 3.043
      vertex -12.4819 10.7674 3.00898
    endloop
  endfacet
  facet normal 0.922948 -0.184323 0.337924
    outer loop
      vertex -12.5329 10.7573 3.1434
      vertex -12.5283 15.3094 5.61381
      vertex -12.5329 15.3025 5.62261
    endloop
  endfacet
  facet normal 0.923582 -0.183597 0.336585
    outer loop
      vertex -12.5283 15.3094 5.61381
      vertex -12.5329 10.7573 3.1434
      vertex -12.4948 10.7649 3.043
    endloop
  endfacet
  facet normal 0.698948 -0.342464 0.627845
    outer loop
      vertex -12.2832 15.9301 5.56311
      vertex -12.2821 10.8072 2.76755
      vertex -12.2821 15.9357 5.56494
    endloop
  endfacet
  facet normal 0.696994 -0.343377 0.629517
    outer loop
      vertex -12.2821 10.8072 2.76755
      vertex -12.2832 15.9301 5.56311
      vertex -12.3686 10.79 2.85394
    endloop
  endfacet
  facet normal 0.5825 -0.389703 0.71332
    outer loop
      vertex -12.2821 15.9357 5.56494
      vertex -12.1367 15.9971 5.47975
      vertex -12.2698 15.9971 5.58844
    endloop
  endfacet
  facet normal 0.582467 -0.389233 0.713603
    outer loop
      vertex -12.1367 15.9971 5.47975
      vertex -12.2821 15.9357 5.56494
      vertex -12.2453 10.8145 2.74156
    endloop
  endfacet
  facet normal 0.581624 -0.389529 0.714129
    outer loop
      vertex -12.2453 10.8145 2.74156
      vertex -12.2821 15.9357 5.56494
      vertex -12.2821 10.8072 2.76755
    endloop
  endfacet
  facet normal 0.0948554 -0.476693 0.873937
    outer loop
      vertex -11.0676 15.9971 5.09012
      vertex -10.8111 10.9698 2.32012
      vertex -10.8111 15.9971 5.06228
    endloop
  endfacet
  facet normal 0.0949469 -0.476685 0.873932
    outer loop
      vertex -10.8111 10.9698 2.32012
      vertex -11.0676 15.9971 5.09012
      vertex -10.8782 10.9654 2.32501
    endloop
  endfacet
  facet normal -0.160774 -0.472619 0.866477
    outer loop
      vertex -9.38463 15.9971 5.13599
      vertex -9.44944 10.941 2.36612
      vertex -9.38463 10.9367 2.3758
    endloop
  endfacet
  facet normal -0.160446 -0.472648 0.866522
    outer loop
      vertex -9.44944 10.941 2.36612
      vertex -9.38463 15.9971 5.13599
      vertex -9.63236 15.9971 5.09012
    endloop
  endfacet
  facet normal 0.479332 -0.420255 0.770471
    outer loop
      vertex -12.0082 10.8617 2.59869
      vertex -12.1367 15.9971 5.47975
      vertex -12.1367 10.8361 2.66467
    endloop
  endfacet
  facet normal 1 -0 0
    outer loop
      vertex -12.55 10.7539 7
      vertex -12.55 15.2769 5.75104
      vertex -12.55 15.2769 7
    endloop
  endfacet
  facet normal 1 0 0
    outer loop
      vertex -12.55 15.2769 5.75104
      vertex -12.55 10.7539 7
      vertex -12.55 10.7539 3.28394
    endloop
  endfacet
  facet normal -0.582462 -0.389238 0.713604
    outer loop
      vertex -8.41795 15.9971 5.5984
      vertex -8.45467 10.8145 2.74156
      vertex -8.41795 10.8072 2.76755
    endloop
  endfacet
  facet normal -0.582527 -0.389216 0.713564
    outer loop
      vertex -8.45467 10.8145 2.74156
      vertex -8.41795 15.9971 5.5984
      vertex -8.56329 15.9971 5.47975
    endloop
  endfacet
  facet normal 0.0947939 -0.476696 0.873942
    outer loop
      vertex -10.8782 10.9654 2.32501
      vertex -11.0676 15.9971 5.09012
      vertex -11.0676 10.953 2.33879
    endloop
  endfacet
  facet normal 0.0313114 -0.478617 0.877465
    outer loop
      vertex -10.6185 10.9824 2.32012
      vertex -10.8111 15.9971 5.06228
      vertex -10.8111 10.9698 2.32012
    endloop
  endfacet
  facet normal -0.230566 -0.465944 0.854246
    outer loop
      vertex -9.15 15.9971 5.1991
      vertex -9.21123 10.9254 2.41624
      vertex -9.15 10.9213 2.43053
    endloop
  endfacet
  facet normal -0.229813 -0.466037 0.854398
    outer loop
      vertex -9.21123 10.9254 2.41624
      vertex -9.15 15.9971 5.1991
      vertex -9.38463 15.9971 5.13599
    endloop
  endfacet
  facet normal -0.30475 -0.456068 0.83614
    outer loop
      vertex -9.15 10.9213 2.43053
      vertex -8.93248 15.9971 5.27838
      vertex -9.15 15.9971 5.1991
    endloop
  endfacet
  facet normal -0.30459 -0.456098 0.836181
    outer loop
      vertex -8.93248 15.9971 5.27838
      vertex -9.15 10.9213 2.43053
      vertex -9.09348 10.9176 2.4491
    endloop
  endfacet
  facet normal 0.160402 -0.472652 0.866528
    outer loop
      vertex -11.3154 15.9971 5.13599
      vertex -11.2506 10.941 2.36612
      vertex -11.0676 15.9971 5.09012
    endloop
  endfacet
  facet normal 0.160798 -0.472617 0.866474
    outer loop
      vertex -11.2506 10.941 2.36612
      vertex -11.3154 15.9971 5.13599
      vertex -11.3154 10.9367 2.3758
    endloop
  endfacet
  facet normal 2.00252e-05 -0.478851 0.877896
    outer loop
      vertex -10.15 15.9971 5.05295
      vertex -10.35 11 2.32727
      vertex -10.15 10.9869 2.32012
    endloop
  endfacet
  facet normal 0 -0.478851 0.877896
    outer loop
      vertex -10.55 15.9971 5.05295
      vertex -10.35 11 2.32727
      vertex -10.15 15.9971 5.05295
    endloop
  endfacet
  facet normal -2.00252e-05 -0.478851 0.877896
    outer loop
      vertex -10.35 11 2.32727
      vertex -10.55 15.9971 5.05295
      vertex -10.55 10.9869 2.32012
    endloop
  endfacet
  facet normal 0.387182 -0.441502 0.809424
    outer loop
      vertex -11.9642 15.9971 5.37247
      vertex -11.7675 10.9071 2.50203
      vertex -11.7675 15.9971 5.27838
    endloop
  endfacet
  facet normal 0.386459 -0.441672 0.809676
    outer loop
      vertex -11.7675 10.9071 2.50203
      vertex -11.9642 15.9971 5.37247
      vertex -11.7858 10.9059 2.51011
    endloop
  endfacet
  facet normal 0.387248 -0.441488 0.809399
    outer loop
      vertex -11.7858 10.9059 2.51011
      vertex -11.9642 15.9971 5.37247
      vertex -11.9642 10.8704 2.5761
    endloop
  endfacet
  facet normal -0.990728 -0.0650508 0.119272
    outer loop
      vertex -8.15 10.7539 3.28394
      vertex -8.16711 15.9971 6.00146
      vertex -8.15436 10.7547 3.24816
    endloop
  endfacet
  facet normal -0.990762 -0.0649375 0.119053
    outer loop
      vertex -8.16711 15.9971 6.00146
      vertex -8.15 10.7539 3.28394
      vertex -8.15 15.9971 6.14385
    endloop
  endfacet
  facet normal -0.696581 -0.343566 0.629871
    outer loop
      vertex -8.33135 10.79 2.85394
      vertex -8.41795 15.9971 5.5984
      vertex -8.41795 10.8072 2.76755
    endloop
  endfacet
  facet normal -0.304642 -0.456089 0.836168
    outer loop
      vertex -8.93248 10.9071 2.50203
      vertex -8.93248 15.9971 5.27838
      vertex -9.09348 10.9176 2.4491
    endloop
  endfacet
  facet normal -0.923644 -0.183524 0.336453
    outer loop
      vertex -8.16711 10.7573 3.1434
      vertex -8.19037 15.9971 5.93768
      vertex -8.17298 10.7585 3.12794
    endloop
  endfacet
  facet normal -0.923487 -0.183701 0.336787
    outer loop
      vertex -8.19037 15.9971 5.93768
      vertex -8.16711 10.7573 3.1434
      vertex -8.16711 15.9971 6.00146
    endloop
  endfacet
  facet normal -0.696698 -0.343514 0.62977
    outer loop
      vertex -8.30224 10.7842 2.88298
      vertex -8.41795 15.9971 5.5984
      vertex -8.33135 10.79 2.85394
    endloop
  endfacet
  facet normal -0.696623 -0.343546 0.629835
    outer loop
      vertex -8.41795 15.9971 5.5984
      vertex -8.30224 10.7842 2.88298
      vertex -8.30224 15.9971 5.72638
    endloop
  endfacet
  facet normal -0.229641 -0.466051 0.854436
    outer loop
      vertex -9.21123 10.9254 2.41624
      vertex -9.38463 15.9971 5.13599
      vertex -9.38463 10.9367 2.3758
    endloop
  endfacet
  facet normal 0.0313548 -0.478616 0.877464
    outer loop
      vertex -10.8111 15.9971 5.06228
      vertex -10.55 10.9869 2.32012
      vertex -10.55 15.9971 5.05295
    endloop
  endfacet
  facet normal 0.0314416 -0.478611 0.877464
    outer loop
      vertex -10.55 10.9869 2.32012
      vertex -10.8111 15.9971 5.06228
      vertex -10.6185 10.9824 2.32012
    endloop
  endfacet
  facet normal -0.0313608 -0.478616 0.877464
    outer loop
      vertex -10.15 10.9869 2.32012
      vertex -9.88895 15.9971 5.06228
      vertex -10.15 15.9971 5.05295
    endloop
  endfacet
  facet normal -0.0314416 -0.478611 0.877464
    outer loop
      vertex -9.88895 15.9971 5.06228
      vertex -10.15 10.9869 2.32012
      vertex -10.0815 10.9824 2.32012
    endloop
  endfacet
  facet normal -0.0313195 -0.478617 0.877465
    outer loop
      vertex -9.88895 10.9698 2.32012
      vertex -9.88895 15.9971 5.06228
      vertex -10.0815 10.9824 2.32012
    endloop
  endfacet
  facet normal -0.923109 -0.184135 0.337585
    outer loop
      vertex -8.21118 10.7661 3.02733
      vertex -8.21815 15.9971 5.86151
      vertex -8.21815 10.7674 3.00898
    endloop
  endfacet
  facet normal -0.923479 -0.183712 0.336803
    outer loop
      vertex -8.21815 15.9971 5.86151
      vertex -8.21118 10.7661 3.02733
      vertex -8.19037 15.9971 5.93768
    endloop
  endfacet
  facet normal -0.923499 -0.183689 0.336762
    outer loop
      vertex -8.17298 10.7585 3.12794
      vertex -8.19037 15.9971 5.93768
      vertex -8.21118 10.7661 3.02733
    endloop
  endfacet
  facet normal -0.815777 -0.276947 0.507747
    outer loop
      vertex -8.21815 10.7674 3.00898
      vertex -8.30224 15.9971 5.72638
      vertex -8.2393 10.7716 2.97729
    endloop
  endfacet
  facet normal -0.815829 -0.276914 0.507682
    outer loop
      vertex -8.30224 15.9971 5.72638
      vertex -8.21815 10.7674 3.00898
      vertex -8.21815 15.9971 5.86151
    endloop
  endfacet
  facet normal -0.815937 -0.276844 0.507548
    outer loop
      vertex -8.2393 10.7716 2.97729
      vertex -8.30224 15.9971 5.72638
      vertex -8.30224 10.7842 2.88298
    endloop
  endfacet
  facet normal -0.387211 -0.441496 0.809413
    outer loop
      vertex -8.73579 15.9971 5.37247
      vertex -8.91421 10.9059 2.51011
      vertex -8.73579 10.8704 2.5761
    endloop
  endfacet
  facet normal -0.387199 -0.441498 0.809417
    outer loop
      vertex -8.93248 10.9071 2.50203
      vertex -8.73579 15.9971 5.37247
      vertex -8.93248 15.9971 5.27838
    endloop
  endfacet
  facet normal -0.387001 -0.441545 0.809487
    outer loop
      vertex -8.73579 15.9971 5.37247
      vertex -8.93248 10.9071 2.50203
      vertex -8.91421 10.9059 2.51011
    endloop
  endfacet
  facet normal -0.479204 -0.420289 0.770533
    outer loop
      vertex -8.73579 10.8704 2.5761
      vertex -8.56329 15.9971 5.47975
      vertex -8.73579 15.9971 5.37247
    endloop
  endfacet
  facet normal -0.478816 -0.420403 0.770712
    outer loop
      vertex -8.56329 15.9971 5.47975
      vertex -8.73579 10.8704 2.5761
      vertex -8.69179 10.8617 2.59869
    endloop
  endfacet
  facet normal -0.479332 -0.420255 0.770471
    outer loop
      vertex -8.56329 10.8361 2.66467
      vertex -8.56329 15.9971 5.47975
      vertex -8.69179 10.8617 2.59869
    endloop
  endfacet
  facet normal 0.479017 0.420338 0.770622
    outer loop
      vertex -12.0087 -10.8615 2.59896
      vertex -12.1367 -10.8361 2.66467
      vertex -12.1367 -15.9971 5.47975
    endloop
  endfacet
  facet normal -1 0 0
    outer loop
      vertex -8.15 -15.9971 6.14385
      vertex -8.15 -10.7539 7
      vertex -8.15 -10.7539 3.28394
    endloop
  endfacet
  facet normal -1 0 0
    outer loop
      vertex -8.15 -16.2216 6.26632
      vertex -8.15 -10.7539 7
      vertex -8.15 -15.9971 6.14385
    endloop
  endfacet
  facet normal -1 0 0
    outer loop
      vertex -8.15 -17.1982 7
      vertex -8.15 -16.2216 6.26632
      vertex -8.15 -16.45 6.39091
    endloop
  endfacet
  facet normal -1 0 0
    outer loop
      vertex -8.15 -17.1982 7
      vertex -8.15 -16.45 6.39091
      vertex -8.15 -17.1982 6.799
    endloop
  endfacet
  facet normal -1 0 0
    outer loop
      vertex -8.15 -16.2216 6.26632
      vertex -8.15 -17.1982 7
      vertex -8.15 -10.7539 7
    endloop
  endfacet
  facet normal 0.815453 0.277169 0.508148
    outer loop
      vertex -12.4819 -15.3803 5.52508
      vertex -12.4192 -10.7799 2.91518
      vertex -12.4819 -10.7674 3.00898
    endloop
  endfacet
  facet normal 0.812415 0.279301 0.511833
    outer loop
      vertex -12.4192 -10.7799 2.91518
      vertex -12.4819 -15.3803 5.52508
      vertex -12.4746 -15.3949 5.52146
    endloop
  endfacet
  facet normal 0.0947831 0.476699 0.873942
    outer loop
      vertex -11.0676 -15.9971 5.09012
      vertex -10.8111 -10.9698 2.32012
      vertex -10.8768 -10.9655 2.3249
    endloop
  endfacet
  facet normal 0.0948554 0.476693 0.873937
    outer loop
      vertex -10.8111 -10.9698 2.32012
      vertex -11.0676 -15.9971 5.09012
      vertex -10.8111 -15.9971 5.06228
    endloop
  endfacet
  facet normal -0.990766 0.0649251 0.11903
    outer loop
      vertex -8.15437 -10.7548 3.24808
      vertex -8.16711 -10.7573 3.1434
      vertex -8.16711 -15.9971 6.00146
    endloop
  endfacet
  facet normal 0.229796 0.466034 0.854404
    outer loop
      vertex -11.3154 -15.9971 5.13599
      vertex -11.3154 -10.9367 2.3758
      vertex -11.4894 -10.9253 2.41638
    endloop
  endfacet
  facet normal 0.581822 0.389483 0.713993
    outer loop
      vertex -12.2809 -15.9415 5.56717
      vertex -12.1367 -10.8361 2.66467
      vertex -12.1741 -10.8287 2.69111
    endloop
  endfacet
  facet normal 0.582617 0.389184 0.713507
    outer loop
      vertex -12.1367 -10.8361 2.66467
      vertex -12.2809 -15.9415 5.56717
      vertex -12.1367 -15.9971 5.47975
    endloop
  endfacet
  facet normal 0.58262 0.389254 0.713467
    outer loop
      vertex -12.1367 -15.9971 5.47975
      vertex -12.2809 -15.9415 5.56717
      vertex -12.2698 -15.9971 5.58844
    endloop
  endfacet
  facet normal 0.695731 0.343962 0.630594
    outer loop
      vertex -12.3978 -15.5508 5.48296
      vertex -12.368 -10.7901 2.85332
      vertex -12.3978 -10.7842 2.88298
    endloop
  endfacet
  facet normal 0.695353 0.344141 0.630913
    outer loop
      vertex -12.3832 -15.5803 5.48296
      vertex -12.368 -10.7901 2.85332
      vertex -12.3978 -15.5508 5.48296
    endloop
  endfacet
  facet normal 0.696622 0.343546 0.629837
    outer loop
      vertex -12.3096 -15.7971 5.51981
      vertex -12.368 -10.7901 2.85332
      vertex -12.3832 -15.5803 5.48296
    endloop
  endfacet
  facet normal 0.697663 0.34308 0.628938
    outer loop
      vertex -12.368 -10.7901 2.85332
      vertex -12.3096 -15.7971 5.51981
      vertex -12.2832 -15.9302 5.56313
    endloop
  endfacet
  facet normal 0.991252 0.0632598 0.115836
    outer loop
      vertex -12.5329 -15.3025 5.62261
      vertex -12.5456 -10.7548 3.24772
      vertex -12.5344 -15.3002 5.63419
    endloop
  endfacet
  facet normal 0.990761 0.0649419 0.11906
    outer loop
      vertex -12.5456 -10.7548 3.24772
      vertex -12.5329 -15.3025 5.62261
      vertex -12.5329 -10.7573 3.1434
    endloop
  endfacet
  facet normal -0.990754 0.0649648 0.119106
    outer loop
      vertex -8.16711 -15.9971 6.00146
      vertex -8.15 -10.7539 3.28394
      vertex -8.15437 -10.7548 3.24808
    endloop
  endfacet
  facet normal -0.990762 0.0649375 0.119053
    outer loop
      vertex -8.15 -10.7539 3.28394
      vertex -8.16711 -15.9971 6.00146
      vertex -8.15 -15.9971 6.14385
    endloop
  endfacet
  facet normal 0.81707 0.276041 0.506159
    outer loop
      vertex -12.4746 -15.3949 5.52146
      vertex -12.3978 -10.7842 2.88298
      vertex -12.4192 -10.7799 2.91518
    endloop
  endfacet
  facet normal 0.816097 0.276737 0.507348
    outer loop
      vertex -12.3978 -10.7842 2.88298
      vertex -12.4746 -15.3949 5.52146
      vertex -12.3978 -15.5508 5.48296
    endloop
  endfacet
  facet normal 0.230239 0.465981 0.854314
    outer loop
      vertex -11.55 -15.9971 5.1991
      vertex -11.4894 -10.9253 2.41638
      vertex -11.55 -10.9213 2.43053
    endloop
  endfacet
  facet normal 0.229841 0.46603 0.854394
    outer loop
      vertex -11.4894 -10.9253 2.41638
      vertex -11.55 -15.9971 5.1991
      vertex -11.3154 -15.9971 5.13599
    endloop
  endfacet
  facet normal 0.30464 0.456095 0.836165
    outer loop
      vertex -11.606 -10.9177 2.44893
      vertex -11.7359 -10.9092 2.49162
      vertex -11.7675 -15.9971 5.27838
    endloop
  endfacet
  facet normal 0.38711 0.441516 0.80945
    outer loop
      vertex -11.9642 -15.9971 5.37247
      vertex -11.9129 -10.8806 2.55713
      vertex -11.9642 -10.8704 2.5761
    endloop
  endfacet
  facet normal 0.387182 0.441501 0.809424
    outer loop
      vertex -11.9129 -10.8806 2.55713
      vertex -11.9642 -15.9971 5.37247
      vertex -11.7675 -15.9971 5.27838
    endloop
  endfacet
  facet normal 0.304113 0.45619 0.836305
    outer loop
      vertex -11.7675 -15.9971 5.27838
      vertex -11.55 -10.9213 2.43053
      vertex -11.606 -10.9177 2.44893
    endloop
  endfacet
  facet normal 0.304775 0.456064 0.836132
    outer loop
      vertex -11.55 -10.9213 2.43053
      vertex -11.7675 -15.9971 5.27838
      vertex -11.55 -15.9971 5.1991
    endloop
  endfacet
  facet normal 0.990725 0.0650683 0.119292
    outer loop
      vertex -12.5344 -15.3002 5.63419
      vertex -12.55 -10.7539 3.28394
      vertex -12.55 -15.2769 5.75104
    endloop
  endfacet
  facet normal 0.990808 0.0647904 0.118753
    outer loop
      vertex -12.55 -10.7539 3.28394
      vertex -12.5344 -15.3002 5.63419
      vertex -12.5456 -10.7548 3.24772
    endloop
  endfacet
  facet normal 1 0 0
    outer loop
      vertex -12.55 -15.2769 5.75104
      vertex -12.55 -10.7539 7
      vertex -12.55 -15.2769 7
    endloop
  endfacet
  facet normal 1 0 0
    outer loop
      vertex -12.55 -10.7539 7
      vertex -12.55 -15.2769 5.75104
      vertex -12.55 -10.7539 3.28394
    endloop
  endfacet
  facet normal -0.815889 0.276874 0.507609
    outer loop
      vertex -8.21815 -15.9971 5.86151
      vertex -8.21815 -10.7674 3.00898
      vertex -8.28075 -10.7799 2.91518
    endloop
  endfacet
  facet normal -0.230095 0.465997 0.854343
    outer loop
      vertex -9.21064 -10.9253 2.41638
      vertex -9.15 -15.9971 5.1991
      vertex -9.15 -10.9213 2.43053
    endloop
  endfacet
  facet normal -0.229814 0.466032 0.8544
    outer loop
      vertex -9.15 -15.9971 5.1991
      vertex -9.21064 -10.9253 2.41638
      vertex -9.38463 -15.9971 5.13599
    endloop
  endfacet
  facet normal 0.0313806 0.478616 0.877463
    outer loop
      vertex -10.6174 -10.9825 2.32012
      vertex -10.8111 -10.9698 2.32012
      vertex -10.8111 -15.9971 5.06228
    endloop
  endfacet
  facet normal -0.479564 0.420183 0.770367
    outer loop
      vertex -8.73579 -10.8704 2.5761
      vertex -8.56329 -15.9971 5.47975
      vertex -8.69127 -10.8615 2.59896
    endloop
  endfacet
  facet normal -0.479204 0.420289 0.770533
    outer loop
      vertex -8.56329 -15.9971 5.47975
      vertex -8.73579 -10.8704 2.5761
      vertex -8.73579 -15.9971 5.37247
    endloop
  endfacet
  facet normal -0.387174 0.441503 0.809426
    outer loop
      vertex -8.78708 -10.8806 2.55713
      vertex -8.73579 -15.9971 5.37247
      vertex -8.73579 -10.8704 2.5761
    endloop
  endfacet
  facet normal -0.387199 0.441498 0.809417
    outer loop
      vertex -8.73579 -15.9971 5.37247
      vertex -8.78708 -10.8806 2.55713
      vertex -8.93248 -15.9971 5.27838
    endloop
  endfacet
  facet normal 0.923774 0.183366 0.336182
    outer loop
      vertex -12.4845 -15.375 5.52934
      vertex -12.495 -10.7648 3.04362
      vertex -12.5283 -15.3093 5.61386
    endloop
  endfacet
  facet normal 0.923896 0.183226 0.335923
    outer loop
      vertex -12.4819 -15.3803 5.52508
      vertex -12.495 -10.7648 3.04362
      vertex -12.4845 -15.375 5.52934
    endloop
  endfacet
  facet normal 0.924004 0.183103 0.335692
    outer loop
      vertex -12.495 -10.7648 3.04362
      vertex -12.4819 -15.3803 5.52508
      vertex -12.4819 -10.7674 3.00898
    endloop
  endfacet
  facet normal 0.921798 0.185638 0.340335
    outer loop
      vertex -12.5283 -15.3093 5.61386
      vertex -12.5329 -10.7573 3.1434
      vertex -12.5329 -15.3025 5.62261
    endloop
  endfacet
  facet normal 0.923416 0.183793 0.336932
    outer loop
      vertex -12.5329 -10.7573 3.1434
      vertex -12.5283 -15.3093 5.61386
      vertex -12.495 -10.7648 3.04362
    endloop
  endfacet
  facet normal 0.160436 0.472645 0.866526
    outer loop
      vertex -11.1309 -10.9488 2.34824
      vertex -11.3154 -10.9367 2.3758
      vertex -11.3154 -15.9971 5.13599
    endloop
  endfacet
  facet normal 0.305664 0.455932 0.83588
    outer loop
      vertex -11.7359 -10.9092 2.49162
      vertex -11.7675 -10.9071 2.50203
      vertex -11.7675 -15.9971 5.27838
    endloop
  endfacet
  facet normal 0.386462 0.441646 0.809689
    outer loop
      vertex -11.7858 -10.9059 2.51011
      vertex -11.7675 -15.9971 5.27838
      vertex -11.7675 -10.9071 2.50203
    endloop
  endfacet
  facet normal 0.387304 0.44148 0.809377
    outer loop
      vertex -11.7675 -15.9971 5.27838
      vertex -11.7858 -10.9059 2.51011
      vertex -11.9129 -10.8806 2.55713
    endloop
  endfacet
  facet normal 0.479731 0.420134 0.77029
    outer loop
      vertex -12.1367 -15.9971 5.47975
      vertex -11.9642 -10.8704 2.5761
      vertex -12.0087 -10.8615 2.59896
    endloop
  endfacet
  facet normal 0.479204 0.420289 0.770533
    outer loop
      vertex -11.9642 -10.8704 2.5761
      vertex -12.1367 -15.9971 5.47975
      vertex -11.9642 -15.9971 5.37247
    endloop
  endfacet
  facet normal -0.923543 0.183638 0.336668
    outer loop
      vertex -8.19037 -15.9971 5.93768
      vertex -8.16711 -10.7573 3.1434
      vertex -8.17305 -10.7585 3.12776
    endloop
  endfacet
  facet normal -0.923487 0.183701 0.336787
    outer loop
      vertex -8.16711 -10.7573 3.1434
      vertex -8.19037 -15.9971 5.93768
      vertex -8.16711 -15.9971 6.00146
    endloop
  endfacet
  facet normal -0.16047 0.472643 0.866521
    outer loop
      vertex -9.38463 -15.9971 5.13599
      vertex -9.38463 -10.9367 2.3758
      vertex -9.56909 -10.9488 2.34824
    endloop
  endfacet
  facet normal -0.0947259 0.476702 0.873946
    outer loop
      vertex -9.88895 -10.9698 2.32012
      vertex -9.63236 -15.9971 5.09012
      vertex -9.82321 -10.9655 2.3249
    endloop
  endfacet
  facet normal -0.0948225 0.476694 0.87394
    outer loop
      vertex -9.63236 -15.9971 5.09012
      vertex -9.88895 -10.9698 2.32012
      vertex -9.88895 -15.9971 5.06228
    endloop
  endfacet
  facet normal -0.0313887 0.478616 0.877463
    outer loop
      vertex -9.88895 -15.9971 5.06228
      vertex -9.88895 -10.9698 2.32012
      vertex -10.0826 -10.9825 2.32012
    endloop
  endfacet
  facet normal -0.0312454 0.478622 0.877465
    outer loop
      vertex -10.15 -10.9869 2.32012
      vertex -9.88895 -15.9971 5.06228
      vertex -10.0826 -10.9825 2.32012
    endloop
  endfacet
  facet normal -0.0313608 0.478616 0.877464
    outer loop
      vertex -9.88895 -15.9971 5.06228
      vertex -10.15 -10.9869 2.32012
      vertex -10.15 -15.9971 5.05295
    endloop
  endfacet
  facet normal 0.582527 0.389219 0.713562
    outer loop
      vertex -12.2821 -15.9357 5.56494
      vertex -12.1741 -10.8287 2.69111
      vertex -12.2821 -10.8072 2.76755
    endloop
  endfacet
  facet normal 0.565664 0.395291 0.723719
    outer loop
      vertex -12.1741 -10.8287 2.69111
      vertex -12.2821 -15.9357 5.56494
      vertex -12.2809 -15.9415 5.56717
    endloop
  endfacet
  facet normal 0.696956 0.343391 0.629551
    outer loop
      vertex -12.2832 -15.9302 5.56313
      vertex -12.2821 -10.8072 2.76755
      vertex -12.368 -10.7901 2.85332
    endloop
  endfacet
  facet normal 0.688652 0.347214 0.636554
    outer loop
      vertex -12.2821 -10.8072 2.76755
      vertex -12.2832 -15.9302 5.56313
      vertex -12.2821 -15.9357 5.56494
    endloop
  endfacet
  facet normal -0.387226 0.441493 0.809407
    outer loop
      vertex -8.91421 -10.9059 2.51011
      vertex -8.93248 -15.9971 5.27838
      vertex -8.78708 -10.8806 2.55713
    endloop
  endfacet
  facet normal -0.387002 0.441538 0.80949
    outer loop
      vertex -8.93248 -15.9971 5.27838
      vertex -8.91421 -10.9059 2.51011
      vertex -8.93248 -10.9071 2.50203
    endloop
  endfacet
  facet normal 0.160716 0.472616 0.86649
    outer loop
      vertex -11.3154 -15.9971 5.13599
      vertex -11.0676 -10.953 2.33879
      vertex -11.1309 -10.9488 2.34824
    endloop
  endfacet
  facet normal 0.160402 0.472652 0.866528
    outer loop
      vertex -11.0676 -10.953 2.33879
      vertex -11.3154 -15.9971 5.13599
      vertex -11.0676 -15.9971 5.09012
    endloop
  endfacet
  facet normal 0.0948515 0.476694 0.873937
    outer loop
      vertex -10.8768 -10.9655 2.3249
      vertex -11.0676 -10.953 2.33879
      vertex -11.0676 -15.9971 5.09012
    endloop
  endfacet
  facet normal -0.923442 0.183752 0.336882
    outer loop
      vertex -8.19037 -15.9971 5.93768
      vertex -8.17305 -10.7585 3.12776
      vertex -8.21106 -10.766 3.02766
    endloop
  endfacet
  facet normal -0.696455 0.343619 0.629981
    outer loop
      vertex -8.41795 -15.9971 5.5984
      vertex -8.30224 -10.7842 2.88298
      vertex -8.33198 -10.7901 2.85332
    endloop
  endfacet
  facet normal -0.696623 0.343546 0.629835
    outer loop
      vertex -8.30224 -10.7842 2.88298
      vertex -8.41795 -15.9971 5.5984
      vertex -8.30224 -15.9971 5.72638
    endloop
  endfacet
  facet normal -0.306814 0.455755 0.835555
    outer loop
      vertex -8.93248 -15.9971 5.27838
      vertex -8.93248 -10.9071 2.50203
      vertex -8.93682 -10.9074 2.5006
    endloop
  endfacet
  facet normal 0.0312453 0.478622 0.877465
    outer loop
      vertex -10.8111 -15.9971 5.06228
      vertex -10.55 -10.9869 2.32012
      vertex -10.6174 -10.9825 2.32012
    endloop
  endfacet
  facet normal 0.0313548 0.478616 0.877464
    outer loop
      vertex -10.55 -10.9869 2.32012
      vertex -10.8111 -15.9971 5.06228
      vertex -10.55 -15.9971 5.05295
    endloop
  endfacet
  facet normal 2.00252e-05 0.478851 0.877896
    outer loop
      vertex -10.35 -11 2.32727
      vertex -10.15 -15.9971 5.05295
      vertex -10.15 -10.9869 2.32012
    endloop
  endfacet
  facet normal -2.00252e-05 0.478851 0.877896
    outer loop
      vertex -10.55 -15.9971 5.05295
      vertex -10.35 -11 2.32727
      vertex -10.55 -10.9869 2.32012
    endloop
  endfacet
  facet normal 0 0.478851 0.877896
    outer loop
      vertex -10.35 -11 2.32727
      vertex -10.55 -15.9971 5.05295
      vertex -10.15 -15.9971 5.05295
    endloop
  endfacet
  facet normal -0.0948268 0.476695 0.873939
    outer loop
      vertex -9.63236 -15.9971 5.09012
      vertex -9.63236 -10.953 2.33879
      vertex -9.82321 -10.9655 2.3249
    endloop
  endfacet
  facet normal -0.16079 0.472609 0.86648
    outer loop
      vertex -9.63236 -10.953 2.33879
      vertex -9.38463 -15.9971 5.13599
      vertex -9.56909 -10.9488 2.34824
    endloop
  endfacet
  facet normal -0.160446 0.472649 0.866522
    outer loop
      vertex -9.38463 -15.9971 5.13599
      vertex -9.63236 -10.953 2.33879
      vertex -9.63236 -15.9971 5.09012
    endloop
  endfacet
  facet normal -0.923505 0.18368 0.33675
    outer loop
      vertex -8.21815 -15.9971 5.86151
      vertex -8.21106 -10.766 3.02766
      vertex -8.21815 -10.7674 3.00898
    endloop
  endfacet
  facet normal -0.92348 0.183708 0.336803
    outer loop
      vertex -8.21106 -10.766 3.02766
      vertex -8.21815 -15.9971 5.86151
      vertex -8.19037 -15.9971 5.93768
    endloop
  endfacet
  facet normal -0.815921 0.276855 0.507567
    outer loop
      vertex -8.30224 -15.9971 5.72638
      vertex -8.28075 -10.7799 2.91518
      vertex -8.30224 -10.7842 2.88298
    endloop
  endfacet
  facet normal -0.815829 0.276916 0.507682
    outer loop
      vertex -8.28075 -10.7799 2.91518
      vertex -8.30224 -15.9971 5.72638
      vertex -8.21815 -15.9971 5.86151
    endloop
  endfacet
  facet normal -0.696665 0.343527 0.6298
    outer loop
      vertex -8.33198 -10.7901 2.85332
      vertex -8.41795 -10.8072 2.76755
      vertex -8.41795 -15.9971 5.5984
    endloop
  endfacet
  facet normal -0.479075 0.420323 0.770595
    outer loop
      vertex -8.56329 -15.9971 5.47975
      vertex -8.56329 -10.8361 2.66467
      vertex -8.69127 -10.8615 2.59896
    endloop
  endfacet
  facet normal -0.582563 0.389204 0.713541
    outer loop
      vertex -8.41795 -15.9971 5.5984
      vertex -8.41795 -10.8072 2.76755
      vertex -8.52594 -10.8287 2.69111
    endloop
  endfacet
  facet normal -0.582339 0.389286 0.713679
    outer loop
      vertex -8.56329 -10.8361 2.66467
      vertex -8.41795 -15.9971 5.5984
      vertex -8.52594 -10.8287 2.69111
    endloop
  endfacet
  facet normal -0.582527 0.389215 0.713564
    outer loop
      vertex -8.41795 -15.9971 5.5984
      vertex -8.56329 -10.8361 2.66467
      vertex -8.56329 -15.9971 5.47975
    endloop
  endfacet
  facet normal -0.304261 0.456161 0.836267
    outer loop
      vertex -9.15 -10.9213 2.43053
      vertex -8.93248 -15.9971 5.27838
      vertex -9.09403 -10.9177 2.44893
    endloop
  endfacet
  facet normal -0.30475 0.456068 0.83614
    outer loop
      vertex -8.93248 -15.9971 5.27838
      vertex -9.15 -10.9213 2.43053
      vertex -9.15 -15.9971 5.1991
    endloop
  endfacet
  facet normal -0.229808 0.466032 0.854401
    outer loop
      vertex -9.21064 -10.9253 2.41638
      vertex -9.38463 -10.9367 2.3758
      vertex -9.38463 -15.9971 5.13599
    endloop
  endfacet
  facet normal -0.304771 0.456071 0.836131
    outer loop
      vertex -8.93248 -15.9971 5.27838
      vertex -8.93682 -10.9074 2.5006
      vertex -8.96415 -10.9092 2.49162
    endloop
  endfacet
  facet normal -0.304683 0.456085 0.836155
    outer loop
      vertex -8.93248 -15.9971 5.27838
      vertex -8.96415 -10.9092 2.49162
      vertex -9.09403 -10.9177 2.44893
    endloop
  endfacet
  facet normal -0.990762 -0.0649408 0.119053
    outer loop
      vertex -8.15 15.9971 6.14385
      vertex -8.16711 16.2216 6.12392
      vertex -8.16711 15.9971 6.00146
    endloop
  endfacet
  facet normal -0.990763 -0.0649416 0.119045
    outer loop
      vertex -8.16711 16.2216 6.12392
      vertex -8.15 15.9971 6.14385
      vertex -8.15 16.2216 6.26632
    endloop
  endfacet
  facet normal 0.229839 -0.466049 0.854384
    outer loop
      vertex -11.3154 15.9971 5.13599
      vertex -11.3154 16.2216 5.25845
      vertex -11.55 16.2216 5.32156
    endloop
  endfacet
  facet normal 0.0948544 -0.476709 0.873928
    outer loop
      vertex -10.8111 15.9971 5.06228
      vertex -10.8111 16.2216 5.18474
      vertex -11.0676 15.9971 5.09012
    endloop
  endfacet
  facet normal -0.69662 -0.34356 0.629832
    outer loop
      vertex -8.30224 15.9971 5.72638
      vertex -8.41795 16.2216 5.72086
      vertex -8.41795 15.9971 5.5984
    endloop
  endfacet
  facet normal -0.69662 -0.34356 0.629832
    outer loop
      vertex -8.41795 16.2216 5.72086
      vertex -8.30224 15.9971 5.72638
      vertex -8.30224 16.2216 5.84884
    endloop
  endfacet
  facet normal 0.387178 -0.441519 0.809416
    outer loop
      vertex -11.7675 15.9971 5.27838
      vertex -11.9642 16.2216 5.49493
      vertex -11.9642 15.9971 5.37247
    endloop
  endfacet
  facet normal 0.304771 -0.456087 0.836122
    outer loop
      vertex -11.55 16.2216 5.32156
      vertex -11.7675 16.2216 5.40084
      vertex -11.7675 15.9971 5.27838
    endloop
  endfacet
  facet normal -0.160445 -0.472665 0.866513
    outer loop
      vertex -9.63236 16.2216 5.21258
      vertex -9.38463 15.9971 5.13599
      vertex -9.38463 16.2216 5.25845
    endloop
  endfacet
  facet normal -0.160445 -0.472665 0.866513
    outer loop
      vertex -9.38463 15.9971 5.13599
      vertex -9.63236 16.2216 5.21258
      vertex -9.63236 15.9971 5.09012
    endloop
  endfacet
  facet normal -0.0948215 -0.476711 0.873931
    outer loop
      vertex -9.63236 15.9971 5.09012
      vertex -9.63236 16.2216 5.21258
      vertex -9.88895 16.2216 5.18474
    endloop
  endfacet
  facet normal -0.229811 -0.466052 0.85439
    outer loop
      vertex -9.15 16.2216 5.32156
      vertex -9.38463 16.2216 5.25845
      vertex -9.38463 15.9971 5.13599
    endloop
  endfacet
  facet normal -0.387195 -0.441516 0.80941
    outer loop
      vertex -8.73579 15.9971 5.37247
      vertex -8.73579 16.2216 5.49493
      vertex -8.93248 15.9971 5.27838
    endloop
  endfacet
  facet normal -0.229811 -0.466052 0.85439
    outer loop
      vertex -9.15 15.9971 5.1991
      vertex -9.15 16.2216 5.32156
      vertex -9.38463 15.9971 5.13599
    endloop
  endfacet
  facet normal -0.582522 -0.389231 0.713559
    outer loop
      vertex -8.56329 16.2216 5.60221
      vertex -8.41795 15.9971 5.5984
      vertex -8.41795 16.2216 5.72086
    endloop
  endfacet
  facet normal -0.582522 -0.389231 0.713559
    outer loop
      vertex -8.41795 15.9971 5.5984
      vertex -8.56329 16.2216 5.60221
      vertex -8.56329 15.9971 5.47975
    endloop
  endfacet
  facet normal 0.582392 -0.389234 0.713664
    outer loop
      vertex -12.265 16.0216 5.59783
      vertex -12.1367 16.2216 5.60221
      vertex -12.2519 16.2216 5.69622
    endloop
  endfacet
  facet normal 0.582436 -0.389261 0.713613
    outer loop
      vertex -12.1367 16.2216 5.60221
      vertex -12.265 16.0216 5.59783
      vertex -12.1367 15.9971 5.47975
    endloop
  endfacet
  facet normal 0.582996 -0.387843 0.713928
    outer loop
      vertex -12.1367 15.9971 5.47975
      vertex -12.265 16.0216 5.59783
      vertex -12.2698 15.9971 5.58844
    endloop
  endfacet
  facet normal -0.387195 -0.441516 0.80941
    outer loop
      vertex -8.73579 16.2216 5.49493
      vertex -8.93248 16.2216 5.40084
      vertex -8.93248 15.9971 5.27838
    endloop
  endfacet
  facet normal -0.304746 -0.456091 0.836129
    outer loop
      vertex -8.93248 15.9971 5.27838
      vertex -9.15 16.2216 5.32156
      vertex -9.15 15.9971 5.1991
    endloop
  endfacet
  facet normal -0.923481 -0.183717 0.336795
    outer loop
      vertex -8.19037 15.9971 5.93768
      vertex -8.16711 16.2216 6.12392
      vertex -8.21815 16.2216 5.98397
    endloop
  endfacet
  facet normal -0.4792 -0.420306 0.770526
    outer loop
      vertex -8.73579 16.2216 5.49493
      vertex -8.56329 15.9971 5.47975
      vertex -8.56329 16.2216 5.60221
    endloop
  endfacet
  facet normal -0.4792 -0.420306 0.770526
    outer loop
      vertex -8.56329 15.9971 5.47975
      vertex -8.73579 16.2216 5.49493
      vertex -8.73579 15.9971 5.37247
    endloop
  endfacet
  facet normal -0.923485 -0.18371 0.336787
    outer loop
      vertex -8.16711 15.9971 6.00146
      vertex -8.16711 16.2216 6.12392
      vertex -8.19037 15.9971 5.93768
    endloop
  endfacet
  facet normal 0.0313545 -0.478633 0.877455
    outer loop
      vertex -10.8111 16.2216 5.18474
      vertex -10.55 15.9971 5.05295
      vertex -10.55 16.2216 5.17541
    endloop
  endfacet
  facet normal 0.0313545 -0.478633 0.877455
    outer loop
      vertex -10.55 15.9971 5.05295
      vertex -10.8111 16.2216 5.18474
      vertex -10.8111 15.9971 5.06228
    endloop
  endfacet
  facet normal 0.304771 -0.456087 0.836122
    outer loop
      vertex -11.55 15.9971 5.1991
      vertex -11.55 16.2216 5.32156
      vertex -11.7675 15.9971 5.27838
    endloop
  endfacet
  facet normal 0.229839 -0.466049 0.854384
    outer loop
      vertex -11.3154 15.9971 5.13599
      vertex -11.55 16.2216 5.32156
      vertex -11.55 15.9971 5.1991
    endloop
  endfacet
  facet normal -0.0313605 -0.478633 0.877455
    outer loop
      vertex -10.15 16.2216 5.17541
      vertex -9.88895 15.9971 5.06228
      vertex -9.88895 16.2216 5.18474
    endloop
  endfacet
  facet normal -0.0313605 -0.478633 0.877455
    outer loop
      vertex -9.88895 15.9971 5.06228
      vertex -10.15 16.2216 5.17541
      vertex -10.15 15.9971 5.05295
    endloop
  endfacet
  facet normal -0.304746 -0.456091 0.836129
    outer loop
      vertex -8.93248 15.9971 5.27838
      vertex -8.93248 16.2216 5.40084
      vertex -9.15 16.2216 5.32156
    endloop
  endfacet
  facet normal -0.81587 -0.276899 0.507626
    outer loop
      vertex -8.21815 15.9971 5.86151
      vertex -8.21815 16.2216 5.98397
      vertex -8.23503 16.2216 5.95684
    endloop
  endfacet
  facet normal -0.923478 -0.183718 0.336802
    outer loop
      vertex -8.19037 15.9971 5.93768
      vertex -8.21815 16.2216 5.98397
      vertex -8.21815 15.9971 5.86151
    endloop
  endfacet
  facet normal -0.815828 -0.27692 0.507681
    outer loop
      vertex -8.21815 15.9971 5.86151
      vertex -8.23503 16.2216 5.95684
      vertex -8.30224 15.9971 5.72638
    endloop
  endfacet
  facet normal -0.815815 -0.276936 0.507694
    outer loop
      vertex -8.23503 16.2216 5.95684
      vertex -8.30224 16.2216 5.84884
      vertex -8.30224 15.9971 5.72638
    endloop
  endfacet
  facet normal 0 -0.478869 0.877887
    outer loop
      vertex -10.55 16.2216 5.17541
      vertex -10.15 15.9971 5.05295
      vertex -10.15 16.2216 5.17541
    endloop
  endfacet
  facet normal 0 -0.478869 0.877887
    outer loop
      vertex -10.15 15.9971 5.05295
      vertex -10.55 16.2216 5.17541
      vertex -10.55 15.9971 5.05295
    endloop
  endfacet
  facet normal 0.0948544 -0.476709 0.873928
    outer loop
      vertex -10.8111 16.2216 5.18474
      vertex -11.0676 16.2216 5.21258
      vertex -11.0676 15.9971 5.09012
    endloop
  endfacet
  facet normal 0.4792 -0.420306 0.770526
    outer loop
      vertex -12.1367 16.2216 5.60221
      vertex -11.9642 15.9971 5.37247
      vertex -11.9642 16.2216 5.49493
    endloop
  endfacet
  facet normal 0.4792 -0.420306 0.770526
    outer loop
      vertex -11.9642 15.9971 5.37247
      vertex -12.1367 16.2216 5.60221
      vertex -12.1367 15.9971 5.47975
    endloop
  endfacet
  facet normal -0.0948215 -0.476711 0.873931
    outer loop
      vertex -9.63236 15.9971 5.09012
      vertex -9.88895 16.2216 5.18474
      vertex -9.88895 15.9971 5.06228
    endloop
  endfacet
  facet normal 0.160401 -0.472668 0.86652
    outer loop
      vertex -11.3154 16.2216 5.25845
      vertex -11.0676 15.9971 5.09012
      vertex -11.0676 16.2216 5.21258
    endloop
  endfacet
  facet normal 0.160401 -0.472668 0.86652
    outer loop
      vertex -11.0676 15.9971 5.09012
      vertex -11.3154 16.2216 5.25845
      vertex -11.3154 15.9971 5.13599
    endloop
  endfacet
  facet normal 0.387178 -0.441519 0.809416
    outer loop
      vertex -11.7675 15.9971 5.27838
      vertex -11.7675 16.2216 5.40084
      vertex -11.9642 16.2216 5.49493
    endloop
  endfacet
  facet normal 0.4792 0.420306 0.770526
    outer loop
      vertex -12.1367 -15.9971 5.47975
      vertex -11.9642 -16.2216 5.49493
      vertex -11.9642 -15.9971 5.37247
    endloop
  endfacet
  facet normal 0.4792 0.420306 0.770526
    outer loop
      vertex -11.9642 -16.2216 5.49493
      vertex -12.1367 -15.9971 5.47975
      vertex -12.1367 -16.2216 5.60221
    endloop
  endfacet
  facet normal -0.0313605 0.478633 0.877455
    outer loop
      vertex -10.15 -15.9971 5.05295
      vertex -9.88895 -16.2216 5.18474
      vertex -9.88895 -15.9971 5.06228
    endloop
  endfacet
  facet normal -0.0313605 0.478633 0.877455
    outer loop
      vertex -9.88895 -16.2216 5.18474
      vertex -10.15 -15.9971 5.05295
      vertex -10.15 -16.2216 5.17541
    endloop
  endfacet
  facet normal -0.304746 0.456091 0.836129
    outer loop
      vertex -8.93248 -15.9971 5.27838
      vertex -9.15 -15.9971 5.1991
      vertex -9.15 -16.2216 5.32156
    endloop
  endfacet
  facet normal -0.81587 0.276899 0.507626
    outer loop
      vertex -8.21815 -16.2216 5.98397
      vertex -8.21815 -15.9971 5.86151
      vertex -8.23503 -16.2216 5.95684
    endloop
  endfacet
  facet normal -0.923481 0.183717 0.336795
    outer loop
      vertex -8.16711 -16.2216 6.12392
      vertex -8.19037 -15.9971 5.93768
      vertex -8.21815 -16.2216 5.98397
    endloop
  endfacet
  facet normal -0.923478 0.183718 0.336802
    outer loop
      vertex -8.19037 -15.9971 5.93768
      vertex -8.21815 -15.9971 5.86151
      vertex -8.21815 -16.2216 5.98397
    endloop
  endfacet
  facet normal -0.923485 0.18371 0.336787
    outer loop
      vertex -8.16711 -16.2216 6.12392
      vertex -8.16711 -15.9971 6.00146
      vertex -8.19037 -15.9971 5.93768
    endloop
  endfacet
  facet normal -0.0948215 0.476711 0.873931
    outer loop
      vertex -9.63236 -16.2216 5.21258
      vertex -9.63236 -15.9971 5.09012
      vertex -9.88895 -16.2216 5.18474
    endloop
  endfacet
  facet normal -0.304746 0.456091 0.836129
    outer loop
      vertex -8.93248 -16.2216 5.40084
      vertex -8.93248 -15.9971 5.27838
      vertex -9.15 -16.2216 5.32156
    endloop
  endfacet
  facet normal -0.387195 0.441516 0.80941
    outer loop
      vertex -8.73579 -16.2216 5.49493
      vertex -8.73579 -15.9971 5.37247
      vertex -8.93248 -15.9971 5.27838
    endloop
  endfacet
  facet normal -0.990762 0.0649408 0.119053
    outer loop
      vertex -8.16711 -16.2216 6.12392
      vertex -8.15 -15.9971 6.14385
      vertex -8.16711 -15.9971 6.00146
    endloop
  endfacet
  facet normal -0.990763 0.0649416 0.119045
    outer loop
      vertex -8.15 -15.9971 6.14385
      vertex -8.16711 -16.2216 6.12392
      vertex -8.15 -16.2216 6.26632
    endloop
  endfacet
  facet normal -0.69662 0.34356 0.629832
    outer loop
      vertex -8.41795 -16.2216 5.72086
      vertex -8.30224 -15.9971 5.72638
      vertex -8.41795 -15.9971 5.5984
    endloop
  endfacet
  facet normal -0.69662 0.34356 0.629832
    outer loop
      vertex -8.30224 -15.9971 5.72638
      vertex -8.41795 -16.2216 5.72086
      vertex -8.30224 -16.2216 5.84884
    endloop
  endfacet
  facet normal -0.815828 0.27692 0.507681
    outer loop
      vertex -8.23503 -16.2216 5.95684
      vertex -8.21815 -15.9971 5.86151
      vertex -8.30224 -15.9971 5.72638
    endloop
  endfacet
  facet normal -0.229811 0.466052 0.85439
    outer loop
      vertex -9.15 -16.2216 5.32156
      vertex -9.15 -15.9971 5.1991
      vertex -9.38463 -15.9971 5.13599
    endloop
  endfacet
  facet normal -0.4792 0.420306 0.770526
    outer loop
      vertex -8.73579 -15.9971 5.37247
      vertex -8.56329 -16.2216 5.60221
      vertex -8.56329 -15.9971 5.47975
    endloop
  endfacet
  facet normal -0.4792 0.420306 0.770526
    outer loop
      vertex -8.56329 -16.2216 5.60221
      vertex -8.73579 -15.9971 5.37247
      vertex -8.73579 -16.2216 5.49493
    endloop
  endfacet
  facet normal -0.582522 0.389231 0.713559
    outer loop
      vertex -8.56329 -15.9971 5.47975
      vertex -8.41795 -16.2216 5.72086
      vertex -8.41795 -15.9971 5.5984
    endloop
  endfacet
  facet normal -0.582522 0.389231 0.713559
    outer loop
      vertex -8.41795 -16.2216 5.72086
      vertex -8.56329 -15.9971 5.47975
      vertex -8.56329 -16.2216 5.60221
    endloop
  endfacet
  facet normal -0.815815 0.276936 0.507694
    outer loop
      vertex -8.23503 -16.2216 5.95684
      vertex -8.30224 -15.9971 5.72638
      vertex -8.30224 -16.2216 5.84884
    endloop
  endfacet
  facet normal 0.0948544 0.476709 0.873928
    outer loop
      vertex -10.8111 -16.2216 5.18474
      vertex -10.8111 -15.9971 5.06228
      vertex -11.0676 -15.9971 5.09012
    endloop
  endfacet
  facet normal 0.160401 0.472668 0.86652
    outer loop
      vertex -11.3154 -15.9971 5.13599
      vertex -11.0676 -16.2216 5.21258
      vertex -11.0676 -15.9971 5.09012
    endloop
  endfacet
  facet normal 0.160401 0.472668 0.86652
    outer loop
      vertex -11.0676 -16.2216 5.21258
      vertex -11.3154 -15.9971 5.13599
      vertex -11.3154 -16.2216 5.25845
    endloop
  endfacet
  facet normal 0.304771 0.456087 0.836122
    outer loop
      vertex -11.55 -16.2216 5.32156
      vertex -11.7675 -15.9971 5.27838
      vertex -11.7675 -16.2216 5.40084
    endloop
  endfacet
  facet normal 0.0313545 0.478633 0.877455
    outer loop
      vertex -10.8111 -15.9971 5.06228
      vertex -10.55 -16.2216 5.17541
      vertex -10.55 -15.9971 5.05295
    endloop
  endfacet
  facet normal 0.0313545 0.478633 0.877455
    outer loop
      vertex -10.55 -16.2216 5.17541
      vertex -10.8111 -15.9971 5.06228
      vertex -10.8111 -16.2216 5.18474
    endloop
  endfacet
  facet normal -0 0.478869 0.877887
    outer loop
      vertex -10.55 -15.9971 5.05295
      vertex -10.15 -16.2216 5.17541
      vertex -10.15 -15.9971 5.05295
    endloop
  endfacet
  facet normal 0 0.478869 0.877887
    outer loop
      vertex -10.15 -16.2216 5.17541
      vertex -10.55 -15.9971 5.05295
      vertex -10.55 -16.2216 5.17541
    endloop
  endfacet
  facet normal -0.0948215 0.476711 0.873931
    outer loop
      vertex -9.63236 -15.9971 5.09012
      vertex -9.88895 -15.9971 5.06228
      vertex -9.88895 -16.2216 5.18474
    endloop
  endfacet
  facet normal -0.387195 0.441516 0.80941
    outer loop
      vertex -8.73579 -16.2216 5.49493
      vertex -8.93248 -15.9971 5.27838
      vertex -8.93248 -16.2216 5.40084
    endloop
  endfacet
  facet normal 0.582436 0.389261 0.713613
    outer loop
      vertex -12.265 -16.0216 5.59783
      vertex -12.1367 -16.2216 5.60221
      vertex -12.1367 -15.9971 5.47975
    endloop
  endfacet
  facet normal 0.582392 0.389234 0.713664
    outer loop
      vertex -12.1367 -16.2216 5.60221
      vertex -12.265 -16.0216 5.59783
      vertex -12.2519 -16.2216 5.69622
    endloop
  endfacet
  facet normal 0.582996 0.387843 0.713928
    outer loop
      vertex -12.265 -16.0216 5.59783
      vertex -12.1367 -15.9971 5.47975
      vertex -12.2698 -15.9971 5.58844
    endloop
  endfacet
  facet normal -0.160445 0.472665 0.866513
    outer loop
      vertex -9.63236 -15.9971 5.09012
      vertex -9.38463 -16.2216 5.25845
      vertex -9.38463 -15.9971 5.13599
    endloop
  endfacet
  facet normal -0.160445 0.472665 0.866513
    outer loop
      vertex -9.38463 -16.2216 5.25845
      vertex -9.63236 -15.9971 5.09012
      vertex -9.63236 -16.2216 5.21258
    endloop
  endfacet
  facet normal -0.229811 0.466052 0.85439
    outer loop
      vertex -9.15 -16.2216 5.32156
      vertex -9.38463 -15.9971 5.13599
      vertex -9.38463 -16.2216 5.25845
    endloop
  endfacet
  facet normal 0.387178 0.441519 0.809416
    outer loop
      vertex -11.7675 -15.9971 5.27838
      vertex -11.9642 -15.9971 5.37247
      vertex -11.9642 -16.2216 5.49493
    endloop
  endfacet
  facet normal 0.0948544 0.476709 0.873928
    outer loop
      vertex -10.8111 -16.2216 5.18474
      vertex -11.0676 -15.9971 5.09012
      vertex -11.0676 -16.2216 5.21258
    endloop
  endfacet
  facet normal 0.304771 0.456087 0.836122
    outer loop
      vertex -11.55 -16.2216 5.32156
      vertex -11.55 -15.9971 5.1991
      vertex -11.7675 -15.9971 5.27838
    endloop
  endfacet
  facet normal 0.229839 0.466049 0.854384
    outer loop
      vertex -11.3154 -15.9971 5.13599
      vertex -11.55 -15.9971 5.1991
      vertex -11.55 -16.2216 5.32156
    endloop
  endfacet
  facet normal 0.229839 0.466049 0.854384
    outer loop
      vertex -11.3154 -16.2216 5.25845
      vertex -11.3154 -15.9971 5.13599
      vertex -11.55 -16.2216 5.32156
    endloop
  endfacet
  facet normal 0.387178 0.441519 0.809416
    outer loop
      vertex -11.7675 -16.2216 5.40084
      vertex -11.7675 -15.9971 5.27838
      vertex -11.9642 -16.2216 5.49493
    endloop
  endfacet
  facet normal -0.387193 -0.441523 0.809406
    outer loop
      vertex -8.73579 16.2216 5.49493
      vertex -8.93248 16.45 5.52543
      vertex -8.93248 16.2216 5.40084
    endloop
  endfacet
  facet normal -0.304744 -0.456098 0.836125
    outer loop
      vertex -8.93248 16.2216 5.40084
      vertex -8.93248 16.45 5.52543
      vertex -9.15 16.2216 5.32156
    endloop
  endfacet
  facet normal -0.815811 -0.276952 0.50769
    outer loop
      vertex -8.23503 16.2216 5.95684
      vertex -8.21815 16.45 6.10856
      vertex -8.25 16.45 6.05738
    endloop
  endfacet
  facet normal -0.990763 -0.0649429 0.119045
    outer loop
      vertex -8.15 16.2216 6.26632
      vertex -8.16711 16.45 6.24852
      vertex -8.16711 16.2216 6.12392
    endloop
  endfacet
  facet normal -0.990762 -0.0649422 0.119053
    outer loop
      vertex -8.16711 16.45 6.24852
      vertex -8.15 16.2216 6.26632
      vertex -8.15 16.45 6.39091
    endloop
  endfacet
  facet normal 0.094854 -0.476717 0.873924
    outer loop
      vertex -10.8111 16.2216 5.18474
      vertex -11.0676 16.45 5.33717
      vertex -11.0676 16.2216 5.21258
    endloop
  endfacet
  facet normal -0.696618 -0.343566 0.62983
    outer loop
      vertex -8.30224 16.2216 5.84884
      vertex -8.41795 16.45 5.84545
      vertex -8.41795 16.2216 5.72086
    endloop
  endfacet
  facet normal -0.696639 -0.343578 0.6298
    outer loop
      vertex -8.41795 16.45 5.84545
      vertex -8.30224 16.2216 5.84884
      vertex -8.30224 16.45 5.97344
    endloop
  endfacet
  facet normal -0.22981 -0.466059 0.854386
    outer loop
      vertex -9.15 16.2216 5.32156
      vertex -9.15 16.45 5.44615
      vertex -9.38463 16.45 5.38304
    endloop
  endfacet
  facet normal -0.479226 -0.420332 0.770496
    outer loop
      vertex -8.73579 16.45 5.61952
      vertex -8.56329 16.2216 5.60221
      vertex -8.56329 16.45 5.72681
    endloop
  endfacet
  facet normal -0.479198 -0.420313 0.770523
    outer loop
      vertex -8.56329 16.2216 5.60221
      vertex -8.73579 16.45 5.61952
      vertex -8.73579 16.2216 5.49493
    endloop
  endfacet
  facet normal 0.0313543 -0.478641 0.877451
    outer loop
      vertex -10.8111 16.45 5.30933
      vertex -10.55 16.2216 5.17541
      vertex -10.55 16.45 5.3
    endloop
  endfacet
  facet normal 0.0313543 -0.478641 0.877451
    outer loop
      vertex -10.55 16.2216 5.17541
      vertex -10.8111 16.45 5.30933
      vertex -10.8111 16.2216 5.18474
    endloop
  endfacet
  facet normal 0.479233 -0.420304 0.770507
    outer loop
      vertex -12.1367 16.45 5.72681
      vertex -11.9642 16.2216 5.49493
      vertex -11.9642 16.45 5.61952
    endloop
  endfacet
  facet normal 0.479192 -0.420341 0.770512
    outer loop
      vertex -11.9642 16.2216 5.49493
      vertex -12.1367 16.45 5.72681
      vertex -12.1367 16.2216 5.60221
    endloop
  endfacet
  facet normal 0 -0.478876 0.877882
    outer loop
      vertex -10.55 16.45 5.3
      vertex -10.15 16.2216 5.17541
      vertex -10.15 16.45 5.3
    endloop
  endfacet
  facet normal 0 -0.478876 0.877882
    outer loop
      vertex -10.15 16.2216 5.17541
      vertex -10.55 16.45 5.3
      vertex -10.55 16.2216 5.17541
    endloop
  endfacet
  facet normal -0.094821 -0.476719 0.873927
    outer loop
      vertex -9.63236 16.2216 5.21258
      vertex -9.63236 16.45 5.33717
      vertex -9.88895 16.2216 5.18474
    endloop
  endfacet
  facet normal -0.582488 -0.38925 0.713577
    outer loop
      vertex -8.56329 16.45 5.72681
      vertex -8.41795 16.2216 5.72086
      vertex -8.41795 16.45 5.84545
    endloop
  endfacet
  facet normal -0.582513 -0.389265 0.713548
    outer loop
      vertex -8.41795 16.2216 5.72086
      vertex -8.56329 16.45 5.72681
      vertex -8.56329 16.2216 5.60221
    endloop
  endfacet
  facet normal -0.304744 -0.456098 0.836125
    outer loop
      vertex -8.93248 16.45 5.52543
      vertex -9.15 16.45 5.44615
      vertex -9.15 16.2216 5.32156
    endloop
  endfacet
  facet normal 0.58247 -0.389234 0.713601
    outer loop
      vertex -12.25 16.25 5.7102
      vertex -12.1367 16.45 5.72681
      vertex -12.25 16.45 5.81929
    endloop
  endfacet
  facet normal 0.582526 -0.389261 0.71354
    outer loop
      vertex -12.1367 16.45 5.72681
      vertex -12.25 16.25 5.7102
      vertex -12.1367 16.2216 5.60221
    endloop
  endfacet
  facet normal 0.582158 -0.39011 0.713377
    outer loop
      vertex -12.1367 16.2216 5.60221
      vertex -12.25 16.25 5.7102
      vertex -12.2519 16.2216 5.69622
    endloop
  endfacet
  facet normal 0.229838 -0.466056 0.854381
    outer loop
      vertex -11.3154 16.45 5.38304
      vertex -11.55 16.45 5.44615
      vertex -11.55 16.2216 5.32156
    endloop
  endfacet
  facet normal 0.30477 -0.456094 0.836118
    outer loop
      vertex -11.55 16.2216 5.32156
      vertex -11.55 16.45 5.44615
      vertex -11.7675 16.45 5.52543
    endloop
  endfacet
  facet normal -0.0313603 -0.478641 0.877451
    outer loop
      vertex -10.15 16.45 5.3
      vertex -9.88895 16.2216 5.18474
      vertex -9.88895 16.45 5.30933
    endloop
  endfacet
  facet normal -0.0313603 -0.478641 0.877451
    outer loop
      vertex -9.88895 16.2216 5.18474
      vertex -10.15 16.45 5.3
      vertex -10.15 16.2216 5.17541
    endloop
  endfacet
  facet normal -0.094821 -0.476719 0.873927
    outer loop
      vertex -9.63236 16.45 5.33717
      vertex -9.88895 16.45 5.30933
      vertex -9.88895 16.2216 5.18474
    endloop
  endfacet
  facet normal -0.815793 -0.276972 0.507708
    outer loop
      vertex -8.25 16.45 6.05738
      vertex -8.30224 16.45 5.97344
      vertex -8.30224 16.2216 5.84884
    endloop
  endfacet
  facet normal -0.815811 -0.276952 0.507691
    outer loop
      vertex -8.23503 16.2216 5.95684
      vertex -8.25 16.45 6.05738
      vertex -8.30224 16.2216 5.84884
    endloop
  endfacet
  facet normal -0.387193 -0.441523 0.809406
    outer loop
      vertex -8.73579 16.2216 5.49493
      vertex -8.73579 16.45 5.61952
      vertex -8.93248 16.45 5.52543
    endloop
  endfacet
  facet normal 0.094854 -0.476717 0.873924
    outer loop
      vertex -10.8111 16.2216 5.18474
      vertex -10.8111 16.45 5.30933
      vertex -11.0676 16.45 5.33717
    endloop
  endfacet
  facet normal 0.229838 -0.466056 0.854381
    outer loop
      vertex -11.3154 16.2216 5.25845
      vertex -11.3154 16.45 5.38304
      vertex -11.55 16.2216 5.32156
    endloop
  endfacet
  facet normal 0.387177 -0.441527 0.809412
    outer loop
      vertex -11.7675 16.2216 5.40084
      vertex -11.7675 16.45 5.52543
      vertex -11.9642 16.2216 5.49493
    endloop
  endfacet
  facet normal 0.30477 -0.456094 0.836118
    outer loop
      vertex -11.55 16.2216 5.32156
      vertex -11.7675 16.45 5.52543
      vertex -11.7675 16.2216 5.40084
    endloop
  endfacet
  facet normal 0.387177 -0.441527 0.809412
    outer loop
      vertex -11.7675 16.45 5.52543
      vertex -11.9642 16.45 5.61952
      vertex -11.9642 16.2216 5.49493
    endloop
  endfacet
  facet normal -0.160444 -0.472673 0.866509
    outer loop
      vertex -9.63236 16.45 5.33717
      vertex -9.38463 16.2216 5.25845
      vertex -9.38463 16.45 5.38304
    endloop
  endfacet
  facet normal -0.160444 -0.472673 0.866509
    outer loop
      vertex -9.38463 16.2216 5.25845
      vertex -9.63236 16.45 5.33717
      vertex -9.63236 16.2216 5.21258
    endloop
  endfacet
  facet normal -0.22981 -0.466059 0.854386
    outer loop
      vertex -9.15 16.2216 5.32156
      vertex -9.38463 16.45 5.38304
      vertex -9.38463 16.2216 5.25845
    endloop
  endfacet
  facet normal -0.815868 -0.276904 0.507625
    outer loop
      vertex -8.21815 16.2216 5.98397
      vertex -8.21815 16.45 6.10856
      vertex -8.23503 16.2216 5.95684
    endloop
  endfacet
  facet normal -0.923481 -0.183718 0.336795
    outer loop
      vertex -8.16711 16.2216 6.12392
      vertex -8.21815 16.45 6.10856
      vertex -8.21815 16.2216 5.98397
    endloop
  endfacet
  facet normal -0.923488 -0.183721 0.336774
    outer loop
      vertex -8.21815 16.45 6.10856
      vertex -8.16711 16.2216 6.12392
      vertex -8.16711 16.45 6.24852
    endloop
  endfacet
  facet normal 0.1604 -0.472676 0.866516
    outer loop
      vertex -11.3154 16.45 5.38304
      vertex -11.0676 16.2216 5.21258
      vertex -11.0676 16.45 5.33717
    endloop
  endfacet
  facet normal 0.1604 -0.472676 0.866516
    outer loop
      vertex -11.0676 16.2216 5.21258
      vertex -11.3154 16.45 5.38304
      vertex -11.3154 16.2216 5.25845
    endloop
  endfacet
  facet normal -0.980786 -0.195087 0
    outer loop
      vertex -8.16711 17.4592 6.799
      vertex -8.21815 17.7158 7
      vertex -8.21815 17.7158 6.799
    endloop
  endfacet
  facet normal -0.980786 -0.195087 0
    outer loop
      vertex -8.21815 17.7158 7
      vertex -8.16711 17.4592 6.799
      vertex -8.16711 17.4592 7
    endloop
  endfacet
  facet normal -0.479239 -0.420278 0.770517
    outer loop
      vertex -8.56329 16.45 5.72681
      vertex -8.73579 18.6124 6.799
      vertex -8.73579 16.45 5.61952
    endloop
  endfacet
  facet normal 0.160402 -0.472655 0.866527
    outer loop
      vertex -11.0676 16.45 5.33717
      vertex -11.0676 19.13 6.799
      vertex -11.3154 16.45 5.38304
    endloop
  endfacet
  facet normal 0.387182 -0.4415 0.809424
    outer loop
      vertex -11.7675 16.45 5.52543
      vertex -11.9642 18.6124 6.799
      vertex -11.9642 16.45 5.61952
    endloop
  endfacet
  facet normal 0.831522 -0.555492 0
    outer loop
      vertex -12.25 18.2461 7
      vertex -12.1367 18.4157 6.799
      vertex -12.1367 18.4157 7
    endloop
  endfacet
  facet normal 0.831522 -0.555492 0
    outer loop
      vertex -12.1367 18.4157 6.799
      vertex -12.25 18.2461 7
      vertex -12.25 18.2461 6.799
    endloop
  endfacet
  facet normal -0.815801 -0.276939 0.507713
    outer loop
      vertex -8.25 16.45 6.05738
      vertex -8.30224 17.9635 6.799
      vertex -8.30224 16.45 5.97344
    endloop
  endfacet
  facet normal 0.582377 -0.389265 0.71366
    outer loop
      vertex -12.25 16.8835 6.05572
      vertex -12.1367 16.45 5.72681
      vertex -12.1367 18.4157 6.799
    endloop
  endfacet
  facet normal 0.582478 -0.389202 0.713611
    outer loop
      vertex -12.1367 16.45 5.72681
      vertex -12.25 16.8835 6.05572
      vertex -12.25 16.45 5.81929
    endloop
  endfacet
  facet normal 0.0313549 -0.478612 0.877466
    outer loop
      vertex -10.55 16.45 5.3
      vertex -10.55 19.1982 6.799
      vertex -10.8111 16.45 5.30933
    endloop
  endfacet
  facet normal -0.229813 -0.466039 0.854397
    outer loop
      vertex -9.15 16.45 5.44615
      vertex -9.15 18.9302 6.799
      vertex -9.38463 16.45 5.38304
    endloop
  endfacet
  facet normal 0.0313453 -0.478612 0.877467
    outer loop
      vertex -10.55 19.1982 6.799
      vertex -10.8111 19.1811 6.799
      vertex -10.8111 16.45 5.30933
    endloop
  endfacet
  facet normal -0.923492 -0.183696 0.336775
    outer loop
      vertex -8.16711 16.45 6.24852
      vertex -8.21815 17.7158 6.799
      vertex -8.21815 16.45 6.10856
    endloop
  endfacet
  facet normal -0.0949335 -0.476692 0.873929
    outer loop
      vertex -9.63236 16.45 5.33717
      vertex -9.63236 19.13 6.799
      vertex -9.88895 19.1811 6.799
    endloop
  endfacet
  facet normal -0.0948227 -0.476689 0.873943
    outer loop
      vertex -9.63236 16.45 5.33717
      vertex -9.88895 19.1811 6.799
      vertex -9.88895 16.45 5.30933
    endloop
  endfacet
  facet normal 0.751842 -0.659343 0
    outer loop
      vertex -12.1367 18.4157 7
      vertex -11.9642 18.6124 6.799
      vertex -11.9642 18.6124 7
    endloop
  endfacet
  facet normal 0.751842 -0.659343 0
    outer loop
      vertex -11.9642 18.6124 6.799
      vertex -12.1367 18.4157 7
      vertex -12.1367 18.4157 6.799
    endloop
  endfacet
  facet normal 0.479239 -0.420278 0.770517
    outer loop
      vertex -11.9642 18.6124 6.799
      vertex -12.1367 18.4157 6.799
      vertex -12.1367 16.45 5.72681
    endloop
  endfacet
  facet normal 0.479239 -0.420278 0.770517
    outer loop
      vertex -11.9642 16.45 5.61952
      vertex -11.9642 18.6124 6.799
      vertex -12.1367 16.45 5.72681
    endloop
  endfacet
  facet normal 0.22984 -0.466036 0.854391
    outer loop
      vertex -11.3154 16.45 5.38304
      vertex -11.3154 19.0459 6.799
      vertex -11.55 18.9302 6.799
    endloop
  endfacet
  facet normal -0.304658 -0.456085 0.836164
    outer loop
      vertex -8.93248 16.45 5.52543
      vertex -8.93248 18.7849 6.799
      vertex -9.15 18.9302 6.799
    endloop
  endfacet
  facet normal -0.83145 -0.5556 0
    outer loop
      vertex -8.41795 18.1982 6.799
      vertex -8.56329 18.4157 7
      vertex -8.56329 18.4157 6.799
    endloop
  endfacet
  facet normal -0.83145 -0.5556 0
    outer loop
      vertex -8.56329 18.4157 7
      vertex -8.41795 18.1982 6.799
      vertex -8.41795 18.1982 7
    endloop
  endfacet
  facet normal -0.304748 -0.456078 0.836135
    outer loop
      vertex -8.93248 16.45 5.52543
      vertex -9.15 18.9302 6.799
      vertex -9.15 16.45 5.44615
    endloop
  endfacet
  facet normal -0.997858 -0.0654151 0
    outer loop
      vertex -8.15 17.1982 6.799
      vertex -8.16711 17.4592 7
      vertex -8.16711 17.4592 6.799
    endloop
  endfacet
  facet normal -0.997858 -0.0654151 0
    outer loop
      vertex -8.16711 17.4592 7
      vertex -8.15 17.1982 6.799
      vertex -8.15 17.1982 7
    endloop
  endfacet
  facet normal 0.582607 -0.389206 0.713503
    outer loop
      vertex -12.1367 18.4157 6.799
      vertex -12.25 18.2461 6.799
      vertex -12.25 16.8835 6.05572
    endloop
  endfacet
  facet normal -0.0653646 -0.997861 0
    outer loop
      vertex -10.15 19.1982 6.799
      vertex -9.88895 19.1811 7
      vertex -10.15 19.1982 7
    endloop
  endfacet
  facet normal -0.0653646 -0.997861 -0
    outer loop
      vertex -9.88895 19.1811 7
      vertex -10.15 19.1982 6.799
      vertex -9.88895 19.1811 6.799
    endloop
  endfacet
  facet normal -0.0313609 -0.478612 0.877466
    outer loop
      vertex -9.88895 16.45 5.30933
      vertex -10.15 19.1982 6.799
      vertex -10.15 16.45 5.3
    endloop
  endfacet
  facet normal 0 -0.478848 0.877898
    outer loop
      vertex -10.55 19.1982 6.799
      vertex -10.15 16.45 5.3
      vertex -10.15 19.1982 6.799
    endloop
  endfacet
  facet normal 0 -0.478848 0.877898
    outer loop
      vertex -10.15 16.45 5.3
      vertex -10.55 19.1982 6.799
      vertex -10.55 16.45 5.3
    endloop
  endfacet
  facet normal 0.0948557 -0.476688 0.87394
    outer loop
      vertex -10.8111 16.45 5.30933
      vertex -10.8111 19.1811 6.799
      vertex -11.0676 16.45 5.33717
    endloop
  endfacet
  facet normal 0.0653521 -0.997862 0
    outer loop
      vertex -10.8111 19.1811 6.799
      vertex -10.55 19.1982 7
      vertex -10.8111 19.1811 7
    endloop
  endfacet
  facet normal 0.0653521 -0.997862 0
    outer loop
      vertex -10.55 19.1982 7
      vertex -10.8111 19.1811 6.799
      vertex -10.55 19.1982 6.799
    endloop
  endfacet
  facet normal -0.990762 -0.0649388 0.119053
    outer loop
      vertex -8.15 16.45 6.39091
      vertex -8.16711 17.4592 6.799
      vertex -8.16711 16.45 6.24852
    endloop
  endfacet
  facet normal -0.923497 -0.183692 0.336764
    outer loop
      vertex -8.16711 16.45 6.24852
      vertex -8.16711 17.4592 6.799
      vertex -8.21815 17.7158 6.799
    endloop
  endfacet
  facet normal -0.321463 -0.946922 0
    outer loop
      vertex -9.63236 19.13 6.799
      vertex -9.38463 19.0459 7
      vertex -9.63236 19.13 7
    endloop
  endfacet
  facet normal -0.321463 -0.946922 -0
    outer loop
      vertex -9.38463 19.0459 7
      vertex -9.63236 19.13 6.799
      vertex -9.38463 19.0459 6.799
    endloop
  endfacet
  facet normal 0.229841 -0.466036 0.854391
    outer loop
      vertex -11.3154 16.45 5.38304
      vertex -11.55 18.9302 6.799
      vertex -11.55 16.45 5.44615
    endloop
  endfacet
  facet normal 0.304773 -0.456074 0.836128
    outer loop
      vertex -11.55 16.45 5.44615
      vertex -11.55 18.9302 6.799
      vertex -11.7675 16.45 5.52543
    endloop
  endfacet
  facet normal -0.160446 -0.472651 0.86652
    outer loop
      vertex -9.38463 16.45 5.38304
      vertex -9.63236 19.13 6.799
      vertex -9.63236 16.45 5.33717
    endloop
  endfacet
  facet normal -0.442268 -0.896883 0
    outer loop
      vertex -9.38463 19.0459 6.799
      vertex -9.15 18.9302 7
      vertex -9.38463 19.0459 7
    endloop
  endfacet
  facet normal -0.442268 -0.896883 -0
    outer loop
      vertex -9.15 18.9302 7
      vertex -9.38463 19.0459 6.799
      vertex -9.15 18.9302 6.799
    endloop
  endfacet
  facet normal -0.0313513 -0.478612 0.877467
    outer loop
      vertex -9.88895 16.45 5.30933
      vertex -9.88895 19.1811 6.799
      vertex -10.15 19.1982 6.799
    endloop
  endfacet
  facet normal 0 -1 0
    outer loop
      vertex -10.55 19.1982 6.799
      vertex -10.15 19.1982 7
      vertex -10.55 19.1982 7
    endloop
  endfacet
  facet normal 0 -1 -0
    outer loop
      vertex -10.15 19.1982 7
      vertex -10.55 19.1982 6.799
      vertex -10.15 19.1982 6.799
    endloop
  endfacet
  facet normal -0.195315 -0.980741 0
    outer loop
      vertex -9.88895 19.1811 6.799
      vertex -9.63236 19.13 7
      vertex -9.88895 19.1811 7
    endloop
  endfacet
  facet normal -0.195315 -0.980741 -0
    outer loop
      vertex -9.63236 19.13 7
      vertex -9.88895 19.1811 6.799
      vertex -9.63236 19.13 6.799
    endloop
  endfacet
  facet normal -0.582495 -0.389225 0.713585
    outer loop
      vertex -8.41795 16.45 5.84545
      vertex -8.56329 18.4157 6.799
      vertex -8.56329 16.45 5.72681
    endloop
  endfacet
  facet normal -0.69665 -0.343539 0.62981
    outer loop
      vertex -8.30224 16.45 5.97344
      vertex -8.30224 17.9635 6.799
      vertex -8.41795 16.45 5.84545
    endloop
  endfacet
  facet normal -0.815818 -0.276926 0.507694
    outer loop
      vertex -8.21815 16.45 6.10856
      vertex -8.21815 17.7158 6.799
      vertex -8.25 16.45 6.05738
    endloop
  endfacet
  facet normal -0.990758 -0.0649497 0.11908
    outer loop
      vertex -8.15 16.45 6.39091
      vertex -8.15 17.1982 6.799
      vertex -8.16711 17.4592 6.799
    endloop
  endfacet
  facet normal -0.89692 -0.442193 0
    outer loop
      vertex -8.30224 17.9635 6.799
      vertex -8.41795 18.1982 7
      vertex -8.41795 18.1982 6.799
    endloop
  endfacet
  facet normal -0.89692 -0.442193 0
    outer loop
      vertex -8.41795 18.1982 7
      vertex -8.30224 17.9635 6.799
      vertex -8.30224 17.9635 7
    endloop
  endfacet
  facet normal -0.479239 -0.420278 0.770517
    outer loop
      vertex -8.56329 16.45 5.72681
      vertex -8.56329 18.4157 6.799
      vertex -8.73579 18.6124 6.799
    endloop
  endfacet
  facet normal -0.387199 -0.441497 0.809418
    outer loop
      vertex -8.73579 18.6124 6.799
      vertex -8.93248 18.7849 6.799
      vertex -8.93248 16.45 5.52543
    endloop
  endfacet
  facet normal -0.555459 -0.831544 0
    outer loop
      vertex -9.15 18.9302 6.799
      vertex -8.93248 18.7849 7
      vertex -9.15 18.9302 7
    endloop
  endfacet
  facet normal -0.555459 -0.831544 -0
    outer loop
      vertex -8.93248 18.7849 7
      vertex -9.15 18.9302 6.799
      vertex -8.93248 18.7849 6.799
    endloop
  endfacet
  facet normal -0.387199 -0.441497 0.809418
    outer loop
      vertex -8.73579 16.45 5.61952
      vertex -8.73579 18.6124 6.799
      vertex -8.93248 16.45 5.52543
    endloop
  endfacet
  facet normal 0.555494 -0.831521 0
    outer loop
      vertex -11.7675 18.7849 6.799
      vertex -11.55 18.9302 7
      vertex -11.7675 18.7849 7
    endloop
  endfacet
  facet normal 0.555494 -0.831521 0
    outer loop
      vertex -11.55 18.9302 7
      vertex -11.7675 18.7849 6.799
      vertex -11.55 18.9302 6.799
    endloop
  endfacet
  facet normal 0.304683 -0.456081 0.836157
    outer loop
      vertex -11.55 18.9302 6.799
      vertex -11.7675 18.7849 6.799
      vertex -11.7675 16.45 5.52543
    endloop
  endfacet
  facet normal 0.195381 -0.980727 0
    outer loop
      vertex -11.0676 19.13 6.799
      vertex -10.8111 19.1811 7
      vertex -11.0676 19.13 7
    endloop
  endfacet
  facet normal 0.195381 -0.980727 0
    outer loop
      vertex -10.8111 19.1811 7
      vertex -11.0676 19.13 6.799
      vertex -10.8111 19.1811 6.799
    endloop
  endfacet
  facet normal 0.0949665 -0.476691 0.873926
    outer loop
      vertex -10.8111 19.1811 6.799
      vertex -11.0676 19.13 6.799
      vertex -11.0676 16.45 5.33717
    endloop
  endfacet
  facet normal 0.442314 -0.89686 0
    outer loop
      vertex -11.55 18.9302 6.799
      vertex -11.3154 19.0459 7
      vertex -11.55 18.9302 7
    endloop
  endfacet
  facet normal 0.442314 -0.89686 0
    outer loop
      vertex -11.3154 19.0459 7
      vertex -11.55 18.9302 6.799
      vertex -11.3154 19.0459 6.799
    endloop
  endfacet
  facet normal -0.815789 -0.276947 0.507729
    outer loop
      vertex -8.25 16.45 6.05738
      vertex -8.21815 17.7158 6.799
      vertex -8.30224 17.9635 6.799
    endloop
  endfacet
  facet normal -0.946922 -0.321464 0
    outer loop
      vertex -8.21815 17.7158 6.799
      vertex -8.30224 17.9635 7
      vertex -8.30224 17.9635 6.799
    endloop
  endfacet
  facet normal -0.946922 -0.321464 0
    outer loop
      vertex -8.30224 17.9635 7
      vertex -8.21815 17.7158 6.799
      vertex -8.21815 17.7158 7
    endloop
  endfacet
  facet normal -0.696726 -0.343495 0.629749
    outer loop
      vertex -8.30224 17.9635 6.799
      vertex -8.41795 18.1982 6.799
      vertex -8.41795 16.45 5.84545
    endloop
  endfacet
  facet normal -0.582478 -0.389229 0.713597
    outer loop
      vertex -8.41795 16.45 5.84545
      vertex -8.41795 18.1982 6.799
      vertex -8.56329 18.4157 6.799
    endloop
  endfacet
  facet normal -0.659362 -0.751826 0
    outer loop
      vertex -8.93248 18.7849 6.799
      vertex -8.73579 18.6124 7
      vertex -8.93248 18.7849 7
    endloop
  endfacet
  facet normal -0.659362 -0.751826 -0
    outer loop
      vertex -8.73579 18.6124 7
      vertex -8.93248 18.7849 6.799
      vertex -8.73579 18.6124 6.799
    endloop
  endfacet
  facet normal -0.751842 -0.659343 0
    outer loop
      vertex -8.56329 18.4157 6.799
      vertex -8.73579 18.6124 7
      vertex -8.73579 18.6124 6.799
    endloop
  endfacet
  facet normal -0.751842 -0.659343 0
    outer loop
      vertex -8.73579 18.6124 7
      vertex -8.56329 18.4157 6.799
      vertex -8.56329 18.4157 7
    endloop
  endfacet
  facet normal -0.229812 -0.466039 0.854397
    outer loop
      vertex -9.15 18.9302 6.799
      vertex -9.38463 19.0459 6.799
      vertex -9.38463 16.45 5.38304
    endloop
  endfacet
  facet normal -0.160457 -0.472651 0.866519
    outer loop
      vertex -9.38463 16.45 5.38304
      vertex -9.38463 19.0459 6.799
      vertex -9.63236 19.13 6.799
    endloop
  endfacet
  facet normal 0.659343 -0.751842 0
    outer loop
      vertex -11.9642 18.6124 6.799
      vertex -11.7675 18.7849 7
      vertex -11.9642 18.6124 7
    endloop
  endfacet
  facet normal 0.659343 -0.751842 0
    outer loop
      vertex -11.7675 18.7849 7
      vertex -11.9642 18.6124 6.799
      vertex -11.7675 18.7849 6.799
    endloop
  endfacet
  facet normal 0.387182 -0.4415 0.809424
    outer loop
      vertex -11.7675 16.45 5.52543
      vertex -11.7675 18.7849 6.799
      vertex -11.9642 18.6124 6.799
    endloop
  endfacet
  facet normal 0.321382 -0.94695 0
    outer loop
      vertex -11.3154 19.0459 6.799
      vertex -11.0676 19.13 7
      vertex -11.3154 19.0459 7
    endloop
  endfacet
  facet normal 0.321382 -0.94695 0
    outer loop
      vertex -11.0676 19.13 7
      vertex -11.3154 19.0459 6.799
      vertex -11.0676 19.13 6.799
    endloop
  endfacet
  facet normal 0.160413 -0.472655 0.866525
    outer loop
      vertex -11.0676 19.13 6.799
      vertex -11.3154 19.0459 6.799
      vertex -11.3154 16.45 5.38304
    endloop
  endfacet
  facet normal -0.923481 0.183718 0.336795
    outer loop
      vertex -8.21815 -16.45 6.10856
      vertex -8.16711 -16.2216 6.12392
      vertex -8.21815 -16.2216 5.98397
    endloop
  endfacet
  facet normal -0.923488 0.183721 0.336774
    outer loop
      vertex -8.16711 -16.2216 6.12392
      vertex -8.21815 -16.45 6.10856
      vertex -8.16711 -16.45 6.24852
    endloop
  endfacet
  facet normal -0.0313603 0.478641 0.877451
    outer loop
      vertex -10.15 -16.2216 5.17541
      vertex -9.88895 -16.45 5.30933
      vertex -9.88895 -16.2216 5.18474
    endloop
  endfacet
  facet normal -0.0313603 0.478641 0.877451
    outer loop
      vertex -9.88895 -16.45 5.30933
      vertex -10.15 -16.2216 5.17541
      vertex -10.15 -16.45 5.3
    endloop
  endfacet
  facet normal -0.304744 0.456098 0.836125
    outer loop
      vertex -8.93248 -16.45 5.52543
      vertex -9.15 -16.2216 5.32156
      vertex -9.15 -16.45 5.44615
    endloop
  endfacet
  facet normal -0.815868 0.276904 0.507625
    outer loop
      vertex -8.21815 -16.45 6.10856
      vertex -8.21815 -16.2216 5.98397
      vertex -8.23503 -16.2216 5.95684
    endloop
  endfacet
  facet normal -0.990763 0.0649429 0.119045
    outer loop
      vertex -8.16711 -16.45 6.24852
      vertex -8.15 -16.2216 6.26632
      vertex -8.16711 -16.2216 6.12392
    endloop
  endfacet
  facet normal -0.990762 0.0649422 0.119053
    outer loop
      vertex -8.15 -16.2216 6.26632
      vertex -8.16711 -16.45 6.24852
      vertex -8.15 -16.45 6.39091
    endloop
  endfacet
  facet normal -0.094821 0.476719 0.873927
    outer loop
      vertex -9.63236 -16.45 5.33717
      vertex -9.63236 -16.2216 5.21258
      vertex -9.88895 -16.2216 5.18474
    endloop
  endfacet
  facet normal -0.58252 0.389238 0.713557
    outer loop
      vertex -8.56329 -16.2216 5.60221
      vertex -8.41795 -16.45 5.84545
      vertex -8.41795 -16.2216 5.72086
    endloop
  endfacet
  facet normal -0.582481 0.389276 0.713569
    outer loop
      vertex -8.41795 -16.45 5.84545
      vertex -8.56329 -16.2216 5.60221
      vertex -8.56329 -16.45 5.72681
    endloop
  endfacet
  facet normal -0.696618 0.343566 0.62983
    outer loop
      vertex -8.41795 -16.45 5.84545
      vertex -8.30224 -16.2216 5.84884
      vertex -8.41795 -16.2216 5.72086
    endloop
  endfacet
  facet normal -0.696639 0.343578 0.6298
    outer loop
      vertex -8.30224 -16.2216 5.84884
      vertex -8.41795 -16.45 5.84545
      vertex -8.30224 -16.45 5.97344
    endloop
  endfacet
  facet normal -0.815811 0.276952 0.50769
    outer loop
      vertex -8.21815 -16.45 6.10856
      vertex -8.23503 -16.2216 5.95684
      vertex -8.25 -16.45 6.05738
    endloop
  endfacet
  facet normal 0.582526 0.389261 0.71354
    outer loop
      vertex -12.1367 -16.2216 5.60221
      vertex -12.25 -16.25 5.7102
      vertex -12.1367 -16.45 5.72681
    endloop
  endfacet
  facet normal 0.582158 0.39011 0.713377
    outer loop
      vertex -12.25 -16.25 5.7102
      vertex -12.1367 -16.2216 5.60221
      vertex -12.2519 -16.2216 5.69622
    endloop
  endfacet
  facet normal 0.58247 0.389234 0.713601
    outer loop
      vertex -12.1367 -16.45 5.72681
      vertex -12.25 -16.25 5.7102
      vertex -12.25 -16.45 5.81929
    endloop
  endfacet
  facet normal -0.160444 0.472673 0.866509
    outer loop
      vertex -9.63236 -16.2216 5.21258
      vertex -9.38463 -16.45 5.38304
      vertex -9.38463 -16.2216 5.25845
    endloop
  endfacet
  facet normal -0.160444 0.472673 0.866509
    outer loop
      vertex -9.38463 -16.45 5.38304
      vertex -9.63236 -16.2216 5.21258
      vertex -9.63236 -16.45 5.33717
    endloop
  endfacet
  facet normal -0.815811 0.276952 0.507691
    outer loop
      vertex -8.25 -16.45 6.05738
      vertex -8.23503 -16.2216 5.95684
      vertex -8.30224 -16.2216 5.84884
    endloop
  endfacet
  facet normal -0.815793 0.276972 0.507708
    outer loop
      vertex -8.25 -16.45 6.05738
      vertex -8.30224 -16.2216 5.84884
      vertex -8.30224 -16.45 5.97344
    endloop
  endfacet
  facet normal 0.094854 0.476717 0.873924
    outer loop
      vertex -10.8111 -16.45 5.30933
      vertex -10.8111 -16.2216 5.18474
      vertex -11.0676 -16.45 5.33717
    endloop
  endfacet
  facet normal 0.094854 0.476717 0.873924
    outer loop
      vertex -10.8111 -16.2216 5.18474
      vertex -11.0676 -16.2216 5.21258
      vertex -11.0676 -16.45 5.33717
    endloop
  endfacet
  facet normal -0.094821 0.476719 0.873927
    outer loop
      vertex -9.63236 -16.45 5.33717
      vertex -9.88895 -16.2216 5.18474
      vertex -9.88895 -16.45 5.30933
    endloop
  endfacet
  facet normal -0.387193 0.441523 0.809406
    outer loop
      vertex -8.73579 -16.2216 5.49493
      vertex -8.93248 -16.2216 5.40084
      vertex -8.93248 -16.45 5.52543
    endloop
  endfacet
  facet normal -0.304744 0.456098 0.836125
    outer loop
      vertex -8.93248 -16.45 5.52543
      vertex -8.93248 -16.2216 5.40084
      vertex -9.15 -16.2216 5.32156
    endloop
  endfacet
  facet normal -0.387193 0.441523 0.809406
    outer loop
      vertex -8.73579 -16.45 5.61952
      vertex -8.73579 -16.2216 5.49493
      vertex -8.93248 -16.45 5.52543
    endloop
  endfacet
  facet normal 0.1604 0.472676 0.866516
    outer loop
      vertex -11.3154 -16.2216 5.25845
      vertex -11.0676 -16.45 5.33717
      vertex -11.0676 -16.2216 5.21258
    endloop
  endfacet
  facet normal 0.1604 0.472676 0.866516
    outer loop
      vertex -11.0676 -16.45 5.33717
      vertex -11.3154 -16.2216 5.25845
      vertex -11.3154 -16.45 5.38304
    endloop
  endfacet
  facet normal 0.387177 0.441527 0.809412
    outer loop
      vertex -11.7675 -16.45 5.52543
      vertex -11.7675 -16.2216 5.40084
      vertex -11.9642 -16.2216 5.49493
    endloop
  endfacet
  facet normal 0.479198 0.420313 0.770523
    outer loop
      vertex -12.1367 -16.2216 5.60221
      vertex -11.9642 -16.45 5.61952
      vertex -11.9642 -16.2216 5.49493
    endloop
  endfacet
  facet normal 0.479226 0.420332 0.770496
    outer loop
      vertex -11.9642 -16.45 5.61952
      vertex -12.1367 -16.2216 5.60221
      vertex -12.1367 -16.45 5.72681
    endloop
  endfacet
  facet normal 0.30477 0.456094 0.836118
    outer loop
      vertex -11.55 -16.2216 5.32156
      vertex -11.7675 -16.2216 5.40084
      vertex -11.7675 -16.45 5.52543
    endloop
  endfacet
  facet normal 0.229838 0.466056 0.854381
    outer loop
      vertex -11.3154 -16.45 5.38304
      vertex -11.55 -16.2216 5.32156
      vertex -11.55 -16.45 5.44615
    endloop
  endfacet
  facet normal -0 0.478876 0.877882
    outer loop
      vertex -10.55 -16.2216 5.17541
      vertex -10.15 -16.45 5.3
      vertex -10.15 -16.2216 5.17541
    endloop
  endfacet
  facet normal 0 0.478876 0.877882
    outer loop
      vertex -10.15 -16.45 5.3
      vertex -10.55 -16.2216 5.17541
      vertex -10.55 -16.45 5.3
    endloop
  endfacet
  facet normal -0.22981 0.466059 0.854386
    outer loop
      vertex -9.15 -16.2216 5.32156
      vertex -9.38463 -16.2216 5.25845
      vertex -9.38463 -16.45 5.38304
    endloop
  endfacet
  facet normal -0.22981 0.466059 0.854386
    outer loop
      vertex -9.15 -16.45 5.44615
      vertex -9.15 -16.2216 5.32156
      vertex -9.38463 -16.45 5.38304
    endloop
  endfacet
  facet normal -0.479192 0.420341 0.770512
    outer loop
      vertex -8.73579 -16.2216 5.49493
      vertex -8.56329 -16.45 5.72681
      vertex -8.56329 -16.2216 5.60221
    endloop
  endfacet
  facet normal -0.479233 0.420304 0.770507
    outer loop
      vertex -8.56329 -16.45 5.72681
      vertex -8.73579 -16.2216 5.49493
      vertex -8.73579 -16.45 5.61952
    endloop
  endfacet
  facet normal 0.0313543 0.478641 0.877451
    outer loop
      vertex -10.8111 -16.2216 5.18474
      vertex -10.55 -16.45 5.3
      vertex -10.55 -16.2216 5.17541
    endloop
  endfacet
  facet normal 0.0313543 0.478641 0.877451
    outer loop
      vertex -10.55 -16.45 5.3
      vertex -10.8111 -16.2216 5.18474
      vertex -10.8111 -16.45 5.30933
    endloop
  endfacet
  facet normal 0.387177 0.441527 0.809412
    outer loop
      vertex -11.7675 -16.45 5.52543
      vertex -11.9642 -16.2216 5.49493
      vertex -11.9642 -16.45 5.61952
    endloop
  endfacet
  facet normal 0.229838 0.466056 0.854381
    outer loop
      vertex -11.3154 -16.45 5.38304
      vertex -11.3154 -16.2216 5.25845
      vertex -11.55 -16.2216 5.32156
    endloop
  endfacet
  facet normal 0.30477 0.456094 0.836118
    outer loop
      vertex -11.55 -16.45 5.44615
      vertex -11.55 -16.2216 5.32156
      vertex -11.7675 -16.45 5.52543
    endloop
  endfacet
  facet normal -0.659362 0.751826 0
    outer loop
      vertex -8.73579 -18.6124 6.799
      vertex -8.93248 -18.7849 7
      vertex -8.73579 -18.6124 7
    endloop
  endfacet
  facet normal -0.659362 0.751826 0
    outer loop
      vertex -8.93248 -18.7849 7
      vertex -8.73579 -18.6124 6.799
      vertex -8.93248 -18.7849 6.799
    endloop
  endfacet
  facet normal 0.582478 0.389202 0.713611
    outer loop
      vertex -12.25 -16.8835 6.05572
      vertex -12.1367 -16.45 5.72681
      vertex -12.25 -16.45 5.81929
    endloop
  endfacet
  facet normal 0.582377 0.389265 0.71366
    outer loop
      vertex -12.1367 -16.45 5.72681
      vertex -12.25 -16.8835 6.05572
      vertex -12.1367 -18.4157 6.799
    endloop
  endfacet
  facet normal 0.0313549 0.478612 0.877466
    outer loop
      vertex -10.55 -19.1982 6.799
      vertex -10.55 -16.45 5.3
      vertex -10.8111 -16.45 5.30933
    endloop
  endfacet
  facet normal -0.923497 0.183692 0.336764
    outer loop
      vertex -8.16711 -17.4592 6.799
      vertex -8.16711 -16.45 6.24852
      vertex -8.21815 -17.7158 6.799
    endloop
  endfacet
  facet normal 0.555494 0.831521 -0
    outer loop
      vertex -11.55 -18.9302 6.799
      vertex -11.7675 -18.7849 7
      vertex -11.55 -18.9302 7
    endloop
  endfacet
  facet normal 0.555494 0.831521 0
    outer loop
      vertex -11.7675 -18.7849 7
      vertex -11.55 -18.9302 6.799
      vertex -11.7675 -18.7849 6.799
    endloop
  endfacet
  facet normal 0.751842 0.659343 0
    outer loop
      vertex -11.9642 -18.6124 7
      vertex -12.1367 -18.4157 6.799
      vertex -12.1367 -18.4157 7
    endloop
  endfacet
  facet normal 0.751842 0.659343 0
    outer loop
      vertex -12.1367 -18.4157 6.799
      vertex -11.9642 -18.6124 7
      vertex -11.9642 -18.6124 6.799
    endloop
  endfacet
  facet normal -0.195315 0.980741 0
    outer loop
      vertex -9.63236 -19.13 6.799
      vertex -9.88895 -19.1811 7
      vertex -9.63236 -19.13 7
    endloop
  endfacet
  facet normal -0.195315 0.980741 0
    outer loop
      vertex -9.88895 -19.1811 7
      vertex -9.63236 -19.13 6.799
      vertex -9.88895 -19.1811 6.799
    endloop
  endfacet
  facet normal 0.479239 0.420278 0.770517
    outer loop
      vertex -11.9642 -18.6124 6.799
      vertex -12.1367 -16.45 5.72681
      vertex -12.1367 -18.4157 6.799
    endloop
  endfacet
  facet normal 0.160413 0.472655 0.866525
    outer loop
      vertex -11.0676 -19.13 6.799
      vertex -11.3154 -16.45 5.38304
      vertex -11.3154 -19.0459 6.799
    endloop
  endfacet
  facet normal -0.160446 0.472651 0.86652
    outer loop
      vertex -9.38463 -16.45 5.38304
      vertex -9.63236 -16.45 5.33717
      vertex -9.63236 -19.13 6.799
    endloop
  endfacet
  facet normal 0.479239 0.420278 0.770517
    outer loop
      vertex -11.9642 -18.6124 6.799
      vertex -11.9642 -16.45 5.61952
      vertex -12.1367 -16.45 5.72681
    endloop
  endfacet
  facet normal -0.946922 0.321464 0
    outer loop
      vertex -8.30224 -17.9635 6.799
      vertex -8.21815 -17.7158 7
      vertex -8.21815 -17.7158 6.799
    endloop
  endfacet
  facet normal -0.946922 0.321464 0
    outer loop
      vertex -8.21815 -17.7158 7
      vertex -8.30224 -17.9635 6.799
      vertex -8.30224 -17.9635 7
    endloop
  endfacet
  facet normal -0.582478 0.389229 0.713597
    outer loop
      vertex -8.41795 -18.1982 6.799
      vertex -8.41795 -16.45 5.84545
      vertex -8.56329 -18.4157 6.799
    endloop
  endfacet
  facet normal -0.815818 0.276926 0.507694
    outer loop
      vertex -8.21815 -17.7158 6.799
      vertex -8.21815 -16.45 6.10856
      vertex -8.25 -16.45 6.05738
    endloop
  endfacet
  facet normal 0.304683 0.456081 0.836157
    outer loop
      vertex -11.55 -18.9302 6.799
      vertex -11.7675 -16.45 5.52543
      vertex -11.7675 -18.7849 6.799
    endloop
  endfacet
  facet normal -0.555459 0.831544 0
    outer loop
      vertex -8.93248 -18.7849 6.799
      vertex -9.15 -18.9302 7
      vertex -8.93248 -18.7849 7
    endloop
  endfacet
  facet normal -0.555459 0.831544 0
    outer loop
      vertex -9.15 -18.9302 7
      vertex -8.93248 -18.7849 6.799
      vertex -9.15 -18.9302 6.799
    endloop
  endfacet
  facet normal 0.22984 0.466036 0.854391
    outer loop
      vertex -11.3154 -19.0459 6.799
      vertex -11.3154 -16.45 5.38304
      vertex -11.55 -18.9302 6.799
    endloop
  endfacet
  facet normal 0.442314 0.89686 -0
    outer loop
      vertex -11.3154 -19.0459 6.799
      vertex -11.55 -18.9302 7
      vertex -11.3154 -19.0459 7
    endloop
  endfacet
  facet normal 0.442314 0.89686 0
    outer loop
      vertex -11.55 -18.9302 7
      vertex -11.3154 -19.0459 6.799
      vertex -11.55 -18.9302 6.799
    endloop
  endfacet
  facet normal -0.229812 0.466039 0.854397
    outer loop
      vertex -9.15 -18.9302 6.799
      vertex -9.38463 -16.45 5.38304
      vertex -9.38463 -19.0459 6.799
    endloop
  endfacet
  facet normal 0.831522 0.555492 0
    outer loop
      vertex -12.1367 -18.4157 7
      vertex -12.25 -18.2461 6.799
      vertex -12.25 -18.2461 7
    endloop
  endfacet
  facet normal 0.831522 0.555492 0
    outer loop
      vertex -12.25 -18.2461 6.799
      vertex -12.1367 -18.4157 7
      vertex -12.1367 -18.4157 6.799
    endloop
  endfacet
  facet normal -0.751842 0.659343 0
    outer loop
      vertex -8.73579 -18.6124 6.799
      vertex -8.56329 -18.4157 7
      vertex -8.56329 -18.4157 6.799
    endloop
  endfacet
  facet normal -0.751842 0.659343 0
    outer loop
      vertex -8.56329 -18.4157 7
      vertex -8.73579 -18.6124 6.799
      vertex -8.73579 -18.6124 7
    endloop
  endfacet
  facet normal -0.89692 0.442193 0
    outer loop
      vertex -8.41795 -18.1982 6.799
      vertex -8.30224 -17.9635 7
      vertex -8.30224 -17.9635 6.799
    endloop
  endfacet
  facet normal -0.89692 0.442193 0
    outer loop
      vertex -8.30224 -17.9635 7
      vertex -8.41795 -18.1982 6.799
      vertex -8.41795 -18.1982 7
    endloop
  endfacet
  facet normal -0.696726 0.343495 0.629749
    outer loop
      vertex -8.30224 -17.9635 6.799
      vertex -8.41795 -16.45 5.84545
      vertex -8.41795 -18.1982 6.799
    endloop
  endfacet
  facet normal -0.815789 0.276947 0.507729
    outer loop
      vertex -8.21815 -17.7158 6.799
      vertex -8.25 -16.45 6.05738
      vertex -8.30224 -17.9635 6.799
    endloop
  endfacet
  facet normal 0.659343 0.751842 -0
    outer loop
      vertex -11.7675 -18.7849 6.799
      vertex -11.9642 -18.6124 7
      vertex -11.7675 -18.7849 7
    endloop
  endfacet
  facet normal 0.659343 0.751842 0
    outer loop
      vertex -11.9642 -18.6124 7
      vertex -11.7675 -18.7849 6.799
      vertex -11.9642 -18.6124 6.799
    endloop
  endfacet
  facet normal -0.387199 0.441497 0.809418
    outer loop
      vertex -8.73579 -18.6124 6.799
      vertex -8.73579 -16.45 5.61952
      vertex -8.93248 -16.45 5.52543
    endloop
  endfacet
  facet normal -0.0653646 0.997861 0
    outer loop
      vertex -9.88895 -19.1811 6.799
      vertex -10.15 -19.1982 7
      vertex -9.88895 -19.1811 7
    endloop
  endfacet
  facet normal -0.0653646 0.997861 0
    outer loop
      vertex -10.15 -19.1982 7
      vertex -9.88895 -19.1811 6.799
      vertex -10.15 -19.1982 6.799
    endloop
  endfacet
  facet normal -0.321463 0.946922 0
    outer loop
      vertex -9.38463 -19.0459 6.799
      vertex -9.63236 -19.13 7
      vertex -9.38463 -19.0459 7
    endloop
  endfacet
  facet normal -0.321463 0.946922 0
    outer loop
      vertex -9.63236 -19.13 7
      vertex -9.38463 -19.0459 6.799
      vertex -9.63236 -19.13 6.799
    endloop
  endfacet
  facet normal 0.0653521 0.997862 -0
    outer loop
      vertex -10.55 -19.1982 6.799
      vertex -10.8111 -19.1811 7
      vertex -10.55 -19.1982 7
    endloop
  endfacet
  facet normal 0.0653521 0.997862 0
    outer loop
      vertex -10.8111 -19.1811 7
      vertex -10.55 -19.1982 6.799
      vertex -10.8111 -19.1811 6.799
    endloop
  endfacet
  facet normal -0.0313609 0.478612 0.877466
    outer loop
      vertex -9.88895 -16.45 5.30933
      vertex -10.15 -16.45 5.3
      vertex -10.15 -19.1982 6.799
    endloop
  endfacet
  facet normal 0.0313453 0.478612 0.877467
    outer loop
      vertex -10.55 -19.1982 6.799
      vertex -10.8111 -16.45 5.30933
      vertex -10.8111 -19.1811 6.799
    endloop
  endfacet
  facet normal 0.160402 0.472655 0.866527
    outer loop
      vertex -11.0676 -19.13 6.799
      vertex -11.0676 -16.45 5.33717
      vertex -11.3154 -16.45 5.38304
    endloop
  endfacet
  facet normal 0.229841 0.466036 0.854391
    outer loop
      vertex -11.3154 -16.45 5.38304
      vertex -11.55 -16.45 5.44615
      vertex -11.55 -18.9302 6.799
    endloop
  endfacet
  facet normal 0.304773 0.456074 0.836128
    outer loop
      vertex -11.55 -18.9302 6.799
      vertex -11.55 -16.45 5.44615
      vertex -11.7675 -16.45 5.52543
    endloop
  endfacet
  facet normal -0.980786 0.195087 0
    outer loop
      vertex -8.21815 -17.7158 6.799
      vertex -8.16711 -17.4592 7
      vertex -8.16711 -17.4592 6.799
    endloop
  endfacet
  facet normal -0.980786 0.195087 0
    outer loop
      vertex -8.16711 -17.4592 7
      vertex -8.21815 -17.7158 6.799
      vertex -8.21815 -17.7158 7
    endloop
  endfacet
  facet normal -0.83145 0.5556 0
    outer loop
      vertex -8.56329 -18.4157 6.799
      vertex -8.41795 -18.1982 7
      vertex -8.41795 -18.1982 6.799
    endloop
  endfacet
  facet normal -0.83145 0.5556 0
    outer loop
      vertex -8.41795 -18.1982 7
      vertex -8.56329 -18.4157 6.799
      vertex -8.56329 -18.4157 7
    endloop
  endfacet
  facet normal -0.815801 0.276939 0.507713
    outer loop
      vertex -8.25 -16.45 6.05738
      vertex -8.30224 -16.45 5.97344
      vertex -8.30224 -17.9635 6.799
    endloop
  endfacet
  facet normal -0.69665 0.343539 0.62981
    outer loop
      vertex -8.30224 -17.9635 6.799
      vertex -8.30224 -16.45 5.97344
      vertex -8.41795 -16.45 5.84545
    endloop
  endfacet
  facet normal -0.923492 0.183696 0.336775
    outer loop
      vertex -8.16711 -16.45 6.24852
      vertex -8.21815 -16.45 6.10856
      vertex -8.21815 -17.7158 6.799
    endloop
  endfacet
  facet normal -0.304658 0.456085 0.836164
    outer loop
      vertex -8.93248 -18.7849 6.799
      vertex -8.93248 -16.45 5.52543
      vertex -9.15 -18.9302 6.799
    endloop
  endfacet
  facet normal -0.387199 0.441497 0.809418
    outer loop
      vertex -8.73579 -18.6124 6.799
      vertex -8.93248 -16.45 5.52543
      vertex -8.93248 -18.7849 6.799
    endloop
  endfacet
  facet normal -0.0948227 0.476689 0.873943
    outer loop
      vertex -9.63236 -16.45 5.33717
      vertex -9.88895 -16.45 5.30933
      vertex -9.88895 -19.1811 6.799
    endloop
  endfacet
  facet normal -0.0949335 0.476692 0.873929
    outer loop
      vertex -9.63236 -19.13 6.799
      vertex -9.63236 -16.45 5.33717
      vertex -9.88895 -19.1811 6.799
    endloop
  endfacet
  facet normal -0.442268 0.896883 0
    outer loop
      vertex -9.15 -18.9302 6.799
      vertex -9.38463 -19.0459 7
      vertex -9.15 -18.9302 7
    endloop
  endfacet
  facet normal -0.442268 0.896883 0
    outer loop
      vertex -9.38463 -19.0459 7
      vertex -9.15 -18.9302 6.799
      vertex -9.38463 -19.0459 6.799
    endloop
  endfacet
  facet normal -0 0.478848 0.877898
    outer loop
      vertex -10.55 -16.45 5.3
      vertex -10.15 -19.1982 6.799
      vertex -10.15 -16.45 5.3
    endloop
  endfacet
  facet normal 0 0.478848 0.877898
    outer loop
      vertex -10.15 -19.1982 6.799
      vertex -10.55 -16.45 5.3
      vertex -10.55 -19.1982 6.799
    endloop
  endfacet
  facet normal -0.0313513 0.478612 0.877467
    outer loop
      vertex -9.88895 -19.1811 6.799
      vertex -9.88895 -16.45 5.30933
      vertex -10.15 -19.1982 6.799
    endloop
  endfacet
  facet normal 0.195381 0.980727 -0
    outer loop
      vertex -10.8111 -19.1811 6.799
      vertex -11.0676 -19.13 7
      vertex -10.8111 -19.1811 7
    endloop
  endfacet
  facet normal 0.195381 0.980727 0
    outer loop
      vertex -11.0676 -19.13 7
      vertex -10.8111 -19.1811 6.799
      vertex -11.0676 -19.13 6.799
    endloop
  endfacet
  facet normal 0.321382 0.94695 -0
    outer loop
      vertex -11.0676 -19.13 6.799
      vertex -11.3154 -19.0459 7
      vertex -11.0676 -19.13 7
    endloop
  endfacet
  facet normal 0.321382 0.94695 0
    outer loop
      vertex -11.3154 -19.0459 7
      vertex -11.0676 -19.13 6.799
      vertex -11.3154 -19.0459 6.799
    endloop
  endfacet
  facet normal 0.387182 0.4415 0.809424
    outer loop
      vertex -11.7675 -18.7849 6.799
      vertex -11.7675 -16.45 5.52543
      vertex -11.9642 -18.6124 6.799
    endloop
  endfacet
  facet normal 0.387182 0.4415 0.809424
    outer loop
      vertex -11.7675 -16.45 5.52543
      vertex -11.9642 -16.45 5.61952
      vertex -11.9642 -18.6124 6.799
    endloop
  endfacet
  facet normal 0.582607 0.389206 0.713503
    outer loop
      vertex -12.1367 -18.4157 6.799
      vertex -12.25 -16.8835 6.05572
      vertex -12.25 -18.2461 6.799
    endloop
  endfacet
  facet normal -0.997858 0.0654151 0
    outer loop
      vertex -8.16711 -17.4592 6.799
      vertex -8.15 -17.1982 7
      vertex -8.15 -17.1982 6.799
    endloop
  endfacet
  facet normal -0.997858 0.0654151 0
    outer loop
      vertex -8.15 -17.1982 7
      vertex -8.16711 -17.4592 6.799
      vertex -8.16711 -17.4592 7
    endloop
  endfacet
  facet normal -0.304748 0.456078 0.836135
    outer loop
      vertex -8.93248 -16.45 5.52543
      vertex -9.15 -16.45 5.44615
      vertex -9.15 -18.9302 6.799
    endloop
  endfacet
  facet normal -0.229813 0.466039 0.854397
    outer loop
      vertex -9.15 -18.9302 6.799
      vertex -9.15 -16.45 5.44615
      vertex -9.38463 -16.45 5.38304
    endloop
  endfacet
  facet normal -0.582495 0.389225 0.713585
    outer loop
      vertex -8.41795 -16.45 5.84545
      vertex -8.56329 -16.45 5.72681
      vertex -8.56329 -18.4157 6.799
    endloop
  endfacet
  facet normal -0.479239 0.420278 0.770517
    outer loop
      vertex -8.56329 -18.4157 6.799
      vertex -8.56329 -16.45 5.72681
      vertex -8.73579 -18.6124 6.799
    endloop
  endfacet
  facet normal -0.160457 0.472651 0.866519
    outer loop
      vertex -9.38463 -19.0459 6.799
      vertex -9.38463 -16.45 5.38304
      vertex -9.63236 -19.13 6.799
    endloop
  endfacet
  facet normal 0 1 -0
    outer loop
      vertex -10.15 -19.1982 6.799
      vertex -10.55 -19.1982 7
      vertex -10.15 -19.1982 7
    endloop
  endfacet
  facet normal 0 1 0
    outer loop
      vertex -10.55 -19.1982 7
      vertex -10.15 -19.1982 6.799
      vertex -10.55 -19.1982 6.799
    endloop
  endfacet
  facet normal 0.0949665 0.476691 0.873926
    outer loop
      vertex -10.8111 -19.1811 6.799
      vertex -11.0676 -16.45 5.33717
      vertex -11.0676 -19.13 6.799
    endloop
  endfacet
  facet normal 0.0948557 0.476688 0.87394
    outer loop
      vertex -10.8111 -19.1811 6.799
      vertex -10.8111 -16.45 5.30933
      vertex -11.0676 -16.45 5.33717
    endloop
  endfacet
  facet normal -0.990762 0.0649388 0.119053
    outer loop
      vertex -8.15 -16.45 6.39091
      vertex -8.16711 -16.45 6.24852
      vertex -8.16711 -17.4592 6.799
    endloop
  endfacet
  facet normal -0.479239 0.420278 0.770517
    outer loop
      vertex -8.56329 -16.45 5.72681
      vertex -8.73579 -16.45 5.61952
      vertex -8.73579 -18.6124 6.799
    endloop
  endfacet
  facet normal -0.990758 0.0649497 0.11908
    outer loop
      vertex -8.15 -17.1982 6.799
      vertex -8.15 -16.45 6.39091
      vertex -8.16711 -17.4592 6.799
    endloop
  endfacet
  facet normal -0.946936 -0.321421 0
    outer loop
      vertex -32.8267 -11.4177 0
      vertex -32.9213 -11.139 2.5
      vertex -32.9213 -11.139 0
    endloop
  endfacet
  facet normal -0.946936 -0.321421 0
    outer loop
      vertex -32.9213 -11.139 2.5
      vertex -32.8267 -11.4177 0
      vertex -32.8267 -11.4177 2.5
    endloop
  endfacet
  facet normal -0.99787 -0.0652336 0
    outer loop
      vertex -32.75 -12 0
      vertex -32.7692 -11.7063 2.5
      vertex -32.7692 -11.7063 0
    endloop
  endfacet
  facet normal -0.99787 -0.0652336 0
    outer loop
      vertex -32.7692 -11.7063 2.5
      vertex -32.75 -12 0
      vertex -32.75 -12 2.5
    endloop
  endfacet
  facet normal 0.99787 -0.0652336 0
    outer loop
      vertex -37.25 -12 2.5
      vertex -37.2308 -11.7063 0
      vertex -37.2308 -11.7063 2.5
    endloop
  endfacet
  facet normal 0.99787 -0.0652336 0
    outer loop
      vertex -37.2308 -11.7063 0
      vertex -37.25 -12 2.5
      vertex -37.25 -12 0
    endloop
  endfacet
  facet normal 0.0654027 -0.997859 0
    outer loop
      vertex -35.2937 -9.76925 0
      vertex -35 -9.75 2.5
      vertex -35.2937 -9.76925 2.5
    endloop
  endfacet
  facet normal 0.0654027 -0.997859 0
    outer loop
      vertex -35 -9.75 2.5
      vertex -35.2937 -9.76925 0
      vertex -35 -9.75 0
    endloop
  endfacet
  facet normal -0.659202 -0.751966 0
    outer loop
      vertex -33.6303 -10.215 0
      vertex -33.409 -10.409 2.5
      vertex -33.6303 -10.215 2.5
    endloop
  endfacet
  facet normal -0.659202 -0.751966 -0
    outer loop
      vertex -33.409 -10.409 2.5
      vertex -33.6303 -10.215 0
      vertex -33.409 -10.409 0
    endloop
  endfacet
  facet normal 0.659202 -0.751966 0
    outer loop
      vertex -36.591 -10.409 0
      vertex -36.3697 -10.215 2.5
      vertex -36.591 -10.409 2.5
    endloop
  endfacet
  facet normal 0.659202 -0.751966 0
    outer loop
      vertex -36.3697 -10.215 2.5
      vertex -36.591 -10.409 0
      vertex -36.3697 -10.215 0
    endloop
  endfacet
  facet normal 0.442124 -0.896954 0
    outer loop
      vertex -36.125 -10.0514 0
      vertex -35.861 -9.92127 2.5
      vertex -36.125 -10.0514 2.5
    endloop
  endfacet
  facet normal 0.442124 -0.896954 0
    outer loop
      vertex -35.861 -9.92127 2.5
      vertex -36.125 -10.0514 0
      vertex -35.861 -9.92127 0
    endloop
  endfacet
  facet normal 0.831318 0.555797 0
    outer loop
      vertex -36.785 -13.3697 2.5
      vertex -36.9486 -13.125 0
      vertex -36.9486 -13.125 2.5
    endloop
  endfacet
  facet normal 0.831318 0.555797 0
    outer loop
      vertex -36.9486 -13.125 0
      vertex -36.785 -13.3697 2.5
      vertex -36.785 -13.3697 0
    endloop
  endfacet
  facet normal -0.896995 -0.442042 0
    outer loop
      vertex -32.9213 -11.139 0
      vertex -33.0514 -10.875 2.5
      vertex -33.0514 -10.875 0
    endloop
  endfacet
  facet normal -0.896995 -0.442042 0
    outer loop
      vertex -33.0514 -10.875 2.5
      vertex -32.9213 -11.139 0
      vertex -32.9213 -11.139 2.5
    endloop
  endfacet
  facet normal -0.321421 -0.946936 0
    outer loop
      vertex -34.4177 -9.82667 0
      vertex -34.139 -9.92127 2.5
      vertex -34.4177 -9.82667 2.5
    endloop
  endfacet
  facet normal -0.321421 -0.946936 -0
    outer loop
      vertex -34.139 -9.92127 2.5
      vertex -34.4177 -9.82667 0
      vertex -34.139 -9.92127 0
    endloop
  endfacet
  facet normal -0.195136 -0.980776 0
    outer loop
      vertex -34.7063 -9.76925 0
      vertex -34.4177 -9.82667 2.5
      vertex -34.7063 -9.76925 2.5
    endloop
  endfacet
  facet normal -0.195136 -0.980776 -0
    outer loop
      vertex -34.4177 -9.82667 2.5
      vertex -34.7063 -9.76925 0
      vertex -34.4177 -9.82667 0
    endloop
  endfacet
  facet normal -0.555797 -0.831318 0
    outer loop
      vertex -33.875 -10.0514 0
      vertex -33.6303 -10.215 2.5
      vertex -33.875 -10.0514 2.5
    endloop
  endfacet
  facet normal -0.555797 -0.831318 -0
    outer loop
      vertex -33.6303 -10.215 2.5
      vertex -33.875 -10.0514 0
      vertex -33.6303 -10.215 0
    endloop
  endfacet
  facet normal 0.831318 -0.555797 0
    outer loop
      vertex -36.9486 -10.875 2.5
      vertex -36.785 -10.6303 0
      vertex -36.785 -10.6303 2.5
    endloop
  endfacet
  facet normal 0.831318 -0.555797 0
    outer loop
      vertex -36.785 -10.6303 0
      vertex -36.9486 -10.875 2.5
      vertex -36.9486 -10.875 0
    endloop
  endfacet
  facet normal 0.751966 -0.659202 0
    outer loop
      vertex -36.785 -10.6303 2.5
      vertex -36.591 -10.409 0
      vertex -36.591 -10.409 2.5
    endloop
  endfacet
  facet normal 0.751966 -0.659202 0
    outer loop
      vertex -36.591 -10.409 0
      vertex -36.785 -10.6303 2.5
      vertex -36.785 -10.6303 0
    endloop
  endfacet
  facet normal 0.946936 -0.321421 0
    outer loop
      vertex -37.1733 -11.4177 2.5
      vertex -37.0787 -11.139 0
      vertex -37.0787 -11.139 2.5
    endloop
  endfacet
  facet normal 0.946936 -0.321421 0
    outer loop
      vertex -37.0787 -11.139 0
      vertex -37.1733 -11.4177 2.5
      vertex -37.1733 -11.4177 0
    endloop
  endfacet
  facet normal 0.555797 -0.831318 0
    outer loop
      vertex -36.3697 -10.215 0
      vertex -36.125 -10.0514 2.5
      vertex -36.3697 -10.215 2.5
    endloop
  endfacet
  facet normal 0.555797 -0.831318 0
    outer loop
      vertex -36.125 -10.0514 2.5
      vertex -36.3697 -10.215 0
      vertex -36.125 -10.0514 0
    endloop
  endfacet
  facet normal 0.195136 -0.980776 0
    outer loop
      vertex -35.5823 -9.82667 0
      vertex -35.2937 -9.76925 2.5
      vertex -35.5823 -9.82667 2.5
    endloop
  endfacet
  facet normal 0.195136 -0.980776 0
    outer loop
      vertex -35.2937 -9.76925 2.5
      vertex -35.5823 -9.82667 0
      vertex -35.2937 -9.76925 0
    endloop
  endfacet
  facet normal -0.946936 0.321421 0
    outer loop
      vertex -32.9213 -12.861 0
      vertex -32.8267 -12.5823 2.5
      vertex -32.8267 -12.5823 0
    endloop
  endfacet
  facet normal -0.946936 0.321421 0
    outer loop
      vertex -32.8267 -12.5823 2.5
      vertex -32.9213 -12.861 0
      vertex -32.9213 -12.861 2.5
    endloop
  endfacet
  facet normal 0.321421 0.946936 -0
    outer loop
      vertex -35.5823 -14.1733 0
      vertex -35.861 -14.0787 2.5
      vertex -35.5823 -14.1733 2.5
    endloop
  endfacet
  facet normal 0.321421 0.946936 0
    outer loop
      vertex -35.861 -14.0787 2.5
      vertex -35.5823 -14.1733 0
      vertex -35.861 -14.0787 0
    endloop
  endfacet
  facet normal 0.442042 0.896995 -0
    outer loop
      vertex -35.861 -14.0787 0
      vertex -36.125 -13.9486 2.5
      vertex -35.861 -14.0787 2.5
    endloop
  endfacet
  facet normal 0.442042 0.896995 0
    outer loop
      vertex -36.125 -13.9486 2.5
      vertex -35.861 -14.0787 0
      vertex -36.125 -13.9486 0
    endloop
  endfacet
  facet normal 0.980724 0.195397 0
    outer loop
      vertex -37.1733 -12.5823 2.5
      vertex -37.2308 -12.2937 0
      vertex -37.2308 -12.2937 2.5
    endloop
  endfacet
  facet normal 0.980724 0.195397 0
    outer loop
      vertex -37.2308 -12.2937 0
      vertex -37.1733 -12.5823 2.5
      vertex -37.1733 -12.5823 0
    endloop
  endfacet
  facet normal 0.896995 0.442042 0
    outer loop
      vertex -36.9486 -13.125 2.5
      vertex -37.0787 -12.861 0
      vertex -37.0787 -12.861 2.5
    endloop
  endfacet
  facet normal 0.896995 0.442042 0
    outer loop
      vertex -37.0787 -12.861 0
      vertex -36.9486 -13.125 2.5
      vertex -36.9486 -13.125 0
    endloop
  endfacet
  facet normal 0.946936 0.321421 0
    outer loop
      vertex -37.0787 -12.861 2.5
      vertex -37.1733 -12.5823 0
      vertex -37.1733 -12.5823 2.5
    endloop
  endfacet
  facet normal 0.946936 0.321421 0
    outer loop
      vertex -37.1733 -12.5823 0
      vertex -37.0787 -12.861 2.5
      vertex -37.0787 -12.861 0
    endloop
  endfacet
  facet normal -0.980724 -0.195397 0
    outer loop
      vertex -32.7692 -11.7063 0
      vertex -32.8267 -11.4177 2.5
      vertex -32.8267 -11.4177 0
    endloop
  endfacet
  facet normal -0.980724 -0.195397 0
    outer loop
      vertex -32.8267 -11.4177 2.5
      vertex -32.7692 -11.7063 0
      vertex -32.7692 -11.7063 2.5
    endloop
  endfacet
  facet normal -0.831318 -0.555797 0
    outer loop
      vertex -33.0514 -10.875 0
      vertex -33.215 -10.6303 2.5
      vertex -33.215 -10.6303 0
    endloop
  endfacet
  facet normal -0.831318 -0.555797 0
    outer loop
      vertex -33.215 -10.6303 2.5
      vertex -33.0514 -10.875 0
      vertex -33.0514 -10.875 2.5
    endloop
  endfacet
  facet normal -0.751966 -0.659202 0
    outer loop
      vertex -33.215 -10.6303 0
      vertex -33.409 -10.409 2.5
      vertex -33.409 -10.409 0
    endloop
  endfacet
  facet normal -0.751966 -0.659202 0
    outer loop
      vertex -33.409 -10.409 2.5
      vertex -33.215 -10.6303 0
      vertex -33.215 -10.6303 2.5
    endloop
  endfacet
  facet normal -0.442124 -0.896954 0
    outer loop
      vertex -34.139 -9.92127 0
      vertex -33.875 -10.0514 2.5
      vertex -34.139 -9.92127 2.5
    endloop
  endfacet
  facet normal -0.442124 -0.896954 -0
    outer loop
      vertex -33.875 -10.0514 2.5
      vertex -34.139 -9.92127 0
      vertex -33.875 -10.0514 0
    endloop
  endfacet
  facet normal 0.896995 -0.442042 0
    outer loop
      vertex -37.0787 -11.139 2.5
      vertex -36.9486 -10.875 0
      vertex -36.9486 -10.875 2.5
    endloop
  endfacet
  facet normal 0.896995 -0.442042 0
    outer loop
      vertex -36.9486 -10.875 0
      vertex -37.0787 -11.139 2.5
      vertex -37.0787 -11.139 0
    endloop
  endfacet
  facet normal 0.321421 -0.946936 0
    outer loop
      vertex -35.861 -9.92127 0
      vertex -35.5823 -9.82667 2.5
      vertex -35.861 -9.92127 2.5
    endloop
  endfacet
  facet normal 0.321421 -0.946936 0
    outer loop
      vertex -35.5823 -9.82667 2.5
      vertex -35.861 -9.92127 0
      vertex -35.5823 -9.82667 0
    endloop
  endfacet
  facet normal -0.321421 0.946936 0
    outer loop
      vertex -34.139 -14.0787 0
      vertex -34.4177 -14.1733 2.5
      vertex -34.139 -14.0787 2.5
    endloop
  endfacet
  facet normal -0.321421 0.946936 0
    outer loop
      vertex -34.4177 -14.1733 2.5
      vertex -34.139 -14.0787 0
      vertex -34.4177 -14.1733 0
    endloop
  endfacet
  facet normal -0.0652336 0.99787 0
    outer loop
      vertex -34.7063 -14.2308 0
      vertex -35 -14.25 2.5
      vertex -34.7063 -14.2308 2.5
    endloop
  endfacet
  facet normal -0.0652336 0.99787 0
    outer loop
      vertex -35 -14.25 2.5
      vertex -34.7063 -14.2308 0
      vertex -35 -14.25 0
    endloop
  endfacet
  facet normal -0.195397 0.980724 0
    outer loop
      vertex -34.4177 -14.1733 0
      vertex -34.7063 -14.2308 2.5
      vertex -34.4177 -14.1733 2.5
    endloop
  endfacet
  facet normal -0.195397 0.980724 0
    outer loop
      vertex -34.7063 -14.2308 2.5
      vertex -34.4177 -14.1733 0
      vertex -34.7063 -14.2308 0
    endloop
  endfacet
  facet normal -0.442042 0.896995 0
    outer loop
      vertex -33.875 -13.9486 0
      vertex -34.139 -14.0787 2.5
      vertex -33.875 -13.9486 2.5
    endloop
  endfacet
  facet normal -0.442042 0.896995 0
    outer loop
      vertex -34.139 -14.0787 2.5
      vertex -33.875 -13.9486 0
      vertex -34.139 -14.0787 0
    endloop
  endfacet
  facet normal -0.659202 0.751966 0
    outer loop
      vertex -33.409 -13.591 0
      vertex -33.6303 -13.785 2.5
      vertex -33.409 -13.591 2.5
    endloop
  endfacet
  facet normal -0.659202 0.751966 0
    outer loop
      vertex -33.6303 -13.785 2.5
      vertex -33.409 -13.591 0
      vertex -33.6303 -13.785 0
    endloop
  endfacet
  facet normal -0.555797 0.831318 0
    outer loop
      vertex -33.6303 -13.785 0
      vertex -33.875 -13.9486 2.5
      vertex -33.6303 -13.785 2.5
    endloop
  endfacet
  facet normal -0.555797 0.831318 0
    outer loop
      vertex -33.875 -13.9486 2.5
      vertex -33.6303 -13.785 0
      vertex -33.875 -13.9486 0
    endloop
  endfacet
  facet normal -0.896995 0.442042 0
    outer loop
      vertex -33.0514 -13.125 0
      vertex -32.9213 -12.861 2.5
      vertex -32.9213 -12.861 0
    endloop
  endfacet
  facet normal -0.896995 0.442042 0
    outer loop
      vertex -32.9213 -12.861 2.5
      vertex -33.0514 -13.125 0
      vertex -33.0514 -13.125 2.5
    endloop
  endfacet
  facet normal -0.751966 0.659202 0
    outer loop
      vertex -33.409 -13.591 0
      vertex -33.215 -13.3697 2.5
      vertex -33.215 -13.3697 0
    endloop
  endfacet
  facet normal -0.751966 0.659202 0
    outer loop
      vertex -33.215 -13.3697 2.5
      vertex -33.409 -13.591 0
      vertex -33.409 -13.591 2.5
    endloop
  endfacet
  facet normal -0.831318 0.555797 0
    outer loop
      vertex -33.215 -13.3697 0
      vertex -33.0514 -13.125 2.5
      vertex -33.0514 -13.125 0
    endloop
  endfacet
  facet normal -0.831318 0.555797 0
    outer loop
      vertex -33.0514 -13.125 2.5
      vertex -33.215 -13.3697 0
      vertex -33.215 -13.3697 2.5
    endloop
  endfacet
  facet normal 0.195397 0.980724 -0
    outer loop
      vertex -35.2937 -14.2308 0
      vertex -35.5823 -14.1733 2.5
      vertex -35.2937 -14.2308 2.5
    endloop
  endfacet
  facet normal 0.195397 0.980724 0
    outer loop
      vertex -35.5823 -14.1733 2.5
      vertex -35.2937 -14.2308 0
      vertex -35.5823 -14.1733 0
    endloop
  endfacet
  facet normal 0.659202 0.751966 -0
    outer loop
      vertex -36.3697 -13.785 0
      vertex -36.591 -13.591 2.5
      vertex -36.3697 -13.785 2.5
    endloop
  endfacet
  facet normal 0.659202 0.751966 0
    outer loop
      vertex -36.591 -13.591 2.5
      vertex -36.3697 -13.785 0
      vertex -36.591 -13.591 0
    endloop
  endfacet
  facet normal 0.0652336 0.99787 -0
    outer loop
      vertex -35 -14.25 0
      vertex -35.2937 -14.2308 2.5
      vertex -35 -14.25 2.5
    endloop
  endfacet
  facet normal 0.0652336 0.99787 0
    outer loop
      vertex -35.2937 -14.2308 2.5
      vertex -35 -14.25 0
      vertex -35.2937 -14.2308 0
    endloop
  endfacet
  facet normal 0.555797 0.831318 -0
    outer loop
      vertex -36.125 -13.9486 0
      vertex -36.3697 -13.785 2.5
      vertex -36.125 -13.9486 2.5
    endloop
  endfacet
  facet normal 0.555797 0.831318 0
    outer loop
      vertex -36.3697 -13.785 2.5
      vertex -36.125 -13.9486 0
      vertex -36.3697 -13.785 0
    endloop
  endfacet
  facet normal 0.751966 0.659202 0
    outer loop
      vertex -36.591 -13.591 2.5
      vertex -36.785 -13.3697 0
      vertex -36.785 -13.3697 2.5
    endloop
  endfacet
  facet normal 0.751966 0.659202 0
    outer loop
      vertex -36.785 -13.3697 0
      vertex -36.591 -13.591 2.5
      vertex -36.591 -13.591 0
    endloop
  endfacet
  facet normal 0.99787 0.0652336 0
    outer loop
      vertex -37.2308 -12.2937 2.5
      vertex -37.25 -12 0
      vertex -37.25 -12 2.5
    endloop
  endfacet
  facet normal 0.99787 0.0652336 0
    outer loop
      vertex -37.25 -12 0
      vertex -37.2308 -12.2937 2.5
      vertex -37.2308 -12.2937 0
    endloop
  endfacet
  facet normal -0.0654027 -0.997859 0
    outer loop
      vertex -35 -9.75 0
      vertex -34.7063 -9.76925 2.5
      vertex -35 -9.75 2.5
    endloop
  endfacet
  facet normal -0.0654027 -0.997859 -0
    outer loop
      vertex -34.7063 -9.76925 2.5
      vertex -35 -9.75 0
      vertex -34.7063 -9.76925 0
    endloop
  endfacet
  facet normal 0.980724 -0.195397 0
    outer loop
      vertex -37.2308 -11.7063 2.5
      vertex -37.1733 -11.4177 0
      vertex -37.1733 -11.4177 2.5
    endloop
  endfacet
  facet normal 0.980724 -0.195397 0
    outer loop
      vertex -37.1733 -11.4177 0
      vertex -37.2308 -11.7063 2.5
      vertex -37.2308 -11.7063 0
    endloop
  endfacet
  facet normal -0.980724 0.195397 0
    outer loop
      vertex -32.8267 -12.5823 0
      vertex -32.7692 -12.2937 2.5
      vertex -32.7692 -12.2937 0
    endloop
  endfacet
  facet normal -0.980724 0.195397 0
    outer loop
      vertex -32.7692 -12.2937 2.5
      vertex -32.8267 -12.5823 0
      vertex -32.8267 -12.5823 2.5
    endloop
  endfacet
  facet normal -0.99787 0.0652336 0
    outer loop
      vertex -32.7692 -12.2937 0
      vertex -32.75 -12 2.5
      vertex -32.75 -12 0
    endloop
  endfacet
  facet normal -0.99787 0.0652336 0
    outer loop
      vertex -32.75 -12 2.5
      vertex -32.7692 -12.2937 0
      vertex -32.7692 -12.2937 2.5
    endloop
  endfacet
  facet normal -0.555528 -0.831498 0
    outer loop
      vertex -33.125 -8.7524 2.5
      vertex -32.7171 -9.02492 7
      vertex -33.125 -8.7524 7
    endloop
  endfacet
  facet normal -0.555528 -0.831498 -0
    outer loop
      vertex -32.7171 -9.02492 7
      vertex -33.125 -8.7524 2.5
      vertex -32.7171 -9.02492 2.5
    endloop
  endfacet
  facet normal 0.321482 0.946916 -0
    outer loop
      vertex -35.9706 -15.6222 2.5
      vertex -36.4351 -15.4645 7
      vertex -35.9706 -15.6222 7
    endloop
  endfacet
  facet normal 0.321482 0.946916 0
    outer loop
      vertex -36.4351 -15.4645 7
      vertex -35.9706 -15.6222 2.5
      vertex -36.4351 -15.4645 2.5
    endloop
  endfacet
  facet normal 0.321428 -0.946934 0
    outer loop
      vertex -36.4351 -8.53545 2.5
      vertex -35.9706 -8.37778 7
      vertex -36.4351 -8.53545 7
    endloop
  endfacet
  facet normal 0.321428 -0.946934 0
    outer loop
      vertex -35.9706 -8.37778 7
      vertex -36.4351 -8.53545 2.5
      vertex -35.9706 -8.37778 2.5
    endloop
  endfacet
  facet normal 0.896901 -0.442232 0
    outer loop
      vertex -38.4645 -10.5649 7
      vertex -38.2476 -10.125 2.5
      vertex -38.2476 -10.125 7
    endloop
  endfacet
  facet normal 0.896901 -0.442232 0
    outer loop
      vertex -38.2476 -10.125 2.5
      vertex -38.4645 -10.5649 7
      vertex -38.4645 -10.5649 2.5
    endloop
  endfacet
  facet normal -0.89682 -0.442396 0
    outer loop
      vertex -31.5354 -10.5649 2.5
      vertex -31.7524 -10.125 7
      vertex -31.7524 -10.125 2.5
    endloop
  endfacet
  facet normal -0.89682 -0.442396 0
    outer loop
      vertex -31.7524 -10.125 7
      vertex -31.5354 -10.5649 2.5
      vertex -31.5354 -10.5649 7
    endloop
  endfacet
  facet normal -0.831492 -0.555537 0
    outer loop
      vertex -31.7524 -10.125 2.5
      vertex -32.0249 -9.71714 7
      vertex -32.0249 -9.71714 2.5
    endloop
  endfacet
  facet normal -0.831492 -0.555537 0
    outer loop
      vertex -32.0249 -9.71714 7
      vertex -31.7524 -10.125 2.5
      vertex -31.7524 -10.125 7
    endloop
  endfacet
  facet normal -0.659448 -0.75175 0
    outer loop
      vertex -32.7171 -9.02492 2.5
      vertex -32.3484 -9.34835 7
      vertex -32.7171 -9.02492 7
    endloop
  endfacet
  facet normal -0.659448 -0.75175 -0
    outer loop
      vertex -32.3484 -9.34835 7
      vertex -32.7171 -9.02492 2.5
      vertex -32.3484 -9.34835 2.5
    endloop
  endfacet
  facet normal -0.321428 -0.946934 0
    outer loop
      vertex -34.0294 -8.37778 2.5
      vertex -33.5649 -8.53545 7
      vertex -34.0294 -8.37778 7
    endloop
  endfacet
  facet normal -0.321428 -0.946934 -0
    outer loop
      vertex -33.5649 -8.53545 7
      vertex -34.0294 -8.37778 2.5
      vertex -33.5649 -8.53545 2.5
    endloop
  endfacet
  facet normal -0.065396 -0.997859 0
    outer loop
      vertex -35 -8.25 2.5
      vertex -34.5105 -8.28208 7
      vertex -35 -8.25 7
    endloop
  endfacet
  facet normal -0.065396 -0.997859 -0
    outer loop
      vertex -34.5105 -8.28208 7
      vertex -35 -8.25 2.5
      vertex -34.5105 -8.28208 2.5
    endloop
  endfacet
  facet normal 0.997857 -0.0654366 0
    outer loop
      vertex -38.75 -12 7
      vertex -38.7179 -11.5105 2.5
      vertex -38.7179 -11.5105 7
    endloop
  endfacet
  facet normal 0.997857 -0.0654366 0
    outer loop
      vertex -38.7179 -11.5105 2.5
      vertex -38.75 -12 7
      vertex -38.75 -12 2.5
    endloop
  endfacet
  facet normal 0.751759 -0.659438 0
    outer loop
      vertex -37.9751 -9.71714 7
      vertex -37.6516 -9.34835 2.5
      vertex -37.6516 -9.34835 7
    endloop
  endfacet
  facet normal 0.751759 -0.659438 0
    outer loop
      vertex -37.6516 -9.34835 2.5
      vertex -37.9751 -9.71714 7
      vertex -37.9751 -9.71714 2.5
    endloop
  endfacet
  facet normal 0.442314 -0.89686 0
    outer loop
      vertex -36.875 -8.7524 2.5
      vertex -36.4351 -8.53545 7
      vertex -36.875 -8.7524 7
    endloop
  endfacet
  facet normal 0.442314 -0.89686 0
    outer loop
      vertex -36.4351 -8.53545 7
      vertex -36.875 -8.7524 2.5
      vertex -36.4351 -8.53545 2.5
    endloop
  endfacet
  facet normal 0.195097 -0.980784 0
    outer loop
      vertex -35.9706 -8.37778 2.5
      vertex -35.4895 -8.28208 7
      vertex -35.9706 -8.37778 7
    endloop
  endfacet
  facet normal 0.195097 -0.980784 0
    outer loop
      vertex -35.4895 -8.28208 7
      vertex -35.9706 -8.37778 2.5
      vertex -35.4895 -8.28208 2.5
    endloop
  endfacet
  facet normal -0.997857 0.0654366 0
    outer loop
      vertex -31.2821 -12.4895 2.5
      vertex -31.25 -12 7
      vertex -31.25 -12 2.5
    endloop
  endfacet
  facet normal -0.997857 0.0654366 0
    outer loop
      vertex -31.25 -12 7
      vertex -31.2821 -12.4895 2.5
      vertex -31.2821 -12.4895 7
    endloop
  endfacet
  facet normal -0.0654366 0.997857 0
    outer loop
      vertex -34.5105 -15.7179 2.5
      vertex -35 -15.75 7
      vertex -34.5105 -15.7179 7
    endloop
  endfacet
  facet normal -0.0654366 0.997857 0
    outer loop
      vertex -35 -15.75 7
      vertex -34.5105 -15.7179 2.5
      vertex -35 -15.75 2.5
    endloop
  endfacet
  facet normal -0.751768 0.659428 0
    outer loop
      vertex -32.3484 -14.6517 2.5
      vertex -32.0249 -14.2829 7
      vertex -32.0249 -14.2829 2.5
    endloop
  endfacet
  facet normal -0.751768 0.659428 0
    outer loop
      vertex -32.0249 -14.2829 7
      vertex -32.3484 -14.6517 2.5
      vertex -32.3484 -14.6517 7
    endloop
  endfacet
  facet normal 0.195097 0.980784 -0
    outer loop
      vertex -35.4895 -15.7179 2.5
      vertex -35.9706 -15.6222 7
      vertex -35.4895 -15.7179 7
    endloop
  endfacet
  facet normal 0.195097 0.980784 0
    outer loop
      vertex -35.9706 -15.6222 7
      vertex -35.4895 -15.7179 2.5
      vertex -35.9706 -15.6222 2.5
    endloop
  endfacet
  facet normal 0.659414 0.75178 -0
    outer loop
      vertex -37.2829 -14.9751 2.5
      vertex -37.6516 -14.6517 7
      vertex -37.2829 -14.9751 7
    endloop
  endfacet
  facet normal 0.659414 0.75178 0
    outer loop
      vertex -37.6516 -14.6517 7
      vertex -37.2829 -14.9751 2.5
      vertex -37.6516 -14.6517 2.5
    endloop
  endfacet
  facet normal 0.896901 0.442232 0
    outer loop
      vertex -38.2476 -13.875 7
      vertex -38.4645 -13.4351 2.5
      vertex -38.4645 -13.4351 7
    endloop
  endfacet
  facet normal 0.896901 0.442232 0
    outer loop
      vertex -38.4645 -13.4351 2.5
      vertex -38.2476 -13.875 7
      vertex -38.2476 -13.875 2.5
    endloop
  endfacet
  facet normal 0 0 1
    outer loop
      vertex -32.75 -12 2.5
      vertex -31.25 -12 2.5
      vertex -31.2821 -11.5105 2.5
    endloop
  endfacet
  facet normal 0 0 1
    outer loop
      vertex -32.7692 -11.7063 2.5
      vertex -31.2821 -11.5105 2.5
      vertex -31.3778 -11.0294 2.5
    endloop
  endfacet
  facet normal 0 0 1
    outer loop
      vertex -31.25 -12 2.5
      vertex -32.75 -12 2.5
      vertex -31.2821 -12.4895 2.5
    endloop
  endfacet
  facet normal 0 0 1
    outer loop
      vertex -32.8267 -11.4177 2.5
      vertex -31.3778 -11.0294 2.5
      vertex -31.5354 -10.5649 2.5
    endloop
  endfacet
  facet normal -0 0 1
    outer loop
      vertex -32.7692 -12.2937 2.5
      vertex -31.2821 -12.4895 2.5
      vertex -32.75 -12 2.5
    endloop
  endfacet
  facet normal 0 0 1
    outer loop
      vertex -32.9213 -11.139 2.5
      vertex -31.5354 -10.5649 2.5
      vertex -31.7524 -10.125 2.5
    endloop
  endfacet
  facet normal 0 0 1
    outer loop
      vertex -31.2821 -12.4895 2.5
      vertex -32.7692 -12.2937 2.5
      vertex -31.3778 -12.9706 2.5
    endloop
  endfacet
  facet normal 0 0 1
    outer loop
      vertex -33.0514 -10.875 2.5
      vertex -31.7524 -10.125 2.5
      vertex -32.0249 -9.71714 2.5
    endloop
  endfacet
  facet normal -0 0 1
    outer loop
      vertex -32.8267 -12.5823 2.5
      vertex -31.3778 -12.9706 2.5
      vertex -32.7692 -12.2937 2.5
    endloop
  endfacet
  facet normal 0 0 1
    outer loop
      vertex -33.215 -10.6303 2.5
      vertex -32.0249 -9.71714 2.5
      vertex -32.3484 -9.34835 2.5
    endloop
  endfacet
  facet normal 0 0 1
    outer loop
      vertex -31.3778 -12.9706 2.5
      vertex -32.8267 -12.5823 2.5
      vertex -31.5354 -13.4351 2.5
    endloop
  endfacet
  facet normal 0 0 1
    outer loop
      vertex -33.409 -10.409 2.5
      vertex -32.3484 -9.34835 2.5
      vertex -32.7171 -9.02492 2.5
    endloop
  endfacet
  facet normal -0 0 1
    outer loop
      vertex -32.9213 -12.861 2.5
      vertex -31.5354 -13.4351 2.5
      vertex -32.8267 -12.5823 2.5
    endloop
  endfacet
  facet normal 0 0 1
    outer loop
      vertex -31.5354 -13.4351 2.5
      vertex -32.9213 -12.861 2.5
      vertex -31.7524 -13.875 2.5
    endloop
  endfacet
  facet normal 0 0 1
    outer loop
      vertex -31.2821 -11.5105 2.5
      vertex -32.7692 -11.7063 2.5
      vertex -32.75 -12 2.5
    endloop
  endfacet
  facet normal 0 0 1
    outer loop
      vertex -31.3778 -11.0294 2.5
      vertex -32.8267 -11.4177 2.5
      vertex -32.7692 -11.7063 2.5
    endloop
  endfacet
  facet normal 0 0 1
    outer loop
      vertex -31.5354 -10.5649 2.5
      vertex -32.9213 -11.139 2.5
      vertex -32.8267 -11.4177 2.5
    endloop
  endfacet
  facet normal 0 0 1
    outer loop
      vertex -31.7524 -10.125 2.5
      vertex -33.0514 -10.875 2.5
      vertex -32.9213 -11.139 2.5
    endloop
  endfacet
  facet normal 0 0 1
    outer loop
      vertex -33.6303 -10.215 2.5
      vertex -32.7171 -9.02492 2.5
      vertex -33.125 -8.7524 2.5
    endloop
  endfacet
  facet normal 0 0 1
    outer loop
      vertex -32.0249 -9.71714 2.5
      vertex -33.215 -10.6303 2.5
      vertex -33.0514 -10.875 2.5
    endloop
  endfacet
  facet normal 0 0 1
    outer loop
      vertex -32.3484 -9.34835 2.5
      vertex -33.409 -10.409 2.5
      vertex -33.215 -10.6303 2.5
    endloop
  endfacet
  facet normal 0 0 1
    outer loop
      vertex -33.875 -10.0514 2.5
      vertex -33.125 -8.7524 2.5
      vertex -33.5649 -8.53545 2.5
    endloop
  endfacet
  facet normal 0 0 1
    outer loop
      vertex -32.7171 -9.02492 2.5
      vertex -33.6303 -10.215 2.5
      vertex -33.409 -10.409 2.5
    endloop
  endfacet
  facet normal 0 0 1
    outer loop
      vertex -33.125 -8.7524 2.5
      vertex -33.875 -10.0514 2.5
      vertex -33.6303 -10.215 2.5
    endloop
  endfacet
  facet normal 0 0 1
    outer loop
      vertex -34.139 -9.92127 2.5
      vertex -33.5649 -8.53545 2.5
      vertex -34.0294 -8.37778 2.5
    endloop
  endfacet
  facet normal 0 0 1
    outer loop
      vertex -33.5649 -8.53545 2.5
      vertex -34.139 -9.92127 2.5
      vertex -33.875 -10.0514 2.5
    endloop
  endfacet
  facet normal 0 0 1
    outer loop
      vertex -34.0294 -8.37778 2.5
      vertex -34.4177 -9.82667 2.5
      vertex -34.139 -9.92127 2.5
    endloop
  endfacet
  facet normal 0 0 1
    outer loop
      vertex -34.5105 -8.28208 2.5
      vertex -34.4177 -9.82667 2.5
      vertex -34.0294 -8.37778 2.5
    endloop
  endfacet
  facet normal 0 0 1
    outer loop
      vertex -34.5105 -8.28208 2.5
      vertex -34.7063 -9.76925 2.5
      vertex -34.4177 -9.82667 2.5
    endloop
  endfacet
  facet normal 0 0 1
    outer loop
      vertex -35 -8.25 2.5
      vertex -34.7063 -9.76925 2.5
      vertex -34.5105 -8.28208 2.5
    endloop
  endfacet
  facet normal 0 0 1
    outer loop
      vertex -35 -8.25 2.5
      vertex -35 -9.75 2.5
      vertex -34.7063 -9.76925 2.5
    endloop
  endfacet
  facet normal 0 0 1
    outer loop
      vertex -35 -8.25 2.5
      vertex -35.2937 -9.76925 2.5
      vertex -35 -9.75 2.5
    endloop
  endfacet
  facet normal -0 0 1
    outer loop
      vertex -35.4895 -8.28208 2.5
      vertex -35.2937 -9.76925 2.5
      vertex -35 -8.25 2.5
    endloop
  endfacet
  facet normal 0 0 1
    outer loop
      vertex -35.4895 -8.28208 2.5
      vertex -35.5823 -9.82667 2.5
      vertex -35.2937 -9.76925 2.5
    endloop
  endfacet
  facet normal -0 0 1
    outer loop
      vertex -35.9706 -8.37778 2.5
      vertex -35.5823 -9.82667 2.5
      vertex -35.4895 -8.28208 2.5
    endloop
  endfacet
  facet normal 0 0 1
    outer loop
      vertex -35.5823 -9.82667 2.5
      vertex -35.9706 -8.37778 2.5
      vertex -35.861 -9.92127 2.5
    endloop
  endfacet
  facet normal -0 0 1
    outer loop
      vertex -36.4351 -8.53545 2.5
      vertex -35.861 -9.92127 2.5
      vertex -35.9706 -8.37778 2.5
    endloop
  endfacet
  facet normal 0 0 1
    outer loop
      vertex -35.861 -9.92127 2.5
      vertex -36.4351 -8.53545 2.5
      vertex -36.125 -10.0514 2.5
    endloop
  endfacet
  facet normal -0 0 1
    outer loop
      vertex -36.875 -8.7524 2.5
      vertex -36.125 -10.0514 2.5
      vertex -36.4351 -8.53545 2.5
    endloop
  endfacet
  facet normal 0 0 1
    outer loop
      vertex -36.125 -10.0514 2.5
      vertex -36.875 -8.7524 2.5
      vertex -36.3697 -10.215 2.5
    endloop
  endfacet
  facet normal -0 0 1
    outer loop
      vertex -37.2829 -9.02492 2.5
      vertex -36.3697 -10.215 2.5
      vertex -36.875 -8.7524 2.5
    endloop
  endfacet
  facet normal 0 0 1
    outer loop
      vertex -36.3697 -10.215 2.5
      vertex -37.2829 -9.02492 2.5
      vertex -36.591 -10.409 2.5
    endloop
  endfacet
  facet normal -0 0 1
    outer loop
      vertex -37.6516 -9.34835 2.5
      vertex -36.591 -10.409 2.5
      vertex -37.2829 -9.02492 2.5
    endloop
  endfacet
  facet normal 0 0 1
    outer loop
      vertex -36.591 -10.409 2.5
      vertex -37.6516 -9.34835 2.5
      vertex -36.785 -10.6303 2.5
    endloop
  endfacet
  facet normal -0 0 1
    outer loop
      vertex -37.9751 -9.71714 2.5
      vertex -36.785 -10.6303 2.5
      vertex -37.6516 -9.34835 2.5
    endloop
  endfacet
  facet normal 0 0 1
    outer loop
      vertex -36.785 -10.6303 2.5
      vertex -37.9751 -9.71714 2.5
      vertex -36.9486 -10.875 2.5
    endloop
  endfacet
  facet normal 0 0 1
    outer loop
      vertex -36.9486 -10.875 2.5
      vertex -38.2476 -10.125 2.5
      vertex -37.0787 -11.139 2.5
    endloop
  endfacet
  facet normal -0 0 1
    outer loop
      vertex -38.2476 -10.125 2.5
      vertex -36.9486 -10.875 2.5
      vertex -37.9751 -9.71714 2.5
    endloop
  endfacet
  facet normal -0 0 1
    outer loop
      vertex -33.0514 -13.125 2.5
      vertex -31.7524 -13.875 2.5
      vertex -32.9213 -12.861 2.5
    endloop
  endfacet
  facet normal 0 0 1
    outer loop
      vertex -31.7524 -13.875 2.5
      vertex -33.0514 -13.125 2.5
      vertex -32.0249 -14.2829 2.5
    endloop
  endfacet
  facet normal -0 0 1
    outer loop
      vertex -33.215 -13.3697 2.5
      vertex -32.0249 -14.2829 2.5
      vertex -33.0514 -13.125 2.5
    endloop
  endfacet
  facet normal 0 0 1
    outer loop
      vertex -32.0249 -14.2829 2.5
      vertex -33.215 -13.3697 2.5
      vertex -32.3484 -14.6517 2.5
    endloop
  endfacet
  facet normal -0 0 1
    outer loop
      vertex -33.409 -13.591 2.5
      vertex -32.3484 -14.6517 2.5
      vertex -33.215 -13.3697 2.5
    endloop
  endfacet
  facet normal 0 0 1
    outer loop
      vertex -32.3484 -14.6517 2.5
      vertex -33.409 -13.591 2.5
      vertex -32.7171 -14.9751 2.5
    endloop
  endfacet
  facet normal -0 0 1
    outer loop
      vertex -33.6303 -13.785 2.5
      vertex -32.7171 -14.9751 2.5
      vertex -33.409 -13.591 2.5
    endloop
  endfacet
  facet normal 0 0 1
    outer loop
      vertex -32.7171 -14.9751 2.5
      vertex -33.6303 -13.785 2.5
      vertex -33.125 -15.2476 2.5
    endloop
  endfacet
  facet normal -0 0 1
    outer loop
      vertex -33.875 -13.9486 2.5
      vertex -33.125 -15.2476 2.5
      vertex -33.6303 -13.785 2.5
    endloop
  endfacet
  facet normal 0 0 1
    outer loop
      vertex -33.125 -15.2476 2.5
      vertex -33.875 -13.9486 2.5
      vertex -33.5649 -15.4645 2.5
    endloop
  endfacet
  facet normal -0 0 1
    outer loop
      vertex -34.139 -14.0787 2.5
      vertex -33.5649 -15.4645 2.5
      vertex -33.875 -13.9486 2.5
    endloop
  endfacet
  facet normal 0 0 1
    outer loop
      vertex -33.5649 -15.4645 2.5
      vertex -34.139 -14.0787 2.5
      vertex -34.0294 -15.6222 2.5
    endloop
  endfacet
  facet normal -0 0 1
    outer loop
      vertex -34.4177 -14.1733 2.5
      vertex -34.0294 -15.6222 2.5
      vertex -34.139 -14.0787 2.5
    endloop
  endfacet
  facet normal 0 0 1
    outer loop
      vertex -34.4177 -14.1733 2.5
      vertex -34.5105 -15.7179 2.5
      vertex -34.0294 -15.6222 2.5
    endloop
  endfacet
  facet normal -0 0 1
    outer loop
      vertex -34.7063 -14.2308 2.5
      vertex -34.5105 -15.7179 2.5
      vertex -34.4177 -14.1733 2.5
    endloop
  endfacet
  facet normal -0 0 1
    outer loop
      vertex -35 -14.25 2.5
      vertex -34.5105 -15.7179 2.5
      vertex -34.7063 -14.2308 2.5
    endloop
  endfacet
  facet normal 0 0 1
    outer loop
      vertex -35 -14.25 2.5
      vertex -35 -15.75 2.5
      vertex -34.5105 -15.7179 2.5
    endloop
  endfacet
  facet normal 0 0 1
    outer loop
      vertex -35.2937 -14.2308 2.5
      vertex -35 -15.75 2.5
      vertex -35 -14.25 2.5
    endloop
  endfacet
  facet normal 0 0 1
    outer loop
      vertex -35.2937 -14.2308 2.5
      vertex -35.4895 -15.7179 2.5
      vertex -35 -15.75 2.5
    endloop
  endfacet
  facet normal 0 0 1
    outer loop
      vertex -35.5823 -14.1733 2.5
      vertex -35.4895 -15.7179 2.5
      vertex -35.2937 -14.2308 2.5
    endloop
  endfacet
  facet normal 0 0 1
    outer loop
      vertex -35.9706 -15.6222 2.5
      vertex -35.5823 -14.1733 2.5
      vertex -35.861 -14.0787 2.5
    endloop
  endfacet
  facet normal 0 0 1
    outer loop
      vertex -35.5823 -14.1733 2.5
      vertex -35.9706 -15.6222 2.5
      vertex -35.4895 -15.7179 2.5
    endloop
  endfacet
  facet normal 0 0 1
    outer loop
      vertex -36.4351 -15.4645 2.5
      vertex -35.861 -14.0787 2.5
      vertex -36.125 -13.9486 2.5
    endloop
  endfacet
  facet normal 0 0 1
    outer loop
      vertex -36.875 -15.2476 2.5
      vertex -36.125 -13.9486 2.5
      vertex -36.3697 -13.785 2.5
    endloop
  endfacet
  facet normal 0 0 1
    outer loop
      vertex -35.861 -14.0787 2.5
      vertex -36.4351 -15.4645 2.5
      vertex -35.9706 -15.6222 2.5
    endloop
  endfacet
  facet normal 0 0 1
    outer loop
      vertex -37.2829 -14.9751 2.5
      vertex -36.3697 -13.785 2.5
      vertex -36.591 -13.591 2.5
    endloop
  endfacet
  facet normal 0 0 1
    outer loop
      vertex -37.6516 -14.6517 2.5
      vertex -36.591 -13.591 2.5
      vertex -36.785 -13.3697 2.5
    endloop
  endfacet
  facet normal 0 0 1
    outer loop
      vertex -36.125 -13.9486 2.5
      vertex -36.875 -15.2476 2.5
      vertex -36.4351 -15.4645 2.5
    endloop
  endfacet
  facet normal 0 0 1
    outer loop
      vertex -37.9751 -14.2829 2.5
      vertex -36.785 -13.3697 2.5
      vertex -36.9486 -13.125 2.5
    endloop
  endfacet
  facet normal 0 0 1
    outer loop
      vertex -38.2476 -13.875 2.5
      vertex -36.9486 -13.125 2.5
      vertex -37.0787 -12.861 2.5
    endloop
  endfacet
  facet normal 0 0 1
    outer loop
      vertex -38.4645 -13.4351 2.5
      vertex -37.0787 -12.861 2.5
      vertex -37.1733 -12.5823 2.5
    endloop
  endfacet
  facet normal 0 0 1
    outer loop
      vertex -38.6222 -12.9706 2.5
      vertex -37.1733 -12.5823 2.5
      vertex -37.2308 -12.2937 2.5
    endloop
  endfacet
  facet normal 0 0 1
    outer loop
      vertex -36.3697 -13.785 2.5
      vertex -37.2829 -14.9751 2.5
      vertex -36.875 -15.2476 2.5
    endloop
  endfacet
  facet normal 0 0 1
    outer loop
      vertex -38.7179 -12.4895 2.5
      vertex -37.2308 -12.2937 2.5
      vertex -37.25 -12 2.5
    endloop
  endfacet
  facet normal -0 0 1
    outer loop
      vertex -38.4645 -10.5649 2.5
      vertex -37.0787 -11.139 2.5
      vertex -38.2476 -10.125 2.5
    endloop
  endfacet
  facet normal 0 0 1
    outer loop
      vertex -37.0787 -11.139 2.5
      vertex -38.4645 -10.5649 2.5
      vertex -37.1733 -11.4177 2.5
    endloop
  endfacet
  facet normal 0 0 1
    outer loop
      vertex -36.591 -13.591 2.5
      vertex -37.6516 -14.6517 2.5
      vertex -37.2829 -14.9751 2.5
    endloop
  endfacet
  facet normal -0 0 1
    outer loop
      vertex -38.6222 -11.0294 2.5
      vertex -37.1733 -11.4177 2.5
      vertex -38.4645 -10.5649 2.5
    endloop
  endfacet
  facet normal 0 0 1
    outer loop
      vertex -36.785 -13.3697 2.5
      vertex -37.9751 -14.2829 2.5
      vertex -37.6516 -14.6517 2.5
    endloop
  endfacet
  facet normal 0 0 1
    outer loop
      vertex -37.1733 -11.4177 2.5
      vertex -38.6222 -11.0294 2.5
      vertex -37.2308 -11.7063 2.5
    endloop
  endfacet
  facet normal 0 0 1
    outer loop
      vertex -36.9486 -13.125 2.5
      vertex -38.2476 -13.875 2.5
      vertex -37.9751 -14.2829 2.5
    endloop
  endfacet
  facet normal -0 0 1
    outer loop
      vertex -38.7179 -11.5105 2.5
      vertex -37.2308 -11.7063 2.5
      vertex -38.6222 -11.0294 2.5
    endloop
  endfacet
  facet normal 0 0 1
    outer loop
      vertex -37.0787 -12.861 2.5
      vertex -38.4645 -13.4351 2.5
      vertex -38.2476 -13.875 2.5
    endloop
  endfacet
  facet normal 0 0 1
    outer loop
      vertex -37.2308 -11.7063 2.5
      vertex -38.7179 -11.5105 2.5
      vertex -37.25 -12 2.5
    endloop
  endfacet
  facet normal 0 0 1
    outer loop
      vertex -37.1733 -12.5823 2.5
      vertex -38.6222 -12.9706 2.5
      vertex -38.4645 -13.4351 2.5
    endloop
  endfacet
  facet normal 0 0 1
    outer loop
      vertex -38.75 -12 2.5
      vertex -37.25 -12 2.5
      vertex -38.7179 -11.5105 2.5
    endloop
  endfacet
  facet normal 0 0 1
    outer loop
      vertex -37.2308 -12.2937 2.5
      vertex -38.7179 -12.4895 2.5
      vertex -38.6222 -12.9706 2.5
    endloop
  endfacet
  facet normal 0 0 1
    outer loop
      vertex -37.25 -12 2.5
      vertex -38.75 -12 2.5
      vertex -38.7179 -12.4895 2.5
    endloop
  endfacet
  facet normal -0.980784 -0.195097 0
    outer loop
      vertex -31.2821 -11.5105 2.5
      vertex -31.3778 -11.0294 7
      vertex -31.3778 -11.0294 2.5
    endloop
  endfacet
  facet normal -0.980784 -0.195097 0
    outer loop
      vertex -31.3778 -11.0294 7
      vertex -31.2821 -11.5105 2.5
      vertex -31.2821 -11.5105 7
    endloop
  endfacet
  facet normal -0.946978 -0.3213 0
    outer loop
      vertex -31.3778 -11.0294 2.5
      vertex -31.5354 -10.5649 7
      vertex -31.5354 -10.5649 2.5
    endloop
  endfacet
  facet normal -0.946978 -0.3213 0
    outer loop
      vertex -31.5354 -10.5649 7
      vertex -31.3778 -11.0294 2.5
      vertex -31.3778 -11.0294 7
    endloop
  endfacet
  facet normal -0.751759 -0.659438 0
    outer loop
      vertex -32.0249 -9.71714 2.5
      vertex -32.3484 -9.34835 7
      vertex -32.3484 -9.34835 2.5
    endloop
  endfacet
  facet normal -0.751759 -0.659438 0
    outer loop
      vertex -32.3484 -9.34835 7
      vertex -32.0249 -9.71714 2.5
      vertex -32.0249 -9.71714 7
    endloop
  endfacet
  facet normal -0.442314 -0.89686 0
    outer loop
      vertex -33.5649 -8.53545 2.5
      vertex -33.125 -8.7524 7
      vertex -33.5649 -8.53545 7
    endloop
  endfacet
  facet normal -0.442314 -0.89686 -0
    outer loop
      vertex -33.125 -8.7524 7
      vertex -33.5649 -8.53545 2.5
      vertex -33.125 -8.7524 2.5
    endloop
  endfacet
  facet normal 0.065396 -0.997859 0
    outer loop
      vertex -35.4895 -8.28208 2.5
      vertex -35 -8.25 7
      vertex -35.4895 -8.28208 7
    endloop
  endfacet
  facet normal 0.065396 -0.997859 0
    outer loop
      vertex -35 -8.25 7
      vertex -35.4895 -8.28208 2.5
      vertex -35 -8.25 2.5
    endloop
  endfacet
  facet normal -0.195097 -0.980784 0
    outer loop
      vertex -34.5105 -8.28208 2.5
      vertex -34.0294 -8.37778 7
      vertex -34.5105 -8.28208 7
    endloop
  endfacet
  facet normal -0.195097 -0.980784 -0
    outer loop
      vertex -34.0294 -8.37778 7
      vertex -34.5105 -8.28208 2.5
      vertex -34.0294 -8.37778 2.5
    endloop
  endfacet
  facet normal 0.946916 -0.321482 0
    outer loop
      vertex -38.6222 -11.0294 7
      vertex -38.4645 -10.5649 2.5
      vertex -38.4645 -10.5649 7
    endloop
  endfacet
  facet normal 0.946916 -0.321482 0
    outer loop
      vertex -38.4645 -10.5649 2.5
      vertex -38.6222 -11.0294 7
      vertex -38.6222 -11.0294 2.5
    endloop
  endfacet
  facet normal 0.980784 -0.195097 0
    outer loop
      vertex -38.7179 -11.5105 7
      vertex -38.6222 -11.0294 2.5
      vertex -38.6222 -11.0294 7
    endloop
  endfacet
  facet normal 0.980784 -0.195097 0
    outer loop
      vertex -38.6222 -11.0294 2.5
      vertex -38.7179 -11.5105 7
      vertex -38.7179 -11.5105 2.5
    endloop
  endfacet
  facet normal 0.831492 -0.555537 0
    outer loop
      vertex -38.2476 -10.125 7
      vertex -37.9751 -9.71714 2.5
      vertex -37.9751 -9.71714 7
    endloop
  endfacet
  facet normal 0.831492 -0.555537 0
    outer loop
      vertex -37.9751 -9.71714 2.5
      vertex -38.2476 -10.125 7
      vertex -38.2476 -10.125 2.5
    endloop
  endfacet
  facet normal 0.555528 -0.831498 0
    outer loop
      vertex -37.2829 -9.02492 2.5
      vertex -36.875 -8.7524 7
      vertex -37.2829 -9.02492 7
    endloop
  endfacet
  facet normal 0.555528 -0.831498 0
    outer loop
      vertex -36.875 -8.7524 7
      vertex -37.2829 -9.02492 2.5
      vertex -36.875 -8.7524 2.5
    endloop
  endfacet
  facet normal 0.659448 -0.75175 0
    outer loop
      vertex -37.6516 -9.34835 2.5
      vertex -37.2829 -9.02492 7
      vertex -37.6516 -9.34835 7
    endloop
  endfacet
  facet normal 0.659448 -0.75175 0
    outer loop
      vertex -37.2829 -9.02492 7
      vertex -37.6516 -9.34835 2.5
      vertex -37.2829 -9.02492 2.5
    endloop
  endfacet
  facet normal -0.997857 -0.0654366 0
    outer loop
      vertex -31.25 -12 2.5
      vertex -31.2821 -11.5105 7
      vertex -31.2821 -11.5105 2.5
    endloop
  endfacet
  facet normal -0.997857 -0.0654366 0
    outer loop
      vertex -31.2821 -11.5105 7
      vertex -31.25 -12 2.5
      vertex -31.25 -12 7
    endloop
  endfacet
  facet normal -0.195097 0.980784 0
    outer loop
      vertex -34.0294 -15.6222 2.5
      vertex -34.5105 -15.7179 7
      vertex -34.0294 -15.6222 7
    endloop
  endfacet
  facet normal -0.195097 0.980784 0
    outer loop
      vertex -34.5105 -15.7179 7
      vertex -34.0294 -15.6222 2.5
      vertex -34.5105 -15.7179 2.5
    endloop
  endfacet
  facet normal -0.659414 0.75178 0
    outer loop
      vertex -32.3484 -14.6517 2.5
      vertex -32.7171 -14.9751 7
      vertex -32.3484 -14.6517 7
    endloop
  endfacet
  facet normal -0.659414 0.75178 0
    outer loop
      vertex -32.7171 -14.9751 7
      vertex -32.3484 -14.6517 2.5
      vertex -32.7171 -14.9751 2.5
    endloop
  endfacet
  facet normal -0.442232 0.896901 0
    outer loop
      vertex -33.125 -15.2476 2.5
      vertex -33.5649 -15.4645 7
      vertex -33.125 -15.2476 7
    endloop
  endfacet
  facet normal -0.442232 0.896901 0
    outer loop
      vertex -33.5649 -15.4645 7
      vertex -33.125 -15.2476 2.5
      vertex -33.5649 -15.4645 2.5
    endloop
  endfacet
  facet normal -0.89682 0.442396 0
    outer loop
      vertex -31.7524 -13.875 2.5
      vertex -31.5354 -13.4351 7
      vertex -31.5354 -13.4351 2.5
    endloop
  endfacet
  facet normal -0.89682 0.442396 0
    outer loop
      vertex -31.5354 -13.4351 7
      vertex -31.7524 -13.875 2.5
      vertex -31.7524 -13.875 7
    endloop
  endfacet
  facet normal 0.0654366 0.997857 -0
    outer loop
      vertex -35 -15.75 2.5
      vertex -35.4895 -15.7179 7
      vertex -35 -15.75 7
    endloop
  endfacet
  facet normal 0.0654366 0.997857 0
    outer loop
      vertex -35.4895 -15.7179 7
      vertex -35 -15.75 2.5
      vertex -35.4895 -15.7179 2.5
    endloop
  endfacet
  facet normal 0.442232 0.896901 -0
    outer loop
      vertex -36.4351 -15.4645 2.5
      vertex -36.875 -15.2476 7
      vertex -36.4351 -15.4645 7
    endloop
  endfacet
  facet normal 0.442232 0.896901 0
    outer loop
      vertex -36.875 -15.2476 7
      vertex -36.4351 -15.4645 2.5
      vertex -36.875 -15.2476 2.5
    endloop
  endfacet
  facet normal 0.946916 0.321482 0
    outer loop
      vertex -38.4645 -13.4351 7
      vertex -38.6222 -12.9706 2.5
      vertex -38.6222 -12.9706 7
    endloop
  endfacet
  facet normal 0.946916 0.321482 0
    outer loop
      vertex -38.6222 -12.9706 2.5
      vertex -38.4645 -13.4351 7
      vertex -38.4645 -13.4351 2.5
    endloop
  endfacet
  facet normal 0.997857 0.0654366 0
    outer loop
      vertex -38.7179 -12.4895 7
      vertex -38.75 -12 2.5
      vertex -38.75 -12 7
    endloop
  endfacet
  facet normal 0.997857 0.0654366 0
    outer loop
      vertex -38.75 -12 2.5
      vertex -38.7179 -12.4895 7
      vertex -38.7179 -12.4895 2.5
    endloop
  endfacet
  facet normal 0.831517 0.5555 0
    outer loop
      vertex -37.9751 -14.2829 7
      vertex -38.2476 -13.875 2.5
      vertex -38.2476 -13.875 7
    endloop
  endfacet
  facet normal 0.831517 0.5555 0
    outer loop
      vertex -38.2476 -13.875 2.5
      vertex -37.9751 -14.2829 7
      vertex -37.9751 -14.2829 2.5
    endloop
  endfacet
  facet normal 0.751768 0.659428 0
    outer loop
      vertex -37.6516 -14.6517 7
      vertex -37.9751 -14.2829 2.5
      vertex -37.9751 -14.2829 7
    endloop
  endfacet
  facet normal 0.751768 0.659428 0
    outer loop
      vertex -37.9751 -14.2829 2.5
      vertex -37.6516 -14.6517 7
      vertex -37.6516 -14.6517 2.5
    endloop
  endfacet
  facet normal -0.980784 0.195097 0
    outer loop
      vertex -31.3778 -12.9706 2.5
      vertex -31.2821 -12.4895 7
      vertex -31.2821 -12.4895 2.5
    endloop
  endfacet
  facet normal -0.980784 0.195097 0
    outer loop
      vertex -31.2821 -12.4895 7
      vertex -31.3778 -12.9706 2.5
      vertex -31.3778 -12.9706 7
    endloop
  endfacet
  facet normal -0.946978 0.3213 0
    outer loop
      vertex -31.5354 -13.4351 2.5
      vertex -31.3778 -12.9706 7
      vertex -31.3778 -12.9706 2.5
    endloop
  endfacet
  facet normal -0.946978 0.3213 0
    outer loop
      vertex -31.3778 -12.9706 7
      vertex -31.5354 -13.4351 2.5
      vertex -31.5354 -13.4351 7
    endloop
  endfacet
  facet normal -0.321482 0.946916 0
    outer loop
      vertex -33.5649 -15.4645 2.5
      vertex -34.0294 -15.6222 7
      vertex -33.5649 -15.4645 7
    endloop
  endfacet
  facet normal -0.321482 0.946916 0
    outer loop
      vertex -34.0294 -15.6222 7
      vertex -33.5649 -15.4645 2.5
      vertex -34.0294 -15.6222 2.5
    endloop
  endfacet
  facet normal -0.5555 0.831517 0
    outer loop
      vertex -32.7171 -14.9751 2.5
      vertex -33.125 -15.2476 7
      vertex -32.7171 -14.9751 7
    endloop
  endfacet
  facet normal -0.5555 0.831517 0
    outer loop
      vertex -33.125 -15.2476 7
      vertex -32.7171 -14.9751 2.5
      vertex -33.125 -15.2476 2.5
    endloop
  endfacet
  facet normal -0.831517 0.5555 0
    outer loop
      vertex -32.0249 -14.2829 2.5
      vertex -31.7524 -13.875 7
      vertex -31.7524 -13.875 2.5
    endloop
  endfacet
  facet normal -0.831517 0.5555 0
    outer loop
      vertex -31.7524 -13.875 7
      vertex -32.0249 -14.2829 2.5
      vertex -32.0249 -14.2829 7
    endloop
  endfacet
  facet normal 0.5555 0.831517 -0
    outer loop
      vertex -36.875 -15.2476 2.5
      vertex -37.2829 -14.9751 7
      vertex -36.875 -15.2476 7
    endloop
  endfacet
  facet normal 0.5555 0.831517 0
    outer loop
      vertex -37.2829 -14.9751 7
      vertex -36.875 -15.2476 2.5
      vertex -37.2829 -14.9751 2.5
    endloop
  endfacet
  facet normal 0.980784 0.195097 0
    outer loop
      vertex -38.6222 -12.9706 7
      vertex -38.7179 -12.4895 2.5
      vertex -38.7179 -12.4895 7
    endloop
  endfacet
  facet normal 0.980784 0.195097 0
    outer loop
      vertex -38.7179 -12.4895 2.5
      vertex -38.6222 -12.9706 7
      vertex -38.6222 -12.9706 2.5
    endloop
  endfacet
  facet normal -0.99787 -0.0652336 0
    outer loop
      vertex -32.75 12 0
      vertex -32.7692 12.2937 2.5
      vertex -32.7692 12.2937 0
    endloop
  endfacet
  facet normal -0.99787 -0.0652336 0
    outer loop
      vertex -32.7692 12.2937 2.5
      vertex -32.75 12 0
      vertex -32.75 12 2.5
    endloop
  endfacet
  facet normal 0.99787 -0.0652336 0
    outer loop
      vertex -37.25 12 2.5
      vertex -37.2308 12.2937 0
      vertex -37.2308 12.2937 2.5
    endloop
  endfacet
  facet normal 0.99787 -0.0652336 0
    outer loop
      vertex -37.2308 12.2937 0
      vertex -37.25 12 2.5
      vertex -37.25 12 0
    endloop
  endfacet
  facet normal -0.0652336 -0.99787 0
    outer loop
      vertex -35 14.25 0
      vertex -34.7063 14.2308 2.5
      vertex -35 14.25 2.5
    endloop
  endfacet
  facet normal -0.0652336 -0.99787 -0
    outer loop
      vertex -34.7063 14.2308 2.5
      vertex -35 14.25 0
      vertex -34.7063 14.2308 0
    endloop
  endfacet
  facet normal -0.751966 -0.659202 0
    outer loop
      vertex -33.215 13.3697 0
      vertex -33.409 13.591 2.5
      vertex -33.409 13.591 0
    endloop
  endfacet
  facet normal -0.751966 -0.659202 0
    outer loop
      vertex -33.409 13.591 2.5
      vertex -33.215 13.3697 0
      vertex -33.215 13.3697 2.5
    endloop
  endfacet
  facet normal 0.659202 -0.751966 0
    outer loop
      vertex -36.591 13.591 0
      vertex -36.3697 13.785 2.5
      vertex -36.591 13.591 2.5
    endloop
  endfacet
  facet normal 0.659202 -0.751966 0
    outer loop
      vertex -36.3697 13.785 2.5
      vertex -36.591 13.591 0
      vertex -36.3697 13.785 0
    endloop
  endfacet
  facet normal 0.321421 -0.946936 0
    outer loop
      vertex -35.861 14.0787 0
      vertex -35.5823 14.1733 2.5
      vertex -35.861 14.0787 2.5
    endloop
  endfacet
  facet normal 0.321421 -0.946936 0
    outer loop
      vertex -35.5823 14.1733 2.5
      vertex -35.861 14.0787 0
      vertex -35.5823 14.1733 0
    endloop
  endfacet
  facet normal -0.896995 -0.442042 0
    outer loop
      vertex -32.9213 12.861 0
      vertex -33.0514 13.125 2.5
      vertex -33.0514 13.125 0
    endloop
  endfacet
  facet normal -0.896995 -0.442042 0
    outer loop
      vertex -33.0514 13.125 2.5
      vertex -32.9213 12.861 0
      vertex -32.9213 12.861 2.5
    endloop
  endfacet
  facet normal -0.831318 -0.555797 0
    outer loop
      vertex -33.0514 13.125 0
      vertex -33.215 13.3697 2.5
      vertex -33.215 13.3697 0
    endloop
  endfacet
  facet normal -0.831318 -0.555797 0
    outer loop
      vertex -33.215 13.3697 2.5
      vertex -33.0514 13.125 0
      vertex -33.0514 13.125 2.5
    endloop
  endfacet
  facet normal -0.442042 -0.896995 0
    outer loop
      vertex -34.139 14.0787 0
      vertex -33.875 13.9486 2.5
      vertex -34.139 14.0787 2.5
    endloop
  endfacet
  facet normal -0.442042 -0.896995 -0
    outer loop
      vertex -33.875 13.9486 2.5
      vertex -34.139 14.0787 0
      vertex -33.875 13.9486 0
    endloop
  endfacet
  facet normal -0.321421 -0.946936 0
    outer loop
      vertex -34.4177 14.1733 0
      vertex -34.139 14.0787 2.5
      vertex -34.4177 14.1733 2.5
    endloop
  endfacet
  facet normal -0.321421 -0.946936 -0
    outer loop
      vertex -34.139 14.0787 2.5
      vertex -34.4177 14.1733 0
      vertex -34.139 14.0787 0
    endloop
  endfacet
  facet normal -0.659202 -0.751966 0
    outer loop
      vertex -33.6303 13.785 0
      vertex -33.409 13.591 2.5
      vertex -33.6303 13.785 2.5
    endloop
  endfacet
  facet normal -0.659202 -0.751966 -0
    outer loop
      vertex -33.409 13.591 2.5
      vertex -33.6303 13.785 0
      vertex -33.409 13.591 0
    endloop
  endfacet
  facet normal 0.896995 -0.442042 0
    outer loop
      vertex -37.0787 12.861 2.5
      vertex -36.9486 13.125 0
      vertex -36.9486 13.125 2.5
    endloop
  endfacet
  facet normal 0.896995 -0.442042 0
    outer loop
      vertex -36.9486 13.125 0
      vertex -37.0787 12.861 2.5
      vertex -37.0787 12.861 0
    endloop
  endfacet
  facet normal 0.831318 -0.555797 0
    outer loop
      vertex -36.9486 13.125 2.5
      vertex -36.785 13.3697 0
      vertex -36.785 13.3697 2.5
    endloop
  endfacet
  facet normal 0.831318 -0.555797 0
    outer loop
      vertex -36.785 13.3697 0
      vertex -36.9486 13.125 2.5
      vertex -36.9486 13.125 0
    endloop
  endfacet
  facet normal 0.946936 -0.321421 0
    outer loop
      vertex -37.1733 12.5823 2.5
      vertex -37.0787 12.861 0
      vertex -37.0787 12.861 2.5
    endloop
  endfacet
  facet normal 0.946936 -0.321421 0
    outer loop
      vertex -37.0787 12.861 0
      vertex -37.1733 12.5823 2.5
      vertex -37.1733 12.5823 0
    endloop
  endfacet
  facet normal 0.442042 -0.896995 0
    outer loop
      vertex -36.125 13.9486 0
      vertex -35.861 14.0787 2.5
      vertex -36.125 13.9486 2.5
    endloop
  endfacet
  facet normal 0.442042 -0.896995 0
    outer loop
      vertex -35.861 14.0787 2.5
      vertex -36.125 13.9486 0
      vertex -35.861 14.0787 0
    endloop
  endfacet
  facet normal 0.0652336 -0.99787 0
    outer loop
      vertex -35.2937 14.2308 0
      vertex -35 14.25 2.5
      vertex -35.2937 14.2308 2.5
    endloop
  endfacet
  facet normal 0.0652336 -0.99787 0
    outer loop
      vertex -35 14.25 2.5
      vertex -35.2937 14.2308 0
      vertex -35 14.25 0
    endloop
  endfacet
  facet normal -0.195136 0.980776 0
    outer loop
      vertex -34.4177 9.82667 0
      vertex -34.7063 9.76925 2.5
      vertex -34.4177 9.82667 2.5
    endloop
  endfacet
  facet normal -0.195136 0.980776 0
    outer loop
      vertex -34.7063 9.76925 2.5
      vertex -34.4177 9.82667 0
      vertex -34.7063 9.76925 0
    endloop
  endfacet
  facet normal -0.946936 -0.321421 0
    outer loop
      vertex -32.8267 12.5823 0
      vertex -32.9213 12.861 2.5
      vertex -32.9213 12.861 0
    endloop
  endfacet
  facet normal -0.946936 -0.321421 0
    outer loop
      vertex -32.9213 12.861 2.5
      vertex -32.8267 12.5823 0
      vertex -32.8267 12.5823 2.5
    endloop
  endfacet
  facet normal -0.980724 -0.195397 0
    outer loop
      vertex -32.7692 12.2937 0
      vertex -32.8267 12.5823 2.5
      vertex -32.8267 12.5823 0
    endloop
  endfacet
  facet normal -0.980724 -0.195397 0
    outer loop
      vertex -32.8267 12.5823 2.5
      vertex -32.7692 12.2937 0
      vertex -32.7692 12.2937 2.5
    endloop
  endfacet
  facet normal -0.195397 -0.980724 0
    outer loop
      vertex -34.7063 14.2308 0
      vertex -34.4177 14.1733 2.5
      vertex -34.7063 14.2308 2.5
    endloop
  endfacet
  facet normal -0.195397 -0.980724 -0
    outer loop
      vertex -34.4177 14.1733 2.5
      vertex -34.7063 14.2308 0
      vertex -34.4177 14.1733 0
    endloop
  endfacet
  facet normal 0.751966 -0.659202 0
    outer loop
      vertex -36.785 13.3697 2.5
      vertex -36.591 13.591 0
      vertex -36.591 13.591 2.5
    endloop
  endfacet
  facet normal 0.751966 -0.659202 0
    outer loop
      vertex -36.591 13.591 0
      vertex -36.785 13.3697 2.5
      vertex -36.785 13.3697 0
    endloop
  endfacet
  facet normal 0.195397 -0.980724 0
    outer loop
      vertex -35.5823 14.1733 0
      vertex -35.2937 14.2308 2.5
      vertex -35.5823 14.1733 2.5
    endloop
  endfacet
  facet normal 0.195397 -0.980724 0
    outer loop
      vertex -35.2937 14.2308 2.5
      vertex -35.5823 14.1733 0
      vertex -35.2937 14.2308 0
    endloop
  endfacet
  facet normal -0.946936 0.321421 0
    outer loop
      vertex -32.9213 11.139 0
      vertex -32.8267 11.4177 2.5
      vertex -32.8267 11.4177 0
    endloop
  endfacet
  facet normal -0.946936 0.321421 0
    outer loop
      vertex -32.8267 11.4177 2.5
      vertex -32.9213 11.139 0
      vertex -32.9213 11.139 2.5
    endloop
  endfacet
  facet normal -0.980724 0.195397 0
    outer loop
      vertex -32.8267 11.4177 0
      vertex -32.7692 11.7063 2.5
      vertex -32.7692 11.7063 0
    endloop
  endfacet
  facet normal -0.980724 0.195397 0
    outer loop
      vertex -32.7692 11.7063 2.5
      vertex -32.8267 11.4177 0
      vertex -32.8267 11.4177 2.5
    endloop
  endfacet
  facet normal 0.946936 0.321421 0
    outer loop
      vertex -37.0787 11.139 2.5
      vertex -37.1733 11.4177 0
      vertex -37.1733 11.4177 2.5
    endloop
  endfacet
  facet normal 0.946936 0.321421 0
    outer loop
      vertex -37.1733 11.4177 0
      vertex -37.0787 11.139 2.5
      vertex -37.0787 11.139 0
    endloop
  endfacet
  facet normal -0.442124 0.896954 0
    outer loop
      vertex -33.875 10.0514 0
      vertex -34.139 9.92127 2.5
      vertex -33.875 10.0514 2.5
    endloop
  endfacet
  facet normal -0.442124 0.896954 0
    outer loop
      vertex -34.139 9.92127 2.5
      vertex -33.875 10.0514 0
      vertex -34.139 9.92127 0
    endloop
  endfacet
  facet normal -0.321421 0.946936 0
    outer loop
      vertex -34.139 9.92127 0
      vertex -34.4177 9.82667 2.5
      vertex -34.139 9.92127 2.5
    endloop
  endfacet
  facet normal -0.321421 0.946936 0
    outer loop
      vertex -34.4177 9.82667 2.5
      vertex -34.139 9.92127 0
      vertex -34.4177 9.82667 0
    endloop
  endfacet
  facet normal -0.555797 -0.831318 0
    outer loop
      vertex -33.875 13.9486 0
      vertex -33.6303 13.785 2.5
      vertex -33.875 13.9486 2.5
    endloop
  endfacet
  facet normal -0.555797 -0.831318 -0
    outer loop
      vertex -33.6303 13.785 2.5
      vertex -33.875 13.9486 0
      vertex -33.6303 13.785 0
    endloop
  endfacet
  facet normal 0.980724 -0.195397 0
    outer loop
      vertex -37.2308 12.2937 2.5
      vertex -37.1733 12.5823 0
      vertex -37.1733 12.5823 2.5
    endloop
  endfacet
  facet normal 0.980724 -0.195397 0
    outer loop
      vertex -37.1733 12.5823 0
      vertex -37.2308 12.2937 2.5
      vertex -37.2308 12.2937 0
    endloop
  endfacet
  facet normal 0.555797 -0.831318 0
    outer loop
      vertex -36.3697 13.785 0
      vertex -36.125 13.9486 2.5
      vertex -36.3697 13.785 2.5
    endloop
  endfacet
  facet normal 0.555797 -0.831318 0
    outer loop
      vertex -36.125 13.9486 2.5
      vertex -36.3697 13.785 0
      vertex -36.125 13.9486 0
    endloop
  endfacet
  facet normal -0.555797 0.831318 0
    outer loop
      vertex -33.6303 10.215 0
      vertex -33.875 10.0514 2.5
      vertex -33.6303 10.215 2.5
    endloop
  endfacet
  facet normal -0.555797 0.831318 0
    outer loop
      vertex -33.875 10.0514 2.5
      vertex -33.6303 10.215 0
      vertex -33.875 10.0514 0
    endloop
  endfacet
  facet normal -0.751966 0.659202 0
    outer loop
      vertex -33.409 10.409 0
      vertex -33.215 10.6303 2.5
      vertex -33.215 10.6303 0
    endloop
  endfacet
  facet normal -0.751966 0.659202 0
    outer loop
      vertex -33.215 10.6303 2.5
      vertex -33.409 10.409 0
      vertex -33.409 10.409 2.5
    endloop
  endfacet
  facet normal -0.831318 0.555797 0
    outer loop
      vertex -33.215 10.6303 0
      vertex -33.0514 10.875 2.5
      vertex -33.0514 10.875 0
    endloop
  endfacet
  facet normal -0.831318 0.555797 0
    outer loop
      vertex -33.0514 10.875 2.5
      vertex -33.215 10.6303 0
      vertex -33.215 10.6303 2.5
    endloop
  endfacet
  facet normal -0.99787 0.0652336 0
    outer loop
      vertex -32.7692 11.7063 0
      vertex -32.75 12 2.5
      vertex -32.75 12 0
    endloop
  endfacet
  facet normal -0.99787 0.0652336 0
    outer loop
      vertex -32.75 12 2.5
      vertex -32.7692 11.7063 0
      vertex -32.7692 11.7063 2.5
    endloop
  endfacet
  facet normal 0.0654027 0.997859 -0
    outer loop
      vertex -35 9.75 0
      vertex -35.2937 9.76925 2.5
      vertex -35 9.75 2.5
    endloop
  endfacet
  facet normal 0.0654027 0.997859 0
    outer loop
      vertex -35.2937 9.76925 2.5
      vertex -35 9.75 0
      vertex -35.2937 9.76925 0
    endloop
  endfacet
  facet normal 0.751966 0.659202 0
    outer loop
      vertex -36.591 10.409 2.5
      vertex -36.785 10.6303 0
      vertex -36.785 10.6303 2.5
    endloop
  endfacet
  facet normal 0.751966 0.659202 0
    outer loop
      vertex -36.785 10.6303 0
      vertex -36.591 10.409 2.5
      vertex -36.591 10.409 0
    endloop
  endfacet
  facet normal 0.896995 0.442042 0
    outer loop
      vertex -36.9486 10.875 2.5
      vertex -37.0787 11.139 0
      vertex -37.0787 11.139 2.5
    endloop
  endfacet
  facet normal 0.896995 0.442042 0
    outer loop
      vertex -37.0787 11.139 0
      vertex -36.9486 10.875 2.5
      vertex -36.9486 10.875 0
    endloop
  endfacet
  facet normal 0.99787 0.0652336 0
    outer loop
      vertex -37.2308 11.7063 2.5
      vertex -37.25 12 0
      vertex -37.25 12 2.5
    endloop
  endfacet
  facet normal 0.99787 0.0652336 0
    outer loop
      vertex -37.25 12 0
      vertex -37.2308 11.7063 2.5
      vertex -37.2308 11.7063 0
    endloop
  endfacet
  facet normal -0.659202 0.751966 0
    outer loop
      vertex -33.409 10.409 0
      vertex -33.6303 10.215 2.5
      vertex -33.409 10.409 2.5
    endloop
  endfacet
  facet normal -0.659202 0.751966 0
    outer loop
      vertex -33.6303 10.215 2.5
      vertex -33.409 10.409 0
      vertex -33.6303 10.215 0
    endloop
  endfacet
  facet normal -0.896995 0.442042 0
    outer loop
      vertex -33.0514 10.875 0
      vertex -32.9213 11.139 2.5
      vertex -32.9213 11.139 0
    endloop
  endfacet
  facet normal -0.896995 0.442042 0
    outer loop
      vertex -32.9213 11.139 2.5
      vertex -33.0514 10.875 0
      vertex -33.0514 10.875 2.5
    endloop
  endfacet
  facet normal -0.0654027 0.997859 0
    outer loop
      vertex -34.7063 9.76925 0
      vertex -35 9.75 2.5
      vertex -34.7063 9.76925 2.5
    endloop
  endfacet
  facet normal -0.0654027 0.997859 0
    outer loop
      vertex -35 9.75 2.5
      vertex -34.7063 9.76925 0
      vertex -35 9.75 0
    endloop
  endfacet
  facet normal 0.442124 0.896954 -0
    outer loop
      vertex -35.861 9.92127 0
      vertex -36.125 10.0514 2.5
      vertex -35.861 9.92127 2.5
    endloop
  endfacet
  facet normal 0.442124 0.896954 0
    outer loop
      vertex -36.125 10.0514 2.5
      vertex -35.861 9.92127 0
      vertex -36.125 10.0514 0
    endloop
  endfacet
  facet normal 0.659202 0.751966 -0
    outer loop
      vertex -36.3697 10.215 0
      vertex -36.591 10.409 2.5
      vertex -36.3697 10.215 2.5
    endloop
  endfacet
  facet normal 0.659202 0.751966 0
    outer loop
      vertex -36.591 10.409 2.5
      vertex -36.3697 10.215 0
      vertex -36.591 10.409 0
    endloop
  endfacet
  facet normal 0.831318 0.555797 0
    outer loop
      vertex -36.785 10.6303 2.5
      vertex -36.9486 10.875 0
      vertex -36.9486 10.875 2.5
    endloop
  endfacet
  facet normal 0.831318 0.555797 0
    outer loop
      vertex -36.9486 10.875 0
      vertex -36.785 10.6303 2.5
      vertex -36.785 10.6303 0
    endloop
  endfacet
  facet normal 0.980724 0.195397 0
    outer loop
      vertex -37.1733 11.4177 2.5
      vertex -37.2308 11.7063 0
      vertex -37.2308 11.7063 2.5
    endloop
  endfacet
  facet normal 0.980724 0.195397 0
    outer loop
      vertex -37.2308 11.7063 0
      vertex -37.1733 11.4177 2.5
      vertex -37.1733 11.4177 0
    endloop
  endfacet
  facet normal 0.195136 0.980776 -0
    outer loop
      vertex -35.2937 9.76925 0
      vertex -35.5823 9.82667 2.5
      vertex -35.2937 9.76925 2.5
    endloop
  endfacet
  facet normal 0.195136 0.980776 0
    outer loop
      vertex -35.5823 9.82667 2.5
      vertex -35.2937 9.76925 0
      vertex -35.5823 9.82667 0
    endloop
  endfacet
  facet normal 0.321421 0.946936 -0
    outer loop
      vertex -35.5823 9.82667 0
      vertex -35.861 9.92127 2.5
      vertex -35.5823 9.82667 2.5
    endloop
  endfacet
  facet normal 0.321421 0.946936 0
    outer loop
      vertex -35.861 9.92127 2.5
      vertex -35.5823 9.82667 0
      vertex -35.861 9.92127 0
    endloop
  endfacet
  facet normal 0.555797 0.831318 -0
    outer loop
      vertex -36.125 10.0514 0
      vertex -36.3697 10.215 2.5
      vertex -36.125 10.0514 2.5
    endloop
  endfacet
  facet normal 0.555797 0.831318 0
    outer loop
      vertex -36.3697 10.215 2.5
      vertex -36.125 10.0514 0
      vertex -36.3697 10.215 0
    endloop
  endfacet
  facet normal -0.946978 -0.3213 0
    outer loop
      vertex -31.3778 12.9706 2.5
      vertex -31.5354 13.4351 7
      vertex -31.5354 13.4351 2.5
    endloop
  endfacet
  facet normal -0.946978 -0.3213 0
    outer loop
      vertex -31.5354 13.4351 7
      vertex -31.3778 12.9706 2.5
      vertex -31.3778 12.9706 7
    endloop
  endfacet
  facet normal -0.89682 -0.442396 0
    outer loop
      vertex -31.5354 13.4351 2.5
      vertex -31.7524 13.875 7
      vertex -31.7524 13.875 2.5
    endloop
  endfacet
  facet normal -0.89682 -0.442396 0
    outer loop
      vertex -31.7524 13.875 7
      vertex -31.5354 13.4351 2.5
      vertex -31.5354 13.4351 7
    endloop
  endfacet
  facet normal -0.442232 -0.896901 0
    outer loop
      vertex -33.5649 15.4645 2.5
      vertex -33.125 15.2476 7
      vertex -33.5649 15.4645 7
    endloop
  endfacet
  facet normal -0.442232 -0.896901 -0
    outer loop
      vertex -33.125 15.2476 7
      vertex -33.5649 15.4645 2.5
      vertex -33.125 15.2476 2.5
    endloop
  endfacet
  facet normal 0.321482 -0.946916 0
    outer loop
      vertex -36.4351 15.4645 2.5
      vertex -35.9706 15.6222 7
      vertex -36.4351 15.4645 7
    endloop
  endfacet
  facet normal 0.321482 -0.946916 0
    outer loop
      vertex -35.9706 15.6222 7
      vertex -36.4351 15.4645 2.5
      vertex -35.9706 15.6222 2.5
    endloop
  endfacet
  facet normal 0.896901 -0.442232 0
    outer loop
      vertex -38.4645 13.4351 7
      vertex -38.2476 13.875 2.5
      vertex -38.2476 13.875 7
    endloop
  endfacet
  facet normal 0.896901 -0.442232 0
    outer loop
      vertex -38.2476 13.875 2.5
      vertex -38.4645 13.4351 7
      vertex -38.4645 13.4351 2.5
    endloop
  endfacet
  facet normal -0.980784 0.195097 0
    outer loop
      vertex -31.3778 11.0294 2.5
      vertex -31.2821 11.5105 7
      vertex -31.2821 11.5105 2.5
    endloop
  endfacet
  facet normal -0.980784 0.195097 0
    outer loop
      vertex -31.2821 11.5105 7
      vertex -31.3778 11.0294 2.5
      vertex -31.3778 11.0294 7
    endloop
  endfacet
  facet normal -0.0654366 -0.997857 0
    outer loop
      vertex -35 15.75 2.5
      vertex -34.5105 15.7179 7
      vertex -35 15.75 7
    endloop
  endfacet
  facet normal -0.0654366 -0.997857 -0
    outer loop
      vertex -34.5105 15.7179 7
      vertex -35 15.75 2.5
      vertex -34.5105 15.7179 2.5
    endloop
  endfacet
  facet normal -0.659414 -0.75178 0
    outer loop
      vertex -32.7171 14.9751 2.5
      vertex -32.3484 14.6517 7
      vertex -32.7171 14.9751 7
    endloop
  endfacet
  facet normal -0.659414 -0.75178 -0
    outer loop
      vertex -32.3484 14.6517 7
      vertex -32.7171 14.9751 2.5
      vertex -32.3484 14.6517 2.5
    endloop
  endfacet
  facet normal 0.751768 -0.659428 0
    outer loop
      vertex -37.9751 14.2829 7
      vertex -37.6516 14.6517 2.5
      vertex -37.6516 14.6517 7
    endloop
  endfacet
  facet normal 0.751768 -0.659428 0
    outer loop
      vertex -37.6516 14.6517 2.5
      vertex -37.9751 14.2829 7
      vertex -37.9751 14.2829 2.5
    endloop
  endfacet
  facet normal 0.442232 -0.896901 0
    outer loop
      vertex -36.875 15.2476 2.5
      vertex -36.4351 15.4645 7
      vertex -36.875 15.2476 7
    endloop
  endfacet
  facet normal 0.442232 -0.896901 0
    outer loop
      vertex -36.4351 15.4645 7
      vertex -36.875 15.2476 2.5
      vertex -36.4351 15.4645 2.5
    endloop
  endfacet
  facet normal 0.195097 -0.980784 0
    outer loop
      vertex -35.9706 15.6222 2.5
      vertex -35.4895 15.7179 7
      vertex -35.9706 15.6222 7
    endloop
  endfacet
  facet normal 0.195097 -0.980784 0
    outer loop
      vertex -35.4895 15.7179 7
      vertex -35.9706 15.6222 2.5
      vertex -35.4895 15.7179 2.5
    endloop
  endfacet
  facet normal -0.997857 0.0654366 0
    outer loop
      vertex -31.2821 11.5105 2.5
      vertex -31.25 12 7
      vertex -31.25 12 2.5
    endloop
  endfacet
  facet normal -0.997857 0.0654366 0
    outer loop
      vertex -31.25 12 7
      vertex -31.2821 11.5105 2.5
      vertex -31.2821 11.5105 7
    endloop
  endfacet
  facet normal -0.555528 0.831498 0
    outer loop
      vertex -32.7171 9.02492 2.5
      vertex -33.125 8.7524 7
      vertex -32.7171 9.02492 7
    endloop
  endfacet
  facet normal -0.555528 0.831498 0
    outer loop
      vertex -33.125 8.7524 7
      vertex -32.7171 9.02492 2.5
      vertex -33.125 8.7524 2.5
    endloop
  endfacet
  facet normal -0.946978 0.3213 0
    outer loop
      vertex -31.5354 10.5649 2.5
      vertex -31.3778 11.0294 7
      vertex -31.3778 11.0294 2.5
    endloop
  endfacet
  facet normal -0.946978 0.3213 0
    outer loop
      vertex -31.3778 11.0294 7
      vertex -31.5354 10.5649 2.5
      vertex -31.5354 10.5649 7
    endloop
  endfacet
  facet normal 0.659448 0.75175 -0
    outer loop
      vertex -37.2829 9.02492 2.5
      vertex -37.6516 9.34835 7
      vertex -37.2829 9.02492 7
    endloop
  endfacet
  facet normal 0.659448 0.75175 0
    outer loop
      vertex -37.6516 9.34835 7
      vertex -37.2829 9.02492 2.5
      vertex -37.6516 9.34835 2.5
    endloop
  endfacet
  facet normal 0.896901 0.442232 0
    outer loop
      vertex -38.2476 10.125 7
      vertex -38.4645 10.5649 2.5
      vertex -38.4645 10.5649 7
    endloop
  endfacet
  facet normal 0.896901 0.442232 0
    outer loop
      vertex -38.4645 10.5649 2.5
      vertex -38.2476 10.125 7
      vertex -38.2476 10.125 2.5
    endloop
  endfacet
  facet normal -0.980784 -0.195097 0
    outer loop
      vertex -31.2821 12.4895 2.5
      vertex -31.3778 12.9706 7
      vertex -31.3778 12.9706 2.5
    endloop
  endfacet
  facet normal -0.980784 -0.195097 0
    outer loop
      vertex -31.3778 12.9706 7
      vertex -31.2821 12.4895 2.5
      vertex -31.2821 12.4895 7
    endloop
  endfacet
  facet normal -0.751768 -0.659428 0
    outer loop
      vertex -32.0249 14.2829 2.5
      vertex -32.3484 14.6517 7
      vertex -32.3484 14.6517 2.5
    endloop
  endfacet
  facet normal -0.751768 -0.659428 0
    outer loop
      vertex -32.3484 14.6517 7
      vertex -32.0249 14.2829 2.5
      vertex -32.0249 14.2829 7
    endloop
  endfacet
  facet normal -0.321482 -0.946916 0
    outer loop
      vertex -34.0294 15.6222 2.5
      vertex -33.5649 15.4645 7
      vertex -34.0294 15.6222 7
    endloop
  endfacet
  facet normal -0.321482 -0.946916 -0
    outer loop
      vertex -33.5649 15.4645 7
      vertex -34.0294 15.6222 2.5
      vertex -33.5649 15.4645 2.5
    endloop
  endfacet
  facet normal -0.195097 -0.980784 0
    outer loop
      vertex -34.5105 15.7179 2.5
      vertex -34.0294 15.6222 7
      vertex -34.5105 15.7179 7
    endloop
  endfacet
  facet normal -0.195097 -0.980784 -0
    outer loop
      vertex -34.0294 15.6222 7
      vertex -34.5105 15.7179 2.5
      vertex -34.0294 15.6222 2.5
    endloop
  endfacet
  facet normal -0.5555 -0.831517 0
    outer loop
      vertex -33.125 15.2476 2.5
      vertex -32.7171 14.9751 7
      vertex -33.125 15.2476 7
    endloop
  endfacet
  facet normal -0.5555 -0.831517 -0
    outer loop
      vertex -32.7171 14.9751 7
      vertex -33.125 15.2476 2.5
      vertex -32.7171 14.9751 2.5
    endloop
  endfacet
  facet normal 0.997857 -0.0654366 0
    outer loop
      vertex -38.75 12 7
      vertex -38.7179 12.4895 2.5
      vertex -38.7179 12.4895 7
    endloop
  endfacet
  facet normal 0.997857 -0.0654366 0
    outer loop
      vertex -38.7179 12.4895 2.5
      vertex -38.75 12 7
      vertex -38.75 12 2.5
    endloop
  endfacet
  facet normal 0.946916 -0.321482 0
    outer loop
      vertex -38.6222 12.9706 7
      vertex -38.4645 13.4351 2.5
      vertex -38.4645 13.4351 7
    endloop
  endfacet
  facet normal 0.946916 -0.321482 0
    outer loop
      vertex -38.4645 13.4351 2.5
      vertex -38.6222 12.9706 7
      vertex -38.6222 12.9706 2.5
    endloop
  endfacet
  facet normal 0.831517 -0.5555 0
    outer loop
      vertex -38.2476 13.875 7
      vertex -37.9751 14.2829 2.5
      vertex -37.9751 14.2829 7
    endloop
  endfacet
  facet normal 0.831517 -0.5555 0
    outer loop
      vertex -37.9751 14.2829 2.5
      vertex -38.2476 13.875 7
      vertex -38.2476 13.875 2.5
    endloop
  endfacet
  facet normal 0.0654366 -0.997857 0
    outer loop
      vertex -35.4895 15.7179 2.5
      vertex -35 15.75 7
      vertex -35.4895 15.7179 7
    endloop
  endfacet
  facet normal 0.0654366 -0.997857 0
    outer loop
      vertex -35 15.75 7
      vertex -35.4895 15.7179 2.5
      vertex -35 15.75 2.5
    endloop
  endfacet
  facet normal 0.5555 -0.831517 0
    outer loop
      vertex -37.2829 14.9751 2.5
      vertex -36.875 15.2476 7
      vertex -37.2829 14.9751 7
    endloop
  endfacet
  facet normal 0.5555 -0.831517 0
    outer loop
      vertex -36.875 15.2476 7
      vertex -37.2829 14.9751 2.5
      vertex -36.875 15.2476 2.5
    endloop
  endfacet
  facet normal 0.659414 -0.75178 0
    outer loop
      vertex -37.6516 14.6517 2.5
      vertex -37.2829 14.9751 7
      vertex -37.6516 14.6517 7
    endloop
  endfacet
  facet normal 0.659414 -0.75178 0
    outer loop
      vertex -37.2829 14.9751 7
      vertex -37.6516 14.6517 2.5
      vertex -37.2829 14.9751 2.5
    endloop
  endfacet
  facet normal -0.997857 -0.0654366 0
    outer loop
      vertex -31.25 12 2.5
      vertex -31.2821 12.4895 7
      vertex -31.2821 12.4895 2.5
    endloop
  endfacet
  facet normal -0.997857 -0.0654366 0
    outer loop
      vertex -31.2821 12.4895 7
      vertex -31.25 12 2.5
      vertex -31.25 12 7
    endloop
  endfacet
  facet normal 0.997857 0.0654366 0
    outer loop
      vertex -38.7179 11.5105 7
      vertex -38.75 12 2.5
      vertex -38.75 12 7
    endloop
  endfacet
  facet normal 0.997857 0.0654366 0
    outer loop
      vertex -38.75 12 2.5
      vertex -38.7179 11.5105 7
      vertex -38.7179 11.5105 2.5
    endloop
  endfacet
  facet normal 0.751759 0.659438 0
    outer loop
      vertex -37.6516 9.34835 7
      vertex -37.9751 9.71714 2.5
      vertex -37.9751 9.71714 7
    endloop
  endfacet
  facet normal 0.751759 0.659438 0
    outer loop
      vertex -37.9751 9.71714 2.5
      vertex -37.6516 9.34835 7
      vertex -37.6516 9.34835 2.5
    endloop
  endfacet
  facet normal -0.195097 0.980784 0
    outer loop
      vertex -34.0294 8.37778 2.5
      vertex -34.5105 8.28208 7
      vertex -34.0294 8.37778 7
    endloop
  endfacet
  facet normal -0.195097 0.980784 0
    outer loop
      vertex -34.5105 8.28208 7
      vertex -34.0294 8.37778 2.5
      vertex -34.5105 8.28208 2.5
    endloop
  endfacet
  facet normal -0.442314 0.89686 0
    outer loop
      vertex -33.125 8.7524 2.5
      vertex -33.5649 8.53545 7
      vertex -33.125 8.7524 7
    endloop
  endfacet
  facet normal -0.442314 0.89686 0
    outer loop
      vertex -33.5649 8.53545 7
      vertex -33.125 8.7524 2.5
      vertex -33.5649 8.53545 2.5
    endloop
  endfacet
  facet normal -0.831517 -0.5555 0
    outer loop
      vertex -31.7524 13.875 2.5
      vertex -32.0249 14.2829 7
      vertex -32.0249 14.2829 2.5
    endloop
  endfacet
  facet normal -0.831517 -0.5555 0
    outer loop
      vertex -32.0249 14.2829 7
      vertex -31.7524 13.875 2.5
      vertex -31.7524 13.875 7
    endloop
  endfacet
  facet normal 0.980784 -0.195097 0
    outer loop
      vertex -38.7179 12.4895 7
      vertex -38.6222 12.9706 2.5
      vertex -38.6222 12.9706 7
    endloop
  endfacet
  facet normal 0.980784 -0.195097 0
    outer loop
      vertex -38.6222 12.9706 2.5
      vertex -38.7179 12.4895 7
      vertex -38.7179 12.4895 2.5
    endloop
  endfacet
  facet normal -0.751759 0.659438 0
    outer loop
      vertex -32.3484 9.34835 2.5
      vertex -32.0249 9.71714 7
      vertex -32.0249 9.71714 2.5
    endloop
  endfacet
  facet normal -0.751759 0.659438 0
    outer loop
      vertex -32.0249 9.71714 7
      vertex -32.3484 9.34835 2.5
      vertex -32.3484 9.34835 7
    endloop
  endfacet
  facet normal -0.831492 0.555537 0
    outer loop
      vertex -32.0249 9.71714 2.5
      vertex -31.7524 10.125 7
      vertex -31.7524 10.125 2.5
    endloop
  endfacet
  facet normal -0.831492 0.555537 0
    outer loop
      vertex -31.7524 10.125 7
      vertex -32.0249 9.71714 2.5
      vertex -32.0249 9.71714 7
    endloop
  endfacet
  facet normal -0.89682 0.442396 0
    outer loop
      vertex -31.7524 10.125 2.5
      vertex -31.5354 10.5649 7
      vertex -31.5354 10.5649 2.5
    endloop
  endfacet
  facet normal -0.89682 0.442396 0
    outer loop
      vertex -31.5354 10.5649 7
      vertex -31.7524 10.125 2.5
      vertex -31.7524 10.125 7
    endloop
  endfacet
  facet normal 0.065396 0.997859 -0
    outer loop
      vertex -35 8.25 2.5
      vertex -35.4895 8.28208 7
      vertex -35 8.25 7
    endloop
  endfacet
  facet normal 0.065396 0.997859 0
    outer loop
      vertex -35.4895 8.28208 7
      vertex -35 8.25 2.5
      vertex -35.4895 8.28208 2.5
    endloop
  endfacet
  facet normal 0 0 1
    outer loop
      vertex -32.75 12 2.5
      vertex -31.25 12 2.5
      vertex -31.2821 12.4895 2.5
    endloop
  endfacet
  facet normal 0 0 1
    outer loop
      vertex -32.7692 12.2937 2.5
      vertex -31.2821 12.4895 2.5
      vertex -31.3778 12.9706 2.5
    endloop
  endfacet
  facet normal 0 0 1
    outer loop
      vertex -31.25 12 2.5
      vertex -32.75 12 2.5
      vertex -31.2821 11.5105 2.5
    endloop
  endfacet
  facet normal 0 0 1
    outer loop
      vertex -32.8267 12.5823 2.5
      vertex -31.3778 12.9706 2.5
      vertex -31.5354 13.4351 2.5
    endloop
  endfacet
  facet normal -0 0 1
    outer loop
      vertex -32.7692 11.7063 2.5
      vertex -31.2821 11.5105 2.5
      vertex -32.75 12 2.5
    endloop
  endfacet
  facet normal 0 0 1
    outer loop
      vertex -32.9213 12.861 2.5
      vertex -31.5354 13.4351 2.5
      vertex -31.7524 13.875 2.5
    endloop
  endfacet
  facet normal 0 0 1
    outer loop
      vertex -31.2821 11.5105 2.5
      vertex -32.7692 11.7063 2.5
      vertex -31.3778 11.0294 2.5
    endloop
  endfacet
  facet normal 0 0 1
    outer loop
      vertex -33.0514 13.125 2.5
      vertex -31.7524 13.875 2.5
      vertex -32.0249 14.2829 2.5
    endloop
  endfacet
  facet normal -0 0 1
    outer loop
      vertex -32.8267 11.4177 2.5
      vertex -31.3778 11.0294 2.5
      vertex -32.7692 11.7063 2.5
    endloop
  endfacet
  facet normal 0 0 1
    outer loop
      vertex -33.215 13.3697 2.5
      vertex -32.0249 14.2829 2.5
      vertex -32.3484 14.6517 2.5
    endloop
  endfacet
  facet normal 0 0 1
    outer loop
      vertex -31.3778 11.0294 2.5
      vertex -32.8267 11.4177 2.5
      vertex -31.5354 10.5649 2.5
    endloop
  endfacet
  facet normal 0 0 1
    outer loop
      vertex -33.409 13.591 2.5
      vertex -32.3484 14.6517 2.5
      vertex -32.7171 14.9751 2.5
    endloop
  endfacet
  facet normal -0 0 1
    outer loop
      vertex -32.9213 11.139 2.5
      vertex -31.5354 10.5649 2.5
      vertex -32.8267 11.4177 2.5
    endloop
  endfacet
  facet normal 0 0 1
    outer loop
      vertex -31.5354 10.5649 2.5
      vertex -32.9213 11.139 2.5
      vertex -31.7524 10.125 2.5
    endloop
  endfacet
  facet normal 0 0 1
    outer loop
      vertex -31.2821 12.4895 2.5
      vertex -32.7692 12.2937 2.5
      vertex -32.75 12 2.5
    endloop
  endfacet
  facet normal 0 0 1
    outer loop
      vertex -31.3778 12.9706 2.5
      vertex -32.8267 12.5823 2.5
      vertex -32.7692 12.2937 2.5
    endloop
  endfacet
  facet normal 0 0 1
    outer loop
      vertex -31.5354 13.4351 2.5
      vertex -32.9213 12.861 2.5
      vertex -32.8267 12.5823 2.5
    endloop
  endfacet
  facet normal 0 0 1
    outer loop
      vertex -31.7524 13.875 2.5
      vertex -33.0514 13.125 2.5
      vertex -32.9213 12.861 2.5
    endloop
  endfacet
  facet normal 0 0 1
    outer loop
      vertex -33.6303 13.785 2.5
      vertex -32.7171 14.9751 2.5
      vertex -33.125 15.2476 2.5
    endloop
  endfacet
  facet normal 0 0 1
    outer loop
      vertex -32.0249 14.2829 2.5
      vertex -33.215 13.3697 2.5
      vertex -33.0514 13.125 2.5
    endloop
  endfacet
  facet normal 0 0 1
    outer loop
      vertex -32.3484 14.6517 2.5
      vertex -33.409 13.591 2.5
      vertex -33.215 13.3697 2.5
    endloop
  endfacet
  facet normal 0 0 1
    outer loop
      vertex -33.875 13.9486 2.5
      vertex -33.125 15.2476 2.5
      vertex -33.5649 15.4645 2.5
    endloop
  endfacet
  facet normal 0 0 1
    outer loop
      vertex -32.7171 14.9751 2.5
      vertex -33.6303 13.785 2.5
      vertex -33.409 13.591 2.5
    endloop
  endfacet
  facet normal 0 0 1
    outer loop
      vertex -33.125 15.2476 2.5
      vertex -33.875 13.9486 2.5
      vertex -33.6303 13.785 2.5
    endloop
  endfacet
  facet normal 0 0 1
    outer loop
      vertex -34.139 14.0787 2.5
      vertex -33.5649 15.4645 2.5
      vertex -34.0294 15.6222 2.5
    endloop
  endfacet
  facet normal 0 0 1
    outer loop
      vertex -33.5649 15.4645 2.5
      vertex -34.139 14.0787 2.5
      vertex -33.875 13.9486 2.5
    endloop
  endfacet
  facet normal 0 0 1
    outer loop
      vertex -34.0294 15.6222 2.5
      vertex -34.4177 14.1733 2.5
      vertex -34.139 14.0787 2.5
    endloop
  endfacet
  facet normal 0 0 1
    outer loop
      vertex -34.5105 15.7179 2.5
      vertex -34.4177 14.1733 2.5
      vertex -34.0294 15.6222 2.5
    endloop
  endfacet
  facet normal 0 0 1
    outer loop
      vertex -34.5105 15.7179 2.5
      vertex -34.7063 14.2308 2.5
      vertex -34.4177 14.1733 2.5
    endloop
  endfacet
  facet normal 0 0 1
    outer loop
      vertex -35 15.75 2.5
      vertex -34.7063 14.2308 2.5
      vertex -34.5105 15.7179 2.5
    endloop
  endfacet
  facet normal 0 0 1
    outer loop
      vertex -35 15.75 2.5
      vertex -35 14.25 2.5
      vertex -34.7063 14.2308 2.5
    endloop
  endfacet
  facet normal 0 0 1
    outer loop
      vertex -35 15.75 2.5
      vertex -35.2937 14.2308 2.5
      vertex -35 14.25 2.5
    endloop
  endfacet
  facet normal -0 0 1
    outer loop
      vertex -35.4895 15.7179 2.5
      vertex -35.2937 14.2308 2.5
      vertex -35 15.75 2.5
    endloop
  endfacet
  facet normal 0 0 1
    outer loop
      vertex -35.4895 15.7179 2.5
      vertex -35.5823 14.1733 2.5
      vertex -35.2937 14.2308 2.5
    endloop
  endfacet
  facet normal -0 0 1
    outer loop
      vertex -35.9706 15.6222 2.5
      vertex -35.5823 14.1733 2.5
      vertex -35.4895 15.7179 2.5
    endloop
  endfacet
  facet normal 0 0 1
    outer loop
      vertex -35.5823 14.1733 2.5
      vertex -35.9706 15.6222 2.5
      vertex -35.861 14.0787 2.5
    endloop
  endfacet
  facet normal -0 0 1
    outer loop
      vertex -36.4351 15.4645 2.5
      vertex -35.861 14.0787 2.5
      vertex -35.9706 15.6222 2.5
    endloop
  endfacet
  facet normal 0 0 1
    outer loop
      vertex -35.861 14.0787 2.5
      vertex -36.4351 15.4645 2.5
      vertex -36.125 13.9486 2.5
    endloop
  endfacet
  facet normal -0 0 1
    outer loop
      vertex -36.875 15.2476 2.5
      vertex -36.125 13.9486 2.5
      vertex -36.4351 15.4645 2.5
    endloop
  endfacet
  facet normal 0 0 1
    outer loop
      vertex -36.125 13.9486 2.5
      vertex -36.875 15.2476 2.5
      vertex -36.3697 13.785 2.5
    endloop
  endfacet
  facet normal -0 0 1
    outer loop
      vertex -37.2829 14.9751 2.5
      vertex -36.3697 13.785 2.5
      vertex -36.875 15.2476 2.5
    endloop
  endfacet
  facet normal 0 0 1
    outer loop
      vertex -36.3697 13.785 2.5
      vertex -37.2829 14.9751 2.5
      vertex -36.591 13.591 2.5
    endloop
  endfacet
  facet normal -0 0 1
    outer loop
      vertex -37.6516 14.6517 2.5
      vertex -36.591 13.591 2.5
      vertex -37.2829 14.9751 2.5
    endloop
  endfacet
  facet normal 0 0 1
    outer loop
      vertex -36.591 13.591 2.5
      vertex -37.6516 14.6517 2.5
      vertex -36.785 13.3697 2.5
    endloop
  endfacet
  facet normal -0 0 1
    outer loop
      vertex -37.9751 14.2829 2.5
      vertex -36.785 13.3697 2.5
      vertex -37.6516 14.6517 2.5
    endloop
  endfacet
  facet normal 0 0 1
    outer loop
      vertex -36.785 13.3697 2.5
      vertex -37.9751 14.2829 2.5
      vertex -36.9486 13.125 2.5
    endloop
  endfacet
  facet normal 0 0 1
    outer loop
      vertex -36.9486 13.125 2.5
      vertex -38.2476 13.875 2.5
      vertex -37.0787 12.861 2.5
    endloop
  endfacet
  facet normal -0 0 1
    outer loop
      vertex -38.2476 13.875 2.5
      vertex -36.9486 13.125 2.5
      vertex -37.9751 14.2829 2.5
    endloop
  endfacet
  facet normal -0 0 1
    outer loop
      vertex -33.0514 10.875 2.5
      vertex -31.7524 10.125 2.5
      vertex -32.9213 11.139 2.5
    endloop
  endfacet
  facet normal 0 0 1
    outer loop
      vertex -31.7524 10.125 2.5
      vertex -33.0514 10.875 2.5
      vertex -32.0249 9.71714 2.5
    endloop
  endfacet
  facet normal -0 0 1
    outer loop
      vertex -33.215 10.6303 2.5
      vertex -32.0249 9.71714 2.5
      vertex -33.0514 10.875 2.5
    endloop
  endfacet
  facet normal 0 0 1
    outer loop
      vertex -32.0249 9.71714 2.5
      vertex -33.215 10.6303 2.5
      vertex -32.3484 9.34835 2.5
    endloop
  endfacet
  facet normal -0 0 1
    outer loop
      vertex -33.409 10.409 2.5
      vertex -32.3484 9.34835 2.5
      vertex -33.215 10.6303 2.5
    endloop
  endfacet
  facet normal 0 0 1
    outer loop
      vertex -32.3484 9.34835 2.5
      vertex -33.409 10.409 2.5
      vertex -32.7171 9.02492 2.5
    endloop
  endfacet
  facet normal -0 0 1
    outer loop
      vertex -33.6303 10.215 2.5
      vertex -32.7171 9.02492 2.5
      vertex -33.409 10.409 2.5
    endloop
  endfacet
  facet normal 0 0 1
    outer loop
      vertex -32.7171 9.02492 2.5
      vertex -33.6303 10.215 2.5
      vertex -33.125 8.7524 2.5
    endloop
  endfacet
  facet normal -0 0 1
    outer loop
      vertex -33.875 10.0514 2.5
      vertex -33.125 8.7524 2.5
      vertex -33.6303 10.215 2.5
    endloop
  endfacet
  facet normal 0 0 1
    outer loop
      vertex -33.125 8.7524 2.5
      vertex -33.875 10.0514 2.5
      vertex -33.5649 8.53545 2.5
    endloop
  endfacet
  facet normal -0 0 1
    outer loop
      vertex -34.139 9.92127 2.5
      vertex -33.5649 8.53545 2.5
      vertex -33.875 10.0514 2.5
    endloop
  endfacet
  facet normal 0 0 1
    outer loop
      vertex -33.5649 8.53545 2.5
      vertex -34.139 9.92127 2.5
      vertex -34.0294 8.37778 2.5
    endloop
  endfacet
  facet normal -0 0 1
    outer loop
      vertex -34.4177 9.82667 2.5
      vertex -34.0294 8.37778 2.5
      vertex -34.139 9.92127 2.5
    endloop
  endfacet
  facet normal 0 0 1
    outer loop
      vertex -34.4177 9.82667 2.5
      vertex -34.5105 8.28208 2.5
      vertex -34.0294 8.37778 2.5
    endloop
  endfacet
  facet normal -0 0 1
    outer loop
      vertex -34.7063 9.76925 2.5
      vertex -34.5105 8.28208 2.5
      vertex -34.4177 9.82667 2.5
    endloop
  endfacet
  facet normal -0 0 1
    outer loop
      vertex -35 9.75 2.5
      vertex -34.5105 8.28208 2.5
      vertex -34.7063 9.76925 2.5
    endloop
  endfacet
  facet normal 0 0 1
    outer loop
      vertex -35 9.75 2.5
      vertex -35 8.25 2.5
      vertex -34.5105 8.28208 2.5
    endloop
  endfacet
  facet normal 0 0 1
    outer loop
      vertex -35.2937 9.76925 2.5
      vertex -35 8.25 2.5
      vertex -35 9.75 2.5
    endloop
  endfacet
  facet normal 0 0 1
    outer loop
      vertex -35.2937 9.76925 2.5
      vertex -35.4895 8.28208 2.5
      vertex -35 8.25 2.5
    endloop
  endfacet
  facet normal 0 0 1
    outer loop
      vertex -35.5823 9.82667 2.5
      vertex -35.4895 8.28208 2.5
      vertex -35.2937 9.76925 2.5
    endloop
  endfacet
  facet normal 0 0 1
    outer loop
      vertex -35.9706 8.37778 2.5
      vertex -35.5823 9.82667 2.5
      vertex -35.861 9.92127 2.5
    endloop
  endfacet
  facet normal 0 0 1
    outer loop
      vertex -35.5823 9.82667 2.5
      vertex -35.9706 8.37778 2.5
      vertex -35.4895 8.28208 2.5
    endloop
  endfacet
  facet normal 0 0 1
    outer loop
      vertex -36.4351 8.53545 2.5
      vertex -35.861 9.92127 2.5
      vertex -36.125 10.0514 2.5
    endloop
  endfacet
  facet normal 0 0 1
    outer loop
      vertex -36.875 8.7524 2.5
      vertex -36.125 10.0514 2.5
      vertex -36.3697 10.215 2.5
    endloop
  endfacet
  facet normal 0 0 1
    outer loop
      vertex -35.861 9.92127 2.5
      vertex -36.4351 8.53545 2.5
      vertex -35.9706 8.37778 2.5
    endloop
  endfacet
  facet normal 0 0 1
    outer loop
      vertex -37.2829 9.02492 2.5
      vertex -36.3697 10.215 2.5
      vertex -36.591 10.409 2.5
    endloop
  endfacet
  facet normal 0 0 1
    outer loop
      vertex -37.6516 9.34835 2.5
      vertex -36.591 10.409 2.5
      vertex -36.785 10.6303 2.5
    endloop
  endfacet
  facet normal 0 0 1
    outer loop
      vertex -36.125 10.0514 2.5
      vertex -36.875 8.7524 2.5
      vertex -36.4351 8.53545 2.5
    endloop
  endfacet
  facet normal 0 0 1
    outer loop
      vertex -37.9751 9.71714 2.5
      vertex -36.785 10.6303 2.5
      vertex -36.9486 10.875 2.5
    endloop
  endfacet
  facet normal 0 0 1
    outer loop
      vertex -38.2476 10.125 2.5
      vertex -36.9486 10.875 2.5
      vertex -37.0787 11.139 2.5
    endloop
  endfacet
  facet normal 0 0 1
    outer loop
      vertex -38.4645 10.5649 2.5
      vertex -37.0787 11.139 2.5
      vertex -37.1733 11.4177 2.5
    endloop
  endfacet
  facet normal 0 0 1
    outer loop
      vertex -38.6222 11.0294 2.5
      vertex -37.1733 11.4177 2.5
      vertex -37.2308 11.7063 2.5
    endloop
  endfacet
  facet normal 0 0 1
    outer loop
      vertex -36.3697 10.215 2.5
      vertex -37.2829 9.02492 2.5
      vertex -36.875 8.7524 2.5
    endloop
  endfacet
  facet normal 0 0 1
    outer loop
      vertex -38.7179 11.5105 2.5
      vertex -37.2308 11.7063 2.5
      vertex -37.25 12 2.5
    endloop
  endfacet
  facet normal -0 0 1
    outer loop
      vertex -38.4645 13.4351 2.5
      vertex -37.0787 12.861 2.5
      vertex -38.2476 13.875 2.5
    endloop
  endfacet
  facet normal 0 0 1
    outer loop
      vertex -37.0787 12.861 2.5
      vertex -38.4645 13.4351 2.5
      vertex -37.1733 12.5823 2.5
    endloop
  endfacet
  facet normal 0 0 1
    outer loop
      vertex -36.591 10.409 2.5
      vertex -37.6516 9.34835 2.5
      vertex -37.2829 9.02492 2.5
    endloop
  endfacet
  facet normal -0 0 1
    outer loop
      vertex -38.6222 12.9706 2.5
      vertex -37.1733 12.5823 2.5
      vertex -38.4645 13.4351 2.5
    endloop
  endfacet
  facet normal 0 0 1
    outer loop
      vertex -36.785 10.6303 2.5
      vertex -37.9751 9.71714 2.5
      vertex -37.6516 9.34835 2.5
    endloop
  endfacet
  facet normal 0 0 1
    outer loop
      vertex -37.1733 12.5823 2.5
      vertex -38.6222 12.9706 2.5
      vertex -37.2308 12.2937 2.5
    endloop
  endfacet
  facet normal 0 0 1
    outer loop
      vertex -36.9486 10.875 2.5
      vertex -38.2476 10.125 2.5
      vertex -37.9751 9.71714 2.5
    endloop
  endfacet
  facet normal -0 0 1
    outer loop
      vertex -38.7179 12.4895 2.5
      vertex -37.2308 12.2937 2.5
      vertex -38.6222 12.9706 2.5
    endloop
  endfacet
  facet normal 0 0 1
    outer loop
      vertex -37.0787 11.139 2.5
      vertex -38.4645 10.5649 2.5
      vertex -38.2476 10.125 2.5
    endloop
  endfacet
  facet normal 0 0 1
    outer loop
      vertex -37.2308 12.2937 2.5
      vertex -38.7179 12.4895 2.5
      vertex -37.25 12 2.5
    endloop
  endfacet
  facet normal 0 0 1
    outer loop
      vertex -37.1733 11.4177 2.5
      vertex -38.6222 11.0294 2.5
      vertex -38.4645 10.5649 2.5
    endloop
  endfacet
  facet normal 0 0 1
    outer loop
      vertex -38.75 12 2.5
      vertex -37.25 12 2.5
      vertex -38.7179 12.4895 2.5
    endloop
  endfacet
  facet normal 0 0 1
    outer loop
      vertex -37.2308 11.7063 2.5
      vertex -38.7179 11.5105 2.5
      vertex -38.6222 11.0294 2.5
    endloop
  endfacet
  facet normal 0 0 1
    outer loop
      vertex -37.25 12 2.5
      vertex -38.75 12 2.5
      vertex -38.7179 11.5105 2.5
    endloop
  endfacet
  facet normal 0.946916 0.321482 0
    outer loop
      vertex -38.4645 10.5649 7
      vertex -38.6222 11.0294 2.5
      vertex -38.6222 11.0294 7
    endloop
  endfacet
  facet normal 0.946916 0.321482 0
    outer loop
      vertex -38.6222 11.0294 2.5
      vertex -38.4645 10.5649 7
      vertex -38.4645 10.5649 2.5
    endloop
  endfacet
  facet normal 0.980784 0.195097 0
    outer loop
      vertex -38.6222 11.0294 7
      vertex -38.7179 11.5105 2.5
      vertex -38.7179 11.5105 7
    endloop
  endfacet
  facet normal 0.980784 0.195097 0
    outer loop
      vertex -38.7179 11.5105 2.5
      vertex -38.6222 11.0294 7
      vertex -38.6222 11.0294 2.5
    endloop
  endfacet
  facet normal -0.321428 0.946934 0
    outer loop
      vertex -33.5649 8.53545 2.5
      vertex -34.0294 8.37778 7
      vertex -33.5649 8.53545 7
    endloop
  endfacet
  facet normal -0.321428 0.946934 0
    outer loop
      vertex -34.0294 8.37778 7
      vertex -33.5649 8.53545 2.5
      vertex -34.0294 8.37778 2.5
    endloop
  endfacet
  facet normal -0.659448 0.75175 0
    outer loop
      vertex -32.3484 9.34835 2.5
      vertex -32.7171 9.02492 7
      vertex -32.3484 9.34835 7
    endloop
  endfacet
  facet normal -0.659448 0.75175 0
    outer loop
      vertex -32.7171 9.02492 7
      vertex -32.3484 9.34835 2.5
      vertex -32.7171 9.02492 2.5
    endloop
  endfacet
  facet normal -0.065396 0.997859 0
    outer loop
      vertex -34.5105 8.28208 2.5
      vertex -35 8.25 7
      vertex -34.5105 8.28208 7
    endloop
  endfacet
  facet normal -0.065396 0.997859 0
    outer loop
      vertex -35 8.25 7
      vertex -34.5105 8.28208 2.5
      vertex -35 8.25 2.5
    endloop
  endfacet
  facet normal 0.442314 0.89686 -0
    outer loop
      vertex -36.4351 8.53545 2.5
      vertex -36.875 8.7524 7
      vertex -36.4351 8.53545 7
    endloop
  endfacet
  facet normal 0.442314 0.89686 0
    outer loop
      vertex -36.875 8.7524 7
      vertex -36.4351 8.53545 2.5
      vertex -36.875 8.7524 2.5
    endloop
  endfacet
  facet normal 0.831492 0.555537 0
    outer loop
      vertex -37.9751 9.71714 7
      vertex -38.2476 10.125 2.5
      vertex -38.2476 10.125 7
    endloop
  endfacet
  facet normal 0.831492 0.555537 0
    outer loop
      vertex -38.2476 10.125 2.5
      vertex -37.9751 9.71714 7
      vertex -37.9751 9.71714 2.5
    endloop
  endfacet
  facet normal 0.555528 0.831498 -0
    outer loop
      vertex -36.875 8.7524 2.5
      vertex -37.2829 9.02492 7
      vertex -36.875 8.7524 7
    endloop
  endfacet
  facet normal 0.555528 0.831498 0
    outer loop
      vertex -37.2829 9.02492 7
      vertex -36.875 8.7524 2.5
      vertex -37.2829 9.02492 2.5
    endloop
  endfacet
  facet normal 0.195097 0.980784 -0
    outer loop
      vertex -35.4895 8.28208 2.5
      vertex -35.9706 8.37778 7
      vertex -35.4895 8.28208 7
    endloop
  endfacet
  facet normal 0.195097 0.980784 0
    outer loop
      vertex -35.9706 8.37778 7
      vertex -35.4895 8.28208 2.5
      vertex -35.9706 8.37778 2.5
    endloop
  endfacet
  facet normal 0.321428 0.946934 -0
    outer loop
      vertex -35.9706 8.37778 2.5
      vertex -36.4351 8.53545 7
      vertex -35.9706 8.37778 7
    endloop
  endfacet
  facet normal 0.321428 0.946934 0
    outer loop
      vertex -36.4351 8.53545 7
      vertex -35.9706 8.37778 2.5
      vertex -36.4351 8.53545 2.5
    endloop
  endfacet
  facet normal -0.946885 -0.321574 0
    outer loop
      vertex -42.7716 -18.398 0
      vertex -42.8978 -18.0264 7
      vertex -42.8978 -18.0264 0
    endloop
  endfacet
  facet normal -0.946885 -0.321574 0
    outer loop
      vertex -42.8978 -18.0264 7
      vertex -42.7716 -18.398 0
      vertex -42.7716 -18.398 7
    endloop
  endfacet
  facet normal -0.896961 -0.44211 0
    outer loop
      vertex -42.5981 -18.75 0
      vertex -42.7716 -18.398 7
      vertex -42.7716 -18.398 0
    endloop
  endfacet
  facet normal -0.896961 -0.44211 0
    outer loop
      vertex -42.7716 -18.398 7
      vertex -42.5981 -18.75 0
      vertex -42.5981 -18.75 7
    endloop
  endfacet
  facet normal 0.555523 -0.831501 0
    outer loop
      vertex 23.25 -19.8481 0
      vertex 23.5763 -19.6301 7
      vertex 23.25 -19.8481 7
    endloop
  endfacet
  facet normal 0.555523 -0.831501 0
    outer loop
      vertex 23.5763 -19.6301 7
      vertex 23.25 -19.8481 0
      vertex 23.5763 -19.6301 0
    endloop
  endfacet
  facet normal -0.980806 -0.194989 0
    outer loop
      vertex -42.8978 -18.0264 0
      vertex -42.9743 -17.6416 7
      vertex -42.9743 -17.6416 0
    endloop
  endfacet
  facet normal -0.980806 -0.194989 0
    outer loop
      vertex -42.9743 -17.6416 7
      vertex -42.8978 -18.0264 0
      vertex -42.8978 -18.0264 7
    endloop
  endfacet
  facet normal -0 0 1
    outer loop
      vertex -32.0249 9.71714 7
      vertex -20.5127 4.20952 7
      vertex -31.7524 10.125 7
    endloop
  endfacet
  facet normal 0 0 1
    outer loop
      vertex -21.35 0 7
      vertex -31.2821 -11.5105 7
      vertex -31.25 -12 7
    endloop
  endfacet
  facet normal 0 0 1
    outer loop
      vertex -20.5127 4.20952 7
      vertex -32.0249 9.71714 7
      vertex -20.9752 2.84701 7
    endloop
  endfacet
  facet normal 0 0 1
    outer loop
      vertex -21.35 0 7
      vertex -31.3778 -11.0294 7
      vertex -31.2821 -11.5105 7
    endloop
  endfacet
  facet normal -0 0 1
    outer loop
      vertex -32.3484 9.34835 7
      vertex -20.9752 2.84701 7
      vertex -32.0249 9.71714 7
    endloop
  endfacet
  facet normal 0 0 1
    outer loop
      vertex -21.35 0 7
      vertex -31.5354 -10.5649 7
      vertex -31.3778 -11.0294 7
    endloop
  endfacet
  facet normal -0 0 1
    outer loop
      vertex -32.7171 9.02492 7
      vertex -20.9752 2.84701 7
      vertex -32.3484 9.34835 7
    endloop
  endfacet
  facet normal 0 0 1
    outer loop
      vertex -21.35 0 7
      vertex -31.7524 -10.125 7
      vertex -31.5354 -10.5649 7
    endloop
  endfacet
  facet normal 0 0 1
    outer loop
      vertex -20.9752 2.84701 7
      vertex -32.7171 9.02492 7
      vertex -21.2559 1.43579 7
    endloop
  endfacet
  facet normal 0 0 1
    outer loop
      vertex -21.35 0 7
      vertex -32.0249 -9.71714 7
      vertex -31.7524 -10.125 7
    endloop
  endfacet
  facet normal -0 0 1
    outer loop
      vertex -33.125 8.7524 7
      vertex -21.2559 1.43579 7
      vertex -32.7171 9.02492 7
    endloop
  endfacet
  facet normal 0 0 1
    outer loop
      vertex -21.35 0 7
      vertex -32.3484 -9.34835 7
      vertex -32.0249 -9.71714 7
    endloop
  endfacet
  facet normal 0 0 1
    outer loop
      vertex -21.2559 1.43579 7
      vertex -33.125 8.7524 7
      vertex -21.35 0 7
    endloop
  endfacet
  facet normal 0 0 1
    outer loop
      vertex -21.35 0 7
      vertex -32.7171 -9.02492 7
      vertex -32.3484 -9.34835 7
    endloop
  endfacet
  facet normal -0 0 1
    outer loop
      vertex -33.5649 8.53545 7
      vertex -21.35 0 7
      vertex -33.125 8.7524 7
    endloop
  endfacet
  facet normal 0 0 1
    outer loop
      vertex -21.35 0 7
      vertex -33.125 -8.7524 7
      vertex -32.7171 -9.02492 7
    endloop
  endfacet
  facet normal 0 0 1
    outer loop
      vertex -33.5649 -8.53545 7
      vertex -21.35 0 7
      vertex -33.5649 8.53545 7
    endloop
  endfacet
  facet normal 0 0 1
    outer loop
      vertex -21.35 0 7
      vertex -33.5649 -8.53545 7
      vertex -33.125 -8.7524 7
    endloop
  endfacet
  facet normal -0 0 1
    outer loop
      vertex -34.0294 8.37778 7
      vertex -33.5649 -8.53545 7
      vertex -33.5649 8.53545 7
    endloop
  endfacet
  facet normal 0 0 1
    outer loop
      vertex -34.0294 8.37778 7
      vertex -34.0294 -8.37778 7
      vertex -33.5649 -8.53545 7
    endloop
  endfacet
  facet normal -0 0 1
    outer loop
      vertex -34.5105 8.28208 7
      vertex -34.0294 -8.37778 7
      vertex -34.0294 8.37778 7
    endloop
  endfacet
  facet normal 0 0 1
    outer loop
      vertex -34.5105 8.28208 7
      vertex -34.5105 -8.28208 7
      vertex -34.0294 -8.37778 7
    endloop
  endfacet
  facet normal -0 0 1
    outer loop
      vertex -35 8.25 7
      vertex -34.5105 -8.28208 7
      vertex -34.5105 8.28208 7
    endloop
  endfacet
  facet normal 0 0 1
    outer loop
      vertex -35 8.25 7
      vertex -35 -8.25 7
      vertex -34.5105 -8.28208 7
    endloop
  endfacet
  facet normal 0 0 1
    outer loop
      vertex -35.4895 8.28208 7
      vertex -35 -8.25 7
      vertex -35 8.25 7
    endloop
  endfacet
  facet normal 0 0 1
    outer loop
      vertex -35.4895 8.28208 7
      vertex -35.4895 -8.28208 7
      vertex -35 -8.25 7
    endloop
  endfacet
  facet normal 0 0 1
    outer loop
      vertex -35.9706 8.37778 7
      vertex -35.4895 -8.28208 7
      vertex -35.4895 8.28208 7
    endloop
  endfacet
  facet normal 0 0 1
    outer loop
      vertex -35.9706 8.37778 7
      vertex -35.9706 -8.37778 7
      vertex -35.4895 -8.28208 7
    endloop
  endfacet
  facet normal 0 0 1
    outer loop
      vertex -36.4351 8.53545 7
      vertex -35.9706 -8.37778 7
      vertex -35.9706 8.37778 7
    endloop
  endfacet
  facet normal 0 0 1
    outer loop
      vertex -36.4351 8.53545 7
      vertex -36.4351 -8.53545 7
      vertex -35.9706 -8.37778 7
    endloop
  endfacet
  facet normal 0 0 1
    outer loop
      vertex -36.875 8.7524 7
      vertex -36.4351 -8.53545 7
      vertex -36.4351 8.53545 7
    endloop
  endfacet
  facet normal 0 0 1
    outer loop
      vertex -36.875 8.7524 7
      vertex -36.875 -8.7524 7
      vertex -36.4351 -8.53545 7
    endloop
  endfacet
  facet normal 0 0 1
    outer loop
      vertex -37.2829 9.02492 7
      vertex -36.875 -8.7524 7
      vertex -36.875 8.7524 7
    endloop
  endfacet
  facet normal 0 0 1
    outer loop
      vertex -37.2829 9.02492 7
      vertex -37.2829 -9.02492 7
      vertex -36.875 -8.7524 7
    endloop
  endfacet
  facet normal 0 0 1
    outer loop
      vertex -37.6516 9.34835 7
      vertex -37.2829 -9.02492 7
      vertex -37.2829 9.02492 7
    endloop
  endfacet
  facet normal 0 0 1
    outer loop
      vertex -37.6516 9.34835 7
      vertex -37.6516 -9.34835 7
      vertex -37.2829 -9.02492 7
    endloop
  endfacet
  facet normal 0 0 1
    outer loop
      vertex -37.9751 9.71714 7
      vertex -37.6516 -9.34835 7
      vertex -37.6516 9.34835 7
    endloop
  endfacet
  facet normal 0 0 1
    outer loop
      vertex -37.9751 9.71714 7
      vertex -37.9751 -9.71714 7
      vertex -37.6516 -9.34835 7
    endloop
  endfacet
  facet normal 0 0 1
    outer loop
      vertex -38.2476 10.125 7
      vertex -37.9751 -9.71714 7
      vertex -37.9751 9.71714 7
    endloop
  endfacet
  facet normal 0 0 1
    outer loop
      vertex -38.2476 10.125 7
      vertex -38.2476 -10.125 7
      vertex -37.9751 -9.71714 7
    endloop
  endfacet
  facet normal 0 0 1
    outer loop
      vertex -38.4645 10.5649 7
      vertex -38.2476 -10.125 7
      vertex -38.2476 10.125 7
    endloop
  endfacet
  facet normal 0 0 1
    outer loop
      vertex -38.4645 10.5649 7
      vertex -38.4645 -10.5649 7
      vertex -38.2476 -10.125 7
    endloop
  endfacet
  facet normal 0 0 1
    outer loop
      vertex -43 17.25 7
      vertex -38.4645 10.5649 7
      vertex -38.6222 11.0294 7
    endloop
  endfacet
  facet normal 0 0 1
    outer loop
      vertex -38.4645 10.5649 7
      vertex -43 17.25 7
      vertex -38.4645 -10.5649 7
    endloop
  endfacet
  facet normal 0 0 1
    outer loop
      vertex -43 17.25 7
      vertex -38.6222 11.0294 7
      vertex -38.7179 11.5105 7
    endloop
  endfacet
  facet normal 0 0 1
    outer loop
      vertex -43 -17.25 7
      vertex -38.4645 -10.5649 7
      vertex -43 17.25 7
    endloop
  endfacet
  facet normal 0 0 1
    outer loop
      vertex -43 17.25 7
      vertex -38.7179 11.5105 7
      vertex -38.75 12 7
    endloop
  endfacet
  facet normal 0 0 1
    outer loop
      vertex -38.4645 -10.5649 7
      vertex -43 -17.25 7
      vertex -38.6222 -11.0294 7
    endloop
  endfacet
  facet normal 0 0 1
    outer loop
      vertex -12.55 -10.7539 7
      vertex -12.6116 -15.1847 7
      vertex -12.55 -15.2769 7
    endloop
  endfacet
  facet normal 0 0 1
    outer loop
      vertex -12.55 -10.7539 7
      vertex -12.7626 -15.0126 7
      vertex -12.6116 -15.1847 7
    endloop
  endfacet
  facet normal 0 0 1
    outer loop
      vertex -12.55 -10.7539 7
      vertex -12.9347 -14.8616 7
      vertex -12.7626 -15.0126 7
    endloop
  endfacet
  facet normal 0 0 1
    outer loop
      vertex -12.55 -10.7539 7
      vertex -13.125 -14.7345 7
      vertex -12.9347 -14.8616 7
    endloop
  endfacet
  facet normal 0 0 1
    outer loop
      vertex -13.5471 -14.5596 7
      vertex -12.55 -10.7539 7
      vertex -13.197 -10.6252 7
    endloop
  endfacet
  facet normal 0 0 1
    outer loop
      vertex -12.55 -10.7539 7
      vertex -13.3303 -14.6332 7
      vertex -13.125 -14.7345 7
    endloop
  endfacet
  facet normal 0 0 1
    outer loop
      vertex -12.55 -10.7539 7
      vertex -13.5471 -14.5596 7
      vertex -13.3303 -14.6332 7
    endloop
  endfacet
  facet normal 0 0 1
    outer loop
      vertex -13.197 -10.6252 7
      vertex -13.7716 -14.515 7
      vertex -13.5471 -14.5596 7
    endloop
  endfacet
  facet normal 0 0 1
    outer loop
      vertex -13.197 -10.6252 7
      vertex -14 -14.5 7
      vertex -13.7716 -14.515 7
    endloop
  endfacet
  facet normal 0 0 1
    outer loop
      vertex -13.197 -10.6252 7
      vertex -14.2284 -14.515 7
      vertex -14 -14.5 7
    endloop
  endfacet
  facet normal 0 0 1
    outer loop
      vertex -14.5595 -10.1627 7
      vertex -14.2284 -14.515 7
      vertex -13.197 -10.6252 7
    endloop
  endfacet
  facet normal 0 0 1
    outer loop
      vertex -14.2284 -14.515 7
      vertex -14.5595 -10.1627 7
      vertex -14.4529 -14.5596 7
    endloop
  endfacet
  facet normal 0 0 1
    outer loop
      vertex -14.5595 -10.1627 7
      vertex -14.6697 -14.6332 7
      vertex -14.4529 -14.5596 7
    endloop
  endfacet
  facet normal 0 0 1
    outer loop
      vertex -14.5595 -10.1627 7
      vertex -14.875 -14.7345 7
      vertex -14.6697 -14.6332 7
    endloop
  endfacet
  facet normal 0 0 1
    outer loop
      vertex -15.85 -9.52628 7
      vertex -14.875 -14.7345 7
      vertex -14.5595 -10.1627 7
    endloop
  endfacet
  facet normal 0 0 1
    outer loop
      vertex -14.875 -14.7345 7
      vertex -15.85 -9.52628 7
      vertex -15.0653 -14.8616 7
    endloop
  endfacet
  facet normal 0 0 1
    outer loop
      vertex -15.0653 -14.8616 7
      vertex -15.85 -9.52628 7
      vertex -15.2374 -15.0126 7
    endloop
  endfacet
  facet normal 0 0 1
    outer loop
      vertex -15.2374 -15.0126 7
      vertex -15.85 -9.52628 7
      vertex -15.3884 -15.1847 7
    endloop
  endfacet
  facet normal 0 0 1
    outer loop
      vertex -17.0464 -8.72689 7
      vertex -15.3884 -15.1847 7
      vertex -15.85 -9.52628 7
    endloop
  endfacet
  facet normal 0 0 1
    outer loop
      vertex -15.3884 -15.1847 7
      vertex -17.0464 -8.72689 7
      vertex -15.5155 -15.375 7
    endloop
  endfacet
  facet normal -0 0 1
    outer loop
      vertex -31.2821 -12.4895 7
      vertex -15.6904 -15.7971 7
      vertex -18.1282 -7.77817 7
    endloop
  endfacet
  facet normal 0 0 1
    outer loop
      vertex -15.6168 -15.5803 7
      vertex -18.1282 -7.77817 7
      vertex -15.6904 -15.7971 7
    endloop
  endfacet
  facet normal 0 0 1
    outer loop
      vertex -18.1282 -7.77817 7
      vertex -15.6168 -15.5803 7
      vertex -17.0464 -8.72689 7
    endloop
  endfacet
  facet normal 0 0 1
    outer loop
      vertex -15.5155 -15.375 7
      vertex -17.0464 -8.72689 7
      vertex -15.6168 -15.5803 7
    endloop
  endfacet
  facet normal 0 0 1
    outer loop
      vertex 15.6168 15.5803 7
      vertex 24.75 17.25 7
      vertex 15.6904 15.7971 7
    endloop
  endfacet
  facet normal 0 0 1
    outer loop
      vertex 24.75 -17.25 7
      vertex 15.735 -16.0216 7
      vertex 15.75 -16.25 7
    endloop
  endfacet
  facet normal 0 0 1
    outer loop
      vertex 15.5155 15.375 7
      vertex 24.75 17.25 7
      vertex 15.6168 15.5803 7
    endloop
  endfacet
  facet normal 0 0 1
    outer loop
      vertex 24.75 -17.25 7
      vertex 15.6904 -15.7971 7
      vertex 15.735 -16.0216 7
    endloop
  endfacet
  facet normal 0 0 1
    outer loop
      vertex 15.3884 15.1847 7
      vertex 24.75 17.25 7
      vertex 15.5155 15.375 7
    endloop
  endfacet
  facet normal 0 0 1
    outer loop
      vertex 24.75 -17.25 7
      vertex 15.6168 -15.5803 7
      vertex 15.6904 -15.7971 7
    endloop
  endfacet
  facet normal 0 0 1
    outer loop
      vertex 15.2374 15.0126 7
      vertex 24.75 17.25 7
      vertex 15.3884 15.1847 7
    endloop
  endfacet
  facet normal 0 0 1
    outer loop
      vertex 24.75 -17.25 7
      vertex 15.5155 -15.375 7
      vertex 15.6168 -15.5803 7
    endloop
  endfacet
  facet normal 0 0 1
    outer loop
      vertex 15.0653 14.8616 7
      vertex 24.75 17.25 7
      vertex 15.2374 15.0126 7
    endloop
  endfacet
  facet normal 0 0 1
    outer loop
      vertex 24.75 -17.25 7
      vertex 15.3884 -15.1847 7
      vertex 15.5155 -15.375 7
    endloop
  endfacet
  facet normal 0 0 1
    outer loop
      vertex 14.875 14.7345 7
      vertex 24.75 17.25 7
      vertex 15.0653 14.8616 7
    endloop
  endfacet
  facet normal 0 0 1
    outer loop
      vertex 24.75 -17.25 7
      vertex 15.2374 -15.0126 7
      vertex 15.3884 -15.1847 7
    endloop
  endfacet
  facet normal 0 0 1
    outer loop
      vertex 24.75 17.25 7
      vertex 14.875 14.7345 7
      vertex 24.75 -17.25 7
    endloop
  endfacet
  facet normal 0 0 1
    outer loop
      vertex 24.75 -17.25 7
      vertex 15.0653 -14.8616 7
      vertex 15.2374 -15.0126 7
    endloop
  endfacet
  facet normal -0 0 1
    outer loop
      vertex 14.875 -14.7345 7
      vertex 24.75 -17.25 7
      vertex 14.875 14.7345 7
    endloop
  endfacet
  facet normal 0 0 1
    outer loop
      vertex 24.75 -17.25 7
      vertex 14.875 -14.7345 7
      vertex 15.0653 -14.8616 7
    endloop
  endfacet
  facet normal -0 0 1
    outer loop
      vertex 14.6697 14.6332 7
      vertex 14.875 -14.7345 7
      vertex 14.875 14.7345 7
    endloop
  endfacet
  facet normal 0 0 1
    outer loop
      vertex 14.6697 14.6332 7
      vertex 14.6697 -14.6332 7
      vertex 14.875 -14.7345 7
    endloop
  endfacet
  facet normal -0 0 1
    outer loop
      vertex 14.4529 14.5596 7
      vertex 14.6697 -14.6332 7
      vertex 14.6697 14.6332 7
    endloop
  endfacet
  facet normal 0 0 1
    outer loop
      vertex 14.4529 14.5596 7
      vertex 14.4529 -14.5596 7
      vertex 14.6697 -14.6332 7
    endloop
  endfacet
  facet normal -0 0 1
    outer loop
      vertex 14.2284 14.515 7
      vertex 14.4529 -14.5596 7
      vertex 14.4529 14.5596 7
    endloop
  endfacet
  facet normal 0 0 1
    outer loop
      vertex 14.2284 14.515 7
      vertex 14.2284 -14.515 7
      vertex 14.4529 -14.5596 7
    endloop
  endfacet
  facet normal -0 0 1
    outer loop
      vertex 14 14.5 7
      vertex 14.2284 -14.515 7
      vertex 14.2284 14.515 7
    endloop
  endfacet
  facet normal 0 0 1
    outer loop
      vertex 14 14.5 7
      vertex 14 -14.5 7
      vertex 14.2284 -14.515 7
    endloop
  endfacet
  facet normal 0 0 1
    outer loop
      vertex 0.555893 1.43579 7
      vertex 14 14.5 7
      vertex 13.7716 14.515 7
    endloop
  endfacet
  facet normal 0 0 1
    outer loop
      vertex 14 14.5 7
      vertex 0.65 0 7
      vertex 14 -14.5 7
    endloop
  endfacet
  facet normal 0 0 1
    outer loop
      vertex 0.555893 1.43579 7
      vertex 13.7716 14.515 7
      vertex 13.5471 14.5596 7
    endloop
  endfacet
  facet normal -0 0 1
    outer loop
      vertex 0.555893 -1.43579 7
      vertex 14 -14.5 7
      vertex 0.65 0 7
    endloop
  endfacet
  facet normal 0 0 1
    outer loop
      vertex 0.275184 2.84701 7
      vertex 13.5471 14.5596 7
      vertex 13.3303 14.6332 7
    endloop
  endfacet
  facet normal 0 0 1
    outer loop
      vertex 14 -14.5 7
      vertex 0.555893 -1.43579 7
      vertex 13.7716 -14.515 7
    endloop
  endfacet
  facet normal 0 0 1
    outer loop
      vertex 0.275184 2.84701 7
      vertex 13.3303 14.6332 7
      vertex 13.125 14.7345 7
    endloop
  endfacet
  facet normal 0 0 1
    outer loop
      vertex 13.7716 -14.515 7
      vertex 0.555893 -1.43579 7
      vertex 13.5471 -14.5596 7
    endloop
  endfacet
  facet normal 0 0 1
    outer loop
      vertex -0.187325 4.20952 7
      vertex 13.125 14.7345 7
      vertex 12.9347 14.8616 7
    endloop
  endfacet
  facet normal -0 0 1
    outer loop
      vertex 0.275184 -2.84701 7
      vertex 13.5471 -14.5596 7
      vertex 0.555893 -1.43579 7
    endloop
  endfacet
  facet normal 0 0 1
    outer loop
      vertex -0.187325 4.20952 7
      vertex 12.9347 14.8616 7
      vertex 12.7626 15.0126 7
    endloop
  endfacet
  facet normal 0 0 1
    outer loop
      vertex 13.5471 -14.5596 7
      vertex 0.275184 -2.84701 7
      vertex 13.3303 -14.6332 7
    endloop
  endfacet
  facet normal 0 0 1
    outer loop
      vertex -0.82372 5.5 7
      vertex 12.7626 15.0126 7
      vertex 12.6116 15.1847 7
    endloop
  endfacet
  facet normal 0 0 1
    outer loop
      vertex 13.3303 -14.6332 7
      vertex 0.275184 -2.84701 7
      vertex 13.125 -14.7345 7
    endloop
  endfacet
  facet normal 0 0 1
    outer loop
      vertex -0.82372 5.5 7
      vertex 12.6116 15.1847 7
      vertex 12.4845 15.375 7
    endloop
  endfacet
  facet normal -0 0 1
    outer loop
      vertex -0.187325 -4.20952 7
      vertex 13.125 -14.7345 7
      vertex 0.275184 -2.84701 7
    endloop
  endfacet
  facet normal 0 0 1
    outer loop
      vertex -1.62311 6.69637 7
      vertex 12.4845 15.375 7
      vertex 12.3832 15.5803 7
    endloop
  endfacet
  facet normal 0 0 1
    outer loop
      vertex 13.125 -14.7345 7
      vertex -0.187325 -4.20952 7
      vertex 12.9347 -14.8616 7
    endloop
  endfacet
  facet normal 0 0 1
    outer loop
      vertex -2.57183 7.77817 7
      vertex 12.3832 15.5803 7
      vertex 12.3096 15.7971 7
    endloop
  endfacet
  facet normal 0 0 1
    outer loop
      vertex 12.9347 -14.8616 7
      vertex -0.187325 -4.20952 7
      vertex 12.7626 -15.0126 7
    endloop
  endfacet
  facet normal 0 0 1
    outer loop
      vertex -2.57183 7.77817 7
      vertex 12.3096 15.7971 7
      vertex 12.265 16.0216 7
    endloop
  endfacet
  facet normal -0 0 1
    outer loop
      vertex -0.82372 -5.5 7
      vertex 12.7626 -15.0126 7
      vertex -0.187325 -4.20952 7
    endloop
  endfacet
  facet normal 0 0 1
    outer loop
      vertex -3.65362 8.72689 7
      vertex 12.265 16.0216 7
      vertex 12.25 16.25 7
    endloop
  endfacet
  facet normal 0 0 1
    outer loop
      vertex 12.7626 -15.0126 7
      vertex -0.82372 -5.5 7
      vertex 12.6116 -15.1847 7
    endloop
  endfacet
  facet normal 0 0 1
    outer loop
      vertex 21.75 20.25 7
      vertex 24.75 17.25 7
      vertex 24.7243 17.6416 7
    endloop
  endfacet
  facet normal 0 0 1
    outer loop
      vertex 15.735 16.0216 7
      vertex 24.75 17.25 7
      vertex 15.75 16.25 7
    endloop
  endfacet
  facet normal 0 0 1
    outer loop
      vertex 21.75 20.25 7
      vertex 24.7243 17.6416 7
      vertex 24.6478 18.0264 7
    endloop
  endfacet
  facet normal 0 0 1
    outer loop
      vertex 15.6904 15.7971 7
      vertex 24.75 17.25 7
      vertex 15.735 16.0216 7
    endloop
  endfacet
  facet normal 0 0 1
    outer loop
      vertex 21.75 20.25 7
      vertex 24.6478 18.0264 7
      vertex 24.5216 18.398 7
    endloop
  endfacet
  facet normal 0 -0 1
    outer loop
      vertex 21.75 -20.25 7
      vertex 24.75 -17.25 7
      vertex 15.75 -16.25 7
    endloop
  endfacet
  facet normal 0 0 1
    outer loop
      vertex 21.75 20.25 7
      vertex 24.5216 18.398 7
      vertex 24.3481 18.75 7
    endloop
  endfacet
  facet normal 0 0 1
    outer loop
      vertex 24.75 -17.25 7
      vertex 21.75 -20.25 7
      vertex 24.7243 -17.6416 7
    endloop
  endfacet
  facet normal 0 0 1
    outer loop
      vertex 21.75 20.25 7
      vertex 24.3481 18.75 7
      vertex 24.1301 19.0763 7
    endloop
  endfacet
  facet normal 0 0 1
    outer loop
      vertex 24.7243 -17.6416 7
      vertex 21.75 -20.25 7
      vertex 24.6478 -18.0264 7
    endloop
  endfacet
  facet normal 0 0 1
    outer loop
      vertex 21.75 20.25 7
      vertex 24.1301 19.0763 7
      vertex 23.8713 19.3713 7
    endloop
  endfacet
  facet normal 0 0 1
    outer loop
      vertex 24.6478 -18.0264 7
      vertex 21.75 -20.25 7
      vertex 24.5216 -18.398 7
    endloop
  endfacet
  facet normal 0 0 1
    outer loop
      vertex 21.75 20.25 7
      vertex 23.8713 19.3713 7
      vertex 23.5763 19.6301 7
    endloop
  endfacet
  facet normal 0 0 1
    outer loop
      vertex 24.5216 -18.398 7
      vertex 21.75 -20.25 7
      vertex 24.3481 -18.75 7
    endloop
  endfacet
  facet normal 0 0 1
    outer loop
      vertex 21.75 20.25 7
      vertex 23.5763 19.6301 7
      vertex 23.25 19.8481 7
    endloop
  endfacet
  facet normal 0 0 1
    outer loop
      vertex 24.3481 -18.75 7
      vertex 21.75 -20.25 7
      vertex 24.1301 -19.0763 7
    endloop
  endfacet
  facet normal 0 0 1
    outer loop
      vertex 21.75 20.25 7
      vertex 23.25 19.8481 7
      vertex 22.898 20.0216 7
    endloop
  endfacet
  facet normal 0 0 1
    outer loop
      vertex 24.1301 -19.0763 7
      vertex 21.75 -20.25 7
      vertex 23.8713 -19.3713 7
    endloop
  endfacet
  facet normal 0 0 1
    outer loop
      vertex 21.75 20.25 7
      vertex 22.898 20.0216 7
      vertex 22.5264 20.1478 7
    endloop
  endfacet
  facet normal 0 0 1
    outer loop
      vertex 23.8713 -19.3713 7
      vertex 21.75 -20.25 7
      vertex 23.5763 -19.6301 7
    endloop
  endfacet
  facet normal 0 0 1
    outer loop
      vertex 21.75 20.25 7
      vertex 22.5264 20.1478 7
      vertex 22.1416 20.2243 7
    endloop
  endfacet
  facet normal 0 0 1
    outer loop
      vertex 23.5763 -19.6301 7
      vertex 21.75 -20.25 7
      vertex 23.25 -19.8481 7
    endloop
  endfacet
  facet normal 0 0 1
    outer loop
      vertex 24.75 17.25 7
      vertex 21.75 20.25 7
      vertex 15.75 16.25 7
    endloop
  endfacet
  facet normal 0 0 1
    outer loop
      vertex 23.25 -19.8481 7
      vertex 21.75 -20.25 7
      vertex 22.898 -20.0216 7
    endloop
  endfacet
  facet normal 0 0 1
    outer loop
      vertex 15.75 16.25 7
      vertex 21.75 20.25 7
      vertex 15.75 18.25 7
    endloop
  endfacet
  facet normal 0 0 1
    outer loop
      vertex 21.75 20.25 7
      vertex 15.735 18.4784 7
      vertex 15.75 18.25 7
    endloop
  endfacet
  facet normal 0 0 1
    outer loop
      vertex 21.75 20.25 7
      vertex 15.6904 18.7029 7
      vertex 15.735 18.4784 7
    endloop
  endfacet
  facet normal 0 0 1
    outer loop
      vertex 21.75 20.25 7
      vertex 15.6168 18.9197 7
      vertex 15.6904 18.7029 7
    endloop
  endfacet
  facet normal 0 0 1
    outer loop
      vertex 21.75 20.25 7
      vertex 15.5155 19.125 7
      vertex 15.6168 18.9197 7
    endloop
  endfacet
  facet normal 0 0 1
    outer loop
      vertex 21.75 20.25 7
      vertex 15.3884 19.3153 7
      vertex 15.5155 19.125 7
    endloop
  endfacet
  facet normal 0 0 1
    outer loop
      vertex 21.75 20.25 7
      vertex 15.2374 19.4874 7
      vertex 15.3884 19.3153 7
    endloop
  endfacet
  facet normal 0 0 1
    outer loop
      vertex 21.75 20.25 7
      vertex 15.0653 19.6384 7
      vertex 15.2374 19.4874 7
    endloop
  endfacet
  facet normal 0 0 1
    outer loop
      vertex 21.75 20.25 7
      vertex 14.875 19.7655 7
      vertex 15.0653 19.6384 7
    endloop
  endfacet
  facet normal 0 0 1
    outer loop
      vertex 21.75 20.25 7
      vertex 14.6697 19.8668 7
      vertex 14.875 19.7655 7
    endloop
  endfacet
  facet normal 0 0 1
    outer loop
      vertex 21.75 20.25 7
      vertex 14.4529 19.9404 7
      vertex 14.6697 19.8668 7
    endloop
  endfacet
  facet normal 0 0 1
    outer loop
      vertex 21.75 20.25 7
      vertex 14.2284 19.985 7
      vertex 14.4529 19.9404 7
    endloop
  endfacet
  facet normal 0 0 1
    outer loop
      vertex 21.75 20.25 7
      vertex 14 20 7
      vertex 14.2284 19.985 7
    endloop
  endfacet
  facet normal 0 0 1
    outer loop
      vertex -3.65362 8.72689 7
      vertex 12.25 16.25 7
      vertex 12.25 18.25 7
    endloop
  endfacet
  facet normal 0 0 1
    outer loop
      vertex 12.6116 -15.1847 7
      vertex -0.82372 -5.5 7
      vertex 12.4845 -15.375 7
    endloop
  endfacet
  facet normal -0 0 1
    outer loop
      vertex -1.62311 -6.69637 7
      vertex 12.4845 -15.375 7
      vertex -0.82372 -5.5 7
    endloop
  endfacet
  facet normal 0 0 1
    outer loop
      vertex -8.16711 17.4592 7
      vertex 12.25 18.25 7
      vertex 12.265 18.4784 7
    endloop
  endfacet
  facet normal 0 0 1
    outer loop
      vertex -8.21815 17.7158 7
      vertex 12.265 18.4784 7
      vertex 12.3096 18.7029 7
    endloop
  endfacet
  facet normal 0 0 1
    outer loop
      vertex -8.30224 17.9635 7
      vertex 12.3096 18.7029 7
      vertex 12.3832 18.9197 7
    endloop
  endfacet
  facet normal 0 0 1
    outer loop
      vertex -8.41795 18.1982 7
      vertex 12.3832 18.9197 7
      vertex 12.4845 19.125 7
    endloop
  endfacet
  facet normal 0 0 1
    outer loop
      vertex 14 14.5 7
      vertex 0.555893 1.43579 7
      vertex 0.65 0 7
    endloop
  endfacet
  facet normal 0 0 1
    outer loop
      vertex -8.56329 18.4157 7
      vertex 12.4845 19.125 7
      vertex 12.6116 19.3153 7
    endloop
  endfacet
  facet normal 0 0 1
    outer loop
      vertex 13.5471 14.5596 7
      vertex 0.275184 2.84701 7
      vertex 0.555893 1.43579 7
    endloop
  endfacet
  facet normal 0 0 1
    outer loop
      vertex 13.125 14.7345 7
      vertex -0.187325 4.20952 7
      vertex 0.275184 2.84701 7
    endloop
  endfacet
  facet normal 0 0 1
    outer loop
      vertex 12.7626 15.0126 7
      vertex -0.82372 5.5 7
      vertex -0.187325 4.20952 7
    endloop
  endfacet
  facet normal 0 0 1
    outer loop
      vertex -8.73579 18.6124 7
      vertex 12.6116 19.3153 7
      vertex 12.7626 19.4874 7
    endloop
  endfacet
  facet normal 0 0 1
    outer loop
      vertex 12.4845 15.375 7
      vertex -1.62311 6.69637 7
      vertex -0.82372 5.5 7
    endloop
  endfacet
  facet normal 0 0 1
    outer loop
      vertex 12.3832 15.5803 7
      vertex -2.57183 7.77817 7
      vertex -1.62311 6.69637 7
    endloop
  endfacet
  facet normal 0 0 1
    outer loop
      vertex -8.93248 18.7849 7
      vertex 12.7626 19.4874 7
      vertex 12.9347 19.6384 7
    endloop
  endfacet
  facet normal 0 0 1
    outer loop
      vertex 12.265 16.0216 7
      vertex -3.65362 8.72689 7
      vertex -2.57183 7.77817 7
    endloop
  endfacet
  facet normal 0 0 1
    outer loop
      vertex -9.15 18.9302 7
      vertex 12.9347 19.6384 7
      vertex 13.125 19.7655 7
    endloop
  endfacet
  facet normal 0 0 1
    outer loop
      vertex 12.25 18.25 7
      vertex -8.15 17.1982 7
      vertex -3.65362 8.72689 7
    endloop
  endfacet
  facet normal 0 0 1
    outer loop
      vertex -3.65362 8.72689 7
      vertex -8.15 17.1982 7
      vertex -4.85 9.52628 7
    endloop
  endfacet
  facet normal 0 0 1
    outer loop
      vertex -4.85 9.52628 7
      vertex -8.15 17.1982 7
      vertex -6.14048 10.1627 7
    endloop
  endfacet
  facet normal 0 0 1
    outer loop
      vertex -9.38463 19.0459 7
      vertex 13.125 19.7655 7
      vertex 13.3303 19.8668 7
    endloop
  endfacet
  facet normal 0 0 1
    outer loop
      vertex -6.14048 10.1627 7
      vertex -8.15 17.1982 7
      vertex -7.50299 10.6252 7
    endloop
  endfacet
  facet normal 0 0 1
    outer loop
      vertex -9.63236 19.13 7
      vertex 13.3303 19.8668 7
      vertex 13.5471 19.9404 7
    endloop
  endfacet
  facet normal 0 0 1
    outer loop
      vertex -13.5471 19.9404 7
      vertex 13.5471 19.9404 7
      vertex 13.7716 19.985 7
    endloop
  endfacet
  facet normal 0 0 1
    outer loop
      vertex 12.25 18.25 7
      vertex -8.16711 17.4592 7
      vertex -8.15 17.1982 7
    endloop
  endfacet
  facet normal 0 0 1
    outer loop
      vertex 12.265 18.4784 7
      vertex -8.21815 17.7158 7
      vertex -8.16711 17.4592 7
    endloop
  endfacet
  facet normal 0 0 1
    outer loop
      vertex 12.3096 18.7029 7
      vertex -8.30224 17.9635 7
      vertex -8.21815 17.7158 7
    endloop
  endfacet
  facet normal 0 0 1
    outer loop
      vertex 12.3832 18.9197 7
      vertex -8.41795 18.1982 7
      vertex -8.30224 17.9635 7
    endloop
  endfacet
  facet normal 0 0 1
    outer loop
      vertex 12.4845 19.125 7
      vertex -8.56329 18.4157 7
      vertex -8.41795 18.1982 7
    endloop
  endfacet
  facet normal 0 0 1
    outer loop
      vertex 12.6116 19.3153 7
      vertex -8.73579 18.6124 7
      vertex -8.56329 18.4157 7
    endloop
  endfacet
  facet normal 0 0 1
    outer loop
      vertex -13.7716 19.985 7
      vertex 13.7716 19.985 7
      vertex 14 20 7
    endloop
  endfacet
  facet normal 0 0 1
    outer loop
      vertex 12.7626 19.4874 7
      vertex -8.93248 18.7849 7
      vertex -8.73579 18.6124 7
    endloop
  endfacet
  facet normal 0 0 1
    outer loop
      vertex 12.9347 19.6384 7
      vertex -9.15 18.9302 7
      vertex -8.93248 18.7849 7
    endloop
  endfacet
  facet normal 0 0 1
    outer loop
      vertex 13.125 19.7655 7
      vertex -9.38463 19.0459 7
      vertex -9.15 18.9302 7
    endloop
  endfacet
  facet normal 0 0 1
    outer loop
      vertex 13.3303 19.8668 7
      vertex -9.63236 19.13 7
      vertex -9.38463 19.0459 7
    endloop
  endfacet
  facet normal 0 0 1
    outer loop
      vertex 13.5471 19.9404 7
      vertex -9.88895 19.1811 7
      vertex -9.63236 19.13 7
    endloop
  endfacet
  facet normal 0 0 1
    outer loop
      vertex 13.5471 19.9404 7
      vertex -13.5471 19.9404 7
      vertex -9.88895 19.1811 7
    endloop
  endfacet
  facet normal -0 -0 1
    outer loop
      vertex -13.3303 19.8668 7
      vertex -9.88895 19.1811 7
      vertex -13.5471 19.9404 7
    endloop
  endfacet
  facet normal 0 0 1
    outer loop
      vertex -12.1367 18.4157 7
      vertex -12.265 18.4784 7
      vertex -12.25 18.25 7
    endloop
  endfacet
  facet normal 0 0 1
    outer loop
      vertex -11.9642 18.6124 7
      vertex -12.265 18.4784 7
      vertex -12.1367 18.4157 7
    endloop
  endfacet
  facet normal 0 0 1
    outer loop
      vertex -12.3832 18.9197 7
      vertex -11.9642 18.6124 7
      vertex -11.7675 18.7849 7
    endloop
  endfacet
  facet normal 0 0 1
    outer loop
      vertex -12.4845 19.125 7
      vertex -11.7675 18.7849 7
      vertex -11.55 18.9302 7
    endloop
  endfacet
  facet normal 0 0 1
    outer loop
      vertex -11.9642 18.6124 7
      vertex -12.3096 18.7029 7
      vertex -12.265 18.4784 7
    endloop
  endfacet
  facet normal 0 0 1
    outer loop
      vertex -12.6116 19.3153 7
      vertex -11.55 18.9302 7
      vertex -11.3154 19.0459 7
    endloop
  endfacet
  facet normal 0 0 1
    outer loop
      vertex -11.9642 18.6124 7
      vertex -12.3832 18.9197 7
      vertex -12.3096 18.7029 7
    endloop
  endfacet
  facet normal 0 0 1
    outer loop
      vertex -12.7626 19.4874 7
      vertex -11.3154 19.0459 7
      vertex -11.0676 19.13 7
    endloop
  endfacet
  facet normal 0 0 1
    outer loop
      vertex -12.9347 19.6384 7
      vertex -11.0676 19.13 7
      vertex -10.8111 19.1811 7
    endloop
  endfacet
  facet normal 0 0 1
    outer loop
      vertex -11.7675 18.7849 7
      vertex -12.4845 19.125 7
      vertex -12.3832 18.9197 7
    endloop
  endfacet
  facet normal 0 0 1
    outer loop
      vertex -13.125 19.7655 7
      vertex -10.8111 19.1811 7
      vertex -10.55 19.1982 7
    endloop
  endfacet
  facet normal 0 0 1
    outer loop
      vertex -11.55 18.9302 7
      vertex -12.6116 19.3153 7
      vertex -12.4845 19.125 7
    endloop
  endfacet
  facet normal 0 0 1
    outer loop
      vertex -9.88895 19.1811 7
      vertex -13.3303 19.8668 7
      vertex -10.15 19.1982 7
    endloop
  endfacet
  facet normal 0 0 1
    outer loop
      vertex -14 20 7
      vertex 14 20 7
      vertex 21.75 20.25 7
    endloop
  endfacet
  facet normal 0 0 1
    outer loop
      vertex -11.3154 19.0459 7
      vertex -12.7626 19.4874 7
      vertex -12.6116 19.3153 7
    endloop
  endfacet
  facet normal 0 0 1
    outer loop
      vertex -11.0676 19.13 7
      vertex -12.9347 19.6384 7
      vertex -12.7626 19.4874 7
    endloop
  endfacet
  facet normal 0 0 1
    outer loop
      vertex -10.8111 19.1811 7
      vertex -13.125 19.7655 7
      vertex -12.9347 19.6384 7
    endloop
  endfacet
  facet normal 0 0 1
    outer loop
      vertex -10.55 19.1982 7
      vertex -13.3303 19.8668 7
      vertex -13.125 19.7655 7
    endloop
  endfacet
  facet normal 0 0 1
    outer loop
      vertex -10.15 19.1982 7
      vertex -13.3303 19.8668 7
      vertex -10.55 19.1982 7
    endloop
  endfacet
  facet normal 0 0 1
    outer loop
      vertex 13.7716 19.985 7
      vertex -13.7716 19.985 7
      vertex -13.5471 19.9404 7
    endloop
  endfacet
  facet normal 0 0 1
    outer loop
      vertex 14 20 7
      vertex -14 20 7
      vertex -13.7716 19.985 7
    endloop
  endfacet
  facet normal 0 0 1
    outer loop
      vertex -31.5354 13.4351 7
      vertex -15.75 16.25 7
      vertex -15.75 18.25 7
    endloop
  endfacet
  facet normal 0 0 1
    outer loop
      vertex -15.75 16.25 7
      vertex -17.0464 8.72689 7
      vertex -15.85 9.52628 7
    endloop
  endfacet
  facet normal 0 0 1
    outer loop
      vertex -31.7524 13.875 7
      vertex -15.75 18.25 7
      vertex -15.735 18.4784 7
    endloop
  endfacet
  facet normal 0 0 1
    outer loop
      vertex -15.75 16.25 7
      vertex -18.1282 7.77817 7
      vertex -17.0464 8.72689 7
    endloop
  endfacet
  facet normal 0 0 1
    outer loop
      vertex -32.0249 14.2829 7
      vertex -15.735 18.4784 7
      vertex -15.6904 18.7029 7
    endloop
  endfacet
  facet normal 0 -0 1
    outer loop
      vertex -31.2821 12.4895 7
      vertex -15.75 16.25 7
      vertex -31.3778 12.9706 7
    endloop
  endfacet
  facet normal -0 -0 1
    outer loop
      vertex -31.25 12 7
      vertex -18.1282 7.77817 7
      vertex -31.2821 12.4895 7
    endloop
  endfacet
  facet normal 0 0 1
    outer loop
      vertex -18.1282 7.77817 7
      vertex -31.25 12 7
      vertex -19.0769 6.69637 7
    endloop
  endfacet
  facet normal -0 0 1
    outer loop
      vertex -31.3778 11.0294 7
      vertex -19.0769 6.69637 7
      vertex -31.2821 11.5105 7
    endloop
  endfacet
  facet normal 0 0 1
    outer loop
      vertex -19.8763 5.5 7
      vertex -31.5354 10.5649 7
      vertex -20.5127 4.20952 7
    endloop
  endfacet
  facet normal -0 0 1
    outer loop
      vertex -31.5354 10.5649 7
      vertex -19.8763 5.5 7
      vertex -31.3778 11.0294 7
    endloop
  endfacet
  facet normal 0 0 1
    outer loop
      vertex -19.0769 6.69637 7
      vertex -31.3778 11.0294 7
      vertex -19.8763 5.5 7
    endloop
  endfacet
  facet normal 0 0 1
    outer loop
      vertex -32.3484 14.6517 7
      vertex -15.6904 18.7029 7
      vertex -15.6168 18.9197 7
    endloop
  endfacet
  facet normal 0 0 1
    outer loop
      vertex -32.7171 14.9751 7
      vertex -15.6168 18.9197 7
      vertex -15.5155 19.125 7
    endloop
  endfacet
  facet normal 0 0 1
    outer loop
      vertex -33.125 15.2476 7
      vertex -15.5155 19.125 7
      vertex -15.3884 19.3153 7
    endloop
  endfacet
  facet normal 0 0 1
    outer loop
      vertex -33.5649 15.4645 7
      vertex -15.3884 19.3153 7
      vertex -15.2374 19.4874 7
    endloop
  endfacet
  facet normal 0 0 1
    outer loop
      vertex -40 20.25 7
      vertex -15.2374 19.4874 7
      vertex -15.0653 19.6384 7
    endloop
  endfacet
  facet normal 0 0 1
    outer loop
      vertex -40 20.25 7
      vertex -15.0653 19.6384 7
      vertex -14.875 19.7655 7
    endloop
  endfacet
  facet normal 0 0 1
    outer loop
      vertex -40 20.25 7
      vertex -14.875 19.7655 7
      vertex -14.6697 19.8668 7
    endloop
  endfacet
  facet normal -0 0 1
    outer loop
      vertex -31.2821 11.5105 7
      vertex -19.0769 6.69637 7
      vertex -31.25 12 7
    endloop
  endfacet
  facet normal 0 0 1
    outer loop
      vertex -15.75 16.25 7
      vertex -31.2821 12.4895 7
      vertex -18.1282 7.77817 7
    endloop
  endfacet
  facet normal 0 0 1
    outer loop
      vertex -15.75 16.25 7
      vertex -31.5354 13.4351 7
      vertex -31.3778 12.9706 7
    endloop
  endfacet
  facet normal 0 0 1
    outer loop
      vertex -15.75 18.25 7
      vertex -31.7524 13.875 7
      vertex -31.5354 13.4351 7
    endloop
  endfacet
  facet normal 0 0 1
    outer loop
      vertex -15.735 18.4784 7
      vertex -32.0249 14.2829 7
      vertex -31.7524 13.875 7
    endloop
  endfacet
  facet normal 0 0 1
    outer loop
      vertex -40 20.25 7
      vertex -14.6697 19.8668 7
      vertex -14.4529 19.9404 7
    endloop
  endfacet
  facet normal 0 0 1
    outer loop
      vertex -15.6904 18.7029 7
      vertex -32.3484 14.6517 7
      vertex -32.0249 14.2829 7
    endloop
  endfacet
  facet normal 0 0 1
    outer loop
      vertex -15.6168 18.9197 7
      vertex -32.7171 14.9751 7
      vertex -32.3484 14.6517 7
    endloop
  endfacet
  facet normal 0 0 1
    outer loop
      vertex -15.5155 19.125 7
      vertex -33.125 15.2476 7
      vertex -32.7171 14.9751 7
    endloop
  endfacet
  facet normal 0 0 1
    outer loop
      vertex -15.3884 19.3153 7
      vertex -33.5649 15.4645 7
      vertex -33.125 15.2476 7
    endloop
  endfacet
  facet normal 0 0 1
    outer loop
      vertex -15.2374 19.4874 7
      vertex -40 20.25 7
      vertex -33.5649 15.4645 7
    endloop
  endfacet
  facet normal 0 0 1
    outer loop
      vertex -33.5649 15.4645 7
      vertex -40 20.25 7
      vertex -34.0294 15.6222 7
    endloop
  endfacet
  facet normal 0 0 1
    outer loop
      vertex -34.0294 15.6222 7
      vertex -40 20.25 7
      vertex -34.5105 15.7179 7
    endloop
  endfacet
  facet normal 0 0 1
    outer loop
      vertex -34.5105 15.7179 7
      vertex -40 20.25 7
      vertex -35 15.75 7
    endloop
  endfacet
  facet normal 0 0 1
    outer loop
      vertex -35 15.75 7
      vertex -40 20.25 7
      vertex -35.4895 15.7179 7
    endloop
  endfacet
  facet normal 0 0 1
    outer loop
      vertex -38.7179 12.4895 7
      vertex -43 17.25 7
      vertex -38.75 12 7
    endloop
  endfacet
  facet normal 0 0 1
    outer loop
      vertex -38.6222 12.9706 7
      vertex -43 17.25 7
      vertex -38.7179 12.4895 7
    endloop
  endfacet
  facet normal 0 0 1
    outer loop
      vertex -38.4645 13.4351 7
      vertex -43 17.25 7
      vertex -38.6222 12.9706 7
    endloop
  endfacet
  facet normal 0 0 1
    outer loop
      vertex -38.2476 13.875 7
      vertex -43 17.25 7
      vertex -38.4645 13.4351 7
    endloop
  endfacet
  facet normal 0 0 1
    outer loop
      vertex -37.9751 14.2829 7
      vertex -43 17.25 7
      vertex -38.2476 13.875 7
    endloop
  endfacet
  facet normal 0 0 1
    outer loop
      vertex -37.6516 14.6517 7
      vertex -43 17.25 7
      vertex -37.9751 14.2829 7
    endloop
  endfacet
  facet normal -0 0 1
    outer loop
      vertex -43 17.25 7
      vertex -37.6516 14.6517 7
      vertex -40 20.25 7
    endloop
  endfacet
  facet normal 0 0 1
    outer loop
      vertex -37.2829 14.9751 7
      vertex -40 20.25 7
      vertex -37.6516 14.6517 7
    endloop
  endfacet
  facet normal 0 0 1
    outer loop
      vertex -36.875 15.2476 7
      vertex -40 20.25 7
      vertex -37.2829 14.9751 7
    endloop
  endfacet
  facet normal 0 0 1
    outer loop
      vertex -36.4351 15.4645 7
      vertex -40 20.25 7
      vertex -36.875 15.2476 7
    endloop
  endfacet
  facet normal 0 0 1
    outer loop
      vertex -35.9706 15.6222 7
      vertex -40 20.25 7
      vertex -36.4351 15.4645 7
    endloop
  endfacet
  facet normal 0 0 1
    outer loop
      vertex -35.4895 15.7179 7
      vertex -40 20.25 7
      vertex -35.9706 15.6222 7
    endloop
  endfacet
  facet normal 0 0 1
    outer loop
      vertex -14.2284 19.985 7
      vertex -40 20.25 7
      vertex -14.4529 19.9404 7
    endloop
  endfacet
  facet normal 0 0 1
    outer loop
      vertex -14 20 7
      vertex -40 20.25 7
      vertex -14.2284 19.985 7
    endloop
  endfacet
  facet normal -0 0 1
    outer loop
      vertex -40 20.25 7
      vertex -14 20 7
      vertex 21.75 20.25 7
    endloop
  endfacet
  facet normal 0 0 1
    outer loop
      vertex 22.898 -20.0216 7
      vertex 21.75 -20.25 7
      vertex 22.5264 -20.1478 7
    endloop
  endfacet
  facet normal 0 0 1
    outer loop
      vertex 22.5264 -20.1478 7
      vertex 21.75 -20.25 7
      vertex 22.1416 -20.2243 7
    endloop
  endfacet
  facet normal -0 0 1
    outer loop
      vertex 15.75 -18.25 7
      vertex 21.75 -20.25 7
      vertex 15.75 -16.25 7
    endloop
  endfacet
  facet normal -0 0 1
    outer loop
      vertex 15.735 -18.4784 7
      vertex 21.75 -20.25 7
      vertex 15.75 -18.25 7
    endloop
  endfacet
  facet normal -0 0 1
    outer loop
      vertex 15.6904 -18.7029 7
      vertex 21.75 -20.25 7
      vertex 15.735 -18.4784 7
    endloop
  endfacet
  facet normal -0 0 1
    outer loop
      vertex 15.6168 -18.9197 7
      vertex 21.75 -20.25 7
      vertex 15.6904 -18.7029 7
    endloop
  endfacet
  facet normal -0 0 1
    outer loop
      vertex 15.5155 -19.125 7
      vertex 21.75 -20.25 7
      vertex 15.6168 -18.9197 7
    endloop
  endfacet
  facet normal -0 0 1
    outer loop
      vertex 15.3884 -19.3153 7
      vertex 21.75 -20.25 7
      vertex 15.5155 -19.125 7
    endloop
  endfacet
  facet normal -0 0 1
    outer loop
      vertex 15.2374 -19.4874 7
      vertex 21.75 -20.25 7
      vertex 15.3884 -19.3153 7
    endloop
  endfacet
  facet normal -0 0 1
    outer loop
      vertex 15.0653 -19.6384 7
      vertex 21.75 -20.25 7
      vertex 15.2374 -19.4874 7
    endloop
  endfacet
  facet normal -0 0 1
    outer loop
      vertex 14.875 -19.7655 7
      vertex 21.75 -20.25 7
      vertex 15.0653 -19.6384 7
    endloop
  endfacet
  facet normal -0 0 1
    outer loop
      vertex 14.6697 -19.8668 7
      vertex 21.75 -20.25 7
      vertex 14.875 -19.7655 7
    endloop
  endfacet
  facet normal -0 0 1
    outer loop
      vertex 14.4529 -19.9404 7
      vertex 21.75 -20.25 7
      vertex 14.6697 -19.8668 7
    endloop
  endfacet
  facet normal -0 0 1
    outer loop
      vertex 14.2284 -19.985 7
      vertex 21.75 -20.25 7
      vertex 14.4529 -19.9404 7
    endloop
  endfacet
  facet normal -0 0 1
    outer loop
      vertex 14 -20 7
      vertex 21.75 -20.25 7
      vertex 14.2284 -19.985 7
    endloop
  endfacet
  facet normal 0 0 1
    outer loop
      vertex 12.4845 -15.375 7
      vertex -1.62311 -6.69637 7
      vertex 12.3832 -15.5803 7
    endloop
  endfacet
  facet normal -0 0 1
    outer loop
      vertex -2.57183 -7.77817 7
      vertex 12.3832 -15.5803 7
      vertex -1.62311 -6.69637 7
    endloop
  endfacet
  facet normal 0 0 1
    outer loop
      vertex 12.3832 -15.5803 7
      vertex -2.57183 -7.77817 7
      vertex 12.3096 -15.7971 7
    endloop
  endfacet
  facet normal 0 0 1
    outer loop
      vertex 12.3096 -15.7971 7
      vertex -2.57183 -7.77817 7
      vertex 12.265 -16.0216 7
    endloop
  endfacet
  facet normal -0 0 1
    outer loop
      vertex -3.65362 -8.72689 7
      vertex 12.265 -16.0216 7
      vertex -2.57183 -7.77817 7
    endloop
  endfacet
  facet normal 0 0 1
    outer loop
      vertex 12.265 -16.0216 7
      vertex -3.65362 -8.72689 7
      vertex 12.25 -16.25 7
    endloop
  endfacet
  facet normal 0 0 1
    outer loop
      vertex 12.25 -16.25 7
      vertex -3.65362 -8.72689 7
      vertex 12.25 -18.25 7
    endloop
  endfacet
  facet normal -0 0 1
    outer loop
      vertex -8.15 -17.1982 7
      vertex 12.25 -18.25 7
      vertex -3.65362 -8.72689 7
    endloop
  endfacet
  facet normal -0 0 1
    outer loop
      vertex -8.16711 -17.4592 7
      vertex 12.25 -18.25 7
      vertex -8.15 -17.1982 7
    endloop
  endfacet
  facet normal 0 0 1
    outer loop
      vertex 12.25 -18.25 7
      vertex -8.16711 -17.4592 7
      vertex 12.265 -18.4784 7
    endloop
  endfacet
  facet normal -0 0 1
    outer loop
      vertex -8.21815 -17.7158 7
      vertex 12.265 -18.4784 7
      vertex -8.16711 -17.4592 7
    endloop
  endfacet
  facet normal 0 0 1
    outer loop
      vertex 12.265 -18.4784 7
      vertex -8.21815 -17.7158 7
      vertex 12.3096 -18.7029 7
    endloop
  endfacet
  facet normal -0 0 1
    outer loop
      vertex -8.30224 -17.9635 7
      vertex 12.3096 -18.7029 7
      vertex -8.21815 -17.7158 7
    endloop
  endfacet
  facet normal 0 0 1
    outer loop
      vertex 12.3096 -18.7029 7
      vertex -8.30224 -17.9635 7
      vertex 12.3832 -18.9197 7
    endloop
  endfacet
  facet normal -0 0 1
    outer loop
      vertex -8.41795 -18.1982 7
      vertex 12.3832 -18.9197 7
      vertex -8.30224 -17.9635 7
    endloop
  endfacet
  facet normal 0 0 1
    outer loop
      vertex -8.15 -17.1982 7
      vertex -3.65362 -8.72689 7
      vertex -4.85 -9.52628 7
    endloop
  endfacet
  facet normal 0 0 1
    outer loop
      vertex -8.15 -17.1982 7
      vertex -4.85 -9.52628 7
      vertex -6.14048 -10.1627 7
    endloop
  endfacet
  facet normal 0 0 1
    outer loop
      vertex -8.15 -17.1982 7
      vertex -6.14048 -10.1627 7
      vertex -7.50299 -10.6252 7
    endloop
  endfacet
  facet normal 0 0 1
    outer loop
      vertex 12.3832 -18.9197 7
      vertex -8.41795 -18.1982 7
      vertex 12.4845 -19.125 7
    endloop
  endfacet
  facet normal 0 0 1
    outer loop
      vertex -8.15 -17.1982 7
      vertex -7.50299 -10.6252 7
      vertex -8.15 -10.7539 7
    endloop
  endfacet
  facet normal -0 0 1
    outer loop
      vertex -8.56329 -18.4157 7
      vertex 12.4845 -19.125 7
      vertex -8.41795 -18.1982 7
    endloop
  endfacet
  facet normal 0 0 1
    outer loop
      vertex 12.4845 -19.125 7
      vertex -8.56329 -18.4157 7
      vertex 12.6116 -19.3153 7
    endloop
  endfacet
  facet normal -0 0 1
    outer loop
      vertex -8.73579 -18.6124 7
      vertex 12.6116 -19.3153 7
      vertex -8.56329 -18.4157 7
    endloop
  endfacet
  facet normal 0 0 1
    outer loop
      vertex 12.6116 -19.3153 7
      vertex -8.73579 -18.6124 7
      vertex 12.7626 -19.4874 7
    endloop
  endfacet
  facet normal -0 0 1
    outer loop
      vertex -8.93248 -18.7849 7
      vertex 12.7626 -19.4874 7
      vertex -8.73579 -18.6124 7
    endloop
  endfacet
  facet normal 0 0 1
    outer loop
      vertex 12.7626 -19.4874 7
      vertex -8.93248 -18.7849 7
      vertex 12.9347 -19.6384 7
    endloop
  endfacet
  facet normal -0 0 1
    outer loop
      vertex -9.15 -18.9302 7
      vertex 12.9347 -19.6384 7
      vertex -8.93248 -18.7849 7
    endloop
  endfacet
  facet normal 0 0 1
    outer loop
      vertex 12.9347 -19.6384 7
      vertex -9.15 -18.9302 7
      vertex 13.125 -19.7655 7
    endloop
  endfacet
  facet normal -0 0 1
    outer loop
      vertex -9.38463 -19.0459 7
      vertex 13.125 -19.7655 7
      vertex -9.15 -18.9302 7
    endloop
  endfacet
  facet normal 0 0 1
    outer loop
      vertex 13.125 -19.7655 7
      vertex -9.38463 -19.0459 7
      vertex 13.3303 -19.8668 7
    endloop
  endfacet
  facet normal -0 0 1
    outer loop
      vertex -9.63236 -19.13 7
      vertex 13.3303 -19.8668 7
      vertex -9.38463 -19.0459 7
    endloop
  endfacet
  facet normal 0 0 1
    outer loop
      vertex 13.3303 -19.8668 7
      vertex -9.63236 -19.13 7
      vertex 13.5471 -19.9404 7
    endloop
  endfacet
  facet normal -0 0 1
    outer loop
      vertex -9.88895 -19.1811 7
      vertex 13.5471 -19.9404 7
      vertex -9.63236 -19.13 7
    endloop
  endfacet
  facet normal 0 0 1
    outer loop
      vertex -13.5471 -19.9404 7
      vertex 13.5471 -19.9404 7
      vertex -9.88895 -19.1811 7
    endloop
  endfacet
  facet normal 0 0 1
    outer loop
      vertex 13.5471 -19.9404 7
      vertex -13.5471 -19.9404 7
      vertex 13.7716 -19.985 7
    endloop
  endfacet
  facet normal 0 0 1
    outer loop
      vertex -13.3303 -19.8668 7
      vertex -9.88895 -19.1811 7
      vertex -10.15 -19.1982 7
    endloop
  endfacet
  facet normal 0 0 1
    outer loop
      vertex -13.3303 -19.8668 7
      vertex -10.15 -19.1982 7
      vertex -10.55 -19.1982 7
    endloop
  endfacet
  facet normal -0 0 1
    outer loop
      vertex -12.25 -18.25 7
      vertex -12.1367 -18.4157 7
      vertex -12.25 -18.2461 7
    endloop
  endfacet
  facet normal 0 0 1
    outer loop
      vertex -12.265 -18.4784 7
      vertex -12.1367 -18.4157 7
      vertex -12.25 -18.25 7
    endloop
  endfacet
  facet normal -0 0 1
    outer loop
      vertex -12.265 -18.4784 7
      vertex -11.9642 -18.6124 7
      vertex -12.1367 -18.4157 7
    endloop
  endfacet
  facet normal 0 0 1
    outer loop
      vertex -12.3096 -18.7029 7
      vertex -11.9642 -18.6124 7
      vertex -12.265 -18.4784 7
    endloop
  endfacet
  facet normal 0 0 1
    outer loop
      vertex -12.3832 -18.9197 7
      vertex -11.9642 -18.6124 7
      vertex -12.3096 -18.7029 7
    endloop
  endfacet
  facet normal 0 0 1
    outer loop
      vertex -11.9642 -18.6124 7
      vertex -12.3832 -18.9197 7
      vertex -11.7675 -18.7849 7
    endloop
  endfacet
  facet normal 0 0 1
    outer loop
      vertex -12.4845 -19.125 7
      vertex -11.7675 -18.7849 7
      vertex -12.3832 -18.9197 7
    endloop
  endfacet
  facet normal 0 0 1
    outer loop
      vertex -11.7675 -18.7849 7
      vertex -12.4845 -19.125 7
      vertex -11.55 -18.9302 7
    endloop
  endfacet
  facet normal 0 0 1
    outer loop
      vertex -12.6116 -19.3153 7
      vertex -11.55 -18.9302 7
      vertex -12.4845 -19.125 7
    endloop
  endfacet
  facet normal 0 0 1
    outer loop
      vertex -11.55 -18.9302 7
      vertex -12.6116 -19.3153 7
      vertex -11.3154 -19.0459 7
    endloop
  endfacet
  facet normal 0 0 1
    outer loop
      vertex -12.7626 -19.4874 7
      vertex -11.3154 -19.0459 7
      vertex -12.6116 -19.3153 7
    endloop
  endfacet
  facet normal 0 0 1
    outer loop
      vertex -11.3154 -19.0459 7
      vertex -12.7626 -19.4874 7
      vertex -11.0676 -19.13 7
    endloop
  endfacet
  facet normal 0 0 1
    outer loop
      vertex -12.9347 -19.6384 7
      vertex -11.0676 -19.13 7
      vertex -12.7626 -19.4874 7
    endloop
  endfacet
  facet normal 0 0 1
    outer loop
      vertex -11.0676 -19.13 7
      vertex -12.9347 -19.6384 7
      vertex -10.8111 -19.1811 7
    endloop
  endfacet
  facet normal 0 0 1
    outer loop
      vertex -13.125 -19.7655 7
      vertex -10.8111 -19.1811 7
      vertex -12.9347 -19.6384 7
    endloop
  endfacet
  facet normal 0 0 1
    outer loop
      vertex -10.8111 -19.1811 7
      vertex -13.125 -19.7655 7
      vertex -10.55 -19.1982 7
    endloop
  endfacet
  facet normal 0 0 1
    outer loop
      vertex -13.3303 -19.8668 7
      vertex -10.55 -19.1982 7
      vertex -13.125 -19.7655 7
    endloop
  endfacet
  facet normal 0 0 1
    outer loop
      vertex -9.88895 -19.1811 7
      vertex -13.3303 -19.8668 7
      vertex -13.5471 -19.9404 7
    endloop
  endfacet
  facet normal 0 0 1
    outer loop
      vertex -13.7716 -19.985 7
      vertex 13.7716 -19.985 7
      vertex -13.5471 -19.9404 7
    endloop
  endfacet
  facet normal 0 0 1
    outer loop
      vertex 13.7716 -19.985 7
      vertex -13.7716 -19.985 7
      vertex 14 -20 7
    endloop
  endfacet
  facet normal 0 0 1
    outer loop
      vertex -14 -20 7
      vertex 14 -20 7
      vertex -13.7716 -19.985 7
    endloop
  endfacet
  facet normal 0 0 1
    outer loop
      vertex 14 -20 7
      vertex -14 -20 7
      vertex 21.75 -20.25 7
    endloop
  endfacet
  facet normal 0 0 1
    outer loop
      vertex -15.6904 -15.7971 7
      vertex -31.2821 -12.4895 7
      vertex -15.735 -16.0216 7
    endloop
  endfacet
  facet normal -0 0 1
    outer loop
      vertex -31.3778 -12.9706 7
      vertex -15.735 -16.0216 7
      vertex -31.2821 -12.4895 7
    endloop
  endfacet
  facet normal -0 0 1
    outer loop
      vertex -31.5354 -13.4351 7
      vertex -15.75 -16.25 7
      vertex -31.3778 -12.9706 7
    endloop
  endfacet
  facet normal 0 0 1
    outer loop
      vertex -15.75 -16.25 7
      vertex -31.5354 -13.4351 7
      vertex -15.75 -18.25 7
    endloop
  endfacet
  facet normal 0 0 1
    outer loop
      vertex -31.25 -12 7
      vertex -18.1282 -7.77817 7
      vertex -19.0769 -6.69637 7
    endloop
  endfacet
  facet normal 0 0 1
    outer loop
      vertex -31.25 -12 7
      vertex -19.0769 -6.69637 7
      vertex -19.8763 -5.5 7
    endloop
  endfacet
  facet normal 0 0 1
    outer loop
      vertex -31.25 -12 7
      vertex -19.8763 -5.5 7
      vertex -20.5127 -4.20952 7
    endloop
  endfacet
  facet normal 0 0 1
    outer loop
      vertex -31.25 -12 7
      vertex -20.5127 -4.20952 7
      vertex -20.9752 -2.84701 7
    endloop
  endfacet
  facet normal -0 0 1
    outer loop
      vertex -31.7524 10.125 7
      vertex -20.5127 4.20952 7
      vertex -31.5354 10.5649 7
    endloop
  endfacet
  facet normal 0 0 1
    outer loop
      vertex -21.35 0 7
      vertex -31.25 -12 7
      vertex -21.2559 -1.43579 7
    endloop
  endfacet
  facet normal 0 0 1
    outer loop
      vertex -21.2559 -1.43579 7
      vertex -31.25 -12 7
      vertex -20.9752 -2.84701 7
    endloop
  endfacet
  facet normal 0 0 1
    outer loop
      vertex -18.1282 -7.77817 7
      vertex -31.25 -12 7
      vertex -31.2821 -12.4895 7
    endloop
  endfacet
  facet normal 0 0 1
    outer loop
      vertex -15.735 -16.0216 7
      vertex -31.3778 -12.9706 7
      vertex -15.75 -16.25 7
    endloop
  endfacet
  facet normal -0 0 1
    outer loop
      vertex -31.7524 -13.875 7
      vertex -15.75 -18.25 7
      vertex -31.5354 -13.4351 7
    endloop
  endfacet
  facet normal 0 0 1
    outer loop
      vertex -15.75 -18.25 7
      vertex -31.7524 -13.875 7
      vertex -15.735 -18.4784 7
    endloop
  endfacet
  facet normal -0 0 1
    outer loop
      vertex -32.0249 -14.2829 7
      vertex -15.735 -18.4784 7
      vertex -31.7524 -13.875 7
    endloop
  endfacet
  facet normal 0 0 1
    outer loop
      vertex -15.735 -18.4784 7
      vertex -32.0249 -14.2829 7
      vertex -15.6904 -18.7029 7
    endloop
  endfacet
  facet normal -0 0 1
    outer loop
      vertex -32.3484 -14.6517 7
      vertex -15.6904 -18.7029 7
      vertex -32.0249 -14.2829 7
    endloop
  endfacet
  facet normal 0 0 1
    outer loop
      vertex -15.6904 -18.7029 7
      vertex -32.3484 -14.6517 7
      vertex -15.6168 -18.9197 7
    endloop
  endfacet
  facet normal -0 0 1
    outer loop
      vertex -32.7171 -14.9751 7
      vertex -15.6168 -18.9197 7
      vertex -32.3484 -14.6517 7
    endloop
  endfacet
  facet normal 0 0 1
    outer loop
      vertex -15.6168 -18.9197 7
      vertex -32.7171 -14.9751 7
      vertex -15.5155 -19.125 7
    endloop
  endfacet
  facet normal -0 0 1
    outer loop
      vertex -33.125 -15.2476 7
      vertex -15.5155 -19.125 7
      vertex -32.7171 -14.9751 7
    endloop
  endfacet
  facet normal 0 0 1
    outer loop
      vertex -15.5155 -19.125 7
      vertex -33.125 -15.2476 7
      vertex -15.3884 -19.3153 7
    endloop
  endfacet
  facet normal -0 0 1
    outer loop
      vertex -33.5649 -15.4645 7
      vertex -15.3884 -19.3153 7
      vertex -33.125 -15.2476 7
    endloop
  endfacet
  facet normal 0 0 1
    outer loop
      vertex -15.3884 -19.3153 7
      vertex -33.5649 -15.4645 7
      vertex -15.2374 -19.4874 7
    endloop
  endfacet
  facet normal 0 0 1
    outer loop
      vertex -40 -20.25 7
      vertex -15.2374 -19.4874 7
      vertex -33.5649 -15.4645 7
    endloop
  endfacet
  facet normal 0 0 1
    outer loop
      vertex -15.2374 -19.4874 7
      vertex -40 -20.25 7
      vertex -15.0653 -19.6384 7
    endloop
  endfacet
  facet normal 0 0 1
    outer loop
      vertex -15.0653 -19.6384 7
      vertex -40 -20.25 7
      vertex -14.875 -19.7655 7
    endloop
  endfacet
  facet normal 0 0 1
    outer loop
      vertex -14.875 -19.7655 7
      vertex -40 -20.25 7
      vertex -14.6697 -19.8668 7
    endloop
  endfacet
  facet normal 0 0 1
    outer loop
      vertex -40 -20.25 7
      vertex -33.5649 -15.4645 7
      vertex -34.0294 -15.6222 7
    endloop
  endfacet
  facet normal 0 0 1
    outer loop
      vertex -40 -20.25 7
      vertex -34.0294 -15.6222 7
      vertex -34.5105 -15.7179 7
    endloop
  endfacet
  facet normal 0 0 1
    outer loop
      vertex -40 -20.25 7
      vertex -34.5105 -15.7179 7
      vertex -35 -15.75 7
    endloop
  endfacet
  facet normal 0 0 1
    outer loop
      vertex -40 -20.25 7
      vertex -35 -15.75 7
      vertex -35.4895 -15.7179 7
    endloop
  endfacet
  facet normal 0 0 1
    outer loop
      vertex -40 -20.25 7
      vertex -35.4895 -15.7179 7
      vertex -35.9706 -15.6222 7
    endloop
  endfacet
  facet normal 0 0 1
    outer loop
      vertex -14 -20 7
      vertex -40 -20.25 7
      vertex 21.75 -20.25 7
    endloop
  endfacet
  facet normal 0 0 1
    outer loop
      vertex -14.2284 -19.985 7
      vertex -40 -20.25 7
      vertex -14 -20 7
    endloop
  endfacet
  facet normal 0 0 1
    outer loop
      vertex -14.4529 -19.9404 7
      vertex -40 -20.25 7
      vertex -14.2284 -19.985 7
    endloop
  endfacet
  facet normal 0 0 1
    outer loop
      vertex -14.6697 -19.8668 7
      vertex -40 -20.25 7
      vertex -14.4529 -19.9404 7
    endloop
  endfacet
  facet normal 0 0 1
    outer loop
      vertex -36.4351 -15.4645 7
      vertex -40 -20.25 7
      vertex -35.9706 -15.6222 7
    endloop
  endfacet
  facet normal 0 0 1
    outer loop
      vertex -36.875 -15.2476 7
      vertex -40 -20.25 7
      vertex -36.4351 -15.4645 7
    endloop
  endfacet
  facet normal 0 0 1
    outer loop
      vertex -37.2829 -14.9751 7
      vertex -40 -20.25 7
      vertex -36.875 -15.2476 7
    endloop
  endfacet
  facet normal 0 0 1
    outer loop
      vertex -37.6516 -14.6517 7
      vertex -40 -20.25 7
      vertex -37.2829 -14.9751 7
    endloop
  endfacet
  facet normal 0 0 1
    outer loop
      vertex -43 -17.25 7
      vertex -37.6516 -14.6517 7
      vertex -37.9751 -14.2829 7
    endloop
  endfacet
  facet normal 0 0 1
    outer loop
      vertex -43 -17.25 7
      vertex -37.9751 -14.2829 7
      vertex -38.2476 -13.875 7
    endloop
  endfacet
  facet normal 0 0 1
    outer loop
      vertex -43 -17.25 7
      vertex -38.2476 -13.875 7
      vertex -38.4645 -13.4351 7
    endloop
  endfacet
  facet normal 0 0 1
    outer loop
      vertex -43 -17.25 7
      vertex -38.4645 -13.4351 7
      vertex -38.6222 -12.9706 7
    endloop
  endfacet
  facet normal 0 0 1
    outer loop
      vertex -43 -17.25 7
      vertex -38.6222 -12.9706 7
      vertex -38.7179 -12.4895 7
    endloop
  endfacet
  facet normal 0 0 1
    outer loop
      vertex -43 -17.25 7
      vertex -38.7179 -12.4895 7
      vertex -38.75 -12 7
    endloop
  endfacet
  facet normal 0 0 1
    outer loop
      vertex -38.6222 -11.0294 7
      vertex -43 -17.25 7
      vertex -38.7179 -11.5105 7
    endloop
  endfacet
  facet normal 0 0 1
    outer loop
      vertex -43 17.25 7
      vertex -40 20.25 7
      vertex -40.3916 20.2243 7
    endloop
  endfacet
  facet normal 0 0 1
    outer loop
      vertex -38.7179 -11.5105 7
      vertex -43 -17.25 7
      vertex -38.75 -12 7
    endloop
  endfacet
  facet normal 0 0 1
    outer loop
      vertex -43 17.25 7
      vertex -40.3916 20.2243 7
      vertex -40.7764 20.1478 7
    endloop
  endfacet
  facet normal 0 0 1
    outer loop
      vertex -37.6516 -14.6517 7
      vertex -43 -17.25 7
      vertex -40 -20.25 7
    endloop
  endfacet
  facet normal 0 0 1
    outer loop
      vertex -43 17.25 7
      vertex -40.7764 20.1478 7
      vertex -41.148 20.0216 7
    endloop
  endfacet
  facet normal 0 0 1
    outer loop
      vertex -40 -20.25 7
      vertex -43 -17.25 7
      vertex -40.3916 -20.2243 7
    endloop
  endfacet
  facet normal 0 0 1
    outer loop
      vertex -43 17.25 7
      vertex -41.148 20.0216 7
      vertex -41.5 19.8481 7
    endloop
  endfacet
  facet normal 0 0 1
    outer loop
      vertex -40.3916 -20.2243 7
      vertex -43 -17.25 7
      vertex -40.7764 -20.1478 7
    endloop
  endfacet
  facet normal 0 0 1
    outer loop
      vertex -43 17.25 7
      vertex -41.5 19.8481 7
      vertex -41.8263 19.6301 7
    endloop
  endfacet
  facet normal 0 0 1
    outer loop
      vertex -40.7764 -20.1478 7
      vertex -43 -17.25 7
      vertex -41.148 -20.0216 7
    endloop
  endfacet
  facet normal 0 0 1
    outer loop
      vertex -43 17.25 7
      vertex -41.8263 19.6301 7
      vertex -42.1213 19.3713 7
    endloop
  endfacet
  facet normal 0 0 1
    outer loop
      vertex -41.148 -20.0216 7
      vertex -43 -17.25 7
      vertex -41.5 -19.8481 7
    endloop
  endfacet
  facet normal 0 0 1
    outer loop
      vertex -43 17.25 7
      vertex -42.1213 19.3713 7
      vertex -42.3801 19.0763 7
    endloop
  endfacet
  facet normal 0 0 1
    outer loop
      vertex -41.5 -19.8481 7
      vertex -43 -17.25 7
      vertex -41.8263 -19.6301 7
    endloop
  endfacet
  facet normal 0 0 1
    outer loop
      vertex -43 17.25 7
      vertex -42.3801 19.0763 7
      vertex -42.5981 18.75 7
    endloop
  endfacet
  facet normal 0 0 1
    outer loop
      vertex -41.8263 -19.6301 7
      vertex -43 -17.25 7
      vertex -42.1213 -19.3713 7
    endloop
  endfacet
  facet normal 0 0 1
    outer loop
      vertex -43 17.25 7
      vertex -42.5981 18.75 7
      vertex -42.7716 18.398 7
    endloop
  endfacet
  facet normal 0 0 1
    outer loop
      vertex -42.1213 -19.3713 7
      vertex -43 -17.25 7
      vertex -42.3801 -19.0763 7
    endloop
  endfacet
  facet normal 0 0 1
    outer loop
      vertex -43 17.25 7
      vertex -42.7716 18.398 7
      vertex -42.8978 18.0264 7
    endloop
  endfacet
  facet normal 0 0 1
    outer loop
      vertex -42.3801 -19.0763 7
      vertex -43 -17.25 7
      vertex -42.5981 -18.75 7
    endloop
  endfacet
  facet normal 0 0 1
    outer loop
      vertex -43 17.25 7
      vertex -42.8978 18.0264 7
      vertex -42.9743 17.6416 7
    endloop
  endfacet
  facet normal 0 0 1
    outer loop
      vertex -42.5981 -18.75 7
      vertex -43 -17.25 7
      vertex -42.7716 -18.398 7
    endloop
  endfacet
  facet normal 0 0 1
    outer loop
      vertex -42.7716 -18.398 7
      vertex -43 -17.25 7
      vertex -42.8978 -18.0264 7
    endloop
  endfacet
  facet normal 0 0 1
    outer loop
      vertex -42.8978 -18.0264 7
      vertex -43 -17.25 7
      vertex -42.9743 -17.6416 7
    endloop
  endfacet
  facet normal 0 0 1
    outer loop
      vertex -7.50299 10.6252 7
      vertex -8.15 17.1982 7
      vertex -8.15 10.7539 7
    endloop
  endfacet
  facet normal 0 0 1
    outer loop
      vertex -12.1367 18.4157 7
      vertex -12.25 18.25 7
      vertex -12.25 18.2461 7
    endloop
  endfacet
  facet normal -0 0 1
    outer loop
      vertex -12.6116 15.1847 7
      vertex -12.55 10.7539 7
      vertex -12.55 15.2769 7
    endloop
  endfacet
  facet normal -0 0 1
    outer loop
      vertex -12.7626 15.0126 7
      vertex -12.55 10.7539 7
      vertex -12.6116 15.1847 7
    endloop
  endfacet
  facet normal -0 0 1
    outer loop
      vertex -12.9347 14.8616 7
      vertex -12.55 10.7539 7
      vertex -12.7626 15.0126 7
    endloop
  endfacet
  facet normal -0 0 1
    outer loop
      vertex -13.125 14.7345 7
      vertex -12.55 10.7539 7
      vertex -12.9347 14.8616 7
    endloop
  endfacet
  facet normal -0 0 1
    outer loop
      vertex -13.3303 14.6332 7
      vertex -12.55 10.7539 7
      vertex -13.125 14.7345 7
    endloop
  endfacet
  facet normal -0 0 1
    outer loop
      vertex -13.5471 14.5596 7
      vertex -12.55 10.7539 7
      vertex -13.3303 14.6332 7
    endloop
  endfacet
  facet normal 0 0 1
    outer loop
      vertex -12.55 10.7539 7
      vertex -13.5471 14.5596 7
      vertex -13.197 10.6252 7
    endloop
  endfacet
  facet normal -0 0 1
    outer loop
      vertex -13.7716 14.515 7
      vertex -13.197 10.6252 7
      vertex -13.5471 14.5596 7
    endloop
  endfacet
  facet normal -0 0 1
    outer loop
      vertex -14 14.5 7
      vertex -13.197 10.6252 7
      vertex -13.7716 14.515 7
    endloop
  endfacet
  facet normal 0 0 1
    outer loop
      vertex -14.2284 14.515 7
      vertex -13.197 10.6252 7
      vertex -14 14.5 7
    endloop
  endfacet
  facet normal 0 0 1
    outer loop
      vertex -14.5595 10.1627 7
      vertex -14.2284 14.515 7
      vertex -14.4529 14.5596 7
    endloop
  endfacet
  facet normal 0 0 1
    outer loop
      vertex -14.2284 14.515 7
      vertex -14.5595 10.1627 7
      vertex -13.197 10.6252 7
    endloop
  endfacet
  facet normal 0 0 1
    outer loop
      vertex -14.6697 14.6332 7
      vertex -14.5595 10.1627 7
      vertex -14.4529 14.5596 7
    endloop
  endfacet
  facet normal 0 0 1
    outer loop
      vertex -14.875 14.7345 7
      vertex -14.5595 10.1627 7
      vertex -14.6697 14.6332 7
    endloop
  endfacet
  facet normal 0 0 1
    outer loop
      vertex -15.85 9.52628 7
      vertex -14.875 14.7345 7
      vertex -15.0653 14.8616 7
    endloop
  endfacet
  facet normal 0 0 1
    outer loop
      vertex -15.85 9.52628 7
      vertex -15.0653 14.8616 7
      vertex -15.2374 15.0126 7
    endloop
  endfacet
  facet normal 0 0 1
    outer loop
      vertex -15.85 9.52628 7
      vertex -15.2374 15.0126 7
      vertex -15.3884 15.1847 7
    endloop
  endfacet
  facet normal 0 0 1
    outer loop
      vertex -15.85 9.52628 7
      vertex -15.3884 15.1847 7
      vertex -15.5155 15.375 7
    endloop
  endfacet
  facet normal 0 0 1
    outer loop
      vertex -15.85 9.52628 7
      vertex -15.5155 15.375 7
      vertex -15.6168 15.5803 7
    endloop
  endfacet
  facet normal 0 0 1
    outer loop
      vertex -15.85 9.52628 7
      vertex -15.6168 15.5803 7
      vertex -15.6904 15.7971 7
    endloop
  endfacet
  facet normal 0 0 1
    outer loop
      vertex -14.875 14.7345 7
      vertex -15.85 9.52628 7
      vertex -14.5595 10.1627 7
    endloop
  endfacet
  facet normal 0 0 1
    outer loop
      vertex -15.735 16.0216 7
      vertex -15.85 9.52628 7
      vertex -15.6904 15.7971 7
    endloop
  endfacet
  facet normal 0 0 1
    outer loop
      vertex -15.85 9.52628 7
      vertex -15.735 16.0216 7
      vertex -15.75 16.25 7
    endloop
  endfacet
  facet normal 0.896961 0.44211 0
    outer loop
      vertex 24.5216 18.398 7
      vertex 24.3481 18.75 0
      vertex 24.3481 18.75 7
    endloop
  endfacet
  facet normal 0.896961 0.44211 0
    outer loop
      vertex 24.3481 18.75 0
      vertex 24.5216 18.398 7
      vertex 24.5216 18.398 0
    endloop
  endfacet
  facet normal 0 0 -1
    outer loop
      vertex -33.215 -10.6303 0
      vertex -20.5127 -4.20952 0
      vertex -33.0514 -10.875 0
    endloop
  endfacet
  facet normal 0 0 -1
    outer loop
      vertex -21.35 0 0
      vertex -32.7692 11.7063 0
      vertex -32.75 12 0
    endloop
  endfacet
  facet normal -0 0 -1
    outer loop
      vertex -20.5127 -4.20952 0
      vertex -33.215 -10.6303 0
      vertex -20.9752 -2.84701 0
    endloop
  endfacet
  facet normal 0 0 -1
    outer loop
      vertex -21.35 0 0
      vertex -32.8267 11.4177 0
      vertex -32.7692 11.7063 0
    endloop
  endfacet
  facet normal 0 0 -1
    outer loop
      vertex -33.409 -10.409 0
      vertex -20.9752 -2.84701 0
      vertex -33.215 -10.6303 0
    endloop
  endfacet
  facet normal 0 0 -1
    outer loop
      vertex -21.35 0 0
      vertex -32.9213 11.139 0
      vertex -32.8267 11.4177 0
    endloop
  endfacet
  facet normal 0 0 -1
    outer loop
      vertex -33.6303 -10.215 0
      vertex -20.9752 -2.84701 0
      vertex -33.409 -10.409 0
    endloop
  endfacet
  facet normal 0 0 -1
    outer loop
      vertex -21.35 0 0
      vertex -33.0514 10.875 0
      vertex -32.9213 11.139 0
    endloop
  endfacet
  facet normal -0 0 -1
    outer loop
      vertex -20.9752 -2.84701 0
      vertex -33.6303 -10.215 0
      vertex -21.2559 -1.43579 0
    endloop
  endfacet
  facet normal 0 0 -1
    outer loop
      vertex -21.35 0 0
      vertex -33.215 10.6303 0
      vertex -33.0514 10.875 0
    endloop
  endfacet
  facet normal 0 0 -1
    outer loop
      vertex -33.875 -10.0514 0
      vertex -21.2559 -1.43579 0
      vertex -33.6303 -10.215 0
    endloop
  endfacet
  facet normal 0 0 -1
    outer loop
      vertex -21.35 0 0
      vertex -33.409 10.409 0
      vertex -33.215 10.6303 0
    endloop
  endfacet
  facet normal 0 0 -1
    outer loop
      vertex -34.139 -9.92127 0
      vertex -21.2559 -1.43579 0
      vertex -33.875 -10.0514 0
    endloop
  endfacet
  facet normal 0 0 -1
    outer loop
      vertex -21.35 0 0
      vertex -33.6303 10.215 0
      vertex -33.409 10.409 0
    endloop
  endfacet
  facet normal -0 0 -1
    outer loop
      vertex -21.2559 -1.43579 0
      vertex -34.139 -9.92127 0
      vertex -21.35 0 0
    endloop
  endfacet
  facet normal 0 0 -1
    outer loop
      vertex -21.35 0 0
      vertex -33.875 10.0514 0
      vertex -33.6303 10.215 0
    endloop
  endfacet
  facet normal 0 0 -1
    outer loop
      vertex -34.4177 -9.82667 0
      vertex -21.35 0 0
      vertex -34.139 -9.92127 0
    endloop
  endfacet
  facet normal 0 0 -1
    outer loop
      vertex -21.35 0 0
      vertex -34.139 9.92127 0
      vertex -33.875 10.0514 0
    endloop
  endfacet
  facet normal 0 0 -1
    outer loop
      vertex -34.4177 9.82667 0
      vertex -21.35 0 0
      vertex -34.4177 -9.82667 0
    endloop
  endfacet
  facet normal 0 0 -1
    outer loop
      vertex -21.35 0 0
      vertex -34.4177 9.82667 0
      vertex -34.139 9.92127 0
    endloop
  endfacet
  facet normal 0 0 -1
    outer loop
      vertex -34.7063 -9.76925 0
      vertex -34.4177 9.82667 0
      vertex -34.4177 -9.82667 0
    endloop
  endfacet
  facet normal 0 0 -1
    outer loop
      vertex -34.7063 -9.76925 0
      vertex -34.7063 9.76925 0
      vertex -34.4177 9.82667 0
    endloop
  endfacet
  facet normal 0 0 -1
    outer loop
      vertex -35 -9.75 0
      vertex -34.7063 9.76925 0
      vertex -34.7063 -9.76925 0
    endloop
  endfacet
  facet normal 0 0 -1
    outer loop
      vertex -35 -9.75 0
      vertex -35 9.75 0
      vertex -34.7063 9.76925 0
    endloop
  endfacet
  facet normal 0 0 -1
    outer loop
      vertex -35.2937 -9.76925 0
      vertex -35 9.75 0
      vertex -35 -9.75 0
    endloop
  endfacet
  facet normal 0 0 -1
    outer loop
      vertex -35.2937 -9.76925 0
      vertex -35.2937 9.76925 0
      vertex -35 9.75 0
    endloop
  endfacet
  facet normal 0 0 -1
    outer loop
      vertex -35.5823 -9.82667 0
      vertex -35.2937 9.76925 0
      vertex -35.2937 -9.76925 0
    endloop
  endfacet
  facet normal 0 0 -1
    outer loop
      vertex -35.5823 -9.82667 0
      vertex -35.5823 9.82667 0
      vertex -35.2937 9.76925 0
    endloop
  endfacet
  facet normal 0 0 -1
    outer loop
      vertex -35.861 -9.92127 0
      vertex -35.5823 9.82667 0
      vertex -35.5823 -9.82667 0
    endloop
  endfacet
  facet normal 0 0 -1
    outer loop
      vertex -35.861 -9.92127 0
      vertex -35.861 9.92127 0
      vertex -35.5823 9.82667 0
    endloop
  endfacet
  facet normal 0 0 -1
    outer loop
      vertex -36.125 -10.0514 0
      vertex -35.861 9.92127 0
      vertex -35.861 -9.92127 0
    endloop
  endfacet
  facet normal 0 0 -1
    outer loop
      vertex -36.125 -10.0514 0
      vertex -36.125 10.0514 0
      vertex -35.861 9.92127 0
    endloop
  endfacet
  facet normal 0 0 -1
    outer loop
      vertex -36.3697 -10.215 0
      vertex -36.125 10.0514 0
      vertex -36.125 -10.0514 0
    endloop
  endfacet
  facet normal 0 0 -1
    outer loop
      vertex -36.3697 -10.215 0
      vertex -36.3697 10.215 0
      vertex -36.125 10.0514 0
    endloop
  endfacet
  facet normal 0 0 -1
    outer loop
      vertex -36.591 -10.409 0
      vertex -36.3697 10.215 0
      vertex -36.3697 -10.215 0
    endloop
  endfacet
  facet normal 0 0 -1
    outer loop
      vertex -36.591 -10.409 0
      vertex -36.591 10.409 0
      vertex -36.3697 10.215 0
    endloop
  endfacet
  facet normal 0 0 -1
    outer loop
      vertex -36.785 -10.6303 0
      vertex -36.591 10.409 0
      vertex -36.591 -10.409 0
    endloop
  endfacet
  facet normal 0 0 -1
    outer loop
      vertex -36.785 -10.6303 0
      vertex -36.785 10.6303 0
      vertex -36.591 10.409 0
    endloop
  endfacet
  facet normal 0 0 -1
    outer loop
      vertex -36.9486 -10.875 0
      vertex -36.785 10.6303 0
      vertex -36.785 -10.6303 0
    endloop
  endfacet
  facet normal 0 0 -1
    outer loop
      vertex -36.9486 -10.875 0
      vertex -36.9486 10.875 0
      vertex -36.785 10.6303 0
    endloop
  endfacet
  facet normal 0 0 -1
    outer loop
      vertex -43 -17.25 0
      vertex -36.9486 -10.875 0
      vertex -37.0787 -11.139 0
    endloop
  endfacet
  facet normal -0 0 -1
    outer loop
      vertex -36.9486 -10.875 0
      vertex -43 -17.25 0
      vertex -36.9486 10.875 0
    endloop
  endfacet
  facet normal 0 0 -1
    outer loop
      vertex -43 -17.25 0
      vertex -37.0787 -11.139 0
      vertex -37.1733 -11.4177 0
    endloop
  endfacet
  facet normal 0 0 -1
    outer loop
      vertex -43 17.25 0
      vertex -36.9486 10.875 0
      vertex -43 -17.25 0
    endloop
  endfacet
  facet normal 0 0 -1
    outer loop
      vertex -43 -17.25 0
      vertex -37.1733 -11.4177 0
      vertex -37.2308 -11.7063 0
    endloop
  endfacet
  facet normal 0 0 -1
    outer loop
      vertex -36.9486 10.875 0
      vertex -43 17.25 0
      vertex -37.0787 11.139 0
    endloop
  endfacet
  facet normal 0 0 -1
    outer loop
      vertex -43 -17.25 0
      vertex -37.2308 -11.7063 0
      vertex -37.25 -12 0
    endloop
  endfacet
  facet normal 0 0 -1
    outer loop
      vertex -37.0787 11.139 0
      vertex -43 17.25 0
      vertex -37.1733 11.4177 0
    endloop
  endfacet
  facet normal 0 0 -1
    outer loop
      vertex -7.50299 10.6252 0
      vertex -12.265 16.0216 0
      vertex -12.25 16.25 0
    endloop
  endfacet
  facet normal 0 0 -1
    outer loop
      vertex -10.35 11 0
      vertex -12.3096 15.7971 0
      vertex -12.265 16.0216 0
    endloop
  endfacet
  facet normal 0 0 -1
    outer loop
      vertex -10.35 11 0
      vertex -12.3832 15.5803 0
      vertex -12.3096 15.7971 0
    endloop
  endfacet
  facet normal 0 0 -1
    outer loop
      vertex -10.35 11 0
      vertex -12.4845 15.375 0
      vertex -12.3832 15.5803 0
    endloop
  endfacet
  facet normal 0 0 -1
    outer loop
      vertex -10.35 11 0
      vertex -12.6116 15.1847 0
      vertex -12.4845 15.375 0
    endloop
  endfacet
  facet normal 0 0 -1
    outer loop
      vertex -10.35 11 0
      vertex -12.7626 15.0126 0
      vertex -12.6116 15.1847 0
    endloop
  endfacet
  facet normal 0 0 -1
    outer loop
      vertex -11.7858 10.9059 0
      vertex -12.9347 14.8616 0
      vertex -12.7626 15.0126 0
    endloop
  endfacet
  facet normal 0 0 -1
    outer loop
      vertex -11.7858 10.9059 0
      vertex -13.125 14.7345 0
      vertex -12.9347 14.8616 0
    endloop
  endfacet
  facet normal 0 0 -1
    outer loop
      vertex -13.5471 14.5596 0
      vertex -11.7858 10.9059 0
      vertex -13.197 10.6252 0
    endloop
  endfacet
  facet normal 0 0 -1
    outer loop
      vertex -11.7858 10.9059 0
      vertex -13.3303 14.6332 0
      vertex -13.125 14.7345 0
    endloop
  endfacet
  facet normal 0 0 -1
    outer loop
      vertex -11.7858 10.9059 0
      vertex -13.5471 14.5596 0
      vertex -13.3303 14.6332 0
    endloop
  endfacet
  facet normal 0 0 -1
    outer loop
      vertex -13.197 10.6252 0
      vertex -13.7716 14.515 0
      vertex -13.5471 14.5596 0
    endloop
  endfacet
  facet normal 0 0 -1
    outer loop
      vertex -13.197 10.6252 0
      vertex -14 14.5 0
      vertex -13.7716 14.515 0
    endloop
  endfacet
  facet normal 0 0 -1
    outer loop
      vertex -13.197 10.6252 0
      vertex -14.2284 14.515 0
      vertex -14 14.5 0
    endloop
  endfacet
  facet normal 0 0 -1
    outer loop
      vertex -14.5595 10.1627 0
      vertex -14.2284 14.515 0
      vertex -13.197 10.6252 0
    endloop
  endfacet
  facet normal -0 0 -1
    outer loop
      vertex -14.2284 14.515 0
      vertex -14.5595 10.1627 0
      vertex -14.4529 14.5596 0
    endloop
  endfacet
  facet normal 0 0 -1
    outer loop
      vertex -14.5595 10.1627 0
      vertex -14.6697 14.6332 0
      vertex -14.4529 14.5596 0
    endloop
  endfacet
  facet normal 0 0 -1
    outer loop
      vertex -14.5595 10.1627 0
      vertex -14.875 14.7345 0
      vertex -14.6697 14.6332 0
    endloop
  endfacet
  facet normal 0 0 -1
    outer loop
      vertex -15.85 9.52628 0
      vertex -14.875 14.7345 0
      vertex -14.5595 10.1627 0
    endloop
  endfacet
  facet normal -0 0 -1
    outer loop
      vertex -14.875 14.7345 0
      vertex -15.85 9.52628 0
      vertex -15.0653 14.8616 0
    endloop
  endfacet
  facet normal -0 0 -1
    outer loop
      vertex -15.0653 14.8616 0
      vertex -15.85 9.52628 0
      vertex -15.2374 15.0126 0
    endloop
  endfacet
  facet normal -0 0 -1
    outer loop
      vertex -15.2374 15.0126 0
      vertex -15.85 9.52628 0
      vertex -15.3884 15.1847 0
    endloop
  endfacet
  facet normal 0 0 -1
    outer loop
      vertex -17.0464 8.72689 0
      vertex -15.3884 15.1847 0
      vertex -15.85 9.52628 0
    endloop
  endfacet
  facet normal -0 0 -1
    outer loop
      vertex -15.3884 15.1847 0
      vertex -17.0464 8.72689 0
      vertex -15.5155 15.375 0
    endloop
  endfacet
  facet normal 0 0 -1
    outer loop
      vertex -32.7692 12.2937 0
      vertex -15.6904 15.7971 0
      vertex -18.1282 7.77817 0
    endloop
  endfacet
  facet normal -0 0 -1
    outer loop
      vertex -15.6168 15.5803 0
      vertex -18.1282 7.77817 0
      vertex -15.6904 15.7971 0
    endloop
  endfacet
  facet normal 0 0 -1
    outer loop
      vertex -18.1282 7.77817 0
      vertex -15.6168 15.5803 0
      vertex -17.0464 8.72689 0
    endloop
  endfacet
  facet normal -0 0 -1
    outer loop
      vertex -15.5155 15.375 0
      vertex -17.0464 8.72689 0
      vertex -15.6168 15.5803 0
    endloop
  endfacet
  facet normal 0 0 -1
    outer loop
      vertex 15.6168 -15.5803 0
      vertex 24.75 -17.25 0
      vertex 15.6904 -15.7971 0
    endloop
  endfacet
  facet normal 0 0 -1
    outer loop
      vertex 24.75 17.25 0
      vertex 15.735 16.0216 0
      vertex 15.75 16.25 0
    endloop
  endfacet
  facet normal 0 0 -1
    outer loop
      vertex 15.5155 -15.375 0
      vertex 24.75 -17.25 0
      vertex 15.6168 -15.5803 0
    endloop
  endfacet
  facet normal 0 0 -1
    outer loop
      vertex 24.75 17.25 0
      vertex 15.6904 15.7971 0
      vertex 15.735 16.0216 0
    endloop
  endfacet
  facet normal 0 0 -1
    outer loop
      vertex 15.3884 -15.1847 0
      vertex 24.75 -17.25 0
      vertex 15.5155 -15.375 0
    endloop
  endfacet
  facet normal 0 0 -1
    outer loop
      vertex 24.75 17.25 0
      vertex 15.6168 15.5803 0
      vertex 15.6904 15.7971 0
    endloop
  endfacet
  facet normal 0 0 -1
    outer loop
      vertex 15.2374 -15.0126 0
      vertex 24.75 -17.25 0
      vertex 15.3884 -15.1847 0
    endloop
  endfacet
  facet normal 0 0 -1
    outer loop
      vertex 24.75 17.25 0
      vertex 15.5155 15.375 0
      vertex 15.6168 15.5803 0
    endloop
  endfacet
  facet normal 0 0 -1
    outer loop
      vertex 15.0653 -14.8616 0
      vertex 24.75 -17.25 0
      vertex 15.2374 -15.0126 0
    endloop
  endfacet
  facet normal 0 0 -1
    outer loop
      vertex 24.75 17.25 0
      vertex 15.3884 15.1847 0
      vertex 15.5155 15.375 0
    endloop
  endfacet
  facet normal 0 0 -1
    outer loop
      vertex 14.875 -14.7345 0
      vertex 24.75 -17.25 0
      vertex 15.0653 -14.8616 0
    endloop
  endfacet
  facet normal 0 0 -1
    outer loop
      vertex 24.75 17.25 0
      vertex 15.2374 15.0126 0
      vertex 15.3884 15.1847 0
    endloop
  endfacet
  facet normal 0 0 -1
    outer loop
      vertex 24.75 -17.25 0
      vertex 14.875 -14.7345 0
      vertex 24.75 17.25 0
    endloop
  endfacet
  facet normal 0 0 -1
    outer loop
      vertex 24.75 17.25 0
      vertex 15.0653 14.8616 0
      vertex 15.2374 15.0126 0
    endloop
  endfacet
  facet normal 0 0 -1
    outer loop
      vertex 14.875 14.7345 0
      vertex 24.75 17.25 0
      vertex 14.875 -14.7345 0
    endloop
  endfacet
  facet normal 0 0 -1
    outer loop
      vertex 24.75 17.25 0
      vertex 14.875 14.7345 0
      vertex 15.0653 14.8616 0
    endloop
  endfacet
  facet normal 0 0 -1
    outer loop
      vertex 14.6697 -14.6332 0
      vertex 14.875 14.7345 0
      vertex 14.875 -14.7345 0
    endloop
  endfacet
  facet normal 0 0 -1
    outer loop
      vertex 14.6697 -14.6332 0
      vertex 14.6697 14.6332 0
      vertex 14.875 14.7345 0
    endloop
  endfacet
  facet normal 0 0 -1
    outer loop
      vertex 14.4529 -14.5596 0
      vertex 14.6697 14.6332 0
      vertex 14.6697 -14.6332 0
    endloop
  endfacet
  facet normal 0 0 -1
    outer loop
      vertex 14.4529 -14.5596 0
      vertex 14.4529 14.5596 0
      vertex 14.6697 14.6332 0
    endloop
  endfacet
  facet normal 0 0 -1
    outer loop
      vertex 14.2284 -14.515 0
      vertex 14.4529 14.5596 0
      vertex 14.4529 -14.5596 0
    endloop
  endfacet
  facet normal 0 0 -1
    outer loop
      vertex 14.2284 -14.515 0
      vertex 14.2284 14.515 0
      vertex 14.4529 14.5596 0
    endloop
  endfacet
  facet normal 0 0 -1
    outer loop
      vertex 14 -14.5 0
      vertex 14.2284 14.515 0
      vertex 14.2284 -14.515 0
    endloop
  endfacet
  facet normal 0 0 -1
    outer loop
      vertex 14 -14.5 0
      vertex 14 14.5 0
      vertex 14.2284 14.515 0
    endloop
  endfacet
  facet normal 0 0 -1
    outer loop
      vertex 0.555893 -1.43579 0
      vertex 14 -14.5 0
      vertex 13.7716 -14.515 0
    endloop
  endfacet
  facet normal 0 0 -1
    outer loop
      vertex 14 -14.5 0
      vertex 0.65 0 0
      vertex 14 14.5 0
    endloop
  endfacet
  facet normal 0 0 -1
    outer loop
      vertex 0.555893 -1.43579 0
      vertex 13.7716 -14.515 0
      vertex 13.5471 -14.5596 0
    endloop
  endfacet
  facet normal 0 0 -1
    outer loop
      vertex 0.555893 1.43579 0
      vertex 14 14.5 0
      vertex 0.65 0 0
    endloop
  endfacet
  facet normal 0 0 -1
    outer loop
      vertex 0.275184 -2.84701 0
      vertex 13.5471 -14.5596 0
      vertex 13.3303 -14.6332 0
    endloop
  endfacet
  facet normal -0 0 -1
    outer loop
      vertex 14 14.5 0
      vertex 0.555893 1.43579 0
      vertex 13.7716 14.515 0
    endloop
  endfacet
  facet normal 0 0 -1
    outer loop
      vertex 0.275184 -2.84701 0
      vertex 13.3303 -14.6332 0
      vertex 13.125 -14.7345 0
    endloop
  endfacet
  facet normal -0 0 -1
    outer loop
      vertex 13.7716 14.515 0
      vertex 0.555893 1.43579 0
      vertex 13.5471 14.5596 0
    endloop
  endfacet
  facet normal 0 0 -1
    outer loop
      vertex -0.187325 -4.20952 0
      vertex 13.125 -14.7345 0
      vertex 12.9347 -14.8616 0
    endloop
  endfacet
  facet normal 0 0 -1
    outer loop
      vertex 0.275184 2.84701 0
      vertex 13.5471 14.5596 0
      vertex 0.555893 1.43579 0
    endloop
  endfacet
  facet normal 0 0 -1
    outer loop
      vertex -0.187325 -4.20952 0
      vertex 12.9347 -14.8616 0
      vertex 12.7626 -15.0126 0
    endloop
  endfacet
  facet normal -0 0 -1
    outer loop
      vertex 13.5471 14.5596 0
      vertex 0.275184 2.84701 0
      vertex 13.3303 14.6332 0
    endloop
  endfacet
  facet normal 0 0 -1
    outer loop
      vertex -0.82372 -5.5 0
      vertex 12.7626 -15.0126 0
      vertex 12.6116 -15.1847 0
    endloop
  endfacet
  facet normal -0 0 -1
    outer loop
      vertex 13.3303 14.6332 0
      vertex 0.275184 2.84701 0
      vertex 13.125 14.7345 0
    endloop
  endfacet
  facet normal 0 0 -1
    outer loop
      vertex -0.82372 -5.5 0
      vertex 12.6116 -15.1847 0
      vertex 12.4845 -15.375 0
    endloop
  endfacet
  facet normal 0 0 -1
    outer loop
      vertex -0.187325 4.20952 0
      vertex 13.125 14.7345 0
      vertex 0.275184 2.84701 0
    endloop
  endfacet
  facet normal 0 0 -1
    outer loop
      vertex -1.62311 -6.69637 0
      vertex 12.4845 -15.375 0
      vertex 12.3832 -15.5803 0
    endloop
  endfacet
  facet normal -0 0 -1
    outer loop
      vertex 13.125 14.7345 0
      vertex -0.187325 4.20952 0
      vertex 12.9347 14.8616 0
    endloop
  endfacet
  facet normal 0 0 -1
    outer loop
      vertex -2.57183 -7.77817 0
      vertex 12.3832 -15.5803 0
      vertex 12.3096 -15.7971 0
    endloop
  endfacet
  facet normal -0 0 -1
    outer loop
      vertex 12.9347 14.8616 0
      vertex -0.187325 4.20952 0
      vertex 12.7626 15.0126 0
    endloop
  endfacet
  facet normal 0 0 -1
    outer loop
      vertex -2.57183 -7.77817 0
      vertex 12.3096 -15.7971 0
      vertex 12.265 -16.0216 0
    endloop
  endfacet
  facet normal 0 0 -1
    outer loop
      vertex -0.82372 5.5 0
      vertex 12.7626 15.0126 0
      vertex -0.187325 4.20952 0
    endloop
  endfacet
  facet normal 0 0 -1
    outer loop
      vertex -3.65362 -8.72689 0
      vertex 12.265 -16.0216 0
      vertex 12.25 -16.25 0
    endloop
  endfacet
  facet normal -0 0 -1
    outer loop
      vertex 12.7626 15.0126 0
      vertex -0.82372 5.5 0
      vertex 12.6116 15.1847 0
    endloop
  endfacet
  facet normal 0 0 -1
    outer loop
      vertex 21.75 -20.25 0
      vertex 24.75 -17.25 0
      vertex 24.7243 -17.6416 0
    endloop
  endfacet
  facet normal 0 0 -1
    outer loop
      vertex 15.735 -16.0216 0
      vertex 24.75 -17.25 0
      vertex 15.75 -16.25 0
    endloop
  endfacet
  facet normal 0 0 -1
    outer loop
      vertex 21.75 -20.25 0
      vertex 24.7243 -17.6416 0
      vertex 24.6478 -18.0264 0
    endloop
  endfacet
  facet normal 0 0 -1
    outer loop
      vertex 15.6904 -15.7971 0
      vertex 24.75 -17.25 0
      vertex 15.735 -16.0216 0
    endloop
  endfacet
  facet normal 0 0 -1
    outer loop
      vertex 21.75 -20.25 0
      vertex 24.6478 -18.0264 0
      vertex 24.5216 -18.398 0
    endloop
  endfacet
  facet normal 0 -0 -1
    outer loop
      vertex 21.75 20.25 0
      vertex 24.75 17.25 0
      vertex 15.75 16.25 0
    endloop
  endfacet
  facet normal 0 0 -1
    outer loop
      vertex 21.75 -20.25 0
      vertex 24.5216 -18.398 0
      vertex 24.3481 -18.75 0
    endloop
  endfacet
  facet normal 0 0 -1
    outer loop
      vertex 24.75 17.25 0
      vertex 21.75 20.25 0
      vertex 24.7243 17.6416 0
    endloop
  endfacet
  facet normal 0 0 -1
    outer loop
      vertex 21.75 -20.25 0
      vertex 24.3481 -18.75 0
      vertex 24.1301 -19.0763 0
    endloop
  endfacet
  facet normal 0 0 -1
    outer loop
      vertex 24.7243 17.6416 0
      vertex 21.75 20.25 0
      vertex 24.6478 18.0264 0
    endloop
  endfacet
  facet normal 0 0 -1
    outer loop
      vertex 21.75 -20.25 0
      vertex 24.1301 -19.0763 0
      vertex 23.8713 -19.3713 0
    endloop
  endfacet
  facet normal 0 0 -1
    outer loop
      vertex 24.6478 18.0264 0
      vertex 21.75 20.25 0
      vertex 24.5216 18.398 0
    endloop
  endfacet
  facet normal 0 0 -1
    outer loop
      vertex 21.75 -20.25 0
      vertex 23.8713 -19.3713 0
      vertex 23.5763 -19.6301 0
    endloop
  endfacet
  facet normal 0 0 -1
    outer loop
      vertex 24.5216 18.398 0
      vertex 21.75 20.25 0
      vertex 24.3481 18.75 0
    endloop
  endfacet
  facet normal 0 0 -1
    outer loop
      vertex 21.75 -20.25 0
      vertex 23.5763 -19.6301 0
      vertex 23.25 -19.8481 0
    endloop
  endfacet
  facet normal 0 0 -1
    outer loop
      vertex 24.3481 18.75 0
      vertex 21.75 20.25 0
      vertex 24.1301 19.0763 0
    endloop
  endfacet
  facet normal 0 0 -1
    outer loop
      vertex 21.75 -20.25 0
      vertex 23.25 -19.8481 0
      vertex 22.898 -20.0216 0
    endloop
  endfacet
  facet normal 0 0 -1
    outer loop
      vertex 24.1301 19.0763 0
      vertex 21.75 20.25 0
      vertex 23.8713 19.3713 0
    endloop
  endfacet
  facet normal 0 0 -1
    outer loop
      vertex 21.75 -20.25 0
      vertex 22.898 -20.0216 0
      vertex 22.5264 -20.1478 0
    endloop
  endfacet
  facet normal 0 0 -1
    outer loop
      vertex 23.8713 19.3713 0
      vertex 21.75 20.25 0
      vertex 23.5763 19.6301 0
    endloop
  endfacet
  facet normal 0 0 -1
    outer loop
      vertex 21.75 -20.25 0
      vertex 22.5264 -20.1478 0
      vertex 22.1416 -20.2243 0
    endloop
  endfacet
  facet normal 0 0 -1
    outer loop
      vertex 23.5763 19.6301 0
      vertex 21.75 20.25 0
      vertex 23.25 19.8481 0
    endloop
  endfacet
  facet normal -0 0 -1
    outer loop
      vertex 24.75 -17.25 0
      vertex 21.75 -20.25 0
      vertex 15.75 -16.25 0
    endloop
  endfacet
  facet normal 0 0 -1
    outer loop
      vertex 23.25 19.8481 0
      vertex 21.75 20.25 0
      vertex 22.898 20.0216 0
    endloop
  endfacet
  facet normal 0 0 -1
    outer loop
      vertex 15.75 -16.25 0
      vertex 21.75 -20.25 0
      vertex 15.75 -18.25 0
    endloop
  endfacet
  facet normal 0 0 -1
    outer loop
      vertex 21.75 -20.25 0
      vertex 15.735 -18.4784 0
      vertex 15.75 -18.25 0
    endloop
  endfacet
  facet normal 0 0 -1
    outer loop
      vertex 21.75 -20.25 0
      vertex 15.6904 -18.7029 0
      vertex 15.735 -18.4784 0
    endloop
  endfacet
  facet normal 0 0 -1
    outer loop
      vertex 21.75 -20.25 0
      vertex 15.6168 -18.9197 0
      vertex 15.6904 -18.7029 0
    endloop
  endfacet
  facet normal 0 0 -1
    outer loop
      vertex 21.75 -20.25 0
      vertex 15.5155 -19.125 0
      vertex 15.6168 -18.9197 0
    endloop
  endfacet
  facet normal 0 0 -1
    outer loop
      vertex 21.75 -20.25 0
      vertex 15.3884 -19.3153 0
      vertex 15.5155 -19.125 0
    endloop
  endfacet
  facet normal 0 0 -1
    outer loop
      vertex 21.75 -20.25 0
      vertex 15.2374 -19.4874 0
      vertex 15.3884 -19.3153 0
    endloop
  endfacet
  facet normal 0 0 -1
    outer loop
      vertex 21.75 -20.25 0
      vertex 15.0653 -19.6384 0
      vertex 15.2374 -19.4874 0
    endloop
  endfacet
  facet normal 0 0 -1
    outer loop
      vertex 21.75 -20.25 0
      vertex 14.875 -19.7655 0
      vertex 15.0653 -19.6384 0
    endloop
  endfacet
  facet normal 0 0 -1
    outer loop
      vertex 21.75 -20.25 0
      vertex 14.6697 -19.8668 0
      vertex 14.875 -19.7655 0
    endloop
  endfacet
  facet normal 0 0 -1
    outer loop
      vertex 21.75 -20.25 0
      vertex 14.4529 -19.9404 0
      vertex 14.6697 -19.8668 0
    endloop
  endfacet
  facet normal 0 0 -1
    outer loop
      vertex 21.75 -20.25 0
      vertex 14.2284 -19.985 0
      vertex 14.4529 -19.9404 0
    endloop
  endfacet
  facet normal 0 0 -1
    outer loop
      vertex 21.75 -20.25 0
      vertex 14 -20 0
      vertex 14.2284 -19.985 0
    endloop
  endfacet
  facet normal 0 0 -1
    outer loop
      vertex -3.65362 -8.72689 0
      vertex 12.25 -16.25 0
      vertex 12.25 -18.25 0
    endloop
  endfacet
  facet normal -0 0 -1
    outer loop
      vertex 12.6116 15.1847 0
      vertex -0.82372 5.5 0
      vertex 12.4845 15.375 0
    endloop
  endfacet
  facet normal 0 0 -1
    outer loop
      vertex -1.62311 6.69637 0
      vertex 12.4845 15.375 0
      vertex -0.82372 5.5 0
    endloop
  endfacet
  facet normal 0 0 -1
    outer loop
      vertex -4.85 -9.52628 0
      vertex 12.25 -18.25 0
      vertex 12.265 -18.4784 0
    endloop
  endfacet
  facet normal 0 0 -1
    outer loop
      vertex -4.85 -9.52628 0
      vertex 12.265 -18.4784 0
      vertex 12.3096 -18.7029 0
    endloop
  endfacet
  facet normal 0 0 -1
    outer loop
      vertex -12.3096 -18.7029 0
      vertex 12.3096 -18.7029 0
      vertex 12.3832 -18.9197 0
    endloop
  endfacet
  facet normal 0 0 -1
    outer loop
      vertex -12.3832 -18.9197 0
      vertex 12.3832 -18.9197 0
      vertex 12.4845 -19.125 0
    endloop
  endfacet
  facet normal 0 0 -1
    outer loop
      vertex 14 -14.5 0
      vertex 0.555893 -1.43579 0
      vertex 0.65 0 0
    endloop
  endfacet
  facet normal 0 0 -1
    outer loop
      vertex -12.4845 -19.125 0
      vertex 12.4845 -19.125 0
      vertex 12.6116 -19.3153 0
    endloop
  endfacet
  facet normal 0 0 -1
    outer loop
      vertex 13.5471 -14.5596 0
      vertex 0.275184 -2.84701 0
      vertex 0.555893 -1.43579 0
    endloop
  endfacet
  facet normal 0 0 -1
    outer loop
      vertex 13.125 -14.7345 0
      vertex -0.187325 -4.20952 0
      vertex 0.275184 -2.84701 0
    endloop
  endfacet
  facet normal 0 0 -1
    outer loop
      vertex 12.7626 -15.0126 0
      vertex -0.82372 -5.5 0
      vertex -0.187325 -4.20952 0
    endloop
  endfacet
  facet normal 0 0 -1
    outer loop
      vertex -12.6116 -19.3153 0
      vertex 12.6116 -19.3153 0
      vertex 12.7626 -19.4874 0
    endloop
  endfacet
  facet normal 0 0 -1
    outer loop
      vertex 12.4845 -15.375 0
      vertex -1.62311 -6.69637 0
      vertex -0.82372 -5.5 0
    endloop
  endfacet
  facet normal 0 0 -1
    outer loop
      vertex 12.3832 -15.5803 0
      vertex -2.57183 -7.77817 0
      vertex -1.62311 -6.69637 0
    endloop
  endfacet
  facet normal 0 0 -1
    outer loop
      vertex -12.7626 -19.4874 0
      vertex 12.7626 -19.4874 0
      vertex 12.9347 -19.6384 0
    endloop
  endfacet
  facet normal 0 0 -1
    outer loop
      vertex 12.265 -16.0216 0
      vertex -3.65362 -8.72689 0
      vertex -2.57183 -7.77817 0
    endloop
  endfacet
  facet normal 0 0 -1
    outer loop
      vertex -12.9347 -19.6384 0
      vertex 12.9347 -19.6384 0
      vertex 13.125 -19.7655 0
    endloop
  endfacet
  facet normal 0 0 -1
    outer loop
      vertex 12.25 -18.25 0
      vertex -4.85 -9.52628 0
      vertex -3.65362 -8.72689 0
    endloop
  endfacet
  facet normal 0 0 -1
    outer loop
      vertex 12.3096 -18.7029 0
      vertex -12.3096 -18.7029 0
      vertex -4.85 -9.52628 0
    endloop
  endfacet
  facet normal 0 0 -1
    outer loop
      vertex -4.85 -9.52628 0
      vertex -12.3096 -18.7029 0
      vertex -6.14048 -10.1627 0
    endloop
  endfacet
  facet normal 0 0 -1
    outer loop
      vertex -13.125 -19.7655 0
      vertex 13.125 -19.7655 0
      vertex 13.3303 -19.8668 0
    endloop
  endfacet
  facet normal 0 -0 -1
    outer loop
      vertex -12.25 -18.25 0
      vertex -6.14048 -10.1627 0
      vertex -12.265 -18.4784 0
    endloop
  endfacet
  facet normal 0 0 -1
    outer loop
      vertex -6.14048 -10.1627 0
      vertex -12.25 -18.25 0
      vertex -7.50299 -10.6252 0
    endloop
  endfacet
  facet normal 0 0 -1
    outer loop
      vertex -12.265 -16.0216 0
      vertex -7.50299 -10.6252 0
      vertex -12.25 -16.25 0
    endloop
  endfacet
  facet normal 0 0 -1
    outer loop
      vertex -7.50299 -10.6252 0
      vertex -12.265 -16.0216 0
      vertex -8.91421 -10.9059 0
    endloop
  endfacet
  facet normal 0 0 -1
    outer loop
      vertex -13.3303 -19.8668 0
      vertex 13.3303 -19.8668 0
      vertex 13.5471 -19.9404 0
    endloop
  endfacet
  facet normal 0 0 -1
    outer loop
      vertex -13.5471 -19.9404 0
      vertex 13.5471 -19.9404 0
      vertex 13.7716 -19.985 0
    endloop
  endfacet
  facet normal 0 0 -1
    outer loop
      vertex -12.25 -16.25 0
      vertex -7.50299 -10.6252 0
      vertex -12.25 -18.25 0
    endloop
  endfacet
  facet normal 0 0 -1
    outer loop
      vertex -13.7716 -19.985 0
      vertex 13.7716 -19.985 0
      vertex 14 -20 0
    endloop
  endfacet
  facet normal 0 0 -1
    outer loop
      vertex -6.14048 -10.1627 0
      vertex -12.3096 -18.7029 0
      vertex -12.265 -18.4784 0
    endloop
  endfacet
  facet normal 0 0 -1
    outer loop
      vertex 12.3832 -18.9197 0
      vertex -12.3832 -18.9197 0
      vertex -12.3096 -18.7029 0
    endloop
  endfacet
  facet normal 0 0 -1
    outer loop
      vertex 12.4845 -19.125 0
      vertex -12.4845 -19.125 0
      vertex -12.3832 -18.9197 0
    endloop
  endfacet
  facet normal 0 0 -1
    outer loop
      vertex 12.6116 -19.3153 0
      vertex -12.6116 -19.3153 0
      vertex -12.4845 -19.125 0
    endloop
  endfacet
  facet normal 0 0 -1
    outer loop
      vertex -14 -20 0
      vertex 14 -20 0
      vertex 21.75 -20.25 0
    endloop
  endfacet
  facet normal 0 0 -1
    outer loop
      vertex 12.7626 -19.4874 0
      vertex -12.7626 -19.4874 0
      vertex -12.6116 -19.3153 0
    endloop
  endfacet
  facet normal 0 0 -1
    outer loop
      vertex 12.9347 -19.6384 0
      vertex -12.9347 -19.6384 0
      vertex -12.7626 -19.4874 0
    endloop
  endfacet
  facet normal 0 0 -1
    outer loop
      vertex 13.125 -19.7655 0
      vertex -13.125 -19.7655 0
      vertex -12.9347 -19.6384 0
    endloop
  endfacet
  facet normal 0 0 -1
    outer loop
      vertex 13.3303 -19.8668 0
      vertex -13.3303 -19.8668 0
      vertex -13.125 -19.7655 0
    endloop
  endfacet
  facet normal 0 0 -1
    outer loop
      vertex 13.5471 -19.9404 0
      vertex -13.5471 -19.9404 0
      vertex -13.3303 -19.8668 0
    endloop
  endfacet
  facet normal 0 0 -1
    outer loop
      vertex 13.7716 -19.985 0
      vertex -13.7716 -19.985 0
      vertex -13.5471 -19.9404 0
    endloop
  endfacet
  facet normal 0 0 -1
    outer loop
      vertex 14 -20 0
      vertex -14 -20 0
      vertex -13.7716 -19.985 0
    endloop
  endfacet
  facet normal 0 0 -1
    outer loop
      vertex -33.0514 -13.125 0
      vertex -15.75 -16.25 0
      vertex -15.75 -18.25 0
    endloop
  endfacet
  facet normal 0 0 -1
    outer loop
      vertex -15.75 -16.25 0
      vertex -17.0464 -8.72689 0
      vertex -15.85 -9.52628 0
    endloop
  endfacet
  facet normal 0 0 -1
    outer loop
      vertex -33.215 -13.3697 0
      vertex -15.75 -18.25 0
      vertex -15.735 -18.4784 0
    endloop
  endfacet
  facet normal 0 0 -1
    outer loop
      vertex -15.75 -16.25 0
      vertex -18.1282 -7.77817 0
      vertex -17.0464 -8.72689 0
    endloop
  endfacet
  facet normal 0 0 -1
    outer loop
      vertex -33.409 -13.591 0
      vertex -15.735 -18.4784 0
      vertex -15.6904 -18.7029 0
    endloop
  endfacet
  facet normal 0 -0 -1
    outer loop
      vertex -32.7692 -12.2937 0
      vertex -15.75 -16.25 0
      vertex -32.8267 -12.5823 0
    endloop
  endfacet
  facet normal 0 0 -1
    outer loop
      vertex -15.75 -16.25 0
      vertex -32.7692 -12.2937 0
      vertex -18.1282 -7.77817 0
    endloop
  endfacet
  facet normal -0 0 -1
    outer loop
      vertex -18.1282 -7.77817 0
      vertex -32.75 -12 0
      vertex -19.0769 -6.69637 0
    endloop
  endfacet
  facet normal 0 0 -1
    outer loop
      vertex -32.7692 -11.7063 0
      vertex -19.0769 -6.69637 0
      vertex -32.75 -12 0
    endloop
  endfacet
  facet normal -0 0 -1
    outer loop
      vertex -19.8763 -5.5 0
      vertex -32.9213 -11.139 0
      vertex -20.5127 -4.20952 0
    endloop
  endfacet
  facet normal 0 0 -1
    outer loop
      vertex -32.9213 -11.139 0
      vertex -19.8763 -5.5 0
      vertex -32.8267 -11.4177 0
    endloop
  endfacet
  facet normal 0 0 -1
    outer loop
      vertex -32.8267 -11.4177 0
      vertex -19.8763 -5.5 0
      vertex -32.7692 -11.7063 0
    endloop
  endfacet
  facet normal 0 0 -1
    outer loop
      vertex -33.6303 -13.785 0
      vertex -15.6904 -18.7029 0
      vertex -15.6168 -18.9197 0
    endloop
  endfacet
  facet normal 0 0 -1
    outer loop
      vertex -33.875 -13.9486 0
      vertex -15.6168 -18.9197 0
      vertex -15.5155 -19.125 0
    endloop
  endfacet
  facet normal 0 0 -1
    outer loop
      vertex -40 -20.25 0
      vertex -15.5155 -19.125 0
      vertex -15.3884 -19.3153 0
    endloop
  endfacet
  facet normal 0 0 -1
    outer loop
      vertex -40 -20.25 0
      vertex -15.3884 -19.3153 0
      vertex -15.2374 -19.4874 0
    endloop
  endfacet
  facet normal 0 0 -1
    outer loop
      vertex -40 -20.25 0
      vertex -15.2374 -19.4874 0
      vertex -15.0653 -19.6384 0
    endloop
  endfacet
  facet normal 0 0 -1
    outer loop
      vertex -40 -20.25 0
      vertex -15.0653 -19.6384 0
      vertex -14.875 -19.7655 0
    endloop
  endfacet
  facet normal 0 0 -1
    outer loop
      vertex -40 -20.25 0
      vertex -14.875 -19.7655 0
      vertex -14.6697 -19.8668 0
    endloop
  endfacet
  facet normal -0 0 -1
    outer loop
      vertex -19.0769 -6.69637 0
      vertex -32.7692 -11.7063 0
      vertex -19.8763 -5.5 0
    endloop
  endfacet
  facet normal 0 -0 -1
    outer loop
      vertex -32.75 -12 0
      vertex -18.1282 -7.77817 0
      vertex -32.7692 -12.2937 0
    endloop
  endfacet
  facet normal 0 0 -1
    outer loop
      vertex -15.75 -16.25 0
      vertex -32.9213 -12.861 0
      vertex -32.8267 -12.5823 0
    endloop
  endfacet
  facet normal 0 0 -1
    outer loop
      vertex -15.75 -16.25 0
      vertex -33.0514 -13.125 0
      vertex -32.9213 -12.861 0
    endloop
  endfacet
  facet normal 0 0 -1
    outer loop
      vertex -15.75 -18.25 0
      vertex -33.215 -13.3697 0
      vertex -33.0514 -13.125 0
    endloop
  endfacet
  facet normal 0 0 -1
    outer loop
      vertex -15.735 -18.4784 0
      vertex -33.409 -13.591 0
      vertex -33.215 -13.3697 0
    endloop
  endfacet
  facet normal 0 0 -1
    outer loop
      vertex -40 -20.25 0
      vertex -14.6697 -19.8668 0
      vertex -14.4529 -19.9404 0
    endloop
  endfacet
  facet normal 0 0 -1
    outer loop
      vertex -15.6904 -18.7029 0
      vertex -33.6303 -13.785 0
      vertex -33.409 -13.591 0
    endloop
  endfacet
  facet normal 0 0 -1
    outer loop
      vertex -15.6168 -18.9197 0
      vertex -33.875 -13.9486 0
      vertex -33.6303 -13.785 0
    endloop
  endfacet
  facet normal -0 0 -1
    outer loop
      vertex -15.5155 -19.125 0
      vertex -40 -20.25 0
      vertex -33.875 -13.9486 0
    endloop
  endfacet
  facet normal 0 0 -1
    outer loop
      vertex -33.875 -13.9486 0
      vertex -40 -20.25 0
      vertex -34.139 -14.0787 0
    endloop
  endfacet
  facet normal 0 0 -1
    outer loop
      vertex -34.139 -14.0787 0
      vertex -40 -20.25 0
      vertex -34.4177 -14.1733 0
    endloop
  endfacet
  facet normal 0 0 -1
    outer loop
      vertex -34.4177 -14.1733 0
      vertex -40 -20.25 0
      vertex -34.7063 -14.2308 0
    endloop
  endfacet
  facet normal 0 0 -1
    outer loop
      vertex -34.7063 -14.2308 0
      vertex -40 -20.25 0
      vertex -35 -14.25 0
    endloop
  endfacet
  facet normal -0 0 -1
    outer loop
      vertex -35 -14.25 0
      vertex -40 -20.25 0
      vertex -35.2937 -14.2308 0
    endloop
  endfacet
  facet normal -0 0 -1
    outer loop
      vertex -37.2308 -12.2937 0
      vertex -43 -17.25 0
      vertex -37.25 -12 0
    endloop
  endfacet
  facet normal -0 0 -1
    outer loop
      vertex -37.1733 -12.5823 0
      vertex -43 -17.25 0
      vertex -37.2308 -12.2937 0
    endloop
  endfacet
  facet normal -0 0 -1
    outer loop
      vertex -37.0787 -12.861 0
      vertex -43 -17.25 0
      vertex -37.1733 -12.5823 0
    endloop
  endfacet
  facet normal -0 0 -1
    outer loop
      vertex -36.9486 -13.125 0
      vertex -43 -17.25 0
      vertex -37.0787 -12.861 0
    endloop
  endfacet
  facet normal -0 0 -1
    outer loop
      vertex -36.785 -13.3697 0
      vertex -43 -17.25 0
      vertex -36.9486 -13.125 0
    endloop
  endfacet
  facet normal -0 0 -1
    outer loop
      vertex -36.591 -13.591 0
      vertex -43 -17.25 0
      vertex -36.785 -13.3697 0
    endloop
  endfacet
  facet normal 0 0 -1
    outer loop
      vertex -43 -17.25 0
      vertex -36.591 -13.591 0
      vertex -40 -20.25 0
    endloop
  endfacet
  facet normal -0 0 -1
    outer loop
      vertex -36.3697 -13.785 0
      vertex -40 -20.25 0
      vertex -36.591 -13.591 0
    endloop
  endfacet
  facet normal -0 0 -1
    outer loop
      vertex -36.125 -13.9486 0
      vertex -40 -20.25 0
      vertex -36.3697 -13.785 0
    endloop
  endfacet
  facet normal -0 0 -1
    outer loop
      vertex -35.861 -14.0787 0
      vertex -40 -20.25 0
      vertex -36.125 -13.9486 0
    endloop
  endfacet
  facet normal -0 0 -1
    outer loop
      vertex -35.5823 -14.1733 0
      vertex -40 -20.25 0
      vertex -35.861 -14.0787 0
    endloop
  endfacet
  facet normal -0 0 -1
    outer loop
      vertex -35.2937 -14.2308 0
      vertex -40 -20.25 0
      vertex -35.5823 -14.1733 0
    endloop
  endfacet
  facet normal -0 0 -1
    outer loop
      vertex -14.2284 -19.985 0
      vertex -40 -20.25 0
      vertex -14.4529 -19.9404 0
    endloop
  endfacet
  facet normal -0 0 -1
    outer loop
      vertex -14 -20 0
      vertex -40 -20.25 0
      vertex -14.2284 -19.985 0
    endloop
  endfacet
  facet normal 0 0 -1
    outer loop
      vertex -40 -20.25 0
      vertex -14 -20 0
      vertex 21.75 -20.25 0
    endloop
  endfacet
  facet normal 0 0 -1
    outer loop
      vertex 22.898 20.0216 0
      vertex 21.75 20.25 0
      vertex 22.5264 20.1478 0
    endloop
  endfacet
  facet normal 0 0 -1
    outer loop
      vertex 22.5264 20.1478 0
      vertex 21.75 20.25 0
      vertex 22.1416 20.2243 0
    endloop
  endfacet
  facet normal 0 0 -1
    outer loop
      vertex 15.75 18.25 0
      vertex 21.75 20.25 0
      vertex 15.75 16.25 0
    endloop
  endfacet
  facet normal 0 0 -1
    outer loop
      vertex 15.735 18.4784 0
      vertex 21.75 20.25 0
      vertex 15.75 18.25 0
    endloop
  endfacet
  facet normal 0 0 -1
    outer loop
      vertex 15.6904 18.7029 0
      vertex 21.75 20.25 0
      vertex 15.735 18.4784 0
    endloop
  endfacet
  facet normal 0 0 -1
    outer loop
      vertex 15.6168 18.9197 0
      vertex 21.75 20.25 0
      vertex 15.6904 18.7029 0
    endloop
  endfacet
  facet normal 0 0 -1
    outer loop
      vertex 15.5155 19.125 0
      vertex 21.75 20.25 0
      vertex 15.6168 18.9197 0
    endloop
  endfacet
  facet normal 0 0 -1
    outer loop
      vertex 15.3884 19.3153 0
      vertex 21.75 20.25 0
      vertex 15.5155 19.125 0
    endloop
  endfacet
  facet normal 0 0 -1
    outer loop
      vertex 15.2374 19.4874 0
      vertex 21.75 20.25 0
      vertex 15.3884 19.3153 0
    endloop
  endfacet
  facet normal 0 0 -1
    outer loop
      vertex 15.0653 19.6384 0
      vertex 21.75 20.25 0
      vertex 15.2374 19.4874 0
    endloop
  endfacet
  facet normal 0 0 -1
    outer loop
      vertex 14.875 19.7655 0
      vertex 21.75 20.25 0
      vertex 15.0653 19.6384 0
    endloop
  endfacet
  facet normal 0 0 -1
    outer loop
      vertex 14.6697 19.8668 0
      vertex 21.75 20.25 0
      vertex 14.875 19.7655 0
    endloop
  endfacet
  facet normal 0 0 -1
    outer loop
      vertex 14.4529 19.9404 0
      vertex 21.75 20.25 0
      vertex 14.6697 19.8668 0
    endloop
  endfacet
  facet normal 0 0 -1
    outer loop
      vertex 14.2284 19.985 0
      vertex 21.75 20.25 0
      vertex 14.4529 19.9404 0
    endloop
  endfacet
  facet normal 0 0 -1
    outer loop
      vertex 14 20 0
      vertex 21.75 20.25 0
      vertex 14.2284 19.985 0
    endloop
  endfacet
  facet normal -0 0 -1
    outer loop
      vertex 12.4845 15.375 0
      vertex -1.62311 6.69637 0
      vertex 12.3832 15.5803 0
    endloop
  endfacet
  facet normal 0 0 -1
    outer loop
      vertex -2.57183 7.77817 0
      vertex 12.3832 15.5803 0
      vertex -1.62311 6.69637 0
    endloop
  endfacet
  facet normal -0 0 -1
    outer loop
      vertex 12.3832 15.5803 0
      vertex -2.57183 7.77817 0
      vertex 12.3096 15.7971 0
    endloop
  endfacet
  facet normal -0 0 -1
    outer loop
      vertex 12.3096 15.7971 0
      vertex -2.57183 7.77817 0
      vertex 12.265 16.0216 0
    endloop
  endfacet
  facet normal 0 0 -1
    outer loop
      vertex -3.65362 8.72689 0
      vertex 12.265 16.0216 0
      vertex -2.57183 7.77817 0
    endloop
  endfacet
  facet normal -0 0 -1
    outer loop
      vertex 12.265 16.0216 0
      vertex -3.65362 8.72689 0
      vertex 12.25 16.25 0
    endloop
  endfacet
  facet normal -0 0 -1
    outer loop
      vertex 12.25 16.25 0
      vertex -3.65362 8.72689 0
      vertex 12.25 18.25 0
    endloop
  endfacet
  facet normal 0 0 -1
    outer loop
      vertex -4.85 9.52628 0
      vertex 12.25 18.25 0
      vertex -3.65362 8.72689 0
    endloop
  endfacet
  facet normal -0 0 -1
    outer loop
      vertex 12.25 18.25 0
      vertex -4.85 9.52628 0
      vertex 12.265 18.4784 0
    endloop
  endfacet
  facet normal -0 0 -1
    outer loop
      vertex 12.265 18.4784 0
      vertex -4.85 9.52628 0
      vertex 12.3096 18.7029 0
    endloop
  endfacet
  facet normal 0 0 -1
    outer loop
      vertex -12.3096 18.7029 0
      vertex 12.3096 18.7029 0
      vertex -4.85 9.52628 0
    endloop
  endfacet
  facet normal 0 0 -1
    outer loop
      vertex 12.3096 18.7029 0
      vertex -12.3096 18.7029 0
      vertex 12.3832 18.9197 0
    endloop
  endfacet
  facet normal 0 0 -1
    outer loop
      vertex -12.3832 18.9197 0
      vertex 12.3832 18.9197 0
      vertex -12.3096 18.7029 0
    endloop
  endfacet
  facet normal 0 0 -1
    outer loop
      vertex 12.3832 18.9197 0
      vertex -12.3832 18.9197 0
      vertex 12.4845 19.125 0
    endloop
  endfacet
  facet normal 0 0 -1
    outer loop
      vertex -12.4845 19.125 0
      vertex 12.4845 19.125 0
      vertex -12.3832 18.9197 0
    endloop
  endfacet
  facet normal 0 0 -1
    outer loop
      vertex 12.4845 19.125 0
      vertex -12.4845 19.125 0
      vertex 12.6116 19.3153 0
    endloop
  endfacet
  facet normal 0 0 -1
    outer loop
      vertex -12.3096 18.7029 0
      vertex -4.85 9.52628 0
      vertex -6.14048 10.1627 0
    endloop
  endfacet
  facet normal 0 0 -1
    outer loop
      vertex -12.25 18.25 0
      vertex -6.14048 10.1627 0
      vertex -7.50299 10.6252 0
    endloop
  endfacet
  facet normal 0 0 -1
    outer loop
      vertex -12.3096 18.7029 0
      vertex -6.14048 10.1627 0
      vertex -12.265 18.4784 0
    endloop
  endfacet
  facet normal 0 0 -1
    outer loop
      vertex -12.265 16.0216 0
      vertex -7.50299 10.6252 0
      vertex -8.91421 10.9059 0
    endloop
  endfacet
  facet normal 0 0 -1
    outer loop
      vertex -12.265 16.0216 0
      vertex -8.91421 10.9059 0
      vertex -10.35 11 0
    endloop
  endfacet
  facet normal 0 0 -1
    outer loop
      vertex -12.7626 15.0126 0
      vertex -10.35 11 0
      vertex -11.7858 10.9059 0
    endloop
  endfacet
  facet normal 0 0 -1
    outer loop
      vertex -7.50299 10.6252 0
      vertex -12.25 16.25 0
      vertex -12.25 18.25 0
    endloop
  endfacet
  facet normal 0 0 -1
    outer loop
      vertex -6.14048 10.1627 0
      vertex -12.25 18.25 0
      vertex -12.265 18.4784 0
    endloop
  endfacet
  facet normal 0 0 -1
    outer loop
      vertex -12.6116 19.3153 0
      vertex 12.6116 19.3153 0
      vertex -12.4845 19.125 0
    endloop
  endfacet
  facet normal 0 0 -1
    outer loop
      vertex 12.6116 19.3153 0
      vertex -12.6116 19.3153 0
      vertex 12.7626 19.4874 0
    endloop
  endfacet
  facet normal 0 0 -1
    outer loop
      vertex -12.7626 19.4874 0
      vertex 12.7626 19.4874 0
      vertex -12.6116 19.3153 0
    endloop
  endfacet
  facet normal 0 0 -1
    outer loop
      vertex 12.7626 19.4874 0
      vertex -12.7626 19.4874 0
      vertex 12.9347 19.6384 0
    endloop
  endfacet
  facet normal 0 0 -1
    outer loop
      vertex -12.9347 19.6384 0
      vertex 12.9347 19.6384 0
      vertex -12.7626 19.4874 0
    endloop
  endfacet
  facet normal 0 0 -1
    outer loop
      vertex 12.9347 19.6384 0
      vertex -12.9347 19.6384 0
      vertex 13.125 19.7655 0
    endloop
  endfacet
  facet normal 0 0 -1
    outer loop
      vertex -13.125 19.7655 0
      vertex 13.125 19.7655 0
      vertex -12.9347 19.6384 0
    endloop
  endfacet
  facet normal 0 0 -1
    outer loop
      vertex 13.125 19.7655 0
      vertex -13.125 19.7655 0
      vertex 13.3303 19.8668 0
    endloop
  endfacet
  facet normal 0 0 -1
    outer loop
      vertex -13.3303 19.8668 0
      vertex 13.3303 19.8668 0
      vertex -13.125 19.7655 0
    endloop
  endfacet
  facet normal 0 0 -1
    outer loop
      vertex 13.3303 19.8668 0
      vertex -13.3303 19.8668 0
      vertex 13.5471 19.9404 0
    endloop
  endfacet
  facet normal 0 0 -1
    outer loop
      vertex -13.5471 19.9404 0
      vertex 13.5471 19.9404 0
      vertex -13.3303 19.8668 0
    endloop
  endfacet
  facet normal 0 0 -1
    outer loop
      vertex 13.5471 19.9404 0
      vertex -13.5471 19.9404 0
      vertex 13.7716 19.985 0
    endloop
  endfacet
  facet normal 0 0 -1
    outer loop
      vertex -13.7716 19.985 0
      vertex 13.7716 19.985 0
      vertex -13.5471 19.9404 0
    endloop
  endfacet
  facet normal 0 0 -1
    outer loop
      vertex 13.7716 19.985 0
      vertex -13.7716 19.985 0
      vertex 14 20 0
    endloop
  endfacet
  facet normal 0 0 -1
    outer loop
      vertex -14 20 0
      vertex 14 20 0
      vertex -13.7716 19.985 0
    endloop
  endfacet
  facet normal 0 0 -1
    outer loop
      vertex 14 20 0
      vertex -14 20 0
      vertex 21.75 20.25 0
    endloop
  endfacet
  facet normal -0 0 -1
    outer loop
      vertex -15.6904 15.7971 0
      vertex -32.7692 12.2937 0
      vertex -15.735 16.0216 0
    endloop
  endfacet
  facet normal 0 0 -1
    outer loop
      vertex -32.8267 12.5823 0
      vertex -15.735 16.0216 0
      vertex -32.7692 12.2937 0
    endloop
  endfacet
  facet normal 0 0 -1
    outer loop
      vertex -32.9213 12.861 0
      vertex -15.75 16.25 0
      vertex -32.8267 12.5823 0
    endloop
  endfacet
  facet normal 0 0 -1
    outer loop
      vertex -33.0514 13.125 0
      vertex -15.75 16.25 0
      vertex -32.9213 12.861 0
    endloop
  endfacet
  facet normal 0 0 -1
    outer loop
      vertex -32.75 12 0
      vertex -18.1282 7.77817 0
      vertex -19.0769 6.69637 0
    endloop
  endfacet
  facet normal 0 0 -1
    outer loop
      vertex -32.75 12 0
      vertex -19.0769 6.69637 0
      vertex -19.8763 5.5 0
    endloop
  endfacet
  facet normal 0 0 -1
    outer loop
      vertex -32.75 12 0
      vertex -19.8763 5.5 0
      vertex -20.5127 4.20952 0
    endloop
  endfacet
  facet normal 0 0 -1
    outer loop
      vertex -32.75 12 0
      vertex -20.5127 4.20952 0
      vertex -20.9752 2.84701 0
    endloop
  endfacet
  facet normal 0 0 -1
    outer loop
      vertex -33.0514 -10.875 0
      vertex -20.5127 -4.20952 0
      vertex -32.9213 -11.139 0
    endloop
  endfacet
  facet normal 0 0 -1
    outer loop
      vertex -21.35 0 0
      vertex -32.75 12 0
      vertex -21.2559 1.43579 0
    endloop
  endfacet
  facet normal 0 0 -1
    outer loop
      vertex -21.2559 1.43579 0
      vertex -32.75 12 0
      vertex -20.9752 2.84701 0
    endloop
  endfacet
  facet normal 0 0 -1
    outer loop
      vertex -18.1282 7.77817 0
      vertex -32.75 12 0
      vertex -32.7692 12.2937 0
    endloop
  endfacet
  facet normal -0 0 -1
    outer loop
      vertex -15.735 16.0216 0
      vertex -32.8267 12.5823 0
      vertex -15.75 16.25 0
    endloop
  endfacet
  facet normal -0 0 -1
    outer loop
      vertex -15.75 16.25 0
      vertex -33.0514 13.125 0
      vertex -15.75 18.25 0
    endloop
  endfacet
  facet normal 0 0 -1
    outer loop
      vertex -33.215 13.3697 0
      vertex -15.75 18.25 0
      vertex -33.0514 13.125 0
    endloop
  endfacet
  facet normal -0 0 -1
    outer loop
      vertex -15.75 18.25 0
      vertex -33.215 13.3697 0
      vertex -15.735 18.4784 0
    endloop
  endfacet
  facet normal 0 0 -1
    outer loop
      vertex -33.409 13.591 0
      vertex -15.735 18.4784 0
      vertex -33.215 13.3697 0
    endloop
  endfacet
  facet normal -0 0 -1
    outer loop
      vertex -15.735 18.4784 0
      vertex -33.409 13.591 0
      vertex -15.6904 18.7029 0
    endloop
  endfacet
  facet normal 0 0 -1
    outer loop
      vertex -33.6303 13.785 0
      vertex -15.6904 18.7029 0
      vertex -33.409 13.591 0
    endloop
  endfacet
  facet normal -0 0 -1
    outer loop
      vertex -15.6904 18.7029 0
      vertex -33.6303 13.785 0
      vertex -15.6168 18.9197 0
    endloop
  endfacet
  facet normal 0 0 -1
    outer loop
      vertex -33.875 13.9486 0
      vertex -15.6168 18.9197 0
      vertex -33.6303 13.785 0
    endloop
  endfacet
  facet normal -0 0 -1
    outer loop
      vertex -15.6168 18.9197 0
      vertex -33.875 13.9486 0
      vertex -15.5155 19.125 0
    endloop
  endfacet
  facet normal 0 0 -1
    outer loop
      vertex -40 20.25 0
      vertex -15.5155 19.125 0
      vertex -33.875 13.9486 0
    endloop
  endfacet
  facet normal 0 0 -1
    outer loop
      vertex -15.5155 19.125 0
      vertex -40 20.25 0
      vertex -15.3884 19.3153 0
    endloop
  endfacet
  facet normal 0 0 -1
    outer loop
      vertex -15.3884 19.3153 0
      vertex -40 20.25 0
      vertex -15.2374 19.4874 0
    endloop
  endfacet
  facet normal 0 0 -1
    outer loop
      vertex -15.2374 19.4874 0
      vertex -40 20.25 0
      vertex -15.0653 19.6384 0
    endloop
  endfacet
  facet normal 0 0 -1
    outer loop
      vertex -15.0653 19.6384 0
      vertex -40 20.25 0
      vertex -14.875 19.7655 0
    endloop
  endfacet
  facet normal 0 0 -1
    outer loop
      vertex -14.875 19.7655 0
      vertex -40 20.25 0
      vertex -14.6697 19.8668 0
    endloop
  endfacet
  facet normal 0 0 -1
    outer loop
      vertex -40 20.25 0
      vertex -33.875 13.9486 0
      vertex -34.139 14.0787 0
    endloop
  endfacet
  facet normal 0 0 -1
    outer loop
      vertex -40 20.25 0
      vertex -34.139 14.0787 0
      vertex -34.4177 14.1733 0
    endloop
  endfacet
  facet normal 0 0 -1
    outer loop
      vertex -40 20.25 0
      vertex -34.4177 14.1733 0
      vertex -34.7063 14.2308 0
    endloop
  endfacet
  facet normal 0 0 -1
    outer loop
      vertex -40 20.25 0
      vertex -34.7063 14.2308 0
      vertex -35 14.25 0
    endloop
  endfacet
  facet normal 0 0 -1
    outer loop
      vertex -40 20.25 0
      vertex -35 14.25 0
      vertex -35.2937 14.2308 0
    endloop
  endfacet
  facet normal 0 0 -1
    outer loop
      vertex -40 20.25 0
      vertex -35.2937 14.2308 0
      vertex -35.5823 14.1733 0
    endloop
  endfacet
  facet normal 0 0 -1
    outer loop
      vertex -37.1733 11.4177 0
      vertex -43 17.25 0
      vertex -37.2308 11.7063 0
    endloop
  endfacet
  facet normal 0 0 -1
    outer loop
      vertex -14 20 0
      vertex -40 20.25 0
      vertex 21.75 20.25 0
    endloop
  endfacet
  facet normal 0 0 -1
    outer loop
      vertex -14.2284 19.985 0
      vertex -40 20.25 0
      vertex -14 20 0
    endloop
  endfacet
  facet normal 0 0 -1
    outer loop
      vertex -14.4529 19.9404 0
      vertex -40 20.25 0
      vertex -14.2284 19.985 0
    endloop
  endfacet
  facet normal 0 0 -1
    outer loop
      vertex -14.6697 19.8668 0
      vertex -40 20.25 0
      vertex -14.4529 19.9404 0
    endloop
  endfacet
  facet normal 0 0 -1
    outer loop
      vertex -35.861 14.0787 0
      vertex -40 20.25 0
      vertex -35.5823 14.1733 0
    endloop
  endfacet
  facet normal 0 0 -1
    outer loop
      vertex -36.125 13.9486 0
      vertex -40 20.25 0
      vertex -35.861 14.0787 0
    endloop
  endfacet
  facet normal 0 0 -1
    outer loop
      vertex -36.3697 13.785 0
      vertex -40 20.25 0
      vertex -36.125 13.9486 0
    endloop
  endfacet
  facet normal 0 0 -1
    outer loop
      vertex -36.591 13.591 0
      vertex -40 20.25 0
      vertex -36.3697 13.785 0
    endloop
  endfacet
  facet normal 0 0 -1
    outer loop
      vertex -43 17.25 0
      vertex -36.591 13.591 0
      vertex -36.785 13.3697 0
    endloop
  endfacet
  facet normal 0 0 -1
    outer loop
      vertex -43 17.25 0
      vertex -36.785 13.3697 0
      vertex -36.9486 13.125 0
    endloop
  endfacet
  facet normal 0 0 -1
    outer loop
      vertex -43 17.25 0
      vertex -36.9486 13.125 0
      vertex -37.0787 12.861 0
    endloop
  endfacet
  facet normal 0 0 -1
    outer loop
      vertex -43 17.25 0
      vertex -37.0787 12.861 0
      vertex -37.1733 12.5823 0
    endloop
  endfacet
  facet normal 0 0 -1
    outer loop
      vertex -43 17.25 0
      vertex -37.1733 12.5823 0
      vertex -37.2308 12.2937 0
    endloop
  endfacet
  facet normal 0 0 -1
    outer loop
      vertex -37.2308 11.7063 0
      vertex -43 17.25 0
      vertex -37.25 12 0
    endloop
  endfacet
  facet normal 0 0 -1
    outer loop
      vertex -43 -17.25 0
      vertex -40 -20.25 0
      vertex -40.3916 -20.2243 0
    endloop
  endfacet
  facet normal 0 0 -1
    outer loop
      vertex -37.25 12 0
      vertex -43 17.25 0
      vertex -37.2308 12.2937 0
    endloop
  endfacet
  facet normal 0 0 -1
    outer loop
      vertex -43 -17.25 0
      vertex -40.3916 -20.2243 0
      vertex -40.7764 -20.1478 0
    endloop
  endfacet
  facet normal 0 0 -1
    outer loop
      vertex -36.591 13.591 0
      vertex -43 17.25 0
      vertex -40 20.25 0
    endloop
  endfacet
  facet normal 0 0 -1
    outer loop
      vertex -43 -17.25 0
      vertex -40.7764 -20.1478 0
      vertex -41.148 -20.0216 0
    endloop
  endfacet
  facet normal 0 0 -1
    outer loop
      vertex -40 20.25 0
      vertex -43 17.25 0
      vertex -40.3916 20.2243 0
    endloop
  endfacet
  facet normal 0 0 -1
    outer loop
      vertex -43 -17.25 0
      vertex -41.148 -20.0216 0
      vertex -41.5 -19.8481 0
    endloop
  endfacet
  facet normal 0 0 -1
    outer loop
      vertex -40.3916 20.2243 0
      vertex -43 17.25 0
      vertex -40.7764 20.1478 0
    endloop
  endfacet
  facet normal 0 0 -1
    outer loop
      vertex -43 -17.25 0
      vertex -41.5 -19.8481 0
      vertex -41.8263 -19.6301 0
    endloop
  endfacet
  facet normal 0 0 -1
    outer loop
      vertex -40.7764 20.1478 0
      vertex -43 17.25 0
      vertex -41.148 20.0216 0
    endloop
  endfacet
  facet normal 0 0 -1
    outer loop
      vertex -43 -17.25 0
      vertex -41.8263 -19.6301 0
      vertex -42.1213 -19.3713 0
    endloop
  endfacet
  facet normal 0 0 -1
    outer loop
      vertex -41.148 20.0216 0
      vertex -43 17.25 0
      vertex -41.5 19.8481 0
    endloop
  endfacet
  facet normal 0 0 -1
    outer loop
      vertex -43 -17.25 0
      vertex -42.1213 -19.3713 0
      vertex -42.3801 -19.0763 0
    endloop
  endfacet
  facet normal 0 0 -1
    outer loop
      vertex -41.5 19.8481 0
      vertex -43 17.25 0
      vertex -41.8263 19.6301 0
    endloop
  endfacet
  facet normal 0 0 -1
    outer loop
      vertex -43 -17.25 0
      vertex -42.3801 -19.0763 0
      vertex -42.5981 -18.75 0
    endloop
  endfacet
  facet normal 0 0 -1
    outer loop
      vertex -41.8263 19.6301 0
      vertex -43 17.25 0
      vertex -42.1213 19.3713 0
    endloop
  endfacet
  facet normal 0 0 -1
    outer loop
      vertex -43 -17.25 0
      vertex -42.5981 -18.75 0
      vertex -42.7716 -18.398 0
    endloop
  endfacet
  facet normal 0 0 -1
    outer loop
      vertex -42.1213 19.3713 0
      vertex -43 17.25 0
      vertex -42.3801 19.0763 0
    endloop
  endfacet
  facet normal 0 0 -1
    outer loop
      vertex -43 -17.25 0
      vertex -42.7716 -18.398 0
      vertex -42.8978 -18.0264 0
    endloop
  endfacet
  facet normal 0 0 -1
    outer loop
      vertex -42.3801 19.0763 0
      vertex -43 17.25 0
      vertex -42.5981 18.75 0
    endloop
  endfacet
  facet normal 0 0 -1
    outer loop
      vertex -43 -17.25 0
      vertex -42.8978 -18.0264 0
      vertex -42.9743 -17.6416 0
    endloop
  endfacet
  facet normal 0 0 -1
    outer loop
      vertex -42.5981 18.75 0
      vertex -43 17.25 0
      vertex -42.7716 18.398 0
    endloop
  endfacet
  facet normal 0 0 -1
    outer loop
      vertex -42.7716 18.398 0
      vertex -43 17.25 0
      vertex -42.8978 18.0264 0
    endloop
  endfacet
  facet normal 0 0 -1
    outer loop
      vertex -42.8978 18.0264 0
      vertex -43 17.25 0
      vertex -42.9743 17.6416 0
    endloop
  endfacet
  facet normal 0 0 -1
    outer loop
      vertex -12.3096 -15.7971 0
      vertex -8.91421 -10.9059 0
      vertex -12.265 -16.0216 0
    endloop
  endfacet
  facet normal 0 0 -1
    outer loop
      vertex -12.3832 -15.5803 0
      vertex -8.91421 -10.9059 0
      vertex -12.3096 -15.7971 0
    endloop
  endfacet
  facet normal 0 0 -1
    outer loop
      vertex -8.91421 -10.9059 0
      vertex -12.3832 -15.5803 0
      vertex -10.35 -11 0
    endloop
  endfacet
  facet normal 0 0 -1
    outer loop
      vertex -12.4845 -15.375 0
      vertex -10.35 -11 0
      vertex -12.3832 -15.5803 0
    endloop
  endfacet
  facet normal 0 0 -1
    outer loop
      vertex -12.6116 -15.1847 0
      vertex -10.35 -11 0
      vertex -12.4845 -15.375 0
    endloop
  endfacet
  facet normal 0 0 -1
    outer loop
      vertex -12.7626 -15.0126 0
      vertex -10.35 -11 0
      vertex -12.6116 -15.1847 0
    endloop
  endfacet
  facet normal -0 0 -1
    outer loop
      vertex -10.35 -11 0
      vertex -12.7626 -15.0126 0
      vertex -11.7858 -10.9059 0
    endloop
  endfacet
  facet normal 0 0 -1
    outer loop
      vertex -12.9347 -14.8616 0
      vertex -11.7858 -10.9059 0
      vertex -12.7626 -15.0126 0
    endloop
  endfacet
  facet normal 0 0 -1
    outer loop
      vertex -13.125 -14.7345 0
      vertex -11.7858 -10.9059 0
      vertex -12.9347 -14.8616 0
    endloop
  endfacet
  facet normal 0 0 -1
    outer loop
      vertex -13.3303 -14.6332 0
      vertex -11.7858 -10.9059 0
      vertex -13.125 -14.7345 0
    endloop
  endfacet
  facet normal 0 0 -1
    outer loop
      vertex -13.5471 -14.5596 0
      vertex -11.7858 -10.9059 0
      vertex -13.3303 -14.6332 0
    endloop
  endfacet
  facet normal -0 0 -1
    outer loop
      vertex -11.7858 -10.9059 0
      vertex -13.5471 -14.5596 0
      vertex -13.197 -10.6252 0
    endloop
  endfacet
  facet normal 0 0 -1
    outer loop
      vertex -13.7716 -14.515 0
      vertex -13.197 -10.6252 0
      vertex -13.5471 -14.5596 0
    endloop
  endfacet
  facet normal 0 0 -1
    outer loop
      vertex -14 -14.5 0
      vertex -13.197 -10.6252 0
      vertex -13.7716 -14.515 0
    endloop
  endfacet
  facet normal 0 0 -1
    outer loop
      vertex -14.2284 -14.515 0
      vertex -13.197 -10.6252 0
      vertex -14 -14.5 0
    endloop
  endfacet
  facet normal 0 0 -1
    outer loop
      vertex -14.5595 -10.1627 0
      vertex -14.2284 -14.515 0
      vertex -14.4529 -14.5596 0
    endloop
  endfacet
  facet normal 0 0 -1
    outer loop
      vertex -14.2284 -14.515 0
      vertex -14.5595 -10.1627 0
      vertex -13.197 -10.6252 0
    endloop
  endfacet
  facet normal 0 0 -1
    outer loop
      vertex -14.6697 -14.6332 0
      vertex -14.5595 -10.1627 0
      vertex -14.4529 -14.5596 0
    endloop
  endfacet
  facet normal 0 0 -1
    outer loop
      vertex -14.875 -14.7345 0
      vertex -14.5595 -10.1627 0
      vertex -14.6697 -14.6332 0
    endloop
  endfacet
  facet normal 0 0 -1
    outer loop
      vertex -15.85 -9.52628 0
      vertex -14.875 -14.7345 0
      vertex -15.0653 -14.8616 0
    endloop
  endfacet
  facet normal 0 0 -1
    outer loop
      vertex -15.85 -9.52628 0
      vertex -15.0653 -14.8616 0
      vertex -15.2374 -15.0126 0
    endloop
  endfacet
  facet normal 0 0 -1
    outer loop
      vertex -15.85 -9.52628 0
      vertex -15.2374 -15.0126 0
      vertex -15.3884 -15.1847 0
    endloop
  endfacet
  facet normal 0 0 -1
    outer loop
      vertex -15.85 -9.52628 0
      vertex -15.3884 -15.1847 0
      vertex -15.5155 -15.375 0
    endloop
  endfacet
  facet normal 0 0 -1
    outer loop
      vertex -15.85 -9.52628 0
      vertex -15.5155 -15.375 0
      vertex -15.6168 -15.5803 0
    endloop
  endfacet
  facet normal 0 0 -1
    outer loop
      vertex -15.85 -9.52628 0
      vertex -15.6168 -15.5803 0
      vertex -15.6904 -15.7971 0
    endloop
  endfacet
  facet normal 0 0 -1
    outer loop
      vertex -14.875 -14.7345 0
      vertex -15.85 -9.52628 0
      vertex -14.5595 -10.1627 0
    endloop
  endfacet
  facet normal 0 0 -1
    outer loop
      vertex -15.735 -16.0216 0
      vertex -15.85 -9.52628 0
      vertex -15.6904 -15.7971 0
    endloop
  endfacet
  facet normal 0 0 -1
    outer loop
      vertex -15.85 -9.52628 0
      vertex -15.735 -16.0216 0
      vertex -15.75 -16.25 0
    endloop
  endfacet
  facet normal -1 0 0
    outer loop
      vertex -43 -17.25 0
      vertex -43 17.25 7
      vertex -43 17.25 0
    endloop
  endfacet
  facet normal -1 -0 0
    outer loop
      vertex -43 17.25 7
      vertex -43 -17.25 0
      vertex -43 -17.25 7
    endloop
  endfacet
  facet normal -0.997853 -0.0654873 0
    outer loop
      vertex -42.9743 -17.6416 0
      vertex -43 -17.25 7
      vertex -43 -17.25 0
    endloop
  endfacet
  facet normal -0.997853 -0.0654873 0
    outer loop
      vertex -43 -17.25 7
      vertex -42.9743 -17.6416 0
      vertex -42.9743 -17.6416 7
    endloop
  endfacet
  facet normal -0.831501 0.555523 0
    outer loop
      vertex -42.5981 18.75 0
      vertex -42.3801 19.0763 7
      vertex -42.3801 19.0763 0
    endloop
  endfacet
  facet normal -0.831501 0.555523 0
    outer loop
      vertex -42.3801 19.0763 7
      vertex -42.5981 18.75 0
      vertex -42.5981 18.75 7
    endloop
  endfacet
  facet normal 0.980806 0.194989 0
    outer loop
      vertex 24.7243 17.6416 7
      vertex 24.6478 18.0264 0
      vertex 24.6478 18.0264 7
    endloop
  endfacet
  facet normal 0.980806 0.194989 0
    outer loop
      vertex 24.6478 18.0264 0
      vertex 24.7243 17.6416 7
      vertex 24.7243 17.6416 0
    endloop
  endfacet
  facet normal -0.946885 0.321574 0
    outer loop
      vertex -42.8978 18.0264 0
      vertex -42.7716 18.398 7
      vertex -42.7716 18.398 0
    endloop
  endfacet
  facet normal -0.946885 0.321574 0
    outer loop
      vertex -42.7716 18.398 7
      vertex -42.8978 18.0264 0
      vertex -42.8978 18.0264 7
    endloop
  endfacet
  facet normal -0.0654873 0.997853 0
    outer loop
      vertex -40 20.25 0
      vertex -40.3916 20.2243 7
      vertex -40 20.25 7
    endloop
  endfacet
  facet normal -0.0654873 0.997853 0
    outer loop
      vertex -40.3916 20.2243 7
      vertex -40 20.25 0
      vertex -40.3916 20.2243 0
    endloop
  endfacet
  facet normal 0 1 -0
    outer loop
      vertex 21.75 20.25 0
      vertex -40 20.25 7
      vertex 21.75 20.25 7
    endloop
  endfacet
  facet normal 0 1 0
    outer loop
      vertex -40 20.25 7
      vertex 21.75 20.25 0
      vertex -40 20.25 0
    endloop
  endfacet
  facet normal -0.555523 0.831501 0
    outer loop
      vertex -41.5 19.8481 0
      vertex -41.8263 19.6301 7
      vertex -41.5 19.8481 7
    endloop
  endfacet
  facet normal -0.555523 0.831501 0
    outer loop
      vertex -41.8263 19.6301 7
      vertex -41.5 19.8481 0
      vertex -41.8263 19.6301 0
    endloop
  endfacet
  facet normal 0.946885 0.321574 0
    outer loop
      vertex 24.6478 18.0264 7
      vertex 24.5216 18.398 0
      vertex 24.5216 18.398 7
    endloop
  endfacet
  facet normal 0.946885 0.321574 0
    outer loop
      vertex 24.5216 18.398 0
      vertex 24.6478 18.0264 7
      vertex 24.6478 18.0264 0
    endloop
  endfacet
  facet normal 0 -1 0
    outer loop
      vertex -40 -20.25 0
      vertex 21.75 -20.25 7
      vertex -40 -20.25 7
    endloop
  endfacet
  facet normal 0 -1 -0
    outer loop
      vertex 21.75 -20.25 7
      vertex -40 -20.25 0
      vertex 21.75 -20.25 0
    endloop
  endfacet
  facet normal 0.896961 -0.44211 0
    outer loop
      vertex 24.3481 -18.75 7
      vertex 24.5216 -18.398 0
      vertex 24.5216 -18.398 7
    endloop
  endfacet
  facet normal 0.896961 -0.44211 0
    outer loop
      vertex 24.5216 -18.398 0
      vertex 24.3481 -18.75 7
      vertex 24.3481 -18.75 0
    endloop
  endfacet
  facet normal 0.0654873 0.997853 -0
    outer loop
      vertex 22.1416 20.2243 0
      vertex 21.75 20.25 7
      vertex 22.1416 20.2243 7
    endloop
  endfacet
  facet normal 0.0654873 0.997853 0
    outer loop
      vertex 21.75 20.25 7
      vertex 22.1416 20.2243 0
      vertex 21.75 20.25 0
    endloop
  endfacet
  facet normal -0.321574 0.946885 0
    outer loop
      vertex -40.7764 20.1478 0
      vertex -41.148 20.0216 7
      vertex -40.7764 20.1478 7
    endloop
  endfacet
  facet normal -0.321574 0.946885 0
    outer loop
      vertex -41.148 20.0216 7
      vertex -40.7764 20.1478 0
      vertex -41.148 20.0216 0
    endloop
  endfacet
  facet normal -0.997853 0.0654873 0
    outer loop
      vertex -43 17.25 0
      vertex -42.9743 17.6416 7
      vertex -42.9743 17.6416 0
    endloop
  endfacet
  facet normal -0.997853 0.0654873 0
    outer loop
      vertex -42.9743 17.6416 7
      vertex -43 17.25 0
      vertex -43 17.25 7
    endloop
  endfacet
  facet normal -0.980806 0.194989 0
    outer loop
      vertex -42.9743 17.6416 0
      vertex -42.8978 18.0264 7
      vertex -42.8978 18.0264 0
    endloop
  endfacet
  facet normal -0.980806 0.194989 0
    outer loop
      vertex -42.8978 18.0264 7
      vertex -42.9743 17.6416 0
      vertex -42.9743 17.6416 7
    endloop
  endfacet
  facet normal -0.896961 0.44211 0
    outer loop
      vertex -42.7716 18.398 0
      vertex -42.5981 18.75 7
      vertex -42.5981 18.75 0
    endloop
  endfacet
  facet normal -0.896961 0.44211 0
    outer loop
      vertex -42.5981 18.75 7
      vertex -42.7716 18.398 0
      vertex -42.7716 18.398 7
    endloop
  endfacet
  facet normal -0.751724 0.659478 0
    outer loop
      vertex -42.3801 19.0763 0
      vertex -42.1213 19.3713 7
      vertex -42.1213 19.3713 0
    endloop
  endfacet
  facet normal -0.751724 0.659478 0
    outer loop
      vertex -42.1213 19.3713 7
      vertex -42.3801 19.0763 0
      vertex -42.3801 19.0763 7
    endloop
  endfacet
  facet normal -0.659478 0.751724 0
    outer loop
      vertex -41.8263 19.6301 0
      vertex -42.1213 19.3713 7
      vertex -41.8263 19.6301 7
    endloop
  endfacet
  facet normal -0.659478 0.751724 0
    outer loop
      vertex -42.1213 19.3713 7
      vertex -41.8263 19.6301 0
      vertex -42.1213 19.3713 0
    endloop
  endfacet
  facet normal 0.997853 0.0654873 0
    outer loop
      vertex 24.75 17.25 7
      vertex 24.7243 17.6416 0
      vertex 24.7243 17.6416 7
    endloop
  endfacet
  facet normal 0.997853 0.0654873 0
    outer loop
      vertex 24.7243 17.6416 0
      vertex 24.75 17.25 7
      vertex 24.75 17.25 0
    endloop
  endfacet
  facet normal 1 -0 0
    outer loop
      vertex 24.75 -17.25 7
      vertex 24.75 17.25 0
      vertex 24.75 17.25 7
    endloop
  endfacet
  facet normal 1 0 0
    outer loop
      vertex 24.75 17.25 0
      vertex 24.75 -17.25 7
      vertex 24.75 -17.25 0
    endloop
  endfacet
  facet normal -0.831501 -0.555523 0
    outer loop
      vertex -42.3801 -19.0763 0
      vertex -42.5981 -18.75 7
      vertex -42.5981 -18.75 0
    endloop
  endfacet
  facet normal -0.831501 -0.555523 0
    outer loop
      vertex -42.5981 -18.75 7
      vertex -42.3801 -19.0763 0
      vertex -42.3801 -19.0763 7
    endloop
  endfacet
  facet normal -0.0654873 -0.997853 0
    outer loop
      vertex -40.3916 -20.2243 0
      vertex -40 -20.25 7
      vertex -40.3916 -20.2243 7
    endloop
  endfacet
  facet normal -0.0654873 -0.997853 -0
    outer loop
      vertex -40 -20.25 7
      vertex -40.3916 -20.2243 0
      vertex -40 -20.25 0
    endloop
  endfacet
  facet normal 0.321574 -0.946885 0
    outer loop
      vertex 22.5264 -20.1478 0
      vertex 22.898 -20.0216 7
      vertex 22.5264 -20.1478 7
    endloop
  endfacet
  facet normal 0.321574 -0.946885 0
    outer loop
      vertex 22.898 -20.0216 7
      vertex 22.5264 -20.1478 0
      vertex 22.898 -20.0216 0
    endloop
  endfacet
  facet normal 0.831501 -0.555523 0
    outer loop
      vertex 24.1301 -19.0763 7
      vertex 24.3481 -18.75 0
      vertex 24.3481 -18.75 7
    endloop
  endfacet
  facet normal 0.831501 -0.555523 0
    outer loop
      vertex 24.3481 -18.75 0
      vertex 24.1301 -19.0763 7
      vertex 24.1301 -19.0763 0
    endloop
  endfacet
  facet normal 0.751724 -0.659478 0
    outer loop
      vertex 23.8713 -19.3713 7
      vertex 24.1301 -19.0763 0
      vertex 24.1301 -19.0763 7
    endloop
  endfacet
  facet normal 0.751724 -0.659478 0
    outer loop
      vertex 24.1301 -19.0763 0
      vertex 23.8713 -19.3713 7
      vertex 23.8713 -19.3713 0
    endloop
  endfacet
  facet normal 0.997853 -0.0654873 0
    outer loop
      vertex 24.7243 -17.6416 7
      vertex 24.75 -17.25 0
      vertex 24.75 -17.25 7
    endloop
  endfacet
  facet normal 0.997853 -0.0654873 0
    outer loop
      vertex 24.75 -17.25 0
      vertex 24.7243 -17.6416 7
      vertex 24.7243 -17.6416 0
    endloop
  endfacet
  facet normal 0.831501 0.555523 0
    outer loop
      vertex 24.3481 18.75 7
      vertex 24.1301 19.0763 0
      vertex 24.1301 19.0763 7
    endloop
  endfacet
  facet normal 0.831501 0.555523 0
    outer loop
      vertex 24.1301 19.0763 0
      vertex 24.3481 18.75 7
      vertex 24.3481 18.75 0
    endloop
  endfacet
  facet normal 0.555523 0.831501 -0
    outer loop
      vertex 23.5763 19.6301 0
      vertex 23.25 19.8481 7
      vertex 23.5763 19.6301 7
    endloop
  endfacet
  facet normal 0.555523 0.831501 0
    outer loop
      vertex 23.25 19.8481 7
      vertex 23.5763 19.6301 0
      vertex 23.25 19.8481 0
    endloop
  endfacet
  facet normal 0.194989 0.980806 -0
    outer loop
      vertex 22.5264 20.1478 0
      vertex 22.1416 20.2243 7
      vertex 22.5264 20.1478 7
    endloop
  endfacet
  facet normal 0.194989 0.980806 0
    outer loop
      vertex 22.1416 20.2243 7
      vertex 22.5264 20.1478 0
      vertex 22.1416 20.2243 0
    endloop
  endfacet
  facet normal -0.194989 0.980806 0
    outer loop
      vertex -40.3916 20.2243 0
      vertex -40.7764 20.1478 7
      vertex -40.3916 20.2243 7
    endloop
  endfacet
  facet normal -0.194989 0.980806 0
    outer loop
      vertex -40.7764 20.1478 7
      vertex -40.3916 20.2243 0
      vertex -40.7764 20.1478 0
    endloop
  endfacet
  facet normal -0.44211 0.896961 0
    outer loop
      vertex -41.148 20.0216 0
      vertex -41.5 19.8481 7
      vertex -41.148 20.0216 7
    endloop
  endfacet
  facet normal -0.44211 0.896961 0
    outer loop
      vertex -41.5 19.8481 7
      vertex -41.148 20.0216 0
      vertex -41.5 19.8481 0
    endloop
  endfacet
  facet normal -0.194989 -0.980806 0
    outer loop
      vertex -40.7764 -20.1478 0
      vertex -40.3916 -20.2243 7
      vertex -40.7764 -20.1478 7
    endloop
  endfacet
  facet normal -0.194989 -0.980806 -0
    outer loop
      vertex -40.3916 -20.2243 7
      vertex -40.7764 -20.1478 0
      vertex -40.3916 -20.2243 0
    endloop
  endfacet
  facet normal 0.44211 -0.896961 0
    outer loop
      vertex 22.898 -20.0216 0
      vertex 23.25 -19.8481 7
      vertex 22.898 -20.0216 7
    endloop
  endfacet
  facet normal 0.44211 -0.896961 0
    outer loop
      vertex 23.25 -19.8481 7
      vertex 22.898 -20.0216 0
      vertex 23.25 -19.8481 0
    endloop
  endfacet
  facet normal 0.659478 -0.751724 0
    outer loop
      vertex 23.5763 -19.6301 0
      vertex 23.8713 -19.3713 7
      vertex 23.5763 -19.6301 7
    endloop
  endfacet
  facet normal 0.659478 -0.751724 0
    outer loop
      vertex 23.8713 -19.3713 7
      vertex 23.5763 -19.6301 0
      vertex 23.8713 -19.3713 0
    endloop
  endfacet
  facet normal 0.980806 -0.194989 0
    outer loop
      vertex 24.6478 -18.0264 7
      vertex 24.7243 -17.6416 0
      vertex 24.7243 -17.6416 7
    endloop
  endfacet
  facet normal 0.980806 -0.194989 0
    outer loop
      vertex 24.7243 -17.6416 0
      vertex 24.6478 -18.0264 7
      vertex 24.6478 -18.0264 0
    endloop
  endfacet
  facet normal 0.321574 0.946885 -0
    outer loop
      vertex 22.898 20.0216 0
      vertex 22.5264 20.1478 7
      vertex 22.898 20.0216 7
    endloop
  endfacet
  facet normal 0.321574 0.946885 0
    outer loop
      vertex 22.5264 20.1478 7
      vertex 22.898 20.0216 0
      vertex 22.5264 20.1478 0
    endloop
  endfacet
  facet normal 0.44211 0.896961 -0
    outer loop
      vertex 23.25 19.8481 0
      vertex 22.898 20.0216 7
      vertex 23.25 19.8481 7
    endloop
  endfacet
  facet normal 0.44211 0.896961 0
    outer loop
      vertex 22.898 20.0216 7
      vertex 23.25 19.8481 0
      vertex 22.898 20.0216 0
    endloop
  endfacet
  facet normal -0.555523 -0.831501 0
    outer loop
      vertex -41.8263 -19.6301 0
      vertex -41.5 -19.8481 7
      vertex -41.8263 -19.6301 7
    endloop
  endfacet
  facet normal -0.555523 -0.831501 -0
    outer loop
      vertex -41.5 -19.8481 7
      vertex -41.8263 -19.6301 0
      vertex -41.5 -19.8481 0
    endloop
  endfacet
  facet normal -0.751724 -0.659478 0
    outer loop
      vertex -42.1213 -19.3713 0
      vertex -42.3801 -19.0763 7
      vertex -42.3801 -19.0763 0
    endloop
  endfacet
  facet normal -0.751724 -0.659478 0
    outer loop
      vertex -42.3801 -19.0763 7
      vertex -42.1213 -19.3713 0
      vertex -42.1213 -19.3713 7
    endloop
  endfacet
  facet normal -0.321574 -0.946885 0
    outer loop
      vertex -41.148 -20.0216 0
      vertex -40.7764 -20.1478 7
      vertex -41.148 -20.0216 7
    endloop
  endfacet
  facet normal -0.321574 -0.946885 -0
    outer loop
      vertex -40.7764 -20.1478 7
      vertex -41.148 -20.0216 0
      vertex -40.7764 -20.1478 0
    endloop
  endfacet
  facet normal -0.44211 -0.896961 0
    outer loop
      vertex -41.5 -19.8481 0
      vertex -41.148 -20.0216 7
      vertex -41.5 -19.8481 7
    endloop
  endfacet
  facet normal -0.44211 -0.896961 -0
    outer loop
      vertex -41.148 -20.0216 7
      vertex -41.5 -19.8481 0
      vertex -41.148 -20.0216 0
    endloop
  endfacet
  facet normal 0.194989 -0.980806 0
    outer loop
      vertex 22.1416 -20.2243 0
      vertex 22.5264 -20.1478 7
      vertex 22.1416 -20.2243 7
    endloop
  endfacet
  facet normal 0.194989 -0.980806 0
    outer loop
      vertex 22.5264 -20.1478 7
      vertex 22.1416 -20.2243 0
      vertex 22.5264 -20.1478 0
    endloop
  endfacet
  facet normal 0.0654873 -0.997853 0
    outer loop
      vertex 21.75 -20.25 0
      vertex 22.1416 -20.2243 7
      vertex 21.75 -20.25 7
    endloop
  endfacet
  facet normal 0.0654873 -0.997853 0
    outer loop
      vertex 22.1416 -20.2243 7
      vertex 21.75 -20.25 0
      vertex 22.1416 -20.2243 0
    endloop
  endfacet
  facet normal 0.946885 -0.321574 0
    outer loop
      vertex 24.5216 -18.398 7
      vertex 24.6478 -18.0264 0
      vertex 24.6478 -18.0264 7
    endloop
  endfacet
  facet normal 0.946885 -0.321574 0
    outer loop
      vertex 24.6478 -18.0264 0
      vertex 24.5216 -18.398 7
      vertex 24.5216 -18.398 0
    endloop
  endfacet
  facet normal 0.659478 0.751724 -0
    outer loop
      vertex 23.8713 19.3713 0
      vertex 23.5763 19.6301 7
      vertex 23.8713 19.3713 7
    endloop
  endfacet
  facet normal 0.659478 0.751724 0
    outer loop
      vertex 23.5763 19.6301 7
      vertex 23.8713 19.3713 0
      vertex 23.5763 19.6301 0
    endloop
  endfacet
  facet normal 0.751724 0.659478 0
    outer loop
      vertex 24.1301 19.0763 7
      vertex 23.8713 19.3713 0
      vertex 23.8713 19.3713 7
    endloop
  endfacet
  facet normal 0.751724 0.659478 0
    outer loop
      vertex 23.8713 19.3713 0
      vertex 24.1301 19.0763 7
      vertex 24.1301 19.0763 0
    endloop
  endfacet
  facet normal -0.659478 -0.751724 0
    outer loop
      vertex -42.1213 -19.3713 0
      vertex -41.8263 -19.6301 7
      vertex -42.1213 -19.3713 7
    endloop
  endfacet
  facet normal -0.659478 -0.751724 -0
    outer loop
      vertex -41.8263 -19.6301 7
      vertex -42.1213 -19.3713 0
      vertex -41.8263 -19.6301 0
    endloop
  endfacet
  facet normal -0.659352 -0.751834 0
    outer loop
      vertex -3.65362 8.72689 0
      vertex -2.57183 7.77817 7
      vertex -3.65362 8.72689 7
    endloop
  endfacet
  facet normal -0.659352 -0.751834 -0
    outer loop
      vertex -2.57183 7.77817 7
      vertex -3.65362 8.72689 0
      vertex -2.57183 7.77817 0
    endloop
  endfacet
  facet normal 0.321435 0.946931 -0
    outer loop
      vertex -13.197 -10.6252 0
      vertex -14.5595 -10.1627 7
      vertex -13.197 -10.6252 7
    endloop
  endfacet
  facet normal 0.321435 0.946931 0
    outer loop
      vertex -14.5595 -10.1627 7
      vertex -13.197 -10.6252 0
      vertex -14.5595 -10.1627 0
    endloop
  endfacet
  facet normal 0.321435 -0.946931 0
    outer loop
      vertex -14.5595 10.1627 0
      vertex -13.197 10.6252 7
      vertex -14.5595 10.1627 7
    endloop
  endfacet
  facet normal 0.321435 -0.946931 0
    outer loop
      vertex -13.197 10.6252 7
      vertex -14.5595 10.1627 0
      vertex -13.197 10.6252 0
    endloop
  endfacet
  facet normal 0.896871 -0.442292 0
    outer loop
      vertex -20.5127 4.20952 7
      vertex -19.8763 5.5 0
      vertex -19.8763 5.5 7
    endloop
  endfacet
  facet normal 0.896871 -0.442292 0
    outer loop
      vertex -19.8763 5.5 0
      vertex -20.5127 4.20952 7
      vertex -20.5127 4.20952 0
    endloop
  endfacet
  facet normal -0.94693 -0.321439 0
    outer loop
      vertex 0.275184 2.84701 0
      vertex -0.187325 4.20952 7
      vertex -0.187325 4.20952 0
    endloop
  endfacet
  facet normal -0.94693 -0.321439 0
    outer loop
      vertex -0.187325 4.20952 7
      vertex 0.275184 2.84701 0
      vertex 0.275184 2.84701 7
    endloop
  endfacet
  facet normal -0.896873 -0.442289 0
    outer loop
      vertex -0.187325 4.20952 0
      vertex -0.82372 5.5 7
      vertex -0.82372 5.5 0
    endloop
  endfacet
  facet normal -0.896873 -0.442289 0
    outer loop
      vertex -0.82372 5.5 7
      vertex -0.187325 4.20952 0
      vertex -0.187325 4.20952 7
    endloop
  endfacet
  facet normal -0.442303 -0.896866 0
    outer loop
      vertex -6.14048 10.1627 0
      vertex -4.85 9.52628 7
      vertex -6.14048 10.1627 7
    endloop
  endfacet
  facet normal -0.442303 -0.896866 -0
    outer loop
      vertex -4.85 9.52628 7
      vertex -6.14048 10.1627 0
      vertex -4.85 9.52628 0
    endloop
  endfacet
  facet normal -0.195093 -0.980785 0
    outer loop
      vertex -8.15 10.7539 3.28394
      vertex -7.50299 10.6252 7
      vertex -8.15 10.7539 7
    endloop
  endfacet
  facet normal -0.189521 -0.981876 0.00114058
    outer loop
      vertex -7.50299 10.6252 0
      vertex -8.15 10.7539 3.28394
      vertex -8.15436 10.7547 3.24816
    endloop
  endfacet
  facet normal -0.196815 -0.980441 -0.000379447
    outer loop
      vertex -7.50299 10.6252 0
      vertex -8.15436 10.7547 3.24816
      vertex -8.16711 10.7573 3.1434
    endloop
  endfacet
  facet normal -0.195949 -0.980614 -0.000240885
    outer loop
      vertex -7.50299 10.6252 0
      vertex -8.2393 10.7716 2.97729
      vertex -8.30224 10.7842 2.88298
    endloop
  endfacet
  facet normal -0.19419 -0.980964 0.000440747
    outer loop
      vertex -7.50299 10.6252 0
      vertex -8.69179 10.8617 2.59869
      vertex -8.73579 10.8704 2.5761
    endloop
  endfacet
  facet normal -0.195143 -0.980775 0
    outer loop
      vertex -8.91421 10.9059 0
      vertex -8.73579 10.8704 2.5761
      vertex -8.91421 10.9059 2.51011
    endloop
  endfacet
  facet normal -0.195084 -0.980786 -4.26691e-06
    outer loop
      vertex -7.50299 10.6252 0
      vertex -8.73579 10.8704 2.5761
      vertex -8.91421 10.9059 0
    endloop
  endfacet
  facet normal -0.195332 -0.980737 -0.000102338
    outer loop
      vertex -8.69179 10.8617 2.59869
      vertex -7.50299 10.6252 0
      vertex -8.56329 10.8361 2.66467
    endloop
  endfacet
  facet normal -0.195049 -0.980793 1.44834e-05
    outer loop
      vertex -8.56329 10.8361 2.66467
      vertex -7.50299 10.6252 0
      vertex -8.45467 10.8145 2.74156
    endloop
  endfacet
  facet normal -0.195006 -0.980802 2.99705e-05
    outer loop
      vertex -8.45467 10.8145 2.74156
      vertex -7.50299 10.6252 0
      vertex -8.41795 10.8072 2.76755
    endloop
  endfacet
  facet normal -0.19488 -0.980827 7.35144e-05
    outer loop
      vertex -8.41795 10.8072 2.76755
      vertex -7.50299 10.6252 0
      vertex -8.33135 10.79 2.85394
    endloop
  endfacet
  facet normal -0.195341 -0.980735 -6.55448e-05
    outer loop
      vertex -8.33135 10.79 2.85394
      vertex -7.50299 10.6252 0
      vertex -8.30224 10.7842 2.88298
    endloop
  endfacet
  facet normal -0.194841 -0.980835 4.3846e-05
    outer loop
      vertex -8.2393 10.7716 2.97729
      vertex -7.50299 10.6252 0
      vertex -8.21815 10.7674 3.00898
    endloop
  endfacet
  facet normal -0.187851 -0.982196 0.0017695
    outer loop
      vertex -8.21815 10.7674 3.00898
      vertex -7.50299 10.6252 0
      vertex -8.21118 10.7661 3.02733
    endloop
  endfacet
  facet normal -0.19513 -0.980777 7.13693e-07
    outer loop
      vertex -8.21118 10.7661 3.02733
      vertex -7.50299 10.6252 0
      vertex -8.17298 10.7585 3.12794
    endloop
  endfacet
  facet normal -0.195093 -0.980785 0
    outer loop
      vertex -8.15 10.7539 3.28394
      vertex -7.50299 10.6252 0
      vertex -7.50299 10.6252 7
    endloop
  endfacet
  facet normal -0.19843 -0.980115 -0.000734325
    outer loop
      vertex -8.17298 10.7585 3.12794
      vertex -7.50299 10.6252 0
      vertex -8.16711 10.7573 3.1434
    endloop
  endfacet
  facet normal 0.980786 -0.195084 0
    outer loop
      vertex -21.2559 1.43579 7
      vertex -20.9752 2.84701 0
      vertex -20.9752 2.84701 7
    endloop
  endfacet
  facet normal 0.980786 -0.195084 0
    outer loop
      vertex -20.9752 2.84701 0
      vertex -21.2559 1.43579 7
      vertex -21.2559 1.43579 0
    endloop
  endfacet
  facet normal 0.751844 -0.659341 0
    outer loop
      vertex -19.0769 6.69637 7
      vertex -18.1282 7.77817 0
      vertex -18.1282 7.77817 7
    endloop
  endfacet
  facet normal 0.751844 -0.659341 0
    outer loop
      vertex -18.1282 7.77817 0
      vertex -19.0769 6.69637 7
      vertex -19.0769 6.69637 0
    endloop
  endfacet
  facet normal 0.442298 -0.896868 0
    outer loop
      vertex -15.85 9.52628 0
      vertex -14.5595 10.1627 7
      vertex -15.85 9.52628 7
    endloop
  endfacet
  facet normal 0.442298 -0.896868 0
    outer loop
      vertex -14.5595 10.1627 7
      vertex -15.85 9.52628 0
      vertex -14.5595 10.1627 0
    endloop
  endfacet
  facet normal 0.195096 -0.980784 0
    outer loop
      vertex -13.197 10.6252 7
      vertex -12.55 10.7539 3.28394
      vertex -12.55 10.7539 7
    endloop
  endfacet
  facet normal 0.195096 -0.980784 0
    outer loop
      vertex -13.197 10.6252 0
      vertex -12.55 10.7539 3.28394
      vertex -13.197 10.6252 7
    endloop
  endfacet
  facet normal 0.197123 -0.980379 -0.000415214
    outer loop
      vertex -12.55 10.7539 3.28394
      vertex -13.197 10.6252 0
      vertex -12.5456 10.7548 3.24781
    endloop
  endfacet
  facet normal 0.194519 -0.980899 0.000127304
    outer loop
      vertex -13.197 10.6252 0
      vertex -12.4607 10.7716 2.97729
      vertex -12.4819 10.7674 3.00898
    endloop
  endfacet
  facet normal 0.194678 -0.980867 0.000147024
    outer loop
      vertex -13.197 10.6252 0
      vertex -12.2453 10.8145 2.74156
      vertex -12.2821 10.8072 2.76755
    endloop
  endfacet
  facet normal 0.194381 -0.980926 0.000156395
    outer loop
      vertex -12.5456 10.7548 3.24781
      vertex -13.197 10.6252 0
      vertex -12.5329 10.7573 3.1434
    endloop
  endfacet
  facet normal 0.195432 -0.980717 -7.44326e-05
    outer loop
      vertex -13.197 10.6252 0
      vertex -12.4948 10.7649 3.043
      vertex -12.5329 10.7573 3.1434
    endloop
  endfacet
  facet normal 0.1921 -0.981375 0.000724722
    outer loop
      vertex -13.197 10.6252 0
      vertex -12.4819 10.7674 3.00898
      vertex -12.4948 10.7649 3.043
    endloop
  endfacet
  facet normal 0.196037 -0.980596 -0.000262881
    outer loop
      vertex -12.4607 10.7716 2.97729
      vertex -13.197 10.6252 0
      vertex -12.3978 10.7842 2.88298
    endloop
  endfacet
  facet normal 0.194889 -0.980825 6.79506e-05
    outer loop
      vertex -13.197 10.6252 0
      vertex -12.3686 10.79 2.85394
      vertex -12.3978 10.7842 2.88298
    endloop
  endfacet
  facet normal 0.195046 -0.980794 2.06981e-05
    outer loop
      vertex -13.197 10.6252 0
      vertex -12.2821 10.8072 2.76755
      vertex -12.3686 10.79 2.85394
    endloop
  endfacet
  facet normal 0.195076 -0.980788 3.33179e-06
    outer loop
      vertex -12.2453 10.8145 2.74156
      vertex -13.197 10.6252 0
      vertex -12.1367 10.8361 2.66467
    endloop
  endfacet
  facet normal 0.195332 -0.980737 -0.000102338
    outer loop
      vertex -13.197 10.6252 0
      vertex -12.0082 10.8617 2.59869
      vertex -12.1367 10.8361 2.66467
    endloop
  endfacet
  facet normal 0.19419 -0.980964 0.000440747
    outer loop
      vertex -13.197 10.6252 0
      vertex -11.9642 10.8704 2.5761
      vertex -12.0082 10.8617 2.59869
    endloop
  endfacet
  facet normal 0.195087 -0.980786 -5.59001e-06
    outer loop
      vertex -11.7858 10.9059 0
      vertex -11.9642 10.8704 2.5761
      vertex -13.197 10.6252 0
    endloop
  endfacet
  facet normal 0.195165 -0.980771 0
    outer loop
      vertex -11.9642 10.8704 2.5761
      vertex -11.7858 10.9059 0
      vertex -11.7858 10.9059 2.51011
    endloop
  endfacet
  facet normal -0.997859 0.0654034 0
    outer loop
      vertex 0.555893 -1.43579 0
      vertex 0.65 0 7
      vertex 0.65 0 0
    endloop
  endfacet
  facet normal -0.997859 0.0654034 0
    outer loop
      vertex 0.65 0 7
      vertex 0.555893 -1.43579 0
      vertex 0.555893 -1.43579 7
    endloop
  endfacet
  facet normal -0.321433 0.946932 0
    outer loop
      vertex -6.14048 -10.1627 0
      vertex -7.50299 -10.6252 7
      vertex -6.14048 -10.1627 7
    endloop
  endfacet
  facet normal -0.321433 0.946932 0
    outer loop
      vertex -7.50299 -10.6252 7
      vertex -6.14048 -10.1627 0
      vertex -7.50299 -10.6252 0
    endloop
  endfacet
  facet normal -0.442303 0.896866 0
    outer loop
      vertex -4.85 -9.52628 0
      vertex -6.14048 -10.1627 7
      vertex -4.85 -9.52628 7
    endloop
  endfacet
  facet normal -0.442303 0.896866 0
    outer loop
      vertex -6.14048 -10.1627 7
      vertex -4.85 -9.52628 0
      vertex -6.14048 -10.1627 0
    endloop
  endfacet
  facet normal -0.751837 0.659349 0
    outer loop
      vertex -2.57183 -7.77817 0
      vertex -1.62311 -6.69637 7
      vertex -1.62311 -6.69637 0
    endloop
  endfacet
  facet normal -0.751837 0.659349 0
    outer loop
      vertex -1.62311 -6.69637 7
      vertex -2.57183 -7.77817 0
      vertex -2.57183 -7.77817 7
    endloop
  endfacet
  facet normal 0.195096 0.980784 -0
    outer loop
      vertex -12.55 -10.7539 3.28394
      vertex -13.197 -10.6252 7
      vertex -12.55 -10.7539 7
    endloop
  endfacet
  facet normal 0.197119 0.980379 -0.000414576
    outer loop
      vertex -13.197 -10.6252 0
      vertex -12.55 -10.7539 3.28394
      vertex -12.5456 -10.7548 3.24772
    endloop
  endfacet
  facet normal 0.194381 0.980926 0.000156481
    outer loop
      vertex -13.197 -10.6252 0
      vertex -12.5456 -10.7548 3.24772
      vertex -12.5329 -10.7573 3.1434
    endloop
  endfacet
  facet normal 0.194814 0.98084 5.43988e-05
    outer loop
      vertex -13.197 -10.6252 0
      vertex -12.495 -10.7648 3.04362
      vertex -12.4819 -10.7674 3.00898
    endloop
  endfacet
  facet normal 0.196446 0.980515 -0.000380856
    outer loop
      vertex -13.197 -10.6252 0
      vertex -12.4192 -10.7799 2.91518
      vertex -12.3978 -10.7842 2.88298
    endloop
  endfacet
  facet normal 0.195226 0.980758 -0
    outer loop
      vertex -11.7858 -10.9059 0
      vertex -11.9129 -10.8806 2.55713
      vertex -11.7858 -10.9059 2.51011
    endloop
  endfacet
  facet normal 0.195009 0.980801 -1.11966e-05
    outer loop
      vertex -11.7858 -10.9059 0
      vertex -11.9642 -10.8704 2.5761
      vertex -11.9129 -10.8806 2.55713
    endloop
  endfacet
  facet normal 0.195087 0.980786 -5.59001e-06
    outer loop
      vertex -13.197 -10.6252 0
      vertex -11.9642 -10.8704 2.5761
      vertex -11.7858 -10.9059 0
    endloop
  endfacet
  facet normal 0.195911 0.980622 -0.000415544
    outer loop
      vertex -11.9642 -10.8704 2.5761
      vertex -13.197 -10.6252 0
      vertex -12.0087 -10.8615 2.59896
    endloop
  endfacet
  facet normal 0.194717 0.980859 0.000151827
    outer loop
      vertex -12.0087 -10.8615 2.59896
      vertex -13.197 -10.6252 0
      vertex -12.1367 -10.8361 2.66467
    endloop
  endfacet
  facet normal 0.194315 0.980939 0.000318343
    outer loop
      vertex -12.1367 -10.8361 2.66467
      vertex -13.197 -10.6252 0
      vertex -12.1741 -10.8287 2.69111
    endloop
  endfacet
  facet normal 0.195217 0.98076 -3.81582e-05
    outer loop
      vertex -12.1741 -10.8287 2.69111
      vertex -13.197 -10.6252 0
      vertex -12.2821 -10.8072 2.76755
    endloop
  endfacet
  facet normal 0.195205 0.980762 -3.40875e-05
    outer loop
      vertex -12.2821 -10.8072 2.76755
      vertex -13.197 -10.6252 0
      vertex -12.368 -10.7901 2.85332
    endloop
  endfacet
  facet normal 0.194413 0.98092 0.000205102
    outer loop
      vertex -12.368 -10.7901 2.85332
      vertex -13.197 -10.6252 0
      vertex -12.3978 -10.7842 2.88298
    endloop
  endfacet
  facet normal 0.195389 0.980726 -8.74732e-05
    outer loop
      vertex -12.4192 -10.7799 2.91518
      vertex -13.197 -10.6252 0
      vertex -12.4819 -10.7674 3.00898
    endloop
  endfacet
  facet normal 0.195096 0.980784 0
    outer loop
      vertex -12.55 -10.7539 3.28394
      vertex -13.197 -10.6252 0
      vertex -13.197 -10.6252 7
    endloop
  endfacet
  facet normal 0.194471 0.980908 0.000136714
    outer loop
      vertex -12.495 -10.7648 3.04362
      vertex -13.197 -10.6252 0
      vertex -12.5329 -10.7573 3.1434
    endloop
  endfacet
  facet normal 0.659349 0.751837 -0
    outer loop
      vertex -17.0464 -8.72689 0
      vertex -18.1282 -7.77817 7
      vertex -17.0464 -8.72689 7
    endloop
  endfacet
  facet normal 0.659349 0.751837 0
    outer loop
      vertex -18.1282 -7.77817 7
      vertex -17.0464 -8.72689 0
      vertex -18.1282 -7.77817 0
    endloop
  endfacet
  facet normal 0.896871 0.442292 0
    outer loop
      vertex -19.8763 -5.5 7
      vertex -20.5127 -4.20952 0
      vertex -20.5127 -4.20952 7
    endloop
  endfacet
  facet normal 0.896871 0.442292 0
    outer loop
      vertex -20.5127 -4.20952 0
      vertex -19.8763 -5.5 7
      vertex -19.8763 -5.5 0
    endloop
  endfacet
  facet normal -0.980785 -0.19509 0
    outer loop
      vertex 0.555893 1.43579 0
      vertex 0.275184 2.84701 7
      vertex 0.275184 2.84701 0
    endloop
  endfacet
  facet normal -0.980785 -0.19509 0
    outer loop
      vertex 0.275184 2.84701 7
      vertex 0.555893 1.43579 0
      vertex 0.555893 1.43579 7
    endloop
  endfacet
  facet normal -0.831469 -0.555571 0
    outer loop
      vertex -0.82372 5.5 0
      vertex -1.62311 6.69637 7
      vertex -1.62311 6.69637 0
    endloop
  endfacet
  facet normal -0.831469 -0.555571 0
    outer loop
      vertex -1.62311 6.69637 7
      vertex -0.82372 5.5 0
      vertex -0.82372 5.5 7
    endloop
  endfacet
  facet normal -0.751837 -0.659349 0
    outer loop
      vertex -1.62311 6.69637 0
      vertex -2.57183 7.77817 7
      vertex -2.57183 7.77817 0
    endloop
  endfacet
  facet normal -0.751837 -0.659349 0
    outer loop
      vertex -2.57183 7.77817 7
      vertex -1.62311 6.69637 0
      vertex -1.62311 6.69637 7
    endloop
  endfacet
  facet normal -0.555568 -0.831471 0
    outer loop
      vertex -4.85 9.52628 0
      vertex -3.65362 8.72689 7
      vertex -4.85 9.52628 7
    endloop
  endfacet
  facet normal -0.555568 -0.831471 -0
    outer loop
      vertex -3.65362 8.72689 7
      vertex -4.85 9.52628 0
      vertex -3.65362 8.72689 0
    endloop
  endfacet
  facet normal -0.0655521 -0.997849 1.66383e-05
    outer loop
      vertex -10.35 11 0
      vertex -10.0815 10.9824 2.32012
      vertex -10.15 10.9869 2.32012
    endloop
  endfacet
  facet normal -0.0652979 -0.997866 -1.29106e-05
    outer loop
      vertex -10.0815 10.9824 2.32012
      vertex -10.35 11 0
      vertex -9.88895 10.9698 2.32012
    endloop
  endfacet
  facet normal -0.0653599 -0.997862 0
    outer loop
      vertex -10.35 11 0
      vertex -10.15 10.9869 2.32012
      vertex -10.35 11 2.32727
    endloop
  endfacet
  facet normal -0.0654146 -0.997858 1.0377e-05
    outer loop
      vertex -10.35 11 0
      vertex -9.82183 10.9654 2.32501
      vertex -9.88895 10.9698 2.32012
    endloop
  endfacet
  facet normal -0.0653049 -0.997865 -1.46349e-05
    outer loop
      vertex -10.35 11 0
      vertex -9.63236 10.953 2.33879
      vertex -9.82183 10.9654 2.32501
    endloop
  endfacet
  facet normal -0.0653985 -0.997859 1.42024e-05
    outer loop
      vertex -8.91421 10.9059 0
      vertex -9.63236 10.953 2.33879
      vertex -10.35 11 0
    endloop
  endfacet
  facet normal -0.065461 -0.997855 -5.05798e-06
    outer loop
      vertex -9.63236 10.953 2.33879
      vertex -8.91421 10.9059 0
      vertex -9.44944 10.941 2.36612
    endloop
  endfacet
  facet normal -0.0661773 -0.997808 -0.00016779
    outer loop
      vertex -9.44944 10.941 2.36612
      vertex -8.91421 10.9059 0
      vertex -9.38463 10.9367 2.3758
    endloop
  endfacet
  facet normal -0.0650427 -0.997882 5.78233e-05
    outer loop
      vertex -9.38463 10.9367 2.3758
      vertex -8.91421 10.9059 0
      vertex -9.21123 10.9254 2.41624
    endloop
  endfacet
  facet normal -0.0667748 -0.997768 -0.000156014
    outer loop
      vertex -9.21123 10.9254 2.41624
      vertex -8.91421 10.9059 0
      vertex -9.15 10.9213 2.43053
    endloop
  endfacet
  facet normal -0.0653191 -0.997864 -1.41846e-05
    outer loop
      vertex -9.15 10.9213 2.43053
      vertex -8.91421 10.9059 0
      vertex -9.09348 10.9176 2.4491
    endloop
  endfacet
  facet normal -0.0650802 -0.99788 3.37327e-06
    outer loop
      vertex -9.09348 10.9176 2.4491
      vertex -8.91421 10.9059 0
      vertex -8.93248 10.9071 2.50203
    endloop
  endfacet
  facet normal -0.0655402 -0.99785 0
    outer loop
      vertex -8.93248 10.9071 2.50203
      vertex -8.91421 10.9059 0
      vertex -8.91421 10.9059 2.51011
    endloop
  endfacet
  facet normal -0.321433 -0.946932 0
    outer loop
      vertex -7.50299 10.6252 0
      vertex -6.14048 10.1627 7
      vertex -7.50299 10.6252 7
    endloop
  endfacet
  facet normal -0.321433 -0.946932 -0
    outer loop
      vertex -6.14048 10.1627 7
      vertex -7.50299 10.6252 0
      vertex -6.14048 10.1627 0
    endloop
  endfacet
  facet normal 0.997859 -0.0653985 0
    outer loop
      vertex -21.35 0 7
      vertex -21.2559 1.43579 0
      vertex -21.2559 1.43579 7
    endloop
  endfacet
  facet normal 0.997859 -0.0653985 0
    outer loop
      vertex -21.2559 1.43579 0
      vertex -21.35 0 7
      vertex -21.35 0 0
    endloop
  endfacet
  facet normal 0.946932 -0.321433 0
    outer loop
      vertex -20.9752 2.84701 7
      vertex -20.5127 4.20952 0
      vertex -20.5127 4.20952 7
    endloop
  endfacet
  facet normal 0.946932 -0.321433 0
    outer loop
      vertex -20.5127 4.20952 0
      vertex -20.9752 2.84701 7
      vertex -20.9752 2.84701 0
    endloop
  endfacet
  facet normal 0.831466 -0.555576 0
    outer loop
      vertex -19.8763 5.5 7
      vertex -19.0769 6.69637 0
      vertex -19.0769 6.69637 7
    endloop
  endfacet
  facet normal 0.831466 -0.555576 0
    outer loop
      vertex -19.0769 6.69637 0
      vertex -19.8763 5.5 7
      vertex -19.8763 5.5 0
    endloop
  endfacet
  facet normal 0.065281 -0.997867 -1.48724e-05
    outer loop
      vertex -10.35 11 0
      vertex -10.6185 10.9824 2.32012
      vertex -10.8111 10.9698 2.32012
    endloop
  endfacet
  facet normal 0.0654344 -0.997857 1.57393e-05
    outer loop
      vertex -10.8782 10.9654 2.32501
      vertex -10.35 11 0
      vertex -10.8111 10.9698 2.32012
    endloop
  endfacet
  facet normal 0.0653981 -0.997859 7.45499e-06
    outer loop
      vertex -10.35 11 0
      vertex -10.8782 10.9654 2.32501
      vertex -11.7858 10.9059 0
    endloop
  endfacet
  facet normal 0.0653324 -0.997864 3.3184e-05
    outer loop
      vertex -11.0676 10.953 2.33879
      vertex -11.7858 10.9059 0
      vertex -10.8782 10.9654 2.32501
    endloop
  endfacet
  facet normal 0.0654335 -0.997857 2.00629e-06
    outer loop
      vertex -11.2506 10.941 2.36612
      vertex -11.7858 10.9059 0
      vertex -11.0676 10.953 2.33879
    endloop
  endfacet
  facet normal 0.0661872 -0.997807 -0.000169212
    outer loop
      vertex -11.3154 10.9367 2.3758
      vertex -11.7858 10.9059 0
      vertex -11.2506 10.941 2.36612
    endloop
  endfacet
  facet normal 0.0650429 -0.997882 5.83467e-05
    outer loop
      vertex -11.4888 10.9254 2.41624
      vertex -11.7858 10.9059 0
      vertex -11.3154 10.9367 2.3758
    endloop
  endfacet
  facet normal 0.0668066 -0.997766 -0.000159388
    outer loop
      vertex -11.55 10.9213 2.43053
      vertex -11.7858 10.9059 0
      vertex -11.4888 10.9254 2.41624
    endloop
  endfacet
  facet normal 0.0653413 -0.997863 -1.66189e-05
    outer loop
      vertex -11.6065 10.9176 2.4491
      vertex -11.7858 10.9059 0
      vertex -11.55 10.9213 2.43053
    endloop
  endfacet
  facet normal 0.06508 -0.99788 2.59481e-06
    outer loop
      vertex -11.7675 10.9071 2.50203
      vertex -11.7858 10.9059 0
      vertex -11.6065 10.9176 2.4491
    endloop
  endfacet
  facet normal 0.0654332 -0.997857 0
    outer loop
      vertex -11.7858 10.9059 0
      vertex -11.7675 10.9071 2.50203
      vertex -11.7858 10.9059 2.51011
    endloop
  endfacet
  facet normal 0.0655521 -0.997849 1.66383e-05
    outer loop
      vertex -10.6185 10.9824 2.32012
      vertex -10.35 11 0
      vertex -10.55 10.9869 2.32012
    endloop
  endfacet
  facet normal 0.0653599 -0.997862 0
    outer loop
      vertex -10.55 10.9869 2.32012
      vertex -10.35 11 0
      vertex -10.35 11 2.32727
    endloop
  endfacet
  facet normal 0.555561 -0.831476 0
    outer loop
      vertex -17.0464 8.72689 0
      vertex -15.85 9.52628 7
      vertex -17.0464 8.72689 7
    endloop
  endfacet
  facet normal 0.555561 -0.831476 0
    outer loop
      vertex -15.85 9.52628 7
      vertex -17.0464 8.72689 0
      vertex -15.85 9.52628 0
    endloop
  endfacet
  facet normal 0.659349 -0.751837 0
    outer loop
      vertex -18.1282 7.77817 0
      vertex -17.0464 8.72689 7
      vertex -18.1282 7.77817 7
    endloop
  endfacet
  facet normal 0.659349 -0.751837 0
    outer loop
      vertex -17.0464 8.72689 7
      vertex -18.1282 7.77817 0
      vertex -17.0464 8.72689 0
    endloop
  endfacet
  facet normal -0.997859 -0.0654034 0
    outer loop
      vertex 0.65 0 0
      vertex 0.555893 1.43579 7
      vertex 0.555893 1.43579 0
    endloop
  endfacet
  facet normal -0.997859 -0.0654034 0
    outer loop
      vertex 0.555893 1.43579 7
      vertex 0.65 0 0
      vertex 0.65 0 7
    endloop
  endfacet
  facet normal -0.0653565 0.997862 1.25765e-06
    outer loop
      vertex -10.35 -11 0
      vertex -9.82321 -10.9655 2.3249
      vertex -9.63236 -10.953 2.33879
    endloop
  endfacet
  facet normal -0.0654417 0.997856 1.57799e-05
    outer loop
      vertex -10.35 -11 0
      vertex -10.0826 -10.9825 2.32012
      vertex -9.88895 -10.9698 2.32012
    endloop
  endfacet
  facet normal -0.0652684 0.997868 -1.88062e-05
    outer loop
      vertex -9.82321 -10.9655 2.3249
      vertex -10.35 -11 0
      vertex -9.88895 -10.9698 2.32012
    endloop
  endfacet
  facet normal -0.0653985 0.997859 1.42024e-05
    outer loop
      vertex -10.35 -11 0
      vertex -9.63236 -10.953 2.33879
      vertex -8.91421 -10.9059 0
    endloop
  endfacet
  facet normal -0.0662017 0.997806 -0.000233479
    outer loop
      vertex -9.56909 -10.9488 2.34824
      vertex -8.91421 -10.9059 0
      vertex -9.63236 -10.953 2.33879
    endloop
  endfacet
  facet normal -0.0654527 0.997856 -2.36944e-05
    outer loop
      vertex -9.38463 -10.9367 2.3758
      vertex -8.91421 -10.9059 0
      vertex -9.56909 -10.9488 2.34824
    endloop
  endfacet
  facet normal -0.0653787 0.997861 -8.98975e-06
    outer loop
      vertex -9.21064 -10.9253 2.41638
      vertex -8.91421 -10.9059 0
      vertex -9.38463 -10.9367 2.3758
    endloop
  endfacet
  facet normal -0.0658057 0.997832 -6.1595e-05
    outer loop
      vertex -9.15 -10.9213 2.43053
      vertex -8.91421 -10.9059 0
      vertex -9.21064 -10.9253 2.41638
    endloop
  endfacet
  facet normal -0.064218 0.997936 9.3086e-05
    outer loop
      vertex -9.09403 -10.9177 2.44893
      vertex -8.91421 -10.9059 0
      vertex -9.15 -10.9213 2.43053
    endloop
  endfacet
  facet normal -0.0653094 0.997865 1.26026e-05
    outer loop
      vertex -8.96415 -10.9092 2.49162
      vertex -8.91421 -10.9059 0
      vertex -9.09403 -10.9177 2.44893
    endloop
  endfacet
  facet normal -0.0657207 0.997838 4.32359e-06
    outer loop
      vertex -8.93682 -10.9074 2.5006
      vertex -8.91421 -10.9059 0
      vertex -8.96415 -10.9092 2.49162
    endloop
  endfacet
  facet normal -0.0689517 0.99762 -2.50208e-05
    outer loop
      vertex -8.93248 -10.9071 2.50203
      vertex -8.91421 -10.9059 0
      vertex -8.93682 -10.9074 2.5006
    endloop
  endfacet
  facet normal -0.0655402 0.99785 0
    outer loop
      vertex -8.91421 -10.9059 0
      vertex -8.93248 -10.9071 2.50203
      vertex -8.91421 -10.9059 2.51011
    endloop
  endfacet
  facet normal -0.0651432 0.997876 -1.87609e-05
    outer loop
      vertex -10.0826 -10.9825 2.32012
      vertex -10.35 -11 0
      vertex -10.15 -10.9869 2.32012
    endloop
  endfacet
  facet normal -0.0653599 0.997862 0
    outer loop
      vertex -10.15 -10.9869 2.32012
      vertex -10.35 -11 0
      vertex -10.35 -11 2.32727
    endloop
  endfacet
  facet normal -0.94693 0.321439 0
    outer loop
      vertex -0.187325 -4.20952 0
      vertex 0.275184 -2.84701 7
      vertex 0.275184 -2.84701 0
    endloop
  endfacet
  facet normal -0.94693 0.321439 0
    outer loop
      vertex 0.275184 -2.84701 7
      vertex -0.187325 -4.20952 0
      vertex -0.187325 -4.20952 7
    endloop
  endfacet
  facet normal -0.555568 0.831471 0
    outer loop
      vertex -3.65362 -8.72689 0
      vertex -4.85 -9.52628 7
      vertex -3.65362 -8.72689 7
    endloop
  endfacet
  facet normal -0.555568 0.831471 0
    outer loop
      vertex -4.85 -9.52628 7
      vertex -3.65362 -8.72689 0
      vertex -4.85 -9.52628 0
    endloop
  endfacet
  facet normal -0.896873 0.442289 0
    outer loop
      vertex -0.82372 -5.5 0
      vertex -0.187325 -4.20952 7
      vertex -0.187325 -4.20952 0
    endloop
  endfacet
  facet normal -0.896873 0.442289 0
    outer loop
      vertex -0.187325 -4.20952 7
      vertex -0.82372 -5.5 0
      vertex -0.82372 -5.5 7
    endloop
  endfacet
  facet normal 0.442298 0.896868 -0
    outer loop
      vertex -14.5595 -10.1627 0
      vertex -15.85 -9.52628 7
      vertex -14.5595 -10.1627 7
    endloop
  endfacet
  facet normal 0.442298 0.896868 0
    outer loop
      vertex -15.85 -9.52628 7
      vertex -14.5595 -10.1627 0
      vertex -15.85 -9.52628 0
    endloop
  endfacet
  facet normal 0.946932 0.321433 0
    outer loop
      vertex -20.5127 -4.20952 7
      vertex -20.9752 -2.84701 0
      vertex -20.9752 -2.84701 7
    endloop
  endfacet
  facet normal 0.946932 0.321433 0
    outer loop
      vertex -20.9752 -2.84701 0
      vertex -20.5127 -4.20952 7
      vertex -20.5127 -4.20952 0
    endloop
  endfacet
  facet normal 0.997859 0.0653985 0
    outer loop
      vertex -21.2559 -1.43579 7
      vertex -21.35 0 0
      vertex -21.35 0 7
    endloop
  endfacet
  facet normal 0.997859 0.0653985 0
    outer loop
      vertex -21.35 0 0
      vertex -21.2559 -1.43579 7
      vertex -21.2559 -1.43579 0
    endloop
  endfacet
  facet normal 0.831466 0.555576 0
    outer loop
      vertex -19.0769 -6.69637 7
      vertex -19.8763 -5.5 0
      vertex -19.8763 -5.5 7
    endloop
  endfacet
  facet normal 0.831466 0.555576 0
    outer loop
      vertex -19.8763 -5.5 0
      vertex -19.0769 -6.69637 7
      vertex -19.0769 -6.69637 0
    endloop
  endfacet
  facet normal -0.980785 0.19509 0
    outer loop
      vertex 0.275184 -2.84701 0
      vertex 0.555893 -1.43579 7
      vertex 0.555893 -1.43579 0
    endloop
  endfacet
  facet normal -0.980785 0.19509 0
    outer loop
      vertex 0.555893 -1.43579 7
      vertex 0.275184 -2.84701 0
      vertex 0.275184 -2.84701 7
    endloop
  endfacet
  facet normal -0.195093 0.980785 0
    outer loop
      vertex -7.50299 -10.6252 7
      vertex -8.15 -10.7539 3.28394
      vertex -8.15 -10.7539 7
    endloop
  endfacet
  facet normal -0.195093 0.980785 0
    outer loop
      vertex -7.50299 -10.6252 0
      vertex -8.15 -10.7539 3.28394
      vertex -7.50299 -10.6252 7
    endloop
  endfacet
  facet normal -0.197627 0.980277 -0.000519211
    outer loop
      vertex -8.15 -10.7539 3.28394
      vertex -7.50299 -10.6252 0
      vertex -8.15437 -10.7548 3.24808
    endloop
  endfacet
  facet normal -0.194136 0.980975 0.000217777
    outer loop
      vertex -7.50299 -10.6252 0
      vertex -8.21106 -10.766 3.02766
      vertex -8.17305 -10.7585 3.12776
    endloop
  endfacet
  facet normal -0.195606 0.980683 -0.000145042
    outer loop
      vertex -7.50299 -10.6252 0
      vertex -8.28075 -10.7799 2.91518
      vertex -8.21815 -10.7674 3.00898
    endloop
  endfacet
  facet normal -0.194164 0.980969 0.000202824
    outer loop
      vertex -8.15437 -10.7548 3.24808
      vertex -7.50299 -10.6252 0
      vertex -8.16711 -10.7573 3.1434
    endloop
  endfacet
  facet normal -0.196972 0.980409 -0.000413977
    outer loop
      vertex -7.50299 -10.6252 0
      vertex -8.17305 -10.7585 3.12776
      vertex -8.16711 -10.7573 3.1434
    endloop
  endfacet
  facet normal -0.194221 0.980958 0.000197193
    outer loop
      vertex -8.21106 -10.766 3.02766
      vertex -7.50299 -10.6252 0
      vertex -8.21815 -10.7674 3.00898
    endloop
  endfacet
  facet normal -0.195884 0.980627 -0.000222145
    outer loop
      vertex -8.28075 -10.7799 2.91518
      vertex -7.50299 -10.6252 0
      vertex -8.30224 -10.7842 2.88298
    endloop
  endfacet
  facet normal -0.194706 0.980862 0.000117269
    outer loop
      vertex -7.50299 -10.6252 0
      vertex -8.33198 -10.7901 2.85332
      vertex -8.30224 -10.7842 2.88298
    endloop
  endfacet
  facet normal -0.195087 0.980786 2.24426e-06
    outer loop
      vertex -7.50299 -10.6252 0
      vertex -8.41795 -10.8072 2.76755
      vertex -8.33198 -10.7901 2.85332
    endloop
  endfacet
  facet normal -0.195229 0.980758 -4.64308e-05
    outer loop
      vertex -7.50299 -10.6252 0
      vertex -8.52594 -10.8287 2.69111
      vertex -8.41795 -10.8072 2.76755
    endloop
  endfacet
  facet normal -0.19451 0.980901 0.000237574
    outer loop
      vertex -7.50299 -10.6252 0
      vertex -8.56329 -10.8361 2.66467
      vertex -8.52594 -10.8287 2.69111
    endloop
  endfacet
  facet normal -0.194742 0.980855 0.000141772
    outer loop
      vertex -7.50299 -10.6252 0
      vertex -8.69127 -10.8615 2.59896
      vertex -8.56329 -10.8361 2.66467
    endloop
  endfacet
  facet normal -0.195843 0.980635 -0.000381739
    outer loop
      vertex -7.50299 -10.6252 0
      vertex -8.73579 -10.8704 2.5761
      vertex -8.69127 -10.8615 2.59896
    endloop
  endfacet
  facet normal -0.195084 0.980786 -4.26691e-06
    outer loop
      vertex -8.91421 -10.9059 0
      vertex -8.73579 -10.8704 2.5761
      vertex -7.50299 -10.6252 0
    endloop
  endfacet
  facet normal -0.195047 0.980794 -6.94018e-06
    outer loop
      vertex -8.73579 -10.8704 2.5761
      vertex -8.91421 -10.9059 0
      vertex -8.78708 -10.8806 2.55713
    endloop
  endfacet
  facet normal -0.195181 0.980767 0
    outer loop
      vertex -8.78708 -10.8806 2.55713
      vertex -8.91421 -10.9059 0
      vertex -8.91421 -10.9059 2.51011
    endloop
  endfacet
  facet normal -0.659352 0.751834 0
    outer loop
      vertex -2.57183 -7.77817 0
      vertex -3.65362 -8.72689 7
      vertex -2.57183 -7.77817 7
    endloop
  endfacet
  facet normal -0.659352 0.751834 0
    outer loop
      vertex -3.65362 -8.72689 7
      vertex -2.57183 -7.77817 0
      vertex -3.65362 -8.72689 0
    endloop
  endfacet
  facet normal -0.831469 0.555571 0
    outer loop
      vertex -1.62311 -6.69637 0
      vertex -0.82372 -5.5 7
      vertex -0.82372 -5.5 0
    endloop
  endfacet
  facet normal -0.831469 0.555571 0
    outer loop
      vertex -0.82372 -5.5 7
      vertex -1.62311 -6.69637 0
      vertex -1.62311 -6.69637 7
    endloop
  endfacet
  facet normal 0.0651432 0.997876 -1.87609e-05
    outer loop
      vertex -10.35 -11 0
      vertex -10.6174 -10.9825 2.32012
      vertex -10.55 -10.9869 2.32012
    endloop
  endfacet
  facet normal 0.0654248 0.997858 1.3833e-05
    outer loop
      vertex -10.6174 -10.9825 2.32012
      vertex -10.35 -11 0
      vertex -10.8111 -10.9698 2.32012
    endloop
  endfacet
  facet normal 0.0653599 0.997862 -0
    outer loop
      vertex -10.35 -11 0
      vertex -10.55 -10.9869 2.32012
      vertex -10.35 -11 2.32727
    endloop
  endfacet
  facet normal 0.0653086 0.997865 -9.36571e-06
    outer loop
      vertex -10.35 -11 0
      vertex -10.8768 -10.9655 2.3249
      vertex -10.8111 -10.9698 2.32012
    endloop
  endfacet
  facet normal 0.0653739 0.997861 5.48937e-06
    outer loop
      vertex -10.8768 -10.9655 2.3249
      vertex -10.35 -11 0
      vertex -11.0676 -10.953 2.33879
    endloop
  endfacet
  facet normal 0.0653981 0.997859 1.29441e-05
    outer loop
      vertex -11.7858 -10.9059 0
      vertex -11.0676 -10.953 2.33879
      vertex -10.35 -11 0
    endloop
  endfacet
  facet normal 0.0661716 0.997808 -0.00022562
    outer loop
      vertex -11.0676 -10.953 2.33879
      vertex -11.7858 -10.9059 0
      vertex -11.1309 -10.9488 2.34824
    endloop
  endfacet
  facet normal 0.065439 0.997857 -2.04303e-05
    outer loop
      vertex -11.1309 -10.9488 2.34824
      vertex -11.7858 -10.9059 0
      vertex -11.3154 -10.9367 2.3758
    endloop
  endfacet
  facet normal 0.0653753 0.997861 -7.75256e-06
    outer loop
      vertex -11.3154 -10.9367 2.3758
      vertex -11.7858 -10.9059 0
      vertex -11.4894 -10.9253 2.41638
    endloop
  endfacet
  facet normal 0.0658479 0.99783 -6.59802e-05
    outer loop
      vertex -11.4894 -10.9253 2.41638
      vertex -11.7858 -10.9059 0
      vertex -11.55 -10.9213 2.43053
    endloop
  endfacet
  facet normal 0.0641847 0.997938 9.60646e-05
    outer loop
      vertex -11.55 -10.9213 2.43053
      vertex -11.7858 -10.9059 0
      vertex -11.606 -10.9177 2.44893
    endloop
  endfacet
  facet normal 0.0652998 0.997866 1.38443e-05
    outer loop
      vertex -11.606 -10.9177 2.44893
      vertex -11.7858 -10.9059 0
      vertex -11.7359 -10.9092 2.49162
    endloop
  endfacet
  facet normal 0.0663073 0.997799 -6.42079e-06
    outer loop
      vertex -11.7359 -10.9092 2.49162
      vertex -11.7858 -10.9059 0
      vertex -11.7675 -10.9071 2.50203
    endloop
  endfacet
  facet normal 0.0654332 0.997857 0
    outer loop
      vertex -11.7675 -10.9071 2.50203
      vertex -11.7858 -10.9059 0
      vertex -11.7858 -10.9059 2.51011
    endloop
  endfacet
  facet normal 0.555561 0.831476 -0
    outer loop
      vertex -15.85 -9.52628 0
      vertex -17.0464 -8.72689 7
      vertex -15.85 -9.52628 7
    endloop
  endfacet
  facet normal 0.555561 0.831476 0
    outer loop
      vertex -17.0464 -8.72689 7
      vertex -15.85 -9.52628 0
      vertex -17.0464 -8.72689 0
    endloop
  endfacet
  facet normal 0.980786 0.195084 0
    outer loop
      vertex -20.9752 -2.84701 7
      vertex -21.2559 -1.43579 0
      vertex -21.2559 -1.43579 7
    endloop
  endfacet
  facet normal 0.980786 0.195084 0
    outer loop
      vertex -21.2559 -1.43579 0
      vertex -20.9752 -2.84701 7
      vertex -20.9752 -2.84701 0
    endloop
  endfacet
  facet normal 0.751844 0.659341 0
    outer loop
      vertex -18.1282 -7.77817 7
      vertex -19.0769 -6.69637 0
      vertex -19.0769 -6.69637 7
    endloop
  endfacet
  facet normal 0.751844 0.659341 0
    outer loop
      vertex -19.0769 -6.69637 0
      vertex -18.1282 -7.77817 7
      vertex -18.1282 -7.77817 0
    endloop
  endfacet
endsolid OpenSCAD_Model
