solid OpenSCAD_Model
  facet normal 0 0 -1
    outer loop
      vertex 12.265 16.0216 0
      vertex -12.265 16.0216 0
      vertex -12.25 16.25 0
    endloop
  endfacet
  facet normal 0 0 -1
    outer loop
      vertex -11.7851 3.46455 0
      vertex -12.3096 15.7971 0
      vertex -12.265 16.0216 0
    endloop
  endfacet
  facet normal 0 0 -1
    outer loop
      vertex -11.7851 3.46455 0
      vertex -12.3832 15.5803 0
      vertex -12.3096 15.7971 0
    endloop
  endfacet
  facet normal 0 0 -1
    outer loop
      vertex -11.7851 3.46455 0
      vertex -12.4845 15.375 0
      vertex -12.3832 15.5803 0
    endloop
  endfacet
  facet normal 0 0 -1
    outer loop
      vertex -11.7851 3.46455 0
      vertex -12.6116 15.1847 0
      vertex -12.4845 15.375 0
    endloop
  endfacet
  facet normal 0 0 -1
    outer loop
      vertex -14.4529 14.5596 0
      vertex -12.225 3.24759 0
      vertex -12.6329 2.97507 0
    endloop
  endfacet
  facet normal 0 0 -1
    outer loop
      vertex -11.7851 3.46455 0
      vertex -12.7626 15.0126 0
      vertex -12.6116 15.1847 0
    endloop
  endfacet
  facet normal 0 0 -1
    outer loop
      vertex -11.7851 3.46455 0
      vertex -12.9347 14.8616 0
      vertex -12.7626 15.0126 0
    endloop
  endfacet
  facet normal 0 0 -1
    outer loop
      vertex -14.6697 14.6332 0
      vertex -12.6329 2.97507 0
      vertex -13.0016 2.65165 0
    endloop
  endfacet
  facet normal 0 0 -1
    outer loop
      vertex -11.7851 3.46455 0
      vertex -13.125 14.7345 0
      vertex -12.9347 14.8616 0
    endloop
  endfacet
  facet normal 0 0 -1
    outer loop
      vertex -14.875 14.7345 0
      vertex -13.0016 2.65165 0
      vertex -13.3251 2.28286 0
    endloop
  endfacet
  facet normal 0 0 -1
    outer loop
      vertex -11.7851 3.46455 0
      vertex -13.3303 14.6332 0
      vertex -13.125 14.7345 0
    endloop
  endfacet
  facet normal 0 0 -1
    outer loop
      vertex -11.7851 3.46455 0
      vertex -13.5471 14.5596 0
      vertex -13.3303 14.6332 0
    endloop
  endfacet
  facet normal 0 0 -1
    outer loop
      vertex -15.0653 14.8616 0
      vertex -13.3251 2.28286 0
      vertex -13.5976 1.875 0
    endloop
  endfacet
  facet normal 0 0 -1
    outer loop
      vertex -11.7851 3.46455 0
      vertex -13.7716 14.515 0
      vertex -13.5471 14.5596 0
    endloop
  endfacet
  facet normal 0 0 -1
    outer loop
      vertex -15.3884 15.1847 0
      vertex -13.5976 1.875 0
      vertex -13.8145 1.43506 0
    endloop
  endfacet
  facet normal 0 0 -1
    outer loop
      vertex -24.75 20.25 0
      vertex -13.8145 1.43506 0
      vertex -13.9722 0.970571 0
    endloop
  endfacet
  facet normal 0 0 -1
    outer loop
      vertex -11.7851 3.46455 0
      vertex -14 14.5 0
      vertex -13.7716 14.515 0
    endloop
  endfacet
  facet normal 0 0 -1
    outer loop
      vertex -24.75 20.25 0
      vertex -13.9722 0.970571 0
      vertex -14.0679 0.489472 0
    endloop
  endfacet
  facet normal 0 0 -1
    outer loop
      vertex -24.75 20.25 0
      vertex -14.0679 0.489472 0
      vertex -14.1 0 0
    endloop
  endfacet
  facet normal 0 0 -1
    outer loop
      vertex -15.2374 -15.0126 0
      vertex -13.5976 -1.875 0
      vertex -15.0653 -14.8616 0
    endloop
  endfacet
  facet normal 0 0 -1
    outer loop
      vertex -11.7851 3.46455 0
      vertex -14.2284 14.515 0
      vertex -14 14.5 0
    endloop
  endfacet
  facet normal 0 0 -1
    outer loop
      vertex -15.3884 -15.1847 0
      vertex -13.5976 -1.875 0
      vertex -15.2374 -15.0126 0
    endloop
  endfacet
  facet normal 0 0 -1
    outer loop
      vertex -12.225 3.24759 0
      vertex -14.4529 14.5596 0
      vertex -14.2284 14.515 0
    endloop
  endfacet
  facet normal -0 0 -1
    outer loop
      vertex -13.5976 -1.875 0
      vertex -15.3884 -15.1847 0
      vertex -13.8145 -1.43506 0
    endloop
  endfacet
  facet normal 0 0 -1
    outer loop
      vertex -12.6329 2.97507 0
      vertex -14.6697 14.6332 0
      vertex -14.4529 14.5596 0
    endloop
  endfacet
  facet normal 0 0 -1
    outer loop
      vertex -24.75 -20.25 0
      vertex -13.8145 -1.43506 0
      vertex -15.3884 -15.1847 0
    endloop
  endfacet
  facet normal 0 0 -1
    outer loop
      vertex -13.0016 2.65165 0
      vertex -14.875 14.7345 0
      vertex -14.6697 14.6332 0
    endloop
  endfacet
  facet normal -0 0 -1
    outer loop
      vertex -13.8145 -1.43506 0
      vertex -24.75 -20.25 0
      vertex -13.9722 -0.970571 0
    endloop
  endfacet
  facet normal 0 0 -1
    outer loop
      vertex -13.3251 2.28286 0
      vertex -15.0653 14.8616 0
      vertex -14.875 14.7345 0
    endloop
  endfacet
  facet normal -0 0 -1
    outer loop
      vertex -13.9722 -0.970571 0
      vertex -24.75 -20.25 0
      vertex -14.0679 -0.489472 0
    endloop
  endfacet
  facet normal 0 0 -1
    outer loop
      vertex -13.5976 1.875 0
      vertex -15.2374 15.0126 0
      vertex -15.0653 14.8616 0
    endloop
  endfacet
  facet normal -0 0 -1
    outer loop
      vertex -14.0679 -0.489472 0
      vertex -24.75 -20.25 0
      vertex -14.1 0 0
    endloop
  endfacet
  facet normal 0 0 -1
    outer loop
      vertex -24.75 20.25 0
      vertex -14.1 0 0
      vertex -24.75 -20.25 0
    endloop
  endfacet
  facet normal 0 0 -1
    outer loop
      vertex -24.75 -20.25 0
      vertex -15.3884 -15.1847 0
      vertex -15.5155 -15.375 0
    endloop
  endfacet
  facet normal 0 0 -1
    outer loop
      vertex -13.8145 1.43506 0
      vertex -24.75 20.25 0
      vertex -15.3884 15.1847 0
    endloop
  endfacet
  facet normal 0 0 -1
    outer loop
      vertex -24.75 -20.25 0
      vertex -15.5155 -15.375 0
      vertex -15.6168 -15.5803 0
    endloop
  endfacet
  facet normal 0 0 -1
    outer loop
      vertex -13.5976 1.875 0
      vertex -15.3884 15.1847 0
      vertex -15.2374 15.0126 0
    endloop
  endfacet
  facet normal 0 0 -1
    outer loop
      vertex -24.75 -20.25 0
      vertex -15.6168 -15.5803 0
      vertex -15.6904 -15.7971 0
    endloop
  endfacet
  facet normal 0 0 -1
    outer loop
      vertex -15.3884 15.1847 0
      vertex -24.75 20.25 0
      vertex -15.5155 15.375 0
    endloop
  endfacet
  facet normal 0 0 -1
    outer loop
      vertex -24.75 -20.25 0
      vertex -15.6904 -15.7971 0
      vertex -15.735 -16.0216 0
    endloop
  endfacet
  facet normal 0 0 -1
    outer loop
      vertex -15.5155 15.375 0
      vertex -24.75 20.25 0
      vertex -15.6168 15.5803 0
    endloop
  endfacet
  facet normal 0 0 -1
    outer loop
      vertex -24.75 -20.25 0
      vertex -15.735 -16.0216 0
      vertex -15.75 -16.25 0
    endloop
  endfacet
  facet normal 0 0 -1
    outer loop
      vertex -15.6168 15.5803 0
      vertex -24.75 20.25 0
      vertex -15.6904 15.7971 0
    endloop
  endfacet
  facet normal 0 0 -1
    outer loop
      vertex 15.6168 -15.5803 0
      vertex 24.75 -20.25 0
      vertex 15.6904 -15.7971 0
    endloop
  endfacet
  facet normal 0 0 -1
    outer loop
      vertex 24.75 20.25 0
      vertex 15.735 16.0216 0
      vertex 15.75 16.25 0
    endloop
  endfacet
  facet normal 0 0 -1
    outer loop
      vertex 15.5155 -15.375 0
      vertex 24.75 -20.25 0
      vertex 15.6168 -15.5803 0
    endloop
  endfacet
  facet normal 0 0 -1
    outer loop
      vertex 24.75 20.25 0
      vertex 15.6904 15.7971 0
      vertex 15.735 16.0216 0
    endloop
  endfacet
  facet normal 0 0 -1
    outer loop
      vertex 15.3884 -15.1847 0
      vertex 24.75 -20.25 0
      vertex 15.5155 -15.375 0
    endloop
  endfacet
  facet normal 0 0 -1
    outer loop
      vertex 24.75 20.25 0
      vertex 15.6168 15.5803 0
      vertex 15.6904 15.7971 0
    endloop
  endfacet
  facet normal 0 0 -1
    outer loop
      vertex 15.2374 -15.0126 0
      vertex 24.75 -20.25 0
      vertex 15.3884 -15.1847 0
    endloop
  endfacet
  facet normal 0 0 -1
    outer loop
      vertex 24.75 20.25 0
      vertex 15.5155 15.375 0
      vertex 15.6168 15.5803 0
    endloop
  endfacet
  facet normal 0 0 -1
    outer loop
      vertex 24.75 -20.25 0
      vertex 15.2374 -15.0126 0
      vertex 24.75 20.25 0
    endloop
  endfacet
  facet normal 0 0 -1
    outer loop
      vertex 24.75 20.25 0
      vertex 15.3884 15.1847 0
      vertex 15.5155 15.375 0
    endloop
  endfacet
  facet normal 0 0 -1
    outer loop
      vertex 15.2374 15.0126 0
      vertex 24.75 20.25 0
      vertex 15.2374 -15.0126 0
    endloop
  endfacet
  facet normal 0 0 -1
    outer loop
      vertex 24.75 20.25 0
      vertex 15.2374 15.0126 0
      vertex 15.3884 15.1847 0
    endloop
  endfacet
  facet normal 0 0 -1
    outer loop
      vertex 15.0653 -14.8616 0
      vertex 15.2374 15.0126 0
      vertex 15.2374 -15.0126 0
    endloop
  endfacet
  facet normal 0 0 -1
    outer loop
      vertex 15.0653 -14.8616 0
      vertex 15.0653 14.8616 0
      vertex 15.2374 15.0126 0
    endloop
  endfacet
  facet normal 0 0 -1
    outer loop
      vertex 14.875 -14.7345 0
      vertex 15.0653 14.8616 0
      vertex 15.0653 -14.8616 0
    endloop
  endfacet
  facet normal 0 0 -1
    outer loop
      vertex 14.875 -14.7345 0
      vertex 14.875 14.7345 0
      vertex 15.0653 14.8616 0
    endloop
  endfacet
  facet normal 0 0 -1
    outer loop
      vertex 14.6697 -14.6332 0
      vertex 14.875 14.7345 0
      vertex 14.875 -14.7345 0
    endloop
  endfacet
  facet normal 0 0 -1
    outer loop
      vertex 14.6697 -14.6332 0
      vertex 14.6697 14.6332 0
      vertex 14.875 14.7345 0
    endloop
  endfacet
  facet normal 0 0 -1
    outer loop
      vertex 14.4529 -14.5596 0
      vertex 14.6697 14.6332 0
      vertex 14.6697 -14.6332 0
    endloop
  endfacet
  facet normal 0 0 -1
    outer loop
      vertex 14.4529 -14.5596 0
      vertex 14.4529 14.5596 0
      vertex 14.6697 14.6332 0
    endloop
  endfacet
  facet normal 0 0 -1
    outer loop
      vertex 14.2284 -14.515 0
      vertex 14.4529 14.5596 0
      vertex 14.4529 -14.5596 0
    endloop
  endfacet
  facet normal 0 0 -1
    outer loop
      vertex 14.2284 -14.515 0
      vertex 14.2284 14.515 0
      vertex 14.4529 14.5596 0
    endloop
  endfacet
  facet normal 0 0 -1
    outer loop
      vertex 14 -14.5 0
      vertex 14.2284 14.515 0
      vertex 14.2284 -14.515 0
    endloop
  endfacet
  facet normal 0 0 -1
    outer loop
      vertex 14 -14.5 0
      vertex 14 14.5 0
      vertex 14.2284 14.515 0
    endloop
  endfacet
  facet normal 0 0 -1
    outer loop
      vertex 13.7716 -14.515 0
      vertex 14 14.5 0
      vertex 14 -14.5 0
    endloop
  endfacet
  facet normal 0 0 -1
    outer loop
      vertex 13.7716 -14.515 0
      vertex 13.7716 14.515 0
      vertex 14 14.5 0
    endloop
  endfacet
  facet normal 0 0 -1
    outer loop
      vertex 13.5471 -14.5596 0
      vertex 13.7716 14.515 0
      vertex 13.7716 -14.515 0
    endloop
  endfacet
  facet normal 0 0 -1
    outer loop
      vertex 13.5471 -14.5596 0
      vertex 13.5471 14.5596 0
      vertex 13.7716 14.515 0
    endloop
  endfacet
  facet normal 0 0 -1
    outer loop
      vertex -6.6 0 0
      vertex 13.5471 -14.5596 0
      vertex 13.3303 -14.6332 0
    endloop
  endfacet
  facet normal 0 0 -1
    outer loop
      vertex 13.5471 -14.5596 0
      vertex -6.6 0 0
      vertex 13.5471 14.5596 0
    endloop
  endfacet
  facet normal 0 0 -1
    outer loop
      vertex -6.63208 -0.489472 0
      vertex 13.3303 -14.6332 0
      vertex 13.125 -14.7345 0
    endloop
  endfacet
  facet normal -0 0 -1
    outer loop
      vertex 13.5471 14.5596 0
      vertex -6.6 0 0
      vertex 13.3303 14.6332 0
    endloop
  endfacet
  facet normal 0 0 -1
    outer loop
      vertex -6.72778 -0.970571 0
      vertex 13.125 -14.7345 0
      vertex 12.9347 -14.8616 0
    endloop
  endfacet
  facet normal 0 0 -1
    outer loop
      vertex -6.63208 0.489472 0
      vertex 13.3303 14.6332 0
      vertex -6.6 0 0
    endloop
  endfacet
  facet normal 0 0 -1
    outer loop
      vertex -6.88545 -1.43506 0
      vertex 12.9347 -14.8616 0
      vertex 12.7626 -15.0126 0
    endloop
  endfacet
  facet normal -0 0 -1
    outer loop
      vertex 13.3303 14.6332 0
      vertex -6.63208 0.489472 0
      vertex 13.125 14.7345 0
    endloop
  endfacet
  facet normal 0 0 -1
    outer loop
      vertex -7.1024 -1.875 0
      vertex 12.7626 -15.0126 0
      vertex 12.6116 -15.1847 0
    endloop
  endfacet
  facet normal 0 0 -1
    outer loop
      vertex -6.72778 0.970571 0
      vertex 13.125 14.7345 0
      vertex -6.63208 0.489472 0
    endloop
  endfacet
  facet normal 0 0 -1
    outer loop
      vertex -7.1024 -1.875 0
      vertex 12.6116 -15.1847 0
      vertex 12.4845 -15.375 0
    endloop
  endfacet
  facet normal -0 0 -1
    outer loop
      vertex 13.125 14.7345 0
      vertex -6.72778 0.970571 0
      vertex 12.9347 14.8616 0
    endloop
  endfacet
  facet normal 0 0 -1
    outer loop
      vertex -7.37492 -2.28286 0
      vertex 12.4845 -15.375 0
      vertex 12.3832 -15.5803 0
    endloop
  endfacet
  facet normal 0 0 -1
    outer loop
      vertex -6.88545 1.43506 0
      vertex 12.9347 14.8616 0
      vertex -6.72778 0.970571 0
    endloop
  endfacet
  facet normal 0 0 -1
    outer loop
      vertex -7.69835 -2.65165 0
      vertex 12.3832 -15.5803 0
      vertex 12.3096 -15.7971 0
    endloop
  endfacet
  facet normal -0 0 -1
    outer loop
      vertex 12.9347 14.8616 0
      vertex -6.88545 1.43506 0
      vertex 12.7626 15.0126 0
    endloop
  endfacet
  facet normal 0 0 -1
    outer loop
      vertex -12.3096 -15.7971 0
      vertex 12.3096 -15.7971 0
      vertex 12.265 -16.0216 0
    endloop
  endfacet
  facet normal 0 0 -1
    outer loop
      vertex -7.1024 1.875 0
      vertex 12.7626 15.0126 0
      vertex -6.88545 1.43506 0
    endloop
  endfacet
  facet normal 0 0 -1
    outer loop
      vertex -12.265 -16.0216 0
      vertex 12.265 -16.0216 0
      vertex 12.25 -16.25 0
    endloop
  endfacet
  facet normal -0 0 -1
    outer loop
      vertex 12.7626 15.0126 0
      vertex -7.1024 1.875 0
      vertex 12.6116 15.1847 0
    endloop
  endfacet
  facet normal 0 0 -1
    outer loop
      vertex 15.75 -16.25 0
      vertex 24.75 -20.25 0
      vertex 15.75 -18.25 0
    endloop
  endfacet
  facet normal 0 0 -1
    outer loop
      vertex 24.75 -20.25 0
      vertex 15.735 -18.4784 0
      vertex 15.75 -18.25 0
    endloop
  endfacet
  facet normal 0 0 -1
    outer loop
      vertex 24.75 -20.25 0
      vertex 15.6904 -18.7029 0
      vertex 15.735 -18.4784 0
    endloop
  endfacet
  facet normal 0 0 -1
    outer loop
      vertex 24.75 -20.25 0
      vertex 15.6168 -18.9197 0
      vertex 15.6904 -18.7029 0
    endloop
  endfacet
  facet normal 0 0 -1
    outer loop
      vertex 24.75 -20.25 0
      vertex 15.5155 -19.125 0
      vertex 15.6168 -18.9197 0
    endloop
  endfacet
  facet normal 0 0 -1
    outer loop
      vertex 24.75 -20.25 0
      vertex 15.3884 -19.3153 0
      vertex 15.5155 -19.125 0
    endloop
  endfacet
  facet normal 0 0 -1
    outer loop
      vertex 24.75 -20.25 0
      vertex 15.2374 -19.4874 0
      vertex 15.3884 -19.3153 0
    endloop
  endfacet
  facet normal 0 0 -1
    outer loop
      vertex 24.75 -20.25 0
      vertex 15.0653 -19.6384 0
      vertex 15.2374 -19.4874 0
    endloop
  endfacet
  facet normal 0 0 -1
    outer loop
      vertex 24.75 -20.25 0
      vertex 14.875 -19.7655 0
      vertex 15.0653 -19.6384 0
    endloop
  endfacet
  facet normal 0 0 -1
    outer loop
      vertex 24.75 -20.25 0
      vertex 14.6697 -19.8668 0
      vertex 14.875 -19.7655 0
    endloop
  endfacet
  facet normal 0 0 -1
    outer loop
      vertex 24.75 -20.25 0
      vertex 14.4529 -19.9404 0
      vertex 14.6697 -19.8668 0
    endloop
  endfacet
  facet normal 0 0 -1
    outer loop
      vertex 24.75 -20.25 0
      vertex 14.2284 -19.985 0
      vertex 14.4529 -19.9404 0
    endloop
  endfacet
  facet normal 0 0 -1
    outer loop
      vertex 24.75 -20.25 0
      vertex 14 -20 0
      vertex 14.2284 -19.985 0
    endloop
  endfacet
  facet normal 0 0 -1
    outer loop
      vertex -12.25 -16.25 0
      vertex 12.25 -16.25 0
      vertex 12.25 -18.25 0
    endloop
  endfacet
  facet normal -0 0 -1
    outer loop
      vertex 12.6116 15.1847 0
      vertex -7.1024 1.875 0
      vertex 12.4845 15.375 0
    endloop
  endfacet
  facet normal 0 0 -1
    outer loop
      vertex -7.37492 2.28286 0
      vertex 12.4845 15.375 0
      vertex -7.1024 1.875 0
    endloop
  endfacet
  facet normal 0 0 -1
    outer loop
      vertex -12.25 -18.25 0
      vertex 12.25 -18.25 0
      vertex 12.265 -18.4784 0
    endloop
  endfacet
  facet normal 0 0 -1
    outer loop
      vertex -12.265 -18.4784 0
      vertex 12.265 -18.4784 0
      vertex 12.3096 -18.7029 0
    endloop
  endfacet
  facet normal 0 0 -1
    outer loop
      vertex -12.3096 -18.7029 0
      vertex 12.3096 -18.7029 0
      vertex 12.3832 -18.9197 0
    endloop
  endfacet
  facet normal 0 0 -1
    outer loop
      vertex -12.3832 -18.9197 0
      vertex 12.3832 -18.9197 0
      vertex 12.4845 -19.125 0
    endloop
  endfacet
  facet normal 0 0 -1
    outer loop
      vertex -12.4845 -19.125 0
      vertex 12.4845 -19.125 0
      vertex 12.6116 -19.3153 0
    endloop
  endfacet
  facet normal 0 0 -1
    outer loop
      vertex -12.6116 -19.3153 0
      vertex 12.6116 -19.3153 0
      vertex 12.7626 -19.4874 0
    endloop
  endfacet
  facet normal 0 0 -1
    outer loop
      vertex 13.3303 -14.6332 0
      vertex -6.63208 -0.489472 0
      vertex -6.6 0 0
    endloop
  endfacet
  facet normal 0 0 -1
    outer loop
      vertex 13.125 -14.7345 0
      vertex -6.72778 -0.970571 0
      vertex -6.63208 -0.489472 0
    endloop
  endfacet
  facet normal 0 0 -1
    outer loop
      vertex 12.9347 -14.8616 0
      vertex -6.88545 -1.43506 0
      vertex -6.72778 -0.970571 0
    endloop
  endfacet
  facet normal 0 0 -1
    outer loop
      vertex 12.7626 -15.0126 0
      vertex -7.1024 -1.875 0
      vertex -6.88545 -1.43506 0
    endloop
  endfacet
  facet normal 0 0 -1
    outer loop
      vertex 12.4845 -15.375 0
      vertex -7.37492 -2.28286 0
      vertex -7.1024 -1.875 0
    endloop
  endfacet
  facet normal 0 0 -1
    outer loop
      vertex -12.7626 -19.4874 0
      vertex 12.7626 -19.4874 0
      vertex 12.9347 -19.6384 0
    endloop
  endfacet
  facet normal 0 0 -1
    outer loop
      vertex 12.3832 -15.5803 0
      vertex -7.69835 -2.65165 0
      vertex -7.37492 -2.28286 0
    endloop
  endfacet
  facet normal 0 0 -1
    outer loop
      vertex 12.3096 -15.7971 0
      vertex -8.06714 -2.97507 0
      vertex -7.69835 -2.65165 0
    endloop
  endfacet
  facet normal 0 0 -1
    outer loop
      vertex 12.3096 -15.7971 0
      vertex -12.3096 -15.7971 0
      vertex -8.06714 -2.97507 0
    endloop
  endfacet
  facet normal 0 0 -1
    outer loop
      vertex -12.3832 -15.5803 0
      vertex -8.06714 -2.97507 0
      vertex -12.3096 -15.7971 0
    endloop
  endfacet
  facet normal 0 0 -1
    outer loop
      vertex -8.06714 -2.97507 0
      vertex -12.3832 -15.5803 0
      vertex -8.475 -3.24759 0
    endloop
  endfacet
  facet normal 0 0 -1
    outer loop
      vertex -12.4845 -15.375 0
      vertex -8.475 -3.24759 0
      vertex -12.3832 -15.5803 0
    endloop
  endfacet
  facet normal 0 0 -1
    outer loop
      vertex -8.475 -3.24759 0
      vertex -12.4845 -15.375 0
      vertex -8.91494 -3.46455 0
    endloop
  endfacet
  facet normal 0 0 -1
    outer loop
      vertex -12.6116 -15.1847 0
      vertex -8.91494 -3.46455 0
      vertex -12.4845 -15.375 0
    endloop
  endfacet
  facet normal 0 0 -1
    outer loop
      vertex -8.91494 -3.46455 0
      vertex -12.6116 -15.1847 0
      vertex -9.37943 -3.62222 0
    endloop
  endfacet
  facet normal 0 0 -1
    outer loop
      vertex -12.9347 -19.6384 0
      vertex 12.9347 -19.6384 0
      vertex 13.125 -19.7655 0
    endloop
  endfacet
  facet normal 0 0 -1
    outer loop
      vertex -9.37943 -3.62222 0
      vertex -12.7626 -15.0126 0
      vertex -9.86053 -3.71792 0
    endloop
  endfacet
  facet normal 0 0 -1
    outer loop
      vertex -12.9347 -14.8616 0
      vertex -9.86053 -3.71792 0
      vertex -12.7626 -15.0126 0
    endloop
  endfacet
  facet normal 0 0 -1
    outer loop
      vertex 12.25 -18.25 0
      vertex -12.25 -18.25 0
      vertex -12.25 -16.25 0
    endloop
  endfacet
  facet normal 0 0 -1
    outer loop
      vertex -13.125 -19.7655 0
      vertex 13.125 -19.7655 0
      vertex 13.3303 -19.8668 0
    endloop
  endfacet
  facet normal 0 0 -1
    outer loop
      vertex -13.3303 -19.8668 0
      vertex 13.3303 -19.8668 0
      vertex 13.5471 -19.9404 0
    endloop
  endfacet
  facet normal 0 0 -1
    outer loop
      vertex -13.5471 -19.9404 0
      vertex 13.5471 -19.9404 0
      vertex 13.7716 -19.985 0
    endloop
  endfacet
  facet normal 0 0 -1
    outer loop
      vertex 12.265 -18.4784 0
      vertex -12.265 -18.4784 0
      vertex -12.25 -18.25 0
    endloop
  endfacet
  facet normal 0 0 -1
    outer loop
      vertex -13.7716 -19.985 0
      vertex 13.7716 -19.985 0
      vertex 14 -20 0
    endloop
  endfacet
  facet normal 0 0 -1
    outer loop
      vertex 12.3096 -18.7029 0
      vertex -12.3096 -18.7029 0
      vertex -12.265 -18.4784 0
    endloop
  endfacet
  facet normal 0 0 -1
    outer loop
      vertex 12.3832 -18.9197 0
      vertex -12.3832 -18.9197 0
      vertex -12.3096 -18.7029 0
    endloop
  endfacet
  facet normal 0 0 -1
    outer loop
      vertex 12.4845 -19.125 0
      vertex -12.4845 -19.125 0
      vertex -12.3832 -18.9197 0
    endloop
  endfacet
  facet normal 0 0 -1
    outer loop
      vertex 12.6116 -19.3153 0
      vertex -12.6116 -19.3153 0
      vertex -12.4845 -19.125 0
    endloop
  endfacet
  facet normal 0 0 -1
    outer loop
      vertex 12.7626 -19.4874 0
      vertex -12.7626 -19.4874 0
      vertex -12.6116 -19.3153 0
    endloop
  endfacet
  facet normal 0 0 -1
    outer loop
      vertex -14 -20 0
      vertex 14 -20 0
      vertex 24.75 -20.25 0
    endloop
  endfacet
  facet normal 0 0 -1
    outer loop
      vertex 12.9347 -19.6384 0
      vertex -12.9347 -19.6384 0
      vertex -12.7626 -19.4874 0
    endloop
  endfacet
  facet normal 0 0 -1
    outer loop
      vertex 13.125 -19.7655 0
      vertex -13.125 -19.7655 0
      vertex -12.9347 -19.6384 0
    endloop
  endfacet
  facet normal 0 0 -1
    outer loop
      vertex 13.3303 -19.8668 0
      vertex -13.3303 -19.8668 0
      vertex -13.125 -19.7655 0
    endloop
  endfacet
  facet normal 0 0 -1
    outer loop
      vertex 13.5471 -19.9404 0
      vertex -13.5471 -19.9404 0
      vertex -13.3303 -19.8668 0
    endloop
  endfacet
  facet normal 0 0 -1
    outer loop
      vertex 13.7716 -19.985 0
      vertex -13.7716 -19.985 0
      vertex -13.5471 -19.9404 0
    endloop
  endfacet
  facet normal 0 0 -1
    outer loop
      vertex 14 -20 0
      vertex -14 -20 0
      vertex -13.7716 -19.985 0
    endloop
  endfacet
  facet normal 0 0 -1
    outer loop
      vertex -24.75 -20.25 0
      vertex -15.75 -16.25 0
      vertex -15.75 -18.25 0
    endloop
  endfacet
  facet normal 0 0 -1
    outer loop
      vertex -15.6904 15.7971 0
      vertex -24.75 20.25 0
      vertex -15.735 16.0216 0
    endloop
  endfacet
  facet normal 0 0 -1
    outer loop
      vertex -15.735 16.0216 0
      vertex -24.75 20.25 0
      vertex -15.75 16.25 0
    endloop
  endfacet
  facet normal -0 0 -1
    outer loop
      vertex -15.735 -18.4784 0
      vertex -24.75 -20.25 0
      vertex -15.75 -18.25 0
    endloop
  endfacet
  facet normal -0 0 -1
    outer loop
      vertex -15.6904 -18.7029 0
      vertex -24.75 -20.25 0
      vertex -15.735 -18.4784 0
    endloop
  endfacet
  facet normal -0 0 -1
    outer loop
      vertex -15.6168 -18.9197 0
      vertex -24.75 -20.25 0
      vertex -15.6904 -18.7029 0
    endloop
  endfacet
  facet normal -0 0 -1
    outer loop
      vertex -15.5155 -19.125 0
      vertex -24.75 -20.25 0
      vertex -15.6168 -18.9197 0
    endloop
  endfacet
  facet normal -0 0 -1
    outer loop
      vertex -15.3884 -19.3153 0
      vertex -24.75 -20.25 0
      vertex -15.5155 -19.125 0
    endloop
  endfacet
  facet normal -0 0 -1
    outer loop
      vertex -15.2374 -19.4874 0
      vertex -24.75 -20.25 0
      vertex -15.3884 -19.3153 0
    endloop
  endfacet
  facet normal -0 0 -1
    outer loop
      vertex -15.0653 -19.6384 0
      vertex -24.75 -20.25 0
      vertex -15.2374 -19.4874 0
    endloop
  endfacet
  facet normal -0 0 -1
    outer loop
      vertex -14.875 -19.7655 0
      vertex -24.75 -20.25 0
      vertex -15.0653 -19.6384 0
    endloop
  endfacet
  facet normal -0 0 -1
    outer loop
      vertex -14.6697 -19.8668 0
      vertex -24.75 -20.25 0
      vertex -14.875 -19.7655 0
    endloop
  endfacet
  facet normal -0 0 -1
    outer loop
      vertex -14.4529 -19.9404 0
      vertex -24.75 -20.25 0
      vertex -14.6697 -19.8668 0
    endloop
  endfacet
  facet normal -0 0 -1
    outer loop
      vertex -14.2284 -19.985 0
      vertex -24.75 -20.25 0
      vertex -14.4529 -19.9404 0
    endloop
  endfacet
  facet normal -0 0 -1
    outer loop
      vertex -14 -20 0
      vertex -24.75 -20.25 0
      vertex -14.2284 -19.985 0
    endloop
  endfacet
  facet normal 0 0 -1
    outer loop
      vertex -24.75 -20.25 0
      vertex -14 -20 0
      vertex 24.75 -20.25 0
    endloop
  endfacet
  facet normal 0 0 -1
    outer loop
      vertex 15.735 -16.0216 0
      vertex 24.75 -20.25 0
      vertex 15.75 -16.25 0
    endloop
  endfacet
  facet normal 0 0 -1
    outer loop
      vertex 15.6904 -15.7971 0
      vertex 24.75 -20.25 0
      vertex 15.735 -16.0216 0
    endloop
  endfacet
  facet normal 0 0 -1
    outer loop
      vertex 15.75 18.25 0
      vertex 24.75 20.25 0
      vertex 15.75 16.25 0
    endloop
  endfacet
  facet normal 0 0 -1
    outer loop
      vertex 15.735 18.4784 0
      vertex 24.75 20.25 0
      vertex 15.75 18.25 0
    endloop
  endfacet
  facet normal 0 0 -1
    outer loop
      vertex 15.6904 18.7029 0
      vertex 24.75 20.25 0
      vertex 15.735 18.4784 0
    endloop
  endfacet
  facet normal 0 0 -1
    outer loop
      vertex 15.6168 18.9197 0
      vertex 24.75 20.25 0
      vertex 15.6904 18.7029 0
    endloop
  endfacet
  facet normal 0 0 -1
    outer loop
      vertex 15.5155 19.125 0
      vertex 24.75 20.25 0
      vertex 15.6168 18.9197 0
    endloop
  endfacet
  facet normal 0 0 -1
    outer loop
      vertex 15.3884 19.3153 0
      vertex 24.75 20.25 0
      vertex 15.5155 19.125 0
    endloop
  endfacet
  facet normal 0 0 -1
    outer loop
      vertex 15.2374 19.4874 0
      vertex 24.75 20.25 0
      vertex 15.3884 19.3153 0
    endloop
  endfacet
  facet normal 0 0 -1
    outer loop
      vertex 15.0653 19.6384 0
      vertex 24.75 20.25 0
      vertex 15.2374 19.4874 0
    endloop
  endfacet
  facet normal 0 0 -1
    outer loop
      vertex 14.875 19.7655 0
      vertex 24.75 20.25 0
      vertex 15.0653 19.6384 0
    endloop
  endfacet
  facet normal 0 0 -1
    outer loop
      vertex 14.6697 19.8668 0
      vertex 24.75 20.25 0
      vertex 14.875 19.7655 0
    endloop
  endfacet
  facet normal 0 0 -1
    outer loop
      vertex 14.4529 19.9404 0
      vertex 24.75 20.25 0
      vertex 14.6697 19.8668 0
    endloop
  endfacet
  facet normal 0 0 -1
    outer loop
      vertex 14.2284 19.985 0
      vertex 24.75 20.25 0
      vertex 14.4529 19.9404 0
    endloop
  endfacet
  facet normal 0 0 -1
    outer loop
      vertex 14 20 0
      vertex 24.75 20.25 0
      vertex 14.2284 19.985 0
    endloop
  endfacet
  facet normal -0 0 -1
    outer loop
      vertex 12.4845 15.375 0
      vertex -7.37492 2.28286 0
      vertex 12.3832 15.5803 0
    endloop
  endfacet
  facet normal 0 0 -1
    outer loop
      vertex -7.69835 2.65165 0
      vertex 12.3832 15.5803 0
      vertex -7.37492 2.28286 0
    endloop
  endfacet
  facet normal -0 0 -1
    outer loop
      vertex 12.3832 15.5803 0
      vertex -7.69835 2.65165 0
      vertex 12.3096 15.7971 0
    endloop
  endfacet
  facet normal 0 0 -1
    outer loop
      vertex -8.06714 2.97507 0
      vertex 12.3096 15.7971 0
      vertex -7.69835 2.65165 0
    endloop
  endfacet
  facet normal 0 0 -1
    outer loop
      vertex -12.265 16.0216 0
      vertex 12.3096 15.7971 0
      vertex -8.06714 2.97507 0
    endloop
  endfacet
  facet normal 0 0 -1
    outer loop
      vertex -12.265 16.0216 0
      vertex 12.265 16.0216 0
      vertex 12.3096 15.7971 0
    endloop
  endfacet
  facet normal 0 0 -1
    outer loop
      vertex 12.265 16.0216 0
      vertex -12.25 16.25 0
      vertex 12.25 16.25 0
    endloop
  endfacet
  facet normal 0 0 -1
    outer loop
      vertex 12.25 16.25 0
      vertex -12.25 16.25 0
      vertex 12.25 18.25 0
    endloop
  endfacet
  facet normal 0 0 -1
    outer loop
      vertex -12.25 18.25 0
      vertex 12.25 18.25 0
      vertex -12.25 16.25 0
    endloop
  endfacet
  facet normal 0 0 -1
    outer loop
      vertex 12.25 18.25 0
      vertex -12.25 18.25 0
      vertex 12.265 18.4784 0
    endloop
  endfacet
  facet normal 0 0 -1
    outer loop
      vertex -12.265 18.4784 0
      vertex 12.265 18.4784 0
      vertex -12.25 18.25 0
    endloop
  endfacet
  facet normal 0 0 -1
    outer loop
      vertex 12.265 18.4784 0
      vertex -12.265 18.4784 0
      vertex 12.3096 18.7029 0
    endloop
  endfacet
  facet normal 0 0 -1
    outer loop
      vertex -12.3096 18.7029 0
      vertex 12.3096 18.7029 0
      vertex -12.265 18.4784 0
    endloop
  endfacet
  facet normal 0 0 -1
    outer loop
      vertex 12.3096 18.7029 0
      vertex -12.3096 18.7029 0
      vertex 12.3832 18.9197 0
    endloop
  endfacet
  facet normal 0 0 -1
    outer loop
      vertex -12.265 16.0216 0
      vertex -8.06714 2.97507 0
      vertex -8.475 3.24759 0
    endloop
  endfacet
  facet normal 0 0 -1
    outer loop
      vertex -12.265 16.0216 0
      vertex -8.475 3.24759 0
      vertex -8.91494 3.46455 0
    endloop
  endfacet
  facet normal 0 0 -1
    outer loop
      vertex -12.265 16.0216 0
      vertex -8.91494 3.46455 0
      vertex -9.37943 3.62222 0
    endloop
  endfacet
  facet normal 0 0 -1
    outer loop
      vertex -12.265 16.0216 0
      vertex -9.37943 3.62222 0
      vertex -9.86053 3.71792 0
    endloop
  endfacet
  facet normal 0 0 -1
    outer loop
      vertex -12.265 16.0216 0
      vertex -9.86053 3.71792 0
      vertex -10.35 3.75 0
    endloop
  endfacet
  facet normal 0 0 -1
    outer loop
      vertex -12.265 16.0216 0
      vertex -10.35 3.75 0
      vertex -10.8395 3.71792 0
    endloop
  endfacet
  facet normal 0 0 -1
    outer loop
      vertex -12.265 16.0216 0
      vertex -10.8395 3.71792 0
      vertex -11.3206 3.62222 0
    endloop
  endfacet
  facet normal 0 0 -1
    outer loop
      vertex -12.3832 18.9197 0
      vertex 12.3832 18.9197 0
      vertex -12.3096 18.7029 0
    endloop
  endfacet
  facet normal 0 0 -1
    outer loop
      vertex -12.265 16.0216 0
      vertex -11.3206 3.62222 0
      vertex -11.7851 3.46455 0
    endloop
  endfacet
  facet normal 0 0 -1
    outer loop
      vertex -14.2284 14.515 0
      vertex -11.7851 3.46455 0
      vertex -12.225 3.24759 0
    endloop
  endfacet
  facet normal 0 0 -1
    outer loop
      vertex 12.3832 18.9197 0
      vertex -12.3832 18.9197 0
      vertex 12.4845 19.125 0
    endloop
  endfacet
  facet normal 0 0 -1
    outer loop
      vertex -12.4845 19.125 0
      vertex 12.4845 19.125 0
      vertex -12.3832 18.9197 0
    endloop
  endfacet
  facet normal 0 0 -1
    outer loop
      vertex 12.4845 19.125 0
      vertex -12.4845 19.125 0
      vertex 12.6116 19.3153 0
    endloop
  endfacet
  facet normal 0 0 -1
    outer loop
      vertex -12.6116 19.3153 0
      vertex 12.6116 19.3153 0
      vertex -12.4845 19.125 0
    endloop
  endfacet
  facet normal 0 0 -1
    outer loop
      vertex 12.6116 19.3153 0
      vertex -12.6116 19.3153 0
      vertex 12.7626 19.4874 0
    endloop
  endfacet
  facet normal 0 0 -1
    outer loop
      vertex -12.7626 19.4874 0
      vertex 12.7626 19.4874 0
      vertex -12.6116 19.3153 0
    endloop
  endfacet
  facet normal 0 0 -1
    outer loop
      vertex 12.7626 19.4874 0
      vertex -12.7626 19.4874 0
      vertex 12.9347 19.6384 0
    endloop
  endfacet
  facet normal 0 0 -1
    outer loop
      vertex -12.9347 19.6384 0
      vertex 12.9347 19.6384 0
      vertex -12.7626 19.4874 0
    endloop
  endfacet
  facet normal 0 0 -1
    outer loop
      vertex 12.9347 19.6384 0
      vertex -12.9347 19.6384 0
      vertex 13.125 19.7655 0
    endloop
  endfacet
  facet normal 0 0 -1
    outer loop
      vertex -13.125 19.7655 0
      vertex 13.125 19.7655 0
      vertex -12.9347 19.6384 0
    endloop
  endfacet
  facet normal 0 0 -1
    outer loop
      vertex 13.125 19.7655 0
      vertex -13.125 19.7655 0
      vertex 13.3303 19.8668 0
    endloop
  endfacet
  facet normal 0 0 -1
    outer loop
      vertex -13.3303 19.8668 0
      vertex 13.3303 19.8668 0
      vertex -13.125 19.7655 0
    endloop
  endfacet
  facet normal 0 0 -1
    outer loop
      vertex 13.3303 19.8668 0
      vertex -13.3303 19.8668 0
      vertex 13.5471 19.9404 0
    endloop
  endfacet
  facet normal 0 0 -1
    outer loop
      vertex -13.5471 19.9404 0
      vertex 13.5471 19.9404 0
      vertex -13.3303 19.8668 0
    endloop
  endfacet
  facet normal 0 0 -1
    outer loop
      vertex 13.5471 19.9404 0
      vertex -13.5471 19.9404 0
      vertex 13.7716 19.985 0
    endloop
  endfacet
  facet normal 0 0 -1
    outer loop
      vertex -13.7716 19.985 0
      vertex 13.7716 19.985 0
      vertex -13.5471 19.9404 0
    endloop
  endfacet
  facet normal 0 0 -1
    outer loop
      vertex 13.7716 19.985 0
      vertex -13.7716 19.985 0
      vertex 14 20 0
    endloop
  endfacet
  facet normal 0 0 -1
    outer loop
      vertex -14 20 0
      vertex 14 20 0
      vertex -13.7716 19.985 0
    endloop
  endfacet
  facet normal 0 0 -1
    outer loop
      vertex 14 20 0
      vertex -14 20 0
      vertex 24.75 20.25 0
    endloop
  endfacet
  facet normal 0 0 -1
    outer loop
      vertex -15.75 16.25 0
      vertex -24.75 20.25 0
      vertex -15.75 18.25 0
    endloop
  endfacet
  facet normal 0 0 -1
    outer loop
      vertex -15.75 18.25 0
      vertex -24.75 20.25 0
      vertex -15.735 18.4784 0
    endloop
  endfacet
  facet normal 0 0 -1
    outer loop
      vertex -14 20 0
      vertex -24.75 20.25 0
      vertex 24.75 20.25 0
    endloop
  endfacet
  facet normal 0 0 -1
    outer loop
      vertex -14.2284 19.985 0
      vertex -24.75 20.25 0
      vertex -14 20 0
    endloop
  endfacet
  facet normal 0 0 -1
    outer loop
      vertex -14.4529 19.9404 0
      vertex -24.75 20.25 0
      vertex -14.2284 19.985 0
    endloop
  endfacet
  facet normal 0 0 -1
    outer loop
      vertex -14.6697 19.8668 0
      vertex -24.75 20.25 0
      vertex -14.4529 19.9404 0
    endloop
  endfacet
  facet normal 0 0 -1
    outer loop
      vertex -14.875 19.7655 0
      vertex -24.75 20.25 0
      vertex -14.6697 19.8668 0
    endloop
  endfacet
  facet normal 0 0 -1
    outer loop
      vertex -15.0653 19.6384 0
      vertex -24.75 20.25 0
      vertex -14.875 19.7655 0
    endloop
  endfacet
  facet normal 0 0 -1
    outer loop
      vertex -15.2374 19.4874 0
      vertex -24.75 20.25 0
      vertex -15.0653 19.6384 0
    endloop
  endfacet
  facet normal 0 0 -1
    outer loop
      vertex -15.3884 19.3153 0
      vertex -24.75 20.25 0
      vertex -15.2374 19.4874 0
    endloop
  endfacet
  facet normal 0 0 -1
    outer loop
      vertex -15.5155 19.125 0
      vertex -24.75 20.25 0
      vertex -15.3884 19.3153 0
    endloop
  endfacet
  facet normal 0 0 -1
    outer loop
      vertex -15.6168 18.9197 0
      vertex -24.75 20.25 0
      vertex -15.5155 19.125 0
    endloop
  endfacet
  facet normal 0 0 -1
    outer loop
      vertex -15.6904 18.7029 0
      vertex -24.75 20.25 0
      vertex -15.6168 18.9197 0
    endloop
  endfacet
  facet normal 0 0 -1
    outer loop
      vertex -15.735 18.4784 0
      vertex -24.75 20.25 0
      vertex -15.6904 18.7029 0
    endloop
  endfacet
  facet normal 0 0 -1
    outer loop
      vertex 12.25 -16.25 0
      vertex -12.25 -16.25 0
      vertex -12.265 -16.0216 0
    endloop
  endfacet
  facet normal 0 0 -1
    outer loop
      vertex 12.265 -16.0216 0
      vertex -12.265 -16.0216 0
      vertex -12.3096 -15.7971 0
    endloop
  endfacet
  facet normal 0 0 -1
    outer loop
      vertex -12.7626 -15.0126 0
      vertex -9.37943 -3.62222 0
      vertex -12.6116 -15.1847 0
    endloop
  endfacet
  facet normal 0 0 -1
    outer loop
      vertex -9.86053 -3.71792 0
      vertex -12.9347 -14.8616 0
      vertex -10.35 -3.75 0
    endloop
  endfacet
  facet normal 0 0 -1
    outer loop
      vertex -13.125 -14.7345 0
      vertex -10.35 -3.75 0
      vertex -12.9347 -14.8616 0
    endloop
  endfacet
  facet normal 0 0 -1
    outer loop
      vertex -13.3303 -14.6332 0
      vertex -10.35 -3.75 0
      vertex -13.125 -14.7345 0
    endloop
  endfacet
  facet normal -0 0 -1
    outer loop
      vertex -10.35 -3.75 0
      vertex -13.3303 -14.6332 0
      vertex -10.8395 -3.71792 0
    endloop
  endfacet
  facet normal 0 0 -1
    outer loop
      vertex -13.5471 -14.5596 0
      vertex -10.8395 -3.71792 0
      vertex -13.3303 -14.6332 0
    endloop
  endfacet
  facet normal -0 0 -1
    outer loop
      vertex -10.8395 -3.71792 0
      vertex -13.5471 -14.5596 0
      vertex -11.3206 -3.62222 0
    endloop
  endfacet
  facet normal 0 0 -1
    outer loop
      vertex -13.7716 -14.515 0
      vertex -11.3206 -3.62222 0
      vertex -13.5471 -14.5596 0
    endloop
  endfacet
  facet normal -0 0 -1
    outer loop
      vertex -11.3206 -3.62222 0
      vertex -13.7716 -14.515 0
      vertex -11.7851 -3.46455 0
    endloop
  endfacet
  facet normal 0 0 -1
    outer loop
      vertex -14 -14.5 0
      vertex -11.7851 -3.46455 0
      vertex -13.7716 -14.515 0
    endloop
  endfacet
  facet normal 0 0 -1
    outer loop
      vertex -14.2284 -14.515 0
      vertex -11.7851 -3.46455 0
      vertex -14 -14.5 0
    endloop
  endfacet
  facet normal -0 0 -1
    outer loop
      vertex -11.7851 -3.46455 0
      vertex -14.2284 -14.515 0
      vertex -12.225 -3.24759 0
    endloop
  endfacet
  facet normal 0 0 -1
    outer loop
      vertex -14.4529 -14.5596 0
      vertex -12.225 -3.24759 0
      vertex -14.2284 -14.515 0
    endloop
  endfacet
  facet normal -0 0 -1
    outer loop
      vertex -12.225 -3.24759 0
      vertex -14.4529 -14.5596 0
      vertex -12.6329 -2.97507 0
    endloop
  endfacet
  facet normal 0 0 -1
    outer loop
      vertex -14.6697 -14.6332 0
      vertex -12.6329 -2.97507 0
      vertex -14.4529 -14.5596 0
    endloop
  endfacet
  facet normal -0 0 -1
    outer loop
      vertex -12.6329 -2.97507 0
      vertex -14.6697 -14.6332 0
      vertex -13.0016 -2.65165 0
    endloop
  endfacet
  facet normal 0 0 -1
    outer loop
      vertex -14.875 -14.7345 0
      vertex -13.0016 -2.65165 0
      vertex -14.6697 -14.6332 0
    endloop
  endfacet
  facet normal -0 0 -1
    outer loop
      vertex -13.0016 -2.65165 0
      vertex -14.875 -14.7345 0
      vertex -13.3251 -2.28286 0
    endloop
  endfacet
  facet normal 0 0 -1
    outer loop
      vertex -15.0653 -14.8616 0
      vertex -13.3251 -2.28286 0
      vertex -14.875 -14.7345 0
    endloop
  endfacet
  facet normal -0 0 -1
    outer loop
      vertex -13.3251 -2.28286 0
      vertex -15.0653 -14.8616 0
      vertex -13.5976 -1.875 0
    endloop
  endfacet
  facet normal -1 0 0
    outer loop
      vertex -12.35 -15.6781 3.72101
      vertex -12.35 -8.75885 3
      vertex -12.35 -15.6781 3
    endloop
  endfacet
  facet normal -1 0 0
    outer loop
      vertex -12.35 -8.75885 3
      vertex -12.35 -15.6781 3.72101
      vertex -12.35 -8.75885 7.49517
    endloop
  endfacet
  facet normal -0.304782 -0.456069 0.836127
    outer loop
      vertex -11.5675 -18.5867 3
      vertex -11.35 -8.93446 8.34414
      vertex -11.5247 -8.923 8.28671
    endloop
  endfacet
  facet normal -0.304791 -0.456068 0.836125
    outer loop
      vertex -11.5675 -18.5867 3
      vertex -11.5247 -8.923 8.28671
      vertex -11.5675 -8.91449 8.27575
    endloop
  endfacet
  facet normal -0.304686 -0.456086 0.836153
    outer loop
      vertex -11.35 -8.93446 8.34414
      vertex -11.5675 -18.5867 3
      vertex -11.35 -18.732 3
    endloop
  endfacet
  facet normal 0.815819 -0.276925 0.507693
    outer loop
      vertex -8.50224 -8.78913 7.89613
      vertex -8.41815 -17.5176 3
      vertex -8.41815 -8.7724 7.77013
    endloop
  endfacet
  facet normal 0.815896 -0.276871 0.507599
    outer loop
      vertex -8.41815 -17.5176 3
      vertex -8.50224 -8.78913 7.89613
      vertex -8.50224 -17.7654 3
    endloop
  endfacet
  facet normal 0.923489 -0.183699 0.336783
    outer loop
      vertex -8.41815 -8.7724 7.77013
      vertex -8.36711 -17.2611 3
      vertex -8.36711 -8.76225 7.63571
    endloop
  endfacet
  facet normal 0.923444 -0.183753 0.336878
    outer loop
      vertex -8.36711 -17.2611 3
      vertex -8.41815 -8.7724 7.77013
      vertex -8.41815 -17.5176 3
    endloop
  endfacet
  facet normal 1 0 0
    outer loop
      vertex -8.35 -8.75885 7.49517
      vertex -8.35 -17 3
      vertex -8.35 -8.75885 3
    endloop
  endfacet
  facet normal -0.696672 -0.343523 0.629794
    outer loop
      vertex -12.1978 -17.7654 3
      vertex -12.0821 -8.81215 8.01156
      vertex -12.1978 -8.78913 7.89613
    endloop
  endfacet
  facet normal -0.696609 -0.343553 0.629847
    outer loop
      vertex -12.0821 -8.81215 8.01156
      vertex -12.1978 -17.7654 3
      vertex -12.0821 -18 3
    endloop
  endfacet
  facet normal -0.0948707 -0.47669 0.873937
    outer loop
      vertex -10.8676 -18.9319 3
      vertex -10.6111 -8.98289 8.45455
      vertex -10.8676 -8.96607 8.43588
    endloop
  endfacet
  facet normal -0.0947817 -0.476696 0.873943
    outer loop
      vertex -10.6111 -8.98289 8.45455
      vertex -10.8676 -18.9319 3
      vertex -10.6111 -18.9829 3
    endloop
  endfacet
  facet normal -0.031364 -0.478616 0.877464
    outer loop
      vertex -10.6111 -18.9829 3
      vertex -10.35 -9 8.45455
      vertex -10.6111 -8.98289 8.45455
    endloop
  endfacet
  facet normal -0.0313457 -0.478617 0.877464
    outer loop
      vertex -10.35 -9 8.45455
      vertex -10.6111 -18.9829 3
      vertex -10.35 -19 3
    endloop
  endfacet
  facet normal -0.229854 -0.466033 0.854389
    outer loop
      vertex -11.35 -18.732 3
      vertex -11.1154 -8.94983 8.39887
      vertex -11.35 -8.93446 8.34414
    endloop
  endfacet
  facet normal -0.230025 -0.46601 0.854355
    outer loop
      vertex -11.1154 -8.94983 8.39887
      vertex -11.35 -18.732 3
      vertex -11.1154 -18.8478 3
    endloop
  endfacet
  facet normal -0.923595 -0.183578 0.336557
    outer loop
      vertex -12.3329 -15.7285 3.83591
      vertex -12.2819 -8.7724 7.77013
      vertex -12.3329 -8.76225 7.63571
    endloop
  endfacet
  facet normal -0.923359 -0.183859 0.337051
    outer loop
      vertex -12.3096 -15.7971 3.86232
      vertex -12.2819 -8.7724 7.77013
      vertex -12.3329 -15.7285 3.83591
    endloop
  endfacet
  facet normal -0.923827 -0.18331 0.336067
    outer loop
      vertex -12.2819 -8.7724 7.77013
      vertex -12.3096 -15.7971 3.86232
      vertex -12.2819 -15.9367 3.86232
    endloop
  endfacet
  facet normal 0.16044 -0.472647 0.866524
    outer loop
      vertex -9.83236 -8.96607 8.43588
      vertex -9.58463 -18.8478 3
      vertex -9.58463 -8.94983 8.39887
    endloop
  endfacet
  facet normal 0.160455 -0.472646 0.866522
    outer loop
      vertex -9.58463 -18.8478 3
      vertex -9.83236 -8.96607 8.43588
      vertex -9.83236 -18.9319 3
    endloop
  endfacet
  facet normal 0.387157 -0.441509 0.809431
    outer loop
      vertex -9.13248 -8.91449 8.27575
      vertex -8.93579 -18.4142 3
      vertex -8.93579 -8.87537 8.20301
    endloop
  endfacet
  facet normal 0.387201 -0.441499 0.809416
    outer loop
      vertex -8.93579 -18.4142 3
      vertex -9.13248 -8.91449 8.27575
      vertex -9.13248 -18.5867 3
    endloop
  endfacet
  facet normal 0.696641 -0.343537 0.62982
    outer loop
      vertex -8.61795 -8.81215 8.01156
      vertex -8.50224 -17.7654 3
      vertex -8.50224 -8.78913 7.89613
    endloop
  endfacet
  facet normal 0.696578 -0.343568 0.629874
    outer loop
      vertex -8.50224 -17.7654 3
      vertex -8.61795 -8.81215 8.01156
      vertex -8.61795 -18 3
    endloop
  endfacet
  facet normal 0.990763 -0.0649359 0.119049
    outer loop
      vertex -8.36711 -8.76225 7.63571
      vertex -8.35 -17 3
      vertex -8.35 -8.75885 7.49517
    endloop
  endfacet
  facet normal 0.990766 -0.0649253 0.11903
    outer loop
      vertex -8.35 -17 3
      vertex -8.36711 -8.76225 7.63571
      vertex -8.36711 -17.2611 3
    endloop
  endfacet
  facet normal -0.990773 -0.0649006 0.118984
    outer loop
      vertex -12.3329 -15.7285 3.83591
      vertex -12.35 -8.75885 7.49517
      vertex -12.35 -15.6781 3.72101
    endloop
  endfacet
  facet normal -0.990773 -0.0648991 0.118981
    outer loop
      vertex -12.35 -8.75885 7.49517
      vertex -12.3329 -15.7285 3.83591
      vertex -12.3329 -8.76225 7.63571
    endloop
  endfacet
  facet normal -0.38714 -0.441512 0.809438
    outer loop
      vertex -11.7642 -18.4142 3
      vertex -11.5675 -8.91449 8.27575
      vertex -11.7642 -8.87537 8.20301
    endloop
  endfacet
  facet normal -0.387185 -0.441503 0.809422
    outer loop
      vertex -11.5675 -8.91449 8.27575
      vertex -11.7642 -18.4142 3
      vertex -11.5675 -18.5867 3
    endloop
  endfacet
  facet normal -0.815787 -0.276946 0.507733
    outer loop
      vertex -12.2819 -15.9367 3.86232
      vertex -12.1978 -8.78913 7.89613
      vertex -12.2819 -8.7724 7.77013
    endloop
  endfacet
  facet normal -0.815744 -0.276976 0.507785
    outer loop
      vertex -12.265 -16.0216 3.84316
      vertex -12.1978 -8.78913 7.89613
      vertex -12.2819 -15.9367 3.86232
    endloop
  endfacet
  facet normal -0.815201 -0.277354 0.508451
    outer loop
      vertex -12.25 -16.25 3.74262
      vertex -12.1978 -8.78913 7.89613
      vertex -12.265 -16.0216 3.84316
    endloop
  endfacet
  facet normal -0.816024 -0.27678 0.507442
    outer loop
      vertex -12.1978 -17.7654 3
      vertex -12.25 -16.25 3.74262
      vertex -12.25 -17.6115 3
    endloop
  endfacet
  facet normal -0.816073 -0.276751 0.507379
    outer loop
      vertex -12.25 -16.25 3.74262
      vertex -12.1978 -17.7654 3
      vertex -12.1978 -8.78913 7.89613
    endloop
  endfacet
  facet normal 0.47922 -0.420287 0.770524
    outer loop
      vertex -8.93579 -8.87537 8.20301
      vertex -8.76329 -18.2175 3
      vertex -8.76329 -8.84106 8.11444
    endloop
  endfacet
  facet normal 0.479242 -0.420281 0.770513
    outer loop
      vertex -8.76329 -18.2175 3
      vertex -8.93579 -8.87537 8.20301
      vertex -8.93579 -18.4142 3
    endloop
  endfacet
  facet normal -0.160396 -0.472651 0.86653
    outer loop
      vertex -11.1154 -18.8478 3
      vertex -10.8676 -8.96607 8.43588
      vertex -11.1154 -8.94983 8.39887
    endloop
  endfacet
  facet normal -0.160411 -0.472649 0.866528
    outer loop
      vertex -10.8676 -8.96607 8.43588
      vertex -11.1154 -18.8478 3
      vertex -10.8676 -18.9319 3
    endloop
  endfacet
  facet normal 0.229826 -0.466036 0.854395
    outer loop
      vertex -9.58463 -8.94983 8.39887
      vertex -9.35 -18.732 3
      vertex -9.35 -8.93446 8.34414
    endloop
  endfacet
  facet normal 0.229998 -0.466013 0.854361
    outer loop
      vertex -9.35 -18.732 3
      vertex -9.58463 -8.94983 8.39887
      vertex -9.58463 -18.8478 3
    endloop
  endfacet
  facet normal 0.582523 -0.389218 0.713566
    outer loop
      vertex -8.76329 -8.84106 8.11444
      vertex -8.61795 -18 3
      vertex -8.61795 -8.81215 8.01156
    endloop
  endfacet
  facet normal 0.582483 -0.389233 0.713591
    outer loop
      vertex -8.61795 -18 3
      vertex -8.76329 -8.84106 8.11444
      vertex -8.76329 -18.2175 3
    endloop
  endfacet
  facet normal 0.094856 -0.476691 0.873938
    outer loop
      vertex -10.0889 -8.98289 8.45455
      vertex -9.83236 -18.9319 3
      vertex -9.83236 -8.96607 8.43588
    endloop
  endfacet
  facet normal 0.0947671 -0.476697 0.873945
    outer loop
      vertex -9.83236 -18.9319 3
      vertex -10.0889 -8.98289 8.45455
      vertex -10.0889 -18.9829 3
    endloop
  endfacet
  facet normal 0.031364 -0.478616 0.877464
    outer loop
      vertex -10.35 -9 8.45455
      vertex -10.0889 -18.9829 3
      vertex -10.0889 -8.98289 8.45455
    endloop
  endfacet
  facet normal 0.0313457 -0.478617 0.877464
    outer loop
      vertex -10.0889 -18.9829 3
      vertex -10.35 -9 8.45455
      vertex -10.35 -19 3
    endloop
  endfacet
  facet normal 0.30492 -0.456048 0.836088
    outer loop
      vertex -9.17526 -8.923 8.28671
      vertex -9.13248 -18.5867 3
      vertex -9.13248 -8.91449 8.27575
    endloop
  endfacet
  facet normal 0.304718 -0.45608 0.836145
    outer loop
      vertex -9.35 -8.93446 8.34414
      vertex -9.13248 -18.5867 3
      vertex -9.17526 -8.923 8.28671
    endloop
  endfacet
  facet normal 0.304661 -0.45609 0.83616
    outer loop
      vertex -9.13248 -18.5867 3
      vertex -9.35 -8.93446 8.34414
      vertex -9.35 -18.732 3
    endloop
  endfacet
  facet normal -0.582364 -0.389273 0.713666
    outer loop
      vertex -12.0821 -18 3
      vertex -11.9367 -8.84106 8.11444
      vertex -12.0821 -8.81215 8.01156
    endloop
  endfacet
  facet normal -0.582324 -0.389287 0.71369
    outer loop
      vertex -11.9367 -8.84106 8.11444
      vertex -12.0821 -18 3
      vertex -11.9367 -18.2175 3
    endloop
  endfacet
  facet normal -0.47922 -0.420287 0.770524
    outer loop
      vertex -11.9367 -18.2175 3
      vertex -11.7642 -8.87537 8.20301
      vertex -11.9367 -8.84106 8.11444
    endloop
  endfacet
  facet normal -0.479242 -0.420281 0.770513
    outer loop
      vertex -11.7642 -8.87537 8.20301
      vertex -11.9367 -18.2175 3
      vertex -11.7642 -18.4142 3
    endloop
  endfacet
  facet normal -1 0 0
    outer loop
      vertex -12.35 8.75885 3
      vertex -12.35 15.6781 3.72101
      vertex -12.35 15.6781 3
    endloop
  endfacet
  facet normal -1 -0 0
    outer loop
      vertex -12.35 15.6781 3.72101
      vertex -12.35 8.75885 3
      vertex -12.35 8.75885 7.49517
    endloop
  endfacet
  facet normal -0.387185 0.441503 0.809422
    outer loop
      vertex -11.7642 18.4142 3
      vertex -11.5675 8.91449 8.27575
      vertex -11.5675 18.5867 3
    endloop
  endfacet
  facet normal -0.38714 0.441512 0.809438
    outer loop
      vertex -11.5675 8.91449 8.27575
      vertex -11.7642 18.4142 3
      vertex -11.7642 8.87537 8.20301
    endloop
  endfacet
  facet normal -0.696609 0.343553 0.629847
    outer loop
      vertex -12.1978 17.7654 3
      vertex -12.0821 8.81215 8.01156
      vertex -12.0821 18 3
    endloop
  endfacet
  facet normal -0.696672 0.343523 0.629794
    outer loop
      vertex -12.0821 8.81215 8.01156
      vertex -12.1978 17.7654 3
      vertex -12.1978 8.78913 7.89613
    endloop
  endfacet
  facet normal -0.0313457 0.478617 0.877464
    outer loop
      vertex -10.6111 18.9829 3
      vertex -10.35 9 8.45455
      vertex -10.35 19 3
    endloop
  endfacet
  facet normal -0.031364 0.478616 0.877464
    outer loop
      vertex -10.35 9 8.45455
      vertex -10.6111 18.9829 3
      vertex -10.6111 8.98289 8.45455
    endloop
  endfacet
  facet normal -0.0947817 0.476696 0.873943
    outer loop
      vertex -10.8676 18.9319 3
      vertex -10.6111 8.98289 8.45455
      vertex -10.6111 18.9829 3
    endloop
  endfacet
  facet normal -0.0948707 0.47669 0.873937
    outer loop
      vertex -10.6111 8.98289 8.45455
      vertex -10.8676 18.9319 3
      vertex -10.8676 8.96607 8.43588
    endloop
  endfacet
  facet normal 0.990766 0.0649253 0.11903
    outer loop
      vertex -8.36711 8.76225 7.63571
      vertex -8.35 17 3
      vertex -8.36711 17.2611 3
    endloop
  endfacet
  facet normal 0.990763 0.0649359 0.119049
    outer loop
      vertex -8.35 17 3
      vertex -8.36711 8.76225 7.63571
      vertex -8.35 8.75885 7.49517
    endloop
  endfacet
  facet normal 0.923444 0.183753 0.336878
    outer loop
      vertex -8.41815 8.7724 7.77013
      vertex -8.36711 17.2611 3
      vertex -8.41815 17.5176 3
    endloop
  endfacet
  facet normal 0.923489 0.183699 0.336783
    outer loop
      vertex -8.36711 17.2611 3
      vertex -8.41815 8.7724 7.77013
      vertex -8.36711 8.76225 7.63571
    endloop
  endfacet
  facet normal -0.160411 0.472649 0.866528
    outer loop
      vertex -11.1154 18.8478 3
      vertex -10.8676 8.96607 8.43588
      vertex -10.8676 18.9319 3
    endloop
  endfacet
  facet normal -0.160396 0.472651 0.86653
    outer loop
      vertex -10.8676 8.96607 8.43588
      vertex -11.1154 18.8478 3
      vertex -11.1154 8.94983 8.39887
    endloop
  endfacet
  facet normal -0.479242 0.420281 0.770513
    outer loop
      vertex -11.9367 18.2175 3
      vertex -11.7642 8.87537 8.20301
      vertex -11.7642 18.4142 3
    endloop
  endfacet
  facet normal -0.47922 0.420287 0.770524
    outer loop
      vertex -11.7642 8.87537 8.20301
      vertex -11.9367 18.2175 3
      vertex -11.9367 8.84106 8.11444
    endloop
  endfacet
  facet normal -0.816024 0.27678 0.507442
    outer loop
      vertex -12.25 16.25 3.74262
      vertex -12.1978 17.7654 3
      vertex -12.25 17.6115 3
    endloop
  endfacet
  facet normal -0.816073 0.276751 0.507379
    outer loop
      vertex -12.25 16.25 3.74262
      vertex -12.1978 8.78913 7.89613
      vertex -12.1978 17.7654 3
    endloop
  endfacet
  facet normal -0.815201 0.277354 0.508451
    outer loop
      vertex -12.265 16.0216 3.84316
      vertex -12.1978 8.78913 7.89613
      vertex -12.25 16.25 3.74262
    endloop
  endfacet
  facet normal -0.815744 0.276976 0.507785
    outer loop
      vertex -12.2819 15.9367 3.86232
      vertex -12.1978 8.78913 7.89613
      vertex -12.265 16.0216 3.84316
    endloop
  endfacet
  facet normal -0.815787 0.276946 0.507733
    outer loop
      vertex -12.1978 8.78913 7.89613
      vertex -12.2819 15.9367 3.86232
      vertex -12.2819 8.7724 7.77013
    endloop
  endfacet
  facet normal 0.0947671 0.476697 0.873945
    outer loop
      vertex -10.0889 8.98289 8.45455
      vertex -9.83236 18.9319 3
      vertex -10.0889 18.9829 3
    endloop
  endfacet
  facet normal 0.094856 0.476691 0.873938
    outer loop
      vertex -9.83236 18.9319 3
      vertex -10.0889 8.98289 8.45455
      vertex -9.83236 8.96607 8.43588
    endloop
  endfacet
  facet normal 0.0313457 0.478617 0.877464
    outer loop
      vertex -10.35 9 8.45455
      vertex -10.0889 18.9829 3
      vertex -10.35 19 3
    endloop
  endfacet
  facet normal 0.031364 0.478616 0.877464
    outer loop
      vertex -10.0889 18.9829 3
      vertex -10.35 9 8.45455
      vertex -10.0889 8.98289 8.45455
    endloop
  endfacet
  facet normal 0.229998 0.466013 0.854361
    outer loop
      vertex -9.58463 8.94983 8.39887
      vertex -9.35 18.732 3
      vertex -9.58463 18.8478 3
    endloop
  endfacet
  facet normal 0.229826 0.466036 0.854395
    outer loop
      vertex -9.35 18.732 3
      vertex -9.58463 8.94983 8.39887
      vertex -9.35 8.93446 8.34414
    endloop
  endfacet
  facet normal 1 0 0
    outer loop
      vertex -8.35 8.75885 7.49517
      vertex -8.35 8.75885 3
      vertex -8.35 17 3
    endloop
  endfacet
  facet normal 0.696578 0.343568 0.629874
    outer loop
      vertex -8.61795 8.81215 8.01156
      vertex -8.50224 17.7654 3
      vertex -8.61795 18 3
    endloop
  endfacet
  facet normal 0.696641 0.343537 0.62982
    outer loop
      vertex -8.50224 17.7654 3
      vertex -8.61795 8.81215 8.01156
      vertex -8.50224 8.78913 7.89613
    endloop
  endfacet
  facet normal -0.230025 0.46601 0.854355
    outer loop
      vertex -11.35 18.732 3
      vertex -11.1154 8.94983 8.39887
      vertex -11.1154 18.8478 3
    endloop
  endfacet
  facet normal -0.229854 0.466033 0.854389
    outer loop
      vertex -11.1154 8.94983 8.39887
      vertex -11.35 18.732 3
      vertex -11.35 8.93446 8.34414
    endloop
  endfacet
  facet normal -0.582324 0.389287 0.71369
    outer loop
      vertex -12.0821 18 3
      vertex -11.9367 8.84106 8.11444
      vertex -11.9367 18.2175 3
    endloop
  endfacet
  facet normal -0.582364 0.389273 0.713666
    outer loop
      vertex -11.9367 8.84106 8.11444
      vertex -12.0821 18 3
      vertex -12.0821 8.81215 8.01156
    endloop
  endfacet
  facet normal -0.304686 0.456086 0.836153
    outer loop
      vertex -11.5675 18.5867 3
      vertex -11.35 8.93446 8.34414
      vertex -11.35 18.732 3
    endloop
  endfacet
  facet normal -0.304782 0.456069 0.836127
    outer loop
      vertex -11.35 8.93446 8.34414
      vertex -11.5675 18.5867 3
      vertex -11.5247 8.923 8.28671
    endloop
  endfacet
  facet normal -0.304791 0.456068 0.836125
    outer loop
      vertex -11.5247 8.923 8.28671
      vertex -11.5675 18.5867 3
      vertex -11.5675 8.91449 8.27575
    endloop
  endfacet
  facet normal 0.815896 0.276871 0.507599
    outer loop
      vertex -8.50224 8.78913 7.89613
      vertex -8.41815 17.5176 3
      vertex -8.50224 17.7654 3
    endloop
  endfacet
  facet normal 0.815819 0.276925 0.507693
    outer loop
      vertex -8.41815 17.5176 3
      vertex -8.50224 8.78913 7.89613
      vertex -8.41815 8.7724 7.77013
    endloop
  endfacet
  facet normal 0.479242 0.420281 0.770513
    outer loop
      vertex -8.93579 8.87537 8.20301
      vertex -8.76329 18.2175 3
      vertex -8.93579 18.4142 3
    endloop
  endfacet
  facet normal 0.47922 0.420287 0.770524
    outer loop
      vertex -8.76329 18.2175 3
      vertex -8.93579 8.87537 8.20301
      vertex -8.76329 8.84106 8.11444
    endloop
  endfacet
  facet normal -0.923827 0.18331 0.336067
    outer loop
      vertex -12.3096 15.7971 3.86232
      vertex -12.2819 8.7724 7.77013
      vertex -12.2819 15.9367 3.86232
    endloop
  endfacet
  facet normal -0.923359 0.183859 0.337051
    outer loop
      vertex -12.3329 15.7285 3.83591
      vertex -12.2819 8.7724 7.77013
      vertex -12.3096 15.7971 3.86232
    endloop
  endfacet
  facet normal -0.923595 0.183578 0.336557
    outer loop
      vertex -12.2819 8.7724 7.77013
      vertex -12.3329 15.7285 3.83591
      vertex -12.3329 8.76225 7.63571
    endloop
  endfacet
  facet normal -0.990773 0.0649006 0.118984
    outer loop
      vertex -12.35 8.75885 7.49517
      vertex -12.3329 15.7285 3.83591
      vertex -12.35 15.6781 3.72101
    endloop
  endfacet
  facet normal -0.990773 0.0648991 0.118981
    outer loop
      vertex -12.3329 15.7285 3.83591
      vertex -12.35 8.75885 7.49517
      vertex -12.3329 8.76225 7.63571
    endloop
  endfacet
  facet normal 0.387201 0.441499 0.809416
    outer loop
      vertex -9.13248 8.91449 8.27575
      vertex -8.93579 18.4142 3
      vertex -9.13248 18.5867 3
    endloop
  endfacet
  facet normal 0.387157 0.441509 0.809431
    outer loop
      vertex -8.93579 18.4142 3
      vertex -9.13248 8.91449 8.27575
      vertex -8.93579 8.87537 8.20301
    endloop
  endfacet
  facet normal 0.160455 0.472646 0.866522
    outer loop
      vertex -9.83236 8.96607 8.43588
      vertex -9.58463 18.8478 3
      vertex -9.83236 18.9319 3
    endloop
  endfacet
  facet normal 0.16044 0.472647 0.866524
    outer loop
      vertex -9.58463 18.8478 3
      vertex -9.83236 8.96607 8.43588
      vertex -9.58463 8.94983 8.39887
    endloop
  endfacet
  facet normal 0.582483 0.389233 0.713591
    outer loop
      vertex -8.76329 8.84106 8.11444
      vertex -8.61795 18 3
      vertex -8.76329 18.2175 3
    endloop
  endfacet
  facet normal 0.582523 0.389218 0.713566
    outer loop
      vertex -8.61795 18 3
      vertex -8.76329 8.84106 8.11444
      vertex -8.61795 8.81215 8.01156
    endloop
  endfacet
  facet normal 0.30492 0.456048 0.836088
    outer loop
      vertex -9.13248 18.5867 3
      vertex -9.17526 8.923 8.28671
      vertex -9.13248 8.91449 8.27575
    endloop
  endfacet
  facet normal 0.304661 0.45609 0.83616
    outer loop
      vertex -9.35 8.93446 8.34414
      vertex -9.13248 18.5867 3
      vertex -9.35 18.732 3
    endloop
  endfacet
  facet normal 0.304718 0.45608 0.836145
    outer loop
      vertex -9.13248 18.5867 3
      vertex -9.35 8.93446 8.34414
      vertex -9.17526 8.923 8.28671
    endloop
  endfacet
  facet normal -1 0 0
    outer loop
      vertex -24.75 -20.25 0
      vertex -24.75 20.25 3
      vertex -24.75 20.25 0
    endloop
  endfacet
  facet normal -1 -0 0
    outer loop
      vertex -24.75 20.25 3
      vertex -24.75 -20.25 0
      vertex -24.75 -20.25 3
    endloop
  endfacet
  facet normal 0 0 1
    outer loop
      vertex -12.35 -8.75885 3
      vertex -12.3832 -15.5803 3
      vertex -12.35 -15.6781 3
    endloop
  endfacet
  facet normal 0 0 1
    outer loop
      vertex -12.35 -8.75885 3
      vertex -12.4845 -15.375 3
      vertex -12.3832 -15.5803 3
    endloop
  endfacet
  facet normal 0 0 1
    outer loop
      vertex -12.35 -8.75885 3
      vertex -12.6116 -15.1847 3
      vertex -12.4845 -15.375 3
    endloop
  endfacet
  facet normal 0 0 1
    outer loop
      vertex -13.5471 -14.5596 3
      vertex -12.35 -8.75885 3
      vertex -12.6794 -8.69333 3
    endloop
  endfacet
  facet normal 0 0 1
    outer loop
      vertex -12.35 -8.75885 3
      vertex -12.7626 -15.0126 3
      vertex -12.6116 -15.1847 3
    endloop
  endfacet
  facet normal 0 0 1
    outer loop
      vertex -12.35 -8.75885 3
      vertex -12.9347 -14.8616 3
      vertex -12.7626 -15.0126 3
    endloop
  endfacet
  facet normal 0 0 1
    outer loop
      vertex -12.35 -8.75885 3
      vertex -13.125 -14.7345 3
      vertex -12.9347 -14.8616 3
    endloop
  endfacet
  facet normal 0 0 1
    outer loop
      vertex -12.35 -8.75885 3
      vertex -13.3303 -14.6332 3
      vertex -13.125 -14.7345 3
    endloop
  endfacet
  facet normal 0 0 1
    outer loop
      vertex -12.35 -8.75885 3
      vertex -13.5471 -14.5596 3
      vertex -13.3303 -14.6332 3
    endloop
  endfacet
  facet normal 0 0 1
    outer loop
      vertex -12.6794 -8.69333 3
      vertex -13.7716 -14.515 3
      vertex -13.5471 -14.5596 3
    endloop
  endfacet
  facet normal 0 0 1
    outer loop
      vertex -14 -14.5 3
      vertex -12.6794 -8.69333 3
      vertex -13.7942 -8.31492 3
    endloop
  endfacet
  facet normal 0 0 1
    outer loop
      vertex -12.6794 -8.69333 3
      vertex -14 -14.5 3
      vertex -13.7716 -14.515 3
    endloop
  endfacet
  facet normal 0 0 1
    outer loop
      vertex -13.7942 -8.31492 3
      vertex -14.2284 -14.515 3
      vertex -14 -14.5 3
    endloop
  endfacet
  facet normal 0 0 1
    outer loop
      vertex -13.7942 -8.31492 3
      vertex -14.4529 -14.5596 3
      vertex -14.2284 -14.515 3
    endloop
  endfacet
  facet normal 0 0 1
    outer loop
      vertex -13.7942 -8.31492 3
      vertex -14.6697 -14.6332 3
      vertex -14.4529 -14.5596 3
    endloop
  endfacet
  facet normal 0 0 1
    outer loop
      vertex -14.85 -7.79423 3
      vertex -14.6697 -14.6332 3
      vertex -13.7942 -8.31492 3
    endloop
  endfacet
  facet normal 0 0 1
    outer loop
      vertex -14.85 -7.79423 3
      vertex -14.875 -14.7345 3
      vertex -14.6697 -14.6332 3
    endloop
  endfacet
  facet normal 0 0 1
    outer loop
      vertex -14.85 -7.79423 3
      vertex -15.0653 -14.8616 3
      vertex -14.875 -14.7345 3
    endloop
  endfacet
  facet normal 0 0 1
    outer loop
      vertex -15.8289 -7.14018 3
      vertex -15.0653 -14.8616 3
      vertex -14.85 -7.79423 3
    endloop
  endfacet
  facet normal 0 0 1
    outer loop
      vertex -15.0653 -14.8616 3
      vertex -15.8289 -7.14018 3
      vertex -15.2374 -15.0126 3
    endloop
  endfacet
  facet normal 0 0 1
    outer loop
      vertex -15.2374 -15.0126 3
      vertex -15.8289 -7.14018 3
      vertex -15.3884 -15.1847 3
    endloop
  endfacet
  facet normal 0 0 1
    outer loop
      vertex -16.714 -6.36396 3
      vertex -15.3884 -15.1847 3
      vertex -15.8289 -7.14018 3
    endloop
  endfacet
  facet normal 0 0 1
    outer loop
      vertex -15.3884 -15.1847 3
      vertex -16.714 -6.36396 3
      vertex -15.5155 -15.375 3
    endloop
  endfacet
  facet normal 0 0 1
    outer loop
      vertex -15.5155 -15.375 3
      vertex -16.714 -6.36396 3
      vertex -15.6168 -15.5803 3
    endloop
  endfacet
  facet normal 0 0 1
    outer loop
      vertex -15.6904 -15.7971 3
      vertex -24.75 -20.25 3
      vertex -15.735 -16.0216 3
    endloop
  endfacet
  facet normal 0 0 1
    outer loop
      vertex -15.6168 -15.5803 3
      vertex -24.75 -20.25 3
      vertex -15.6904 -15.7971 3
    endloop
  endfacet
  facet normal 0 0 1
    outer loop
      vertex -24.75 -20.25 3
      vertex -15.6168 -15.5803 3
      vertex -16.714 -6.36396 3
    endloop
  endfacet
  facet normal 0 0 1
    outer loop
      vertex 15.6168 15.5803 3
      vertex 24.75 20.25 3
      vertex 15.6904 15.7971 3
    endloop
  endfacet
  facet normal 0 0 1
    outer loop
      vertex 24.75 -20.25 3
      vertex 15.735 -16.0216 3
      vertex 15.75 -16.25 3
    endloop
  endfacet
  facet normal 0 0 1
    outer loop
      vertex 15.5155 15.375 3
      vertex 24.75 20.25 3
      vertex 15.6168 15.5803 3
    endloop
  endfacet
  facet normal 0 0 1
    outer loop
      vertex 24.75 -20.25 3
      vertex 15.6904 -15.7971 3
      vertex 15.735 -16.0216 3
    endloop
  endfacet
  facet normal 0 0 1
    outer loop
      vertex 15.3884 15.1847 3
      vertex 24.75 20.25 3
      vertex 15.5155 15.375 3
    endloop
  endfacet
  facet normal 0 0 1
    outer loop
      vertex 24.75 -20.25 3
      vertex 15.6168 -15.5803 3
      vertex 15.6904 -15.7971 3
    endloop
  endfacet
  facet normal 0 0 1
    outer loop
      vertex 15.2374 15.0126 3
      vertex 24.75 20.25 3
      vertex 15.3884 15.1847 3
    endloop
  endfacet
  facet normal 0 0 1
    outer loop
      vertex 24.75 -20.25 3
      vertex 15.5155 -15.375 3
      vertex 15.6168 -15.5803 3
    endloop
  endfacet
  facet normal 0 0 1
    outer loop
      vertex 24.75 20.25 3
      vertex 15.2374 15.0126 3
      vertex 24.75 -20.25 3
    endloop
  endfacet
  facet normal 0 0 1
    outer loop
      vertex 24.75 -20.25 3
      vertex 15.3884 -15.1847 3
      vertex 15.5155 -15.375 3
    endloop
  endfacet
  facet normal -0 0 1
    outer loop
      vertex 15.2374 -15.0126 3
      vertex 24.75 -20.25 3
      vertex 15.2374 15.0126 3
    endloop
  endfacet
  facet normal 0 0 1
    outer loop
      vertex 24.75 -20.25 3
      vertex 15.2374 -15.0126 3
      vertex 15.3884 -15.1847 3
    endloop
  endfacet
  facet normal -0 0 1
    outer loop
      vertex 15.0653 14.8616 3
      vertex 15.2374 -15.0126 3
      vertex 15.2374 15.0126 3
    endloop
  endfacet
  facet normal 0 0 1
    outer loop
      vertex 15.0653 14.8616 3
      vertex 15.0653 -14.8616 3
      vertex 15.2374 -15.0126 3
    endloop
  endfacet
  facet normal -0 0 1
    outer loop
      vertex 14.875 14.7345 3
      vertex 15.0653 -14.8616 3
      vertex 15.0653 14.8616 3
    endloop
  endfacet
  facet normal 0 0 1
    outer loop
      vertex 14.875 14.7345 3
      vertex 14.875 -14.7345 3
      vertex 15.0653 -14.8616 3
    endloop
  endfacet
  facet normal -0 0 1
    outer loop
      vertex 14.6697 14.6332 3
      vertex 14.875 -14.7345 3
      vertex 14.875 14.7345 3
    endloop
  endfacet
  facet normal 0 0 1
    outer loop
      vertex 14.6697 14.6332 3
      vertex 14.6697 -14.6332 3
      vertex 14.875 -14.7345 3
    endloop
  endfacet
  facet normal -0 0 1
    outer loop
      vertex 14.4529 14.5596 3
      vertex 14.6697 -14.6332 3
      vertex 14.6697 14.6332 3
    endloop
  endfacet
  facet normal 0 0 1
    outer loop
      vertex 14.4529 14.5596 3
      vertex 14.4529 -14.5596 3
      vertex 14.6697 -14.6332 3
    endloop
  endfacet
  facet normal -0 0 1
    outer loop
      vertex 14.2284 14.515 3
      vertex 14.4529 -14.5596 3
      vertex 14.4529 14.5596 3
    endloop
  endfacet
  facet normal 0 0 1
    outer loop
      vertex 14.2284 14.515 3
      vertex 14.2284 -14.515 3
      vertex 14.4529 -14.5596 3
    endloop
  endfacet
  facet normal -0 0 1
    outer loop
      vertex 14 14.5 3
      vertex 14.2284 -14.515 3
      vertex 14.2284 14.515 3
    endloop
  endfacet
  facet normal 0 0 1
    outer loop
      vertex 14 14.5 3
      vertex 14 -14.5 3
      vertex 14.2284 -14.515 3
    endloop
  endfacet
  facet normal 0 0 1
    outer loop
      vertex -1.35 0 3
      vertex 14 14.5 3
      vertex 13.7716 14.515 3
    endloop
  endfacet
  facet normal 0 0 1
    outer loop
      vertex 14 14.5 3
      vertex -1.35 0 3
      vertex 14 -14.5 3
    endloop
  endfacet
  facet normal 0 0 1
    outer loop
      vertex -1.427 1.17474 3
      vertex 13.7716 14.515 3
      vertex 13.5471 14.5596 3
    endloop
  endfacet
  facet normal 0 0 1
    outer loop
      vertex 14 -14.5 3
      vertex -1.35 0 3
      vertex 13.7716 -14.515 3
    endloop
  endfacet
  facet normal 0 0 1
    outer loop
      vertex -1.427 1.17474 3
      vertex 13.5471 14.5596 3
      vertex 13.3303 14.6332 3
    endloop
  endfacet
  facet normal -0 0 1
    outer loop
      vertex -1.427 -1.17474 3
      vertex 13.7716 -14.515 3
      vertex -1.35 0 3
    endloop
  endfacet
  facet normal 0 0 1
    outer loop
      vertex -1.65667 2.32937 3
      vertex 13.3303 14.6332 3
      vertex 13.125 14.7345 3
    endloop
  endfacet
  facet normal 0 0 1
    outer loop
      vertex 13.7716 -14.515 3
      vertex -1.427 -1.17474 3
      vertex 13.5471 -14.5596 3
    endloop
  endfacet
  facet normal 0 0 1
    outer loop
      vertex -2.03508 3.44415 3
      vertex 13.125 14.7345 3
      vertex 12.9347 14.8616 3
    endloop
  endfacet
  facet normal 0 0 1
    outer loop
      vertex 13.5471 -14.5596 3
      vertex -1.427 -1.17474 3
      vertex 13.3303 -14.6332 3
    endloop
  endfacet
  facet normal 0 0 1
    outer loop
      vertex -2.03508 3.44415 3
      vertex 12.9347 14.8616 3
      vertex 12.7626 15.0126 3
    endloop
  endfacet
  facet normal -0 0 1
    outer loop
      vertex -1.65667 -2.32937 3
      vertex 13.3303 -14.6332 3
      vertex -1.427 -1.17474 3
    endloop
  endfacet
  facet normal 0 0 1
    outer loop
      vertex -2.55577 4.5 3
      vertex 12.7626 15.0126 3
      vertex 12.6116 15.1847 3
    endloop
  endfacet
  facet normal 0 0 1
    outer loop
      vertex 13.3303 -14.6332 3
      vertex -1.65667 -2.32937 3
      vertex 13.125 -14.7345 3
    endloop
  endfacet
  facet normal 0 0 1
    outer loop
      vertex -2.55577 4.5 3
      vertex 12.6116 15.1847 3
      vertex 12.4845 15.375 3
    endloop
  endfacet
  facet normal -0 0 1
    outer loop
      vertex -2.03508 -3.44415 3
      vertex 13.125 -14.7345 3
      vertex -1.65667 -2.32937 3
    endloop
  endfacet
  facet normal 0 0 1
    outer loop
      vertex -3.20982 5.47885 3
      vertex 12.4845 15.375 3
      vertex 12.3832 15.5803 3
    endloop
  endfacet
  facet normal 0 0 1
    outer loop
      vertex 13.125 -14.7345 3
      vertex -2.03508 -3.44415 3
      vertex 12.9347 -14.8616 3
    endloop
  endfacet
  facet normal 0 0 1
    outer loop
      vertex -3.98604 6.36396 3
      vertex 12.3832 15.5803 3
      vertex 12.3096 15.7971 3
    endloop
  endfacet
  facet normal 0 0 1
    outer loop
      vertex 12.9347 -14.8616 3
      vertex -2.03508 -3.44415 3
      vertex 12.7626 -15.0126 3
    endloop
  endfacet
  facet normal 0 0 1
    outer loop
      vertex -3.98604 6.36396 3
      vertex 12.3096 15.7971 3
      vertex 12.265 16.0216 3
    endloop
  endfacet
  facet normal -0 0 1
    outer loop
      vertex -2.55577 -4.5 3
      vertex 12.7626 -15.0126 3
      vertex -2.03508 -3.44415 3
    endloop
  endfacet
  facet normal 0 0 1
    outer loop
      vertex -8.35 17 3
      vertex 12.265 16.0216 3
      vertex 12.25 16.25 3
    endloop
  endfacet
  facet normal 0 0 1
    outer loop
      vertex 12.7626 -15.0126 3
      vertex -2.55577 -4.5 3
      vertex 12.6116 -15.1847 3
    endloop
  endfacet
  facet normal 0 0 1
    outer loop
      vertex 15.75 16.25 3
      vertex 24.75 20.25 3
      vertex 15.75 18.25 3
    endloop
  endfacet
  facet normal 0 0 1
    outer loop
      vertex 24.75 20.25 3
      vertex 15.735 18.4784 3
      vertex 15.75 18.25 3
    endloop
  endfacet
  facet normal 0 0 1
    outer loop
      vertex 24.75 20.25 3
      vertex 15.6904 18.7029 3
      vertex 15.735 18.4784 3
    endloop
  endfacet
  facet normal 0 0 1
    outer loop
      vertex 24.75 20.25 3
      vertex 15.6168 18.9197 3
      vertex 15.6904 18.7029 3
    endloop
  endfacet
  facet normal 0 0 1
    outer loop
      vertex 24.75 20.25 3
      vertex 15.5155 19.125 3
      vertex 15.6168 18.9197 3
    endloop
  endfacet
  facet normal 0 0 1
    outer loop
      vertex 24.75 20.25 3
      vertex 15.3884 19.3153 3
      vertex 15.5155 19.125 3
    endloop
  endfacet
  facet normal 0 0 1
    outer loop
      vertex 24.75 20.25 3
      vertex 15.2374 19.4874 3
      vertex 15.3884 19.3153 3
    endloop
  endfacet
  facet normal 0 0 1
    outer loop
      vertex 24.75 20.25 3
      vertex 15.0653 19.6384 3
      vertex 15.2374 19.4874 3
    endloop
  endfacet
  facet normal 0 0 1
    outer loop
      vertex 24.75 20.25 3
      vertex 14.875 19.7655 3
      vertex 15.0653 19.6384 3
    endloop
  endfacet
  facet normal 0 0 1
    outer loop
      vertex 24.75 20.25 3
      vertex 14.6697 19.8668 3
      vertex 14.875 19.7655 3
    endloop
  endfacet
  facet normal 0 0 1
    outer loop
      vertex 24.75 20.25 3
      vertex 14.4529 19.9404 3
      vertex 14.6697 19.8668 3
    endloop
  endfacet
  facet normal 0 0 1
    outer loop
      vertex 24.75 20.25 3
      vertex 14.2284 19.985 3
      vertex 14.4529 19.9404 3
    endloop
  endfacet
  facet normal 0 0 1
    outer loop
      vertex 24.75 20.25 3
      vertex 14 20 3
      vertex 14.2284 19.985 3
    endloop
  endfacet
  facet normal -0 0 1
    outer loop
      vertex -8.35 17 3
      vertex 12.25 16.25 3
      vertex 12.25 18.25 3
    endloop
  endfacet
  facet normal 0 0 1
    outer loop
      vertex 12.6116 -15.1847 3
      vertex -2.55577 -4.5 3
      vertex 12.4845 -15.375 3
    endloop
  endfacet
  facet normal -0 0 1
    outer loop
      vertex -3.20982 -5.47885 3
      vertex 12.4845 -15.375 3
      vertex -2.55577 -4.5 3
    endloop
  endfacet
  facet normal 0 0 1
    outer loop
      vertex -8.36711 17.2611 3
      vertex 12.25 18.25 3
      vertex 12.265 18.4784 3
    endloop
  endfacet
  facet normal 0 0 1
    outer loop
      vertex -8.41815 17.5176 3
      vertex 12.265 18.4784 3
      vertex 12.3096 18.7029 3
    endloop
  endfacet
  facet normal 0 0 1
    outer loop
      vertex -8.50224 17.7654 3
      vertex 12.3096 18.7029 3
      vertex 12.3832 18.9197 3
    endloop
  endfacet
  facet normal 0 0 1
    outer loop
      vertex -8.61795 18 3
      vertex 12.3832 18.9197 3
      vertex 12.4845 19.125 3
    endloop
  endfacet
  facet normal 0 0 1
    outer loop
      vertex -8.76329 18.2175 3
      vertex 12.4845 19.125 3
      vertex 12.6116 19.3153 3
    endloop
  endfacet
  facet normal 0 0 1
    outer loop
      vertex 13.7716 14.515 3
      vertex -1.427 1.17474 3
      vertex -1.35 0 3
    endloop
  endfacet
  facet normal 0 0 1
    outer loop
      vertex 13.3303 14.6332 3
      vertex -1.65667 2.32937 3
      vertex -1.427 1.17474 3
    endloop
  endfacet
  facet normal 0 0 1
    outer loop
      vertex 13.125 14.7345 3
      vertex -2.03508 3.44415 3
      vertex -1.65667 2.32937 3
    endloop
  endfacet
  facet normal 0 0 1
    outer loop
      vertex -8.93579 18.4142 3
      vertex 12.6116 19.3153 3
      vertex 12.7626 19.4874 3
    endloop
  endfacet
  facet normal 0 0 1
    outer loop
      vertex 12.7626 15.0126 3
      vertex -2.55577 4.5 3
      vertex -2.03508 3.44415 3
    endloop
  endfacet
  facet normal 0 0 1
    outer loop
      vertex 12.4845 15.375 3
      vertex -3.20982 5.47885 3
      vertex -2.55577 4.5 3
    endloop
  endfacet
  facet normal 0 0 1
    outer loop
      vertex 12.3832 15.5803 3
      vertex -3.98604 6.36396 3
      vertex -3.20982 5.47885 3
    endloop
  endfacet
  facet normal 0 0 1
    outer loop
      vertex -9.13248 18.5867 3
      vertex 12.7626 19.4874 3
      vertex 12.9347 19.6384 3
    endloop
  endfacet
  facet normal 0 0 1
    outer loop
      vertex 12.265 16.0216 3
      vertex -4.87115 7.14018 3
      vertex -3.98604 6.36396 3
    endloop
  endfacet
  facet normal 0 0 1
    outer loop
      vertex 12.265 16.0216 3
      vertex -8.35 17 3
      vertex -4.87115 7.14018 3
    endloop
  endfacet
  facet normal 0 0 1
    outer loop
      vertex -9.35 18.732 3
      vertex 12.9347 19.6384 3
      vertex 13.125 19.7655 3
    endloop
  endfacet
  facet normal 0 0 1
    outer loop
      vertex -4.87115 7.14018 3
      vertex -8.35 17 3
      vertex -5.85 7.79423 3
    endloop
  endfacet
  facet normal 0 0 1
    outer loop
      vertex -5.85 7.79423 3
      vertex -8.35 17 3
      vertex -6.90585 8.31492 3
    endloop
  endfacet
  facet normal 0 0 1
    outer loop
      vertex -6.90585 8.31492 3
      vertex -8.35 17 3
      vertex -8.02063 8.69333 3
    endloop
  endfacet
  facet normal 0 0 1
    outer loop
      vertex -9.58463 18.8478 3
      vertex 13.125 19.7655 3
      vertex 13.3303 19.8668 3
    endloop
  endfacet
  facet normal 0 0 1
    outer loop
      vertex -9.83236 18.9319 3
      vertex 13.3303 19.8668 3
      vertex 13.5471 19.9404 3
    endloop
  endfacet
  facet normal 0 0 1
    outer loop
      vertex -13.5471 19.9404 3
      vertex 13.5471 19.9404 3
      vertex 13.7716 19.985 3
    endloop
  endfacet
  facet normal 0 0 1
    outer loop
      vertex 12.25 18.25 3
      vertex -8.36711 17.2611 3
      vertex -8.35 17 3
    endloop
  endfacet
  facet normal 0 0 1
    outer loop
      vertex 12.265 18.4784 3
      vertex -8.41815 17.5176 3
      vertex -8.36711 17.2611 3
    endloop
  endfacet
  facet normal 0 0 1
    outer loop
      vertex 12.3096 18.7029 3
      vertex -8.50224 17.7654 3
      vertex -8.41815 17.5176 3
    endloop
  endfacet
  facet normal 0 0 1
    outer loop
      vertex 12.3832 18.9197 3
      vertex -8.61795 18 3
      vertex -8.50224 17.7654 3
    endloop
  endfacet
  facet normal 0 0 1
    outer loop
      vertex 12.4845 19.125 3
      vertex -8.76329 18.2175 3
      vertex -8.61795 18 3
    endloop
  endfacet
  facet normal 0 0 1
    outer loop
      vertex 12.6116 19.3153 3
      vertex -8.93579 18.4142 3
      vertex -8.76329 18.2175 3
    endloop
  endfacet
  facet normal 0 0 1
    outer loop
      vertex 12.7626 19.4874 3
      vertex -9.13248 18.5867 3
      vertex -8.93579 18.4142 3
    endloop
  endfacet
  facet normal 0 0 1
    outer loop
      vertex -13.7716 19.985 3
      vertex 13.7716 19.985 3
      vertex 14 20 3
    endloop
  endfacet
  facet normal 0 0 1
    outer loop
      vertex 12.9347 19.6384 3
      vertex -9.35 18.732 3
      vertex -9.13248 18.5867 3
    endloop
  endfacet
  facet normal 0 0 1
    outer loop
      vertex 13.125 19.7655 3
      vertex -9.58463 18.8478 3
      vertex -9.35 18.732 3
    endloop
  endfacet
  facet normal 0 0 1
    outer loop
      vertex 13.3303 19.8668 3
      vertex -9.83236 18.9319 3
      vertex -9.58463 18.8478 3
    endloop
  endfacet
  facet normal 0 0 1
    outer loop
      vertex 13.5471 19.9404 3
      vertex -13.5471 19.9404 3
      vertex -9.83236 18.9319 3
    endloop
  endfacet
  facet normal 0 0 1
    outer loop
      vertex -9.83236 18.9319 3
      vertex -13.5471 19.9404 3
      vertex -10.0889 18.9829 3
    endloop
  endfacet
  facet normal 0 0 1
    outer loop
      vertex -12.0821 18 3
      vertex -12.25 18.25 3
      vertex -12.1978 17.7654 3
    endloop
  endfacet
  facet normal 0 0 1
    outer loop
      vertex -11.9367 18.2175 3
      vertex -12.25 18.25 3
      vertex -12.0821 18 3
    endloop
  endfacet
  facet normal 0 0 1
    outer loop
      vertex -12.265 18.4784 3
      vertex -11.9367 18.2175 3
      vertex -11.7642 18.4142 3
    endloop
  endfacet
  facet normal 0 0 1
    outer loop
      vertex -12.3096 18.7029 3
      vertex -11.7642 18.4142 3
      vertex -11.5675 18.5867 3
    endloop
  endfacet
  facet normal 0 0 1
    outer loop
      vertex -12.3832 18.9197 3
      vertex -11.5675 18.5867 3
      vertex -11.35 18.732 3
    endloop
  endfacet
  facet normal 0 0 1
    outer loop
      vertex -11.9367 18.2175 3
      vertex -12.265 18.4784 3
      vertex -12.25 18.25 3
    endloop
  endfacet
  facet normal 0 0 1
    outer loop
      vertex -12.4845 19.125 3
      vertex -11.35 18.732 3
      vertex -11.1154 18.8478 3
    endloop
  endfacet
  facet normal 0 0 1
    outer loop
      vertex -12.6116 19.3153 3
      vertex -11.1154 18.8478 3
      vertex -10.8676 18.9319 3
    endloop
  endfacet
  facet normal 0 0 1
    outer loop
      vertex -11.7642 18.4142 3
      vertex -12.3096 18.7029 3
      vertex -12.265 18.4784 3
    endloop
  endfacet
  facet normal 0 0 1
    outer loop
      vertex -12.7626 19.4874 3
      vertex -10.8676 18.9319 3
      vertex -10.6111 18.9829 3
    endloop
  endfacet
  facet normal 0 0 1
    outer loop
      vertex -11.5675 18.5867 3
      vertex -12.3832 18.9197 3
      vertex -12.3096 18.7029 3
    endloop
  endfacet
  facet normal 0 0 1
    outer loop
      vertex -12.9347 19.6384 3
      vertex -10.6111 18.9829 3
      vertex -10.35 19 3
    endloop
  endfacet
  facet normal -0 -0 1
    outer loop
      vertex -13.125 19.7655 3
      vertex -10.0889 18.9829 3
      vertex -13.3303 19.8668 3
    endloop
  endfacet
  facet normal 0 0 1
    outer loop
      vertex -11.35 18.732 3
      vertex -12.4845 19.125 3
      vertex -12.3832 18.9197 3
    endloop
  endfacet
  facet normal 0 0 1
    outer loop
      vertex -11.1154 18.8478 3
      vertex -12.6116 19.3153 3
      vertex -12.4845 19.125 3
    endloop
  endfacet
  facet normal 0 0 1
    outer loop
      vertex -10.8676 18.9319 3
      vertex -12.7626 19.4874 3
      vertex -12.6116 19.3153 3
    endloop
  endfacet
  facet normal 0 0 1
    outer loop
      vertex -14 20 3
      vertex 14 20 3
      vertex 24.75 20.25 3
    endloop
  endfacet
  facet normal 0 0 1
    outer loop
      vertex -10.6111 18.9829 3
      vertex -12.9347 19.6384 3
      vertex -12.7626 19.4874 3
    endloop
  endfacet
  facet normal 0 0 1
    outer loop
      vertex -10.35 19 3
      vertex -13.125 19.7655 3
      vertex -12.9347 19.6384 3
    endloop
  endfacet
  facet normal 0 0 1
    outer loop
      vertex -10.0889 18.9829 3
      vertex -13.125 19.7655 3
      vertex -10.35 19 3
    endloop
  endfacet
  facet normal 0 0 1
    outer loop
      vertex -10.0889 18.9829 3
      vertex -13.5471 19.9404 3
      vertex -13.3303 19.8668 3
    endloop
  endfacet
  facet normal 0 0 1
    outer loop
      vertex 13.7716 19.985 3
      vertex -13.7716 19.985 3
      vertex -13.5471 19.9404 3
    endloop
  endfacet
  facet normal 0 0 1
    outer loop
      vertex 14 20 3
      vertex -14 20 3
      vertex -13.7716 19.985 3
    endloop
  endfacet
  facet normal 0 0 1
    outer loop
      vertex -24.75 20.25 3
      vertex -15.75 16.25 3
      vertex -15.75 18.25 3
    endloop
  endfacet
  facet normal 0 0 1
    outer loop
      vertex -15.75 16.25 3
      vertex -16.714 6.36396 3
      vertex -15.8289 7.14018 3
    endloop
  endfacet
  facet normal 0 0 1
    outer loop
      vertex -24.75 20.25 3
      vertex -15.75 18.25 3
      vertex -15.735 18.4784 3
    endloop
  endfacet
  facet normal 0 0 1
    outer loop
      vertex -15.75 16.25 3
      vertex -24.75 20.25 3
      vertex -16.714 6.36396 3
    endloop
  endfacet
  facet normal 0 0 1
    outer loop
      vertex -16.714 6.36396 3
      vertex -24.75 20.25 3
      vertex -17.4902 5.47885 3
    endloop
  endfacet
  facet normal 0 0 1
    outer loop
      vertex -17.4902 5.47885 3
      vertex -24.75 20.25 3
      vertex -18.1442 4.5 3
    endloop
  endfacet
  facet normal 0 0 1
    outer loop
      vertex -18.1442 4.5 3
      vertex -24.75 20.25 3
      vertex -18.6649 3.44415 3
    endloop
  endfacet
  facet normal 0 0 1
    outer loop
      vertex -24.75 20.25 3
      vertex -15.735 18.4784 3
      vertex -15.6904 18.7029 3
    endloop
  endfacet
  facet normal 0 0 1
    outer loop
      vertex -19.273 1.17474 3
      vertex -24.75 20.25 3
      vertex -19.35 0 3
    endloop
  endfacet
  facet normal 0 0 1
    outer loop
      vertex -19.0433 2.32937 3
      vertex -24.75 20.25 3
      vertex -19.273 1.17474 3
    endloop
  endfacet
  facet normal 0 0 1
    outer loop
      vertex -18.6649 3.44415 3
      vertex -24.75 20.25 3
      vertex -19.0433 2.32937 3
    endloop
  endfacet
  facet normal 0 0 1
    outer loop
      vertex -15.6168 18.9197 3
      vertex -24.75 20.25 3
      vertex -15.6904 18.7029 3
    endloop
  endfacet
  facet normal 0 0 1
    outer loop
      vertex -15.5155 19.125 3
      vertex -24.75 20.25 3
      vertex -15.6168 18.9197 3
    endloop
  endfacet
  facet normal 0 0 1
    outer loop
      vertex -15.3884 19.3153 3
      vertex -24.75 20.25 3
      vertex -15.5155 19.125 3
    endloop
  endfacet
  facet normal 0 0 1
    outer loop
      vertex -15.2374 19.4874 3
      vertex -24.75 20.25 3
      vertex -15.3884 19.3153 3
    endloop
  endfacet
  facet normal 0 0 1
    outer loop
      vertex -15.0653 19.6384 3
      vertex -24.75 20.25 3
      vertex -15.2374 19.4874 3
    endloop
  endfacet
  facet normal 0 0 1
    outer loop
      vertex -14.875 19.7655 3
      vertex -24.75 20.25 3
      vertex -15.0653 19.6384 3
    endloop
  endfacet
  facet normal 0 0 1
    outer loop
      vertex -14.6697 19.8668 3
      vertex -24.75 20.25 3
      vertex -14.875 19.7655 3
    endloop
  endfacet
  facet normal 0 0 1
    outer loop
      vertex -14.4529 19.9404 3
      vertex -24.75 20.25 3
      vertex -14.6697 19.8668 3
    endloop
  endfacet
  facet normal 0 0 1
    outer loop
      vertex -14.2284 19.985 3
      vertex -24.75 20.25 3
      vertex -14.4529 19.9404 3
    endloop
  endfacet
  facet normal 0 0 1
    outer loop
      vertex -14 20 3
      vertex -24.75 20.25 3
      vertex -14.2284 19.985 3
    endloop
  endfacet
  facet normal -0 0 1
    outer loop
      vertex -24.75 20.25 3
      vertex -14 20 3
      vertex 24.75 20.25 3
    endloop
  endfacet
  facet normal 0 0 1
    outer loop
      vertex 15.735 16.0216 3
      vertex 24.75 20.25 3
      vertex 15.75 16.25 3
    endloop
  endfacet
  facet normal 0 0 1
    outer loop
      vertex 15.6904 15.7971 3
      vertex 24.75 20.25 3
      vertex 15.735 16.0216 3
    endloop
  endfacet
  facet normal -0 0 1
    outer loop
      vertex 15.75 -18.25 3
      vertex 24.75 -20.25 3
      vertex 15.75 -16.25 3
    endloop
  endfacet
  facet normal -0 0 1
    outer loop
      vertex 15.735 -18.4784 3
      vertex 24.75 -20.25 3
      vertex 15.75 -18.25 3
    endloop
  endfacet
  facet normal -0 0 1
    outer loop
      vertex 15.6904 -18.7029 3
      vertex 24.75 -20.25 3
      vertex 15.735 -18.4784 3
    endloop
  endfacet
  facet normal -0 0 1
    outer loop
      vertex 15.6168 -18.9197 3
      vertex 24.75 -20.25 3
      vertex 15.6904 -18.7029 3
    endloop
  endfacet
  facet normal -0 0 1
    outer loop
      vertex 15.5155 -19.125 3
      vertex 24.75 -20.25 3
      vertex 15.6168 -18.9197 3
    endloop
  endfacet
  facet normal -0 0 1
    outer loop
      vertex 15.3884 -19.3153 3
      vertex 24.75 -20.25 3
      vertex 15.5155 -19.125 3
    endloop
  endfacet
  facet normal -0 0 1
    outer loop
      vertex 15.2374 -19.4874 3
      vertex 24.75 -20.25 3
      vertex 15.3884 -19.3153 3
    endloop
  endfacet
  facet normal -0 0 1
    outer loop
      vertex 15.0653 -19.6384 3
      vertex 24.75 -20.25 3
      vertex 15.2374 -19.4874 3
    endloop
  endfacet
  facet normal -0 0 1
    outer loop
      vertex 14.875 -19.7655 3
      vertex 24.75 -20.25 3
      vertex 15.0653 -19.6384 3
    endloop
  endfacet
  facet normal -0 0 1
    outer loop
      vertex 14.6697 -19.8668 3
      vertex 24.75 -20.25 3
      vertex 14.875 -19.7655 3
    endloop
  endfacet
  facet normal -0 0 1
    outer loop
      vertex 14.4529 -19.9404 3
      vertex 24.75 -20.25 3
      vertex 14.6697 -19.8668 3
    endloop
  endfacet
  facet normal -0 0 1
    outer loop
      vertex 14.2284 -19.985 3
      vertex 24.75 -20.25 3
      vertex 14.4529 -19.9404 3
    endloop
  endfacet
  facet normal -0 0 1
    outer loop
      vertex 14 -20 3
      vertex 24.75 -20.25 3
      vertex 14.2284 -19.985 3
    endloop
  endfacet
  facet normal 0 0 1
    outer loop
      vertex 12.4845 -15.375 3
      vertex -3.20982 -5.47885 3
      vertex 12.3832 -15.5803 3
    endloop
  endfacet
  facet normal -0 0 1
    outer loop
      vertex -3.98604 -6.36396 3
      vertex 12.3832 -15.5803 3
      vertex -3.20982 -5.47885 3
    endloop
  endfacet
  facet normal 0 0 1
    outer loop
      vertex 12.3832 -15.5803 3
      vertex -3.98604 -6.36396 3
      vertex 12.3096 -15.7971 3
    endloop
  endfacet
  facet normal 0 0 1
    outer loop
      vertex 12.3096 -15.7971 3
      vertex -3.98604 -6.36396 3
      vertex 12.265 -16.0216 3
    endloop
  endfacet
  facet normal -0 0 1
    outer loop
      vertex -4.87115 -7.14018 3
      vertex 12.265 -16.0216 3
      vertex -3.98604 -6.36396 3
    endloop
  endfacet
  facet normal 0 0 1
    outer loop
      vertex -8.35 -17 3
      vertex 12.265 -16.0216 3
      vertex -4.87115 -7.14018 3
    endloop
  endfacet
  facet normal 0 0 1
    outer loop
      vertex 12.265 -16.0216 3
      vertex -8.35 -17 3
      vertex 12.25 -16.25 3
    endloop
  endfacet
  facet normal 0 0 1
    outer loop
      vertex 12.25 -16.25 3
      vertex -8.35 -17 3
      vertex 12.25 -18.25 3
    endloop
  endfacet
  facet normal -0 0 1
    outer loop
      vertex -8.36711 -17.2611 3
      vertex 12.25 -18.25 3
      vertex -8.35 -17 3
    endloop
  endfacet
  facet normal 0 0 1
    outer loop
      vertex 12.25 -18.25 3
      vertex -8.36711 -17.2611 3
      vertex 12.265 -18.4784 3
    endloop
  endfacet
  facet normal -0 0 1
    outer loop
      vertex -8.41815 -17.5176 3
      vertex 12.265 -18.4784 3
      vertex -8.36711 -17.2611 3
    endloop
  endfacet
  facet normal 0 0 1
    outer loop
      vertex 12.265 -18.4784 3
      vertex -8.41815 -17.5176 3
      vertex 12.3096 -18.7029 3
    endloop
  endfacet
  facet normal -0 0 1
    outer loop
      vertex -8.50224 -17.7654 3
      vertex 12.3096 -18.7029 3
      vertex -8.41815 -17.5176 3
    endloop
  endfacet
  facet normal 0 0 1
    outer loop
      vertex 12.3096 -18.7029 3
      vertex -8.50224 -17.7654 3
      vertex 12.3832 -18.9197 3
    endloop
  endfacet
  facet normal 0 0 1
    outer loop
      vertex -8.35 -17 3
      vertex -4.87115 -7.14018 3
      vertex -5.85 -7.79423 3
    endloop
  endfacet
  facet normal -0 0 1
    outer loop
      vertex -8.61795 -18 3
      vertex 12.3832 -18.9197 3
      vertex -8.50224 -17.7654 3
    endloop
  endfacet
  facet normal 0 0 1
    outer loop
      vertex -8.35 -17 3
      vertex -5.85 -7.79423 3
      vertex -6.90585 -8.31492 3
    endloop
  endfacet
  facet normal 0 0 1
    outer loop
      vertex -8.35 -17 3
      vertex -6.90585 -8.31492 3
      vertex -8.02063 -8.69333 3
    endloop
  endfacet
  facet normal 0 0 1
    outer loop
      vertex -8.35 -17 3
      vertex -8.02063 -8.69333 3
      vertex -8.35 -8.75885 3
    endloop
  endfacet
  facet normal 0 0 1
    outer loop
      vertex 12.3832 -18.9197 3
      vertex -8.61795 -18 3
      vertex 12.4845 -19.125 3
    endloop
  endfacet
  facet normal -0 0 1
    outer loop
      vertex -8.76329 -18.2175 3
      vertex 12.4845 -19.125 3
      vertex -8.61795 -18 3
    endloop
  endfacet
  facet normal 0 0 1
    outer loop
      vertex 12.4845 -19.125 3
      vertex -8.76329 -18.2175 3
      vertex 12.6116 -19.3153 3
    endloop
  endfacet
  facet normal -0 0 1
    outer loop
      vertex -8.93579 -18.4142 3
      vertex 12.6116 -19.3153 3
      vertex -8.76329 -18.2175 3
    endloop
  endfacet
  facet normal 0 0 1
    outer loop
      vertex 12.6116 -19.3153 3
      vertex -8.93579 -18.4142 3
      vertex 12.7626 -19.4874 3
    endloop
  endfacet
  facet normal -0 0 1
    outer loop
      vertex -9.13248 -18.5867 3
      vertex 12.7626 -19.4874 3
      vertex -8.93579 -18.4142 3
    endloop
  endfacet
  facet normal 0 0 1
    outer loop
      vertex 12.7626 -19.4874 3
      vertex -9.13248 -18.5867 3
      vertex 12.9347 -19.6384 3
    endloop
  endfacet
  facet normal -0 0 1
    outer loop
      vertex -9.35 -18.732 3
      vertex 12.9347 -19.6384 3
      vertex -9.13248 -18.5867 3
    endloop
  endfacet
  facet normal 0 0 1
    outer loop
      vertex 12.9347 -19.6384 3
      vertex -9.35 -18.732 3
      vertex 13.125 -19.7655 3
    endloop
  endfacet
  facet normal -0 0 1
    outer loop
      vertex -9.58463 -18.8478 3
      vertex 13.125 -19.7655 3
      vertex -9.35 -18.732 3
    endloop
  endfacet
  facet normal 0 0 1
    outer loop
      vertex 13.125 -19.7655 3
      vertex -9.58463 -18.8478 3
      vertex 13.3303 -19.8668 3
    endloop
  endfacet
  facet normal -0 0 1
    outer loop
      vertex -9.83236 -18.9319 3
      vertex 13.3303 -19.8668 3
      vertex -9.58463 -18.8478 3
    endloop
  endfacet
  facet normal 0 0 1
    outer loop
      vertex 13.3303 -19.8668 3
      vertex -9.83236 -18.9319 3
      vertex 13.5471 -19.9404 3
    endloop
  endfacet
  facet normal 0 0 1
    outer loop
      vertex -13.5471 -19.9404 3
      vertex 13.5471 -19.9404 3
      vertex -9.83236 -18.9319 3
    endloop
  endfacet
  facet normal 0 0 1
    outer loop
      vertex 13.5471 -19.9404 3
      vertex -13.5471 -19.9404 3
      vertex 13.7716 -19.985 3
    endloop
  endfacet
  facet normal 0 0 1
    outer loop
      vertex -13.5471 -19.9404 3
      vertex -9.83236 -18.9319 3
      vertex -10.0889 -18.9829 3
    endloop
  endfacet
  facet normal 0 0 1
    outer loop
      vertex -13.125 -19.7655 3
      vertex -10.0889 -18.9829 3
      vertex -10.35 -19 3
    endloop
  endfacet
  facet normal 0 0 1
    outer loop
      vertex -12.25 -18.25 3
      vertex -12.1978 -17.7654 3
      vertex -12.25 -17.6115 3
    endloop
  endfacet
  facet normal 0 0 1
    outer loop
      vertex -12.25 -18.25 3
      vertex -12.0821 -18 3
      vertex -12.1978 -17.7654 3
    endloop
  endfacet
  facet normal 0 0 1
    outer loop
      vertex -12.25 -18.25 3
      vertex -11.9367 -18.2175 3
      vertex -12.0821 -18 3
    endloop
  endfacet
  facet normal 0 0 1
    outer loop
      vertex -12.265 -18.4784 3
      vertex -11.9367 -18.2175 3
      vertex -12.25 -18.25 3
    endloop
  endfacet
  facet normal 0 0 1
    outer loop
      vertex -11.9367 -18.2175 3
      vertex -12.265 -18.4784 3
      vertex -11.7642 -18.4142 3
    endloop
  endfacet
  facet normal 0 0 1
    outer loop
      vertex -12.3096 -18.7029 3
      vertex -11.7642 -18.4142 3
      vertex -12.265 -18.4784 3
    endloop
  endfacet
  facet normal 0 0 1
    outer loop
      vertex -11.7642 -18.4142 3
      vertex -12.3096 -18.7029 3
      vertex -11.5675 -18.5867 3
    endloop
  endfacet
  facet normal 0 0 1
    outer loop
      vertex -12.3832 -18.9197 3
      vertex -11.5675 -18.5867 3
      vertex -12.3096 -18.7029 3
    endloop
  endfacet
  facet normal 0 0 1
    outer loop
      vertex -11.5675 -18.5867 3
      vertex -12.3832 -18.9197 3
      vertex -11.35 -18.732 3
    endloop
  endfacet
  facet normal 0 0 1
    outer loop
      vertex -12.4845 -19.125 3
      vertex -11.35 -18.732 3
      vertex -12.3832 -18.9197 3
    endloop
  endfacet
  facet normal 0 0 1
    outer loop
      vertex -11.35 -18.732 3
      vertex -12.4845 -19.125 3
      vertex -11.1154 -18.8478 3
    endloop
  endfacet
  facet normal 0 0 1
    outer loop
      vertex -12.6116 -19.3153 3
      vertex -11.1154 -18.8478 3
      vertex -12.4845 -19.125 3
    endloop
  endfacet
  facet normal 0 0 1
    outer loop
      vertex -11.1154 -18.8478 3
      vertex -12.6116 -19.3153 3
      vertex -10.8676 -18.9319 3
    endloop
  endfacet
  facet normal 0 0 1
    outer loop
      vertex -12.7626 -19.4874 3
      vertex -10.8676 -18.9319 3
      vertex -12.6116 -19.3153 3
    endloop
  endfacet
  facet normal 0 0 1
    outer loop
      vertex -10.8676 -18.9319 3
      vertex -12.7626 -19.4874 3
      vertex -10.6111 -18.9829 3
    endloop
  endfacet
  facet normal 0 0 1
    outer loop
      vertex -12.9347 -19.6384 3
      vertex -10.6111 -18.9829 3
      vertex -12.7626 -19.4874 3
    endloop
  endfacet
  facet normal 0 0 1
    outer loop
      vertex -10.6111 -18.9829 3
      vertex -12.9347 -19.6384 3
      vertex -10.35 -19 3
    endloop
  endfacet
  facet normal 0 0 1
    outer loop
      vertex -13.125 -19.7655 3
      vertex -10.35 -19 3
      vertex -12.9347 -19.6384 3
    endloop
  endfacet
  facet normal 0 0 1
    outer loop
      vertex -10.0889 -18.9829 3
      vertex -13.125 -19.7655 3
      vertex -13.3303 -19.8668 3
    endloop
  endfacet
  facet normal 0 0 1
    outer loop
      vertex -13.5471 -19.9404 3
      vertex -10.0889 -18.9829 3
      vertex -13.3303 -19.8668 3
    endloop
  endfacet
  facet normal 0 0 1
    outer loop
      vertex -13.7716 -19.985 3
      vertex 13.7716 -19.985 3
      vertex -13.5471 -19.9404 3
    endloop
  endfacet
  facet normal 0 0 1
    outer loop
      vertex 13.7716 -19.985 3
      vertex -13.7716 -19.985 3
      vertex 14 -20 3
    endloop
  endfacet
  facet normal 0 0 1
    outer loop
      vertex -14 -20 3
      vertex 14 -20 3
      vertex -13.7716 -19.985 3
    endloop
  endfacet
  facet normal 0 0 1
    outer loop
      vertex 14 -20 3
      vertex -14 -20 3
      vertex 24.75 -20.25 3
    endloop
  endfacet
  facet normal 0 0 1
    outer loop
      vertex -15.735 -16.0216 3
      vertex -24.75 -20.25 3
      vertex -15.75 -16.25 3
    endloop
  endfacet
  facet normal 0 0 1
    outer loop
      vertex -15.75 -16.25 3
      vertex -24.75 -20.25 3
      vertex -15.75 -18.25 3
    endloop
  endfacet
  facet normal 0 0 1
    outer loop
      vertex -24.75 -20.25 3
      vertex -16.714 -6.36396 3
      vertex -17.4902 -5.47885 3
    endloop
  endfacet
  facet normal 0 0 1
    outer loop
      vertex -24.75 -20.25 3
      vertex -17.4902 -5.47885 3
      vertex -18.1442 -4.5 3
    endloop
  endfacet
  facet normal 0 0 1
    outer loop
      vertex -24.75 -20.25 3
      vertex -18.1442 -4.5 3
      vertex -18.6649 -3.44415 3
    endloop
  endfacet
  facet normal 0 0 1
    outer loop
      vertex -24.75 -20.25 3
      vertex -18.6649 -3.44415 3
      vertex -19.0433 -2.32937 3
    endloop
  endfacet
  facet normal 0 0 1
    outer loop
      vertex -15.75 -18.25 3
      vertex -24.75 -20.25 3
      vertex -15.735 -18.4784 3
    endloop
  endfacet
  facet normal 0 0 1
    outer loop
      vertex -24.75 -20.25 3
      vertex -19.35 0 3
      vertex -24.75 20.25 3
    endloop
  endfacet
  facet normal 0 0 1
    outer loop
      vertex -19.35 0 3
      vertex -24.75 -20.25 3
      vertex -19.273 -1.17474 3
    endloop
  endfacet
  facet normal 0 0 1
    outer loop
      vertex -19.273 -1.17474 3
      vertex -24.75 -20.25 3
      vertex -19.0433 -2.32937 3
    endloop
  endfacet
  facet normal 0 0 1
    outer loop
      vertex -14 -20 3
      vertex -24.75 -20.25 3
      vertex 24.75 -20.25 3
    endloop
  endfacet
  facet normal 0 0 1
    outer loop
      vertex -14.2284 -19.985 3
      vertex -24.75 -20.25 3
      vertex -14 -20 3
    endloop
  endfacet
  facet normal 0 0 1
    outer loop
      vertex -14.4529 -19.9404 3
      vertex -24.75 -20.25 3
      vertex -14.2284 -19.985 3
    endloop
  endfacet
  facet normal 0 0 1
    outer loop
      vertex -14.6697 -19.8668 3
      vertex -24.75 -20.25 3
      vertex -14.4529 -19.9404 3
    endloop
  endfacet
  facet normal 0 0 1
    outer loop
      vertex -14.875 -19.7655 3
      vertex -24.75 -20.25 3
      vertex -14.6697 -19.8668 3
    endloop
  endfacet
  facet normal 0 0 1
    outer loop
      vertex -15.0653 -19.6384 3
      vertex -24.75 -20.25 3
      vertex -14.875 -19.7655 3
    endloop
  endfacet
  facet normal 0 0 1
    outer loop
      vertex -15.2374 -19.4874 3
      vertex -24.75 -20.25 3
      vertex -15.0653 -19.6384 3
    endloop
  endfacet
  facet normal 0 0 1
    outer loop
      vertex -15.3884 -19.3153 3
      vertex -24.75 -20.25 3
      vertex -15.2374 -19.4874 3
    endloop
  endfacet
  facet normal 0 0 1
    outer loop
      vertex -15.5155 -19.125 3
      vertex -24.75 -20.25 3
      vertex -15.3884 -19.3153 3
    endloop
  endfacet
  facet normal 0 0 1
    outer loop
      vertex -15.6168 -18.9197 3
      vertex -24.75 -20.25 3
      vertex -15.5155 -19.125 3
    endloop
  endfacet
  facet normal 0 0 1
    outer loop
      vertex -15.6904 -18.7029 3
      vertex -24.75 -20.25 3
      vertex -15.6168 -18.9197 3
    endloop
  endfacet
  facet normal 0 0 1
    outer loop
      vertex -15.735 -18.4784 3
      vertex -24.75 -20.25 3
      vertex -15.6904 -18.7029 3
    endloop
  endfacet
  facet normal 0 0 1
    outer loop
      vertex -8.02063 8.69333 3
      vertex -8.35 17 3
      vertex -8.35 8.75885 3
    endloop
  endfacet
  facet normal 0 0 1
    outer loop
      vertex -12.1978 17.7654 3
      vertex -12.25 18.25 3
      vertex -12.25 17.6115 3
    endloop
  endfacet
  facet normal -0 0 1
    outer loop
      vertex -12.3832 15.5803 3
      vertex -12.35 8.75885 3
      vertex -12.35 15.6781 3
    endloop
  endfacet
  facet normal -0 0 1
    outer loop
      vertex -12.4845 15.375 3
      vertex -12.35 8.75885 3
      vertex -12.3832 15.5803 3
    endloop
  endfacet
  facet normal -0 0 1
    outer loop
      vertex -12.6116 15.1847 3
      vertex -12.35 8.75885 3
      vertex -12.4845 15.375 3
    endloop
  endfacet
  facet normal -0 0 1
    outer loop
      vertex -12.7626 15.0126 3
      vertex -12.35 8.75885 3
      vertex -12.6116 15.1847 3
    endloop
  endfacet
  facet normal -0 0 1
    outer loop
      vertex -12.9347 14.8616 3
      vertex -12.35 8.75885 3
      vertex -12.7626 15.0126 3
    endloop
  endfacet
  facet normal -0 0 1
    outer loop
      vertex -13.125 14.7345 3
      vertex -12.35 8.75885 3
      vertex -12.9347 14.8616 3
    endloop
  endfacet
  facet normal -0 0 1
    outer loop
      vertex -13.3303 14.6332 3
      vertex -12.35 8.75885 3
      vertex -13.125 14.7345 3
    endloop
  endfacet
  facet normal -0 0 1
    outer loop
      vertex -13.5471 14.5596 3
      vertex -12.35 8.75885 3
      vertex -13.3303 14.6332 3
    endloop
  endfacet
  facet normal 0 0 1
    outer loop
      vertex -12.35 8.75885 3
      vertex -13.5471 14.5596 3
      vertex -12.6794 8.69333 3
    endloop
  endfacet
  facet normal -0 0 1
    outer loop
      vertex -13.7716 14.515 3
      vertex -12.6794 8.69333 3
      vertex -13.5471 14.5596 3
    endloop
  endfacet
  facet normal -0 0 1
    outer loop
      vertex -14 14.5 3
      vertex -12.6794 8.69333 3
      vertex -13.7716 14.515 3
    endloop
  endfacet
  facet normal 0 0 1
    outer loop
      vertex -12.6794 8.69333 3
      vertex -14 14.5 3
      vertex -13.7942 8.31492 3
    endloop
  endfacet
  facet normal 0 0 1
    outer loop
      vertex -14.2284 14.515 3
      vertex -13.7942 8.31492 3
      vertex -14 14.5 3
    endloop
  endfacet
  facet normal 0 0 1
    outer loop
      vertex -14.4529 14.5596 3
      vertex -13.7942 8.31492 3
      vertex -14.2284 14.515 3
    endloop
  endfacet
  facet normal 0 0 1
    outer loop
      vertex -14.6697 14.6332 3
      vertex -13.7942 8.31492 3
      vertex -14.4529 14.5596 3
    endloop
  endfacet
  facet normal 0 0 1
    outer loop
      vertex -14.6697 14.6332 3
      vertex -14.85 7.79423 3
      vertex -13.7942 8.31492 3
    endloop
  endfacet
  facet normal 0 0 1
    outer loop
      vertex -14.875 14.7345 3
      vertex -14.85 7.79423 3
      vertex -14.6697 14.6332 3
    endloop
  endfacet
  facet normal 0 0 1
    outer loop
      vertex -15.0653 14.8616 3
      vertex -14.85 7.79423 3
      vertex -14.875 14.7345 3
    endloop
  endfacet
  facet normal 0 0 1
    outer loop
      vertex -15.8289 7.14018 3
      vertex -15.0653 14.8616 3
      vertex -15.2374 15.0126 3
    endloop
  endfacet
  facet normal 0 0 1
    outer loop
      vertex -15.8289 7.14018 3
      vertex -15.2374 15.0126 3
      vertex -15.3884 15.1847 3
    endloop
  endfacet
  facet normal 0 0 1
    outer loop
      vertex -15.8289 7.14018 3
      vertex -15.3884 15.1847 3
      vertex -15.5155 15.375 3
    endloop
  endfacet
  facet normal 0 0 1
    outer loop
      vertex -15.8289 7.14018 3
      vertex -15.5155 15.375 3
      vertex -15.6168 15.5803 3
    endloop
  endfacet
  facet normal 0 0 1
    outer loop
      vertex -15.8289 7.14018 3
      vertex -15.6168 15.5803 3
      vertex -15.6904 15.7971 3
    endloop
  endfacet
  facet normal 0 0 1
    outer loop
      vertex -15.8289 7.14018 3
      vertex -15.6904 15.7971 3
      vertex -15.735 16.0216 3
    endloop
  endfacet
  facet normal 0 0 1
    outer loop
      vertex -15.0653 14.8616 3
      vertex -15.8289 7.14018 3
      vertex -14.85 7.79423 3
    endloop
  endfacet
  facet normal 0 0 1
    outer loop
      vertex -15.8289 7.14018 3
      vertex -15.735 16.0216 3
      vertex -15.75 16.25 3
    endloop
  endfacet
  facet normal 1 -0 0
    outer loop
      vertex 24.75 -20.25 3
      vertex 24.75 20.25 0
      vertex 24.75 20.25 3
    endloop
  endfacet
  facet normal 1 0 0
    outer loop
      vertex 24.75 20.25 0
      vertex 24.75 -20.25 3
      vertex 24.75 -20.25 0
    endloop
  endfacet
  facet normal 0 1 -0
    outer loop
      vertex 24.75 20.25 0
      vertex -24.75 20.25 3
      vertex 24.75 20.25 3
    endloop
  endfacet
  facet normal 0 1 0
    outer loop
      vertex -24.75 20.25 3
      vertex 24.75 20.25 0
      vertex -24.75 20.25 0
    endloop
  endfacet
  facet normal 0 -1 0
    outer loop
      vertex -24.75 -20.25 0
      vertex 24.75 -20.25 3
      vertex -24.75 -20.25 3
    endloop
  endfacet
  facet normal 0 -1 -0
    outer loop
      vertex 24.75 -20.25 3
      vertex -24.75 -20.25 0
      vertex 24.75 -20.25 0
    endloop
  endfacet
  facet normal -0.98078 0.195115 0
    outer loop
      vertex -19.273 1.17474 3
      vertex -19.0433 2.32937 10
      vertex -19.0433 2.32937 3
    endloop
  endfacet
  facet normal -0.98078 0.195115 0
    outer loop
      vertex -19.0433 2.32937 10
      vertex -19.273 1.17474 3
      vertex -19.273 1.17474 10
    endloop
  endfacet
  facet normal 0.831468 0.555572 0
    outer loop
      vertex -2.55577 4.5 10
      vertex -3.20982 5.47885 3
      vertex -3.20982 5.47885 10
    endloop
  endfacet
  facet normal 0.831468 0.555572 0
    outer loop
      vertex -3.20982 5.47885 3
      vertex -2.55577 4.5 10
      vertex -2.55577 4.5 3
    endloop
  endfacet
  facet normal 0.321434 0.946932 -0
    outer loop
      vertex -6.90585 8.31492 3
      vertex -8.02063 8.69333 10
      vertex -6.90585 8.31492 10
    endloop
  endfacet
  facet normal 0.321434 0.946932 0
    outer loop
      vertex -8.02063 8.69333 10
      vertex -6.90585 8.31492 3
      vertex -8.02063 8.69333 3
    endloop
  endfacet
  facet normal -0.442307 0.896864 0
    outer loop
      vertex -13.7942 8.31492 3
      vertex -14.85 7.79423 10
      vertex -13.7942 8.31492 10
    endloop
  endfacet
  facet normal -0.442307 0.896864 0
    outer loop
      vertex -14.85 7.79423 10
      vertex -13.7942 8.31492 3
      vertex -14.85 7.79423 3
    endloop
  endfacet
  facet normal -0.946934 0.321427 0
    outer loop
      vertex -19.0433 2.32937 3
      vertex -18.6649 3.44415 10
      vertex -18.6649 3.44415 3
    endloop
  endfacet
  facet normal -0.946934 0.321427 0
    outer loop
      vertex -18.6649 3.44415 10
      vertex -19.0433 2.32937 3
      vertex -19.0433 2.32937 10
    endloop
  endfacet
  facet normal 0.980785 -0.19509 0
    outer loop
      vertex -1.65667 -2.32937 10
      vertex -1.427 -1.17474 3
      vertex -1.427 -1.17474 10
    endloop
  endfacet
  facet normal 0.980785 -0.19509 0
    outer loop
      vertex -1.427 -1.17474 3
      vertex -1.65667 -2.32937 10
      vertex -1.65667 -2.32937 3
    endloop
  endfacet
  facet normal 0.659346 0.75184 -0
    outer loop
      vertex -3.98604 6.36396 3
      vertex -4.87115 7.14018 10
      vertex -3.98604 6.36396 10
    endloop
  endfacet
  facet normal 0.659346 0.75184 0
    outer loop
      vertex -4.87115 7.14018 10
      vertex -3.98604 6.36396 3
      vertex -4.87115 7.14018 3
    endloop
  endfacet
  facet normal -0.0653902 0.99786 0
    outer loop
      vertex -10.6111 8.98289 8.45455
      vertex -10.35 9 10
      vertex -10.35 9 8.45455
    endloop
  endfacet
  facet normal -0.0654351 0.997857 7.61263e-06
    outer loop
      vertex -10.8676 8.96607 8.43588
      vertex -10.35 9 10
      vertex -10.6111 8.98289 8.45455
    endloop
  endfacet
  facet normal -0.0654083 0.997859 -1.28767e-06
    outer loop
      vertex -10.35 9 10
      vertex -10.8676 8.96607 8.43588
      vertex -11.5247 8.923 10
    endloop
  endfacet
  facet normal -0.065397 0.997859 3.49329e-06
    outer loop
      vertex -11.1154 8.94983 8.39887
      vertex -11.5247 8.923 10
      vertex -10.8676 8.96607 8.43588
    endloop
  endfacet
  facet normal -0.0653776 0.997861 8.46622e-06
    outer loop
      vertex -11.35 8.93446 8.34414
      vertex -11.5247 8.923 10
      vertex -11.1154 8.94983 8.39887
    endloop
  endfacet
  facet normal -0.0654575 0.997855 0
    outer loop
      vertex -11.5247 8.923 10
      vertex -11.35 8.93446 8.34414
      vertex -11.5247 8.923 8.28671
    endloop
  endfacet
  facet normal 0.44229 0.896872 -0
    outer loop
      vertex -5.85 7.79423 3
      vertex -6.90585 8.31492 10
      vertex -5.85 7.79423 10
    endloop
  endfacet
  facet normal 0.44229 0.896872 0
    outer loop
      vertex -6.90585 8.31492 10
      vertex -5.85 7.79423 3
      vertex -6.90585 8.31492 3
    endloop
  endfacet
  facet normal -0.997859 0.0654061 0
    outer loop
      vertex -19.35 0 3
      vertex -19.273 1.17474 10
      vertex -19.273 1.17474 3
    endloop
  endfacet
  facet normal -0.997859 0.0654061 0
    outer loop
      vertex -19.273 1.17474 10
      vertex -19.35 0 3
      vertex -19.35 0 10
    endloop
  endfacet
  facet normal -0.831488 0.555543 0
    outer loop
      vertex -18.1442 4.5 3
      vertex -17.4902 5.47885 10
      vertex -17.4902 5.47885 3
    endloop
  endfacet
  facet normal -0.831488 0.555543 0
    outer loop
      vertex -17.4902 5.47885 10
      vertex -18.1442 4.5 3
      vertex -18.1442 4.5 10
    endloop
  endfacet
  facet normal -0.555553 0.831481 0
    outer loop
      vertex -14.85 7.79423 3
      vertex -15.8289 7.14018 10
      vertex -14.85 7.79423 10
    endloop
  endfacet
  facet normal -0.555553 0.831481 0
    outer loop
      vertex -15.8289 7.14018 10
      vertex -14.85 7.79423 3
      vertex -15.8289 7.14018 3
    endloop
  endfacet
  facet normal -0.321429 0.946934 0
    outer loop
      vertex -12.6794 8.69333 3
      vertex -13.7942 8.31492 10
      vertex -12.6794 8.69333 10
    endloop
  endfacet
  facet normal -0.321429 0.946934 0
    outer loop
      vertex -13.7942 8.31492 10
      vertex -12.6794 8.69333 3
      vertex -13.7942 8.31492 3
    endloop
  endfacet
  facet normal 0.997859 0.0654061 0
    outer loop
      vertex -1.35 0 10
      vertex -1.427 1.17474 3
      vertex -1.427 1.17474 10
    endloop
  endfacet
  facet normal 0.997859 0.0654061 0
    outer loop
      vertex -1.427 1.17474 3
      vertex -1.35 0 10
      vertex -1.35 0 3
    endloop
  endfacet
  facet normal 0.555572 -0.831468 0
    outer loop
      vertex -5.85 -7.79423 3
      vertex -4.87115 -7.14018 10
      vertex -5.85 -7.79423 10
    endloop
  endfacet
  facet normal 0.555572 -0.831468 0
    outer loop
      vertex -4.87115 -7.14018 10
      vertex -5.85 -7.79423 3
      vertex -4.87115 -7.14018 3
    endloop
  endfacet
  facet normal -0.555553 -0.831481 0
    outer loop
      vertex -15.8289 -7.14018 3
      vertex -14.85 -7.79423 10
      vertex -15.8289 -7.14018 10
    endloop
  endfacet
  facet normal -0.555553 -0.831481 -0
    outer loop
      vertex -14.85 -7.79423 10
      vertex -15.8289 -7.14018 3
      vertex -14.85 -7.79423 3
    endloop
  endfacet
  facet normal -0.831488 -0.555543 0
    outer loop
      vertex -17.4902 -5.47885 3
      vertex -18.1442 -4.5 10
      vertex -18.1442 -4.5 3
    endloop
  endfacet
  facet normal -0.831488 -0.555543 0
    outer loop
      vertex -18.1442 -4.5 10
      vertex -17.4902 -5.47885 3
      vertex -17.4902 -5.47885 10
    endloop
  endfacet
  facet normal 0.75184 0.659346 0
    outer loop
      vertex -3.20982 5.47885 10
      vertex -3.98604 6.36396 3
      vertex -3.98604 6.36396 10
    endloop
  endfacet
  facet normal 0.75184 0.659346 0
    outer loop
      vertex -3.98604 6.36396 3
      vertex -3.20982 5.47885 10
      vertex -3.20982 5.47885 3
    endloop
  endfacet
  facet normal 0.19509 0.980785 1.91349e-06
    outer loop
      vertex -8.93579 8.87537 8.20301
      vertex -9.17526 8.923 10
      vertex -8.02063 8.69333 10
    endloop
  endfacet
  facet normal 0.195102 0.980783 0
    outer loop
      vertex -9.17526 8.923 10
      vertex -9.13248 8.91449 8.27575
      vertex -9.17526 8.923 8.28671
    endloop
  endfacet
  facet normal 0.19507 0.980789 -8.12287e-07
    outer loop
      vertex -9.17526 8.923 10
      vertex -8.93579 8.87537 8.20301
      vertex -9.13248 8.91449 8.27575
    endloop
  endfacet
  facet normal 0.195081 0.980787 6.92356e-06
    outer loop
      vertex -8.02063 8.69333 10
      vertex -8.76329 8.84106 8.11444
      vertex -8.93579 8.87537 8.20301
    endloop
  endfacet
  facet normal 0.195092 0.980785 2.17621e-06
    outer loop
      vertex -8.02063 8.69333 10
      vertex -8.61795 8.81215 8.01156
      vertex -8.76329 8.84106 8.11444
    endloop
  endfacet
  facet normal 0.195117 0.98078 -5.39275e-06
    outer loop
      vertex -8.02063 8.69333 10
      vertex -8.50224 8.78913 7.89613
      vertex -8.61795 8.81215 8.01156
    endloop
  endfacet
  facet normal 0.19512 0.980779 -6.24676e-06
    outer loop
      vertex -8.02063 8.69333 10
      vertex -8.41815 8.7724 7.77013
      vertex -8.50224 8.78913 7.89613
    endloop
  endfacet
  facet normal 0.195058 0.980792 5.30604e-06
    outer loop
      vertex -8.02063 8.69333 10
      vertex -8.36711 8.76225 7.63571
      vertex -8.41815 8.7724 7.77013
    endloop
  endfacet
  facet normal 0.195007 0.980802 1.30836e-05
    outer loop
      vertex -8.02063 8.69333 10
      vertex -8.35 8.75885 7.49517
      vertex -8.36711 8.76225 7.63571
    endloop
  endfacet
  facet normal 0.195102 0.980783 -0
    outer loop
      vertex -8.02063 8.69333 3
      vertex -8.35 8.75885 7.49517
      vertex -8.02063 8.69333 10
    endloop
  endfacet
  facet normal 0.195102 0.980783 0
    outer loop
      vertex -8.35 8.75885 7.49517
      vertex -8.02063 8.69333 3
      vertex -8.35 8.75885 3
    endloop
  endfacet
  facet normal 0.0654061 0.997859 -3.52019e-07
    outer loop
      vertex -9.83236 8.96607 8.43588
      vertex -10.35 9 10
      vertex -9.17526 8.923 10
    endloop
  endfacet
  facet normal 0.0654248 0.997858 5.86746e-06
    outer loop
      vertex -10.35 9 10
      vertex -9.83236 8.96607 8.43588
      vertex -10.0889 8.98289 8.45455
    endloop
  endfacet
  facet normal 0.0654143 0.997858 -3.8114e-06
    outer loop
      vertex -9.17526 8.923 10
      vertex -9.58463 8.94983 8.39887
      vertex -9.83236 8.96607 8.43588
    endloop
  endfacet
  facet normal 0.0653691 0.997861 7.7858e-06
    outer loop
      vertex -9.17526 8.923 10
      vertex -9.35 8.93446 8.34414
      vertex -9.58463 8.94983 8.39887
    endloop
  endfacet
  facet normal 0.0654426 0.997856 0
    outer loop
      vertex -9.35 8.93446 8.34414
      vertex -9.17526 8.923 10
      vertex -9.17526 8.923 8.28671
    endloop
  endfacet
  facet normal 0.0653902 0.99786 0
    outer loop
      vertex -10.35 9 10
      vertex -10.0889 8.98289 8.45455
      vertex -10.35 9 8.45455
    endloop
  endfacet
  facet normal 0.555572 0.831468 -0
    outer loop
      vertex -4.87115 7.14018 3
      vertex -5.85 7.79423 10
      vertex -4.87115 7.14018 10
    endloop
  endfacet
  facet normal 0.555572 0.831468 0
    outer loop
      vertex -5.85 7.79423 10
      vertex -4.87115 7.14018 3
      vertex -5.85 7.79423 3
    endloop
  endfacet
  facet normal 0 0 1
    outer loop
      vertex -8.1 0 10
      vertex -1.35 0 10
      vertex -1.427 1.17474 10
    endloop
  endfacet
  facet normal 0 0 1
    outer loop
      vertex -8.11925 0.293683 10
      vertex -1.427 1.17474 10
      vertex -1.65667 2.32937 10
    endloop
  endfacet
  facet normal 0 0 1
    outer loop
      vertex -1.35 0 10
      vertex -8.1 0 10
      vertex -1.427 -1.17474 10
    endloop
  endfacet
  facet normal 0 0 1
    outer loop
      vertex -8.17667 0.582342 10
      vertex -1.65667 2.32937 10
      vertex -2.03508 3.44415 10
    endloop
  endfacet
  facet normal -0 0 1
    outer loop
      vertex -8.11925 -0.293683 10
      vertex -1.427 -1.17474 10
      vertex -8.1 0 10
    endloop
  endfacet
  facet normal 0 0 1
    outer loop
      vertex -8.27127 0.861037 10
      vertex -2.03508 3.44415 10
      vertex -2.55577 4.5 10
    endloop
  endfacet
  facet normal 0 0 1
    outer loop
      vertex -1.427 -1.17474 10
      vertex -8.11925 -0.293683 10
      vertex -1.65667 -2.32937 10
    endloop
  endfacet
  facet normal 0 0 1
    outer loop
      vertex -8.40144 1.125 10
      vertex -2.55577 4.5 10
      vertex -3.20982 5.47885 10
    endloop
  endfacet
  facet normal -0 0 1
    outer loop
      vertex -8.17667 -0.582342 10
      vertex -1.65667 -2.32937 10
      vertex -8.11925 -0.293683 10
    endloop
  endfacet
  facet normal 0 0 1
    outer loop
      vertex -8.56495 1.36971 10
      vertex -3.20982 5.47885 10
      vertex -3.98604 6.36396 10
    endloop
  endfacet
  facet normal 0 0 1
    outer loop
      vertex -1.65667 -2.32937 10
      vertex -8.17667 -0.582342 10
      vertex -2.03508 -3.44415 10
    endloop
  endfacet
  facet normal 0 0 1
    outer loop
      vertex -8.75901 1.59099 10
      vertex -3.98604 6.36396 10
      vertex -4.87115 7.14018 10
    endloop
  endfacet
  facet normal -0 0 1
    outer loop
      vertex -8.27127 -0.861037 10
      vertex -2.03508 -3.44415 10
      vertex -8.17667 -0.582342 10
    endloop
  endfacet
  facet normal 0 0 1
    outer loop
      vertex -8.98029 1.78504 10
      vertex -4.87115 7.14018 10
      vertex -5.85 7.79423 10
    endloop
  endfacet
  facet normal 0 0 1
    outer loop
      vertex -2.03508 -3.44415 10
      vertex -8.27127 -0.861037 10
      vertex -2.55577 -4.5 10
    endloop
  endfacet
  facet normal 0 0 1
    outer loop
      vertex -9.225 1.94856 10
      vertex -5.85 7.79423 10
      vertex -6.90585 8.31492 10
    endloop
  endfacet
  facet normal -0 0 1
    outer loop
      vertex -8.40144 -1.125 10
      vertex -2.55577 -4.5 10
      vertex -8.27127 -0.861037 10
    endloop
  endfacet
  facet normal 0 0 1
    outer loop
      vertex -9.48896 2.07873 10
      vertex -6.90585 8.31492 10
      vertex -8.02063 8.69333 10
    endloop
  endfacet
  facet normal 0 0 1
    outer loop
      vertex -2.55577 -4.5 10
      vertex -8.40144 -1.125 10
      vertex -3.20982 -5.47885 10
    endloop
  endfacet
  facet normal -0 0 1
    outer loop
      vertex -8.56495 -1.36971 10
      vertex -3.20982 -5.47885 10
      vertex -8.40144 -1.125 10
    endloop
  endfacet
  facet normal 0 0 1
    outer loop
      vertex -1.427 1.17474 10
      vertex -8.11925 0.293683 10
      vertex -8.1 0 10
    endloop
  endfacet
  facet normal 0 0 1
    outer loop
      vertex -1.65667 2.32937 10
      vertex -8.17667 0.582342 10
      vertex -8.11925 0.293683 10
    endloop
  endfacet
  facet normal 0 0 1
    outer loop
      vertex -2.03508 3.44415 10
      vertex -8.27127 0.861037 10
      vertex -8.17667 0.582342 10
    endloop
  endfacet
  facet normal 0 0 1
    outer loop
      vertex -2.55577 4.5 10
      vertex -8.40144 1.125 10
      vertex -8.27127 0.861037 10
    endloop
  endfacet
  facet normal 0 0 1
    outer loop
      vertex -3.20982 5.47885 10
      vertex -8.56495 1.36971 10
      vertex -8.40144 1.125 10
    endloop
  endfacet
  facet normal 0 0 1
    outer loop
      vertex -3.98604 6.36396 10
      vertex -8.75901 1.59099 10
      vertex -8.56495 1.36971 10
    endloop
  endfacet
  facet normal 0 0 1
    outer loop
      vertex -4.87115 7.14018 10
      vertex -8.98029 1.78504 10
      vertex -8.75901 1.59099 10
    endloop
  endfacet
  facet normal 0 0 1
    outer loop
      vertex -9.76766 2.17333 10
      vertex -8.02063 8.69333 10
      vertex -9.17526 8.923 10
    endloop
  endfacet
  facet normal 0 0 1
    outer loop
      vertex -5.85 7.79423 10
      vertex -9.225 1.94856 10
      vertex -8.98029 1.78504 10
    endloop
  endfacet
  facet normal 0 0 1
    outer loop
      vertex -6.90585 8.31492 10
      vertex -9.48896 2.07873 10
      vertex -9.225 1.94856 10
    endloop
  endfacet
  facet normal 0 0 1
    outer loop
      vertex -8.02063 8.69333 10
      vertex -9.76766 2.17333 10
      vertex -9.48896 2.07873 10
    endloop
  endfacet
  facet normal 0 0 1
    outer loop
      vertex -9.17526 8.923 10
      vertex -10.0563 2.23075 10
      vertex -9.76766 2.17333 10
    endloop
  endfacet
  facet normal 0 0 1
    outer loop
      vertex -10.35 9 10
      vertex -10.0563 2.23075 10
      vertex -9.17526 8.923 10
    endloop
  endfacet
  facet normal 0 0 1
    outer loop
      vertex -10.35 9 10
      vertex -10.35 2.25 10
      vertex -10.0563 2.23075 10
    endloop
  endfacet
  facet normal 0 0 1
    outer loop
      vertex -10.35 9 10
      vertex -10.6437 2.23075 10
      vertex -10.35 2.25 10
    endloop
  endfacet
  facet normal -0 0 1
    outer loop
      vertex -11.5247 8.923 10
      vertex -10.6437 2.23075 10
      vertex -10.35 9 10
    endloop
  endfacet
  facet normal 0 0 1
    outer loop
      vertex -10.6437 2.23075 10
      vertex -11.5247 8.923 10
      vertex -10.9323 2.17333 10
    endloop
  endfacet
  facet normal -0 0 1
    outer loop
      vertex -12.6794 8.69333 10
      vertex -10.9323 2.17333 10
      vertex -11.5247 8.923 10
    endloop
  endfacet
  facet normal 0 0 1
    outer loop
      vertex -10.9323 2.17333 10
      vertex -12.6794 8.69333 10
      vertex -11.211 2.07873 10
    endloop
  endfacet
  facet normal -0 0 1
    outer loop
      vertex -13.7942 8.31492 10
      vertex -11.211 2.07873 10
      vertex -12.6794 8.69333 10
    endloop
  endfacet
  facet normal 0 0 1
    outer loop
      vertex -11.211 2.07873 10
      vertex -13.7942 8.31492 10
      vertex -11.475 1.94856 10
    endloop
  endfacet
  facet normal -0 0 1
    outer loop
      vertex -14.85 7.79423 10
      vertex -11.475 1.94856 10
      vertex -13.7942 8.31492 10
    endloop
  endfacet
  facet normal 0 0 1
    outer loop
      vertex -11.475 1.94856 10
      vertex -14.85 7.79423 10
      vertex -11.7197 1.78504 10
    endloop
  endfacet
  facet normal -0 0 1
    outer loop
      vertex -15.8289 7.14018 10
      vertex -11.7197 1.78504 10
      vertex -14.85 7.79423 10
    endloop
  endfacet
  facet normal 0 0 1
    outer loop
      vertex -11.7197 1.78504 10
      vertex -15.8289 7.14018 10
      vertex -11.941 1.59099 10
    endloop
  endfacet
  facet normal -0 0 1
    outer loop
      vertex -16.714 6.36396 10
      vertex -11.941 1.59099 10
      vertex -15.8289 7.14018 10
    endloop
  endfacet
  facet normal -0 0 1
    outer loop
      vertex -17.4902 5.47885 10
      vertex -12.135 1.36971 10
      vertex -16.714 6.36396 10
    endloop
  endfacet
  facet normal 0 0 1
    outer loop
      vertex -11.941 1.59099 10
      vertex -16.714 6.36396 10
      vertex -12.135 1.36971 10
    endloop
  endfacet
  facet normal 0 0 1
    outer loop
      vertex -3.20982 -5.47885 10
      vertex -8.56495 -1.36971 10
      vertex -3.98604 -6.36396 10
    endloop
  endfacet
  facet normal -0 0 1
    outer loop
      vertex -8.75901 -1.59099 10
      vertex -3.98604 -6.36396 10
      vertex -8.56495 -1.36971 10
    endloop
  endfacet
  facet normal 0 0 1
    outer loop
      vertex -3.98604 -6.36396 10
      vertex -8.75901 -1.59099 10
      vertex -4.87115 -7.14018 10
    endloop
  endfacet
  facet normal -0 0 1
    outer loop
      vertex -8.98029 -1.78504 10
      vertex -4.87115 -7.14018 10
      vertex -8.75901 -1.59099 10
    endloop
  endfacet
  facet normal 0 0 1
    outer loop
      vertex -4.87115 -7.14018 10
      vertex -8.98029 -1.78504 10
      vertex -5.85 -7.79423 10
    endloop
  endfacet
  facet normal -0 0 1
    outer loop
      vertex -9.225 -1.94856 10
      vertex -5.85 -7.79423 10
      vertex -8.98029 -1.78504 10
    endloop
  endfacet
  facet normal 0 0 1
    outer loop
      vertex -5.85 -7.79423 10
      vertex -9.225 -1.94856 10
      vertex -6.90585 -8.31492 10
    endloop
  endfacet
  facet normal -0 0 1
    outer loop
      vertex -9.48896 -2.07873 10
      vertex -6.90585 -8.31492 10
      vertex -9.225 -1.94856 10
    endloop
  endfacet
  facet normal 0 0 1
    outer loop
      vertex -6.90585 -8.31492 10
      vertex -9.48896 -2.07873 10
      vertex -8.02063 -8.69333 10
    endloop
  endfacet
  facet normal -0 0 1
    outer loop
      vertex -9.76766 -2.17333 10
      vertex -8.02063 -8.69333 10
      vertex -9.48896 -2.07873 10
    endloop
  endfacet
  facet normal 0 0 1
    outer loop
      vertex -8.02063 -8.69333 10
      vertex -9.76766 -2.17333 10
      vertex -9.17526 -8.923 10
    endloop
  endfacet
  facet normal -0 0 1
    outer loop
      vertex -10.0563 -2.23075 10
      vertex -9.17526 -8.923 10
      vertex -9.76766 -2.17333 10
    endloop
  endfacet
  facet normal -0 0 1
    outer loop
      vertex -10.35 -2.25 10
      vertex -9.17526 -8.923 10
      vertex -10.0563 -2.23075 10
    endloop
  endfacet
  facet normal 0 0 1
    outer loop
      vertex -10.35 -2.25 10
      vertex -10.35 -9 10
      vertex -9.17526 -8.923 10
    endloop
  endfacet
  facet normal 0 0 1
    outer loop
      vertex -10.6437 -2.23075 10
      vertex -10.35 -9 10
      vertex -10.35 -2.25 10
    endloop
  endfacet
  facet normal 0 0 1
    outer loop
      vertex -11.5247 -8.923 10
      vertex -10.6437 -2.23075 10
      vertex -10.9323 -2.17333 10
    endloop
  endfacet
  facet normal 0 0 1
    outer loop
      vertex -12.6794 -8.69333 10
      vertex -10.9323 -2.17333 10
      vertex -11.211 -2.07873 10
    endloop
  endfacet
  facet normal 0 0 1
    outer loop
      vertex -13.7942 -8.31492 10
      vertex -11.211 -2.07873 10
      vertex -11.475 -1.94856 10
    endloop
  endfacet
  facet normal 0 0 1
    outer loop
      vertex -10.6437 -2.23075 10
      vertex -11.5247 -8.923 10
      vertex -10.35 -9 10
    endloop
  endfacet
  facet normal 0 0 1
    outer loop
      vertex -14.85 -7.79423 10
      vertex -11.475 -1.94856 10
      vertex -11.7197 -1.78504 10
    endloop
  endfacet
  facet normal 0 0 1
    outer loop
      vertex -15.8289 -7.14018 10
      vertex -11.7197 -1.78504 10
      vertex -11.941 -1.59099 10
    endloop
  endfacet
  facet normal 0 0 1
    outer loop
      vertex -16.714 -6.36396 10
      vertex -11.941 -1.59099 10
      vertex -12.135 -1.36971 10
    endloop
  endfacet
  facet normal 0 0 1
    outer loop
      vertex -17.4902 -5.47885 10
      vertex -12.135 -1.36971 10
      vertex -12.2986 -1.125 10
    endloop
  endfacet
  facet normal 0 0 1
    outer loop
      vertex -18.1442 -4.5 10
      vertex -12.2986 -1.125 10
      vertex -12.4287 -0.861037 10
    endloop
  endfacet
  facet normal 0 0 1
    outer loop
      vertex -18.6649 -3.44415 10
      vertex -12.4287 -0.861037 10
      vertex -12.5233 -0.582342 10
    endloop
  endfacet
  facet normal 0 0 1
    outer loop
      vertex -19.0433 -2.32937 10
      vertex -12.5233 -0.582342 10
      vertex -12.5808 -0.293683 10
    endloop
  endfacet
  facet normal 0 0 1
    outer loop
      vertex -10.9323 -2.17333 10
      vertex -12.6794 -8.69333 10
      vertex -11.5247 -8.923 10
    endloop
  endfacet
  facet normal 0 0 1
    outer loop
      vertex -19.273 -1.17474 10
      vertex -12.5808 -0.293683 10
      vertex -12.6 0 10
    endloop
  endfacet
  facet normal 0 0 1
    outer loop
      vertex -12.135 1.36971 10
      vertex -17.4902 5.47885 10
      vertex -12.2986 1.125 10
    endloop
  endfacet
  facet normal -0 0 1
    outer loop
      vertex -18.1442 4.5 10
      vertex -12.2986 1.125 10
      vertex -17.4902 5.47885 10
    endloop
  endfacet
  facet normal 0 0 1
    outer loop
      vertex -11.211 -2.07873 10
      vertex -13.7942 -8.31492 10
      vertex -12.6794 -8.69333 10
    endloop
  endfacet
  facet normal 0 0 1
    outer loop
      vertex -12.2986 1.125 10
      vertex -18.1442 4.5 10
      vertex -12.4287 0.861037 10
    endloop
  endfacet
  facet normal 0 0 1
    outer loop
      vertex -11.475 -1.94856 10
      vertex -14.85 -7.79423 10
      vertex -13.7942 -8.31492 10
    endloop
  endfacet
  facet normal -0 0 1
    outer loop
      vertex -18.6649 3.44415 10
      vertex -12.4287 0.861037 10
      vertex -18.1442 4.5 10
    endloop
  endfacet
  facet normal 0 0 1
    outer loop
      vertex -11.7197 -1.78504 10
      vertex -15.8289 -7.14018 10
      vertex -14.85 -7.79423 10
    endloop
  endfacet
  facet normal 0 0 1
    outer loop
      vertex -12.4287 0.861037 10
      vertex -18.6649 3.44415 10
      vertex -12.5233 0.582342 10
    endloop
  endfacet
  facet normal 0 0 1
    outer loop
      vertex -11.941 -1.59099 10
      vertex -16.714 -6.36396 10
      vertex -15.8289 -7.14018 10
    endloop
  endfacet
  facet normal -0 0 1
    outer loop
      vertex -19.0433 2.32937 10
      vertex -12.5233 0.582342 10
      vertex -18.6649 3.44415 10
    endloop
  endfacet
  facet normal 0 0 1
    outer loop
      vertex -12.135 -1.36971 10
      vertex -17.4902 -5.47885 10
      vertex -16.714 -6.36396 10
    endloop
  endfacet
  facet normal 0 0 1
    outer loop
      vertex -12.5233 0.582342 10
      vertex -19.0433 2.32937 10
      vertex -12.5808 0.293683 10
    endloop
  endfacet
  facet normal 0 0 1
    outer loop
      vertex -12.2986 -1.125 10
      vertex -18.1442 -4.5 10
      vertex -17.4902 -5.47885 10
    endloop
  endfacet
  facet normal -0 0 1
    outer loop
      vertex -19.273 1.17474 10
      vertex -12.5808 0.293683 10
      vertex -19.0433 2.32937 10
    endloop
  endfacet
  facet normal 0 0 1
    outer loop
      vertex -12.4287 -0.861037 10
      vertex -18.6649 -3.44415 10
      vertex -18.1442 -4.5 10
    endloop
  endfacet
  facet normal 0 0 1
    outer loop
      vertex -12.5808 0.293683 10
      vertex -19.273 1.17474 10
      vertex -12.6 0 10
    endloop
  endfacet
  facet normal 0 0 1
    outer loop
      vertex -12.5233 -0.582342 10
      vertex -19.0433 -2.32937 10
      vertex -18.6649 -3.44415 10
    endloop
  endfacet
  facet normal 0 0 1
    outer loop
      vertex -19.35 0 10
      vertex -12.6 0 10
      vertex -19.273 1.17474 10
    endloop
  endfacet
  facet normal 0 0 1
    outer loop
      vertex -12.5808 -0.293683 10
      vertex -19.273 -1.17474 10
      vertex -19.0433 -2.32937 10
    endloop
  endfacet
  facet normal 0 0 1
    outer loop
      vertex -12.6 0 10
      vertex -19.35 0 10
      vertex -19.273 -1.17474 10
    endloop
  endfacet
  facet normal -0.896869 0.442297 0
    outer loop
      vertex -18.6649 3.44415 3
      vertex -18.1442 4.5 10
      vertex -18.1442 4.5 3
    endloop
  endfacet
  facet normal -0.896869 0.442297 0
    outer loop
      vertex -18.1442 4.5 10
      vertex -18.6649 3.44415 3
      vertex -18.6649 3.44415 10
    endloop
  endfacet
  facet normal -0.195014 0.9808 0
    outer loop
      vertex -11.5675 8.91449 8.27575
      vertex -11.5247 8.923 10
      vertex -11.5247 8.923 8.28671
    endloop
  endfacet
  facet normal -0.195062 0.980791 1.2229e-06
    outer loop
      vertex -11.7642 8.87537 8.20301
      vertex -11.5247 8.923 10
      vertex -11.5675 8.91449 8.27575
    endloop
  endfacet
  facet normal -0.195079 0.980788 3.5942e-06
    outer loop
      vertex -11.5247 8.923 10
      vertex -11.7642 8.87537 8.20301
      vertex -12.6794 8.69333 10
    endloop
  endfacet
  facet normal -0.195079 0.980788 3.48131e-06
    outer loop
      vertex -11.9367 8.84106 8.11444
      vertex -12.6794 8.69333 10
      vertex -11.7642 8.87537 8.20301
    endloop
  endfacet
  facet normal -0.19503 0.980797 2.37387e-05
    outer loop
      vertex -12.0821 8.81215 8.01156
      vertex -12.6794 8.69333 10
      vertex -11.9367 8.84106 8.11444
    endloop
  endfacet
  facet normal -0.19513 0.980777 -7.78038e-06
    outer loop
      vertex -12.1978 8.78913 7.89613
      vertex -12.6794 8.69333 10
      vertex -12.0821 8.81215 8.01156
    endloop
  endfacet
  facet normal -0.195105 0.980782 -1.6015e-06
    outer loop
      vertex -12.2819 8.7724 7.77013
      vertex -12.6794 8.69333 10
      vertex -12.1978 8.78913 7.89613
    endloop
  endfacet
  facet normal -0.195161 0.980771 -1.20576e-05
    outer loop
      vertex -12.3329 8.76225 7.63571
      vertex -12.6794 8.69333 10
      vertex -12.2819 8.7724 7.77013
    endloop
  endfacet
  facet normal -0.195051 0.980793 4.75395e-06
    outer loop
      vertex -12.35 8.75885 7.49517
      vertex -12.6794 8.69333 10
      vertex -12.3329 8.76225 7.63571
    endloop
  endfacet
  facet normal -0.195085 0.980786 0
    outer loop
      vertex -12.6794 8.69333 3
      vertex -12.35 8.75885 7.49517
      vertex -12.35 8.75885 3
    endloop
  endfacet
  facet normal -0.195085 0.980786 0
    outer loop
      vertex -12.35 8.75885 7.49517
      vertex -12.6794 8.69333 3
      vertex -12.6794 8.69333 10
    endloop
  endfacet
  facet normal -0.65935 0.751836 0
    outer loop
      vertex -15.8289 7.14018 3
      vertex -16.714 6.36396 10
      vertex -15.8289 7.14018 10
    endloop
  endfacet
  facet normal -0.65935 0.751836 0
    outer loop
      vertex -16.714 6.36396 10
      vertex -15.8289 7.14018 3
      vertex -16.714 6.36396 3
    endloop
  endfacet
  facet normal -0.751848 0.659336 0
    outer loop
      vertex -17.4902 5.47885 3
      vertex -16.714 6.36396 10
      vertex -16.714 6.36396 3
    endloop
  endfacet
  facet normal -0.751848 0.659336 0
    outer loop
      vertex -16.714 6.36396 10
      vertex -17.4902 5.47885 3
      vertex -17.4902 5.47885 10
    endloop
  endfacet
  facet normal 0.997859 -0.0654061 0
    outer loop
      vertex -1.427 -1.17474 10
      vertex -1.35 0 3
      vertex -1.35 0 10
    endloop
  endfacet
  facet normal 0.997859 -0.0654061 0
    outer loop
      vertex -1.35 0 3
      vertex -1.427 -1.17474 10
      vertex -1.427 -1.17474 3
    endloop
  endfacet
  facet normal 0.831468 -0.555572 0
    outer loop
      vertex -3.20982 -5.47885 10
      vertex -2.55577 -4.5 3
      vertex -2.55577 -4.5 10
    endloop
  endfacet
  facet normal 0.831468 -0.555572 0
    outer loop
      vertex -2.55577 -4.5 3
      vertex -3.20982 -5.47885 10
      vertex -3.20982 -5.47885 3
    endloop
  endfacet
  facet normal 0.0653902 -0.99786 0
    outer loop
      vertex -10.0889 -8.98289 8.45455
      vertex -10.35 -9 10
      vertex -10.35 -9 8.45455
    endloop
  endfacet
  facet normal 0.0654248 -0.997858 5.86746e-06
    outer loop
      vertex -9.83236 -8.96607 8.43588
      vertex -10.35 -9 10
      vertex -10.0889 -8.98289 8.45455
    endloop
  endfacet
  facet normal 0.0654061 -0.997859 -3.52019e-07
    outer loop
      vertex -10.35 -9 10
      vertex -9.83236 -8.96607 8.43588
      vertex -9.17526 -8.923 10
    endloop
  endfacet
  facet normal 0.0654143 -0.997858 -3.8114e-06
    outer loop
      vertex -9.58463 -8.94983 8.39887
      vertex -9.17526 -8.923 10
      vertex -9.83236 -8.96607 8.43588
    endloop
  endfacet
  facet normal 0.0653691 -0.997861 7.7858e-06
    outer loop
      vertex -9.35 -8.93446 8.34414
      vertex -9.17526 -8.923 10
      vertex -9.58463 -8.94983 8.39887
    endloop
  endfacet
  facet normal 0.0654426 -0.997856 0
    outer loop
      vertex -9.17526 -8.923 10
      vertex -9.35 -8.93446 8.34414
      vertex -9.17526 -8.923 8.28671
    endloop
  endfacet
  facet normal -0.98078 -0.195115 0
    outer loop
      vertex -19.0433 -2.32937 3
      vertex -19.273 -1.17474 10
      vertex -19.273 -1.17474 3
    endloop
  endfacet
  facet normal -0.98078 -0.195115 0
    outer loop
      vertex -19.273 -1.17474 10
      vertex -19.0433 -2.32937 3
      vertex -19.0433 -2.32937 10
    endloop
  endfacet
  facet normal -0.751848 -0.659336 0
    outer loop
      vertex -16.714 -6.36396 3
      vertex -17.4902 -5.47885 10
      vertex -17.4902 -5.47885 3
    endloop
  endfacet
  facet normal -0.751848 -0.659336 0
    outer loop
      vertex -17.4902 -5.47885 10
      vertex -16.714 -6.36396 3
      vertex -16.714 -6.36396 10
    endloop
  endfacet
  facet normal 0.195102 -0.980783 0
    outer loop
      vertex -9.13248 -8.91449 8.27575
      vertex -9.17526 -8.923 10
      vertex -9.17526 -8.923 8.28671
    endloop
  endfacet
  facet normal 0.19507 -0.980789 -8.12287e-07
    outer loop
      vertex -8.93579 -8.87537 8.20301
      vertex -9.17526 -8.923 10
      vertex -9.13248 -8.91449 8.27575
    endloop
  endfacet
  facet normal 0.19509 -0.980785 1.91349e-06
    outer loop
      vertex -9.17526 -8.923 10
      vertex -8.93579 -8.87537 8.20301
      vertex -8.02063 -8.69333 10
    endloop
  endfacet
  facet normal 0.195081 -0.980787 6.92356e-06
    outer loop
      vertex -8.76329 -8.84106 8.11444
      vertex -8.02063 -8.69333 10
      vertex -8.93579 -8.87537 8.20301
    endloop
  endfacet
  facet normal 0.195092 -0.980785 2.17621e-06
    outer loop
      vertex -8.61795 -8.81215 8.01156
      vertex -8.02063 -8.69333 10
      vertex -8.76329 -8.84106 8.11444
    endloop
  endfacet
  facet normal 0.195117 -0.98078 -5.39275e-06
    outer loop
      vertex -8.50224 -8.78913 7.89613
      vertex -8.02063 -8.69333 10
      vertex -8.61795 -8.81215 8.01156
    endloop
  endfacet
  facet normal 0.19512 -0.980779 -6.24676e-06
    outer loop
      vertex -8.41815 -8.7724 7.77013
      vertex -8.02063 -8.69333 10
      vertex -8.50224 -8.78913 7.89613
    endloop
  endfacet
  facet normal 0.195058 -0.980792 5.30604e-06
    outer loop
      vertex -8.36711 -8.76225 7.63571
      vertex -8.02063 -8.69333 10
      vertex -8.41815 -8.7724 7.77013
    endloop
  endfacet
  facet normal 0.195007 -0.980802 1.30836e-05
    outer loop
      vertex -8.35 -8.75885 7.49517
      vertex -8.02063 -8.69333 10
      vertex -8.36711 -8.76225 7.63571
    endloop
  endfacet
  facet normal 0.195102 -0.980783 0
    outer loop
      vertex -8.02063 -8.69333 3
      vertex -8.35 -8.75885 7.49517
      vertex -8.35 -8.75885 3
    endloop
  endfacet
  facet normal 0.195102 -0.980783 0
    outer loop
      vertex -8.35 -8.75885 7.49517
      vertex -8.02063 -8.69333 3
      vertex -8.02063 -8.69333 10
    endloop
  endfacet
  facet normal 0.896872 0.44229 0
    outer loop
      vertex -2.03508 3.44415 10
      vertex -2.55577 4.5 3
      vertex -2.55577 4.5 10
    endloop
  endfacet
  facet normal 0.896872 0.44229 0
    outer loop
      vertex -2.55577 4.5 3
      vertex -2.03508 3.44415 10
      vertex -2.03508 3.44415 3
    endloop
  endfacet
  facet normal 0.946932 0.321434 0
    outer loop
      vertex -1.65667 2.32937 10
      vertex -2.03508 3.44415 3
      vertex -2.03508 3.44415 10
    endloop
  endfacet
  facet normal 0.946932 0.321434 0
    outer loop
      vertex -2.03508 3.44415 3
      vertex -1.65667 2.32937 10
      vertex -1.65667 2.32937 3
    endloop
  endfacet
  facet normal 0.980785 0.19509 0
    outer loop
      vertex -1.427 1.17474 10
      vertex -1.65667 2.32937 3
      vertex -1.65667 2.32937 10
    endloop
  endfacet
  facet normal 0.980785 0.19509 0
    outer loop
      vertex -1.65667 2.32937 3
      vertex -1.427 1.17474 10
      vertex -1.427 1.17474 3
    endloop
  endfacet
  facet normal -0.997859 -0.0654061 0
    outer loop
      vertex -19.273 -1.17474 3
      vertex -19.35 0 10
      vertex -19.35 0 3
    endloop
  endfacet
  facet normal -0.997859 -0.0654061 0
    outer loop
      vertex -19.35 0 10
      vertex -19.273 -1.17474 3
      vertex -19.273 -1.17474 10
    endloop
  endfacet
  facet normal 0.896872 -0.44229 0
    outer loop
      vertex -2.55577 -4.5 10
      vertex -2.03508 -3.44415 3
      vertex -2.03508 -3.44415 10
    endloop
  endfacet
  facet normal 0.896872 -0.44229 0
    outer loop
      vertex -2.03508 -3.44415 3
      vertex -2.55577 -4.5 10
      vertex -2.55577 -4.5 3
    endloop
  endfacet
  facet normal 0.946932 -0.321434 0
    outer loop
      vertex -2.03508 -3.44415 10
      vertex -1.65667 -2.32937 3
      vertex -1.65667 -2.32937 10
    endloop
  endfacet
  facet normal 0.946932 -0.321434 0
    outer loop
      vertex -1.65667 -2.32937 3
      vertex -2.03508 -3.44415 10
      vertex -2.03508 -3.44415 3
    endloop
  endfacet
  facet normal 0.75184 -0.659346 0
    outer loop
      vertex -3.98604 -6.36396 10
      vertex -3.20982 -5.47885 3
      vertex -3.20982 -5.47885 10
    endloop
  endfacet
  facet normal 0.75184 -0.659346 0
    outer loop
      vertex -3.20982 -5.47885 3
      vertex -3.98604 -6.36396 10
      vertex -3.98604 -6.36396 3
    endloop
  endfacet
  facet normal -0.896869 -0.442297 0
    outer loop
      vertex -18.1442 -4.5 3
      vertex -18.6649 -3.44415 10
      vertex -18.6649 -3.44415 3
    endloop
  endfacet
  facet normal -0.896869 -0.442297 0
    outer loop
      vertex -18.6649 -3.44415 10
      vertex -18.1442 -4.5 3
      vertex -18.1442 -4.5 10
    endloop
  endfacet
  facet normal -0.946934 -0.321427 0
    outer loop
      vertex -18.6649 -3.44415 3
      vertex -19.0433 -2.32937 10
      vertex -19.0433 -2.32937 3
    endloop
  endfacet
  facet normal -0.946934 -0.321427 0
    outer loop
      vertex -19.0433 -2.32937 10
      vertex -18.6649 -3.44415 3
      vertex -18.6649 -3.44415 10
    endloop
  endfacet
  facet normal -0.65935 -0.751836 0
    outer loop
      vertex -16.714 -6.36396 3
      vertex -15.8289 -7.14018 10
      vertex -16.714 -6.36396 10
    endloop
  endfacet
  facet normal -0.65935 -0.751836 -0
    outer loop
      vertex -15.8289 -7.14018 10
      vertex -16.714 -6.36396 3
      vertex -15.8289 -7.14018 3
    endloop
  endfacet
  facet normal 0.44229 -0.896872 0
    outer loop
      vertex -6.90585 -8.31492 3
      vertex -5.85 -7.79423 10
      vertex -6.90585 -8.31492 10
    endloop
  endfacet
  facet normal 0.44229 -0.896872 0
    outer loop
      vertex -5.85 -7.79423 10
      vertex -6.90585 -8.31492 3
      vertex -5.85 -7.79423 3
    endloop
  endfacet
  facet normal 0.321434 -0.946932 0
    outer loop
      vertex -8.02063 -8.69333 3
      vertex -6.90585 -8.31492 10
      vertex -8.02063 -8.69333 10
    endloop
  endfacet
  facet normal 0.321434 -0.946932 0
    outer loop
      vertex -6.90585 -8.31492 10
      vertex -8.02063 -8.69333 3
      vertex -6.90585 -8.31492 3
    endloop
  endfacet
  facet normal 0.659346 -0.75184 0
    outer loop
      vertex -4.87115 -7.14018 3
      vertex -3.98604 -6.36396 10
      vertex -4.87115 -7.14018 10
    endloop
  endfacet
  facet normal 0.659346 -0.75184 0
    outer loop
      vertex -3.98604 -6.36396 10
      vertex -4.87115 -7.14018 3
      vertex -3.98604 -6.36396 3
    endloop
  endfacet
  facet normal -0.321429 -0.946934 0
    outer loop
      vertex -13.7942 -8.31492 3
      vertex -12.6794 -8.69333 10
      vertex -13.7942 -8.31492 10
    endloop
  endfacet
  facet normal -0.321429 -0.946934 -0
    outer loop
      vertex -12.6794 -8.69333 10
      vertex -13.7942 -8.31492 3
      vertex -12.6794 -8.69333 3
    endloop
  endfacet
  facet normal -0.0654083 -0.997859 -1.28767e-06
    outer loop
      vertex -10.8676 -8.96607 8.43588
      vertex -10.35 -9 10
      vertex -11.5247 -8.923 10
    endloop
  endfacet
  facet normal -0.0654351 -0.997857 7.61263e-06
    outer loop
      vertex -10.35 -9 10
      vertex -10.8676 -8.96607 8.43588
      vertex -10.6111 -8.98289 8.45455
    endloop
  endfacet
  facet normal -0.065397 -0.997859 3.49329e-06
    outer loop
      vertex -11.5247 -8.923 10
      vertex -11.1154 -8.94983 8.39887
      vertex -10.8676 -8.96607 8.43588
    endloop
  endfacet
  facet normal -0.0653776 -0.997861 8.46622e-06
    outer loop
      vertex -11.5247 -8.923 10
      vertex -11.35 -8.93446 8.34414
      vertex -11.1154 -8.94983 8.39887
    endloop
  endfacet
  facet normal -0.0654575 -0.997855 0
    outer loop
      vertex -11.35 -8.93446 8.34414
      vertex -11.5247 -8.923 10
      vertex -11.5247 -8.923 8.28671
    endloop
  endfacet
  facet normal -0.0653902 -0.99786 -0
    outer loop
      vertex -10.35 -9 10
      vertex -10.6111 -8.98289 8.45455
      vertex -10.35 -9 8.45455
    endloop
  endfacet
  facet normal -0.442307 -0.896864 0
    outer loop
      vertex -14.85 -7.79423 3
      vertex -13.7942 -8.31492 10
      vertex -14.85 -7.79423 10
    endloop
  endfacet
  facet normal -0.442307 -0.896864 -0
    outer loop
      vertex -13.7942 -8.31492 10
      vertex -14.85 -7.79423 3
      vertex -13.7942 -8.31492 3
    endloop
  endfacet
  facet normal -0.195079 -0.980788 3.5942e-06
    outer loop
      vertex -11.7642 -8.87537 8.20301
      vertex -11.5247 -8.923 10
      vertex -12.6794 -8.69333 10
    endloop
  endfacet
  facet normal -0.195014 -0.9808 -0
    outer loop
      vertex -11.5247 -8.923 10
      vertex -11.5675 -8.91449 8.27575
      vertex -11.5247 -8.923 8.28671
    endloop
  endfacet
  facet normal -0.195062 -0.980791 1.2229e-06
    outer loop
      vertex -11.5247 -8.923 10
      vertex -11.7642 -8.87537 8.20301
      vertex -11.5675 -8.91449 8.27575
    endloop
  endfacet
  facet normal -0.195079 -0.980788 3.48131e-06
    outer loop
      vertex -12.6794 -8.69333 10
      vertex -11.9367 -8.84106 8.11444
      vertex -11.7642 -8.87537 8.20301
    endloop
  endfacet
  facet normal -0.19503 -0.980797 2.37387e-05
    outer loop
      vertex -12.6794 -8.69333 10
      vertex -12.0821 -8.81215 8.01156
      vertex -11.9367 -8.84106 8.11444
    endloop
  endfacet
  facet normal -0.19513 -0.980777 -7.78038e-06
    outer loop
      vertex -12.6794 -8.69333 10
      vertex -12.1978 -8.78913 7.89613
      vertex -12.0821 -8.81215 8.01156
    endloop
  endfacet
  facet normal -0.195105 -0.980782 -1.6015e-06
    outer loop
      vertex -12.6794 -8.69333 10
      vertex -12.2819 -8.7724 7.77013
      vertex -12.1978 -8.78913 7.89613
    endloop
  endfacet
  facet normal -0.195161 -0.980771 -1.20576e-05
    outer loop
      vertex -12.6794 -8.69333 10
      vertex -12.3329 -8.76225 7.63571
      vertex -12.2819 -8.7724 7.77013
    endloop
  endfacet
  facet normal -0.195051 -0.980793 4.75395e-06
    outer loop
      vertex -12.6794 -8.69333 10
      vertex -12.35 -8.75885 7.49517
      vertex -12.3329 -8.76225 7.63571
    endloop
  endfacet
  facet normal -0.195085 -0.980786 0
    outer loop
      vertex -12.6794 -8.69333 3
      vertex -12.35 -8.75885 7.49517
      vertex -12.6794 -8.69333 10
    endloop
  endfacet
  facet normal -0.195085 -0.980786 -0
    outer loop
      vertex -12.35 -8.75885 7.49517
      vertex -12.6794 -8.69333 3
      vertex -12.35 -8.75885 3
    endloop
  endfacet
  facet normal 0.99785 0.0655331 0
    outer loop
      vertex -15.735 -18.4784 3
      vertex -15.75 -18.25 0
      vertex -15.75 -18.25 3
    endloop
  endfacet
  facet normal 0.99785 0.0655331 0
    outer loop
      vertex -15.75 -18.25 0
      vertex -15.735 -18.4784 3
      vertex -15.735 -18.4784 0
    endloop
  endfacet
  facet normal 1 -0 0
    outer loop
      vertex -15.75 -18.25 3
      vertex -15.75 -16.25 0
      vertex -15.75 -16.25 3
    endloop
  endfacet
  facet normal 1 0 0
    outer loop
      vertex -15.75 -16.25 0
      vertex -15.75 -18.25 3
      vertex -15.75 -18.25 0
    endloop
  endfacet
  facet normal -0.321464 0.946922 0
    outer loop
      vertex -13.3303 -19.8668 0
      vertex -13.5471 -19.9404 3
      vertex -13.3303 -19.8668 3
    endloop
  endfacet
  facet normal -0.321464 0.946922 0
    outer loop
      vertex -13.5471 -19.9404 3
      vertex -13.3303 -19.8668 0
      vertex -13.5471 -19.9404 0
    endloop
  endfacet
  facet normal 0.980832 0.194856 0
    outer loop
      vertex -15.6904 -18.7029 3
      vertex -15.735 -18.4784 0
      vertex -15.735 -18.4784 3
    endloop
  endfacet
  facet normal 0.980832 0.194856 0
    outer loop
      vertex -15.735 -18.4784 0
      vertex -15.6904 -18.7029 3
      vertex -15.6904 -18.7029 0
    endloop
  endfacet
  facet normal -0.896774 0.44249 0
    outer loop
      vertex -12.4845 -19.125 0
      vertex -12.3832 -18.9197 3
      vertex -12.3832 -18.9197 0
    endloop
  endfacet
  facet normal -0.896774 0.44249 0
    outer loop
      vertex -12.3832 -18.9197 3
      vertex -12.4845 -19.125 0
      vertex -12.4845 -19.125 3
    endloop
  endfacet
  facet normal -1 0 0
    outer loop
      vertex -12.25 -16.25 0
      vertex -12.25 -17.6115 3
      vertex -12.25 -16.25 3.74262
    endloop
  endfacet
  facet normal -1 0 0
    outer loop
      vertex -12.25 -18.25 0
      vertex -12.25 -17.6115 3
      vertex -12.25 -16.25 0
    endloop
  endfacet
  facet normal -1 -0 0
    outer loop
      vertex -12.25 -17.6115 3
      vertex -12.25 -18.25 0
      vertex -12.25 -18.25 3
    endloop
  endfacet
  facet normal 0.0655331 -0.99785 0
    outer loop
      vertex -14.2284 -14.515 0
      vertex -14 -14.5 3
      vertex -14.2284 -14.515 3
    endloop
  endfacet
  facet normal 0.0655331 -0.99785 0
    outer loop
      vertex -14 -14.5 3
      vertex -14.2284 -14.515 0
      vertex -14 -14.5 0
    endloop
  endfacet
  facet normal -0.896774 -0.44249 0
    outer loop
      vertex -12.3832 -15.5803 0
      vertex -12.4845 -15.375 3
      vertex -12.4845 -15.375 0
    endloop
  endfacet
  facet normal -0.896774 -0.44249 0
    outer loop
      vertex -12.4845 -15.375 3
      vertex -12.3832 -15.5803 0
      vertex -12.3832 -15.5803 3
    endloop
  endfacet
  facet normal -0.99785 0.0655331 0
    outer loop
      vertex -12.265 -18.4784 0
      vertex -12.25 -18.25 3
      vertex -12.25 -18.25 0
    endloop
  endfacet
  facet normal -0.99785 0.0655331 0
    outer loop
      vertex -12.25 -18.25 3
      vertex -12.265 -18.4784 0
      vertex -12.265 -18.4784 3
    endloop
  endfacet
  facet normal -0.555406 0.831579 0
    outer loop
      vertex -12.9347 -19.6384 0
      vertex -13.125 -19.7655 3
      vertex -12.9347 -19.6384 3
    endloop
  endfacet
  facet normal -0.555406 0.831579 0
    outer loop
      vertex -13.125 -19.7655 3
      vertex -12.9347 -19.6384 0
      vertex -13.125 -19.7655 0
    endloop
  endfacet
  facet normal -0.831579 0.555406 0
    outer loop
      vertex -12.6116 -19.3153 0
      vertex -12.4845 -19.125 3
      vertex -12.4845 -19.125 0
    endloop
  endfacet
  facet normal -0.831579 0.555406 0
    outer loop
      vertex -12.4845 -19.125 3
      vertex -12.6116 -19.3153 0
      vertex -12.6116 -19.3153 3
    endloop
  endfacet
  facet normal -0.0655331 0.99785 0
    outer loop
      vertex -13.7716 -19.985 0
      vertex -14 -20 3
      vertex -13.7716 -19.985 3
    endloop
  endfacet
  facet normal -0.0655331 0.99785 0
    outer loop
      vertex -14 -20 3
      vertex -13.7716 -19.985 0
      vertex -14 -20 0
    endloop
  endfacet
  facet normal 0.321464 0.946922 -0
    outer loop
      vertex -14.4529 -19.9404 0
      vertex -14.6697 -19.8668 3
      vertex -14.4529 -19.9404 3
    endloop
  endfacet
  facet normal 0.321464 0.946922 0
    outer loop
      vertex -14.6697 -19.8668 3
      vertex -14.4529 -19.9404 0
      vertex -14.6697 -19.8668 0
    endloop
  endfacet
  facet normal 0.896774 0.44249 0
    outer loop
      vertex -15.5155 -19.125 3
      vertex -15.6168 -18.9197 0
      vertex -15.6168 -18.9197 3
    endloop
  endfacet
  facet normal 0.896774 0.44249 0
    outer loop
      vertex -15.6168 -18.9197 0
      vertex -15.5155 -19.125 3
      vertex -15.5155 -19.125 0
    endloop
  endfacet
  facet normal 0.99785 -0.0655331 0
    outer loop
      vertex -15.75 -16.25 3
      vertex -15.735 -16.0216 0
      vertex -15.735 -16.0216 3
    endloop
  endfacet
  facet normal 0.99785 -0.0655331 0
    outer loop
      vertex -15.735 -16.0216 0
      vertex -15.75 -16.25 3
      vertex -15.75 -16.25 0
    endloop
  endfacet
  facet normal 0.555406 -0.831579 0
    outer loop
      vertex -15.0653 -14.8616 0
      vertex -14.875 -14.7345 3
      vertex -15.0653 -14.8616 3
    endloop
  endfacet
  facet normal 0.555406 -0.831579 0
    outer loop
      vertex -14.875 -14.7345 3
      vertex -15.0653 -14.8616 0
      vertex -14.875 -14.7345 0
    endloop
  endfacet
  facet normal 0.896774 -0.44249 0
    outer loop
      vertex -15.6168 -15.5803 3
      vertex -15.5155 -15.375 0
      vertex -15.5155 -15.375 3
    endloop
  endfacet
  facet normal 0.896774 -0.44249 0
    outer loop
      vertex -15.5155 -15.375 0
      vertex -15.6168 -15.5803 3
      vertex -15.6168 -15.5803 0
    endloop
  endfacet
  facet normal -0.44249 -0.896774 0
    outer loop
      vertex -13.3303 -14.6332 0
      vertex -13.125 -14.7345 3
      vertex -13.3303 -14.6332 3
    endloop
  endfacet
  facet normal -0.44249 -0.896774 -0
    outer loop
      vertex -13.125 -14.7345 3
      vertex -13.3303 -14.6332 0
      vertex -13.125 -14.7345 0
    endloop
  endfacet
  facet normal -0.99785 -0.0655331 -0
    outer loop
      vertex -12.25 -16.25 3.74262
      vertex -12.265 -16.0216 0
      vertex -12.25 -16.25 0
    endloop
  endfacet
  facet normal -0.99785 -0.0655331 0
    outer loop
      vertex -12.265 -16.0216 0
      vertex -12.25 -16.25 3.74262
      vertex -12.265 -16.0216 3.84316
    endloop
  endfacet
  facet normal -0.946922 0.321464 0
    outer loop
      vertex -12.3832 -18.9197 0
      vertex -12.3096 -18.7029 3
      vertex -12.3096 -18.7029 0
    endloop
  endfacet
  facet normal -0.946922 0.321464 0
    outer loop
      vertex -12.3096 -18.7029 3
      vertex -12.3832 -18.9197 0
      vertex -12.3832 -18.9197 3
    endloop
  endfacet
  facet normal -0.194856 0.980832 0
    outer loop
      vertex -13.5471 -19.9404 0
      vertex -13.7716 -19.985 3
      vertex -13.5471 -19.9404 3
    endloop
  endfacet
  facet normal -0.194856 0.980832 0
    outer loop
      vertex -13.7716 -19.985 3
      vertex -13.5471 -19.9404 0
      vertex -13.7716 -19.985 0
    endloop
  endfacet
  facet normal 0.831579 0.555406 0
    outer loop
      vertex -15.3884 -19.3153 3
      vertex -15.5155 -19.125 0
      vertex -15.5155 -19.125 3
    endloop
  endfacet
  facet normal 0.831579 0.555406 0
    outer loop
      vertex -15.5155 -19.125 0
      vertex -15.3884 -19.3153 3
      vertex -15.3884 -19.3153 0
    endloop
  endfacet
  facet normal 0.751683 0.659524 0
    outer loop
      vertex -15.2374 -19.4874 3
      vertex -15.3884 -19.3153 0
      vertex -15.3884 -19.3153 3
    endloop
  endfacet
  facet normal 0.751683 0.659524 0
    outer loop
      vertex -15.3884 -19.3153 0
      vertex -15.2374 -19.4874 3
      vertex -15.2374 -19.4874 0
    endloop
  endfacet
  facet normal -0.44249 0.896774 0
    outer loop
      vertex -13.125 -19.7655 0
      vertex -13.3303 -19.8668 3
      vertex -13.125 -19.7655 3
    endloop
  endfacet
  facet normal -0.44249 0.896774 0
    outer loop
      vertex -13.3303 -19.8668 3
      vertex -13.125 -19.7655 0
      vertex -13.3303 -19.8668 0
    endloop
  endfacet
  facet normal 0.980832 -0.194856 0
    outer loop
      vertex -15.735 -16.0216 3
      vertex -15.6904 -15.7971 0
      vertex -15.6904 -15.7971 3
    endloop
  endfacet
  facet normal 0.980832 -0.194856 0
    outer loop
      vertex -15.6904 -15.7971 0
      vertex -15.735 -16.0216 3
      vertex -15.735 -16.0216 0
    endloop
  endfacet
  facet normal 0.946922 -0.321464 0
    outer loop
      vertex -15.6904 -15.7971 3
      vertex -15.6168 -15.5803 0
      vertex -15.6168 -15.5803 3
    endloop
  endfacet
  facet normal 0.946922 -0.321464 0
    outer loop
      vertex -15.6168 -15.5803 0
      vertex -15.6904 -15.7971 3
      vertex -15.6904 -15.7971 0
    endloop
  endfacet
  facet normal 0.44249 -0.896774 0
    outer loop
      vertex -14.875 -14.7345 0
      vertex -14.6697 -14.6332 3
      vertex -14.875 -14.7345 3
    endloop
  endfacet
  facet normal 0.44249 -0.896774 0
    outer loop
      vertex -14.6697 -14.6332 3
      vertex -14.875 -14.7345 0
      vertex -14.6697 -14.6332 0
    endloop
  endfacet
  facet normal 0.321464 -0.946922 0
    outer loop
      vertex -14.6697 -14.6332 0
      vertex -14.4529 -14.5596 3
      vertex -14.6697 -14.6332 3
    endloop
  endfacet
  facet normal 0.321464 -0.946922 0
    outer loop
      vertex -14.4529 -14.5596 3
      vertex -14.6697 -14.6332 0
      vertex -14.4529 -14.5596 0
    endloop
  endfacet
  facet normal 0.194856 -0.980832 0
    outer loop
      vertex -14.4529 -14.5596 0
      vertex -14.2284 -14.515 3
      vertex -14.4529 -14.5596 3
    endloop
  endfacet
  facet normal 0.194856 -0.980832 0
    outer loop
      vertex -14.2284 -14.515 3
      vertex -14.4529 -14.5596 0
      vertex -14.2284 -14.515 0
    endloop
  endfacet
  facet normal 0.751683 -0.659524 0
    outer loop
      vertex -15.3884 -15.1847 3
      vertex -15.2374 -15.0126 0
      vertex -15.2374 -15.0126 3
    endloop
  endfacet
  facet normal 0.751683 -0.659524 0
    outer loop
      vertex -15.2374 -15.0126 0
      vertex -15.3884 -15.1847 3
      vertex -15.3884 -15.1847 0
    endloop
  endfacet
  facet normal 0.659524 -0.751683 0
    outer loop
      vertex -15.2374 -15.0126 0
      vertex -15.0653 -14.8616 3
      vertex -15.2374 -15.0126 3
    endloop
  endfacet
  facet normal 0.659524 -0.751683 0
    outer loop
      vertex -15.0653 -14.8616 3
      vertex -15.2374 -15.0126 0
      vertex -15.0653 -14.8616 0
    endloop
  endfacet
  facet normal 0.831579 -0.555406 0
    outer loop
      vertex -15.5155 -15.375 3
      vertex -15.3884 -15.1847 0
      vertex -15.3884 -15.1847 3
    endloop
  endfacet
  facet normal 0.831579 -0.555406 0
    outer loop
      vertex -15.3884 -15.1847 0
      vertex -15.5155 -15.375 3
      vertex -15.5155 -15.375 0
    endloop
  endfacet
  facet normal -0.0655331 -0.99785 0
    outer loop
      vertex -14 -14.5 0
      vertex -13.7716 -14.515 3
      vertex -14 -14.5 3
    endloop
  endfacet
  facet normal -0.0655331 -0.99785 -0
    outer loop
      vertex -13.7716 -14.515 3
      vertex -14 -14.5 0
      vertex -13.7716 -14.515 0
    endloop
  endfacet
  facet normal -0.194856 -0.980832 0
    outer loop
      vertex -13.7716 -14.515 0
      vertex -13.5471 -14.5596 3
      vertex -13.7716 -14.515 3
    endloop
  endfacet
  facet normal -0.194856 -0.980832 -0
    outer loop
      vertex -13.5471 -14.5596 3
      vertex -13.7716 -14.515 0
      vertex -13.5471 -14.5596 0
    endloop
  endfacet
  facet normal -0.321464 -0.946922 0
    outer loop
      vertex -13.5471 -14.5596 0
      vertex -13.3303 -14.6332 3
      vertex -13.5471 -14.5596 3
    endloop
  endfacet
  facet normal -0.321464 -0.946922 -0
    outer loop
      vertex -13.3303 -14.6332 3
      vertex -13.5471 -14.5596 0
      vertex -13.3303 -14.6332 0
    endloop
  endfacet
  facet normal -0.659524 -0.751683 0
    outer loop
      vertex -12.9347 -14.8616 0
      vertex -12.7626 -15.0126 3
      vertex -12.9347 -14.8616 3
    endloop
  endfacet
  facet normal -0.659524 -0.751683 -0
    outer loop
      vertex -12.7626 -15.0126 3
      vertex -12.9347 -14.8616 0
      vertex -12.7626 -15.0126 0
    endloop
  endfacet
  facet normal -0.831579 -0.555406 0
    outer loop
      vertex -12.4845 -15.375 0
      vertex -12.6116 -15.1847 3
      vertex -12.6116 -15.1847 0
    endloop
  endfacet
  facet normal -0.831579 -0.555406 0
    outer loop
      vertex -12.6116 -15.1847 3
      vertex -12.4845 -15.375 0
      vertex -12.4845 -15.375 3
    endloop
  endfacet
  facet normal -0.555406 -0.831579 0
    outer loop
      vertex -13.125 -14.7345 0
      vertex -12.9347 -14.8616 3
      vertex -13.125 -14.7345 3
    endloop
  endfacet
  facet normal -0.555406 -0.831579 -0
    outer loop
      vertex -12.9347 -14.8616 3
      vertex -13.125 -14.7345 0
      vertex -12.9347 -14.8616 0
    endloop
  endfacet
  facet normal -0.946926 -0.321451 0
    outer loop
      vertex -12.3832 -15.5803 0
      vertex -12.35 -15.6781 3
      vertex -12.3832 -15.5803 3
    endloop
  endfacet
  facet normal -0.946918 -0.321475 0
    outer loop
      vertex -12.3096 -15.7971 3.86232
      vertex -12.35 -15.6781 3.72101
      vertex -12.35 -15.6781 3
    endloop
  endfacet
  facet normal -0.946922 -0.321464 -4.6589e-07
    outer loop
      vertex -12.3096 -15.7971 0
      vertex -12.35 -15.6781 3
      vertex -12.3832 -15.5803 0
    endloop
  endfacet
  facet normal -0.946918 -0.321475 -0
    outer loop
      vertex -12.3096 -15.7971 3.86232
      vertex -12.35 -15.6781 3
      vertex -12.3096 -15.7971 0
    endloop
  endfacet
  facet normal -0.946852 -0.321669 -0.000182113
    outer loop
      vertex -12.35 -15.6781 3.72101
      vertex -12.3096 -15.7971 3.86232
      vertex -12.3329 -15.7285 3.83591
    endloop
  endfacet
  facet normal -0.751683 0.659524 0
    outer loop
      vertex -12.7626 -19.4874 0
      vertex -12.6116 -19.3153 3
      vertex -12.6116 -19.3153 0
    endloop
  endfacet
  facet normal -0.751683 0.659524 0
    outer loop
      vertex -12.6116 -19.3153 3
      vertex -12.7626 -19.4874 0
      vertex -12.7626 -19.4874 3
    endloop
  endfacet
  facet normal -0.659524 0.751683 0
    outer loop
      vertex -12.7626 -19.4874 0
      vertex -12.9347 -19.6384 3
      vertex -12.7626 -19.4874 3
    endloop
  endfacet
  facet normal -0.659524 0.751683 0
    outer loop
      vertex -12.9347 -19.6384 3
      vertex -12.7626 -19.4874 0
      vertex -12.9347 -19.6384 0
    endloop
  endfacet
  facet normal -0.980832 0.194856 0
    outer loop
      vertex -12.3096 -18.7029 0
      vertex -12.265 -18.4784 3
      vertex -12.265 -18.4784 0
    endloop
  endfacet
  facet normal -0.980832 0.194856 0
    outer loop
      vertex -12.265 -18.4784 3
      vertex -12.3096 -18.7029 0
      vertex -12.3096 -18.7029 3
    endloop
  endfacet
  facet normal 0.44249 0.896774 -0
    outer loop
      vertex -14.6697 -19.8668 0
      vertex -14.875 -19.7655 3
      vertex -14.6697 -19.8668 3
    endloop
  endfacet
  facet normal 0.44249 0.896774 0
    outer loop
      vertex -14.875 -19.7655 3
      vertex -14.6697 -19.8668 0
      vertex -14.875 -19.7655 0
    endloop
  endfacet
  facet normal 0.555406 0.831579 -0
    outer loop
      vertex -14.875 -19.7655 0
      vertex -15.0653 -19.6384 3
      vertex -14.875 -19.7655 3
    endloop
  endfacet
  facet normal 0.555406 0.831579 0
    outer loop
      vertex -15.0653 -19.6384 3
      vertex -14.875 -19.7655 0
      vertex -15.0653 -19.6384 0
    endloop
  endfacet
  facet normal 0.194856 0.980832 -0
    outer loop
      vertex -14.2284 -19.985 0
      vertex -14.4529 -19.9404 3
      vertex -14.2284 -19.985 3
    endloop
  endfacet
  facet normal 0.194856 0.980832 0
    outer loop
      vertex -14.4529 -19.9404 3
      vertex -14.2284 -19.985 0
      vertex -14.4529 -19.9404 0
    endloop
  endfacet
  facet normal 0.0655331 0.99785 -0
    outer loop
      vertex -14 -20 0
      vertex -14.2284 -19.985 3
      vertex -14 -20 3
    endloop
  endfacet
  facet normal 0.0655331 0.99785 0
    outer loop
      vertex -14.2284 -19.985 3
      vertex -14 -20 0
      vertex -14.2284 -19.985 0
    endloop
  endfacet
  facet normal 0.659524 0.751683 -0
    outer loop
      vertex -15.0653 -19.6384 0
      vertex -15.2374 -19.4874 3
      vertex -15.0653 -19.6384 3
    endloop
  endfacet
  facet normal 0.659524 0.751683 0
    outer loop
      vertex -15.2374 -19.4874 3
      vertex -15.0653 -19.6384 0
      vertex -15.2374 -19.4874 0
    endloop
  endfacet
  facet normal 0.946922 0.321464 0
    outer loop
      vertex -15.6168 -18.9197 3
      vertex -15.6904 -18.7029 0
      vertex -15.6904 -18.7029 3
    endloop
  endfacet
  facet normal 0.946922 0.321464 0
    outer loop
      vertex -15.6904 -18.7029 0
      vertex -15.6168 -18.9197 3
      vertex -15.6168 -18.9197 0
    endloop
  endfacet
  facet normal -0.751683 -0.659524 0
    outer loop
      vertex -12.6116 -15.1847 0
      vertex -12.7626 -15.0126 3
      vertex -12.7626 -15.0126 0
    endloop
  endfacet
  facet normal -0.751683 -0.659524 0
    outer loop
      vertex -12.7626 -15.0126 3
      vertex -12.6116 -15.1847 0
      vertex -12.6116 -15.1847 3
    endloop
  endfacet
  facet normal -0.980832 -0.194856 0
    outer loop
      vertex -12.265 -16.0216 3.84316
      vertex -12.3096 -15.7971 3.86232
      vertex -12.3096 -15.7971 0
    endloop
  endfacet
  facet normal -0.980832 -0.194856 -0
    outer loop
      vertex -12.265 -16.0216 3.84316
      vertex -12.3096 -15.7971 0
      vertex -12.265 -16.0216 0
    endloop
  endfacet
  facet normal -0.980873 -0.194629 -0.00275405
    outer loop
      vertex -12.3096 -15.7971 3.86232
      vertex -12.265 -16.0216 3.84316
      vertex -12.2819 -15.9367 3.86232
    endloop
  endfacet
  facet normal -0.0655331 -0.99785 0
    outer loop
      vertex -14 20 0
      vertex -13.7716 19.985 3
      vertex -14 20 3
    endloop
  endfacet
  facet normal -0.0655331 -0.99785 -0
    outer loop
      vertex -13.7716 19.985 3
      vertex -14 20 0
      vertex -13.7716 19.985 0
    endloop
  endfacet
  facet normal 0.831579 0.555406 0
    outer loop
      vertex -15.3884 15.1847 3
      vertex -15.5155 15.375 0
      vertex -15.5155 15.375 3
    endloop
  endfacet
  facet normal 0.831579 0.555406 0
    outer loop
      vertex -15.5155 15.375 0
      vertex -15.3884 15.1847 3
      vertex -15.3884 15.1847 0
    endloop
  endfacet
  facet normal -1 0 0
    outer loop
      vertex -12.25 18.25 0
      vertex -12.25 17.6115 3
      vertex -12.25 18.25 3
    endloop
  endfacet
  facet normal -1 0 0
    outer loop
      vertex -12.25 16.25 0
      vertex -12.25 17.6115 3
      vertex -12.25 18.25 0
    endloop
  endfacet
  facet normal -1 -0 0
    outer loop
      vertex -12.25 17.6115 3
      vertex -12.25 16.25 0
      vertex -12.25 16.25 3.74262
    endloop
  endfacet
  facet normal 0.44249 0.896774 -0
    outer loop
      vertex -14.6697 14.6332 0
      vertex -14.875 14.7345 3
      vertex -14.6697 14.6332 3
    endloop
  endfacet
  facet normal 0.44249 0.896774 0
    outer loop
      vertex -14.875 14.7345 3
      vertex -14.6697 14.6332 0
      vertex -14.875 14.7345 0
    endloop
  endfacet
  facet normal -0.751683 0.659524 0
    outer loop
      vertex -12.7626 15.0126 0
      vertex -12.6116 15.1847 3
      vertex -12.6116 15.1847 0
    endloop
  endfacet
  facet normal -0.751683 0.659524 0
    outer loop
      vertex -12.6116 15.1847 3
      vertex -12.7626 15.0126 0
      vertex -12.7626 15.0126 3
    endloop
  endfacet
  facet normal -0.44249 0.896774 0
    outer loop
      vertex -13.125 14.7345 0
      vertex -13.3303 14.6332 3
      vertex -13.125 14.7345 3
    endloop
  endfacet
  facet normal -0.44249 0.896774 0
    outer loop
      vertex -13.3303 14.6332 3
      vertex -13.125 14.7345 0
      vertex -13.3303 14.6332 0
    endloop
  endfacet
  facet normal -0.659524 0.751683 0
    outer loop
      vertex -12.7626 15.0126 0
      vertex -12.9347 14.8616 3
      vertex -12.7626 15.0126 3
    endloop
  endfacet
  facet normal -0.659524 0.751683 0
    outer loop
      vertex -12.9347 14.8616 3
      vertex -12.7626 15.0126 0
      vertex -12.9347 14.8616 0
    endloop
  endfacet
  facet normal 0.321464 0.946922 -0
    outer loop
      vertex -14.4529 14.5596 0
      vertex -14.6697 14.6332 3
      vertex -14.4529 14.5596 3
    endloop
  endfacet
  facet normal 0.321464 0.946922 0
    outer loop
      vertex -14.6697 14.6332 3
      vertex -14.4529 14.5596 0
      vertex -14.6697 14.6332 0
    endloop
  endfacet
  facet normal 0.659524 0.751683 -0
    outer loop
      vertex -15.0653 14.8616 0
      vertex -15.2374 15.0126 3
      vertex -15.0653 14.8616 3
    endloop
  endfacet
  facet normal 0.659524 0.751683 0
    outer loop
      vertex -15.2374 15.0126 3
      vertex -15.0653 14.8616 0
      vertex -15.2374 15.0126 0
    endloop
  endfacet
  facet normal -0.896774 -0.44249 0
    outer loop
      vertex -12.3832 18.9197 0
      vertex -12.4845 19.125 3
      vertex -12.4845 19.125 0
    endloop
  endfacet
  facet normal -0.896774 -0.44249 0
    outer loop
      vertex -12.4845 19.125 3
      vertex -12.3832 18.9197 0
      vertex -12.3832 18.9197 3
    endloop
  endfacet
  facet normal -0.99785 -0.0655331 0
    outer loop
      vertex -12.25 18.25 0
      vertex -12.265 18.4784 3
      vertex -12.265 18.4784 0
    endloop
  endfacet
  facet normal -0.99785 -0.0655331 0
    outer loop
      vertex -12.265 18.4784 3
      vertex -12.25 18.25 0
      vertex -12.25 18.25 3
    endloop
  endfacet
  facet normal -0.99785 0.0655331 0
    outer loop
      vertex -12.265 16.0216 0
      vertex -12.25 16.25 3.74262
      vertex -12.25 16.25 0
    endloop
  endfacet
  facet normal -0.99785 0.0655331 0
    outer loop
      vertex -12.25 16.25 3.74262
      vertex -12.265 16.0216 0
      vertex -12.265 16.0216 3.84316
    endloop
  endfacet
  facet normal -0.980832 0.194856 0
    outer loop
      vertex -12.3096 15.7971 0
      vertex -12.265 16.0216 3.84316
      vertex -12.265 16.0216 0
    endloop
  endfacet
  facet normal -0.980832 0.194856 0
    outer loop
      vertex -12.3096 15.7971 3.86232
      vertex -12.265 16.0216 3.84316
      vertex -12.3096 15.7971 0
    endloop
  endfacet
  facet normal -0.980873 0.194629 -0.00275405
    outer loop
      vertex -12.265 16.0216 3.84316
      vertex -12.3096 15.7971 3.86232
      vertex -12.2819 15.9367 3.86232
    endloop
  endfacet
  facet normal -0.831579 0.555406 0
    outer loop
      vertex -12.6116 15.1847 0
      vertex -12.4845 15.375 3
      vertex -12.4845 15.375 0
    endloop
  endfacet
  facet normal -0.831579 0.555406 0
    outer loop
      vertex -12.4845 15.375 3
      vertex -12.6116 15.1847 0
      vertex -12.6116 15.1847 3
    endloop
  endfacet
  facet normal 0.99785 0.0655331 0
    outer loop
      vertex -15.735 16.0216 3
      vertex -15.75 16.25 0
      vertex -15.75 16.25 3
    endloop
  endfacet
  facet normal 0.99785 0.0655331 0
    outer loop
      vertex -15.75 16.25 0
      vertex -15.735 16.0216 3
      vertex -15.735 16.0216 0
    endloop
  endfacet
  facet normal 0.751683 0.659524 0
    outer loop
      vertex -15.2374 15.0126 3
      vertex -15.3884 15.1847 0
      vertex -15.3884 15.1847 3
    endloop
  endfacet
  facet normal 0.751683 0.659524 0
    outer loop
      vertex -15.3884 15.1847 0
      vertex -15.2374 15.0126 3
      vertex -15.2374 15.0126 0
    endloop
  endfacet
  facet normal 0.555406 0.831579 -0
    outer loop
      vertex -14.875 14.7345 0
      vertex -15.0653 14.8616 3
      vertex -14.875 14.7345 3
    endloop
  endfacet
  facet normal 0.555406 0.831579 0
    outer loop
      vertex -15.0653 14.8616 3
      vertex -14.875 14.7345 0
      vertex -15.0653 14.8616 0
    endloop
  endfacet
  facet normal -0.946922 -0.321464 0
    outer loop
      vertex -12.3096 18.7029 0
      vertex -12.3832 18.9197 3
      vertex -12.3832 18.9197 0
    endloop
  endfacet
  facet normal -0.946922 -0.321464 0
    outer loop
      vertex -12.3832 18.9197 3
      vertex -12.3096 18.7029 0
      vertex -12.3096 18.7029 3
    endloop
  endfacet
  facet normal -0.980832 -0.194856 0
    outer loop
      vertex -12.265 18.4784 0
      vertex -12.3096 18.7029 3
      vertex -12.3096 18.7029 0
    endloop
  endfacet
  facet normal -0.980832 -0.194856 0
    outer loop
      vertex -12.3096 18.7029 3
      vertex -12.265 18.4784 0
      vertex -12.265 18.4784 3
    endloop
  endfacet
  facet normal -0.946918 0.321475 0
    outer loop
      vertex -12.35 15.6781 3
      vertex -12.3096 15.7971 3.86232
      vertex -12.3096 15.7971 0
    endloop
  endfacet
  facet normal -0.946918 0.321475 0
    outer loop
      vertex -12.35 15.6781 3.72101
      vertex -12.3096 15.7971 3.86232
      vertex -12.35 15.6781 3
    endloop
  endfacet
  facet normal -0.946922 0.321464 -4.6589e-07
    outer loop
      vertex -12.3832 15.5803 0
      vertex -12.35 15.6781 3
      vertex -12.3096 15.7971 0
    endloop
  endfacet
  facet normal -0.946926 0.321451 0
    outer loop
      vertex -12.35 15.6781 3
      vertex -12.3832 15.5803 0
      vertex -12.3832 15.5803 3
    endloop
  endfacet
  facet normal -0.946852 0.321669 -0.000182113
    outer loop
      vertex -12.3096 15.7971 3.86232
      vertex -12.35 15.6781 3.72101
      vertex -12.3329 15.7285 3.83591
    endloop
  endfacet
  facet normal -0.555406 0.831579 0
    outer loop
      vertex -12.9347 14.8616 0
      vertex -13.125 14.7345 3
      vertex -12.9347 14.8616 3
    endloop
  endfacet
  facet normal -0.555406 0.831579 0
    outer loop
      vertex -13.125 14.7345 3
      vertex -12.9347 14.8616 0
      vertex -13.125 14.7345 0
    endloop
  endfacet
  facet normal -0.194856 0.980832 0
    outer loop
      vertex -13.5471 14.5596 0
      vertex -13.7716 14.515 3
      vertex -13.5471 14.5596 3
    endloop
  endfacet
  facet normal -0.194856 0.980832 0
    outer loop
      vertex -13.7716 14.515 3
      vertex -13.5471 14.5596 0
      vertex -13.7716 14.515 0
    endloop
  endfacet
  facet normal -0.0655331 0.99785 0
    outer loop
      vertex -13.7716 14.515 0
      vertex -14 14.5 3
      vertex -13.7716 14.515 3
    endloop
  endfacet
  facet normal -0.0655331 0.99785 0
    outer loop
      vertex -14 14.5 3
      vertex -13.7716 14.515 0
      vertex -14 14.5 0
    endloop
  endfacet
  facet normal 0.0655331 0.99785 -0
    outer loop
      vertex -14 14.5 0
      vertex -14.2284 14.515 3
      vertex -14 14.5 3
    endloop
  endfacet
  facet normal 0.0655331 0.99785 0
    outer loop
      vertex -14.2284 14.515 3
      vertex -14 14.5 0
      vertex -14.2284 14.515 0
    endloop
  endfacet
  facet normal 0.194856 0.980832 -0
    outer loop
      vertex -14.2284 14.515 0
      vertex -14.4529 14.5596 3
      vertex -14.2284 14.515 3
    endloop
  endfacet
  facet normal 0.194856 0.980832 0
    outer loop
      vertex -14.4529 14.5596 3
      vertex -14.2284 14.515 0
      vertex -14.4529 14.5596 0
    endloop
  endfacet
  facet normal 0.896774 0.44249 0
    outer loop
      vertex -15.5155 15.375 3
      vertex -15.6168 15.5803 0
      vertex -15.6168 15.5803 3
    endloop
  endfacet
  facet normal 0.896774 0.44249 0
    outer loop
      vertex -15.6168 15.5803 0
      vertex -15.5155 15.375 3
      vertex -15.5155 15.375 0
    endloop
  endfacet
  facet normal -0.831579 -0.555406 0
    outer loop
      vertex -12.4845 19.125 0
      vertex -12.6116 19.3153 3
      vertex -12.6116 19.3153 0
    endloop
  endfacet
  facet normal -0.831579 -0.555406 0
    outer loop
      vertex -12.6116 19.3153 3
      vertex -12.4845 19.125 0
      vertex -12.4845 19.125 3
    endloop
  endfacet
  facet normal 0.831579 -0.555406 0
    outer loop
      vertex -15.5155 19.125 3
      vertex -15.3884 19.3153 0
      vertex -15.3884 19.3153 3
    endloop
  endfacet
  facet normal 0.831579 -0.555406 0
    outer loop
      vertex -15.3884 19.3153 0
      vertex -15.5155 19.125 3
      vertex -15.5155 19.125 0
    endloop
  endfacet
  facet normal 0.44249 -0.896774 0
    outer loop
      vertex -14.875 19.7655 0
      vertex -14.6697 19.8668 3
      vertex -14.875 19.7655 3
    endloop
  endfacet
  facet normal 0.44249 -0.896774 0
    outer loop
      vertex -14.6697 19.8668 3
      vertex -14.875 19.7655 0
      vertex -14.6697 19.8668 0
    endloop
  endfacet
  facet normal 1 -0 0
    outer loop
      vertex -15.75 16.25 3
      vertex -15.75 18.25 0
      vertex -15.75 18.25 3
    endloop
  endfacet
  facet normal 1 0 0
    outer loop
      vertex -15.75 18.25 0
      vertex -15.75 16.25 3
      vertex -15.75 16.25 0
    endloop
  endfacet
  facet normal 0.946922 -0.321464 0
    outer loop
      vertex -15.6904 18.7029 3
      vertex -15.6168 18.9197 0
      vertex -15.6168 18.9197 3
    endloop
  endfacet
  facet normal 0.946922 -0.321464 0
    outer loop
      vertex -15.6168 18.9197 0
      vertex -15.6904 18.7029 3
      vertex -15.6904 18.7029 0
    endloop
  endfacet
  facet normal 0.896774 -0.44249 0
    outer loop
      vertex -15.6168 18.9197 3
      vertex -15.5155 19.125 0
      vertex -15.5155 19.125 3
    endloop
  endfacet
  facet normal 0.896774 -0.44249 0
    outer loop
      vertex -15.5155 19.125 0
      vertex -15.6168 18.9197 3
      vertex -15.6168 18.9197 0
    endloop
  endfacet
  facet normal -0.896774 0.44249 0
    outer loop
      vertex -12.4845 15.375 0
      vertex -12.3832 15.5803 3
      vertex -12.3832 15.5803 0
    endloop
  endfacet
  facet normal -0.896774 0.44249 0
    outer loop
      vertex -12.3832 15.5803 3
      vertex -12.4845 15.375 0
      vertex -12.4845 15.375 3
    endloop
  endfacet
  facet normal -0.321464 0.946922 0
    outer loop
      vertex -13.3303 14.6332 0
      vertex -13.5471 14.5596 3
      vertex -13.3303 14.6332 3
    endloop
  endfacet
  facet normal -0.321464 0.946922 0
    outer loop
      vertex -13.5471 14.5596 3
      vertex -13.3303 14.6332 0
      vertex -13.5471 14.5596 0
    endloop
  endfacet
  facet normal 0.946922 0.321464 0
    outer loop
      vertex -15.6168 15.5803 3
      vertex -15.6904 15.7971 0
      vertex -15.6904 15.7971 3
    endloop
  endfacet
  facet normal 0.946922 0.321464 0
    outer loop
      vertex -15.6904 15.7971 0
      vertex -15.6168 15.5803 3
      vertex -15.6168 15.5803 0
    endloop
  endfacet
  facet normal -0.555406 -0.831579 0
    outer loop
      vertex -13.125 19.7655 0
      vertex -12.9347 19.6384 3
      vertex -13.125 19.7655 3
    endloop
  endfacet
  facet normal -0.555406 -0.831579 -0
    outer loop
      vertex -12.9347 19.6384 3
      vertex -13.125 19.7655 0
      vertex -12.9347 19.6384 0
    endloop
  endfacet
  facet normal 0.659524 -0.751683 0
    outer loop
      vertex -15.2374 19.4874 0
      vertex -15.0653 19.6384 3
      vertex -15.2374 19.4874 3
    endloop
  endfacet
  facet normal 0.659524 -0.751683 0
    outer loop
      vertex -15.0653 19.6384 3
      vertex -15.2374 19.4874 0
      vertex -15.0653 19.6384 0
    endloop
  endfacet
  facet normal 0.555406 -0.831579 0
    outer loop
      vertex -15.0653 19.6384 0
      vertex -14.875 19.7655 3
      vertex -15.0653 19.6384 3
    endloop
  endfacet
  facet normal 0.555406 -0.831579 0
    outer loop
      vertex -14.875 19.7655 3
      vertex -15.0653 19.6384 0
      vertex -14.875 19.7655 0
    endloop
  endfacet
  facet normal 0.751683 -0.659524 0
    outer loop
      vertex -15.3884 19.3153 3
      vertex -15.2374 19.4874 0
      vertex -15.2374 19.4874 3
    endloop
  endfacet
  facet normal 0.751683 -0.659524 0
    outer loop
      vertex -15.2374 19.4874 0
      vertex -15.3884 19.3153 3
      vertex -15.3884 19.3153 0
    endloop
  endfacet
  facet normal 0.321464 -0.946922 0
    outer loop
      vertex -14.6697 19.8668 0
      vertex -14.4529 19.9404 3
      vertex -14.6697 19.8668 3
    endloop
  endfacet
  facet normal 0.321464 -0.946922 0
    outer loop
      vertex -14.4529 19.9404 3
      vertex -14.6697 19.8668 0
      vertex -14.4529 19.9404 0
    endloop
  endfacet
  facet normal 0.194856 -0.980832 0
    outer loop
      vertex -14.4529 19.9404 0
      vertex -14.2284 19.985 3
      vertex -14.4529 19.9404 3
    endloop
  endfacet
  facet normal 0.194856 -0.980832 0
    outer loop
      vertex -14.2284 19.985 3
      vertex -14.4529 19.9404 0
      vertex -14.2284 19.985 0
    endloop
  endfacet
  facet normal 0.0655331 -0.99785 0
    outer loop
      vertex -14.2284 19.985 0
      vertex -14 20 3
      vertex -14.2284 19.985 3
    endloop
  endfacet
  facet normal 0.0655331 -0.99785 0
    outer loop
      vertex -14 20 3
      vertex -14.2284 19.985 0
      vertex -14 20 0
    endloop
  endfacet
  facet normal 0.99785 -0.0655331 0
    outer loop
      vertex -15.75 18.25 3
      vertex -15.735 18.4784 0
      vertex -15.735 18.4784 3
    endloop
  endfacet
  facet normal 0.99785 -0.0655331 0
    outer loop
      vertex -15.735 18.4784 0
      vertex -15.75 18.25 3
      vertex -15.75 18.25 0
    endloop
  endfacet
  facet normal 0.980832 -0.194856 0
    outer loop
      vertex -15.735 18.4784 3
      vertex -15.6904 18.7029 0
      vertex -15.6904 18.7029 3
    endloop
  endfacet
  facet normal 0.980832 -0.194856 0
    outer loop
      vertex -15.6904 18.7029 0
      vertex -15.735 18.4784 3
      vertex -15.735 18.4784 0
    endloop
  endfacet
  facet normal 0.980832 0.194856 0
    outer loop
      vertex -15.6904 15.7971 3
      vertex -15.735 16.0216 0
      vertex -15.735 16.0216 3
    endloop
  endfacet
  facet normal 0.980832 0.194856 0
    outer loop
      vertex -15.735 16.0216 0
      vertex -15.6904 15.7971 3
      vertex -15.6904 15.7971 0
    endloop
  endfacet
  facet normal -0.659524 -0.751683 0
    outer loop
      vertex -12.9347 19.6384 0
      vertex -12.7626 19.4874 3
      vertex -12.9347 19.6384 3
    endloop
  endfacet
  facet normal -0.659524 -0.751683 -0
    outer loop
      vertex -12.7626 19.4874 3
      vertex -12.9347 19.6384 0
      vertex -12.7626 19.4874 0
    endloop
  endfacet
  facet normal -0.751683 -0.659524 0
    outer loop
      vertex -12.6116 19.3153 0
      vertex -12.7626 19.4874 3
      vertex -12.7626 19.4874 0
    endloop
  endfacet
  facet normal -0.751683 -0.659524 0
    outer loop
      vertex -12.7626 19.4874 3
      vertex -12.6116 19.3153 0
      vertex -12.6116 19.3153 3
    endloop
  endfacet
  facet normal -0.321464 -0.946922 0
    outer loop
      vertex -13.5471 19.9404 0
      vertex -13.3303 19.8668 3
      vertex -13.5471 19.9404 3
    endloop
  endfacet
  facet normal -0.321464 -0.946922 -0
    outer loop
      vertex -13.3303 19.8668 3
      vertex -13.5471 19.9404 0
      vertex -13.3303 19.8668 0
    endloop
  endfacet
  facet normal -0.44249 -0.896774 0
    outer loop
      vertex -13.3303 19.8668 0
      vertex -13.125 19.7655 3
      vertex -13.3303 19.8668 3
    endloop
  endfacet
  facet normal -0.44249 -0.896774 -0
    outer loop
      vertex -13.125 19.7655 3
      vertex -13.3303 19.8668 0
      vertex -13.125 19.7655 0
    endloop
  endfacet
  facet normal -0.194856 -0.980832 0
    outer loop
      vertex -13.7716 19.985 0
      vertex -13.5471 19.9404 3
      vertex -13.7716 19.985 3
    endloop
  endfacet
  facet normal -0.194856 -0.980832 -0
    outer loop
      vertex -13.5471 19.9404 3
      vertex -13.7716 19.985 0
      vertex -13.5471 19.9404 0
    endloop
  endfacet
  facet normal 0.0655331 -0.99785 0
    outer loop
      vertex 13.7716 -14.515 0
      vertex 14 -14.5 3
      vertex 13.7716 -14.515 3
    endloop
  endfacet
  facet normal 0.0655331 -0.99785 0
    outer loop
      vertex 14 -14.5 3
      vertex 13.7716 -14.515 0
      vertex 14 -14.5 0
    endloop
  endfacet
  facet normal 0.980832 0.194856 0
    outer loop
      vertex 12.3096 -18.7029 3
      vertex 12.265 -18.4784 0
      vertex 12.265 -18.4784 3
    endloop
  endfacet
  facet normal 0.980832 0.194856 0
    outer loop
      vertex 12.265 -18.4784 0
      vertex 12.3096 -18.7029 3
      vertex 12.3096 -18.7029 0
    endloop
  endfacet
  facet normal -1 0 0
    outer loop
      vertex 15.75 -18.25 0
      vertex 15.75 -16.25 3
      vertex 15.75 -16.25 0
    endloop
  endfacet
  facet normal -1 -0 0
    outer loop
      vertex 15.75 -16.25 3
      vertex 15.75 -18.25 0
      vertex 15.75 -18.25 3
    endloop
  endfacet
  facet normal -0.980832 0.194856 0
    outer loop
      vertex 15.6904 -18.7029 0
      vertex 15.735 -18.4784 3
      vertex 15.735 -18.4784 0
    endloop
  endfacet
  facet normal -0.980832 0.194856 0
    outer loop
      vertex 15.735 -18.4784 3
      vertex 15.6904 -18.7029 0
      vertex 15.6904 -18.7029 3
    endloop
  endfacet
  facet normal 0.751683 0.659524 0
    outer loop
      vertex 12.7626 -19.4874 3
      vertex 12.6116 -19.3153 0
      vertex 12.6116 -19.3153 3
    endloop
  endfacet
  facet normal 0.751683 0.659524 0
    outer loop
      vertex 12.6116 -19.3153 0
      vertex 12.7626 -19.4874 3
      vertex 12.7626 -19.4874 0
    endloop
  endfacet
  facet normal -0.896774 -0.44249 0
    outer loop
      vertex 15.6168 -15.5803 0
      vertex 15.5155 -15.375 3
      vertex 15.5155 -15.375 0
    endloop
  endfacet
  facet normal -0.896774 -0.44249 0
    outer loop
      vertex 15.5155 -15.375 3
      vertex 15.6168 -15.5803 0
      vertex 15.6168 -15.5803 3
    endloop
  endfacet
  facet normal -0.99785 -0.0655331 0
    outer loop
      vertex 15.75 -16.25 0
      vertex 15.735 -16.0216 3
      vertex 15.735 -16.0216 0
    endloop
  endfacet
  facet normal -0.99785 -0.0655331 0
    outer loop
      vertex 15.735 -16.0216 3
      vertex 15.75 -16.25 0
      vertex 15.75 -16.25 3
    endloop
  endfacet
  facet normal -0.980832 -0.194856 0
    outer loop
      vertex 15.735 -16.0216 0
      vertex 15.6904 -15.7971 3
      vertex 15.6904 -15.7971 0
    endloop
  endfacet
  facet normal -0.980832 -0.194856 0
    outer loop
      vertex 15.6904 -15.7971 3
      vertex 15.735 -16.0216 0
      vertex 15.735 -16.0216 3
    endloop
  endfacet
  facet normal 1 -0 0
    outer loop
      vertex 12.25 -18.25 3
      vertex 12.25 -16.25 0
      vertex 12.25 -16.25 3
    endloop
  endfacet
  facet normal 1 0 0
    outer loop
      vertex 12.25 -16.25 0
      vertex 12.25 -18.25 3
      vertex 12.25 -18.25 0
    endloop
  endfacet
  facet normal 0.99785 -0.0655331 0
    outer loop
      vertex 12.25 -16.25 3
      vertex 12.265 -16.0216 0
      vertex 12.265 -16.0216 3
    endloop
  endfacet
  facet normal 0.99785 -0.0655331 0
    outer loop
      vertex 12.265 -16.0216 0
      vertex 12.25 -16.25 3
      vertex 12.25 -16.25 0
    endloop
  endfacet
  facet normal -0.99785 0.0655331 0
    outer loop
      vertex 15.735 -18.4784 0
      vertex 15.75 -18.25 3
      vertex 15.75 -18.25 0
    endloop
  endfacet
  facet normal -0.99785 0.0655331 0
    outer loop
      vertex 15.75 -18.25 3
      vertex 15.735 -18.4784 0
      vertex 15.735 -18.4784 3
    endloop
  endfacet
  facet normal -0.751683 0.659524 0
    outer loop
      vertex 15.2374 -19.4874 0
      vertex 15.3884 -19.3153 3
      vertex 15.3884 -19.3153 0
    endloop
  endfacet
  facet normal -0.751683 0.659524 0
    outer loop
      vertex 15.3884 -19.3153 3
      vertex 15.2374 -19.4874 0
      vertex 15.2374 -19.4874 3
    endloop
  endfacet
  facet normal -0.946922 0.321464 0
    outer loop
      vertex 15.6168 -18.9197 0
      vertex 15.6904 -18.7029 3
      vertex 15.6904 -18.7029 0
    endloop
  endfacet
  facet normal -0.946922 0.321464 0
    outer loop
      vertex 15.6904 -18.7029 3
      vertex 15.6168 -18.9197 0
      vertex 15.6168 -18.9197 3
    endloop
  endfacet
  facet normal 0.321464 0.946922 -0
    outer loop
      vertex 13.5471 -19.9404 0
      vertex 13.3303 -19.8668 3
      vertex 13.5471 -19.9404 3
    endloop
  endfacet
  facet normal 0.321464 0.946922 0
    outer loop
      vertex 13.3303 -19.8668 3
      vertex 13.5471 -19.9404 0
      vertex 13.3303 -19.8668 0
    endloop
  endfacet
  facet normal -0.194856 0.980832 0
    outer loop
      vertex 14.4529 -19.9404 0
      vertex 14.2284 -19.985 3
      vertex 14.4529 -19.9404 3
    endloop
  endfacet
  facet normal -0.194856 0.980832 0
    outer loop
      vertex 14.2284 -19.985 3
      vertex 14.4529 -19.9404 0
      vertex 14.2284 -19.985 0
    endloop
  endfacet
  facet normal -0.0655331 0.99785 0
    outer loop
      vertex 14.2284 -19.985 0
      vertex 14 -20 3
      vertex 14.2284 -19.985 3
    endloop
  endfacet
  facet normal -0.0655331 0.99785 0
    outer loop
      vertex 14 -20 3
      vertex 14.2284 -19.985 0
      vertex 14 -20 0
    endloop
  endfacet
  facet normal -0.946922 -0.321464 0
    outer loop
      vertex 15.6904 -15.7971 0
      vertex 15.6168 -15.5803 3
      vertex 15.6168 -15.5803 0
    endloop
  endfacet
  facet normal -0.946922 -0.321464 0
    outer loop
      vertex 15.6168 -15.5803 3
      vertex 15.6904 -15.7971 0
      vertex 15.6904 -15.7971 3
    endloop
  endfacet
  facet normal 0.751683 -0.659524 0
    outer loop
      vertex 12.6116 -15.1847 3
      vertex 12.7626 -15.0126 0
      vertex 12.7626 -15.0126 3
    endloop
  endfacet
  facet normal 0.751683 -0.659524 0
    outer loop
      vertex 12.7626 -15.0126 0
      vertex 12.6116 -15.1847 3
      vertex 12.6116 -15.1847 0
    endloop
  endfacet
  facet normal 0.44249 -0.896774 0
    outer loop
      vertex 13.125 -14.7345 0
      vertex 13.3303 -14.6332 3
      vertex 13.125 -14.7345 3
    endloop
  endfacet
  facet normal 0.44249 -0.896774 0
    outer loop
      vertex 13.3303 -14.6332 3
      vertex 13.125 -14.7345 0
      vertex 13.3303 -14.6332 0
    endloop
  endfacet
  facet normal 0.946922 -0.321464 0
    outer loop
      vertex 12.3096 -15.7971 3
      vertex 12.3832 -15.5803 0
      vertex 12.3832 -15.5803 3
    endloop
  endfacet
  facet normal 0.946922 -0.321464 0
    outer loop
      vertex 12.3832 -15.5803 0
      vertex 12.3096 -15.7971 3
      vertex 12.3096 -15.7971 0
    endloop
  endfacet
  facet normal -0.831579 0.555406 0
    outer loop
      vertex 15.3884 -19.3153 0
      vertex 15.5155 -19.125 3
      vertex 15.5155 -19.125 0
    endloop
  endfacet
  facet normal -0.831579 0.555406 0
    outer loop
      vertex 15.5155 -19.125 3
      vertex 15.3884 -19.3153 0
      vertex 15.3884 -19.3153 3
    endloop
  endfacet
  facet normal -0.44249 0.896774 0
    outer loop
      vertex 14.875 -19.7655 0
      vertex 14.6697 -19.8668 3
      vertex 14.875 -19.7655 3
    endloop
  endfacet
  facet normal -0.44249 0.896774 0
    outer loop
      vertex 14.6697 -19.8668 3
      vertex 14.875 -19.7655 0
      vertex 14.6697 -19.8668 0
    endloop
  endfacet
  facet normal 0.194856 0.980832 -0
    outer loop
      vertex 13.7716 -19.985 0
      vertex 13.5471 -19.9404 3
      vertex 13.7716 -19.985 3
    endloop
  endfacet
  facet normal 0.194856 0.980832 0
    outer loop
      vertex 13.5471 -19.9404 3
      vertex 13.7716 -19.985 0
      vertex 13.5471 -19.9404 0
    endloop
  endfacet
  facet normal 0.0655331 0.99785 -0
    outer loop
      vertex 14 -20 0
      vertex 13.7716 -19.985 3
      vertex 14 -20 3
    endloop
  endfacet
  facet normal 0.0655331 0.99785 0
    outer loop
      vertex 13.7716 -19.985 3
      vertex 14 -20 0
      vertex 13.7716 -19.985 0
    endloop
  endfacet
  facet normal -0.321464 0.946922 0
    outer loop
      vertex 14.6697 -19.8668 0
      vertex 14.4529 -19.9404 3
      vertex 14.6697 -19.8668 3
    endloop
  endfacet
  facet normal -0.321464 0.946922 0
    outer loop
      vertex 14.4529 -19.9404 3
      vertex 14.6697 -19.8668 0
      vertex 14.4529 -19.9404 0
    endloop
  endfacet
  facet normal 0.99785 0.0655331 0
    outer loop
      vertex 12.265 -18.4784 3
      vertex 12.25 -18.25 0
      vertex 12.25 -18.25 3
    endloop
  endfacet
  facet normal 0.99785 0.0655331 0
    outer loop
      vertex 12.25 -18.25 0
      vertex 12.265 -18.4784 3
      vertex 12.265 -18.4784 0
    endloop
  endfacet
  facet normal 0.946922 0.321464 0
    outer loop
      vertex 12.3832 -18.9197 3
      vertex 12.3096 -18.7029 0
      vertex 12.3096 -18.7029 3
    endloop
  endfacet
  facet normal 0.946922 0.321464 0
    outer loop
      vertex 12.3096 -18.7029 0
      vertex 12.3832 -18.9197 3
      vertex 12.3832 -18.9197 0
    endloop
  endfacet
  facet normal 0.831579 0.555406 0
    outer loop
      vertex 12.6116 -19.3153 3
      vertex 12.4845 -19.125 0
      vertex 12.4845 -19.125 3
    endloop
  endfacet
  facet normal 0.831579 0.555406 0
    outer loop
      vertex 12.4845 -19.125 0
      vertex 12.6116 -19.3153 3
      vertex 12.6116 -19.3153 0
    endloop
  endfacet
  facet normal 0.896774 0.44249 0
    outer loop
      vertex 12.4845 -19.125 3
      vertex 12.3832 -18.9197 0
      vertex 12.3832 -18.9197 3
    endloop
  endfacet
  facet normal 0.896774 0.44249 0
    outer loop
      vertex 12.3832 -18.9197 0
      vertex 12.4845 -19.125 3
      vertex 12.4845 -19.125 0
    endloop
  endfacet
  facet normal -0.194856 -0.980832 0
    outer loop
      vertex 14.2284 -14.515 0
      vertex 14.4529 -14.5596 3
      vertex 14.2284 -14.515 3
    endloop
  endfacet
  facet normal -0.194856 -0.980832 -0
    outer loop
      vertex 14.4529 -14.5596 3
      vertex 14.2284 -14.515 0
      vertex 14.4529 -14.5596 0
    endloop
  endfacet
  facet normal -0.0655331 -0.99785 0
    outer loop
      vertex 14 -14.5 0
      vertex 14.2284 -14.515 3
      vertex 14 -14.5 3
    endloop
  endfacet
  facet normal -0.0655331 -0.99785 -0
    outer loop
      vertex 14.2284 -14.515 3
      vertex 14 -14.5 0
      vertex 14.2284 -14.515 0
    endloop
  endfacet
  facet normal -0.44249 -0.896774 0
    outer loop
      vertex 14.6697 -14.6332 0
      vertex 14.875 -14.7345 3
      vertex 14.6697 -14.6332 3
    endloop
  endfacet
  facet normal -0.44249 -0.896774 -0
    outer loop
      vertex 14.875 -14.7345 3
      vertex 14.6697 -14.6332 0
      vertex 14.875 -14.7345 0
    endloop
  endfacet
  facet normal -0.555406 -0.831579 0
    outer loop
      vertex 14.875 -14.7345 0
      vertex 15.0653 -14.8616 3
      vertex 14.875 -14.7345 3
    endloop
  endfacet
  facet normal -0.555406 -0.831579 -0
    outer loop
      vertex 15.0653 -14.8616 3
      vertex 14.875 -14.7345 0
      vertex 15.0653 -14.8616 0
    endloop
  endfacet
  facet normal -0.831579 -0.555406 0
    outer loop
      vertex 15.5155 -15.375 0
      vertex 15.3884 -15.1847 3
      vertex 15.3884 -15.1847 0
    endloop
  endfacet
  facet normal -0.831579 -0.555406 0
    outer loop
      vertex 15.3884 -15.1847 3
      vertex 15.5155 -15.375 0
      vertex 15.5155 -15.375 3
    endloop
  endfacet
  facet normal 0.659524 -0.751683 0
    outer loop
      vertex 12.7626 -15.0126 0
      vertex 12.9347 -14.8616 3
      vertex 12.7626 -15.0126 3
    endloop
  endfacet
  facet normal 0.659524 -0.751683 0
    outer loop
      vertex 12.9347 -14.8616 3
      vertex 12.7626 -15.0126 0
      vertex 12.9347 -14.8616 0
    endloop
  endfacet
  facet normal 0.321464 -0.946922 0
    outer loop
      vertex 13.3303 -14.6332 0
      vertex 13.5471 -14.5596 3
      vertex 13.3303 -14.6332 3
    endloop
  endfacet
  facet normal 0.321464 -0.946922 0
    outer loop
      vertex 13.5471 -14.5596 3
      vertex 13.3303 -14.6332 0
      vertex 13.5471 -14.5596 0
    endloop
  endfacet
  facet normal 0.896774 -0.44249 0
    outer loop
      vertex 12.3832 -15.5803 3
      vertex 12.4845 -15.375 0
      vertex 12.4845 -15.375 3
    endloop
  endfacet
  facet normal 0.896774 -0.44249 0
    outer loop
      vertex 12.4845 -15.375 0
      vertex 12.3832 -15.5803 3
      vertex 12.3832 -15.5803 0
    endloop
  endfacet
  facet normal 0.831579 -0.555406 0
    outer loop
      vertex 12.4845 -15.375 3
      vertex 12.6116 -15.1847 0
      vertex 12.6116 -15.1847 3
    endloop
  endfacet
  facet normal 0.831579 -0.555406 0
    outer loop
      vertex 12.6116 -15.1847 0
      vertex 12.4845 -15.375 3
      vertex 12.4845 -15.375 0
    endloop
  endfacet
  facet normal 0.980832 -0.194856 0
    outer loop
      vertex 12.265 -16.0216 3
      vertex 12.3096 -15.7971 0
      vertex 12.3096 -15.7971 3
    endloop
  endfacet
  facet normal 0.980832 -0.194856 0
    outer loop
      vertex 12.3096 -15.7971 0
      vertex 12.265 -16.0216 3
      vertex 12.265 -16.0216 0
    endloop
  endfacet
  facet normal -0.896774 0.44249 0
    outer loop
      vertex 15.5155 -19.125 0
      vertex 15.6168 -18.9197 3
      vertex 15.6168 -18.9197 0
    endloop
  endfacet
  facet normal -0.896774 0.44249 0
    outer loop
      vertex 15.6168 -18.9197 3
      vertex 15.5155 -19.125 0
      vertex 15.5155 -19.125 3
    endloop
  endfacet
  facet normal 0.659524 0.751683 -0
    outer loop
      vertex 12.9347 -19.6384 0
      vertex 12.7626 -19.4874 3
      vertex 12.9347 -19.6384 3
    endloop
  endfacet
  facet normal 0.659524 0.751683 0
    outer loop
      vertex 12.7626 -19.4874 3
      vertex 12.9347 -19.6384 0
      vertex 12.7626 -19.4874 0
    endloop
  endfacet
  facet normal -0.321464 -0.946922 0
    outer loop
      vertex 14.4529 -14.5596 0
      vertex 14.6697 -14.6332 3
      vertex 14.4529 -14.5596 3
    endloop
  endfacet
  facet normal -0.321464 -0.946922 -0
    outer loop
      vertex 14.6697 -14.6332 3
      vertex 14.4529 -14.5596 0
      vertex 14.6697 -14.6332 0
    endloop
  endfacet
  facet normal -0.659524 -0.751683 0
    outer loop
      vertex 15.0653 -14.8616 0
      vertex 15.2374 -15.0126 3
      vertex 15.0653 -14.8616 3
    endloop
  endfacet
  facet normal -0.659524 -0.751683 -0
    outer loop
      vertex 15.2374 -15.0126 3
      vertex 15.0653 -14.8616 0
      vertex 15.2374 -15.0126 0
    endloop
  endfacet
  facet normal 0.555406 -0.831579 0
    outer loop
      vertex 12.9347 -14.8616 0
      vertex 13.125 -14.7345 3
      vertex 12.9347 -14.8616 3
    endloop
  endfacet
  facet normal 0.555406 -0.831579 0
    outer loop
      vertex 13.125 -14.7345 3
      vertex 12.9347 -14.8616 0
      vertex 13.125 -14.7345 0
    endloop
  endfacet
  facet normal 0.194856 -0.980832 0
    outer loop
      vertex 13.5471 -14.5596 0
      vertex 13.7716 -14.515 3
      vertex 13.5471 -14.5596 3
    endloop
  endfacet
  facet normal 0.194856 -0.980832 0
    outer loop
      vertex 13.7716 -14.515 3
      vertex 13.5471 -14.5596 0
      vertex 13.7716 -14.515 0
    endloop
  endfacet
  facet normal -0.659524 0.751683 0
    outer loop
      vertex 15.2374 -19.4874 0
      vertex 15.0653 -19.6384 3
      vertex 15.2374 -19.4874 3
    endloop
  endfacet
  facet normal -0.659524 0.751683 0
    outer loop
      vertex 15.0653 -19.6384 3
      vertex 15.2374 -19.4874 0
      vertex 15.0653 -19.6384 0
    endloop
  endfacet
  facet normal -0.555406 0.831579 0
    outer loop
      vertex 15.0653 -19.6384 0
      vertex 14.875 -19.7655 3
      vertex 15.0653 -19.6384 3
    endloop
  endfacet
  facet normal -0.555406 0.831579 0
    outer loop
      vertex 14.875 -19.7655 3
      vertex 15.0653 -19.6384 0
      vertex 14.875 -19.7655 0
    endloop
  endfacet
  facet normal 0.44249 0.896774 -0
    outer loop
      vertex 13.3303 -19.8668 0
      vertex 13.125 -19.7655 3
      vertex 13.3303 -19.8668 3
    endloop
  endfacet
  facet normal 0.44249 0.896774 0
    outer loop
      vertex 13.125 -19.7655 3
      vertex 13.3303 -19.8668 0
      vertex 13.125 -19.7655 0
    endloop
  endfacet
  facet normal 0.555406 0.831579 -0
    outer loop
      vertex 13.125 -19.7655 0
      vertex 12.9347 -19.6384 3
      vertex 13.125 -19.7655 3
    endloop
  endfacet
  facet normal 0.555406 0.831579 0
    outer loop
      vertex 12.9347 -19.6384 3
      vertex 13.125 -19.7655 0
      vertex 12.9347 -19.6384 0
    endloop
  endfacet
  facet normal -0.751683 -0.659524 0
    outer loop
      vertex 15.3884 -15.1847 0
      vertex 15.2374 -15.0126 3
      vertex 15.2374 -15.0126 0
    endloop
  endfacet
  facet normal -0.751683 -0.659524 0
    outer loop
      vertex 15.2374 -15.0126 3
      vertex 15.3884 -15.1847 0
      vertex 15.3884 -15.1847 3
    endloop
  endfacet
  facet normal -1 0 0
    outer loop
      vertex 15.75 16.25 0
      vertex 15.75 18.25 3
      vertex 15.75 18.25 0
    endloop
  endfacet
  facet normal -1 -0 0
    outer loop
      vertex 15.75 18.25 3
      vertex 15.75 16.25 0
      vertex 15.75 16.25 3
    endloop
  endfacet
  facet normal -0.980832 -0.194856 0
    outer loop
      vertex 15.735 18.4784 0
      vertex 15.6904 18.7029 3
      vertex 15.6904 18.7029 0
    endloop
  endfacet
  facet normal -0.980832 -0.194856 0
    outer loop
      vertex 15.6904 18.7029 3
      vertex 15.735 18.4784 0
      vertex 15.735 18.4784 3
    endloop
  endfacet
  facet normal 0.980832 0.194856 0
    outer loop
      vertex 12.3096 15.7971 3
      vertex 12.265 16.0216 0
      vertex 12.265 16.0216 3
    endloop
  endfacet
  facet normal 0.980832 0.194856 0
    outer loop
      vertex 12.265 16.0216 0
      vertex 12.3096 15.7971 3
      vertex 12.3096 15.7971 0
    endloop
  endfacet
  facet normal 0.659524 0.751683 -0
    outer loop
      vertex 12.9347 14.8616 0
      vertex 12.7626 15.0126 3
      vertex 12.9347 14.8616 3
    endloop
  endfacet
  facet normal 0.659524 0.751683 0
    outer loop
      vertex 12.7626 15.0126 3
      vertex 12.9347 14.8616 0
      vertex 12.7626 15.0126 0
    endloop
  endfacet
  facet normal -0.44249 -0.896774 0
    outer loop
      vertex 14.6697 19.8668 0
      vertex 14.875 19.7655 3
      vertex 14.6697 19.8668 3
    endloop
  endfacet
  facet normal -0.44249 -0.896774 -0
    outer loop
      vertex 14.875 19.7655 3
      vertex 14.6697 19.8668 0
      vertex 14.875 19.7655 0
    endloop
  endfacet
  facet normal -0.99785 -0.0655331 0
    outer loop
      vertex 15.75 18.25 0
      vertex 15.735 18.4784 3
      vertex 15.735 18.4784 0
    endloop
  endfacet
  facet normal -0.99785 -0.0655331 0
    outer loop
      vertex 15.735 18.4784 3
      vertex 15.75 18.25 0
      vertex 15.75 18.25 3
    endloop
  endfacet
  facet normal 0.99785 0.0655331 0
    outer loop
      vertex 12.265 16.0216 3
      vertex 12.25 16.25 0
      vertex 12.25 16.25 3
    endloop
  endfacet
  facet normal 0.99785 0.0655331 0
    outer loop
      vertex 12.25 16.25 0
      vertex 12.265 16.0216 3
      vertex 12.265 16.0216 0
    endloop
  endfacet
  facet normal 0.831579 0.555406 0
    outer loop
      vertex 12.6116 15.1847 3
      vertex 12.4845 15.375 0
      vertex 12.4845 15.375 3
    endloop
  endfacet
  facet normal 0.831579 0.555406 0
    outer loop
      vertex 12.4845 15.375 0
      vertex 12.6116 15.1847 3
      vertex 12.6116 15.1847 0
    endloop
  endfacet
  facet normal 0.321464 -0.946922 0
    outer loop
      vertex 13.3303 19.8668 0
      vertex 13.5471 19.9404 3
      vertex 13.3303 19.8668 3
    endloop
  endfacet
  facet normal 0.321464 -0.946922 0
    outer loop
      vertex 13.5471 19.9404 3
      vertex 13.3303 19.8668 0
      vertex 13.5471 19.9404 0
    endloop
  endfacet
  facet normal 0.751683 -0.659524 0
    outer loop
      vertex 12.6116 19.3153 3
      vertex 12.7626 19.4874 0
      vertex 12.7626 19.4874 3
    endloop
  endfacet
  facet normal 0.751683 -0.659524 0
    outer loop
      vertex 12.7626 19.4874 0
      vertex 12.6116 19.3153 3
      vertex 12.6116 19.3153 0
    endloop
  endfacet
  facet normal 0.555406 -0.831579 0
    outer loop
      vertex 12.9347 19.6384 0
      vertex 13.125 19.7655 3
      vertex 12.9347 19.6384 3
    endloop
  endfacet
  facet normal 0.555406 -0.831579 0
    outer loop
      vertex 13.125 19.7655 3
      vertex 12.9347 19.6384 0
      vertex 13.125 19.7655 0
    endloop
  endfacet
  facet normal 0.0655331 0.99785 -0
    outer loop
      vertex 14 14.5 0
      vertex 13.7716 14.515 3
      vertex 14 14.5 3
    endloop
  endfacet
  facet normal 0.0655331 0.99785 0
    outer loop
      vertex 13.7716 14.515 3
      vertex 14 14.5 0
      vertex 13.7716 14.515 0
    endloop
  endfacet
  facet normal -0.194856 0.980832 0
    outer loop
      vertex 14.4529 14.5596 0
      vertex 14.2284 14.515 3
      vertex 14.4529 14.5596 3
    endloop
  endfacet
  facet normal -0.194856 0.980832 0
    outer loop
      vertex 14.2284 14.515 3
      vertex 14.4529 14.5596 0
      vertex 14.2284 14.515 0
    endloop
  endfacet
  facet normal 0.321464 0.946922 -0
    outer loop
      vertex 13.5471 14.5596 0
      vertex 13.3303 14.6332 3
      vertex 13.5471 14.5596 3
    endloop
  endfacet
  facet normal 0.321464 0.946922 0
    outer loop
      vertex 13.3303 14.6332 3
      vertex 13.5471 14.5596 0
      vertex 13.3303 14.6332 0
    endloop
  endfacet
  facet normal 0.555406 0.831579 -0
    outer loop
      vertex 13.125 14.7345 0
      vertex 12.9347 14.8616 3
      vertex 13.125 14.7345 3
    endloop
  endfacet
  facet normal 0.555406 0.831579 0
    outer loop
      vertex 12.9347 14.8616 3
      vertex 13.125 14.7345 0
      vertex 12.9347 14.8616 0
    endloop
  endfacet
  facet normal -0.659524 0.751683 0
    outer loop
      vertex 15.2374 15.0126 0
      vertex 15.0653 14.8616 3
      vertex 15.2374 15.0126 3
    endloop
  endfacet
  facet normal -0.659524 0.751683 0
    outer loop
      vertex 15.0653 14.8616 3
      vertex 15.2374 15.0126 0
      vertex 15.0653 14.8616 0
    endloop
  endfacet
  facet normal -0.44249 0.896774 0
    outer loop
      vertex 14.875 14.7345 0
      vertex 14.6697 14.6332 3
      vertex 14.875 14.7345 3
    endloop
  endfacet
  facet normal -0.44249 0.896774 0
    outer loop
      vertex 14.6697 14.6332 3
      vertex 14.875 14.7345 0
      vertex 14.6697 14.6332 0
    endloop
  endfacet
  facet normal -0.831579 0.555406 0
    outer loop
      vertex 15.3884 15.1847 0
      vertex 15.5155 15.375 3
      vertex 15.5155 15.375 0
    endloop
  endfacet
  facet normal -0.831579 0.555406 0
    outer loop
      vertex 15.5155 15.375 3
      vertex 15.3884 15.1847 0
      vertex 15.3884 15.1847 3
    endloop
  endfacet
  facet normal -0.99785 0.0655331 0
    outer loop
      vertex 15.735 16.0216 0
      vertex 15.75 16.25 3
      vertex 15.75 16.25 0
    endloop
  endfacet
  facet normal -0.99785 0.0655331 0
    outer loop
      vertex 15.75 16.25 3
      vertex 15.735 16.0216 0
      vertex 15.735 16.0216 3
    endloop
  endfacet
  facet normal -0.751683 -0.659524 0
    outer loop
      vertex 15.3884 19.3153 0
      vertex 15.2374 19.4874 3
      vertex 15.2374 19.4874 0
    endloop
  endfacet
  facet normal -0.751683 -0.659524 0
    outer loop
      vertex 15.2374 19.4874 3
      vertex 15.3884 19.3153 0
      vertex 15.3884 19.3153 3
    endloop
  endfacet
  facet normal 1 -0 0
    outer loop
      vertex 12.25 16.25 3
      vertex 12.25 18.25 0
      vertex 12.25 18.25 3
    endloop
  endfacet
  facet normal 1 0 0
    outer loop
      vertex 12.25 18.25 0
      vertex 12.25 16.25 3
      vertex 12.25 16.25 0
    endloop
  endfacet
  facet normal 0.99785 -0.0655331 0
    outer loop
      vertex 12.25 18.25 3
      vertex 12.265 18.4784 0
      vertex 12.265 18.4784 3
    endloop
  endfacet
  facet normal 0.99785 -0.0655331 0
    outer loop
      vertex 12.265 18.4784 0
      vertex 12.25 18.25 3
      vertex 12.25 18.25 0
    endloop
  endfacet
  facet normal 0.751683 0.659524 0
    outer loop
      vertex 12.7626 15.0126 3
      vertex 12.6116 15.1847 0
      vertex 12.6116 15.1847 3
    endloop
  endfacet
  facet normal 0.751683 0.659524 0
    outer loop
      vertex 12.6116 15.1847 0
      vertex 12.7626 15.0126 3
      vertex 12.7626 15.0126 0
    endloop
  endfacet
  facet normal 0.896774 0.44249 0
    outer loop
      vertex 12.4845 15.375 3
      vertex 12.3832 15.5803 0
      vertex 12.3832 15.5803 3
    endloop
  endfacet
  facet normal 0.896774 0.44249 0
    outer loop
      vertex 12.3832 15.5803 0
      vertex 12.4845 15.375 3
      vertex 12.4845 15.375 0
    endloop
  endfacet
  facet normal 0.659524 -0.751683 0
    outer loop
      vertex 12.7626 19.4874 0
      vertex 12.9347 19.6384 3
      vertex 12.7626 19.4874 3
    endloop
  endfacet
  facet normal 0.659524 -0.751683 0
    outer loop
      vertex 12.9347 19.6384 3
      vertex 12.7626 19.4874 0
      vertex 12.9347 19.6384 0
    endloop
  endfacet
  facet normal 0.44249 -0.896774 0
    outer loop
      vertex 13.125 19.7655 0
      vertex 13.3303 19.8668 3
      vertex 13.125 19.7655 3
    endloop
  endfacet
  facet normal 0.44249 -0.896774 0
    outer loop
      vertex 13.3303 19.8668 3
      vertex 13.125 19.7655 0
      vertex 13.3303 19.8668 0
    endloop
  endfacet
  facet normal 0.896774 -0.44249 0
    outer loop
      vertex 12.3832 18.9197 3
      vertex 12.4845 19.125 0
      vertex 12.4845 19.125 3
    endloop
  endfacet
  facet normal 0.896774 -0.44249 0
    outer loop
      vertex 12.4845 19.125 0
      vertex 12.3832 18.9197 3
      vertex 12.3832 18.9197 0
    endloop
  endfacet
  facet normal 0.946922 -0.321464 0
    outer loop
      vertex 12.3096 18.7029 3
      vertex 12.3832 18.9197 0
      vertex 12.3832 18.9197 3
    endloop
  endfacet
  facet normal 0.946922 -0.321464 0
    outer loop
      vertex 12.3832 18.9197 0
      vertex 12.3096 18.7029 3
      vertex 12.3096 18.7029 0
    endloop
  endfacet
  facet normal 0.831579 -0.555406 0
    outer loop
      vertex 12.4845 19.125 3
      vertex 12.6116 19.3153 0
      vertex 12.6116 19.3153 3
    endloop
  endfacet
  facet normal 0.831579 -0.555406 0
    outer loop
      vertex 12.6116 19.3153 0
      vertex 12.4845 19.125 3
      vertex 12.4845 19.125 0
    endloop
  endfacet
  facet normal 0.980832 -0.194856 0
    outer loop
      vertex 12.265 18.4784 3
      vertex 12.3096 18.7029 0
      vertex 12.3096 18.7029 3
    endloop
  endfacet
  facet normal 0.980832 -0.194856 0
    outer loop
      vertex 12.3096 18.7029 0
      vertex 12.265 18.4784 3
      vertex 12.265 18.4784 0
    endloop
  endfacet
  facet normal -0.0655331 0.99785 0
    outer loop
      vertex 14.2284 14.515 0
      vertex 14 14.5 3
      vertex 14.2284 14.515 3
    endloop
  endfacet
  facet normal -0.0655331 0.99785 0
    outer loop
      vertex 14 14.5 3
      vertex 14.2284 14.515 0
      vertex 14 14.5 0
    endloop
  endfacet
  facet normal -0.321464 0.946922 0
    outer loop
      vertex 14.6697 14.6332 0
      vertex 14.4529 14.5596 3
      vertex 14.6697 14.6332 3
    endloop
  endfacet
  facet normal -0.321464 0.946922 0
    outer loop
      vertex 14.4529 14.5596 3
      vertex 14.6697 14.6332 0
      vertex 14.4529 14.5596 0
    endloop
  endfacet
  facet normal 0.194856 0.980832 -0
    outer loop
      vertex 13.7716 14.515 0
      vertex 13.5471 14.5596 3
      vertex 13.7716 14.515 3
    endloop
  endfacet
  facet normal 0.194856 0.980832 0
    outer loop
      vertex 13.5471 14.5596 3
      vertex 13.7716 14.515 0
      vertex 13.5471 14.5596 0
    endloop
  endfacet
  facet normal 0.44249 0.896774 -0
    outer loop
      vertex 13.3303 14.6332 0
      vertex 13.125 14.7345 3
      vertex 13.3303 14.6332 3
    endloop
  endfacet
  facet normal 0.44249 0.896774 0
    outer loop
      vertex 13.125 14.7345 3
      vertex 13.3303 14.6332 0
      vertex 13.125 14.7345 0
    endloop
  endfacet
  facet normal -0.751683 0.659524 0
    outer loop
      vertex 15.2374 15.0126 0
      vertex 15.3884 15.1847 3
      vertex 15.3884 15.1847 0
    endloop
  endfacet
  facet normal -0.751683 0.659524 0
    outer loop
      vertex 15.3884 15.1847 3
      vertex 15.2374 15.0126 0
      vertex 15.2374 15.0126 3
    endloop
  endfacet
  facet normal -0.555406 0.831579 0
    outer loop
      vertex 15.0653 14.8616 0
      vertex 14.875 14.7345 3
      vertex 15.0653 14.8616 3
    endloop
  endfacet
  facet normal -0.555406 0.831579 0
    outer loop
      vertex 14.875 14.7345 3
      vertex 15.0653 14.8616 0
      vertex 14.875 14.7345 0
    endloop
  endfacet
  facet normal -0.896774 0.44249 0
    outer loop
      vertex 15.5155 15.375 0
      vertex 15.6168 15.5803 3
      vertex 15.6168 15.5803 0
    endloop
  endfacet
  facet normal -0.896774 0.44249 0
    outer loop
      vertex 15.6168 15.5803 3
      vertex 15.5155 15.375 0
      vertex 15.5155 15.375 3
    endloop
  endfacet
  facet normal -0.555406 -0.831579 0
    outer loop
      vertex 14.875 19.7655 0
      vertex 15.0653 19.6384 3
      vertex 14.875 19.7655 3
    endloop
  endfacet
  facet normal -0.555406 -0.831579 -0
    outer loop
      vertex 15.0653 19.6384 3
      vertex 14.875 19.7655 0
      vertex 15.0653 19.6384 0
    endloop
  endfacet
  facet normal -0.831579 -0.555406 0
    outer loop
      vertex 15.5155 19.125 0
      vertex 15.3884 19.3153 3
      vertex 15.3884 19.3153 0
    endloop
  endfacet
  facet normal -0.831579 -0.555406 0
    outer loop
      vertex 15.3884 19.3153 3
      vertex 15.5155 19.125 0
      vertex 15.5155 19.125 3
    endloop
  endfacet
  facet normal -0.946922 -0.321464 0
    outer loop
      vertex 15.6904 18.7029 0
      vertex 15.6168 18.9197 3
      vertex 15.6168 18.9197 0
    endloop
  endfacet
  facet normal -0.946922 -0.321464 0
    outer loop
      vertex 15.6168 18.9197 3
      vertex 15.6904 18.7029 0
      vertex 15.6904 18.7029 3
    endloop
  endfacet
  facet normal 0.946922 0.321464 0
    outer loop
      vertex 12.3832 15.5803 3
      vertex 12.3096 15.7971 0
      vertex 12.3096 15.7971 3
    endloop
  endfacet
  facet normal 0.946922 0.321464 0
    outer loop
      vertex 12.3096 15.7971 0
      vertex 12.3832 15.5803 3
      vertex 12.3832 15.5803 0
    endloop
  endfacet
  facet normal -0.0655331 -0.99785 0
    outer loop
      vertex 14 20 0
      vertex 14.2284 19.985 3
      vertex 14 20 3
    endloop
  endfacet
  facet normal -0.0655331 -0.99785 -0
    outer loop
      vertex 14.2284 19.985 3
      vertex 14 20 0
      vertex 14.2284 19.985 0
    endloop
  endfacet
  facet normal 0.0655331 -0.99785 0
    outer loop
      vertex 13.7716 19.985 0
      vertex 14 20 3
      vertex 13.7716 19.985 3
    endloop
  endfacet
  facet normal 0.0655331 -0.99785 0
    outer loop
      vertex 14 20 3
      vertex 13.7716 19.985 0
      vertex 14 20 0
    endloop
  endfacet
  facet normal 0.194856 -0.980832 0
    outer loop
      vertex 13.5471 19.9404 0
      vertex 13.7716 19.985 3
      vertex 13.5471 19.9404 3
    endloop
  endfacet
  facet normal 0.194856 -0.980832 0
    outer loop
      vertex 13.7716 19.985 3
      vertex 13.5471 19.9404 0
      vertex 13.7716 19.985 0
    endloop
  endfacet
  facet normal -0.980832 0.194856 0
    outer loop
      vertex 15.6904 15.7971 0
      vertex 15.735 16.0216 3
      vertex 15.735 16.0216 0
    endloop
  endfacet
  facet normal -0.980832 0.194856 0
    outer loop
      vertex 15.735 16.0216 3
      vertex 15.6904 15.7971 0
      vertex 15.6904 15.7971 3
    endloop
  endfacet
  facet normal -0.946922 0.321464 0
    outer loop
      vertex 15.6168 15.5803 0
      vertex 15.6904 15.7971 3
      vertex 15.6904 15.7971 0
    endloop
  endfacet
  facet normal -0.946922 0.321464 0
    outer loop
      vertex 15.6904 15.7971 3
      vertex 15.6168 15.5803 0
      vertex 15.6168 15.5803 3
    endloop
  endfacet
  facet normal -0.659524 -0.751683 0
    outer loop
      vertex 15.0653 19.6384 0
      vertex 15.2374 19.4874 3
      vertex 15.0653 19.6384 3
    endloop
  endfacet
  facet normal -0.659524 -0.751683 -0
    outer loop
      vertex 15.2374 19.4874 3
      vertex 15.0653 19.6384 0
      vertex 15.2374 19.4874 0
    endloop
  endfacet
  facet normal -0.896774 -0.44249 0
    outer loop
      vertex 15.6168 18.9197 0
      vertex 15.5155 19.125 3
      vertex 15.5155 19.125 0
    endloop
  endfacet
  facet normal -0.896774 -0.44249 0
    outer loop
      vertex 15.5155 19.125 3
      vertex 15.6168 18.9197 0
      vertex 15.6168 18.9197 3
    endloop
  endfacet
  facet normal -0.194856 -0.980832 0
    outer loop
      vertex 14.2284 19.985 0
      vertex 14.4529 19.9404 3
      vertex 14.2284 19.985 3
    endloop
  endfacet
  facet normal -0.194856 -0.980832 -0
    outer loop
      vertex 14.4529 19.9404 3
      vertex 14.2284 19.985 0
      vertex 14.4529 19.9404 0
    endloop
  endfacet
  facet normal -0.321464 -0.946922 0
    outer loop
      vertex 14.4529 19.9404 0
      vertex 14.6697 19.8668 3
      vertex 14.4529 19.9404 3
    endloop
  endfacet
  facet normal -0.321464 -0.946922 -0
    outer loop
      vertex 14.6697 19.8668 3
      vertex 14.4529 19.9404 0
      vertex 14.6697 19.8668 0
    endloop
  endfacet
  facet normal -0.659332 -0.751852 0
    outer loop
      vertex -8.98029 1.78504 4.5
      vertex -8.75901 1.59099 10
      vertex -8.98029 1.78504 10
    endloop
  endfacet
  facet normal -0.659332 -0.751852 -0
    outer loop
      vertex -8.75901 1.59099 10
      vertex -8.98029 1.78504 4.5
      vertex -8.75901 1.59099 4.5
    endloop
  endfacet
  facet normal 0.946934 -0.321427 0
    outer loop
      vertex -12.5233 0.582342 10
      vertex -12.4287 0.861037 4.5
      vertex -12.4287 0.861037 10
    endloop
  endfacet
  facet normal 0.946934 -0.321427 0
    outer loop
      vertex -12.4287 0.861037 4.5
      vertex -12.5233 0.582342 10
      vertex -12.5233 0.582342 4.5
    endloop
  endfacet
  facet normal 0.321421 0.946936 -0
    outer loop
      vertex -10.9323 -2.17333 4.5
      vertex -11.211 -2.07873 10
      vertex -10.9323 -2.17333 10
    endloop
  endfacet
  facet normal 0.321421 0.946936 0
    outer loop
      vertex -11.211 -2.07873 10
      vertex -10.9323 -2.17333 4.5
      vertex -11.211 -2.07873 4.5
    endloop
  endfacet
  facet normal 0.321421 -0.946936 0
    outer loop
      vertex -11.211 2.07873 4.5
      vertex -10.9323 2.17333 10
      vertex -11.211 2.07873 10
    endloop
  endfacet
  facet normal 0.321421 -0.946936 0
    outer loop
      vertex -10.9323 2.17333 10
      vertex -11.211 2.07873 4.5
      vertex -10.9323 2.17333 4.5
    endloop
  endfacet
  facet normal 0.89697 -0.442091 0
    outer loop
      vertex -12.4287 0.861037 10
      vertex -12.2986 1.125 4.5
      vertex -12.2986 1.125 10
    endloop
  endfacet
  facet normal 0.89697 -0.442091 0
    outer loop
      vertex -12.2986 1.125 4.5
      vertex -12.4287 0.861037 10
      vertex -12.4287 0.861037 4.5
    endloop
  endfacet
  facet normal 0.442233 0.8969 -0
    outer loop
      vertex -11.211 -2.07873 4.5
      vertex -11.475 -1.94856 10
      vertex -11.211 -2.07873 10
    endloop
  endfacet
  facet normal 0.442233 0.8969 0
    outer loop
      vertex -11.475 -1.94856 10
      vertex -11.211 -2.07873 4.5
      vertex -11.475 -1.94856 4.5
    endloop
  endfacet
  facet normal -0.896876 -0.442283 0
    outer loop
      vertex -8.27127 0.861037 4.5
      vertex -8.40144 1.125 10
      vertex -8.40144 1.125 4.5
    endloop
  endfacet
  facet normal -0.896876 -0.442283 0
    outer loop
      vertex -8.40144 1.125 10
      vertex -8.27127 0.861037 4.5
      vertex -8.27127 0.861037 10
    endloop
  endfacet
  facet normal -0.980784 -0.195097 0
    outer loop
      vertex -8.11925 0.293683 4.5
      vertex -8.17667 0.582342 10
      vertex -8.17667 0.582342 4.5
    endloop
  endfacet
  facet normal -0.980784 -0.195097 0
    outer loop
      vertex -8.17667 0.582342 10
      vertex -8.11925 0.293683 4.5
      vertex -8.11925 0.293683 10
    endloop
  endfacet
  facet normal -0.83147 -0.55557 0
    outer loop
      vertex -8.40144 1.125 4.5
      vertex -8.56495 1.36971 10
      vertex -8.56495 1.36971 4.5
    endloop
  endfacet
  facet normal -0.83147 -0.55557 0
    outer loop
      vertex -8.56495 1.36971 10
      vertex -8.40144 1.125 4.5
      vertex -8.40144 1.125 10
    endloop
  endfacet
  facet normal -0.751835 -0.659351 0
    outer loop
      vertex -8.56495 1.36971 4.5
      vertex -8.75901 1.59099 10
      vertex -8.75901 1.59099 4.5
    endloop
  endfacet
  facet normal -0.751835 -0.659351 0
    outer loop
      vertex -8.75901 1.59099 10
      vertex -8.56495 1.36971 4.5
      vertex -8.56495 1.36971 10
    endloop
  endfacet
  facet normal -0.442287 -0.896874 0
    outer loop
      vertex -9.48896 2.07873 4.5
      vertex -9.225 1.94856 10
      vertex -9.48896 2.07873 10
    endloop
  endfacet
  facet normal -0.442287 -0.896874 -0
    outer loop
      vertex -9.225 1.94856 10
      vertex -9.48896 2.07873 4.5
      vertex -9.225 1.94856 4.5
    endloop
  endfacet
  facet normal -0.321421 -0.946936 0
    outer loop
      vertex -9.76766 2.17333 4.5
      vertex -9.48896 2.07873 10
      vertex -9.76766 2.17333 10
    endloop
  endfacet
  facet normal -0.321421 -0.946936 -0
    outer loop
      vertex -9.48896 2.07873 10
      vertex -9.76766 2.17333 4.5
      vertex -9.48896 2.07873 4.5
    endloop
  endfacet
  facet normal -0.19511 -0.980781 0
    outer loop
      vertex -10.0563 2.23075 4.5
      vertex -9.76766 2.17333 10
      vertex -10.0563 2.23075 10
    endloop
  endfacet
  facet normal -0.19511 -0.980781 -0
    outer loop
      vertex -9.76766 2.17333 10
      vertex -10.0563 2.23075 4.5
      vertex -9.76766 2.17333 4.5
    endloop
  endfacet
  facet normal 0.980732 -0.195359 0
    outer loop
      vertex -12.5808 0.293683 10
      vertex -12.5233 0.582342 4.5
      vertex -12.5233 0.582342 10
    endloop
  endfacet
  facet normal 0.980732 -0.195359 0
    outer loop
      vertex -12.5233 0.582342 4.5
      vertex -12.5808 0.293683 10
      vertex -12.5808 0.293683 4.5
    endloop
  endfacet
  facet normal 0.751936 -0.659236 0
    outer loop
      vertex -12.135 1.36971 10
      vertex -11.941 1.59099 4.5
      vertex -11.941 1.59099 10
    endloop
  endfacet
  facet normal 0.751936 -0.659236 0
    outer loop
      vertex -11.941 1.59099 4.5
      vertex -12.135 1.36971 10
      vertex -12.135 1.36971 4.5
    endloop
  endfacet
  facet normal 0.195136 -0.980776 0
    outer loop
      vertex -10.9323 2.17333 4.5
      vertex -10.6437 2.23075 10
      vertex -10.9323 2.17333 10
    endloop
  endfacet
  facet normal 0.195136 -0.980776 0
    outer loop
      vertex -10.6437 2.23075 10
      vertex -10.9323 2.17333 4.5
      vertex -10.6437 2.23075 4.5
    endloop
  endfacet
  facet normal 0.659298 -0.751882 0
    outer loop
      vertex -11.941 1.59099 4.5
      vertex -11.7197 1.78504 10
      vertex -11.941 1.59099 10
    endloop
  endfacet
  facet normal 0.659298 -0.751882 0
    outer loop
      vertex -11.7197 1.78504 10
      vertex -11.941 1.59099 4.5
      vertex -11.7197 1.78504 4.5
    endloop
  endfacet
  facet normal -0.946934 0.321427 0
    outer loop
      vertex -8.27127 -0.861037 4.5
      vertex -8.17667 -0.582342 10
      vertex -8.17667 -0.582342 4.5
    endloop
  endfacet
  facet normal -0.946934 0.321427 0
    outer loop
      vertex -8.17667 -0.582342 10
      vertex -8.27127 -0.861037 4.5
      vertex -8.27127 -0.861037 10
    endloop
  endfacet
  facet normal -0.321421 0.946936 0
    outer loop
      vertex -9.48896 -2.07873 4.5
      vertex -9.76766 -2.17333 10
      vertex -9.48896 -2.07873 10
    endloop
  endfacet
  facet normal -0.321421 0.946936 0
    outer loop
      vertex -9.76766 -2.17333 10
      vertex -9.48896 -2.07873 4.5
      vertex -9.76766 -2.17333 4.5
    endloop
  endfacet
  facet normal -0.442287 0.896874 0
    outer loop
      vertex -9.225 -1.94856 4.5
      vertex -9.48896 -2.07873 10
      vertex -9.225 -1.94856 10
    endloop
  endfacet
  facet normal -0.442287 0.896874 0
    outer loop
      vertex -9.48896 -2.07873 10
      vertex -9.225 -1.94856 4.5
      vertex -9.48896 -2.07873 4.5
    endloop
  endfacet
  facet normal 0.195136 0.980776 -0
    outer loop
      vertex -10.6437 -2.23075 4.5
      vertex -10.9323 -2.17333 10
      vertex -10.6437 -2.23075 10
    endloop
  endfacet
  facet normal 0.195136 0.980776 0
    outer loop
      vertex -10.9323 -2.17333 10
      vertex -10.6437 -2.23075 4.5
      vertex -10.9323 -2.17333 4.5
    endloop
  endfacet
  facet normal 0.659298 0.751882 -0
    outer loop
      vertex -11.7197 -1.78504 4.5
      vertex -11.941 -1.59099 10
      vertex -11.7197 -1.78504 10
    endloop
  endfacet
  facet normal 0.659298 0.751882 0
    outer loop
      vertex -11.941 -1.59099 10
      vertex -11.7197 -1.78504 4.5
      vertex -11.941 -1.59099 4.5
    endloop
  endfacet
  facet normal 0.89697 0.442091 0
    outer loop
      vertex -12.2986 -1.125 10
      vertex -12.4287 -0.861037 4.5
      vertex -12.4287 -0.861037 10
    endloop
  endfacet
  facet normal 0.89697 0.442091 0
    outer loop
      vertex -12.4287 -0.861037 4.5
      vertex -12.2986 -1.125 10
      vertex -12.2986 -1.125 4.5
    endloop
  endfacet
  facet normal -0.946934 -0.321427 0
    outer loop
      vertex -8.17667 0.582342 4.5
      vertex -8.27127 0.861037 10
      vertex -8.27127 0.861037 4.5
    endloop
  endfacet
  facet normal -0.946934 -0.321427 0
    outer loop
      vertex -8.27127 0.861037 10
      vertex -8.17667 0.582342 4.5
      vertex -8.17667 0.582342 10
    endloop
  endfacet
  facet normal -0.555594 -0.831454 0
    outer loop
      vertex -9.225 1.94856 4.5
      vertex -8.98029 1.78504 10
      vertex -9.225 1.94856 10
    endloop
  endfacet
  facet normal -0.555594 -0.831454 -0
    outer loop
      vertex -8.98029 1.78504 10
      vertex -9.225 1.94856 4.5
      vertex -8.98029 1.78504 4.5
    endloop
  endfacet
  facet normal -0.0654027 -0.997859 0
    outer loop
      vertex -10.35 2.25 4.5
      vertex -10.0563 2.23075 10
      vertex -10.35 2.25 10
    endloop
  endfacet
  facet normal -0.0654027 -0.997859 -0
    outer loop
      vertex -10.0563 2.23075 10
      vertex -10.35 2.25 4.5
      vertex -10.0563 2.23075 4.5
    endloop
  endfacet
  facet normal 0.99787 -0.0652373 0
    outer loop
      vertex -12.6 0 10
      vertex -12.5808 0.293683 4.5
      vertex -12.5808 0.293683 10
    endloop
  endfacet
  facet normal 0.99787 -0.0652373 0
    outer loop
      vertex -12.5808 0.293683 4.5
      vertex -12.6 0 10
      vertex -12.6 0 4.5
    endloop
  endfacet
  facet normal 0.831328 -0.555782 0
    outer loop
      vertex -12.2986 1.125 10
      vertex -12.135 1.36971 4.5
      vertex -12.135 1.36971 10
    endloop
  endfacet
  facet normal 0.831328 -0.555782 0
    outer loop
      vertex -12.135 1.36971 4.5
      vertex -12.2986 1.125 10
      vertex -12.2986 1.125 4.5
    endloop
  endfacet
  facet normal 0.0654027 -0.997859 0
    outer loop
      vertex -10.6437 2.23075 4.5
      vertex -10.35 2.25 10
      vertex -10.6437 2.23075 10
    endloop
  endfacet
  facet normal 0.0654027 -0.997859 0
    outer loop
      vertex -10.35 2.25 10
      vertex -10.6437 2.23075 4.5
      vertex -10.35 2.25 4.5
    endloop
  endfacet
  facet normal 0.555609 -0.831443 0
    outer loop
      vertex -11.7197 1.78504 4.5
      vertex -11.475 1.94856 10
      vertex -11.7197 1.78504 10
    endloop
  endfacet
  facet normal 0.555609 -0.831443 0
    outer loop
      vertex -11.475 1.94856 10
      vertex -11.7197 1.78504 4.5
      vertex -11.475 1.94856 4.5
    endloop
  endfacet
  facet normal 0.442233 -0.8969 0
    outer loop
      vertex -11.475 1.94856 4.5
      vertex -11.211 2.07873 10
      vertex -11.475 1.94856 10
    endloop
  endfacet
  facet normal 0.442233 -0.8969 0
    outer loop
      vertex -11.211 2.07873 10
      vertex -11.475 1.94856 4.5
      vertex -11.211 2.07873 4.5
    endloop
  endfacet
  facet normal -0.997859 -0.0654065 0
    outer loop
      vertex -8.1 0 4.5
      vertex -8.11925 0.293683 10
      vertex -8.11925 0.293683 4.5
    endloop
  endfacet
  facet normal -0.997859 -0.0654065 0
    outer loop
      vertex -8.11925 0.293683 10
      vertex -8.1 0 4.5
      vertex -8.1 0 10
    endloop
  endfacet
  facet normal -0.997859 0.0654065 0
    outer loop
      vertex -8.11925 -0.293683 4.5
      vertex -8.1 0 10
      vertex -8.1 0 4.5
    endloop
  endfacet
  facet normal -0.997859 0.0654065 0
    outer loop
      vertex -8.1 0 10
      vertex -8.11925 -0.293683 4.5
      vertex -8.11925 -0.293683 10
    endloop
  endfacet
  facet normal -0.980784 0.195097 0
    outer loop
      vertex -8.17667 -0.582342 4.5
      vertex -8.11925 -0.293683 10
      vertex -8.11925 -0.293683 4.5
    endloop
  endfacet
  facet normal -0.980784 0.195097 0
    outer loop
      vertex -8.11925 -0.293683 10
      vertex -8.17667 -0.582342 4.5
      vertex -8.17667 -0.582342 10
    endloop
  endfacet
  facet normal -0.0654027 0.997859 0
    outer loop
      vertex -10.0563 -2.23075 4.5
      vertex -10.35 -2.25 10
      vertex -10.0563 -2.23075 10
    endloop
  endfacet
  facet normal -0.0654027 0.997859 0
    outer loop
      vertex -10.35 -2.25 10
      vertex -10.0563 -2.23075 4.5
      vertex -10.35 -2.25 4.5
    endloop
  endfacet
  facet normal -0.751835 0.659351 0
    outer loop
      vertex -8.75901 -1.59099 4.5
      vertex -8.56495 -1.36971 10
      vertex -8.56495 -1.36971 4.5
    endloop
  endfacet
  facet normal -0.751835 0.659351 0
    outer loop
      vertex -8.56495 -1.36971 10
      vertex -8.75901 -1.59099 4.5
      vertex -8.75901 -1.59099 10
    endloop
  endfacet
  facet normal -0.555594 0.831454 0
    outer loop
      vertex -8.98029 -1.78504 4.5
      vertex -9.225 -1.94856 10
      vertex -8.98029 -1.78504 10
    endloop
  endfacet
  facet normal -0.555594 0.831454 0
    outer loop
      vertex -9.225 -1.94856 10
      vertex -8.98029 -1.78504 4.5
      vertex -9.225 -1.94856 4.5
    endloop
  endfacet
  facet normal 0.0654027 0.997859 -0
    outer loop
      vertex -10.35 -2.25 4.5
      vertex -10.6437 -2.23075 10
      vertex -10.35 -2.25 10
    endloop
  endfacet
  facet normal 0.0654027 0.997859 0
    outer loop
      vertex -10.6437 -2.23075 10
      vertex -10.35 -2.25 4.5
      vertex -10.6437 -2.23075 4.5
    endloop
  endfacet
  facet normal 0.555609 0.831443 -0
    outer loop
      vertex -11.475 -1.94856 4.5
      vertex -11.7197 -1.78504 10
      vertex -11.475 -1.94856 10
    endloop
  endfacet
  facet normal 0.555609 0.831443 0
    outer loop
      vertex -11.7197 -1.78504 10
      vertex -11.475 -1.94856 4.5
      vertex -11.7197 -1.78504 4.5
    endloop
  endfacet
  facet normal 0.946934 0.321427 0
    outer loop
      vertex -12.4287 -0.861037 10
      vertex -12.5233 -0.582342 4.5
      vertex -12.5233 -0.582342 10
    endloop
  endfacet
  facet normal 0.946934 0.321427 0
    outer loop
      vertex -12.5233 -0.582342 4.5
      vertex -12.4287 -0.861037 10
      vertex -12.4287 -0.861037 4.5
    endloop
  endfacet
  facet normal 0.99787 0.0652373 0
    outer loop
      vertex -12.5808 -0.293683 10
      vertex -12.6 0 4.5
      vertex -12.6 0 10
    endloop
  endfacet
  facet normal 0.99787 0.0652373 0
    outer loop
      vertex -12.6 0 4.5
      vertex -12.5808 -0.293683 10
      vertex -12.5808 -0.293683 4.5
    endloop
  endfacet
  facet normal 0.831328 0.555782 0
    outer loop
      vertex -12.135 -1.36971 10
      vertex -12.2986 -1.125 4.5
      vertex -12.2986 -1.125 10
    endloop
  endfacet
  facet normal 0.831328 0.555782 0
    outer loop
      vertex -12.2986 -1.125 4.5
      vertex -12.135 -1.36971 10
      vertex -12.135 -1.36971 4.5
    endloop
  endfacet
  facet normal -0.896876 0.442283 0
    outer loop
      vertex -8.40144 -1.125 4.5
      vertex -8.27127 -0.861037 10
      vertex -8.27127 -0.861037 4.5
    endloop
  endfacet
  facet normal -0.896876 0.442283 0
    outer loop
      vertex -8.27127 -0.861037 10
      vertex -8.40144 -1.125 4.5
      vertex -8.40144 -1.125 10
    endloop
  endfacet
  facet normal -0.19511 0.980781 0
    outer loop
      vertex -9.76766 -2.17333 4.5
      vertex -10.0563 -2.23075 10
      vertex -9.76766 -2.17333 10
    endloop
  endfacet
  facet normal -0.19511 0.980781 0
    outer loop
      vertex -10.0563 -2.23075 10
      vertex -9.76766 -2.17333 4.5
      vertex -10.0563 -2.23075 4.5
    endloop
  endfacet
  facet normal -0.659332 0.751852 0
    outer loop
      vertex -8.75901 -1.59099 4.5
      vertex -8.98029 -1.78504 10
      vertex -8.75901 -1.59099 10
    endloop
  endfacet
  facet normal -0.659332 0.751852 0
    outer loop
      vertex -8.98029 -1.78504 10
      vertex -8.75901 -1.59099 4.5
      vertex -8.98029 -1.78504 4.5
    endloop
  endfacet
  facet normal 0.980732 0.195359 0
    outer loop
      vertex -12.5233 -0.582342 10
      vertex -12.5808 -0.293683 4.5
      vertex -12.5808 -0.293683 10
    endloop
  endfacet
  facet normal 0.980732 0.195359 0
    outer loop
      vertex -12.5808 -0.293683 4.5
      vertex -12.5233 -0.582342 10
      vertex -12.5233 -0.582342 4.5
    endloop
  endfacet
  facet normal 0.751936 0.659236 0
    outer loop
      vertex -11.941 -1.59099 10
      vertex -12.135 -1.36971 4.5
      vertex -12.135 -1.36971 10
    endloop
  endfacet
  facet normal 0.751936 0.659236 0
    outer loop
      vertex -12.135 -1.36971 4.5
      vertex -11.941 -1.59099 10
      vertex -11.941 -1.59099 4.5
    endloop
  endfacet
  facet normal -0.83147 0.55557 0
    outer loop
      vertex -8.56495 -1.36971 4.5
      vertex -8.40144 -1.125 10
      vertex -8.40144 -1.125 4.5
    endloop
  endfacet
  facet normal -0.83147 0.55557 0
    outer loop
      vertex -8.40144 -1.125 10
      vertex -8.56495 -1.36971 4.5
      vertex -8.56495 -1.36971 10
    endloop
  endfacet
  facet normal -0.997859 -0.0653997 0
    outer loop
      vertex -6.6 0 0
      vertex -6.63208 0.489472 4.5
      vertex -6.63208 0.489472 0
    endloop
  endfacet
  facet normal -0.997859 -0.0653997 0
    outer loop
      vertex -6.63208 0.489472 4.5
      vertex -6.6 0 0
      vertex -6.6 0 4.5
    endloop
  endfacet
  facet normal 0.997856 -0.0654403 0
    outer loop
      vertex -14.1 0 4.5
      vertex -14.0679 0.489472 0
      vertex -14.0679 0.489472 4.5
    endloop
  endfacet
  facet normal 0.997856 -0.0654403 0
    outer loop
      vertex -14.0679 0.489472 0
      vertex -14.1 0 4.5
      vertex -14.1 0 0
    endloop
  endfacet
  facet normal -0.0654 -0.997859 0
    outer loop
      vertex -10.35 3.75 0
      vertex -9.86053 3.71792 4.5
      vertex -10.35 3.75 4.5
    endloop
  endfacet
  facet normal -0.0654 -0.997859 -0
    outer loop
      vertex -9.86053 3.71792 4.5
      vertex -10.35 3.75 0
      vertex -9.86053 3.71792 0
    endloop
  endfacet
  facet normal -0.75183 -0.659357 0
    outer loop
      vertex -7.37492 2.28286 0
      vertex -7.69835 2.65165 4.5
      vertex -7.69835 2.65165 0
    endloop
  endfacet
  facet normal -0.75183 -0.659357 0
    outer loop
      vertex -7.69835 2.65165 4.5
      vertex -7.37492 2.28286 0
      vertex -7.37492 2.28286 4.5
    endloop
  endfacet
  facet normal 0.659437 -0.75176 0
    outer loop
      vertex -13.0016 2.65165 0
      vertex -12.6329 2.97507 4.5
      vertex -13.0016 2.65165 4.5
    endloop
  endfacet
  facet normal 0.659437 -0.75176 0
    outer loop
      vertex -12.6329 2.97507 4.5
      vertex -13.0016 2.65165 0
      vertex -12.6329 2.97507 0
    endloop
  endfacet
  facet normal 0.321428 -0.946934 0
    outer loop
      vertex -11.7851 3.46455 0
      vertex -11.3206 3.62222 4.5
      vertex -11.7851 3.46455 4.5
    endloop
  endfacet
  facet normal 0.321428 -0.946934 0
    outer loop
      vertex -11.3206 3.62222 4.5
      vertex -11.7851 3.46455 0
      vertex -11.3206 3.62222 0
    endloop
  endfacet
  facet normal -0.946932 -0.321434 0
    outer loop
      vertex -6.72778 0.970571 0
      vertex -6.88545 1.43506 4.5
      vertex -6.88545 1.43506 0
    endloop
  endfacet
  facet normal -0.946932 -0.321434 0
    outer loop
      vertex -6.88545 1.43506 4.5
      vertex -6.72778 0.970571 0
      vertex -6.72778 0.970571 4.5
    endloop
  endfacet
  facet normal -0.980784 -0.195097 0
    outer loop
      vertex -6.63208 0.489472 0
      vertex -6.72778 0.970571 4.5
      vertex -6.72778 0.970571 0
    endloop
  endfacet
  facet normal -0.980784 -0.195097 0
    outer loop
      vertex -6.72778 0.970571 4.5
      vertex -6.63208 0.489472 0
      vertex -6.63208 0.489472 4.5
    endloop
  endfacet
  facet normal -0.896876 -0.442281 0
    outer loop
      vertex -6.88545 1.43506 0
      vertex -7.1024 1.875 4.5
      vertex -7.1024 1.875 0
    endloop
  endfacet
  facet normal -0.896876 -0.442281 0
    outer loop
      vertex -7.1024 1.875 4.5
      vertex -6.88545 1.43506 0
      vertex -6.88545 1.43506 4.5
    endloop
  endfacet
  facet normal -0.442298 -0.896868 0
    outer loop
      vertex -8.91494 3.46455 0
      vertex -8.475 3.24759 4.5
      vertex -8.91494 3.46455 4.5
    endloop
  endfacet
  facet normal -0.442298 -0.896868 -0
    outer loop
      vertex -8.475 3.24759 4.5
      vertex -8.91494 3.46455 0
      vertex -8.475 3.24759 0
    endloop
  endfacet
  facet normal -0.321434 -0.946932 0
    outer loop
      vertex -9.37943 3.62222 0
      vertex -8.91494 3.46455 4.5
      vertex -9.37943 3.62222 4.5
    endloop
  endfacet
  facet normal -0.321434 -0.946932 -0
    outer loop
      vertex -8.91494 3.46455 4.5
      vertex -9.37943 3.62222 0
      vertex -8.91494 3.46455 0
    endloop
  endfacet
  facet normal -0.555566 -0.831473 0
    outer loop
      vertex -8.475 3.24759 0
      vertex -8.06714 2.97507 4.5
      vertex -8.475 3.24759 4.5
    endloop
  endfacet
  facet normal -0.555566 -0.831473 -0
    outer loop
      vertex -8.06714 2.97507 4.5
      vertex -8.475 3.24759 0
      vertex -8.06714 2.97507 0
    endloop
  endfacet
  facet normal 0.896917 -0.442199 0
    outer loop
      vertex -13.8145 1.43506 4.5
      vertex -13.5976 1.875 0
      vertex -13.5976 1.875 4.5
    endloop
  endfacet
  facet normal 0.896917 -0.442199 0
    outer loop
      vertex -13.5976 1.875 0
      vertex -13.8145 1.43506 4.5
      vertex -13.8145 1.43506 0
    endloop
  endfacet
  facet normal 0.946913 -0.321489 0
    outer loop
      vertex -13.9722 0.970571 4.5
      vertex -13.8145 1.43506 0
      vertex -13.8145 1.43506 4.5
    endloop
  endfacet
  facet normal 0.946913 -0.321489 0
    outer loop
      vertex -13.8145 1.43506 0
      vertex -13.9722 0.970571 4.5
      vertex -13.9722 0.970571 0
    endloop
  endfacet
  facet normal 0.065396 -0.997859 0
    outer loop
      vertex -10.8395 3.71792 0
      vertex -10.35 3.75 4.5
      vertex -10.8395 3.71792 4.5
    endloop
  endfacet
  facet normal 0.065396 -0.997859 0
    outer loop
      vertex -10.35 3.75 4.5
      vertex -10.8395 3.71792 0
      vertex -10.35 3.75 0
    endloop
  endfacet
  facet normal -0.442298 0.896868 0
    outer loop
      vertex -8.475 -3.24759 0
      vertex -8.91494 -3.46455 4.5
      vertex -8.475 -3.24759 4.5
    endloop
  endfacet
  facet normal -0.442298 0.896868 0
    outer loop
      vertex -8.91494 -3.46455 4.5
      vertex -8.475 -3.24759 0
      vertex -8.91494 -3.46455 0
    endloop
  endfacet
  facet normal -0.980784 0.195097 0
    outer loop
      vertex -6.72778 -0.970571 0
      vertex -6.63208 -0.489472 4.5
      vertex -6.63208 -0.489472 0
    endloop
  endfacet
  facet normal -0.980784 0.195097 0
    outer loop
      vertex -6.63208 -0.489472 4.5
      vertex -6.72778 -0.970571 0
      vertex -6.72778 -0.970571 4.5
    endloop
  endfacet
  facet normal 0.659437 0.75176 -0
    outer loop
      vertex -12.6329 -2.97507 0
      vertex -13.0016 -2.65165 4.5
      vertex -12.6329 -2.97507 4.5
    endloop
  endfacet
  facet normal 0.659437 0.75176 0
    outer loop
      vertex -13.0016 -2.65165 4.5
      vertex -12.6329 -2.97507 0
      vertex -13.0016 -2.65165 0
    endloop
  endfacet
  facet normal 0.896917 0.442199 0
    outer loop
      vertex -13.5976 -1.875 4.5
      vertex -13.8145 -1.43506 0
      vertex -13.8145 -1.43506 4.5
    endloop
  endfacet
  facet normal 0.896917 0.442199 0
    outer loop
      vertex -13.8145 -1.43506 0
      vertex -13.5976 -1.875 4.5
      vertex -13.5976 -1.875 0
    endloop
  endfacet
  facet normal -0.831473 -0.555566 0
    outer loop
      vertex -7.1024 1.875 0
      vertex -7.37492 2.28286 4.5
      vertex -7.37492 2.28286 0
    endloop
  endfacet
  facet normal -0.831473 -0.555566 0
    outer loop
      vertex -7.37492 2.28286 4.5
      vertex -7.1024 1.875 0
      vertex -7.1024 1.875 4.5
    endloop
  endfacet
  facet normal -0.195097 -0.980784 0
    outer loop
      vertex -9.86053 3.71792 0
      vertex -9.37943 3.62222 4.5
      vertex -9.86053 3.71792 4.5
    endloop
  endfacet
  facet normal -0.195097 -0.980784 -0
    outer loop
      vertex -9.37943 3.62222 4.5
      vertex -9.86053 3.71792 0
      vertex -9.37943 3.62222 0
    endloop
  endfacet
  facet normal -0.659346 -0.75184 0
    outer loop
      vertex -8.06714 2.97507 0
      vertex -7.69835 2.65165 4.5
      vertex -8.06714 2.97507 4.5
    endloop
  endfacet
  facet normal -0.659346 -0.75184 -0
    outer loop
      vertex -7.69835 2.65165 4.5
      vertex -8.06714 2.97507 0
      vertex -7.69835 2.65165 0
    endloop
  endfacet
  facet normal 0.831492 -0.555537 0
    outer loop
      vertex -13.5976 1.875 4.5
      vertex -13.3251 2.28286 0
      vertex -13.3251 2.28286 4.5
    endloop
  endfacet
  facet normal 0.831492 -0.555537 0
    outer loop
      vertex -13.3251 2.28286 0
      vertex -13.5976 1.875 4.5
      vertex -13.5976 1.875 0
    endloop
  endfacet
  facet normal 0.751759 -0.659438 0
    outer loop
      vertex -13.3251 2.28286 4.5
      vertex -13.0016 2.65165 0
      vertex -13.0016 2.65165 4.5
    endloop
  endfacet
  facet normal 0.751759 -0.659438 0
    outer loop
      vertex -13.0016 2.65165 0
      vertex -13.3251 2.28286 4.5
      vertex -13.3251 2.28286 0
    endloop
  endfacet
  facet normal 0.980784 -0.195097 0
    outer loop
      vertex -14.0679 0.489472 4.5
      vertex -13.9722 0.970571 0
      vertex -13.9722 0.970571 4.5
    endloop
  endfacet
  facet normal 0.980784 -0.195097 0
    outer loop
      vertex -13.9722 0.970571 0
      vertex -14.0679 0.489472 4.5
      vertex -14.0679 0.489472 0
    endloop
  endfacet
  facet normal 0 0 -1
    outer loop
      vertex -8.1 0 4.5
      vertex -6.6 0 4.5
      vertex -6.63208 -0.489472 4.5
    endloop
  endfacet
  facet normal 0 0 -1
    outer loop
      vertex -8.11925 -0.293683 4.5
      vertex -6.63208 -0.489472 4.5
      vertex -6.72778 -0.970571 4.5
    endloop
  endfacet
  facet normal 0 0 -1
    outer loop
      vertex -6.6 0 4.5
      vertex -8.1 0 4.5
      vertex -6.63208 0.489472 4.5
    endloop
  endfacet
  facet normal 0 0 -1
    outer loop
      vertex -8.17667 -0.582342 4.5
      vertex -6.72778 -0.970571 4.5
      vertex -6.88545 -1.43506 4.5
    endloop
  endfacet
  facet normal 0 0 -1
    outer loop
      vertex -8.11925 0.293683 4.5
      vertex -6.63208 0.489472 4.5
      vertex -8.1 0 4.5
    endloop
  endfacet
  facet normal 0 0 -1
    outer loop
      vertex -8.27127 -0.861037 4.5
      vertex -6.88545 -1.43506 4.5
      vertex -7.1024 -1.875 4.5
    endloop
  endfacet
  facet normal -0 0 -1
    outer loop
      vertex -6.63208 0.489472 4.5
      vertex -8.11925 0.293683 4.5
      vertex -6.72778 0.970571 4.5
    endloop
  endfacet
  facet normal 0 0 -1
    outer loop
      vertex -8.40144 -1.125 4.5
      vertex -7.1024 -1.875 4.5
      vertex -7.37492 -2.28286 4.5
    endloop
  endfacet
  facet normal 0 0 -1
    outer loop
      vertex -8.17667 0.582342 4.5
      vertex -6.72778 0.970571 4.5
      vertex -8.11925 0.293683 4.5
    endloop
  endfacet
  facet normal 0 0 -1
    outer loop
      vertex -8.56495 -1.36971 4.5
      vertex -7.37492 -2.28286 4.5
      vertex -7.69835 -2.65165 4.5
    endloop
  endfacet
  facet normal -0 0 -1
    outer loop
      vertex -6.72778 0.970571 4.5
      vertex -8.17667 0.582342 4.5
      vertex -6.88545 1.43506 4.5
    endloop
  endfacet
  facet normal 0 0 -1
    outer loop
      vertex -8.75901 -1.59099 4.5
      vertex -7.69835 -2.65165 4.5
      vertex -8.06714 -2.97507 4.5
    endloop
  endfacet
  facet normal 0 0 -1
    outer loop
      vertex -8.27127 0.861037 4.5
      vertex -6.88545 1.43506 4.5
      vertex -8.17667 0.582342 4.5
    endloop
  endfacet
  facet normal -0 0 -1
    outer loop
      vertex -6.88545 1.43506 4.5
      vertex -8.27127 0.861037 4.5
      vertex -7.1024 1.875 4.5
    endloop
  endfacet
  facet normal 0 0 -1
    outer loop
      vertex -6.63208 -0.489472 4.5
      vertex -8.11925 -0.293683 4.5
      vertex -8.1 0 4.5
    endloop
  endfacet
  facet normal 0 0 -1
    outer loop
      vertex -6.72778 -0.970571 4.5
      vertex -8.17667 -0.582342 4.5
      vertex -8.11925 -0.293683 4.5
    endloop
  endfacet
  facet normal 0 0 -1
    outer loop
      vertex -6.88545 -1.43506 4.5
      vertex -8.27127 -0.861037 4.5
      vertex -8.17667 -0.582342 4.5
    endloop
  endfacet
  facet normal 0 0 -1
    outer loop
      vertex -7.1024 -1.875 4.5
      vertex -8.40144 -1.125 4.5
      vertex -8.27127 -0.861037 4.5
    endloop
  endfacet
  facet normal 0 0 -1
    outer loop
      vertex -8.98029 -1.78504 4.5
      vertex -8.06714 -2.97507 4.5
      vertex -8.475 -3.24759 4.5
    endloop
  endfacet
  facet normal 0 0 -1
    outer loop
      vertex -7.37492 -2.28286 4.5
      vertex -8.56495 -1.36971 4.5
      vertex -8.40144 -1.125 4.5
    endloop
  endfacet
  facet normal 0 0 -1
    outer loop
      vertex -7.69835 -2.65165 4.5
      vertex -8.75901 -1.59099 4.5
      vertex -8.56495 -1.36971 4.5
    endloop
  endfacet
  facet normal 0 0 -1
    outer loop
      vertex -9.225 -1.94856 4.5
      vertex -8.475 -3.24759 4.5
      vertex -8.91494 -3.46455 4.5
    endloop
  endfacet
  facet normal 0 0 -1
    outer loop
      vertex -8.06714 -2.97507 4.5
      vertex -8.98029 -1.78504 4.5
      vertex -8.75901 -1.59099 4.5
    endloop
  endfacet
  facet normal 0 0 -1
    outer loop
      vertex -8.475 -3.24759 4.5
      vertex -9.225 -1.94856 4.5
      vertex -8.98029 -1.78504 4.5
    endloop
  endfacet
  facet normal 0 0 -1
    outer loop
      vertex -9.48896 -2.07873 4.5
      vertex -8.91494 -3.46455 4.5
      vertex -9.37943 -3.62222 4.5
    endloop
  endfacet
  facet normal 0 0 -1
    outer loop
      vertex -8.91494 -3.46455 4.5
      vertex -9.48896 -2.07873 4.5
      vertex -9.225 -1.94856 4.5
    endloop
  endfacet
  facet normal 0 0 -1
    outer loop
      vertex -9.37943 -3.62222 4.5
      vertex -9.76766 -2.17333 4.5
      vertex -9.48896 -2.07873 4.5
    endloop
  endfacet
  facet normal 0 0 -1
    outer loop
      vertex -9.86053 -3.71792 4.5
      vertex -9.76766 -2.17333 4.5
      vertex -9.37943 -3.62222 4.5
    endloop
  endfacet
  facet normal 0 0 -1
    outer loop
      vertex -9.86053 -3.71792 4.5
      vertex -10.0563 -2.23075 4.5
      vertex -9.76766 -2.17333 4.5
    endloop
  endfacet
  facet normal 0 0 -1
    outer loop
      vertex -10.35 -3.75 4.5
      vertex -10.0563 -2.23075 4.5
      vertex -9.86053 -3.71792 4.5
    endloop
  endfacet
  facet normal 0 0 -1
    outer loop
      vertex -10.35 -3.75 4.5
      vertex -10.35 -2.25 4.5
      vertex -10.0563 -2.23075 4.5
    endloop
  endfacet
  facet normal 0 0 -1
    outer loop
      vertex -10.35 -3.75 4.5
      vertex -10.6437 -2.23075 4.5
      vertex -10.35 -2.25 4.5
    endloop
  endfacet
  facet normal 0 0 -1
    outer loop
      vertex -10.8395 -3.71792 4.5
      vertex -10.6437 -2.23075 4.5
      vertex -10.35 -3.75 4.5
    endloop
  endfacet
  facet normal 0 0 -1
    outer loop
      vertex -10.8395 -3.71792 4.5
      vertex -10.9323 -2.17333 4.5
      vertex -10.6437 -2.23075 4.5
    endloop
  endfacet
  facet normal 0 0 -1
    outer loop
      vertex -11.3206 -3.62222 4.5
      vertex -10.9323 -2.17333 4.5
      vertex -10.8395 -3.71792 4.5
    endloop
  endfacet
  facet normal -0 0 -1
    outer loop
      vertex -10.9323 -2.17333 4.5
      vertex -11.3206 -3.62222 4.5
      vertex -11.211 -2.07873 4.5
    endloop
  endfacet
  facet normal 0 0 -1
    outer loop
      vertex -11.7851 -3.46455 4.5
      vertex -11.211 -2.07873 4.5
      vertex -11.3206 -3.62222 4.5
    endloop
  endfacet
  facet normal -0 0 -1
    outer loop
      vertex -11.211 -2.07873 4.5
      vertex -11.7851 -3.46455 4.5
      vertex -11.475 -1.94856 4.5
    endloop
  endfacet
  facet normal 0 0 -1
    outer loop
      vertex -12.225 -3.24759 4.5
      vertex -11.475 -1.94856 4.5
      vertex -11.7851 -3.46455 4.5
    endloop
  endfacet
  facet normal -0 0 -1
    outer loop
      vertex -11.475 -1.94856 4.5
      vertex -12.225 -3.24759 4.5
      vertex -11.7197 -1.78504 4.5
    endloop
  endfacet
  facet normal 0 0 -1
    outer loop
      vertex -12.6329 -2.97507 4.5
      vertex -11.7197 -1.78504 4.5
      vertex -12.225 -3.24759 4.5
    endloop
  endfacet
  facet normal -0 0 -1
    outer loop
      vertex -11.7197 -1.78504 4.5
      vertex -12.6329 -2.97507 4.5
      vertex -11.941 -1.59099 4.5
    endloop
  endfacet
  facet normal 0 0 -1
    outer loop
      vertex -13.0016 -2.65165 4.5
      vertex -11.941 -1.59099 4.5
      vertex -12.6329 -2.97507 4.5
    endloop
  endfacet
  facet normal -0 0 -1
    outer loop
      vertex -11.941 -1.59099 4.5
      vertex -13.0016 -2.65165 4.5
      vertex -12.135 -1.36971 4.5
    endloop
  endfacet
  facet normal 0 0 -1
    outer loop
      vertex -13.3251 -2.28286 4.5
      vertex -12.135 -1.36971 4.5
      vertex -13.0016 -2.65165 4.5
    endloop
  endfacet
  facet normal -0 0 -1
    outer loop
      vertex -12.135 -1.36971 4.5
      vertex -13.3251 -2.28286 4.5
      vertex -12.2986 -1.125 4.5
    endloop
  endfacet
  facet normal -0 0 -1
    outer loop
      vertex -12.2986 -1.125 4.5
      vertex -13.5976 -1.875 4.5
      vertex -12.4287 -0.861037 4.5
    endloop
  endfacet
  facet normal 0 0 -1
    outer loop
      vertex -13.5976 -1.875 4.5
      vertex -12.2986 -1.125 4.5
      vertex -13.3251 -2.28286 4.5
    endloop
  endfacet
  facet normal 0 0 -1
    outer loop
      vertex -8.40144 1.125 4.5
      vertex -7.1024 1.875 4.5
      vertex -8.27127 0.861037 4.5
    endloop
  endfacet
  facet normal -0 0 -1
    outer loop
      vertex -7.1024 1.875 4.5
      vertex -8.40144 1.125 4.5
      vertex -7.37492 2.28286 4.5
    endloop
  endfacet
  facet normal 0 0 -1
    outer loop
      vertex -8.56495 1.36971 4.5
      vertex -7.37492 2.28286 4.5
      vertex -8.40144 1.125 4.5
    endloop
  endfacet
  facet normal -0 0 -1
    outer loop
      vertex -7.37492 2.28286 4.5
      vertex -8.56495 1.36971 4.5
      vertex -7.69835 2.65165 4.5
    endloop
  endfacet
  facet normal 0 0 -1
    outer loop
      vertex -8.75901 1.59099 4.5
      vertex -7.69835 2.65165 4.5
      vertex -8.56495 1.36971 4.5
    endloop
  endfacet
  facet normal -0 0 -1
    outer loop
      vertex -7.69835 2.65165 4.5
      vertex -8.75901 1.59099 4.5
      vertex -8.06714 2.97507 4.5
    endloop
  endfacet
  facet normal 0 0 -1
    outer loop
      vertex -8.98029 1.78504 4.5
      vertex -8.06714 2.97507 4.5
      vertex -8.75901 1.59099 4.5
    endloop
  endfacet
  facet normal -0 0 -1
    outer loop
      vertex -8.06714 2.97507 4.5
      vertex -8.98029 1.78504 4.5
      vertex -8.475 3.24759 4.5
    endloop
  endfacet
  facet normal 0 0 -1
    outer loop
      vertex -9.225 1.94856 4.5
      vertex -8.475 3.24759 4.5
      vertex -8.98029 1.78504 4.5
    endloop
  endfacet
  facet normal -0 0 -1
    outer loop
      vertex -8.475 3.24759 4.5
      vertex -9.225 1.94856 4.5
      vertex -8.91494 3.46455 4.5
    endloop
  endfacet
  facet normal 0 0 -1
    outer loop
      vertex -9.48896 2.07873 4.5
      vertex -8.91494 3.46455 4.5
      vertex -9.225 1.94856 4.5
    endloop
  endfacet
  facet normal -0 0 -1
    outer loop
      vertex -8.91494 3.46455 4.5
      vertex -9.48896 2.07873 4.5
      vertex -9.37943 3.62222 4.5
    endloop
  endfacet
  facet normal 0 0 -1
    outer loop
      vertex -9.76766 2.17333 4.5
      vertex -9.37943 3.62222 4.5
      vertex -9.48896 2.07873 4.5
    endloop
  endfacet
  facet normal 0 0 -1
    outer loop
      vertex -9.76766 2.17333 4.5
      vertex -9.86053 3.71792 4.5
      vertex -9.37943 3.62222 4.5
    endloop
  endfacet
  facet normal 0 0 -1
    outer loop
      vertex -10.0563 2.23075 4.5
      vertex -9.86053 3.71792 4.5
      vertex -9.76766 2.17333 4.5
    endloop
  endfacet
  facet normal 0 0 -1
    outer loop
      vertex -10.35 2.25 4.5
      vertex -9.86053 3.71792 4.5
      vertex -10.0563 2.23075 4.5
    endloop
  endfacet
  facet normal 0 0 -1
    outer loop
      vertex -10.35 2.25 4.5
      vertex -10.35 3.75 4.5
      vertex -9.86053 3.71792 4.5
    endloop
  endfacet
  facet normal 0 0 -1
    outer loop
      vertex -10.6437 2.23075 4.5
      vertex -10.35 3.75 4.5
      vertex -10.35 2.25 4.5
    endloop
  endfacet
  facet normal 0 0 -1
    outer loop
      vertex -10.6437 2.23075 4.5
      vertex -10.8395 3.71792 4.5
      vertex -10.35 3.75 4.5
    endloop
  endfacet
  facet normal 0 0 -1
    outer loop
      vertex -10.9323 2.17333 4.5
      vertex -10.8395 3.71792 4.5
      vertex -10.6437 2.23075 4.5
    endloop
  endfacet
  facet normal 0 0 -1
    outer loop
      vertex -11.3206 3.62222 4.5
      vertex -10.9323 2.17333 4.5
      vertex -11.211 2.07873 4.5
    endloop
  endfacet
  facet normal 0 0 -1
    outer loop
      vertex -10.9323 2.17333 4.5
      vertex -11.3206 3.62222 4.5
      vertex -10.8395 3.71792 4.5
    endloop
  endfacet
  facet normal 0 0 -1
    outer loop
      vertex -11.7851 3.46455 4.5
      vertex -11.211 2.07873 4.5
      vertex -11.475 1.94856 4.5
    endloop
  endfacet
  facet normal 0 0 -1
    outer loop
      vertex -12.225 3.24759 4.5
      vertex -11.475 1.94856 4.5
      vertex -11.7197 1.78504 4.5
    endloop
  endfacet
  facet normal 0 0 -1
    outer loop
      vertex -11.211 2.07873 4.5
      vertex -11.7851 3.46455 4.5
      vertex -11.3206 3.62222 4.5
    endloop
  endfacet
  facet normal 0 0 -1
    outer loop
      vertex -12.6329 2.97507 4.5
      vertex -11.7197 1.78504 4.5
      vertex -11.941 1.59099 4.5
    endloop
  endfacet
  facet normal 0 0 -1
    outer loop
      vertex -13.0016 2.65165 4.5
      vertex -11.941 1.59099 4.5
      vertex -12.135 1.36971 4.5
    endloop
  endfacet
  facet normal 0 0 -1
    outer loop
      vertex -11.475 1.94856 4.5
      vertex -12.225 3.24759 4.5
      vertex -11.7851 3.46455 4.5
    endloop
  endfacet
  facet normal 0 0 -1
    outer loop
      vertex -13.3251 2.28286 4.5
      vertex -12.135 1.36971 4.5
      vertex -12.2986 1.125 4.5
    endloop
  endfacet
  facet normal 0 0 -1
    outer loop
      vertex -13.5976 1.875 4.5
      vertex -12.2986 1.125 4.5
      vertex -12.4287 0.861037 4.5
    endloop
  endfacet
  facet normal 0 0 -1
    outer loop
      vertex -13.8145 1.43506 4.5
      vertex -12.4287 0.861037 4.5
      vertex -12.5233 0.582342 4.5
    endloop
  endfacet
  facet normal 0 0 -1
    outer loop
      vertex -13.9722 0.970571 4.5
      vertex -12.5233 0.582342 4.5
      vertex -12.5808 0.293683 4.5
    endloop
  endfacet
  facet normal 0 0 -1
    outer loop
      vertex -11.7197 1.78504 4.5
      vertex -12.6329 2.97507 4.5
      vertex -12.225 3.24759 4.5
    endloop
  endfacet
  facet normal 0 0 -1
    outer loop
      vertex -14.0679 0.489472 4.5
      vertex -12.5808 0.293683 4.5
      vertex -12.6 0 4.5
    endloop
  endfacet
  facet normal 0 0 -1
    outer loop
      vertex -13.8145 -1.43506 4.5
      vertex -12.4287 -0.861037 4.5
      vertex -13.5976 -1.875 4.5
    endloop
  endfacet
  facet normal -0 0 -1
    outer loop
      vertex -12.4287 -0.861037 4.5
      vertex -13.8145 -1.43506 4.5
      vertex -12.5233 -0.582342 4.5
    endloop
  endfacet
  facet normal 0 0 -1
    outer loop
      vertex -11.941 1.59099 4.5
      vertex -13.0016 2.65165 4.5
      vertex -12.6329 2.97507 4.5
    endloop
  endfacet
  facet normal 0 0 -1
    outer loop
      vertex -13.9722 -0.970571 4.5
      vertex -12.5233 -0.582342 4.5
      vertex -13.8145 -1.43506 4.5
    endloop
  endfacet
  facet normal 0 0 -1
    outer loop
      vertex -12.135 1.36971 4.5
      vertex -13.3251 2.28286 4.5
      vertex -13.0016 2.65165 4.5
    endloop
  endfacet
  facet normal -0 0 -1
    outer loop
      vertex -12.5233 -0.582342 4.5
      vertex -13.9722 -0.970571 4.5
      vertex -12.5808 -0.293683 4.5
    endloop
  endfacet
  facet normal 0 0 -1
    outer loop
      vertex -12.2986 1.125 4.5
      vertex -13.5976 1.875 4.5
      vertex -13.3251 2.28286 4.5
    endloop
  endfacet
  facet normal 0 0 -1
    outer loop
      vertex -14.0679 -0.489472 4.5
      vertex -12.5808 -0.293683 4.5
      vertex -13.9722 -0.970571 4.5
    endloop
  endfacet
  facet normal 0 0 -1
    outer loop
      vertex -12.4287 0.861037 4.5
      vertex -13.8145 1.43506 4.5
      vertex -13.5976 1.875 4.5
    endloop
  endfacet
  facet normal -0 0 -1
    outer loop
      vertex -12.5808 -0.293683 4.5
      vertex -14.0679 -0.489472 4.5
      vertex -12.6 0 4.5
    endloop
  endfacet
  facet normal 0 0 -1
    outer loop
      vertex -12.5233 0.582342 4.5
      vertex -13.9722 0.970571 4.5
      vertex -13.8145 1.43506 4.5
    endloop
  endfacet
  facet normal 0 0 -1
    outer loop
      vertex -14.1 0 4.5
      vertex -12.6 0 4.5
      vertex -14.0679 -0.489472 4.5
    endloop
  endfacet
  facet normal 0 0 -1
    outer loop
      vertex -12.5808 0.293683 4.5
      vertex -14.0679 0.489472 4.5
      vertex -13.9722 0.970571 4.5
    endloop
  endfacet
  facet normal 0 0 -1
    outer loop
      vertex -12.6 0 4.5
      vertex -14.1 0 4.5
      vertex -14.0679 0.489472 4.5
    endloop
  endfacet
  facet normal 0.44233 -0.896852 0
    outer loop
      vertex -12.225 3.24759 0
      vertex -11.7851 3.46455 4.5
      vertex -12.225 3.24759 4.5
    endloop
  endfacet
  facet normal 0.44233 -0.896852 0
    outer loop
      vertex -11.7851 3.46455 4.5
      vertex -12.225 3.24759 0
      vertex -11.7851 3.46455 0
    endloop
  endfacet
  facet normal 0.555528 -0.831498 0
    outer loop
      vertex -12.6329 2.97507 0
      vertex -12.225 3.24759 4.5
      vertex -12.6329 2.97507 4.5
    endloop
  endfacet
  facet normal 0.555528 -0.831498 0
    outer loop
      vertex -12.225 3.24759 4.5
      vertex -12.6329 2.97507 0
      vertex -12.225 3.24759 0
    endloop
  endfacet
  facet normal 0.195097 -0.980784 0
    outer loop
      vertex -11.3206 3.62222 0
      vertex -10.8395 3.71792 4.5
      vertex -11.3206 3.62222 4.5
    endloop
  endfacet
  facet normal 0.195097 -0.980784 0
    outer loop
      vertex -10.8395 3.71792 4.5
      vertex -11.3206 3.62222 0
      vertex -10.8395 3.71792 0
    endloop
  endfacet
  facet normal -0.0654 0.997859 0
    outer loop
      vertex -9.86053 -3.71792 0
      vertex -10.35 -3.75 4.5
      vertex -9.86053 -3.71792 4.5
    endloop
  endfacet
  facet normal -0.0654 0.997859 0
    outer loop
      vertex -10.35 -3.75 4.5
      vertex -9.86053 -3.71792 0
      vertex -10.35 -3.75 0
    endloop
  endfacet
  facet normal -0.321434 0.946932 0
    outer loop
      vertex -8.91494 -3.46455 0
      vertex -9.37943 -3.62222 4.5
      vertex -8.91494 -3.46455 4.5
    endloop
  endfacet
  facet normal -0.321434 0.946932 0
    outer loop
      vertex -9.37943 -3.62222 4.5
      vertex -8.91494 -3.46455 0
      vertex -9.37943 -3.62222 0
    endloop
  endfacet
  facet normal -0.555566 0.831473 0
    outer loop
      vertex -8.06714 -2.97507 0
      vertex -8.475 -3.24759 4.5
      vertex -8.06714 -2.97507 4.5
    endloop
  endfacet
  facet normal -0.555566 0.831473 0
    outer loop
      vertex -8.475 -3.24759 4.5
      vertex -8.06714 -2.97507 0
      vertex -8.475 -3.24759 0
    endloop
  endfacet
  facet normal -0.75183 0.659357 0
    outer loop
      vertex -7.69835 -2.65165 0
      vertex -7.37492 -2.28286 4.5
      vertex -7.37492 -2.28286 0
    endloop
  endfacet
  facet normal -0.75183 0.659357 0
    outer loop
      vertex -7.37492 -2.28286 4.5
      vertex -7.69835 -2.65165 0
      vertex -7.69835 -2.65165 4.5
    endloop
  endfacet
  facet normal -0.896876 0.442281 0
    outer loop
      vertex -7.1024 -1.875 0
      vertex -6.88545 -1.43506 4.5
      vertex -6.88545 -1.43506 0
    endloop
  endfacet
  facet normal -0.896876 0.442281 0
    outer loop
      vertex -6.88545 -1.43506 4.5
      vertex -7.1024 -1.875 0
      vertex -7.1024 -1.875 4.5
    endloop
  endfacet
  facet normal -0.997859 0.0653997 0
    outer loop
      vertex -6.63208 -0.489472 0
      vertex -6.6 0 4.5
      vertex -6.6 0 0
    endloop
  endfacet
  facet normal -0.997859 0.0653997 0
    outer loop
      vertex -6.6 0 4.5
      vertex -6.63208 -0.489472 0
      vertex -6.63208 -0.489472 4.5
    endloop
  endfacet
  facet normal 0.555528 0.831498 -0
    outer loop
      vertex -12.225 -3.24759 0
      vertex -12.6329 -2.97507 4.5
      vertex -12.225 -3.24759 4.5
    endloop
  endfacet
  facet normal 0.555528 0.831498 0
    outer loop
      vertex -12.6329 -2.97507 4.5
      vertex -12.225 -3.24759 0
      vertex -12.6329 -2.97507 0
    endloop
  endfacet
  facet normal 0.321428 0.946934 -0
    outer loop
      vertex -11.3206 -3.62222 0
      vertex -11.7851 -3.46455 4.5
      vertex -11.3206 -3.62222 4.5
    endloop
  endfacet
  facet normal 0.321428 0.946934 0
    outer loop
      vertex -11.7851 -3.46455 4.5
      vertex -11.3206 -3.62222 0
      vertex -11.7851 -3.46455 0
    endloop
  endfacet
  facet normal 0.065396 0.997859 -0
    outer loop
      vertex -10.35 -3.75 0
      vertex -10.8395 -3.71792 4.5
      vertex -10.35 -3.75 4.5
    endloop
  endfacet
  facet normal 0.065396 0.997859 0
    outer loop
      vertex -10.8395 -3.71792 4.5
      vertex -10.35 -3.75 0
      vertex -10.8395 -3.71792 0
    endloop
  endfacet
  facet normal 0.831492 0.555537 0
    outer loop
      vertex -13.3251 -2.28286 4.5
      vertex -13.5976 -1.875 0
      vertex -13.5976 -1.875 4.5
    endloop
  endfacet
  facet normal 0.831492 0.555537 0
    outer loop
      vertex -13.5976 -1.875 0
      vertex -13.3251 -2.28286 4.5
      vertex -13.3251 -2.28286 0
    endloop
  endfacet
  facet normal 0.946913 0.321489 0
    outer loop
      vertex -13.8145 -1.43506 4.5
      vertex -13.9722 -0.970571 0
      vertex -13.9722 -0.970571 4.5
    endloop
  endfacet
  facet normal 0.946913 0.321489 0
    outer loop
      vertex -13.9722 -0.970571 0
      vertex -13.8145 -1.43506 4.5
      vertex -13.8145 -1.43506 0
    endloop
  endfacet
  facet normal 0.997856 0.0654403 0
    outer loop
      vertex -14.0679 -0.489472 4.5
      vertex -14.1 0 0
      vertex -14.1 0 4.5
    endloop
  endfacet
  facet normal 0.997856 0.0654403 0
    outer loop
      vertex -14.1 0 0
      vertex -14.0679 -0.489472 4.5
      vertex -14.0679 -0.489472 0
    endloop
  endfacet
  facet normal -0.195097 0.980784 0
    outer loop
      vertex -9.37943 -3.62222 0
      vertex -9.86053 -3.71792 4.5
      vertex -9.37943 -3.62222 4.5
    endloop
  endfacet
  facet normal -0.195097 0.980784 0
    outer loop
      vertex -9.86053 -3.71792 4.5
      vertex -9.37943 -3.62222 0
      vertex -9.86053 -3.71792 0
    endloop
  endfacet
  facet normal -0.659346 0.75184 0
    outer loop
      vertex -7.69835 -2.65165 0
      vertex -8.06714 -2.97507 4.5
      vertex -7.69835 -2.65165 4.5
    endloop
  endfacet
  facet normal -0.659346 0.75184 0
    outer loop
      vertex -8.06714 -2.97507 4.5
      vertex -7.69835 -2.65165 0
      vertex -8.06714 -2.97507 0
    endloop
  endfacet
  facet normal -0.831473 0.555566 0
    outer loop
      vertex -7.37492 -2.28286 0
      vertex -7.1024 -1.875 4.5
      vertex -7.1024 -1.875 0
    endloop
  endfacet
  facet normal -0.831473 0.555566 0
    outer loop
      vertex -7.1024 -1.875 4.5
      vertex -7.37492 -2.28286 0
      vertex -7.37492 -2.28286 4.5
    endloop
  endfacet
  facet normal -0.946932 0.321434 0
    outer loop
      vertex -6.88545 -1.43506 0
      vertex -6.72778 -0.970571 4.5
      vertex -6.72778 -0.970571 0
    endloop
  endfacet
  facet normal -0.946932 0.321434 0
    outer loop
      vertex -6.72778 -0.970571 4.5
      vertex -6.88545 -1.43506 0
      vertex -6.88545 -1.43506 4.5
    endloop
  endfacet
  facet normal 0.44233 0.896852 -0
    outer loop
      vertex -11.7851 -3.46455 0
      vertex -12.225 -3.24759 4.5
      vertex -11.7851 -3.46455 4.5
    endloop
  endfacet
  facet normal 0.44233 0.896852 0
    outer loop
      vertex -12.225 -3.24759 4.5
      vertex -11.7851 -3.46455 0
      vertex -12.225 -3.24759 0
    endloop
  endfacet
  facet normal 0.195097 0.980784 -0
    outer loop
      vertex -10.8395 -3.71792 0
      vertex -11.3206 -3.62222 4.5
      vertex -10.8395 -3.71792 4.5
    endloop
  endfacet
  facet normal 0.195097 0.980784 0
    outer loop
      vertex -11.3206 -3.62222 4.5
      vertex -10.8395 -3.71792 0
      vertex -11.3206 -3.62222 0
    endloop
  endfacet
  facet normal 0.751759 0.659438 0
    outer loop
      vertex -13.0016 -2.65165 4.5
      vertex -13.3251 -2.28286 0
      vertex -13.3251 -2.28286 4.5
    endloop
  endfacet
  facet normal 0.751759 0.659438 0
    outer loop
      vertex -13.3251 -2.28286 0
      vertex -13.0016 -2.65165 4.5
      vertex -13.0016 -2.65165 0
    endloop
  endfacet
  facet normal 0.980784 0.195097 0
    outer loop
      vertex -13.9722 -0.970571 4.5
      vertex -14.0679 -0.489472 0
      vertex -14.0679 -0.489472 4.5
    endloop
  endfacet
  facet normal 0.980784 0.195097 0
    outer loop
      vertex -14.0679 -0.489472 0
      vertex -13.9722 -0.970571 4.5
      vertex -13.9722 -0.970571 0
    endloop
  endfacet
endsolid OpenSCAD_Model
