solid OpenSCAD_Model
  facet normal -0.946851 0.321671 0
    outer loop
      vertex 12.1548 -0.478354 0
      vertex 12.2074 -0.323524 5
      vertex 12.2074 -0.323524 0
    endloop
  endfacet
  facet normal -0.946851 0.321671 0
    outer loop
      vertex 12.2074 -0.323524 5
      vertex 12.1548 -0.478354 0
      vertex 12.1548 -0.478354 5
    endloop
  endfacet
  facet normal -0.997856 0.0654404 0
    outer loop
      vertex 12.2393 -0.163157 0
      vertex 12.25 0 5
      vertex 12.25 0 0
    endloop
  endfacet
  facet normal -0.997856 0.0654404 0
    outer loop
      vertex 12.25 0 5
      vertex 12.2393 -0.163157 0
      vertex 12.2393 -0.163157 5
    endloop
  endfacet
  facet normal -0.980784 0.195096 0
    outer loop
      vertex 12.2074 -0.323524 0
      vertex 12.2393 -0.163157 5
      vertex 12.2393 -0.163157 0
    endloop
  endfacet
  facet normal -0.980784 0.195096 0
    outer loop
      vertex 12.2393 -0.163157 5
      vertex 12.2074 -0.323524 0
      vertex 12.2074 -0.323524 5
    endloop
  endfacet
  facet normal -0.195175 0.980768 0
    outer loop
      vertex 11.3235 -1.20741 0
      vertex 11.1632 -1.23931 5
      vertex 11.3235 -1.20741 5
    endloop
  endfacet
  facet normal -0.195175 0.980768 0
    outer loop
      vertex 11.1632 -1.23931 5
      vertex 11.3235 -1.20741 0
      vertex 11.1632 -1.23931 0
    endloop
  endfacet
  facet normal 0.0653783 0.997861 -0
    outer loop
      vertex 7 -1.25 0
      vertex 6.83684 -1.23931 5
      vertex 7 -1.25 5
    endloop
  endfacet
  facet normal 0.0653783 0.997861 0
    outer loop
      vertex 6.83684 -1.23931 5
      vertex 7 -1.25 0
      vertex 6.83684 -1.23931 0
    endloop
  endfacet
  facet normal -0.0653624 -0.997862 0
    outer loop
      vertex 11 1.25 0
      vertex 11.1632 1.23931 5
      vertex 11 1.25 5
    endloop
  endfacet
  facet normal -0.0653624 -0.997862 -0
    outer loop
      vertex 11.1632 1.23931 5
      vertex 11 1.25 0
      vertex 11.1632 1.23931 0
    endloop
  endfacet
  facet normal 0.980784 -0.195096 0
    outer loop
      vertex 5.76069 0.163157 5
      vertex 5.79259 0.323524 0
      vertex 5.79259 0.323524 5
    endloop
  endfacet
  facet normal 0.980784 -0.195096 0
    outer loop
      vertex 5.79259 0.323524 0
      vertex 5.76069 0.163157 5
      vertex 5.76069 0.163157 0
    endloop
  endfacet
  facet normal 0.751835 0.659351 0
    outer loop
      vertex 6.11612 -0.883883 5
      vertex 6.00831 -0.760951 0
      vertex 6.00831 -0.760951 5
    endloop
  endfacet
  facet normal 0.751835 0.659351 0
    outer loop
      vertex 6.00831 -0.760951 0
      vertex 6.11612 -0.883883 5
      vertex 6.11612 -0.883883 0
    endloop
  endfacet
  facet normal -0.751865 0.659317 0
    outer loop
      vertex 11.8839 -0.883883 0
      vertex 11.9917 -0.760951 5
      vertex 11.9917 -0.760951 0
    endloop
  endfacet
  facet normal -0.751865 0.659317 0
    outer loop
      vertex 11.9917 -0.760951 5
      vertex 11.8839 -0.883883 0
      vertex 11.8839 -0.883883 5
    endloop
  endfacet
  facet normal -0.0653624 0.997862 0
    outer loop
      vertex 11.1632 -1.23931 0
      vertex 11 -1.25 5
      vertex 11.1632 -1.23931 5
    endloop
  endfacet
  facet normal -0.0653624 0.997862 0
    outer loop
      vertex 11 -1.25 5
      vertex 11.1632 -1.23931 0
      vertex 11 -1.25 0
    endloop
  endfacet
  facet normal 0 1 -0
    outer loop
      vertex 11 -1.25 0
      vertex 7 -1.25 5
      vertex 11 -1.25 5
    endloop
  endfacet
  facet normal 0 1 0
    outer loop
      vertex 7 -1.25 5
      vertex 11 -1.25 0
      vertex 7 -1.25 0
    endloop
  endfacet
  facet normal 0.195105 0.980782 -0
    outer loop
      vertex 6.83684 -1.23931 0
      vertex 6.67648 -1.20741 5
      vertex 6.83684 -1.23931 5
    endloop
  endfacet
  facet normal 0.195105 0.980782 0
    outer loop
      vertex 6.67648 -1.20741 5
      vertex 6.83684 -1.23931 0
      vertex 6.67648 -1.20741 0
    endloop
  endfacet
  facet normal 0 -1 0
    outer loop
      vertex 7 1.25 0
      vertex 11 1.25 5
      vertex 7 1.25 5
    endloop
  endfacet
  facet normal 0 -1 -0
    outer loop
      vertex 11 1.25 5
      vertex 7 1.25 0
      vertex 11 1.25 0
    endloop
  endfacet
  facet normal 0.321452 -0.946926 0
    outer loop
      vertex 6.52165 1.15485 0
      vertex 6.67648 1.20741 5
      vertex 6.52165 1.15485 5
    endloop
  endfacet
  facet normal 0.321452 -0.946926 0
    outer loop
      vertex 6.67648 1.20741 5
      vertex 6.52165 1.15485 0
      vertex 6.67648 1.20741 0
    endloop
  endfacet
  facet normal 0.980784 0.195096 0
    outer loop
      vertex 5.79259 -0.323524 5
      vertex 5.76069 -0.163157 0
      vertex 5.76069 -0.163157 5
    endloop
  endfacet
  facet normal 0.980784 0.195096 0
    outer loop
      vertex 5.76069 -0.163157 0
      vertex 5.79259 -0.323524 5
      vertex 5.79259 -0.323524 0
    endloop
  endfacet
  facet normal -0.896916 0.442201 0
    outer loop
      vertex 12.0825 -0.625 0
      vertex 12.1548 -0.478354 5
      vertex 12.1548 -0.478354 0
    endloop
  endfacet
  facet normal -0.896916 0.442201 0
    outer loop
      vertex 12.1548 -0.478354 5
      vertex 12.0825 -0.625 0
      vertex 12.0825 -0.625 5
    endloop
  endfacet
  facet normal -0.831581 0.555403 0
    outer loop
      vertex 11.9917 -0.760951 0
      vertex 12.0825 -0.625 5
      vertex 12.0825 -0.625 0
    endloop
  endfacet
  facet normal -0.831581 0.555403 0
    outer loop
      vertex 12.0825 -0.625 5
      vertex 11.9917 -0.760951 0
      vertex 11.9917 -0.760951 5
    endloop
  endfacet
  facet normal -0.321322 0.94697 0
    outer loop
      vertex 11.4784 -1.15485 0
      vertex 11.3235 -1.20741 5
      vertex 11.4784 -1.15485 5
    endloop
  endfacet
  facet normal -0.321322 0.94697 0
    outer loop
      vertex 11.3235 -1.20741 5
      vertex 11.4784 -1.15485 0
      vertex 11.3235 -1.20741 0
    endloop
  endfacet
  facet normal -0.442411 0.896812 0
    outer loop
      vertex 11.625 -1.08253 0
      vertex 11.4784 -1.15485 5
      vertex 11.625 -1.08253 5
    endloop
  endfacet
  facet normal -0.442411 0.896812 0
    outer loop
      vertex 11.4784 -1.15485 5
      vertex 11.625 -1.08253 0
      vertex 11.4784 -1.15485 0
    endloop
  endfacet
  facet normal -0.555425 0.831566 0
    outer loop
      vertex 11.761 -0.991692 0
      vertex 11.625 -1.08253 5
      vertex 11.761 -0.991692 5
    endloop
  endfacet
  facet normal -0.555425 0.831566 0
    outer loop
      vertex 11.625 -1.08253 5
      vertex 11.761 -0.991692 0
      vertex 11.625 -1.08253 0
    endloop
  endfacet
  facet normal 0.659354 0.751833 -0
    outer loop
      vertex 6.23905 -0.991692 0
      vertex 6.11612 -0.883883 5
      vertex 6.23905 -0.991692 5
    endloop
  endfacet
  facet normal 0.659354 0.751833 0
    outer loop
      vertex 6.11612 -0.883883 5
      vertex 6.23905 -0.991692 0
      vertex 6.11612 -0.883883 0
    endloop
  endfacet
  facet normal 0.321452 0.946926 -0
    outer loop
      vertex 6.67648 -1.20741 0
      vertex 6.52165 -1.15485 5
      vertex 6.67648 -1.20741 5
    endloop
  endfacet
  facet normal 0.321452 0.946926 0
    outer loop
      vertex 6.52165 -1.15485 5
      vertex 6.67648 -1.20741 0
      vertex 6.52165 -1.15485 0
    endloop
  endfacet
  facet normal 0.195105 -0.980782 0
    outer loop
      vertex 6.67648 1.20741 0
      vertex 6.83684 1.23931 5
      vertex 6.67648 1.20741 5
    endloop
  endfacet
  facet normal 0.195105 -0.980782 0
    outer loop
      vertex 6.83684 1.23931 5
      vertex 6.67648 1.20741 0
      vertex 6.83684 1.23931 0
    endloop
  endfacet
  facet normal 0.0653783 -0.997861 0
    outer loop
      vertex 6.83684 1.23931 0
      vertex 7 1.25 5
      vertex 6.83684 1.23931 5
    endloop
  endfacet
  facet normal 0.0653783 -0.997861 0
    outer loop
      vertex 7 1.25 5
      vertex 6.83684 1.23931 0
      vertex 7 1.25 0
    endloop
  endfacet
  facet normal 0.555566 -0.831472 0
    outer loop
      vertex 6.23905 0.991692 0
      vertex 6.375 1.08253 5
      vertex 6.23905 0.991692 5
    endloop
  endfacet
  facet normal 0.555566 -0.831472 0
    outer loop
      vertex 6.375 1.08253 5
      vertex 6.23905 0.991692 0
      vertex 6.375 1.08253 0
    endloop
  endfacet
  facet normal 0.896867 -0.442299 0
    outer loop
      vertex 5.84515 0.478354 5
      vertex 5.91747 0.625 0
      vertex 5.91747 0.625 5
    endloop
  endfacet
  facet normal 0.896867 -0.442299 0
    outer loop
      vertex 5.91747 0.625 0
      vertex 5.84515 0.478354 5
      vertex 5.84515 0.478354 0
    endloop
  endfacet
  facet normal 0.44229 -0.896872 0
    outer loop
      vertex 6.375 1.08253 0
      vertex 6.52165 1.15485 5
      vertex 6.375 1.08253 5
    endloop
  endfacet
  facet normal 0.44229 -0.896872 0
    outer loop
      vertex 6.52165 1.15485 5
      vertex 6.375 1.08253 0
      vertex 6.52165 1.15485 0
    endloop
  endfacet
  facet normal 0.946926 0.321452 0
    outer loop
      vertex 5.84515 -0.478354 5
      vertex 5.79259 -0.323524 0
      vertex 5.79259 -0.323524 5
    endloop
  endfacet
  facet normal 0.946926 0.321452 0
    outer loop
      vertex 5.79259 -0.323524 0
      vertex 5.84515 -0.478354 5
      vertex 5.84515 -0.478354 0
    endloop
  endfacet
  facet normal -0.659445 0.751753 0
    outer loop
      vertex 11.8839 -0.883883 0
      vertex 11.761 -0.991692 5
      vertex 11.8839 -0.883883 5
    endloop
  endfacet
  facet normal -0.659445 0.751753 0
    outer loop
      vertex 11.761 -0.991692 5
      vertex 11.8839 -0.883883 0
      vertex 11.761 -0.991692 0
    endloop
  endfacet
  facet normal 0.896867 0.442299 0
    outer loop
      vertex 5.91747 -0.625 5
      vertex 5.84515 -0.478354 0
      vertex 5.84515 -0.478354 5
    endloop
  endfacet
  facet normal 0.896867 0.442299 0
    outer loop
      vertex 5.84515 -0.478354 0
      vertex 5.91747 -0.625 5
      vertex 5.91747 -0.625 0
    endloop
  endfacet
  facet normal 0.831468 0.555572 0
    outer loop
      vertex 6.00831 -0.760951 5
      vertex 5.91747 -0.625 0
      vertex 5.91747 -0.625 5
    endloop
  endfacet
  facet normal 0.831468 0.555572 0
    outer loop
      vertex 5.91747 -0.625 0
      vertex 6.00831 -0.760951 5
      vertex 6.00831 -0.760951 0
    endloop
  endfacet
  facet normal -0.321322 -0.94697 0
    outer loop
      vertex 11.3235 1.20741 0
      vertex 11.4784 1.15485 5
      vertex 11.3235 1.20741 5
    endloop
  endfacet
  facet normal -0.321322 -0.94697 -0
    outer loop
      vertex 11.4784 1.15485 5
      vertex 11.3235 1.20741 0
      vertex 11.4784 1.15485 0
    endloop
  endfacet
  facet normal -0.442411 -0.896812 0
    outer loop
      vertex 11.4784 1.15485 0
      vertex 11.625 1.08253 5
      vertex 11.4784 1.15485 5
    endloop
  endfacet
  facet normal -0.442411 -0.896812 -0
    outer loop
      vertex 11.625 1.08253 5
      vertex 11.4784 1.15485 0
      vertex 11.625 1.08253 0
    endloop
  endfacet
  facet normal 0.946926 -0.321452 0
    outer loop
      vertex 5.79259 0.323524 5
      vertex 5.84515 0.478354 0
      vertex 5.84515 0.478354 5
    endloop
  endfacet
  facet normal 0.946926 -0.321452 0
    outer loop
      vertex 5.84515 0.478354 0
      vertex 5.79259 0.323524 5
      vertex 5.79259 0.323524 0
    endloop
  endfacet
  facet normal 0.751835 -0.659351 0
    outer loop
      vertex 6.00831 0.760951 5
      vertex 6.11612 0.883883 0
      vertex 6.11612 0.883883 5
    endloop
  endfacet
  facet normal 0.751835 -0.659351 0
    outer loop
      vertex 6.11612 0.883883 0
      vertex 6.00831 0.760951 5
      vertex 6.00831 0.760951 0
    endloop
  endfacet
  facet normal 0.659354 -0.751833 0
    outer loop
      vertex 6.11612 0.883883 0
      vertex 6.23905 0.991692 5
      vertex 6.11612 0.883883 5
    endloop
  endfacet
  facet normal 0.659354 -0.751833 0
    outer loop
      vertex 6.23905 0.991692 5
      vertex 6.11612 0.883883 0
      vertex 6.23905 0.991692 0
    endloop
  endfacet
  facet normal 0.99786 0.0653795 0
    outer loop
      vertex 5.76069 -0.163157 5
      vertex 5.75 0 0
      vertex 5.75 0 5
    endloop
  endfacet
  facet normal 0.99786 0.0653795 0
    outer loop
      vertex 5.75 0 0
      vertex 5.76069 -0.163157 5
      vertex 5.76069 -0.163157 0
    endloop
  endfacet
  facet normal 0.99786 -0.0653795 0
    outer loop
      vertex 5.75 0 5
      vertex 5.76069 0.163157 0
      vertex 5.76069 0.163157 5
    endloop
  endfacet
  facet normal 0.99786 -0.0653795 0
    outer loop
      vertex 5.76069 0.163157 0
      vertex 5.75 0 5
      vertex 5.75 0 0
    endloop
  endfacet
  facet normal 0.555566 0.831472 -0
    outer loop
      vertex 6.375 -1.08253 0
      vertex 6.23905 -0.991692 5
      vertex 6.375 -1.08253 5
    endloop
  endfacet
  facet normal 0.555566 0.831472 0
    outer loop
      vertex 6.23905 -0.991692 5
      vertex 6.375 -1.08253 0
      vertex 6.23905 -0.991692 0
    endloop
  endfacet
  facet normal 0.44229 0.896872 -0
    outer loop
      vertex 6.52165 -1.15485 0
      vertex 6.375 -1.08253 5
      vertex 6.52165 -1.15485 5
    endloop
  endfacet
  facet normal 0.44229 0.896872 0
    outer loop
      vertex 6.375 -1.08253 5
      vertex 6.52165 -1.15485 0
      vertex 6.375 -1.08253 0
    endloop
  endfacet
  facet normal -0.195175 -0.980768 0
    outer loop
      vertex 11.1632 1.23931 0
      vertex 11.3235 1.20741 5
      vertex 11.1632 1.23931 5
    endloop
  endfacet
  facet normal -0.195175 -0.980768 -0
    outer loop
      vertex 11.3235 1.20741 5
      vertex 11.1632 1.23931 0
      vertex 11.3235 1.20741 0
    endloop
  endfacet
  facet normal -0.751865 -0.659317 0
    outer loop
      vertex 11.9917 0.760951 0
      vertex 11.8839 0.883883 5
      vertex 11.8839 0.883883 0
    endloop
  endfacet
  facet normal -0.751865 -0.659317 0
    outer loop
      vertex 11.8839 0.883883 5
      vertex 11.9917 0.760951 0
      vertex 11.9917 0.760951 5
    endloop
  endfacet
  facet normal -0.831581 -0.555403 0
    outer loop
      vertex 12.0825 0.625 0
      vertex 11.9917 0.760951 5
      vertex 11.9917 0.760951 0
    endloop
  endfacet
  facet normal -0.831581 -0.555403 0
    outer loop
      vertex 11.9917 0.760951 5
      vertex 12.0825 0.625 0
      vertex 12.0825 0.625 5
    endloop
  endfacet
  facet normal 0.831468 -0.555572 0
    outer loop
      vertex 5.91747 0.625 5
      vertex 6.00831 0.760951 0
      vertex 6.00831 0.760951 5
    endloop
  endfacet
  facet normal 0.831468 -0.555572 0
    outer loop
      vertex 6.00831 0.760951 0
      vertex 5.91747 0.625 5
      vertex 5.91747 0.625 0
    endloop
  endfacet
  facet normal -0.555425 -0.831566 0
    outer loop
      vertex 11.625 1.08253 0
      vertex 11.761 0.991692 5
      vertex 11.625 1.08253 5
    endloop
  endfacet
  facet normal -0.555425 -0.831566 -0
    outer loop
      vertex 11.761 0.991692 5
      vertex 11.625 1.08253 0
      vertex 11.761 0.991692 0
    endloop
  endfacet
  facet normal -0.896916 -0.442201 0
    outer loop
      vertex 12.1548 0.478354 0
      vertex 12.0825 0.625 5
      vertex 12.0825 0.625 0
    endloop
  endfacet
  facet normal -0.896916 -0.442201 0
    outer loop
      vertex 12.0825 0.625 5
      vertex 12.1548 0.478354 0
      vertex 12.1548 0.478354 5
    endloop
  endfacet
  facet normal -0.946851 -0.321671 0
    outer loop
      vertex 12.2074 0.323524 0
      vertex 12.1548 0.478354 5
      vertex 12.1548 0.478354 0
    endloop
  endfacet
  facet normal -0.946851 -0.321671 0
    outer loop
      vertex 12.1548 0.478354 5
      vertex 12.2074 0.323524 0
      vertex 12.2074 0.323524 5
    endloop
  endfacet
  facet normal -0.980784 -0.195096 0
    outer loop
      vertex 12.2393 0.163157 0
      vertex 12.2074 0.323524 5
      vertex 12.2074 0.323524 0
    endloop
  endfacet
  facet normal -0.980784 -0.195096 0
    outer loop
      vertex 12.2074 0.323524 5
      vertex 12.2393 0.163157 0
      vertex 12.2393 0.163157 5
    endloop
  endfacet
  facet normal -0.997856 -0.0654404 0
    outer loop
      vertex 12.25 0 0
      vertex 12.2393 0.163157 5
      vertex 12.2393 0.163157 0
    endloop
  endfacet
  facet normal -0.997856 -0.0654404 0
    outer loop
      vertex 12.2393 0.163157 5
      vertex 12.25 0 0
      vertex 12.25 0 5
    endloop
  endfacet
  facet normal -0.659445 -0.751753 0
    outer loop
      vertex 11.761 0.991692 0
      vertex 11.8839 0.883883 5
      vertex 11.761 0.991692 5
    endloop
  endfacet
  facet normal -0.659445 -0.751753 -0
    outer loop
      vertex 11.8839 0.883883 5
      vertex 11.761 0.991692 0
      vertex 11.8839 0.883883 0
    endloop
  endfacet
  facet normal -0.321671 -0.946851 0
    outer loop
      vertex 0.323524 12.2074 0
      vertex 0.478354 12.1548 5
      vertex 0.323524 12.2074 5
    endloop
  endfacet
  facet normal -0.321671 -0.946851 -0
    outer loop
      vertex 0.478354 12.1548 5
      vertex 0.323524 12.2074 0
      vertex 0.478354 12.1548 0
    endloop
  endfacet
  facet normal -0.0654404 -0.997856 0
    outer loop
      vertex 0 12.25 0
      vertex 0.163157 12.2393 5
      vertex 0 12.25 5
    endloop
  endfacet
  facet normal -0.0654404 -0.997856 -0
    outer loop
      vertex 0.163157 12.2393 5
      vertex 0 12.25 0
      vertex 0.163157 12.2393 0
    endloop
  endfacet
  facet normal -0.195096 -0.980784 0
    outer loop
      vertex 0.163157 12.2393 0
      vertex 0.323524 12.2074 5
      vertex 0.163157 12.2393 5
    endloop
  endfacet
  facet normal -0.195096 -0.980784 -0
    outer loop
      vertex 0.323524 12.2074 5
      vertex 0.163157 12.2393 0
      vertex 0.323524 12.2074 0
    endloop
  endfacet
  facet normal -0.980768 -0.195175 0
    outer loop
      vertex 1.23931 11.1632 0
      vertex 1.20741 11.3235 5
      vertex 1.20741 11.3235 0
    endloop
  endfacet
  facet normal -0.980768 -0.195175 0
    outer loop
      vertex 1.20741 11.3235 5
      vertex 1.23931 11.1632 0
      vertex 1.23931 11.1632 5
    endloop
  endfacet
  facet normal -0.997861 0.0653783 0
    outer loop
      vertex 1.23931 6.83684 0
      vertex 1.25 7 5
      vertex 1.25 7 0
    endloop
  endfacet
  facet normal -0.997861 0.0653783 0
    outer loop
      vertex 1.25 7 5
      vertex 1.23931 6.83684 0
      vertex 1.23931 6.83684 5
    endloop
  endfacet
  facet normal 0.946926 0.321452 0
    outer loop
      vertex -1.15485 6.52165 5
      vertex -1.20741 6.67648 0
      vertex -1.20741 6.67648 5
    endloop
  endfacet
  facet normal 0.946926 0.321452 0
    outer loop
      vertex -1.20741 6.67648 0
      vertex -1.15485 6.52165 5
      vertex -1.15485 6.52165 0
    endloop
  endfacet
  facet normal 0.321452 0.946926 -0
    outer loop
      vertex -0.323524 5.79259 0
      vertex -0.478354 5.84515 5
      vertex -0.323524 5.79259 5
    endloop
  endfacet
  facet normal 0.321452 0.946926 0
    outer loop
      vertex -0.478354 5.84515 5
      vertex -0.323524 5.79259 0
      vertex -0.478354 5.84515 0
    endloop
  endfacet
  facet normal -0.659317 -0.751865 0
    outer loop
      vertex 0.760951 11.9917 0
      vertex 0.883883 11.8839 5
      vertex 0.760951 11.9917 5
    endloop
  endfacet
  facet normal -0.659317 -0.751865 -0
    outer loop
      vertex 0.883883 11.8839 5
      vertex 0.760951 11.9917 0
      vertex 0.883883 11.8839 0
    endloop
  endfacet
  facet normal -0.997862 -0.0653624 0
    outer loop
      vertex 1.25 11 0
      vertex 1.23931 11.1632 5
      vertex 1.23931 11.1632 0
    endloop
  endfacet
  facet normal -0.997862 -0.0653624 0
    outer loop
      vertex 1.23931 11.1632 5
      vertex 1.25 11 0
      vertex 1.25 11 5
    endloop
  endfacet
  facet normal -1 0 0
    outer loop
      vertex 1.25 7 0
      vertex 1.25 11 5
      vertex 1.25 11 0
    endloop
  endfacet
  facet normal -1 -0 0
    outer loop
      vertex 1.25 11 5
      vertex 1.25 7 0
      vertex 1.25 7 5
    endloop
  endfacet
  facet normal -0.659351 0.751835 0
    outer loop
      vertex 0.883883 6.11612 0
      vertex 0.760951 6.00831 5
      vertex 0.883883 6.11612 5
    endloop
  endfacet
  facet normal -0.659351 0.751835 0
    outer loop
      vertex 0.760951 6.00831 5
      vertex 0.883883 6.11612 0
      vertex 0.760951 6.00831 0
    endloop
  endfacet
  facet normal -0.980782 0.195105 0
    outer loop
      vertex 1.20741 6.67648 0
      vertex 1.23931 6.83684 5
      vertex 1.23931 6.83684 0
    endloop
  endfacet
  facet normal -0.980782 0.195105 0
    outer loop
      vertex 1.23931 6.83684 5
      vertex 1.20741 6.67648 0
      vertex 1.20741 6.67648 5
    endloop
  endfacet
  facet normal 1 -0 0
    outer loop
      vertex -1.25 7 5
      vertex -1.25 11 0
      vertex -1.25 11 5
    endloop
  endfacet
  facet normal 1 0 0
    outer loop
      vertex -1.25 11 0
      vertex -1.25 7 5
      vertex -1.25 7 0
    endloop
  endfacet
  facet normal 0.980782 0.195105 0
    outer loop
      vertex -1.20741 6.67648 5
      vertex -1.23931 6.83684 0
      vertex -1.23931 6.83684 5
    endloop
  endfacet
  facet normal 0.980782 0.195105 0
    outer loop
      vertex -1.23931 6.83684 0
      vertex -1.20741 6.67648 5
      vertex -1.20741 6.67648 0
    endloop
  endfacet
  facet normal -0.442201 -0.896916 0
    outer loop
      vertex 0.478354 12.1548 0
      vertex 0.625 12.0825 5
      vertex 0.478354 12.1548 5
    endloop
  endfacet
  facet normal -0.442201 -0.896916 -0
    outer loop
      vertex 0.625 12.0825 5
      vertex 0.478354 12.1548 0
      vertex 0.625 12.0825 0
    endloop
  endfacet
  facet normal -0.555403 -0.831581 0
    outer loop
      vertex 0.625 12.0825 0
      vertex 0.760951 11.9917 5
      vertex 0.625 12.0825 5
    endloop
  endfacet
  facet normal -0.555403 -0.831581 -0
    outer loop
      vertex 0.760951 11.9917 5
      vertex 0.625 12.0825 0
      vertex 0.760951 11.9917 0
    endloop
  endfacet
  facet normal -0.94697 -0.321322 0
    outer loop
      vertex 1.20741 11.3235 0
      vertex 1.15485 11.4784 5
      vertex 1.15485 11.4784 0
    endloop
  endfacet
  facet normal -0.94697 -0.321322 0
    outer loop
      vertex 1.15485 11.4784 5
      vertex 1.20741 11.3235 0
      vertex 1.20741 11.3235 5
    endloop
  endfacet
  facet normal -0.751833 0.659354 0
    outer loop
      vertex 0.883883 6.11612 0
      vertex 0.991692 6.23905 5
      vertex 0.991692 6.23905 0
    endloop
  endfacet
  facet normal -0.751833 0.659354 0
    outer loop
      vertex 0.991692 6.23905 5
      vertex 0.883883 6.11612 0
      vertex 0.883883 6.11612 5
    endloop
  endfacet
  facet normal -0.946926 0.321452 0
    outer loop
      vertex 1.15485 6.52165 0
      vertex 1.20741 6.67648 5
      vertex 1.20741 6.67648 0
    endloop
  endfacet
  facet normal -0.946926 0.321452 0
    outer loop
      vertex 1.20741 6.67648 5
      vertex 1.15485 6.52165 0
      vertex 1.15485 6.52165 5
    endloop
  endfacet
  facet normal 0.980768 -0.195175 0
    outer loop
      vertex -1.23931 11.1632 5
      vertex -1.20741 11.3235 0
      vertex -1.20741 11.3235 5
    endloop
  endfacet
  facet normal 0.980768 -0.195175 0
    outer loop
      vertex -1.20741 11.3235 0
      vertex -1.23931 11.1632 5
      vertex -1.23931 11.1632 0
    endloop
  endfacet
  facet normal 0.997861 0.0653783 0
    outer loop
      vertex -1.23931 6.83684 5
      vertex -1.25 7 0
      vertex -1.25 7 5
    endloop
  endfacet
  facet normal 0.997861 0.0653783 0
    outer loop
      vertex -1.25 7 0
      vertex -1.23931 6.83684 5
      vertex -1.23931 6.83684 0
    endloop
  endfacet
  facet normal 0.442299 0.896867 -0
    outer loop
      vertex -0.478354 5.84515 0
      vertex -0.625 5.91747 5
      vertex -0.478354 5.84515 5
    endloop
  endfacet
  facet normal 0.442299 0.896867 0
    outer loop
      vertex -0.625 5.91747 5
      vertex -0.478354 5.84515 0
      vertex -0.625 5.91747 0
    endloop
  endfacet
  facet normal 0.831472 0.555566 0
    outer loop
      vertex -0.991692 6.23905 5
      vertex -1.08253 6.375 0
      vertex -1.08253 6.375 5
    endloop
  endfacet
  facet normal 0.831472 0.555566 0
    outer loop
      vertex -1.08253 6.375 0
      vertex -0.991692 6.23905 5
      vertex -0.991692 6.23905 0
    endloop
  endfacet
  facet normal 0.0653795 0.99786 -0
    outer loop
      vertex 0 5.75 0
      vertex -0.163157 5.76069 5
      vertex 0 5.75 5
    endloop
  endfacet
  facet normal 0.0653795 0.99786 0
    outer loop
      vertex -0.163157 5.76069 5
      vertex 0 5.75 0
      vertex -0.163157 5.76069 0
    endloop
  endfacet
  facet normal -0.321452 0.946926 0
    outer loop
      vertex 0.478354 5.84515 0
      vertex 0.323524 5.79259 5
      vertex 0.478354 5.84515 5
    endloop
  endfacet
  facet normal -0.321452 0.946926 0
    outer loop
      vertex 0.323524 5.79259 5
      vertex 0.478354 5.84515 0
      vertex 0.323524 5.79259 0
    endloop
  endfacet
  facet normal -0.195096 0.980784 0
    outer loop
      vertex 0.323524 5.79259 0
      vertex 0.163157 5.76069 5
      vertex 0.323524 5.79259 5
    endloop
  endfacet
  facet normal -0.195096 0.980784 0
    outer loop
      vertex 0.163157 5.76069 5
      vertex 0.323524 5.79259 0
      vertex 0.163157 5.76069 0
    endloop
  endfacet
  facet normal -0.751753 -0.659445 0
    outer loop
      vertex 0.991692 11.761 0
      vertex 0.883883 11.8839 5
      vertex 0.883883 11.8839 0
    endloop
  endfacet
  facet normal -0.751753 -0.659445 0
    outer loop
      vertex 0.883883 11.8839 5
      vertex 0.991692 11.761 0
      vertex 0.991692 11.761 5
    endloop
  endfacet
  facet normal -0.831566 -0.555425 0
    outer loop
      vertex 1.08253 11.625 0
      vertex 0.991692 11.761 5
      vertex 0.991692 11.761 0
    endloop
  endfacet
  facet normal -0.831566 -0.555425 0
    outer loop
      vertex 0.991692 11.761 5
      vertex 1.08253 11.625 0
      vertex 1.08253 11.625 5
    endloop
  endfacet
  facet normal -0.896812 -0.442411 0
    outer loop
      vertex 1.15485 11.4784 0
      vertex 1.08253 11.625 5
      vertex 1.08253 11.625 0
    endloop
  endfacet
  facet normal -0.896812 -0.442411 0
    outer loop
      vertex 1.08253 11.625 5
      vertex 1.15485 11.4784 0
      vertex 1.15485 11.4784 5
    endloop
  endfacet
  facet normal 0.94697 -0.321322 0
    outer loop
      vertex -1.20741 11.3235 5
      vertex -1.15485 11.4784 0
      vertex -1.15485 11.4784 5
    endloop
  endfacet
  facet normal 0.94697 -0.321322 0
    outer loop
      vertex -1.15485 11.4784 0
      vertex -1.20741 11.3235 5
      vertex -1.20741 11.3235 0
    endloop
  endfacet
  facet normal 0.896812 -0.442411 0
    outer loop
      vertex -1.15485 11.4784 5
      vertex -1.08253 11.625 0
      vertex -1.08253 11.625 5
    endloop
  endfacet
  facet normal 0.896812 -0.442411 0
    outer loop
      vertex -1.08253 11.625 0
      vertex -1.15485 11.4784 5
      vertex -1.15485 11.4784 0
    endloop
  endfacet
  facet normal 0.195096 0.980784 -0
    outer loop
      vertex -0.163157 5.76069 0
      vertex -0.323524 5.79259 5
      vertex -0.163157 5.76069 5
    endloop
  endfacet
  facet normal 0.195096 0.980784 0
    outer loop
      vertex -0.323524 5.79259 5
      vertex -0.163157 5.76069 0
      vertex -0.323524 5.79259 0
    endloop
  endfacet
  facet normal 0.659351 0.751835 -0
    outer loop
      vertex -0.760951 6.00831 0
      vertex -0.883883 6.11612 5
      vertex -0.760951 6.00831 5
    endloop
  endfacet
  facet normal 0.659351 0.751835 0
    outer loop
      vertex -0.883883 6.11612 5
      vertex -0.760951 6.00831 0
      vertex -0.883883 6.11612 0
    endloop
  endfacet
  facet normal 0.896872 0.44229 0
    outer loop
      vertex -1.08253 6.375 5
      vertex -1.15485 6.52165 0
      vertex -1.15485 6.52165 5
    endloop
  endfacet
  facet normal 0.896872 0.44229 0
    outer loop
      vertex -1.15485 6.52165 0
      vertex -1.08253 6.375 5
      vertex -1.08253 6.375 0
    endloop
  endfacet
  facet normal 0.751833 0.659354 0
    outer loop
      vertex -0.883883 6.11612 5
      vertex -0.991692 6.23905 0
      vertex -0.991692 6.23905 5
    endloop
  endfacet
  facet normal 0.751833 0.659354 0
    outer loop
      vertex -0.991692 6.23905 0
      vertex -0.883883 6.11612 5
      vertex -0.883883 6.11612 0
    endloop
  endfacet
  facet normal -0.0653795 0.99786 0
    outer loop
      vertex 0.163157 5.76069 0
      vertex 0 5.75 5
      vertex 0.163157 5.76069 5
    endloop
  endfacet
  facet normal -0.0653795 0.99786 0
    outer loop
      vertex 0 5.75 5
      vertex 0.163157 5.76069 0
      vertex 0 5.75 0
    endloop
  endfacet
  facet normal -0.555572 0.831468 0
    outer loop
      vertex 0.760951 6.00831 0
      vertex 0.625 5.91747 5
      vertex 0.760951 6.00831 5
    endloop
  endfacet
  facet normal -0.555572 0.831468 0
    outer loop
      vertex 0.625 5.91747 5
      vertex 0.760951 6.00831 0
      vertex 0.625 5.91747 0
    endloop
  endfacet
  facet normal -0.442299 0.896867 0
    outer loop
      vertex 0.625 5.91747 0
      vertex 0.478354 5.84515 5
      vertex 0.625 5.91747 5
    endloop
  endfacet
  facet normal -0.442299 0.896867 0
    outer loop
      vertex 0.478354 5.84515 5
      vertex 0.625 5.91747 0
      vertex 0.478354 5.84515 0
    endloop
  endfacet
  facet normal -0.831472 0.555566 0
    outer loop
      vertex 0.991692 6.23905 0
      vertex 1.08253 6.375 5
      vertex 1.08253 6.375 0
    endloop
  endfacet
  facet normal -0.831472 0.555566 0
    outer loop
      vertex 1.08253 6.375 5
      vertex 0.991692 6.23905 0
      vertex 0.991692 6.23905 5
    endloop
  endfacet
  facet normal -0.896872 0.44229 0
    outer loop
      vertex 1.08253 6.375 0
      vertex 1.15485 6.52165 5
      vertex 1.15485 6.52165 0
    endloop
  endfacet
  facet normal -0.896872 0.44229 0
    outer loop
      vertex 1.15485 6.52165 5
      vertex 1.08253 6.375 0
      vertex 1.08253 6.375 5
    endloop
  endfacet
  facet normal 0.997862 -0.0653624 0
    outer loop
      vertex -1.25 11 5
      vertex -1.23931 11.1632 0
      vertex -1.23931 11.1632 5
    endloop
  endfacet
  facet normal 0.997862 -0.0653624 0
    outer loop
      vertex -1.23931 11.1632 0
      vertex -1.25 11 5
      vertex -1.25 11 0
    endloop
  endfacet
  facet normal 0.0654404 -0.997856 0
    outer loop
      vertex -0.163157 12.2393 0
      vertex 0 12.25 5
      vertex -0.163157 12.2393 5
    endloop
  endfacet
  facet normal 0.0654404 -0.997856 0
    outer loop
      vertex 0 12.25 5
      vertex -0.163157 12.2393 0
      vertex 0 12.25 0
    endloop
  endfacet
  facet normal 0.555403 -0.831581 0
    outer loop
      vertex -0.760951 11.9917 0
      vertex -0.625 12.0825 5
      vertex -0.760951 11.9917 5
    endloop
  endfacet
  facet normal 0.555403 -0.831581 0
    outer loop
      vertex -0.625 12.0825 5
      vertex -0.760951 11.9917 0
      vertex -0.625 12.0825 0
    endloop
  endfacet
  facet normal 0.555572 0.831468 -0
    outer loop
      vertex -0.625 5.91747 0
      vertex -0.760951 6.00831 5
      vertex -0.625 5.91747 5
    endloop
  endfacet
  facet normal 0.555572 0.831468 0
    outer loop
      vertex -0.760951 6.00831 5
      vertex -0.625 5.91747 0
      vertex -0.760951 6.00831 0
    endloop
  endfacet
  facet normal 0.831566 -0.555425 0
    outer loop
      vertex -1.08253 11.625 5
      vertex -0.991692 11.761 0
      vertex -0.991692 11.761 5
    endloop
  endfacet
  facet normal 0.831566 -0.555425 0
    outer loop
      vertex -0.991692 11.761 0
      vertex -1.08253 11.625 5
      vertex -1.08253 11.625 0
    endloop
  endfacet
  facet normal 0.321671 -0.946851 0
    outer loop
      vertex -0.478354 12.1548 0
      vertex -0.323524 12.2074 5
      vertex -0.478354 12.1548 5
    endloop
  endfacet
  facet normal 0.321671 -0.946851 0
    outer loop
      vertex -0.323524 12.2074 5
      vertex -0.478354 12.1548 0
      vertex -0.323524 12.2074 0
    endloop
  endfacet
  facet normal 0.195096 -0.980784 0
    outer loop
      vertex -0.323524 12.2074 0
      vertex -0.163157 12.2393 5
      vertex -0.323524 12.2074 5
    endloop
  endfacet
  facet normal 0.195096 -0.980784 0
    outer loop
      vertex -0.163157 12.2393 5
      vertex -0.323524 12.2074 0
      vertex -0.163157 12.2393 0
    endloop
  endfacet
  facet normal 0.442201 -0.896916 0
    outer loop
      vertex -0.625 12.0825 0
      vertex -0.478354 12.1548 5
      vertex -0.625 12.0825 5
    endloop
  endfacet
  facet normal 0.442201 -0.896916 0
    outer loop
      vertex -0.478354 12.1548 5
      vertex -0.625 12.0825 0
      vertex -0.478354 12.1548 0
    endloop
  endfacet
  facet normal 0.659317 -0.751865 0
    outer loop
      vertex -0.883883 11.8839 0
      vertex -0.760951 11.9917 5
      vertex -0.883883 11.8839 5
    endloop
  endfacet
  facet normal 0.659317 -0.751865 0
    outer loop
      vertex -0.760951 11.9917 5
      vertex -0.883883 11.8839 0
      vertex -0.760951 11.9917 0
    endloop
  endfacet
  facet normal 0.751753 -0.659445 0
    outer loop
      vertex -0.991692 11.761 5
      vertex -0.883883 11.8839 0
      vertex -0.883883 11.8839 5
    endloop
  endfacet
  facet normal 0.751753 -0.659445 0
    outer loop
      vertex -0.883883 11.8839 0
      vertex -0.991692 11.761 5
      vertex -0.991692 11.761 0
    endloop
  endfacet
  facet normal 0.946851 -0.321671 0
    outer loop
      vertex -12.2074 0.323524 5
      vertex -12.1548 0.478354 0
      vertex -12.1548 0.478354 5
    endloop
  endfacet
  facet normal 0.946851 -0.321671 0
    outer loop
      vertex -12.1548 0.478354 0
      vertex -12.2074 0.323524 5
      vertex -12.2074 0.323524 0
    endloop
  endfacet
  facet normal 0.997856 -0.0654404 0
    outer loop
      vertex -12.25 0 5
      vertex -12.2393 0.163157 0
      vertex -12.2393 0.163157 5
    endloop
  endfacet
  facet normal 0.997856 -0.0654404 0
    outer loop
      vertex -12.2393 0.163157 0
      vertex -12.25 0 5
      vertex -12.25 0 0
    endloop
  endfacet
  facet normal 0.980784 -0.195096 0
    outer loop
      vertex -12.2393 0.163157 5
      vertex -12.2074 0.323524 0
      vertex -12.2074 0.323524 5
    endloop
  endfacet
  facet normal 0.980784 -0.195096 0
    outer loop
      vertex -12.2074 0.323524 0
      vertex -12.2393 0.163157 5
      vertex -12.2393 0.163157 0
    endloop
  endfacet
  facet normal 0.195175 -0.980768 0
    outer loop
      vertex -11.3235 1.20741 0
      vertex -11.1632 1.23931 5
      vertex -11.3235 1.20741 5
    endloop
  endfacet
  facet normal 0.195175 -0.980768 0
    outer loop
      vertex -11.1632 1.23931 5
      vertex -11.3235 1.20741 0
      vertex -11.1632 1.23931 0
    endloop
  endfacet
  facet normal -0.44229 -0.896872 0
    outer loop
      vertex -6.52165 1.15485 0
      vertex -6.375 1.08253 5
      vertex -6.52165 1.15485 5
    endloop
  endfacet
  facet normal -0.44229 -0.896872 -0
    outer loop
      vertex -6.375 1.08253 5
      vertex -6.52165 1.15485 0
      vertex -6.375 1.08253 0
    endloop
  endfacet
  facet normal -0.321452 0.946926 0
    outer loop
      vertex -6.52165 -1.15485 0
      vertex -6.67648 -1.20741 5
      vertex -6.52165 -1.15485 5
    endloop
  endfacet
  facet normal -0.321452 0.946926 0
    outer loop
      vertex -6.67648 -1.20741 5
      vertex -6.52165 -1.15485 0
      vertex -6.67648 -1.20741 0
    endloop
  endfacet
  facet normal -0.946926 0.321452 0
    outer loop
      vertex -5.84515 -0.478354 0
      vertex -5.79259 -0.323524 5
      vertex -5.79259 -0.323524 0
    endloop
  endfacet
  facet normal -0.946926 0.321452 0
    outer loop
      vertex -5.79259 -0.323524 5
      vertex -5.84515 -0.478354 0
      vertex -5.84515 -0.478354 5
    endloop
  endfacet
  facet normal 0.751865 -0.659317 0
    outer loop
      vertex -11.9917 0.760951 5
      vertex -11.8839 0.883883 0
      vertex -11.8839 0.883883 5
    endloop
  endfacet
  facet normal 0.751865 -0.659317 0
    outer loop
      vertex -11.8839 0.883883 0
      vertex -11.9917 0.760951 5
      vertex -11.9917 0.760951 0
    endloop
  endfacet
  facet normal 0.0653624 -0.997862 0
    outer loop
      vertex -11.1632 1.23931 0
      vertex -11 1.25 5
      vertex -11.1632 1.23931 5
    endloop
  endfacet
  facet normal 0.0653624 -0.997862 0
    outer loop
      vertex -11 1.25 5
      vertex -11.1632 1.23931 0
      vertex -11 1.25 0
    endloop
  endfacet
  facet normal 0 -1 0
    outer loop
      vertex -11 1.25 0
      vertex -7 1.25 5
      vertex -11 1.25 5
    endloop
  endfacet
  facet normal 0 -1 -0
    outer loop
      vertex -7 1.25 5
      vertex -11 1.25 0
      vertex -7 1.25 0
    endloop
  endfacet
  facet normal -0.0653783 -0.997861 0
    outer loop
      vertex -7 1.25 0
      vertex -6.83684 1.23931 5
      vertex -7 1.25 5
    endloop
  endfacet
  facet normal -0.0653783 -0.997861 -0
    outer loop
      vertex -6.83684 1.23931 5
      vertex -7 1.25 0
      vertex -6.83684 1.23931 0
    endloop
  endfacet
  facet normal -0.751835 -0.659351 0
    outer loop
      vertex -6.00831 0.760951 0
      vertex -6.11612 0.883883 5
      vertex -6.11612 0.883883 0
    endloop
  endfacet
  facet normal -0.751835 -0.659351 0
    outer loop
      vertex -6.11612 0.883883 5
      vertex -6.00831 0.760951 0
      vertex -6.00831 0.760951 5
    endloop
  endfacet
  facet normal -0.195105 -0.980782 0
    outer loop
      vertex -6.83684 1.23931 0
      vertex -6.67648 1.20741 5
      vertex -6.83684 1.23931 5
    endloop
  endfacet
  facet normal -0.195105 -0.980782 -0
    outer loop
      vertex -6.67648 1.20741 5
      vertex -6.83684 1.23931 0
      vertex -6.67648 1.20741 0
    endloop
  endfacet
  facet normal 0 1 -0
    outer loop
      vertex -7 -1.25 0
      vertex -11 -1.25 5
      vertex -7 -1.25 5
    endloop
  endfacet
  facet normal 0 1 0
    outer loop
      vertex -11 -1.25 5
      vertex -7 -1.25 0
      vertex -11 -1.25 0
    endloop
  endfacet
  facet normal -0.195105 0.980782 0
    outer loop
      vertex -6.67648 -1.20741 0
      vertex -6.83684 -1.23931 5
      vertex -6.67648 -1.20741 5
    endloop
  endfacet
  facet normal -0.195105 0.980782 0
    outer loop
      vertex -6.83684 -1.23931 5
      vertex -6.67648 -1.20741 0
      vertex -6.83684 -1.23931 0
    endloop
  endfacet
  facet normal 0.896916 -0.442201 0
    outer loop
      vertex -12.1548 0.478354 5
      vertex -12.0825 0.625 0
      vertex -12.0825 0.625 5
    endloop
  endfacet
  facet normal 0.896916 -0.442201 0
    outer loop
      vertex -12.0825 0.625 0
      vertex -12.1548 0.478354 5
      vertex -12.1548 0.478354 0
    endloop
  endfacet
  facet normal 0.831581 -0.555403 0
    outer loop
      vertex -12.0825 0.625 5
      vertex -11.9917 0.760951 0
      vertex -11.9917 0.760951 5
    endloop
  endfacet
  facet normal 0.831581 -0.555403 0
    outer loop
      vertex -11.9917 0.760951 0
      vertex -12.0825 0.625 5
      vertex -12.0825 0.625 0
    endloop
  endfacet
  facet normal 0.321322 -0.94697 0
    outer loop
      vertex -11.4784 1.15485 0
      vertex -11.3235 1.20741 5
      vertex -11.4784 1.15485 5
    endloop
  endfacet
  facet normal 0.321322 -0.94697 0
    outer loop
      vertex -11.3235 1.20741 5
      vertex -11.4784 1.15485 0
      vertex -11.3235 1.20741 0
    endloop
  endfacet
  facet normal -0.659354 -0.751833 0
    outer loop
      vertex -6.23905 0.991692 0
      vertex -6.11612 0.883883 5
      vertex -6.23905 0.991692 5
    endloop
  endfacet
  facet normal -0.659354 -0.751833 -0
    outer loop
      vertex -6.11612 0.883883 5
      vertex -6.23905 0.991692 0
      vertex -6.11612 0.883883 0
    endloop
  endfacet
  facet normal -0.321452 -0.946926 0
    outer loop
      vertex -6.67648 1.20741 0
      vertex -6.52165 1.15485 5
      vertex -6.67648 1.20741 5
    endloop
  endfacet
  facet normal -0.321452 -0.946926 -0
    outer loop
      vertex -6.52165 1.15485 5
      vertex -6.67648 1.20741 0
      vertex -6.52165 1.15485 0
    endloop
  endfacet
  facet normal 0.321322 0.94697 -0
    outer loop
      vertex -11.3235 -1.20741 0
      vertex -11.4784 -1.15485 5
      vertex -11.3235 -1.20741 5
    endloop
  endfacet
  facet normal 0.321322 0.94697 0
    outer loop
      vertex -11.4784 -1.15485 5
      vertex -11.3235 -1.20741 0
      vertex -11.4784 -1.15485 0
    endloop
  endfacet
  facet normal -0.0653783 0.997861 0
    outer loop
      vertex -6.83684 -1.23931 0
      vertex -7 -1.25 5
      vertex -6.83684 -1.23931 5
    endloop
  endfacet
  facet normal -0.0653783 0.997861 0
    outer loop
      vertex -7 -1.25 5
      vertex -6.83684 -1.23931 0
      vertex -7 -1.25 0
    endloop
  endfacet
  facet normal -0.896867 0.442299 0
    outer loop
      vertex -5.91747 -0.625 0
      vertex -5.84515 -0.478354 5
      vertex -5.84515 -0.478354 0
    endloop
  endfacet
  facet normal -0.896867 0.442299 0
    outer loop
      vertex -5.84515 -0.478354 5
      vertex -5.91747 -0.625 0
      vertex -5.91747 -0.625 5
    endloop
  endfacet
  facet normal -0.555566 0.831472 0
    outer loop
      vertex -6.23905 -0.991692 0
      vertex -6.375 -1.08253 5
      vertex -6.23905 -0.991692 5
    endloop
  endfacet
  facet normal -0.555566 0.831472 0
    outer loop
      vertex -6.375 -1.08253 5
      vertex -6.23905 -0.991692 0
      vertex -6.375 -1.08253 0
    endloop
  endfacet
  facet normal -0.99786 0.0653795 0
    outer loop
      vertex -5.76069 -0.163157 0
      vertex -5.75 0 5
      vertex -5.75 0 0
    endloop
  endfacet
  facet normal -0.99786 0.0653795 0
    outer loop
      vertex -5.75 0 5
      vertex -5.76069 -0.163157 0
      vertex -5.76069 -0.163157 5
    endloop
  endfacet
  facet normal -0.946926 -0.321452 0
    outer loop
      vertex -5.79259 0.323524 0
      vertex -5.84515 0.478354 5
      vertex -5.84515 0.478354 0
    endloop
  endfacet
  facet normal -0.946926 -0.321452 0
    outer loop
      vertex -5.84515 0.478354 5
      vertex -5.79259 0.323524 0
      vertex -5.79259 0.323524 5
    endloop
  endfacet
  facet normal -0.980784 -0.195096 0
    outer loop
      vertex -5.76069 0.163157 0
      vertex -5.79259 0.323524 5
      vertex -5.79259 0.323524 0
    endloop
  endfacet
  facet normal -0.980784 -0.195096 0
    outer loop
      vertex -5.79259 0.323524 5
      vertex -5.76069 0.163157 0
      vertex -5.76069 0.163157 5
    endloop
  endfacet
  facet normal -0.99786 -0.0653795 0
    outer loop
      vertex -5.75 0 0
      vertex -5.76069 0.163157 5
      vertex -5.76069 0.163157 0
    endloop
  endfacet
  facet normal -0.99786 -0.0653795 0
    outer loop
      vertex -5.76069 0.163157 5
      vertex -5.75 0 0
      vertex -5.75 0 5
    endloop
  endfacet
  facet normal 0.659445 -0.751753 0
    outer loop
      vertex -11.8839 0.883883 0
      vertex -11.761 0.991692 5
      vertex -11.8839 0.883883 5
    endloop
  endfacet
  facet normal 0.659445 -0.751753 0
    outer loop
      vertex -11.761 0.991692 5
      vertex -11.8839 0.883883 0
      vertex -11.761 0.991692 0
    endloop
  endfacet
  facet normal 0.555425 -0.831566 0
    outer loop
      vertex -11.761 0.991692 0
      vertex -11.625 1.08253 5
      vertex -11.761 0.991692 5
    endloop
  endfacet
  facet normal 0.555425 -0.831566 0
    outer loop
      vertex -11.625 1.08253 5
      vertex -11.761 0.991692 0
      vertex -11.625 1.08253 0
    endloop
  endfacet
  facet normal 0.442411 -0.896812 0
    outer loop
      vertex -11.625 1.08253 0
      vertex -11.4784 1.15485 5
      vertex -11.625 1.08253 5
    endloop
  endfacet
  facet normal 0.442411 -0.896812 0
    outer loop
      vertex -11.4784 1.15485 5
      vertex -11.625 1.08253 0
      vertex -11.4784 1.15485 0
    endloop
  endfacet
  facet normal 0.195175 0.980768 -0
    outer loop
      vertex -11.1632 -1.23931 0
      vertex -11.3235 -1.20741 5
      vertex -11.1632 -1.23931 5
    endloop
  endfacet
  facet normal 0.195175 0.980768 0
    outer loop
      vertex -11.3235 -1.20741 5
      vertex -11.1632 -1.23931 0
      vertex -11.3235 -1.20741 0
    endloop
  endfacet
  facet normal -0.980784 0.195096 0
    outer loop
      vertex -5.79259 -0.323524 0
      vertex -5.76069 -0.163157 5
      vertex -5.76069 -0.163157 0
    endloop
  endfacet
  facet normal -0.980784 0.195096 0
    outer loop
      vertex -5.76069 -0.163157 5
      vertex -5.79259 -0.323524 0
      vertex -5.79259 -0.323524 5
    endloop
  endfacet
  facet normal -0.751835 0.659351 0
    outer loop
      vertex -6.11612 -0.883883 0
      vertex -6.00831 -0.760951 5
      vertex -6.00831 -0.760951 0
    endloop
  endfacet
  facet normal -0.751835 0.659351 0
    outer loop
      vertex -6.00831 -0.760951 5
      vertex -6.11612 -0.883883 0
      vertex -6.11612 -0.883883 5
    endloop
  endfacet
  facet normal -0.44229 0.896872 0
    outer loop
      vertex -6.375 -1.08253 0
      vertex -6.52165 -1.15485 5
      vertex -6.375 -1.08253 5
    endloop
  endfacet
  facet normal -0.44229 0.896872 0
    outer loop
      vertex -6.52165 -1.15485 5
      vertex -6.375 -1.08253 0
      vertex -6.52165 -1.15485 0
    endloop
  endfacet
  facet normal -0.659354 0.751833 0
    outer loop
      vertex -6.11612 -0.883883 0
      vertex -6.23905 -0.991692 5
      vertex -6.11612 -0.883883 5
    endloop
  endfacet
  facet normal -0.659354 0.751833 0
    outer loop
      vertex -6.23905 -0.991692 5
      vertex -6.11612 -0.883883 0
      vertex -6.23905 -0.991692 0
    endloop
  endfacet
  facet normal -0.831468 -0.555572 0
    outer loop
      vertex -5.91747 0.625 0
      vertex -6.00831 0.760951 5
      vertex -6.00831 0.760951 0
    endloop
  endfacet
  facet normal -0.831468 -0.555572 0
    outer loop
      vertex -6.00831 0.760951 5
      vertex -5.91747 0.625 0
      vertex -5.91747 0.625 5
    endloop
  endfacet
  facet normal -0.896867 -0.442299 0
    outer loop
      vertex -5.84515 0.478354 0
      vertex -5.91747 0.625 5
      vertex -5.91747 0.625 0
    endloop
  endfacet
  facet normal -0.896867 -0.442299 0
    outer loop
      vertex -5.91747 0.625 5
      vertex -5.84515 0.478354 0
      vertex -5.84515 0.478354 5
    endloop
  endfacet
  facet normal -0.555566 -0.831472 0
    outer loop
      vertex -6.375 1.08253 0
      vertex -6.23905 0.991692 5
      vertex -6.375 1.08253 5
    endloop
  endfacet
  facet normal -0.555566 -0.831472 -0
    outer loop
      vertex -6.23905 0.991692 5
      vertex -6.375 1.08253 0
      vertex -6.23905 0.991692 0
    endloop
  endfacet
  facet normal 0.0653624 0.997862 -0
    outer loop
      vertex -11 -1.25 0
      vertex -11.1632 -1.23931 5
      vertex -11 -1.25 5
    endloop
  endfacet
  facet normal 0.0653624 0.997862 0
    outer loop
      vertex -11.1632 -1.23931 5
      vertex -11 -1.25 0
      vertex -11.1632 -1.23931 0
    endloop
  endfacet
  facet normal -0.831468 0.555572 0
    outer loop
      vertex -6.00831 -0.760951 0
      vertex -5.91747 -0.625 5
      vertex -5.91747 -0.625 0
    endloop
  endfacet
  facet normal -0.831468 0.555572 0
    outer loop
      vertex -5.91747 -0.625 5
      vertex -6.00831 -0.760951 0
      vertex -6.00831 -0.760951 5
    endloop
  endfacet
  facet normal 0.555425 0.831566 -0
    outer loop
      vertex -11.625 -1.08253 0
      vertex -11.761 -0.991692 5
      vertex -11.625 -1.08253 5
    endloop
  endfacet
  facet normal 0.555425 0.831566 0
    outer loop
      vertex -11.761 -0.991692 5
      vertex -11.625 -1.08253 0
      vertex -11.761 -0.991692 0
    endloop
  endfacet
  facet normal 0.659445 0.751753 -0
    outer loop
      vertex -11.761 -0.991692 0
      vertex -11.8839 -0.883883 5
      vertex -11.761 -0.991692 5
    endloop
  endfacet
  facet normal 0.659445 0.751753 0
    outer loop
      vertex -11.8839 -0.883883 5
      vertex -11.761 -0.991692 0
      vertex -11.8839 -0.883883 0
    endloop
  endfacet
  facet normal 0.997856 0.0654404 0
    outer loop
      vertex -12.2393 -0.163157 5
      vertex -12.25 0 0
      vertex -12.25 0 5
    endloop
  endfacet
  facet normal 0.997856 0.0654404 0
    outer loop
      vertex -12.25 0 0
      vertex -12.2393 -0.163157 5
      vertex -12.2393 -0.163157 0
    endloop
  endfacet
  facet normal 0.946851 0.321671 0
    outer loop
      vertex -12.1548 -0.478354 5
      vertex -12.2074 -0.323524 0
      vertex -12.2074 -0.323524 5
    endloop
  endfacet
  facet normal 0.946851 0.321671 0
    outer loop
      vertex -12.2074 -0.323524 0
      vertex -12.1548 -0.478354 5
      vertex -12.1548 -0.478354 0
    endloop
  endfacet
  facet normal 0.896916 0.442201 0
    outer loop
      vertex -12.0825 -0.625 5
      vertex -12.1548 -0.478354 0
      vertex -12.1548 -0.478354 5
    endloop
  endfacet
  facet normal 0.896916 0.442201 0
    outer loop
      vertex -12.1548 -0.478354 0
      vertex -12.0825 -0.625 5
      vertex -12.0825 -0.625 0
    endloop
  endfacet
  facet normal 0.751865 0.659317 0
    outer loop
      vertex -11.8839 -0.883883 5
      vertex -11.9917 -0.760951 0
      vertex -11.9917 -0.760951 5
    endloop
  endfacet
  facet normal 0.751865 0.659317 0
    outer loop
      vertex -11.9917 -0.760951 0
      vertex -11.8839 -0.883883 5
      vertex -11.8839 -0.883883 0
    endloop
  endfacet
  facet normal 0.442411 0.896812 -0
    outer loop
      vertex -11.4784 -1.15485 0
      vertex -11.625 -1.08253 5
      vertex -11.4784 -1.15485 5
    endloop
  endfacet
  facet normal 0.442411 0.896812 0
    outer loop
      vertex -11.625 -1.08253 5
      vertex -11.4784 -1.15485 0
      vertex -11.625 -1.08253 0
    endloop
  endfacet
  facet normal 0.980784 0.195096 0
    outer loop
      vertex -12.2074 -0.323524 5
      vertex -12.2393 -0.163157 0
      vertex -12.2393 -0.163157 5
    endloop
  endfacet
  facet normal 0.980784 0.195096 0
    outer loop
      vertex -12.2393 -0.163157 0
      vertex -12.2074 -0.323524 5
      vertex -12.2074 -0.323524 0
    endloop
  endfacet
  facet normal 0.831581 0.555403 0
    outer loop
      vertex -11.9917 -0.760951 5
      vertex -12.0825 -0.625 0
      vertex -12.0825 -0.625 5
    endloop
  endfacet
  facet normal 0.831581 0.555403 0
    outer loop
      vertex -12.0825 -0.625 0
      vertex -11.9917 -0.760951 5
      vertex -11.9917 -0.760951 0
    endloop
  endfacet
  facet normal 0.321671 0.946851 -0
    outer loop
      vertex -0.323524 -12.2074 0
      vertex -0.478354 -12.1548 5
      vertex -0.323524 -12.2074 5
    endloop
  endfacet
  facet normal 0.321671 0.946851 0
    outer loop
      vertex -0.478354 -12.1548 5
      vertex -0.323524 -12.2074 0
      vertex -0.478354 -12.1548 0
    endloop
  endfacet
  facet normal 0.0654404 0.997856 -0
    outer loop
      vertex 0 -12.25 0
      vertex -0.163157 -12.2393 5
      vertex 0 -12.25 5
    endloop
  endfacet
  facet normal 0.0654404 0.997856 0
    outer loop
      vertex -0.163157 -12.2393 5
      vertex 0 -12.25 0
      vertex -0.163157 -12.2393 0
    endloop
  endfacet
  facet normal 0.195096 0.980784 -0
    outer loop
      vertex -0.163157 -12.2393 0
      vertex -0.323524 -12.2074 5
      vertex -0.163157 -12.2393 5
    endloop
  endfacet
  facet normal 0.195096 0.980784 0
    outer loop
      vertex -0.323524 -12.2074 5
      vertex -0.163157 -12.2393 0
      vertex -0.323524 -12.2074 0
    endloop
  endfacet
  facet normal 0.980768 0.195175 0
    outer loop
      vertex -1.20741 -11.3235 5
      vertex -1.23931 -11.1632 0
      vertex -1.23931 -11.1632 5
    endloop
  endfacet
  facet normal 0.980768 0.195175 0
    outer loop
      vertex -1.23931 -11.1632 0
      vertex -1.20741 -11.3235 5
      vertex -1.20741 -11.3235 0
    endloop
  endfacet
  facet normal 0.896872 -0.44229 0
    outer loop
      vertex -1.15485 -6.52165 5
      vertex -1.08253 -6.375 0
      vertex -1.08253 -6.375 5
    endloop
  endfacet
  facet normal 0.896872 -0.44229 0
    outer loop
      vertex -1.08253 -6.375 0
      vertex -1.15485 -6.52165 5
      vertex -1.15485 -6.52165 0
    endloop
  endfacet
  facet normal 0.659317 0.751865 -0
    outer loop
      vertex -0.760951 -11.9917 0
      vertex -0.883883 -11.8839 5
      vertex -0.760951 -11.9917 5
    endloop
  endfacet
  facet normal 0.659317 0.751865 0
    outer loop
      vertex -0.883883 -11.8839 5
      vertex -0.760951 -11.9917 0
      vertex -0.883883 -11.8839 0
    endloop
  endfacet
  facet normal 0.831566 0.555425 0
    outer loop
      vertex -0.991692 -11.761 5
      vertex -1.08253 -11.625 0
      vertex -1.08253 -11.625 5
    endloop
  endfacet
  facet normal 0.831566 0.555425 0
    outer loop
      vertex -1.08253 -11.625 0
      vertex -0.991692 -11.761 5
      vertex -0.991692 -11.761 0
    endloop
  endfacet
  facet normal 0.997862 0.0653624 0
    outer loop
      vertex -1.23931 -11.1632 5
      vertex -1.25 -11 0
      vertex -1.25 -11 5
    endloop
  endfacet
  facet normal 0.997862 0.0653624 0
    outer loop
      vertex -1.25 -11 0
      vertex -1.23931 -11.1632 5
      vertex -1.23931 -11.1632 0
    endloop
  endfacet
  facet normal 1 -0 0
    outer loop
      vertex -1.25 -11 5
      vertex -1.25 -7 0
      vertex -1.25 -7 5
    endloop
  endfacet
  facet normal 1 0 0
    outer loop
      vertex -1.25 -7 0
      vertex -1.25 -11 5
      vertex -1.25 -11 0
    endloop
  endfacet
  facet normal 0.997861 -0.0653783 0
    outer loop
      vertex -1.25 -7 5
      vertex -1.23931 -6.83684 0
      vertex -1.23931 -6.83684 5
    endloop
  endfacet
  facet normal 0.997861 -0.0653783 0
    outer loop
      vertex -1.23931 -6.83684 0
      vertex -1.25 -7 5
      vertex -1.25 -7 0
    endloop
  endfacet
  facet normal 0.659351 -0.751835 0
    outer loop
      vertex -0.883883 -6.11612 0
      vertex -0.760951 -6.00831 5
      vertex -0.883883 -6.11612 5
    endloop
  endfacet
  facet normal 0.659351 -0.751835 0
    outer loop
      vertex -0.760951 -6.00831 5
      vertex -0.883883 -6.11612 0
      vertex -0.760951 -6.00831 0
    endloop
  endfacet
  facet normal 0.980782 -0.195105 0
    outer loop
      vertex -1.23931 -6.83684 5
      vertex -1.20741 -6.67648 0
      vertex -1.20741 -6.67648 5
    endloop
  endfacet
  facet normal 0.980782 -0.195105 0
    outer loop
      vertex -1.20741 -6.67648 0
      vertex -1.23931 -6.83684 5
      vertex -1.23931 -6.83684 0
    endloop
  endfacet
  facet normal -1 0 0
    outer loop
      vertex 1.25 -11 0
      vertex 1.25 -7 5
      vertex 1.25 -7 0
    endloop
  endfacet
  facet normal -1 -0 0
    outer loop
      vertex 1.25 -7 5
      vertex 1.25 -11 0
      vertex 1.25 -11 5
    endloop
  endfacet
  facet normal -0.946926 -0.321452 0
    outer loop
      vertex 1.20741 -6.67648 0
      vertex 1.15485 -6.52165 5
      vertex 1.15485 -6.52165 0
    endloop
  endfacet
  facet normal -0.946926 -0.321452 0
    outer loop
      vertex 1.15485 -6.52165 5
      vertex 1.20741 -6.67648 0
      vertex 1.20741 -6.67648 5
    endloop
  endfacet
  facet normal -0.0653795 -0.99786 0
    outer loop
      vertex 0 -5.75 0
      vertex 0.163157 -5.76069 5
      vertex 0 -5.75 5
    endloop
  endfacet
  facet normal -0.0653795 -0.99786 -0
    outer loop
      vertex 0.163157 -5.76069 5
      vertex 0 -5.75 0
      vertex 0.163157 -5.76069 0
    endloop
  endfacet
  facet normal 0.442201 0.896916 -0
    outer loop
      vertex -0.478354 -12.1548 0
      vertex -0.625 -12.0825 5
      vertex -0.478354 -12.1548 5
    endloop
  endfacet
  facet normal 0.442201 0.896916 0
    outer loop
      vertex -0.625 -12.0825 5
      vertex -0.478354 -12.1548 0
      vertex -0.625 -12.0825 0
    endloop
  endfacet
  facet normal 0.555403 0.831581 -0
    outer loop
      vertex -0.625 -12.0825 0
      vertex -0.760951 -11.9917 5
      vertex -0.625 -12.0825 5
    endloop
  endfacet
  facet normal 0.555403 0.831581 0
    outer loop
      vertex -0.760951 -11.9917 5
      vertex -0.625 -12.0825 0
      vertex -0.760951 -11.9917 0
    endloop
  endfacet
  facet normal 0.94697 0.321322 0
    outer loop
      vertex -1.15485 -11.4784 5
      vertex -1.20741 -11.3235 0
      vertex -1.20741 -11.3235 5
    endloop
  endfacet
  facet normal 0.94697 0.321322 0
    outer loop
      vertex -1.20741 -11.3235 0
      vertex -1.15485 -11.4784 5
      vertex -1.15485 -11.4784 0
    endloop
  endfacet
  facet normal 0.896812 0.442411 0
    outer loop
      vertex -1.08253 -11.625 5
      vertex -1.15485 -11.4784 0
      vertex -1.15485 -11.4784 5
    endloop
  endfacet
  facet normal 0.896812 0.442411 0
    outer loop
      vertex -1.15485 -11.4784 0
      vertex -1.08253 -11.625 5
      vertex -1.08253 -11.625 0
    endloop
  endfacet
  facet normal 0.751833 -0.659354 0
    outer loop
      vertex -0.991692 -6.23905 5
      vertex -0.883883 -6.11612 0
      vertex -0.883883 -6.11612 5
    endloop
  endfacet
  facet normal 0.751833 -0.659354 0
    outer loop
      vertex -0.883883 -6.11612 0
      vertex -0.991692 -6.23905 5
      vertex -0.991692 -6.23905 0
    endloop
  endfacet
  facet normal 0.946926 -0.321452 0
    outer loop
      vertex -1.20741 -6.67648 5
      vertex -1.15485 -6.52165 0
      vertex -1.15485 -6.52165 5
    endloop
  endfacet
  facet normal 0.946926 -0.321452 0
    outer loop
      vertex -1.15485 -6.52165 0
      vertex -1.20741 -6.67648 5
      vertex -1.20741 -6.67648 0
    endloop
  endfacet
  facet normal -0.980782 -0.195105 0
    outer loop
      vertex 1.23931 -6.83684 0
      vertex 1.20741 -6.67648 5
      vertex 1.20741 -6.67648 0
    endloop
  endfacet
  facet normal -0.980782 -0.195105 0
    outer loop
      vertex 1.20741 -6.67648 5
      vertex 1.23931 -6.83684 0
      vertex 1.23931 -6.83684 5
    endloop
  endfacet
  facet normal -0.94697 0.321322 0
    outer loop
      vertex 1.15485 -11.4784 0
      vertex 1.20741 -11.3235 5
      vertex 1.20741 -11.3235 0
    endloop
  endfacet
  facet normal -0.94697 0.321322 0
    outer loop
      vertex 1.20741 -11.3235 5
      vertex 1.15485 -11.4784 0
      vertex 1.15485 -11.4784 5
    endloop
  endfacet
  facet normal -0.831472 -0.555566 0
    outer loop
      vertex 1.08253 -6.375 0
      vertex 0.991692 -6.23905 5
      vertex 0.991692 -6.23905 0
    endloop
  endfacet
  facet normal -0.831472 -0.555566 0
    outer loop
      vertex 0.991692 -6.23905 5
      vertex 1.08253 -6.375 0
      vertex 1.08253 -6.375 5
    endloop
  endfacet
  facet normal -0.321452 -0.946926 0
    outer loop
      vertex 0.323524 -5.79259 0
      vertex 0.478354 -5.84515 5
      vertex 0.323524 -5.79259 5
    endloop
  endfacet
  facet normal -0.321452 -0.946926 -0
    outer loop
      vertex 0.478354 -5.84515 5
      vertex 0.323524 -5.79259 0
      vertex 0.478354 -5.84515 0
    endloop
  endfacet
  facet normal -0.442299 -0.896867 0
    outer loop
      vertex 0.478354 -5.84515 0
      vertex 0.625 -5.91747 5
      vertex 0.478354 -5.84515 5
    endloop
  endfacet
  facet normal -0.442299 -0.896867 -0
    outer loop
      vertex 0.625 -5.91747 5
      vertex 0.478354 -5.84515 0
      vertex 0.625 -5.91747 0
    endloop
  endfacet
  facet normal -0.751833 -0.659354 0
    outer loop
      vertex 0.991692 -6.23905 0
      vertex 0.883883 -6.11612 5
      vertex 0.883883 -6.11612 0
    endloop
  endfacet
  facet normal -0.751833 -0.659354 0
    outer loop
      vertex 0.883883 -6.11612 5
      vertex 0.991692 -6.23905 0
      vertex 0.991692 -6.23905 5
    endloop
  endfacet
  facet normal 0.321452 -0.946926 0
    outer loop
      vertex -0.478354 -5.84515 0
      vertex -0.323524 -5.79259 5
      vertex -0.478354 -5.84515 5
    endloop
  endfacet
  facet normal 0.321452 -0.946926 0
    outer loop
      vertex -0.323524 -5.79259 5
      vertex -0.478354 -5.84515 0
      vertex -0.323524 -5.79259 0
    endloop
  endfacet
  facet normal 0.195096 -0.980784 0
    outer loop
      vertex -0.323524 -5.79259 0
      vertex -0.163157 -5.76069 5
      vertex -0.323524 -5.79259 5
    endloop
  endfacet
  facet normal 0.195096 -0.980784 0
    outer loop
      vertex -0.163157 -5.76069 5
      vertex -0.323524 -5.79259 0
      vertex -0.163157 -5.76069 0
    endloop
  endfacet
  facet normal 0.751753 0.659445 0
    outer loop
      vertex -0.883883 -11.8839 5
      vertex -0.991692 -11.761 0
      vertex -0.991692 -11.761 5
    endloop
  endfacet
  facet normal 0.751753 0.659445 0
    outer loop
      vertex -0.991692 -11.761 0
      vertex -0.883883 -11.8839 5
      vertex -0.883883 -11.8839 0
    endloop
  endfacet
  facet normal -0.980768 0.195175 0
    outer loop
      vertex 1.20741 -11.3235 0
      vertex 1.23931 -11.1632 5
      vertex 1.23931 -11.1632 0
    endloop
  endfacet
  facet normal -0.980768 0.195175 0
    outer loop
      vertex 1.23931 -11.1632 5
      vertex 1.20741 -11.3235 0
      vertex 1.20741 -11.3235 5
    endloop
  endfacet
  facet normal -0.997861 -0.0653783 0
    outer loop
      vertex 1.25 -7 0
      vertex 1.23931 -6.83684 5
      vertex 1.23931 -6.83684 0
    endloop
  endfacet
  facet normal -0.997861 -0.0653783 0
    outer loop
      vertex 1.23931 -6.83684 5
      vertex 1.25 -7 0
      vertex 1.25 -7 5
    endloop
  endfacet
  facet normal -0.195096 -0.980784 0
    outer loop
      vertex 0.163157 -5.76069 0
      vertex 0.323524 -5.79259 5
      vertex 0.163157 -5.76069 5
    endloop
  endfacet
  facet normal -0.195096 -0.980784 -0
    outer loop
      vertex 0.323524 -5.79259 5
      vertex 0.163157 -5.76069 0
      vertex 0.323524 -5.79259 0
    endloop
  endfacet
  facet normal -0.555572 -0.831468 0
    outer loop
      vertex 0.625 -5.91747 0
      vertex 0.760951 -6.00831 5
      vertex 0.625 -5.91747 5
    endloop
  endfacet
  facet normal -0.555572 -0.831468 -0
    outer loop
      vertex 0.760951 -6.00831 5
      vertex 0.625 -5.91747 0
      vertex 0.760951 -6.00831 0
    endloop
  endfacet
  facet normal -0.659351 -0.751835 0
    outer loop
      vertex 0.760951 -6.00831 0
      vertex 0.883883 -6.11612 5
      vertex 0.760951 -6.00831 5
    endloop
  endfacet
  facet normal -0.659351 -0.751835 -0
    outer loop
      vertex 0.883883 -6.11612 5
      vertex 0.760951 -6.00831 0
      vertex 0.883883 -6.11612 0
    endloop
  endfacet
  facet normal -0.896872 -0.44229 0
    outer loop
      vertex 1.15485 -6.52165 0
      vertex 1.08253 -6.375 5
      vertex 1.08253 -6.375 0
    endloop
  endfacet
  facet normal -0.896872 -0.44229 0
    outer loop
      vertex 1.08253 -6.375 5
      vertex 1.15485 -6.52165 0
      vertex 1.15485 -6.52165 5
    endloop
  endfacet
  facet normal 0.0653795 -0.99786 0
    outer loop
      vertex -0.163157 -5.76069 0
      vertex 0 -5.75 5
      vertex -0.163157 -5.76069 5
    endloop
  endfacet
  facet normal 0.0653795 -0.99786 0
    outer loop
      vertex 0 -5.75 5
      vertex -0.163157 -5.76069 0
      vertex 0 -5.75 0
    endloop
  endfacet
  facet normal 0.555572 -0.831468 0
    outer loop
      vertex -0.760951 -6.00831 0
      vertex -0.625 -5.91747 5
      vertex -0.760951 -6.00831 5
    endloop
  endfacet
  facet normal 0.555572 -0.831468 0
    outer loop
      vertex -0.625 -5.91747 5
      vertex -0.760951 -6.00831 0
      vertex -0.625 -5.91747 0
    endloop
  endfacet
  facet normal 0.442299 -0.896867 0
    outer loop
      vertex -0.625 -5.91747 0
      vertex -0.478354 -5.84515 5
      vertex -0.625 -5.91747 5
    endloop
  endfacet
  facet normal 0.442299 -0.896867 0
    outer loop
      vertex -0.478354 -5.84515 5
      vertex -0.625 -5.91747 0
      vertex -0.478354 -5.84515 0
    endloop
  endfacet
  facet normal 0.831472 -0.555566 0
    outer loop
      vertex -1.08253 -6.375 5
      vertex -0.991692 -6.23905 0
      vertex -0.991692 -6.23905 5
    endloop
  endfacet
  facet normal 0.831472 -0.555566 0
    outer loop
      vertex -0.991692 -6.23905 0
      vertex -1.08253 -6.375 5
      vertex -1.08253 -6.375 0
    endloop
  endfacet
  facet normal -0.997862 0.0653624 0
    outer loop
      vertex 1.23931 -11.1632 0
      vertex 1.25 -11 5
      vertex 1.25 -11 0
    endloop
  endfacet
  facet normal -0.997862 0.0653624 0
    outer loop
      vertex 1.25 -11 5
      vertex 1.23931 -11.1632 0
      vertex 1.23931 -11.1632 5
    endloop
  endfacet
  facet normal -0.831566 0.555425 0
    outer loop
      vertex 0.991692 -11.761 0
      vertex 1.08253 -11.625 5
      vertex 1.08253 -11.625 0
    endloop
  endfacet
  facet normal -0.831566 0.555425 0
    outer loop
      vertex 1.08253 -11.625 5
      vertex 0.991692 -11.761 0
      vertex 0.991692 -11.761 5
    endloop
  endfacet
  facet normal -0.751753 0.659445 0
    outer loop
      vertex 0.883883 -11.8839 0
      vertex 0.991692 -11.761 5
      vertex 0.991692 -11.761 0
    endloop
  endfacet
  facet normal -0.751753 0.659445 0
    outer loop
      vertex 0.991692 -11.761 5
      vertex 0.883883 -11.8839 0
      vertex 0.883883 -11.8839 5
    endloop
  endfacet
  facet normal -0.0654404 0.997856 0
    outer loop
      vertex 0.163157 -12.2393 0
      vertex 0 -12.25 5
      vertex 0.163157 -12.2393 5
    endloop
  endfacet
  facet normal -0.0654404 0.997856 0
    outer loop
      vertex 0 -12.25 5
      vertex 0.163157 -12.2393 0
      vertex 0 -12.25 0
    endloop
  endfacet
  facet normal -0.321671 0.946851 0
    outer loop
      vertex 0.478354 -12.1548 0
      vertex 0.323524 -12.2074 5
      vertex 0.478354 -12.1548 5
    endloop
  endfacet
  facet normal -0.321671 0.946851 0
    outer loop
      vertex 0.323524 -12.2074 5
      vertex 0.478354 -12.1548 0
      vertex 0.323524 -12.2074 0
    endloop
  endfacet
  facet normal -0.442201 0.896916 0
    outer loop
      vertex 0.625 -12.0825 0
      vertex 0.478354 -12.1548 5
      vertex 0.625 -12.0825 5
    endloop
  endfacet
  facet normal -0.442201 0.896916 0
    outer loop
      vertex 0.478354 -12.1548 5
      vertex 0.625 -12.0825 0
      vertex 0.478354 -12.1548 0
    endloop
  endfacet
  facet normal -0.659317 0.751865 0
    outer loop
      vertex 0.883883 -11.8839 0
      vertex 0.760951 -11.9917 5
      vertex 0.883883 -11.8839 5
    endloop
  endfacet
  facet normal -0.659317 0.751865 0
    outer loop
      vertex 0.760951 -11.9917 5
      vertex 0.883883 -11.8839 0
      vertex 0.760951 -11.9917 0
    endloop
  endfacet
  facet normal -0.896812 0.442411 0
    outer loop
      vertex 1.08253 -11.625 0
      vertex 1.15485 -11.4784 5
      vertex 1.15485 -11.4784 0
    endloop
  endfacet
  facet normal -0.896812 0.442411 0
    outer loop
      vertex 1.15485 -11.4784 5
      vertex 1.08253 -11.625 0
      vertex 1.08253 -11.625 5
    endloop
  endfacet
  facet normal -0.195096 0.980784 0
    outer loop
      vertex 0.323524 -12.2074 0
      vertex 0.163157 -12.2393 5
      vertex 0.323524 -12.2074 5
    endloop
  endfacet
  facet normal -0.195096 0.980784 0
    outer loop
      vertex 0.163157 -12.2393 5
      vertex 0.323524 -12.2074 0
      vertex 0.163157 -12.2393 0
    endloop
  endfacet
  facet normal -0.555403 0.831581 0
    outer loop
      vertex 0.760951 -11.9917 0
      vertex 0.625 -12.0825 5
      vertex 0.760951 -11.9917 5
    endloop
  endfacet
  facet normal -0.555403 0.831581 0
    outer loop
      vertex 0.625 -12.0825 5
      vertex 0.760951 -11.9917 0
      vertex 0.625 -12.0825 0
    endloop
  endfacet
  facet normal -0.997851 -0.0655274 0
    outer loop
      vertex -56.25 -7 0
      vertex -56.265 -6.77158 5
      vertex -56.265 -6.77158 0
    endloop
  endfacet
  facet normal -0.997851 -0.0655274 0
    outer loop
      vertex -56.265 -6.77158 5
      vertex -56.25 -7 0
      vertex -56.25 -7 5
    endloop
  endfacet
  facet normal 0.997851 -0.0655274 0
    outer loop
      vertex -59.75 -7 5
      vertex -59.735 -6.77158 0
      vertex -59.735 -6.77158 5
    endloop
  endfacet
  facet normal 0.997851 -0.0655274 0
    outer loop
      vertex -59.735 -6.77158 0
      vertex -59.75 -7 5
      vertex -59.75 -7 0
    endloop
  endfacet
  facet normal 0.0654026 -0.997859 0
    outer loop
      vertex -58.2284 -5.26497 0
      vertex -58 -5.25 5
      vertex -58.2284 -5.26497 5
    endloop
  endfacet
  facet normal 0.0654026 -0.997859 0
    outer loop
      vertex -58 -5.25 5
      vertex -58.2284 -5.26497 0
      vertex -58 -5.25 0
    endloop
  endfacet
  facet normal 0.751702 0.659503 0
    outer loop
      vertex -59.2374 -8.23744 5
      vertex -59.3884 -8.06533 0
      vertex -59.3884 -8.06533 5
    endloop
  endfacet
  facet normal 0.751702 0.659503 0
    outer loop
      vertex -59.3884 -8.06533 0
      vertex -59.2374 -8.23744 5
      vertex -59.2374 -8.23744 0
    endloop
  endfacet
  facet normal -0.659352 -0.751835 0
    outer loop
      vertex -56.9347 -5.61163 0
      vertex -56.7626 -5.76256 5
      vertex -56.9347 -5.61163 5
    endloop
  endfacet
  facet normal -0.659352 -0.751835 -0
    outer loop
      vertex -56.7626 -5.76256 5
      vertex -56.9347 -5.61163 0
      vertex -56.7626 -5.76256 0
    endloop
  endfacet
  facet normal 0.751702 -0.659503 0
    outer loop
      vertex -59.3884 -5.93467 5
      vertex -59.2374 -5.76256 0
      vertex -59.2374 -5.76256 5
    endloop
  endfacet
  facet normal 0.751702 -0.659503 0
    outer loop
      vertex -59.2374 -5.76256 0
      vertex -59.3884 -5.93467 5
      vertex -59.3884 -5.93467 0
    endloop
  endfacet
  facet normal 0.442314 -0.89686 0
    outer loop
      vertex -58.875 -5.48446 0
      vertex -58.6697 -5.38321 5
      vertex -58.875 -5.48446 5
    endloop
  endfacet
  facet normal 0.442314 -0.89686 0
    outer loop
      vertex -58.6697 -5.38321 5
      vertex -58.875 -5.48446 0
      vertex -58.6697 -5.38321 0
    endloop
  endfacet
  facet normal 0.946908 0.321504 0
    outer loop
      vertex -59.6168 -7.6697 5
      vertex -59.6904 -7.45293 0
      vertex -59.6904 -7.45293 5
    endloop
  endfacet
  facet normal 0.946908 0.321504 0
    outer loop
      vertex -59.6904 -7.45293 0
      vertex -59.6168 -7.6697 5
      vertex -59.6168 -7.6697 0
    endloop
  endfacet
  facet normal -0.896774 -0.44249 0
    outer loop
      vertex -56.3832 -6.3303 0
      vertex -56.4845 -6.125 5
      vertex -56.4845 -6.125 0
    endloop
  endfacet
  facet normal -0.896774 -0.44249 0
    outer loop
      vertex -56.4845 -6.125 5
      vertex -56.3832 -6.3303 0
      vertex -56.3832 -6.3303 5
    endloop
  endfacet
  facet normal -0.83162 -0.555345 0
    outer loop
      vertex -56.4845 -6.125 0
      vertex -56.6116 -5.93467 5
      vertex -56.6116 -5.93467 0
    endloop
  endfacet
  facet normal -0.83162 -0.555345 0
    outer loop
      vertex -56.6116 -5.93467 5
      vertex -56.4845 -6.125 0
      vertex -56.4845 -6.125 5
    endloop
  endfacet
  facet normal -0.321386 -0.946948 0
    outer loop
      vertex -57.5471 -5.30963 0
      vertex -57.3303 -5.38321 5
      vertex -57.5471 -5.30963 5
    endloop
  endfacet
  facet normal -0.321386 -0.946948 -0
    outer loop
      vertex -57.3303 -5.38321 5
      vertex -57.5471 -5.30963 0
      vertex -57.3303 -5.38321 0
    endloop
  endfacet
  facet normal -0.195108 -0.980782 0
    outer loop
      vertex -57.7716 -5.26497 0
      vertex -57.5471 -5.30963 5
      vertex -57.7716 -5.26497 5
    endloop
  endfacet
  facet normal -0.195108 -0.980782 -0
    outer loop
      vertex -57.5471 -5.30963 5
      vertex -57.7716 -5.26497 0
      vertex -57.5471 -5.30963 0
    endloop
  endfacet
  facet normal -0.442314 -0.89686 0
    outer loop
      vertex -57.3303 -5.38321 0
      vertex -57.125 -5.48446 5
      vertex -57.3303 -5.38321 5
    endloop
  endfacet
  facet normal -0.442314 -0.89686 -0
    outer loop
      vertex -57.125 -5.48446 5
      vertex -57.3303 -5.38321 0
      vertex -57.125 -5.48446 0
    endloop
  endfacet
  facet normal 0.896774 -0.44249 0
    outer loop
      vertex -59.6168 -6.3303 5
      vertex -59.5155 -6.125 0
      vertex -59.5155 -6.125 5
    endloop
  endfacet
  facet normal 0.896774 -0.44249 0
    outer loop
      vertex -59.5155 -6.125 0
      vertex -59.6168 -6.3303 5
      vertex -59.6168 -6.3303 0
    endloop
  endfacet
  facet normal 0.83162 -0.555345 0
    outer loop
      vertex -59.5155 -6.125 5
      vertex -59.3884 -5.93467 0
      vertex -59.3884 -5.93467 5
    endloop
  endfacet
  facet normal 0.83162 -0.555345 0
    outer loop
      vertex -59.3884 -5.93467 0
      vertex -59.5155 -6.125 5
      vertex -59.5155 -6.125 0
    endloop
  endfacet
  facet normal 0.555617 -0.831438 0
    outer loop
      vertex -59.0653 -5.61163 0
      vertex -58.875 -5.48446 5
      vertex -59.0653 -5.61163 5
    endloop
  endfacet
  facet normal 0.555617 -0.831438 0
    outer loop
      vertex -58.875 -5.48446 5
      vertex -59.0653 -5.61163 0
      vertex -58.875 -5.48446 0
    endloop
  endfacet
  facet normal 0.321386 -0.946948 0
    outer loop
      vertex -58.6697 -5.38321 0
      vertex -58.4529 -5.30963 5
      vertex -58.6697 -5.38321 5
    endloop
  endfacet
  facet normal 0.321386 -0.946948 0
    outer loop
      vertex -58.4529 -5.30963 5
      vertex -58.6697 -5.38321 0
      vertex -58.4529 -5.30963 0
    endloop
  endfacet
  facet normal -0.0654026 0.997859 0
    outer loop
      vertex -57.7716 -8.73503 0
      vertex -58 -8.75 5
      vertex -57.7716 -8.73503 5
    endloop
  endfacet
  facet normal -0.0654026 0.997859 0
    outer loop
      vertex -58 -8.75 5
      vertex -57.7716 -8.73503 0
      vertex -58 -8.75 0
    endloop
  endfacet
  facet normal -0.980834 0.194847 0
    outer loop
      vertex -56.3096 -7.45293 0
      vertex -56.265 -7.22842 5
      vertex -56.265 -7.22842 0
    endloop
  endfacet
  facet normal -0.980834 0.194847 0
    outer loop
      vertex -56.265 -7.22842 5
      vertex -56.3096 -7.45293 0
      vertex -56.3096 -7.45293 5
    endloop
  endfacet
  facet normal 0.896774 0.44249 0
    outer loop
      vertex -59.5155 -7.875 5
      vertex -59.6168 -7.6697 0
      vertex -59.6168 -7.6697 5
    endloop
  endfacet
  facet normal 0.896774 0.44249 0
    outer loop
      vertex -59.6168 -7.6697 0
      vertex -59.5155 -7.875 5
      vertex -59.5155 -7.875 0
    endloop
  endfacet
  facet normal 0.997851 0.0655274 0
    outer loop
      vertex -59.735 -7.22842 5
      vertex -59.75 -7 0
      vertex -59.75 -7 5
    endloop
  endfacet
  facet normal 0.997851 0.0655274 0
    outer loop
      vertex -59.75 -7 0
      vertex -59.735 -7.22842 5
      vertex -59.735 -7.22842 0
    endloop
  endfacet
  facet normal -0.946908 -0.321504 0
    outer loop
      vertex -56.3096 -6.54707 0
      vertex -56.3832 -6.3303 5
      vertex -56.3832 -6.3303 0
    endloop
  endfacet
  facet normal -0.946908 -0.321504 0
    outer loop
      vertex -56.3832 -6.3303 5
      vertex -56.3096 -6.54707 0
      vertex -56.3096 -6.54707 5
    endloop
  endfacet
  facet normal -0.980834 -0.194847 0
    outer loop
      vertex -56.265 -6.77158 0
      vertex -56.3096 -6.54707 5
      vertex -56.3096 -6.54707 0
    endloop
  endfacet
  facet normal -0.980834 -0.194847 0
    outer loop
      vertex -56.3096 -6.54707 5
      vertex -56.265 -6.77158 0
      vertex -56.265 -6.77158 5
    endloop
  endfacet
  facet normal -0.751702 -0.659503 0
    outer loop
      vertex -56.6116 -5.93467 0
      vertex -56.7626 -5.76256 5
      vertex -56.7626 -5.76256 0
    endloop
  endfacet
  facet normal -0.751702 -0.659503 0
    outer loop
      vertex -56.7626 -5.76256 5
      vertex -56.6116 -5.93467 0
      vertex -56.6116 -5.93467 5
    endloop
  endfacet
  facet normal -0.0654026 -0.997859 0
    outer loop
      vertex -58 -5.25 0
      vertex -57.7716 -5.26497 5
      vertex -58 -5.25 5
    endloop
  endfacet
  facet normal -0.0654026 -0.997859 -0
    outer loop
      vertex -57.7716 -5.26497 5
      vertex -58 -5.25 0
      vertex -57.7716 -5.26497 0
    endloop
  endfacet
  facet normal -0.555617 -0.831438 0
    outer loop
      vertex -57.125 -5.48446 0
      vertex -56.9347 -5.61163 5
      vertex -57.125 -5.48446 5
    endloop
  endfacet
  facet normal -0.555617 -0.831438 -0
    outer loop
      vertex -56.9347 -5.61163 5
      vertex -57.125 -5.48446 0
      vertex -56.9347 -5.61163 0
    endloop
  endfacet
  facet normal 0.946908 -0.321504 0
    outer loop
      vertex -59.6904 -6.54707 5
      vertex -59.6168 -6.3303 0
      vertex -59.6168 -6.3303 5
    endloop
  endfacet
  facet normal 0.946908 -0.321504 0
    outer loop
      vertex -59.6168 -6.3303 0
      vertex -59.6904 -6.54707 5
      vertex -59.6904 -6.54707 0
    endloop
  endfacet
  facet normal 0.980834 -0.194847 0
    outer loop
      vertex -59.735 -6.77158 5
      vertex -59.6904 -6.54707 0
      vertex -59.6904 -6.54707 5
    endloop
  endfacet
  facet normal 0.980834 -0.194847 0
    outer loop
      vertex -59.6904 -6.54707 0
      vertex -59.735 -6.77158 5
      vertex -59.735 -6.77158 0
    endloop
  endfacet
  facet normal 0.659352 -0.751835 0
    outer loop
      vertex -59.2374 -5.76256 0
      vertex -59.0653 -5.61163 5
      vertex -59.2374 -5.76256 5
    endloop
  endfacet
  facet normal 0.659352 -0.751835 0
    outer loop
      vertex -59.0653 -5.61163 5
      vertex -59.2374 -5.76256 0
      vertex -59.0653 -5.61163 0
    endloop
  endfacet
  facet normal 0.195108 -0.980782 0
    outer loop
      vertex -58.4529 -5.30963 0
      vertex -58.2284 -5.26497 5
      vertex -58.4529 -5.30963 5
    endloop
  endfacet
  facet normal 0.195108 -0.980782 0
    outer loop
      vertex -58.2284 -5.26497 5
      vertex -58.4529 -5.30963 0
      vertex -58.2284 -5.26497 0
    endloop
  endfacet
  facet normal -0.997851 0.0655274 0
    outer loop
      vertex -56.265 -7.22842 0
      vertex -56.25 -7 5
      vertex -56.25 -7 0
    endloop
  endfacet
  facet normal -0.997851 0.0655274 0
    outer loop
      vertex -56.25 -7 5
      vertex -56.265 -7.22842 0
      vertex -56.265 -7.22842 5
    endloop
  endfacet
  facet normal -0.195108 0.980782 0
    outer loop
      vertex -57.5471 -8.69037 0
      vertex -57.7716 -8.73503 5
      vertex -57.5471 -8.69037 5
    endloop
  endfacet
  facet normal -0.195108 0.980782 0
    outer loop
      vertex -57.7716 -8.73503 5
      vertex -57.5471 -8.69037 0
      vertex -57.7716 -8.73503 0
    endloop
  endfacet
  facet normal -0.659352 0.751835 0
    outer loop
      vertex -56.7626 -8.23744 0
      vertex -56.9347 -8.38837 5
      vertex -56.7626 -8.23744 5
    endloop
  endfacet
  facet normal -0.659352 0.751835 0
    outer loop
      vertex -56.9347 -8.38837 5
      vertex -56.7626 -8.23744 0
      vertex -56.9347 -8.38837 0
    endloop
  endfacet
  facet normal -0.442314 0.89686 0
    outer loop
      vertex -57.125 -8.51554 0
      vertex -57.3303 -8.61679 5
      vertex -57.125 -8.51554 5
    endloop
  endfacet
  facet normal -0.442314 0.89686 0
    outer loop
      vertex -57.3303 -8.61679 5
      vertex -57.125 -8.51554 0
      vertex -57.3303 -8.61679 0
    endloop
  endfacet
  facet normal -0.83162 0.555345 0
    outer loop
      vertex -56.6116 -8.06533 0
      vertex -56.4845 -7.875 5
      vertex -56.4845 -7.875 0
    endloop
  endfacet
  facet normal -0.83162 0.555345 0
    outer loop
      vertex -56.4845 -7.875 5
      vertex -56.6116 -8.06533 0
      vertex -56.6116 -8.06533 5
    endloop
  endfacet
  facet normal 0.659352 0.751835 -0
    outer loop
      vertex -59.0653 -8.38837 0
      vertex -59.2374 -8.23744 5
      vertex -59.0653 -8.38837 5
    endloop
  endfacet
  facet normal 0.659352 0.751835 0
    outer loop
      vertex -59.2374 -8.23744 5
      vertex -59.0653 -8.38837 0
      vertex -59.2374 -8.23744 0
    endloop
  endfacet
  facet normal 0.442314 0.89686 -0
    outer loop
      vertex -58.6697 -8.61679 0
      vertex -58.875 -8.51554 5
      vertex -58.6697 -8.61679 5
    endloop
  endfacet
  facet normal 0.442314 0.89686 0
    outer loop
      vertex -58.875 -8.51554 5
      vertex -58.6697 -8.61679 0
      vertex -58.875 -8.51554 0
    endloop
  endfacet
  facet normal 0.321386 0.946948 -0
    outer loop
      vertex -58.4529 -8.69037 0
      vertex -58.6697 -8.61679 5
      vertex -58.4529 -8.69037 5
    endloop
  endfacet
  facet normal 0.321386 0.946948 0
    outer loop
      vertex -58.6697 -8.61679 5
      vertex -58.4529 -8.69037 0
      vertex -58.6697 -8.61679 0
    endloop
  endfacet
  facet normal 0.0654026 0.997859 -0
    outer loop
      vertex -58 -8.75 0
      vertex -58.2284 -8.73503 5
      vertex -58 -8.75 5
    endloop
  endfacet
  facet normal 0.0654026 0.997859 0
    outer loop
      vertex -58.2284 -8.73503 5
      vertex -58 -8.75 0
      vertex -58.2284 -8.73503 0
    endloop
  endfacet
  facet normal 0.83162 0.555345 0
    outer loop
      vertex -59.3884 -8.06533 5
      vertex -59.5155 -7.875 0
      vertex -59.5155 -7.875 5
    endloop
  endfacet
  facet normal 0.83162 0.555345 0
    outer loop
      vertex -59.5155 -7.875 0
      vertex -59.3884 -8.06533 5
      vertex -59.3884 -8.06533 0
    endloop
  endfacet
  facet normal 0.980834 0.194847 0
    outer loop
      vertex -59.6904 -7.45293 5
      vertex -59.735 -7.22842 0
      vertex -59.735 -7.22842 5
    endloop
  endfacet
  facet normal 0.980834 0.194847 0
    outer loop
      vertex -59.735 -7.22842 0
      vertex -59.6904 -7.45293 5
      vertex -59.6904 -7.45293 0
    endloop
  endfacet
  facet normal -0.946908 0.321504 0
    outer loop
      vertex -56.3832 -7.6697 0
      vertex -56.3096 -7.45293 5
      vertex -56.3096 -7.45293 0
    endloop
  endfacet
  facet normal -0.946908 0.321504 0
    outer loop
      vertex -56.3096 -7.45293 5
      vertex -56.3832 -7.6697 0
      vertex -56.3832 -7.6697 5
    endloop
  endfacet
  facet normal -0.321386 0.946948 0
    outer loop
      vertex -57.3303 -8.61679 0
      vertex -57.5471 -8.69037 5
      vertex -57.3303 -8.61679 5
    endloop
  endfacet
  facet normal -0.321386 0.946948 0
    outer loop
      vertex -57.5471 -8.69037 5
      vertex -57.3303 -8.61679 0
      vertex -57.5471 -8.69037 0
    endloop
  endfacet
  facet normal -0.751702 0.659503 0
    outer loop
      vertex -56.7626 -8.23744 0
      vertex -56.6116 -8.06533 5
      vertex -56.6116 -8.06533 0
    endloop
  endfacet
  facet normal -0.751702 0.659503 0
    outer loop
      vertex -56.6116 -8.06533 5
      vertex -56.7626 -8.23744 0
      vertex -56.7626 -8.23744 5
    endloop
  endfacet
  facet normal -0.555617 0.831438 0
    outer loop
      vertex -56.9347 -8.38837 0
      vertex -57.125 -8.51554 5
      vertex -56.9347 -8.38837 5
    endloop
  endfacet
  facet normal -0.555617 0.831438 0
    outer loop
      vertex -57.125 -8.51554 5
      vertex -56.9347 -8.38837 0
      vertex -57.125 -8.51554 0
    endloop
  endfacet
  facet normal 0.555617 0.831438 -0
    outer loop
      vertex -58.875 -8.51554 0
      vertex -59.0653 -8.38837 5
      vertex -58.875 -8.51554 5
    endloop
  endfacet
  facet normal 0.555617 0.831438 0
    outer loop
      vertex -59.0653 -8.38837 5
      vertex -58.875 -8.51554 0
      vertex -59.0653 -8.38837 0
    endloop
  endfacet
  facet normal 0.195108 0.980782 -0
    outer loop
      vertex -58.2284 -8.73503 0
      vertex -58.4529 -8.69037 5
      vertex -58.2284 -8.73503 5
    endloop
  endfacet
  facet normal 0.195108 0.980782 0
    outer loop
      vertex -58.4529 -8.69037 5
      vertex -58.2284 -8.73503 0
      vertex -58.4529 -8.69037 0
    endloop
  endfacet
  facet normal -0.896774 0.44249 0
    outer loop
      vertex -56.4845 -7.875 0
      vertex -56.3832 -7.6697 5
      vertex -56.3832 -7.6697 0
    endloop
  endfacet
  facet normal -0.896774 0.44249 0
    outer loop
      vertex -56.3832 -7.6697 5
      vertex -56.4845 -7.875 0
      vertex -56.4845 -7.875 5
    endloop
  endfacet
  facet normal -0.997851 -0.0655274 0
    outer loop
      vertex -56.25 7 0
      vertex -56.265 7.22842 5
      vertex -56.265 7.22842 0
    endloop
  endfacet
  facet normal -0.997851 -0.0655274 0
    outer loop
      vertex -56.265 7.22842 5
      vertex -56.25 7 0
      vertex -56.25 7 5
    endloop
  endfacet
  facet normal 0.997851 -0.0655274 0
    outer loop
      vertex -59.75 7 5
      vertex -59.735 7.22842 0
      vertex -59.735 7.22842 5
    endloop
  endfacet
  facet normal 0.997851 -0.0655274 0
    outer loop
      vertex -59.735 7.22842 0
      vertex -59.75 7 5
      vertex -59.75 7 0
    endloop
  endfacet
  facet normal -0.0654026 -0.997859 0
    outer loop
      vertex -58 8.75 0
      vertex -57.7716 8.73503 5
      vertex -58 8.75 5
    endloop
  endfacet
  facet normal -0.0654026 -0.997859 -0
    outer loop
      vertex -57.7716 8.73503 5
      vertex -58 8.75 0
      vertex -57.7716 8.73503 0
    endloop
  endfacet
  facet normal -0.0654026 0.997859 0
    outer loop
      vertex -57.7716 5.26497 0
      vertex -58 5.25 5
      vertex -57.7716 5.26497 5
    endloop
  endfacet
  facet normal -0.0654026 0.997859 0
    outer loop
      vertex -58 5.25 5
      vertex -57.7716 5.26497 0
      vertex -58 5.25 0
    endloop
  endfacet
  facet normal -0.659352 -0.751835 0
    outer loop
      vertex -56.9347 8.38837 0
      vertex -56.7626 8.23744 5
      vertex -56.9347 8.38837 5
    endloop
  endfacet
  facet normal -0.659352 -0.751835 -0
    outer loop
      vertex -56.7626 8.23744 5
      vertex -56.9347 8.38837 0
      vertex -56.7626 8.23744 0
    endloop
  endfacet
  facet normal 0.659352 -0.751835 0
    outer loop
      vertex -59.2374 8.23744 0
      vertex -59.0653 8.38837 5
      vertex -59.2374 8.23744 5
    endloop
  endfacet
  facet normal 0.659352 -0.751835 0
    outer loop
      vertex -59.0653 8.38837 5
      vertex -59.2374 8.23744 0
      vertex -59.0653 8.38837 0
    endloop
  endfacet
  facet normal 0.321386 -0.946948 0
    outer loop
      vertex -58.6697 8.61679 0
      vertex -58.4529 8.69037 5
      vertex -58.6697 8.61679 5
    endloop
  endfacet
  facet normal 0.321386 -0.946948 0
    outer loop
      vertex -58.4529 8.69037 5
      vertex -58.6697 8.61679 0
      vertex -58.4529 8.69037 0
    endloop
  endfacet
  facet normal -0.896774 -0.44249 0
    outer loop
      vertex -56.3832 7.6697 0
      vertex -56.4845 7.875 5
      vertex -56.4845 7.875 0
    endloop
  endfacet
  facet normal -0.896774 -0.44249 0
    outer loop
      vertex -56.4845 7.875 5
      vertex -56.3832 7.6697 0
      vertex -56.3832 7.6697 5
    endloop
  endfacet
  facet normal -0.83162 -0.555345 0
    outer loop
      vertex -56.4845 7.875 0
      vertex -56.6116 8.06533 5
      vertex -56.6116 8.06533 0
    endloop
  endfacet
  facet normal -0.83162 -0.555345 0
    outer loop
      vertex -56.6116 8.06533 5
      vertex -56.4845 7.875 0
      vertex -56.4845 7.875 5
    endloop
  endfacet
  facet normal -0.442314 -0.89686 0
    outer loop
      vertex -57.3303 8.61679 0
      vertex -57.125 8.51554 5
      vertex -57.3303 8.61679 5
    endloop
  endfacet
  facet normal -0.442314 -0.89686 -0
    outer loop
      vertex -57.125 8.51554 5
      vertex -57.3303 8.61679 0
      vertex -57.125 8.51554 0
    endloop
  endfacet
  facet normal -0.555617 -0.831438 0
    outer loop
      vertex -57.125 8.51554 0
      vertex -56.9347 8.38837 5
      vertex -57.125 8.51554 5
    endloop
  endfacet
  facet normal -0.555617 -0.831438 -0
    outer loop
      vertex -56.9347 8.38837 5
      vertex -57.125 8.51554 0
      vertex -56.9347 8.38837 0
    endloop
  endfacet
  facet normal 0.896774 -0.44249 0
    outer loop
      vertex -59.6168 7.6697 5
      vertex -59.5155 7.875 0
      vertex -59.5155 7.875 5
    endloop
  endfacet
  facet normal 0.896774 -0.44249 0
    outer loop
      vertex -59.5155 7.875 0
      vertex -59.6168 7.6697 5
      vertex -59.6168 7.6697 0
    endloop
  endfacet
  facet normal 0.442314 -0.89686 0
    outer loop
      vertex -58.875 8.51554 0
      vertex -58.6697 8.61679 5
      vertex -58.875 8.51554 5
    endloop
  endfacet
  facet normal 0.442314 -0.89686 0
    outer loop
      vertex -58.6697 8.61679 5
      vertex -58.875 8.51554 0
      vertex -58.6697 8.61679 0
    endloop
  endfacet
  facet normal 0.0654026 -0.997859 0
    outer loop
      vertex -58.2284 8.73503 0
      vertex -58 8.75 5
      vertex -58.2284 8.73503 5
    endloop
  endfacet
  facet normal 0.0654026 -0.997859 0
    outer loop
      vertex -58 8.75 5
      vertex -58.2284 8.73503 0
      vertex -58 8.75 0
    endloop
  endfacet
  facet normal -0.195108 0.980782 0
    outer loop
      vertex -57.5471 5.30963 0
      vertex -57.7716 5.26497 5
      vertex -57.5471 5.30963 5
    endloop
  endfacet
  facet normal -0.195108 0.980782 0
    outer loop
      vertex -57.7716 5.26497 5
      vertex -57.5471 5.30963 0
      vertex -57.7716 5.26497 0
    endloop
  endfacet
  facet normal -0.442314 0.89686 0
    outer loop
      vertex -57.125 5.48446 0
      vertex -57.3303 5.38321 5
      vertex -57.125 5.48446 5
    endloop
  endfacet
  facet normal -0.442314 0.89686 0
    outer loop
      vertex -57.3303 5.38321 5
      vertex -57.125 5.48446 0
      vertex -57.3303 5.38321 0
    endloop
  endfacet
  facet normal -0.946908 -0.321504 0
    outer loop
      vertex -56.3096 7.45293 0
      vertex -56.3832 7.6697 5
      vertex -56.3832 7.6697 0
    endloop
  endfacet
  facet normal -0.946908 -0.321504 0
    outer loop
      vertex -56.3832 7.6697 5
      vertex -56.3096 7.45293 0
      vertex -56.3096 7.45293 5
    endloop
  endfacet
  facet normal -0.980834 -0.194847 0
    outer loop
      vertex -56.265 7.22842 0
      vertex -56.3096 7.45293 5
      vertex -56.3096 7.45293 0
    endloop
  endfacet
  facet normal -0.980834 -0.194847 0
    outer loop
      vertex -56.3096 7.45293 5
      vertex -56.265 7.22842 0
      vertex -56.265 7.22842 5
    endloop
  endfacet
  facet normal -0.751702 -0.659503 0
    outer loop
      vertex -56.6116 8.06533 0
      vertex -56.7626 8.23744 5
      vertex -56.7626 8.23744 0
    endloop
  endfacet
  facet normal -0.751702 -0.659503 0
    outer loop
      vertex -56.7626 8.23744 5
      vertex -56.6116 8.06533 0
      vertex -56.6116 8.06533 5
    endloop
  endfacet
  facet normal -0.321386 -0.946948 0
    outer loop
      vertex -57.5471 8.69037 0
      vertex -57.3303 8.61679 5
      vertex -57.5471 8.69037 5
    endloop
  endfacet
  facet normal -0.321386 -0.946948 -0
    outer loop
      vertex -57.3303 8.61679 5
      vertex -57.5471 8.69037 0
      vertex -57.3303 8.61679 0
    endloop
  endfacet
  facet normal -0.195108 -0.980782 0
    outer loop
      vertex -57.7716 8.73503 0
      vertex -57.5471 8.69037 5
      vertex -57.7716 8.73503 5
    endloop
  endfacet
  facet normal -0.195108 -0.980782 -0
    outer loop
      vertex -57.5471 8.69037 5
      vertex -57.7716 8.73503 0
      vertex -57.5471 8.69037 0
    endloop
  endfacet
  facet normal 0.83162 -0.555345 0
    outer loop
      vertex -59.5155 7.875 5
      vertex -59.3884 8.06533 0
      vertex -59.3884 8.06533 5
    endloop
  endfacet
  facet normal 0.83162 -0.555345 0
    outer loop
      vertex -59.3884 8.06533 0
      vertex -59.5155 7.875 5
      vertex -59.5155 7.875 0
    endloop
  endfacet
  facet normal 0.751702 -0.659503 0
    outer loop
      vertex -59.3884 8.06533 5
      vertex -59.2374 8.23744 0
      vertex -59.2374 8.23744 5
    endloop
  endfacet
  facet normal 0.751702 -0.659503 0
    outer loop
      vertex -59.2374 8.23744 0
      vertex -59.3884 8.06533 5
      vertex -59.3884 8.06533 0
    endloop
  endfacet
  facet normal 0.946908 -0.321504 0
    outer loop
      vertex -59.6904 7.45293 5
      vertex -59.6168 7.6697 0
      vertex -59.6168 7.6697 5
    endloop
  endfacet
  facet normal 0.946908 -0.321504 0
    outer loop
      vertex -59.6168 7.6697 0
      vertex -59.6904 7.45293 5
      vertex -59.6904 7.45293 0
    endloop
  endfacet
  facet normal 0.980834 -0.194847 0
    outer loop
      vertex -59.735 7.22842 5
      vertex -59.6904 7.45293 0
      vertex -59.6904 7.45293 5
    endloop
  endfacet
  facet normal 0.980834 -0.194847 0
    outer loop
      vertex -59.6904 7.45293 0
      vertex -59.735 7.22842 5
      vertex -59.735 7.22842 0
    endloop
  endfacet
  facet normal 0.555617 -0.831438 0
    outer loop
      vertex -59.0653 8.38837 0
      vertex -58.875 8.51554 5
      vertex -59.0653 8.38837 5
    endloop
  endfacet
  facet normal 0.555617 -0.831438 0
    outer loop
      vertex -58.875 8.51554 5
      vertex -59.0653 8.38837 0
      vertex -58.875 8.51554 0
    endloop
  endfacet
  facet normal 0.195108 -0.980782 0
    outer loop
      vertex -58.4529 8.69037 0
      vertex -58.2284 8.73503 5
      vertex -58.4529 8.69037 5
    endloop
  endfacet
  facet normal 0.195108 -0.980782 0
    outer loop
      vertex -58.2284 8.73503 5
      vertex -58.4529 8.69037 0
      vertex -58.2284 8.73503 0
    endloop
  endfacet
  facet normal -0.946908 0.321504 0
    outer loop
      vertex -56.3832 6.3303 0
      vertex -56.3096 6.54707 5
      vertex -56.3096 6.54707 0
    endloop
  endfacet
  facet normal -0.946908 0.321504 0
    outer loop
      vertex -56.3096 6.54707 5
      vertex -56.3832 6.3303 0
      vertex -56.3832 6.3303 5
    endloop
  endfacet
  facet normal -0.980834 0.194847 0
    outer loop
      vertex -56.3096 6.54707 0
      vertex -56.265 6.77158 5
      vertex -56.265 6.77158 0
    endloop
  endfacet
  facet normal -0.980834 0.194847 0
    outer loop
      vertex -56.265 6.77158 5
      vertex -56.3096 6.54707 0
      vertex -56.3096 6.54707 5
    endloop
  endfacet
  facet normal 0.896774 0.44249 0
    outer loop
      vertex -59.5155 6.125 5
      vertex -59.6168 6.3303 0
      vertex -59.6168 6.3303 5
    endloop
  endfacet
  facet normal 0.896774 0.44249 0
    outer loop
      vertex -59.6168 6.3303 0
      vertex -59.5155 6.125 5
      vertex -59.5155 6.125 0
    endloop
  endfacet
  facet normal 0.997851 0.0655274 0
    outer loop
      vertex -59.735 6.77158 5
      vertex -59.75 7 0
      vertex -59.75 7 5
    endloop
  endfacet
  facet normal 0.997851 0.0655274 0
    outer loop
      vertex -59.75 7 0
      vertex -59.735 6.77158 5
      vertex -59.735 6.77158 0
    endloop
  endfacet
  facet normal -0.555617 0.831438 0
    outer loop
      vertex -56.9347 5.61163 0
      vertex -57.125 5.48446 5
      vertex -56.9347 5.61163 5
    endloop
  endfacet
  facet normal -0.555617 0.831438 0
    outer loop
      vertex -57.125 5.48446 5
      vertex -56.9347 5.61163 0
      vertex -57.125 5.48446 0
    endloop
  endfacet
  facet normal -0.83162 0.555345 0
    outer loop
      vertex -56.6116 5.93467 0
      vertex -56.4845 6.125 5
      vertex -56.4845 6.125 0
    endloop
  endfacet
  facet normal -0.83162 0.555345 0
    outer loop
      vertex -56.4845 6.125 5
      vertex -56.6116 5.93467 0
      vertex -56.6116 5.93467 5
    endloop
  endfacet
  facet normal -0.997851 0.0655274 0
    outer loop
      vertex -56.265 6.77158 0
      vertex -56.25 7 5
      vertex -56.25 7 0
    endloop
  endfacet
  facet normal -0.997851 0.0655274 0
    outer loop
      vertex -56.25 7 5
      vertex -56.265 6.77158 0
      vertex -56.265 6.77158 5
    endloop
  endfacet
  facet normal 0.980834 0.194847 0
    outer loop
      vertex -59.6904 6.54707 5
      vertex -59.735 6.77158 0
      vertex -59.735 6.77158 5
    endloop
  endfacet
  facet normal 0.980834 0.194847 0
    outer loop
      vertex -59.735 6.77158 0
      vertex -59.6904 6.54707 5
      vertex -59.6904 6.54707 0
    endloop
  endfacet
  facet normal 0.946908 0.321504 0
    outer loop
      vertex -59.6168 6.3303 5
      vertex -59.6904 6.54707 0
      vertex -59.6904 6.54707 5
    endloop
  endfacet
  facet normal 0.946908 0.321504 0
    outer loop
      vertex -59.6904 6.54707 0
      vertex -59.6168 6.3303 5
      vertex -59.6168 6.3303 0
    endloop
  endfacet
  facet normal -0.659352 0.751835 0
    outer loop
      vertex -56.7626 5.76256 0
      vertex -56.9347 5.61163 5
      vertex -56.7626 5.76256 5
    endloop
  endfacet
  facet normal -0.659352 0.751835 0
    outer loop
      vertex -56.9347 5.61163 5
      vertex -56.7626 5.76256 0
      vertex -56.9347 5.61163 0
    endloop
  endfacet
  facet normal -0.321386 0.946948 0
    outer loop
      vertex -57.3303 5.38321 0
      vertex -57.5471 5.30963 5
      vertex -57.3303 5.38321 5
    endloop
  endfacet
  facet normal -0.321386 0.946948 0
    outer loop
      vertex -57.5471 5.30963 5
      vertex -57.3303 5.38321 0
      vertex -57.5471 5.30963 0
    endloop
  endfacet
  facet normal -0.896774 0.44249 0
    outer loop
      vertex -56.4845 6.125 0
      vertex -56.3832 6.3303 5
      vertex -56.3832 6.3303 0
    endloop
  endfacet
  facet normal -0.896774 0.44249 0
    outer loop
      vertex -56.3832 6.3303 5
      vertex -56.4845 6.125 0
      vertex -56.4845 6.125 5
    endloop
  endfacet
  facet normal 0.321386 0.946948 -0
    outer loop
      vertex -58.4529 5.30963 0
      vertex -58.6697 5.38321 5
      vertex -58.4529 5.30963 5
    endloop
  endfacet
  facet normal 0.321386 0.946948 0
    outer loop
      vertex -58.6697 5.38321 5
      vertex -58.4529 5.30963 0
      vertex -58.6697 5.38321 0
    endloop
  endfacet
  facet normal 0.195108 0.980782 -0
    outer loop
      vertex -58.2284 5.26497 0
      vertex -58.4529 5.30963 5
      vertex -58.2284 5.26497 5
    endloop
  endfacet
  facet normal 0.195108 0.980782 0
    outer loop
      vertex -58.4529 5.30963 5
      vertex -58.2284 5.26497 0
      vertex -58.4529 5.30963 0
    endloop
  endfacet
  facet normal 0.751702 0.659503 0
    outer loop
      vertex -59.2374 5.76256 5
      vertex -59.3884 5.93467 0
      vertex -59.3884 5.93467 5
    endloop
  endfacet
  facet normal 0.751702 0.659503 0
    outer loop
      vertex -59.3884 5.93467 0
      vertex -59.2374 5.76256 5
      vertex -59.2374 5.76256 0
    endloop
  endfacet
  facet normal 0.659352 0.751835 -0
    outer loop
      vertex -59.0653 5.61163 0
      vertex -59.2374 5.76256 5
      vertex -59.0653 5.61163 5
    endloop
  endfacet
  facet normal 0.659352 0.751835 0
    outer loop
      vertex -59.2374 5.76256 5
      vertex -59.0653 5.61163 0
      vertex -59.2374 5.76256 0
    endloop
  endfacet
  facet normal -0.751702 0.659503 0
    outer loop
      vertex -56.7626 5.76256 0
      vertex -56.6116 5.93467 5
      vertex -56.6116 5.93467 0
    endloop
  endfacet
  facet normal -0.751702 0.659503 0
    outer loop
      vertex -56.6116 5.93467 5
      vertex -56.7626 5.76256 0
      vertex -56.7626 5.76256 5
    endloop
  endfacet
  facet normal 0.555617 0.831438 -0
    outer loop
      vertex -58.875 5.48446 0
      vertex -59.0653 5.61163 5
      vertex -58.875 5.48446 5
    endloop
  endfacet
  facet normal 0.555617 0.831438 0
    outer loop
      vertex -59.0653 5.61163 5
      vertex -58.875 5.48446 0
      vertex -59.0653 5.61163 0
    endloop
  endfacet
  facet normal 0.442314 0.89686 -0
    outer loop
      vertex -58.6697 5.38321 0
      vertex -58.875 5.48446 5
      vertex -58.6697 5.38321 5
    endloop
  endfacet
  facet normal 0.442314 0.89686 0
    outer loop
      vertex -58.875 5.48446 5
      vertex -58.6697 5.38321 0
      vertex -58.875 5.48446 0
    endloop
  endfacet
  facet normal 0.0654026 0.997859 -0
    outer loop
      vertex -58 5.25 0
      vertex -58.2284 5.26497 5
      vertex -58 5.25 5
    endloop
  endfacet
  facet normal 0.0654026 0.997859 0
    outer loop
      vertex -58.2284 5.26497 5
      vertex -58 5.25 0
      vertex -58.2284 5.26497 0
    endloop
  endfacet
  facet normal 0.83162 0.555345 0
    outer loop
      vertex -59.3884 5.93467 5
      vertex -59.5155 6.125 0
      vertex -59.5155 6.125 5
    endloop
  endfacet
  facet normal 0.83162 0.555345 0
    outer loop
      vertex -59.5155 6.125 0
      vertex -59.3884 5.93467 5
      vertex -59.3884 5.93467 0
    endloop
  endfacet
  facet normal -0.997851 -0.0655274 0
    outer loop
      vertex -74.25 -4 0
      vertex -74.265 -3.77158 5
      vertex -74.265 -3.77158 0
    endloop
  endfacet
  facet normal -0.997851 -0.0655274 0
    outer loop
      vertex -74.265 -3.77158 5
      vertex -74.25 -4 0
      vertex -74.25 -4 5
    endloop
  endfacet
  facet normal 0.997851 -0.0655274 0
    outer loop
      vertex -77.75 -4 5
      vertex -77.735 -3.77158 0
      vertex -77.735 -3.77158 5
    endloop
  endfacet
  facet normal 0.997851 -0.0655274 0
    outer loop
      vertex -77.735 -3.77158 0
      vertex -77.75 -4 5
      vertex -77.75 -4 0
    endloop
  endfacet
  facet normal 0.0654026 -0.997859 0
    outer loop
      vertex -76.2284 -2.26497 0
      vertex -76 -2.25 5
      vertex -76.2284 -2.26497 5
    endloop
  endfacet
  facet normal 0.0654026 -0.997859 0
    outer loop
      vertex -76 -2.25 5
      vertex -76.2284 -2.26497 0
      vertex -76 -2.25 0
    endloop
  endfacet
  facet normal 0.751702 0.659503 0
    outer loop
      vertex -77.2374 -5.23744 5
      vertex -77.3884 -5.06533 0
      vertex -77.3884 -5.06533 5
    endloop
  endfacet
  facet normal 0.751702 0.659503 0
    outer loop
      vertex -77.3884 -5.06533 0
      vertex -77.2374 -5.23744 5
      vertex -77.2374 -5.23744 0
    endloop
  endfacet
  facet normal -0.659352 -0.751835 0
    outer loop
      vertex -74.9347 -2.61163 0
      vertex -74.7626 -2.76256 5
      vertex -74.9347 -2.61163 5
    endloop
  endfacet
  facet normal -0.659352 -0.751835 -0
    outer loop
      vertex -74.7626 -2.76256 5
      vertex -74.9347 -2.61163 0
      vertex -74.7626 -2.76256 0
    endloop
  endfacet
  facet normal 0.751702 -0.659503 0
    outer loop
      vertex -77.3884 -2.93467 5
      vertex -77.2374 -2.76256 0
      vertex -77.2374 -2.76256 5
    endloop
  endfacet
  facet normal 0.751702 -0.659503 0
    outer loop
      vertex -77.2374 -2.76256 0
      vertex -77.3884 -2.93467 5
      vertex -77.3884 -2.93467 0
    endloop
  endfacet
  facet normal 0.442314 -0.89686 0
    outer loop
      vertex -76.875 -2.48446 0
      vertex -76.6697 -2.38321 5
      vertex -76.875 -2.48446 5
    endloop
  endfacet
  facet normal 0.442314 -0.89686 0
    outer loop
      vertex -76.6697 -2.38321 5
      vertex -76.875 -2.48446 0
      vertex -76.6697 -2.38321 0
    endloop
  endfacet
  facet normal 0.946908 0.321504 0
    outer loop
      vertex -77.6168 -4.6697 5
      vertex -77.6904 -4.45293 0
      vertex -77.6904 -4.45293 5
    endloop
  endfacet
  facet normal 0.946908 0.321504 0
    outer loop
      vertex -77.6904 -4.45293 0
      vertex -77.6168 -4.6697 5
      vertex -77.6168 -4.6697 0
    endloop
  endfacet
  facet normal -0.896774 -0.44249 0
    outer loop
      vertex -74.3832 -3.3303 0
      vertex -74.4845 -3.125 5
      vertex -74.4845 -3.125 0
    endloop
  endfacet
  facet normal -0.896774 -0.44249 0
    outer loop
      vertex -74.4845 -3.125 5
      vertex -74.3832 -3.3303 0
      vertex -74.3832 -3.3303 5
    endloop
  endfacet
  facet normal -0.83162 -0.555345 0
    outer loop
      vertex -74.4845 -3.125 0
      vertex -74.6116 -2.93467 5
      vertex -74.6116 -2.93467 0
    endloop
  endfacet
  facet normal -0.83162 -0.555345 0
    outer loop
      vertex -74.6116 -2.93467 5
      vertex -74.4845 -3.125 0
      vertex -74.4845 -3.125 5
    endloop
  endfacet
  facet normal -0.321386 -0.946948 0
    outer loop
      vertex -75.5471 -2.30963 0
      vertex -75.3303 -2.38321 5
      vertex -75.5471 -2.30963 5
    endloop
  endfacet
  facet normal -0.321386 -0.946948 -0
    outer loop
      vertex -75.3303 -2.38321 5
      vertex -75.5471 -2.30963 0
      vertex -75.3303 -2.38321 0
    endloop
  endfacet
  facet normal -0.195108 -0.980782 0
    outer loop
      vertex -75.7716 -2.26497 0
      vertex -75.5471 -2.30963 5
      vertex -75.7716 -2.26497 5
    endloop
  endfacet
  facet normal -0.195108 -0.980782 -0
    outer loop
      vertex -75.5471 -2.30963 5
      vertex -75.7716 -2.26497 0
      vertex -75.5471 -2.30963 0
    endloop
  endfacet
  facet normal -0.442314 -0.89686 0
    outer loop
      vertex -75.3303 -2.38321 0
      vertex -75.125 -2.48446 5
      vertex -75.3303 -2.38321 5
    endloop
  endfacet
  facet normal -0.442314 -0.89686 -0
    outer loop
      vertex -75.125 -2.48446 5
      vertex -75.3303 -2.38321 0
      vertex -75.125 -2.48446 0
    endloop
  endfacet
  facet normal 0.896774 -0.44249 0
    outer loop
      vertex -77.6168 -3.3303 5
      vertex -77.5155 -3.125 0
      vertex -77.5155 -3.125 5
    endloop
  endfacet
  facet normal 0.896774 -0.44249 0
    outer loop
      vertex -77.5155 -3.125 0
      vertex -77.6168 -3.3303 5
      vertex -77.6168 -3.3303 0
    endloop
  endfacet
  facet normal 0.83162 -0.555345 0
    outer loop
      vertex -77.5155 -3.125 5
      vertex -77.3884 -2.93467 0
      vertex -77.3884 -2.93467 5
    endloop
  endfacet
  facet normal 0.83162 -0.555345 0
    outer loop
      vertex -77.3884 -2.93467 0
      vertex -77.5155 -3.125 5
      vertex -77.5155 -3.125 0
    endloop
  endfacet
  facet normal 0.555617 -0.831438 0
    outer loop
      vertex -77.0653 -2.61163 0
      vertex -76.875 -2.48446 5
      vertex -77.0653 -2.61163 5
    endloop
  endfacet
  facet normal 0.555617 -0.831438 0
    outer loop
      vertex -76.875 -2.48446 5
      vertex -77.0653 -2.61163 0
      vertex -76.875 -2.48446 0
    endloop
  endfacet
  facet normal 0.321386 -0.946948 0
    outer loop
      vertex -76.6697 -2.38321 0
      vertex -76.4529 -2.30963 5
      vertex -76.6697 -2.38321 5
    endloop
  endfacet
  facet normal 0.321386 -0.946948 0
    outer loop
      vertex -76.4529 -2.30963 5
      vertex -76.6697 -2.38321 0
      vertex -76.4529 -2.30963 0
    endloop
  endfacet
  facet normal -0.0654026 0.997859 0
    outer loop
      vertex -75.7716 -5.73503 0
      vertex -76 -5.75 5
      vertex -75.7716 -5.73503 5
    endloop
  endfacet
  facet normal -0.0654026 0.997859 0
    outer loop
      vertex -76 -5.75 5
      vertex -75.7716 -5.73503 0
      vertex -76 -5.75 0
    endloop
  endfacet
  facet normal -0.980834 0.194847 0
    outer loop
      vertex -74.3096 -4.45293 0
      vertex -74.265 -4.22842 5
      vertex -74.265 -4.22842 0
    endloop
  endfacet
  facet normal -0.980834 0.194847 0
    outer loop
      vertex -74.265 -4.22842 5
      vertex -74.3096 -4.45293 0
      vertex -74.3096 -4.45293 5
    endloop
  endfacet
  facet normal 0.896774 0.44249 0
    outer loop
      vertex -77.5155 -4.875 5
      vertex -77.6168 -4.6697 0
      vertex -77.6168 -4.6697 5
    endloop
  endfacet
  facet normal 0.896774 0.44249 0
    outer loop
      vertex -77.6168 -4.6697 0
      vertex -77.5155 -4.875 5
      vertex -77.5155 -4.875 0
    endloop
  endfacet
  facet normal 0.997851 0.0655274 0
    outer loop
      vertex -77.735 -4.22842 5
      vertex -77.75 -4 0
      vertex -77.75 -4 5
    endloop
  endfacet
  facet normal 0.997851 0.0655274 0
    outer loop
      vertex -77.75 -4 0
      vertex -77.735 -4.22842 5
      vertex -77.735 -4.22842 0
    endloop
  endfacet
  facet normal -0.946908 -0.321504 0
    outer loop
      vertex -74.3096 -3.54707 0
      vertex -74.3832 -3.3303 5
      vertex -74.3832 -3.3303 0
    endloop
  endfacet
  facet normal -0.946908 -0.321504 0
    outer loop
      vertex -74.3832 -3.3303 5
      vertex -74.3096 -3.54707 0
      vertex -74.3096 -3.54707 5
    endloop
  endfacet
  facet normal -0.980834 -0.194847 0
    outer loop
      vertex -74.265 -3.77158 0
      vertex -74.3096 -3.54707 5
      vertex -74.3096 -3.54707 0
    endloop
  endfacet
  facet normal -0.980834 -0.194847 0
    outer loop
      vertex -74.3096 -3.54707 5
      vertex -74.265 -3.77158 0
      vertex -74.265 -3.77158 5
    endloop
  endfacet
  facet normal -0.751702 -0.659503 0
    outer loop
      vertex -74.6116 -2.93467 0
      vertex -74.7626 -2.76256 5
      vertex -74.7626 -2.76256 0
    endloop
  endfacet
  facet normal -0.751702 -0.659503 0
    outer loop
      vertex -74.7626 -2.76256 5
      vertex -74.6116 -2.93467 0
      vertex -74.6116 -2.93467 5
    endloop
  endfacet
  facet normal -0.0654026 -0.997859 0
    outer loop
      vertex -76 -2.25 0
      vertex -75.7716 -2.26497 5
      vertex -76 -2.25 5
    endloop
  endfacet
  facet normal -0.0654026 -0.997859 -0
    outer loop
      vertex -75.7716 -2.26497 5
      vertex -76 -2.25 0
      vertex -75.7716 -2.26497 0
    endloop
  endfacet
  facet normal -0.555617 -0.831438 0
    outer loop
      vertex -75.125 -2.48446 0
      vertex -74.9347 -2.61163 5
      vertex -75.125 -2.48446 5
    endloop
  endfacet
  facet normal -0.555617 -0.831438 -0
    outer loop
      vertex -74.9347 -2.61163 5
      vertex -75.125 -2.48446 0
      vertex -74.9347 -2.61163 0
    endloop
  endfacet
  facet normal 0.946908 -0.321504 0
    outer loop
      vertex -77.6904 -3.54707 5
      vertex -77.6168 -3.3303 0
      vertex -77.6168 -3.3303 5
    endloop
  endfacet
  facet normal 0.946908 -0.321504 0
    outer loop
      vertex -77.6168 -3.3303 0
      vertex -77.6904 -3.54707 5
      vertex -77.6904 -3.54707 0
    endloop
  endfacet
  facet normal 0.980834 -0.194847 0
    outer loop
      vertex -77.735 -3.77158 5
      vertex -77.6904 -3.54707 0
      vertex -77.6904 -3.54707 5
    endloop
  endfacet
  facet normal 0.980834 -0.194847 0
    outer loop
      vertex -77.6904 -3.54707 0
      vertex -77.735 -3.77158 5
      vertex -77.735 -3.77158 0
    endloop
  endfacet
  facet normal 0.659352 -0.751835 0
    outer loop
      vertex -77.2374 -2.76256 0
      vertex -77.0653 -2.61163 5
      vertex -77.2374 -2.76256 5
    endloop
  endfacet
  facet normal 0.659352 -0.751835 0
    outer loop
      vertex -77.0653 -2.61163 5
      vertex -77.2374 -2.76256 0
      vertex -77.0653 -2.61163 0
    endloop
  endfacet
  facet normal 0.195108 -0.980782 0
    outer loop
      vertex -76.4529 -2.30963 0
      vertex -76.2284 -2.26497 5
      vertex -76.4529 -2.30963 5
    endloop
  endfacet
  facet normal 0.195108 -0.980782 0
    outer loop
      vertex -76.2284 -2.26497 5
      vertex -76.4529 -2.30963 0
      vertex -76.2284 -2.26497 0
    endloop
  endfacet
  facet normal -0.997851 0.0655274 0
    outer loop
      vertex -74.265 -4.22842 0
      vertex -74.25 -4 5
      vertex -74.25 -4 0
    endloop
  endfacet
  facet normal -0.997851 0.0655274 0
    outer loop
      vertex -74.25 -4 5
      vertex -74.265 -4.22842 0
      vertex -74.265 -4.22842 5
    endloop
  endfacet
  facet normal -0.195108 0.980782 0
    outer loop
      vertex -75.5471 -5.69037 0
      vertex -75.7716 -5.73503 5
      vertex -75.5471 -5.69037 5
    endloop
  endfacet
  facet normal -0.195108 0.980782 0
    outer loop
      vertex -75.7716 -5.73503 5
      vertex -75.5471 -5.69037 0
      vertex -75.7716 -5.73503 0
    endloop
  endfacet
  facet normal -0.659352 0.751835 0
    outer loop
      vertex -74.7626 -5.23744 0
      vertex -74.9347 -5.38837 5
      vertex -74.7626 -5.23744 5
    endloop
  endfacet
  facet normal -0.659352 0.751835 0
    outer loop
      vertex -74.9347 -5.38837 5
      vertex -74.7626 -5.23744 0
      vertex -74.9347 -5.38837 0
    endloop
  endfacet
  facet normal -0.442314 0.89686 0
    outer loop
      vertex -75.125 -5.51554 0
      vertex -75.3303 -5.61679 5
      vertex -75.125 -5.51554 5
    endloop
  endfacet
  facet normal -0.442314 0.89686 0
    outer loop
      vertex -75.3303 -5.61679 5
      vertex -75.125 -5.51554 0
      vertex -75.3303 -5.61679 0
    endloop
  endfacet
  facet normal -0.83162 0.555345 0
    outer loop
      vertex -74.6116 -5.06533 0
      vertex -74.4845 -4.875 5
      vertex -74.4845 -4.875 0
    endloop
  endfacet
  facet normal -0.83162 0.555345 0
    outer loop
      vertex -74.4845 -4.875 5
      vertex -74.6116 -5.06533 0
      vertex -74.6116 -5.06533 5
    endloop
  endfacet
  facet normal 0.659352 0.751835 -0
    outer loop
      vertex -77.0653 -5.38837 0
      vertex -77.2374 -5.23744 5
      vertex -77.0653 -5.38837 5
    endloop
  endfacet
  facet normal 0.659352 0.751835 0
    outer loop
      vertex -77.2374 -5.23744 5
      vertex -77.0653 -5.38837 0
      vertex -77.2374 -5.23744 0
    endloop
  endfacet
  facet normal 0.442314 0.89686 -0
    outer loop
      vertex -76.6697 -5.61679 0
      vertex -76.875 -5.51554 5
      vertex -76.6697 -5.61679 5
    endloop
  endfacet
  facet normal 0.442314 0.89686 0
    outer loop
      vertex -76.875 -5.51554 5
      vertex -76.6697 -5.61679 0
      vertex -76.875 -5.51554 0
    endloop
  endfacet
  facet normal 0.321386 0.946948 -0
    outer loop
      vertex -76.4529 -5.69037 0
      vertex -76.6697 -5.61679 5
      vertex -76.4529 -5.69037 5
    endloop
  endfacet
  facet normal 0.321386 0.946948 0
    outer loop
      vertex -76.6697 -5.61679 5
      vertex -76.4529 -5.69037 0
      vertex -76.6697 -5.61679 0
    endloop
  endfacet
  facet normal 0.0654026 0.997859 -0
    outer loop
      vertex -76 -5.75 0
      vertex -76.2284 -5.73503 5
      vertex -76 -5.75 5
    endloop
  endfacet
  facet normal 0.0654026 0.997859 0
    outer loop
      vertex -76.2284 -5.73503 5
      vertex -76 -5.75 0
      vertex -76.2284 -5.73503 0
    endloop
  endfacet
  facet normal 0.83162 0.555345 0
    outer loop
      vertex -77.3884 -5.06533 5
      vertex -77.5155 -4.875 0
      vertex -77.5155 -4.875 5
    endloop
  endfacet
  facet normal 0.83162 0.555345 0
    outer loop
      vertex -77.5155 -4.875 0
      vertex -77.3884 -5.06533 5
      vertex -77.3884 -5.06533 0
    endloop
  endfacet
  facet normal 0.980834 0.194847 0
    outer loop
      vertex -77.6904 -4.45293 5
      vertex -77.735 -4.22842 0
      vertex -77.735 -4.22842 5
    endloop
  endfacet
  facet normal 0.980834 0.194847 0
    outer loop
      vertex -77.735 -4.22842 0
      vertex -77.6904 -4.45293 5
      vertex -77.6904 -4.45293 0
    endloop
  endfacet
  facet normal -0.946908 0.321504 0
    outer loop
      vertex -74.3832 -4.6697 0
      vertex -74.3096 -4.45293 5
      vertex -74.3096 -4.45293 0
    endloop
  endfacet
  facet normal -0.946908 0.321504 0
    outer loop
      vertex -74.3096 -4.45293 5
      vertex -74.3832 -4.6697 0
      vertex -74.3832 -4.6697 5
    endloop
  endfacet
  facet normal -0.321386 0.946948 0
    outer loop
      vertex -75.3303 -5.61679 0
      vertex -75.5471 -5.69037 5
      vertex -75.3303 -5.61679 5
    endloop
  endfacet
  facet normal -0.321386 0.946948 0
    outer loop
      vertex -75.5471 -5.69037 5
      vertex -75.3303 -5.61679 0
      vertex -75.5471 -5.69037 0
    endloop
  endfacet
  facet normal -0.751702 0.659503 0
    outer loop
      vertex -74.7626 -5.23744 0
      vertex -74.6116 -5.06533 5
      vertex -74.6116 -5.06533 0
    endloop
  endfacet
  facet normal -0.751702 0.659503 0
    outer loop
      vertex -74.6116 -5.06533 5
      vertex -74.7626 -5.23744 0
      vertex -74.7626 -5.23744 5
    endloop
  endfacet
  facet normal -0.555617 0.831438 0
    outer loop
      vertex -74.9347 -5.38837 0
      vertex -75.125 -5.51554 5
      vertex -74.9347 -5.38837 5
    endloop
  endfacet
  facet normal -0.555617 0.831438 0
    outer loop
      vertex -75.125 -5.51554 5
      vertex -74.9347 -5.38837 0
      vertex -75.125 -5.51554 0
    endloop
  endfacet
  facet normal 0.555617 0.831438 -0
    outer loop
      vertex -76.875 -5.51554 0
      vertex -77.0653 -5.38837 5
      vertex -76.875 -5.51554 5
    endloop
  endfacet
  facet normal 0.555617 0.831438 0
    outer loop
      vertex -77.0653 -5.38837 5
      vertex -76.875 -5.51554 0
      vertex -77.0653 -5.38837 0
    endloop
  endfacet
  facet normal 0.195108 0.980782 -0
    outer loop
      vertex -76.2284 -5.73503 0
      vertex -76.4529 -5.69037 5
      vertex -76.2284 -5.73503 5
    endloop
  endfacet
  facet normal 0.195108 0.980782 0
    outer loop
      vertex -76.4529 -5.69037 5
      vertex -76.2284 -5.73503 0
      vertex -76.4529 -5.69037 0
    endloop
  endfacet
  facet normal -0.896774 0.44249 0
    outer loop
      vertex -74.4845 -4.875 0
      vertex -74.3832 -4.6697 5
      vertex -74.3832 -4.6697 0
    endloop
  endfacet
  facet normal -0.896774 0.44249 0
    outer loop
      vertex -74.3832 -4.6697 5
      vertex -74.4845 -4.875 0
      vertex -74.4845 -4.875 5
    endloop
  endfacet
  facet normal -0.997851 -0.0655274 0
    outer loop
      vertex -74.25 4 0
      vertex -74.265 4.22842 5
      vertex -74.265 4.22842 0
    endloop
  endfacet
  facet normal -0.997851 -0.0655274 0
    outer loop
      vertex -74.265 4.22842 5
      vertex -74.25 4 0
      vertex -74.25 4 5
    endloop
  endfacet
  facet normal 0.997851 -0.0655274 0
    outer loop
      vertex -77.75 4 5
      vertex -77.735 4.22842 0
      vertex -77.735 4.22842 5
    endloop
  endfacet
  facet normal 0.997851 -0.0655274 0
    outer loop
      vertex -77.735 4.22842 0
      vertex -77.75 4 5
      vertex -77.75 4 0
    endloop
  endfacet
  facet normal -0.0654026 -0.997859 0
    outer loop
      vertex -76 5.75 0
      vertex -75.7716 5.73503 5
      vertex -76 5.75 5
    endloop
  endfacet
  facet normal -0.0654026 -0.997859 -0
    outer loop
      vertex -75.7716 5.73503 5
      vertex -76 5.75 0
      vertex -75.7716 5.73503 0
    endloop
  endfacet
  facet normal -0.0654026 0.997859 0
    outer loop
      vertex -75.7716 2.26497 0
      vertex -76 2.25 5
      vertex -75.7716 2.26497 5
    endloop
  endfacet
  facet normal -0.0654026 0.997859 0
    outer loop
      vertex -76 2.25 5
      vertex -75.7716 2.26497 0
      vertex -76 2.25 0
    endloop
  endfacet
  facet normal -0.751702 0.659503 0
    outer loop
      vertex -74.7626 2.76256 0
      vertex -74.6116 2.93467 5
      vertex -74.6116 2.93467 0
    endloop
  endfacet
  facet normal -0.751702 0.659503 0
    outer loop
      vertex -74.6116 2.93467 5
      vertex -74.7626 2.76256 0
      vertex -74.7626 2.76256 5
    endloop
  endfacet
  facet normal -0.659352 -0.751835 0
    outer loop
      vertex -74.9347 5.38837 0
      vertex -74.7626 5.23744 5
      vertex -74.9347 5.38837 5
    endloop
  endfacet
  facet normal -0.659352 -0.751835 -0
    outer loop
      vertex -74.7626 5.23744 5
      vertex -74.9347 5.38837 0
      vertex -74.7626 5.23744 0
    endloop
  endfacet
  facet normal 0.659352 -0.751835 0
    outer loop
      vertex -77.2374 5.23744 0
      vertex -77.0653 5.38837 5
      vertex -77.2374 5.23744 5
    endloop
  endfacet
  facet normal 0.659352 -0.751835 0
    outer loop
      vertex -77.0653 5.38837 5
      vertex -77.2374 5.23744 0
      vertex -77.0653 5.38837 0
    endloop
  endfacet
  facet normal 0.321386 -0.946948 0
    outer loop
      vertex -76.6697 5.61679 0
      vertex -76.4529 5.69037 5
      vertex -76.6697 5.61679 5
    endloop
  endfacet
  facet normal 0.321386 -0.946948 0
    outer loop
      vertex -76.4529 5.69037 5
      vertex -76.6697 5.61679 0
      vertex -76.4529 5.69037 0
    endloop
  endfacet
  facet normal -0.896774 -0.44249 0
    outer loop
      vertex -74.3832 4.6697 0
      vertex -74.4845 4.875 5
      vertex -74.4845 4.875 0
    endloop
  endfacet
  facet normal -0.896774 -0.44249 0
    outer loop
      vertex -74.4845 4.875 5
      vertex -74.3832 4.6697 0
      vertex -74.3832 4.6697 5
    endloop
  endfacet
  facet normal -0.83162 -0.555345 0
    outer loop
      vertex -74.4845 4.875 0
      vertex -74.6116 5.06533 5
      vertex -74.6116 5.06533 0
    endloop
  endfacet
  facet normal -0.83162 -0.555345 0
    outer loop
      vertex -74.6116 5.06533 5
      vertex -74.4845 4.875 0
      vertex -74.4845 4.875 5
    endloop
  endfacet
  facet normal -0.442314 -0.89686 0
    outer loop
      vertex -75.3303 5.61679 0
      vertex -75.125 5.51554 5
      vertex -75.3303 5.61679 5
    endloop
  endfacet
  facet normal -0.442314 -0.89686 -0
    outer loop
      vertex -75.125 5.51554 5
      vertex -75.3303 5.61679 0
      vertex -75.125 5.51554 0
    endloop
  endfacet
  facet normal -0.555617 -0.831438 0
    outer loop
      vertex -75.125 5.51554 0
      vertex -74.9347 5.38837 5
      vertex -75.125 5.51554 5
    endloop
  endfacet
  facet normal -0.555617 -0.831438 -0
    outer loop
      vertex -74.9347 5.38837 5
      vertex -75.125 5.51554 0
      vertex -74.9347 5.38837 0
    endloop
  endfacet
  facet normal 0.896774 -0.44249 0
    outer loop
      vertex -77.6168 4.6697 5
      vertex -77.5155 4.875 0
      vertex -77.5155 4.875 5
    endloop
  endfacet
  facet normal 0.896774 -0.44249 0
    outer loop
      vertex -77.5155 4.875 0
      vertex -77.6168 4.6697 5
      vertex -77.6168 4.6697 0
    endloop
  endfacet
  facet normal 0.83162 -0.555345 0
    outer loop
      vertex -77.5155 4.875 5
      vertex -77.3884 5.06533 0
      vertex -77.3884 5.06533 5
    endloop
  endfacet
  facet normal 0.83162 -0.555345 0
    outer loop
      vertex -77.3884 5.06533 0
      vertex -77.5155 4.875 5
      vertex -77.5155 4.875 0
    endloop
  endfacet
  facet normal 0.442314 -0.89686 0
    outer loop
      vertex -76.875 5.51554 0
      vertex -76.6697 5.61679 5
      vertex -76.875 5.51554 5
    endloop
  endfacet
  facet normal 0.442314 -0.89686 0
    outer loop
      vertex -76.6697 5.61679 5
      vertex -76.875 5.51554 0
      vertex -76.6697 5.61679 0
    endloop
  endfacet
  facet normal 0.0654026 -0.997859 0
    outer loop
      vertex -76.2284 5.73503 0
      vertex -76 5.75 5
      vertex -76.2284 5.73503 5
    endloop
  endfacet
  facet normal 0.0654026 -0.997859 0
    outer loop
      vertex -76 5.75 5
      vertex -76.2284 5.73503 0
      vertex -76 5.75 0
    endloop
  endfacet
  facet normal -0.195108 0.980782 0
    outer loop
      vertex -75.5471 2.30963 0
      vertex -75.7716 2.26497 5
      vertex -75.5471 2.30963 5
    endloop
  endfacet
  facet normal -0.195108 0.980782 0
    outer loop
      vertex -75.7716 2.26497 5
      vertex -75.5471 2.30963 0
      vertex -75.7716 2.26497 0
    endloop
  endfacet
  facet normal -0.946908 -0.321504 0
    outer loop
      vertex -74.3096 4.45293 0
      vertex -74.3832 4.6697 5
      vertex -74.3832 4.6697 0
    endloop
  endfacet
  facet normal -0.946908 -0.321504 0
    outer loop
      vertex -74.3832 4.6697 5
      vertex -74.3096 4.45293 0
      vertex -74.3096 4.45293 5
    endloop
  endfacet
  facet normal -0.980834 -0.194847 0
    outer loop
      vertex -74.265 4.22842 0
      vertex -74.3096 4.45293 5
      vertex -74.3096 4.45293 0
    endloop
  endfacet
  facet normal -0.980834 -0.194847 0
    outer loop
      vertex -74.3096 4.45293 5
      vertex -74.265 4.22842 0
      vertex -74.265 4.22842 5
    endloop
  endfacet
  facet normal -0.751702 -0.659503 0
    outer loop
      vertex -74.6116 5.06533 0
      vertex -74.7626 5.23744 5
      vertex -74.7626 5.23744 0
    endloop
  endfacet
  facet normal -0.751702 -0.659503 0
    outer loop
      vertex -74.7626 5.23744 5
      vertex -74.6116 5.06533 0
      vertex -74.6116 5.06533 5
    endloop
  endfacet
  facet normal -0.321386 -0.946948 0
    outer loop
      vertex -75.5471 5.69037 0
      vertex -75.3303 5.61679 5
      vertex -75.5471 5.69037 5
    endloop
  endfacet
  facet normal -0.321386 -0.946948 -0
    outer loop
      vertex -75.3303 5.61679 5
      vertex -75.5471 5.69037 0
      vertex -75.3303 5.61679 0
    endloop
  endfacet
  facet normal -0.195108 -0.980782 0
    outer loop
      vertex -75.7716 5.73503 0
      vertex -75.5471 5.69037 5
      vertex -75.7716 5.73503 5
    endloop
  endfacet
  facet normal -0.195108 -0.980782 -0
    outer loop
      vertex -75.5471 5.69037 5
      vertex -75.7716 5.73503 0
      vertex -75.5471 5.69037 0
    endloop
  endfacet
  facet normal 0.980834 -0.194847 0
    outer loop
      vertex -77.735 4.22842 5
      vertex -77.6904 4.45293 0
      vertex -77.6904 4.45293 5
    endloop
  endfacet
  facet normal 0.980834 -0.194847 0
    outer loop
      vertex -77.6904 4.45293 0
      vertex -77.735 4.22842 5
      vertex -77.735 4.22842 0
    endloop
  endfacet
  facet normal 0.555617 -0.831438 0
    outer loop
      vertex -77.0653 5.38837 0
      vertex -76.875 5.51554 5
      vertex -77.0653 5.38837 5
    endloop
  endfacet
  facet normal 0.555617 -0.831438 0
    outer loop
      vertex -76.875 5.51554 5
      vertex -77.0653 5.38837 0
      vertex -76.875 5.51554 0
    endloop
  endfacet
  facet normal 0.195108 -0.980782 0
    outer loop
      vertex -76.4529 5.69037 0
      vertex -76.2284 5.73503 5
      vertex -76.4529 5.69037 5
    endloop
  endfacet
  facet normal 0.195108 -0.980782 0
    outer loop
      vertex -76.2284 5.73503 5
      vertex -76.4529 5.69037 0
      vertex -76.2284 5.73503 0
    endloop
  endfacet
  facet normal -0.946908 0.321504 0
    outer loop
      vertex -74.3832 3.3303 0
      vertex -74.3096 3.54707 5
      vertex -74.3096 3.54707 0
    endloop
  endfacet
  facet normal -0.946908 0.321504 0
    outer loop
      vertex -74.3096 3.54707 5
      vertex -74.3832 3.3303 0
      vertex -74.3832 3.3303 5
    endloop
  endfacet
  facet normal -0.980834 0.194847 0
    outer loop
      vertex -74.3096 3.54707 0
      vertex -74.265 3.77158 5
      vertex -74.265 3.77158 0
    endloop
  endfacet
  facet normal -0.980834 0.194847 0
    outer loop
      vertex -74.265 3.77158 5
      vertex -74.3096 3.54707 0
      vertex -74.3096 3.54707 5
    endloop
  endfacet
  facet normal 0.997851 0.0655274 0
    outer loop
      vertex -77.735 3.77158 5
      vertex -77.75 4 0
      vertex -77.75 4 5
    endloop
  endfacet
  facet normal 0.997851 0.0655274 0
    outer loop
      vertex -77.75 4 0
      vertex -77.735 3.77158 5
      vertex -77.735 3.77158 0
    endloop
  endfacet
  facet normal -0.555617 0.831438 0
    outer loop
      vertex -74.9347 2.61163 0
      vertex -75.125 2.48446 5
      vertex -74.9347 2.61163 5
    endloop
  endfacet
  facet normal -0.555617 0.831438 0
    outer loop
      vertex -75.125 2.48446 5
      vertex -74.9347 2.61163 0
      vertex -75.125 2.48446 0
    endloop
  endfacet
  facet normal -0.442314 0.89686 0
    outer loop
      vertex -75.125 2.48446 0
      vertex -75.3303 2.38321 5
      vertex -75.125 2.48446 5
    endloop
  endfacet
  facet normal -0.442314 0.89686 0
    outer loop
      vertex -75.3303 2.38321 5
      vertex -75.125 2.48446 0
      vertex -75.3303 2.38321 0
    endloop
  endfacet
  facet normal 0.751702 -0.659503 0
    outer loop
      vertex -77.3884 5.06533 5
      vertex -77.2374 5.23744 0
      vertex -77.2374 5.23744 5
    endloop
  endfacet
  facet normal 0.751702 -0.659503 0
    outer loop
      vertex -77.2374 5.23744 0
      vertex -77.3884 5.06533 5
      vertex -77.3884 5.06533 0
    endloop
  endfacet
  facet normal 0.946908 -0.321504 0
    outer loop
      vertex -77.6904 4.45293 5
      vertex -77.6168 4.6697 0
      vertex -77.6168 4.6697 5
    endloop
  endfacet
  facet normal 0.946908 -0.321504 0
    outer loop
      vertex -77.6168 4.6697 0
      vertex -77.6904 4.45293 5
      vertex -77.6904 4.45293 0
    endloop
  endfacet
  facet normal -0.997851 0.0655274 0
    outer loop
      vertex -74.265 3.77158 0
      vertex -74.25 4 5
      vertex -74.25 4 0
    endloop
  endfacet
  facet normal -0.997851 0.0655274 0
    outer loop
      vertex -74.25 4 5
      vertex -74.265 3.77158 0
      vertex -74.265 3.77158 5
    endloop
  endfacet
  facet normal 0.321386 0.946948 -0
    outer loop
      vertex -76.4529 2.30963 0
      vertex -76.6697 2.38321 5
      vertex -76.4529 2.30963 5
    endloop
  endfacet
  facet normal 0.321386 0.946948 0
    outer loop
      vertex -76.6697 2.38321 5
      vertex -76.4529 2.30963 0
      vertex -76.6697 2.38321 0
    endloop
  endfacet
  facet normal 0.751702 0.659503 0
    outer loop
      vertex -77.2374 2.76256 5
      vertex -77.3884 2.93467 0
      vertex -77.3884 2.93467 5
    endloop
  endfacet
  facet normal 0.751702 0.659503 0
    outer loop
      vertex -77.3884 2.93467 0
      vertex -77.2374 2.76256 5
      vertex -77.2374 2.76256 0
    endloop
  endfacet
  facet normal 0.980834 0.194847 0
    outer loop
      vertex -77.6904 3.54707 5
      vertex -77.735 3.77158 0
      vertex -77.735 3.77158 5
    endloop
  endfacet
  facet normal 0.980834 0.194847 0
    outer loop
      vertex -77.735 3.77158 0
      vertex -77.6904 3.54707 5
      vertex -77.6904 3.54707 0
    endloop
  endfacet
  facet normal 0.946908 0.321504 0
    outer loop
      vertex -77.6168 3.3303 5
      vertex -77.6904 3.54707 0
      vertex -77.6904 3.54707 5
    endloop
  endfacet
  facet normal 0.946908 0.321504 0
    outer loop
      vertex -77.6904 3.54707 0
      vertex -77.6168 3.3303 5
      vertex -77.6168 3.3303 0
    endloop
  endfacet
  facet normal -0.659352 0.751835 0
    outer loop
      vertex -74.7626 2.76256 0
      vertex -74.9347 2.61163 5
      vertex -74.7626 2.76256 5
    endloop
  endfacet
  facet normal -0.659352 0.751835 0
    outer loop
      vertex -74.9347 2.61163 5
      vertex -74.7626 2.76256 0
      vertex -74.9347 2.61163 0
    endloop
  endfacet
  facet normal -0.321386 0.946948 0
    outer loop
      vertex -75.3303 2.38321 0
      vertex -75.5471 2.30963 5
      vertex -75.3303 2.38321 5
    endloop
  endfacet
  facet normal -0.321386 0.946948 0
    outer loop
      vertex -75.5471 2.30963 5
      vertex -75.3303 2.38321 0
      vertex -75.5471 2.30963 0
    endloop
  endfacet
  facet normal -0.896774 0.44249 0
    outer loop
      vertex -74.4845 3.125 0
      vertex -74.3832 3.3303 5
      vertex -74.3832 3.3303 0
    endloop
  endfacet
  facet normal -0.896774 0.44249 0
    outer loop
      vertex -74.3832 3.3303 5
      vertex -74.4845 3.125 0
      vertex -74.4845 3.125 5
    endloop
  endfacet
  facet normal -0.83162 0.555345 0
    outer loop
      vertex -74.6116 2.93467 0
      vertex -74.4845 3.125 5
      vertex -74.4845 3.125 0
    endloop
  endfacet
  facet normal -0.83162 0.555345 0
    outer loop
      vertex -74.4845 3.125 5
      vertex -74.6116 2.93467 0
      vertex -74.6116 2.93467 5
    endloop
  endfacet
  facet normal 0.195108 0.980782 -0
    outer loop
      vertex -76.2284 2.26497 0
      vertex -76.4529 2.30963 5
      vertex -76.2284 2.26497 5
    endloop
  endfacet
  facet normal 0.195108 0.980782 0
    outer loop
      vertex -76.4529 2.30963 5
      vertex -76.2284 2.26497 0
      vertex -76.4529 2.30963 0
    endloop
  endfacet
  facet normal 0.659352 0.751835 -0
    outer loop
      vertex -77.0653 2.61163 0
      vertex -77.2374 2.76256 5
      vertex -77.0653 2.61163 5
    endloop
  endfacet
  facet normal 0.659352 0.751835 0
    outer loop
      vertex -77.2374 2.76256 5
      vertex -77.0653 2.61163 0
      vertex -77.2374 2.76256 0
    endloop
  endfacet
  facet normal 0.83162 0.555345 0
    outer loop
      vertex -77.3884 2.93467 5
      vertex -77.5155 3.125 0
      vertex -77.5155 3.125 5
    endloop
  endfacet
  facet normal 0.83162 0.555345 0
    outer loop
      vertex -77.5155 3.125 0
      vertex -77.3884 2.93467 5
      vertex -77.3884 2.93467 0
    endloop
  endfacet
  facet normal 0.896774 0.44249 0
    outer loop
      vertex -77.5155 3.125 5
      vertex -77.6168 3.3303 0
      vertex -77.6168 3.3303 5
    endloop
  endfacet
  facet normal 0.896774 0.44249 0
    outer loop
      vertex -77.6168 3.3303 0
      vertex -77.5155 3.125 5
      vertex -77.5155 3.125 0
    endloop
  endfacet
  facet normal 0.555617 0.831438 -0
    outer loop
      vertex -76.875 2.48446 0
      vertex -77.0653 2.61163 5
      vertex -76.875 2.48446 5
    endloop
  endfacet
  facet normal 0.555617 0.831438 0
    outer loop
      vertex -77.0653 2.61163 5
      vertex -76.875 2.48446 0
      vertex -77.0653 2.61163 0
    endloop
  endfacet
  facet normal 0.442314 0.89686 -0
    outer loop
      vertex -76.6697 2.38321 0
      vertex -76.875 2.48446 5
      vertex -76.6697 2.38321 5
    endloop
  endfacet
  facet normal 0.442314 0.89686 0
    outer loop
      vertex -76.875 2.48446 5
      vertex -76.6697 2.38321 0
      vertex -76.875 2.48446 0
    endloop
  endfacet
  facet normal 0.0654026 0.997859 -0
    outer loop
      vertex -76 2.25 0
      vertex -76.2284 2.26497 5
      vertex -76 2.25 5
    endloop
  endfacet
  facet normal 0.0654026 0.997859 0
    outer loop
      vertex -76.2284 2.26497 5
      vertex -76 2.25 0
      vertex -76.2284 2.26497 0
    endloop
  endfacet
  facet normal 0 0 -1
    outer loop
      vertex -74.3832 -3.3303 0
      vertex -59.3884 -5.93467 0
      vertex -74.3096 -3.54707 0
    endloop
  endfacet
  facet normal 0 0 -1
    outer loop
      vertex -59.3884 5.93467 0
      vertex -74.265 3.77158 0
      vertex -74.25 4 0
    endloop
  endfacet
  facet normal 0 0 -1
    outer loop
      vertex -59.3884 -5.93467 0
      vertex -74.3832 -3.3303 0
      vertex -59.3884 5.93467 0
    endloop
  endfacet
  facet normal 0 0 -1
    outer loop
      vertex -59.3884 5.93467 0
      vertex -74.3096 3.54707 0
      vertex -74.265 3.77158 0
    endloop
  endfacet
  facet normal 0 0 -1
    outer loop
      vertex -74.3832 3.3303 0
      vertex -59.3884 5.93467 0
      vertex -74.3832 -3.3303 0
    endloop
  endfacet
  facet normal 0 0 -1
    outer loop
      vertex -59.3884 5.93467 0
      vertex -74.3832 3.3303 0
      vertex -74.3096 3.54707 0
    endloop
  endfacet
  facet normal 0 0 -1
    outer loop
      vertex -74.4845 -3.125 0
      vertex -74.3832 3.3303 0
      vertex -74.3832 -3.3303 0
    endloop
  endfacet
  facet normal 0 0 -1
    outer loop
      vertex -74.4845 -3.125 0
      vertex -74.4845 3.125 0
      vertex -74.3832 3.3303 0
    endloop
  endfacet
  facet normal 0 0 -1
    outer loop
      vertex -74.6116 -2.93467 0
      vertex -74.4845 3.125 0
      vertex -74.4845 -3.125 0
    endloop
  endfacet
  facet normal 0 0 -1
    outer loop
      vertex -74.6116 -2.93467 0
      vertex -74.6116 2.93467 0
      vertex -74.4845 3.125 0
    endloop
  endfacet
  facet normal 0 0 -1
    outer loop
      vertex -74.7626 -2.76256 0
      vertex -74.6116 2.93467 0
      vertex -74.6116 -2.93467 0
    endloop
  endfacet
  facet normal 0 0 -1
    outer loop
      vertex -74.7626 -2.76256 0
      vertex -74.7626 2.76256 0
      vertex -74.6116 2.93467 0
    endloop
  endfacet
  facet normal 0 0 -1
    outer loop
      vertex -74.9347 -2.61163 0
      vertex -74.7626 2.76256 0
      vertex -74.7626 -2.76256 0
    endloop
  endfacet
  facet normal 0 0 -1
    outer loop
      vertex -74.9347 -2.61163 0
      vertex -74.9347 2.61163 0
      vertex -74.7626 2.76256 0
    endloop
  endfacet
  facet normal 0 0 -1
    outer loop
      vertex -75.125 -2.48446 0
      vertex -74.9347 2.61163 0
      vertex -74.9347 -2.61163 0
    endloop
  endfacet
  facet normal 0 0 -1
    outer loop
      vertex -75.125 -2.48446 0
      vertex -75.125 2.48446 0
      vertex -74.9347 2.61163 0
    endloop
  endfacet
  facet normal 0 0 -1
    outer loop
      vertex -75.3303 -2.38321 0
      vertex -75.125 2.48446 0
      vertex -75.125 -2.48446 0
    endloop
  endfacet
  facet normal 0 0 -1
    outer loop
      vertex -75.3303 -2.38321 0
      vertex -75.3303 2.38321 0
      vertex -75.125 2.48446 0
    endloop
  endfacet
  facet normal 0 0 -1
    outer loop
      vertex -75.5471 -2.30963 0
      vertex -75.3303 2.38321 0
      vertex -75.3303 -2.38321 0
    endloop
  endfacet
  facet normal 0 0 -1
    outer loop
      vertex -75.5471 -2.30963 0
      vertex -75.5471 2.30963 0
      vertex -75.3303 2.38321 0
    endloop
  endfacet
  facet normal 0 0 -1
    outer loop
      vertex -75.7716 -2.26497 0
      vertex -75.5471 2.30963 0
      vertex -75.5471 -2.30963 0
    endloop
  endfacet
  facet normal 0 0 -1
    outer loop
      vertex -75.7716 -2.26497 0
      vertex -75.7716 2.26497 0
      vertex -75.5471 2.30963 0
    endloop
  endfacet
  facet normal 0 0 -1
    outer loop
      vertex -76 -2.25 0
      vertex -75.7716 2.26497 0
      vertex -75.7716 -2.26497 0
    endloop
  endfacet
  facet normal 0 0 -1
    outer loop
      vertex -76 -2.25 0
      vertex -76 2.25 0
      vertex -75.7716 2.26497 0
    endloop
  endfacet
  facet normal 0 0 -1
    outer loop
      vertex -76.2284 -2.26497 0
      vertex -76 2.25 0
      vertex -76 -2.25 0
    endloop
  endfacet
  facet normal 0 0 -1
    outer loop
      vertex -76.2284 -2.26497 0
      vertex -76.2284 2.26497 0
      vertex -76 2.25 0
    endloop
  endfacet
  facet normal 0 0 -1
    outer loop
      vertex -76.4529 -2.30963 0
      vertex -76.2284 2.26497 0
      vertex -76.2284 -2.26497 0
    endloop
  endfacet
  facet normal 0 0 -1
    outer loop
      vertex -76.4529 -2.30963 0
      vertex -76.4529 2.30963 0
      vertex -76.2284 2.26497 0
    endloop
  endfacet
  facet normal 0 0 -1
    outer loop
      vertex -76.6697 -2.38321 0
      vertex -76.4529 2.30963 0
      vertex -76.4529 -2.30963 0
    endloop
  endfacet
  facet normal 0 0 -1
    outer loop
      vertex -76.6697 -2.38321 0
      vertex -76.6697 2.38321 0
      vertex -76.4529 2.30963 0
    endloop
  endfacet
  facet normal 0 0 -1
    outer loop
      vertex -76.875 -2.48446 0
      vertex -76.6697 2.38321 0
      vertex -76.6697 -2.38321 0
    endloop
  endfacet
  facet normal 0 0 -1
    outer loop
      vertex -76.875 -2.48446 0
      vertex -76.875 2.48446 0
      vertex -76.6697 2.38321 0
    endloop
  endfacet
  facet normal 0 0 -1
    outer loop
      vertex -77.0653 -2.61163 0
      vertex -76.875 2.48446 0
      vertex -76.875 -2.48446 0
    endloop
  endfacet
  facet normal 0 0 -1
    outer loop
      vertex -77.0653 -2.61163 0
      vertex -77.0653 2.61163 0
      vertex -76.875 2.48446 0
    endloop
  endfacet
  facet normal 0 0 -1
    outer loop
      vertex -77.2374 -2.76256 0
      vertex -77.0653 2.61163 0
      vertex -77.0653 -2.61163 0
    endloop
  endfacet
  facet normal 0 0 -1
    outer loop
      vertex -77.2374 -2.76256 0
      vertex -77.2374 2.76256 0
      vertex -77.0653 2.61163 0
    endloop
  endfacet
  facet normal 0 0 -1
    outer loop
      vertex -77.3884 -2.93467 0
      vertex -77.2374 2.76256 0
      vertex -77.2374 -2.76256 0
    endloop
  endfacet
  facet normal 0 0 -1
    outer loop
      vertex -77.3884 -2.93467 0
      vertex -77.3884 2.93467 0
      vertex -77.2374 2.76256 0
    endloop
  endfacet
  facet normal 0 0 -1
    outer loop
      vertex -77.5155 -3.125 0
      vertex -77.3884 2.93467 0
      vertex -77.3884 -2.93467 0
    endloop
  endfacet
  facet normal 0 0 -1
    outer loop
      vertex -77.5155 -3.125 0
      vertex -77.5155 3.125 0
      vertex -77.3884 2.93467 0
    endloop
  endfacet
  facet normal 0 0 -1
    outer loop
      vertex -77.6168 -3.3303 0
      vertex -77.5155 3.125 0
      vertex -77.5155 -3.125 0
    endloop
  endfacet
  facet normal 0 0 -1
    outer loop
      vertex -77.6168 -3.3303 0
      vertex -77.6168 3.3303 0
      vertex -77.5155 3.125 0
    endloop
  endfacet
  facet normal 0 0 -1
    outer loop
      vertex -77.6904 -3.54707 0
      vertex -77.6168 3.3303 0
      vertex -77.6168 -3.3303 0
    endloop
  endfacet
  facet normal 0 0 -1
    outer loop
      vertex -77.6904 -3.54707 0
      vertex -77.6904 3.54707 0
      vertex -77.6168 3.3303 0
    endloop
  endfacet
  facet normal 0 0 -1
    outer loop
      vertex -80 -9 0
      vertex -77.6904 -3.54707 0
      vertex -77.735 -3.77158 0
    endloop
  endfacet
  facet normal -0 0 -1
    outer loop
      vertex -77.6904 -3.54707 0
      vertex -80 -9 0
      vertex -77.6904 3.54707 0
    endloop
  endfacet
  facet normal 0 0 -1
    outer loop
      vertex -80 -9 0
      vertex -77.735 -3.77158 0
      vertex -77.75 -4 0
    endloop
  endfacet
  facet normal 0 0 -1
    outer loop
      vertex -80 9 0
      vertex -77.6904 3.54707 0
      vertex -80 -9 0
    endloop
  endfacet
  facet normal 0 0 -1
    outer loop
      vertex -56.4845 -6.125 0
      vertex -44.8296 -1.29408 0
      vertex -56.3832 -6.3303 0
    endloop
  endfacet
  facet normal 0 0 -1
    outer loop
      vertex -45 0 0
      vertex -56.265 6.77158 0
      vertex -56.25 7 0
    endloop
  endfacet
  facet normal 0 0 -1
    outer loop
      vertex -56.6116 -5.93467 0
      vertex -44.8296 -1.29408 0
      vertex -56.4845 -6.125 0
    endloop
  endfacet
  facet normal 0 0 -1
    outer loop
      vertex -45 0 0
      vertex -56.3096 6.54707 0
      vertex -56.265 6.77158 0
    endloop
  endfacet
  facet normal -0 0 -1
    outer loop
      vertex -44.8296 -1.29408 0
      vertex -56.6116 -5.93467 0
      vertex -44.9572 -0.652618 0
    endloop
  endfacet
  facet normal 0 0 -1
    outer loop
      vertex -45 0 0
      vertex -56.3832 6.3303 0
      vertex -56.3096 6.54707 0
    endloop
  endfacet
  facet normal 0 0 -1
    outer loop
      vertex -56.7626 -5.76256 0
      vertex -44.9572 -0.652618 0
      vertex -56.6116 -5.93467 0
    endloop
  endfacet
  facet normal 0 0 -1
    outer loop
      vertex -45 0 0
      vertex -56.4845 6.125 0
      vertex -56.3832 6.3303 0
    endloop
  endfacet
  facet normal -0 0 -1
    outer loop
      vertex -44.9572 -0.652618 0
      vertex -56.7626 -5.76256 0
      vertex -45 0 0
    endloop
  endfacet
  facet normal 0 0 -1
    outer loop
      vertex -45 0 0
      vertex -56.6116 5.93467 0
      vertex -56.4845 6.125 0
    endloop
  endfacet
  facet normal 0 0 -1
    outer loop
      vertex -56.9347 -5.61163 0
      vertex -45 0 0
      vertex -56.7626 -5.76256 0
    endloop
  endfacet
  facet normal 0 0 -1
    outer loop
      vertex -45 0 0
      vertex -56.7626 5.76256 0
      vertex -56.6116 5.93467 0
    endloop
  endfacet
  facet normal 0 0 -1
    outer loop
      vertex -56.9347 5.61163 0
      vertex -45 0 0
      vertex -56.9347 -5.61163 0
    endloop
  endfacet
  facet normal 0 0 -1
    outer loop
      vertex -45 0 0
      vertex -56.9347 5.61163 0
      vertex -56.7626 5.76256 0
    endloop
  endfacet
  facet normal 0 0 -1
    outer loop
      vertex -57.125 -5.48446 0
      vertex -56.9347 5.61163 0
      vertex -56.9347 -5.61163 0
    endloop
  endfacet
  facet normal 0 0 -1
    outer loop
      vertex -57.125 -5.48446 0
      vertex -57.125 5.48446 0
      vertex -56.9347 5.61163 0
    endloop
  endfacet
  facet normal 0 0 -1
    outer loop
      vertex -57.3303 -5.38321 0
      vertex -57.125 5.48446 0
      vertex -57.125 -5.48446 0
    endloop
  endfacet
  facet normal 0 0 -1
    outer loop
      vertex -57.3303 -5.38321 0
      vertex -57.3303 5.38321 0
      vertex -57.125 5.48446 0
    endloop
  endfacet
  facet normal 0 0 -1
    outer loop
      vertex -57.5471 -5.30963 0
      vertex -57.3303 5.38321 0
      vertex -57.3303 -5.38321 0
    endloop
  endfacet
  facet normal 0 0 -1
    outer loop
      vertex -57.5471 -5.30963 0
      vertex -57.5471 5.30963 0
      vertex -57.3303 5.38321 0
    endloop
  endfacet
  facet normal 0 0 -1
    outer loop
      vertex -57.7716 -5.26497 0
      vertex -57.5471 5.30963 0
      vertex -57.5471 -5.30963 0
    endloop
  endfacet
  facet normal 0 0 -1
    outer loop
      vertex -57.7716 -5.26497 0
      vertex -57.7716 5.26497 0
      vertex -57.5471 5.30963 0
    endloop
  endfacet
  facet normal 0 0 -1
    outer loop
      vertex -58 -5.25 0
      vertex -57.7716 5.26497 0
      vertex -57.7716 -5.26497 0
    endloop
  endfacet
  facet normal 0 0 -1
    outer loop
      vertex -58 -5.25 0
      vertex -58 5.25 0
      vertex -57.7716 5.26497 0
    endloop
  endfacet
  facet normal 0 0 -1
    outer loop
      vertex -58.2284 -5.26497 0
      vertex -58 5.25 0
      vertex -58 -5.25 0
    endloop
  endfacet
  facet normal 0 0 -1
    outer loop
      vertex -58.2284 -5.26497 0
      vertex -58.2284 5.26497 0
      vertex -58 5.25 0
    endloop
  endfacet
  facet normal 0 0 -1
    outer loop
      vertex -58.4529 -5.30963 0
      vertex -58.2284 5.26497 0
      vertex -58.2284 -5.26497 0
    endloop
  endfacet
  facet normal 0 0 -1
    outer loop
      vertex -58.4529 -5.30963 0
      vertex -58.4529 5.30963 0
      vertex -58.2284 5.26497 0
    endloop
  endfacet
  facet normal 0 0 -1
    outer loop
      vertex -58.6697 -5.38321 0
      vertex -58.4529 5.30963 0
      vertex -58.4529 -5.30963 0
    endloop
  endfacet
  facet normal 0 0 -1
    outer loop
      vertex -58.6697 -5.38321 0
      vertex -58.6697 5.38321 0
      vertex -58.4529 5.30963 0
    endloop
  endfacet
  facet normal 0 0 -1
    outer loop
      vertex -58.875 -5.48446 0
      vertex -58.6697 5.38321 0
      vertex -58.6697 -5.38321 0
    endloop
  endfacet
  facet normal 0 0 -1
    outer loop
      vertex -58.875 -5.48446 0
      vertex -58.875 5.48446 0
      vertex -58.6697 5.38321 0
    endloop
  endfacet
  facet normal 0 0 -1
    outer loop
      vertex -59.0653 -5.61163 0
      vertex -58.875 5.48446 0
      vertex -58.875 -5.48446 0
    endloop
  endfacet
  facet normal 0 0 -1
    outer loop
      vertex -59.0653 -5.61163 0
      vertex -59.0653 5.61163 0
      vertex -58.875 5.48446 0
    endloop
  endfacet
  facet normal 0 0 -1
    outer loop
      vertex -59.2374 -5.76256 0
      vertex -59.0653 5.61163 0
      vertex -59.0653 -5.61163 0
    endloop
  endfacet
  facet normal 0 0 -1
    outer loop
      vertex -59.2374 -5.76256 0
      vertex -59.2374 5.76256 0
      vertex -59.0653 5.61163 0
    endloop
  endfacet
  facet normal 0 0 -1
    outer loop
      vertex -59.3884 -5.93467 0
      vertex -59.2374 5.76256 0
      vertex -59.2374 -5.76256 0
    endloop
  endfacet
  facet normal 0 0 -1
    outer loop
      vertex -59.3884 -5.93467 0
      vertex -59.3884 5.93467 0
      vertex -59.2374 5.76256 0
    endloop
  endfacet
  facet normal 0 0 -1
    outer loop
      vertex -59.6168 -6.3303 0
      vertex -74.265 -3.77158 0
      vertex -59.5155 -6.125 0
    endloop
  endfacet
  facet normal 0 0 -1
    outer loop
      vertex -74.3096 -3.54707 0
      vertex -59.5155 -6.125 0
      vertex -74.265 -3.77158 0
    endloop
  endfacet
  facet normal 0 0 -1
    outer loop
      vertex -74.265 -3.77158 0
      vertex -59.6168 -6.3303 0
      vertex -74.25 -4 0
    endloop
  endfacet
  facet normal 0 0 -1
    outer loop
      vertex -59.5155 -6.125 0
      vertex -74.3096 -3.54707 0
      vertex -59.3884 -5.93467 0
    endloop
  endfacet
  facet normal 0 0 -1
    outer loop
      vertex -74.25 -4 0
      vertex -59.6168 -6.3303 0
      vertex -59.6904 -6.54707 0
    endloop
  endfacet
  facet normal -0 0 -1
    outer loop
      vertex -59.3884 5.93467 0
      vertex -74.25 4 0
      vertex -59.5155 6.125 0
    endloop
  endfacet
  facet normal 0 0 -1
    outer loop
      vertex -74.265 -4.22842 0
      vertex -59.6904 -6.54707 0
      vertex -59.735 -6.77158 0
    endloop
  endfacet
  facet normal -0 0 -1
    outer loop
      vertex -59.5155 6.125 0
      vertex -74.25 4 0
      vertex -59.6168 6.3303 0
    endloop
  endfacet
  facet normal 0 0 -1
    outer loop
      vertex -74.3096 -4.45293 0
      vertex -59.735 -6.77158 0
      vertex -59.75 -7 0
    endloop
  endfacet
  facet normal -0 0 -1
    outer loop
      vertex -59.6168 6.3303 0
      vertex -74.25 4 0
      vertex -59.6904 6.54707 0
    endloop
  endfacet
  facet normal 0 0 -1
    outer loop
      vertex 2.5 4.33013 0
      vertex 1.23931 6.83684 0
      vertex 1.25 7 0
    endloop
  endfacet
  facet normal 0 0 -1
    outer loop
      vertex 1.91342 4.6194 0
      vertex 1.20741 6.67648 0
      vertex 1.23931 6.83684 0
    endloop
  endfacet
  facet normal 0 0 -1
    outer loop
      vertex 1.91342 4.6194 0
      vertex 1.15485 6.52165 0
      vertex 1.20741 6.67648 0
    endloop
  endfacet
  facet normal 0 0 -1
    outer loop
      vertex 1.91342 4.6194 0
      vertex 1.08253 6.375 0
      vertex 1.15485 6.52165 0
    endloop
  endfacet
  facet normal 0 0 -1
    outer loop
      vertex 1.2941 4.82963 0
      vertex 0.991692 6.23905 0
      vertex 1.08253 6.375 0
    endloop
  endfacet
  facet normal 0 0 -1
    outer loop
      vertex 1.2941 4.82963 0
      vertex 0.883883 6.11612 0
      vertex 0.991692 6.23905 0
    endloop
  endfacet
  facet normal 0 0 -1
    outer loop
      vertex 1.2941 4.82963 0
      vertex 0.760951 6.00831 0
      vertex 0.883883 6.11612 0
    endloop
  endfacet
  facet normal 0 0 -1
    outer loop
      vertex 0.652631 4.95722 0
      vertex 0.760951 6.00831 0
      vertex 1.2941 4.82963 0
    endloop
  endfacet
  facet normal 0 0 -1
    outer loop
      vertex 0.652631 4.95722 0
      vertex 0.625 5.91747 0
      vertex 0.760951 6.00831 0
    endloop
  endfacet
  facet normal 0 0 -1
    outer loop
      vertex 0.652631 4.95722 0
      vertex 0.478354 5.84515 0
      vertex 0.625 5.91747 0
    endloop
  endfacet
  facet normal 0 0 -1
    outer loop
      vertex 0.652631 4.95722 0
      vertex 0.323524 5.79259 0
      vertex 0.478354 5.84515 0
    endloop
  endfacet
  facet normal 0 0 -1
    outer loop
      vertex 0 5 0
      vertex 0.323524 5.79259 0
      vertex 0.652631 4.95722 0
    endloop
  endfacet
  facet normal 0 0 -1
    outer loop
      vertex 0.323524 5.79259 0
      vertex 0 5 0
      vertex 0.163157 5.76069 0
    endloop
  endfacet
  facet normal 0 0 -1
    outer loop
      vertex 0 5 0
      vertex 0 5.75 0
      vertex 0.163157 5.76069 0
    endloop
  endfacet
  facet normal 0 0 -1
    outer loop
      vertex 0 5 0
      vertex -0.163157 5.76069 0
      vertex 0 5.75 0
    endloop
  endfacet
  facet normal 0 0 -1
    outer loop
      vertex 0 5 0
      vertex -0.323524 5.79259 0
      vertex -0.163157 5.76069 0
    endloop
  endfacet
  facet normal 0 0 -1
    outer loop
      vertex -0.652631 4.95722 0
      vertex -0.323524 5.79259 0
      vertex 0 5 0
    endloop
  endfacet
  facet normal -0 0 -1
    outer loop
      vertex -0.323524 5.79259 0
      vertex -0.652631 4.95722 0
      vertex -0.478354 5.84515 0
    endloop
  endfacet
  facet normal -0 0 -1
    outer loop
      vertex -0.478354 5.84515 0
      vertex -0.652631 4.95722 0
      vertex -0.625 5.91747 0
    endloop
  endfacet
  facet normal 0 0 -1
    outer loop
      vertex -0.652631 4.95722 0
      vertex -0.760951 6.00831 0
      vertex -0.625 5.91747 0
    endloop
  endfacet
  facet normal 0 0 -1
    outer loop
      vertex -1.2941 4.82963 0
      vertex -0.760951 6.00831 0
      vertex -0.652631 4.95722 0
    endloop
  endfacet
  facet normal -0 0 -1
    outer loop
      vertex -0.760951 6.00831 0
      vertex -1.2941 4.82963 0
      vertex -0.883883 6.11612 0
    endloop
  endfacet
  facet normal -0 0 -1
    outer loop
      vertex -0.883883 6.11612 0
      vertex -1.2941 4.82963 0
      vertex -0.991692 6.23905 0
    endloop
  endfacet
  facet normal -0 0 -1
    outer loop
      vertex -0.991692 6.23905 0
      vertex -1.2941 4.82963 0
      vertex -1.08253 6.375 0
    endloop
  endfacet
  facet normal 0 0 -1
    outer loop
      vertex -1.91342 4.6194 0
      vertex -1.08253 6.375 0
      vertex -1.2941 4.82963 0
    endloop
  endfacet
  facet normal -0 0 -1
    outer loop
      vertex -1.20741 6.67648 0
      vertex -2.5 4.33013 0
      vertex -1.23931 6.83684 0
    endloop
  endfacet
  facet normal 0 0 -1
    outer loop
      vertex -2.5 4.33013 0
      vertex -1.20741 6.67648 0
      vertex -1.91342 4.6194 0
    endloop
  endfacet
  facet normal -0 0 -1
    outer loop
      vertex -1.15485 6.52165 0
      vertex -1.91342 4.6194 0
      vertex -1.20741 6.67648 0
    endloop
  endfacet
  facet normal -0 0 -1
    outer loop
      vertex -1.08253 6.375 0
      vertex -1.91342 4.6194 0
      vertex -1.15485 6.52165 0
    endloop
  endfacet
  facet normal 0 0 -1
    outer loop
      vertex 12.2074 -0.323524 0
      vertex 16 0 0
      vertex 15.8631 -2.08842 0
    endloop
  endfacet
  facet normal 0 0 -1
    outer loop
      vertex 11.8839 -0.883883 0
      vertex 15.8631 -2.08842 0
      vertex 15.4548 -4.1411 0
    endloop
  endfacet
  facet normal 0 0 -1
    outer loop
      vertex 16 0 0
      vertex 12.2074 -0.323524 0
      vertex 12.2393 -0.163157 0
    endloop
  endfacet
  facet normal 0 0 -1
    outer loop
      vertex 11.3235 -1.20741 0
      vertex 15.4548 -4.1411 0
      vertex 14.7821 -6.12293 0
    endloop
  endfacet
  facet normal 0 0 -1
    outer loop
      vertex 12.2393 0.163157 0
      vertex 16 0 0
      vertex 12.25 0 0
    endloop
  endfacet
  facet normal 0 0 -1
    outer loop
      vertex 11 -1.25 0
      vertex 14.7821 -6.12293 0
      vertex 13.8564 -8 0
    endloop
  endfacet
  facet normal 0 0 -1
    outer loop
      vertex 12.2074 0.323524 0
      vertex 16 0 0
      vertex 12.2393 0.163157 0
    endloop
  endfacet
  facet normal 0 0 -1
    outer loop
      vertex 11 -1.25 0
      vertex 13.8564 -8 0
      vertex 12.6937 -9.74018 0
    endloop
  endfacet
  facet normal 0 0 -1
    outer loop
      vertex 16 0 0
      vertex 12.2074 0.323524 0
      vertex 15.8631 2.08842 0
    endloop
  endfacet
  facet normal 0 0 -1
    outer loop
      vertex 12.0825 0.625 0
      vertex 15.8631 2.08842 0
      vertex 12.1548 0.478354 0
    endloop
  endfacet
  facet normal 0 0 -1
    outer loop
      vertex 12.1548 0.478354 0
      vertex 15.8631 2.08842 0
      vertex 12.2074 0.323524 0
    endloop
  endfacet
  facet normal -0 0 -1
    outer loop
      vertex 16 0 0
      vertex 12.2393 -0.163157 0
      vertex 12.25 0 0
    endloop
  endfacet
  facet normal 0 0 -1
    outer loop
      vertex 15.8631 -2.08842 0
      vertex 12.1548 -0.478354 0
      vertex 12.2074 -0.323524 0
    endloop
  endfacet
  facet normal 0 0 -1
    outer loop
      vertex 15.8631 -2.08842 0
      vertex 12.0825 -0.625 0
      vertex 12.1548 -0.478354 0
    endloop
  endfacet
  facet normal 0 0 -1
    outer loop
      vertex 15.8631 -2.08842 0
      vertex 11.9917 -0.760951 0
      vertex 12.0825 -0.625 0
    endloop
  endfacet
  facet normal 0 0 -1
    outer loop
      vertex 15.8631 -2.08842 0
      vertex 11.8839 -0.883883 0
      vertex 11.9917 -0.760951 0
    endloop
  endfacet
  facet normal 0 0 -1
    outer loop
      vertex 15.4548 -4.1411 0
      vertex 11.761 -0.991692 0
      vertex 11.8839 -0.883883 0
    endloop
  endfacet
  facet normal 0 0 -1
    outer loop
      vertex 15.4548 -4.1411 0
      vertex 11.625 -1.08253 0
      vertex 11.761 -0.991692 0
    endloop
  endfacet
  facet normal 0 0 -1
    outer loop
      vertex 15.4548 -4.1411 0
      vertex 11.4784 -1.15485 0
      vertex 11.625 -1.08253 0
    endloop
  endfacet
  facet normal 0 0 -1
    outer loop
      vertex 15.4548 -4.1411 0
      vertex 11.3235 -1.20741 0
      vertex 11.4784 -1.15485 0
    endloop
  endfacet
  facet normal 0 0 -1
    outer loop
      vertex 3.96677 -3.04381 0
      vertex 12.6937 -9.74018 0
      vertex 11.3137 -11.3137 0
    endloop
  endfacet
  facet normal 0 0 -1
    outer loop
      vertex 14.7821 -6.12293 0
      vertex 11.1632 -1.23931 0
      vertex 11.3235 -1.20741 0
    endloop
  endfacet
  facet normal 0 0 -1
    outer loop
      vertex 14.7821 -6.12293 0
      vertex 11 -1.25 0
      vertex 11.1632 -1.23931 0
    endloop
  endfacet
  facet normal 0 0 -1
    outer loop
      vertex 3.53553 -3.53553 0
      vertex 11.3137 -11.3137 0
      vertex 9.74018 -12.6937 0
    endloop
  endfacet
  facet normal 0 0 -1
    outer loop
      vertex 1.25 -7 0
      vertex 9.74018 -12.6937 0
      vertex 8 -13.8564 0
    endloop
  endfacet
  facet normal 0 0 -1
    outer loop
      vertex 12.6937 -9.74018 0
      vertex 7 -1.25 0
      vertex 11 -1.25 0
    endloop
  endfacet
  facet normal 0 0 -1
    outer loop
      vertex 12.6937 -9.74018 0
      vertex 3.96677 -3.04381 0
      vertex 7 -1.25 0
    endloop
  endfacet
  facet normal 0 -0 -1
    outer loop
      vertex 4.33013 -2.5 0
      vertex 7 -1.25 0
      vertex 3.96677 -3.04381 0
    endloop
  endfacet
  facet normal -0 0 -1
    outer loop
      vertex 7 -1.25 0
      vertex 4.33013 -2.5 0
      vertex 6.83684 -1.23931 0
    endloop
  endfacet
  facet normal -0 0 -1
    outer loop
      vertex 6.83684 -1.23931 0
      vertex 4.33013 -2.5 0
      vertex 6.67648 -1.20741 0
    endloop
  endfacet
  facet normal 0 -0 -1
    outer loop
      vertex 4.6194 -1.91342 0
      vertex 6.67648 -1.20741 0
      vertex 4.33013 -2.5 0
    endloop
  endfacet
  facet normal 0 0 -1
    outer loop
      vertex 1.25 -11 0
      vertex 8 -13.8564 0
      vertex 6.12293 -14.7821 0
    endloop
  endfacet
  facet normal -0 0 -1
    outer loop
      vertex 6.67648 -1.20741 0
      vertex 4.6194 -1.91342 0
      vertex 6.52165 -1.15485 0
    endloop
  endfacet
  facet normal -0 0 -1
    outer loop
      vertex 6.52165 -1.15485 0
      vertex 4.6194 -1.91342 0
      vertex 6.375 -1.08253 0
    endloop
  endfacet
  facet normal 0 -0 -1
    outer loop
      vertex 4.82963 -1.2941 0
      vertex 6.23905 -0.991692 0
      vertex 4.6194 -1.91342 0
    endloop
  endfacet
  facet normal -0 0 -1
    outer loop
      vertex 6.23905 -0.991692 0
      vertex 4.82963 -1.2941 0
      vertex 6.11612 -0.883883 0
    endloop
  endfacet
  facet normal -0 0 -1
    outer loop
      vertex 6.11612 -0.883883 0
      vertex 4.82963 -1.2941 0
      vertex 6.00831 -0.760951 0
    endloop
  endfacet
  facet normal 0 -0 -1
    outer loop
      vertex 4.95722 -0.652631 0
      vertex 6.00831 -0.760951 0
      vertex 4.82963 -1.2941 0
    endloop
  endfacet
  facet normal -0 0 -1
    outer loop
      vertex 5.91747 -0.625 0
      vertex 4.95722 -0.652631 0
      vertex 5.84515 -0.478354 0
    endloop
  endfacet
  facet normal -0 0 -1
    outer loop
      vertex 5.84515 -0.478354 0
      vertex 4.95722 -0.652631 0
      vertex 5.79259 -0.323524 0
    endloop
  endfacet
  facet normal 0 0 -1
    outer loop
      vertex 5.76069 -0.163157 0
      vertex 5 0 0
      vertex 5.75 0 0
    endloop
  endfacet
  facet normal 0 0 -1
    outer loop
      vertex 5.79259 -0.323524 0
      vertex 5 0 0
      vertex 5.76069 -0.163157 0
    endloop
  endfacet
  facet normal 0 -0 -1
    outer loop
      vertex 5 0 0
      vertex 5.79259 -0.323524 0
      vertex 4.95722 -0.652631 0
    endloop
  endfacet
  facet normal 0 0 -1
    outer loop
      vertex 6.00831 -0.760951 0
      vertex 4.95722 -0.652631 0
      vertex 5.91747 -0.625 0
    endloop
  endfacet
  facet normal 0 0 -1
    outer loop
      vertex 1.20741 -11.3235 0
      vertex 6.12293 -14.7821 0
      vertex 4.1411 -15.4548 0
    endloop
  endfacet
  facet normal -0 0 -1
    outer loop
      vertex 6.375 -1.08253 0
      vertex 4.6194 -1.91342 0
      vertex 6.23905 -0.991692 0
    endloop
  endfacet
  facet normal 0 0 -1
    outer loop
      vertex 11.3137 -11.3137 0
      vertex 3.53553 -3.53553 0
      vertex 3.96677 -3.04381 0
    endloop
  endfacet
  facet normal 0 0 -1
    outer loop
      vertex 8 -13.8564 0
      vertex 1.25 -11 0
      vertex 1.25 -7 0
    endloop
  endfacet
  facet normal 0 0 -1
    outer loop
      vertex 9.74018 -12.6937 0
      vertex 1.25 -7 0
      vertex 3.04381 -3.96677 0
    endloop
  endfacet
  facet normal 0 0 -1
    outer loop
      vertex 0.883883 -11.8839 0
      vertex 4.1411 -15.4548 0
      vertex 2.08842 -15.8631 0
    endloop
  endfacet
  facet normal 0 0 -1
    outer loop
      vertex 9.74018 -12.6937 0
      vertex 3.04381 -3.96677 0
      vertex 3.53553 -3.53553 0
    endloop
  endfacet
  facet normal 0 0 -1
    outer loop
      vertex 3.04381 -3.96677 0
      vertex 1.25 -7 0
      vertex 2.5 -4.33013 0
    endloop
  endfacet
  facet normal 0 0 -1
    outer loop
      vertex 1.23931 -6.83684 0
      vertex 2.5 -4.33013 0
      vertex 1.25 -7 0
    endloop
  endfacet
  facet normal 0 0 -1
    outer loop
      vertex 6.12293 -14.7821 0
      vertex 1.23931 -11.1632 0
      vertex 1.25 -11 0
    endloop
  endfacet
  facet normal 0 0 -1
    outer loop
      vertex 6.12293 -14.7821 0
      vertex 1.20741 -11.3235 0
      vertex 1.23931 -11.1632 0
    endloop
  endfacet
  facet normal 0 0 -1
    outer loop
      vertex 4.1411 -15.4548 0
      vertex 1.15485 -11.4784 0
      vertex 1.20741 -11.3235 0
    endloop
  endfacet
  facet normal 0 0 -1
    outer loop
      vertex 4.1411 -15.4548 0
      vertex 1.08253 -11.625 0
      vertex 1.15485 -11.4784 0
    endloop
  endfacet
  facet normal 0 0 -1
    outer loop
      vertex 4.1411 -15.4548 0
      vertex 0.991692 -11.761 0
      vertex 1.08253 -11.625 0
    endloop
  endfacet
  facet normal 0 0 -1
    outer loop
      vertex 4.1411 -15.4548 0
      vertex 0.883883 -11.8839 0
      vertex 0.991692 -11.761 0
    endloop
  endfacet
  facet normal 0 0 -1
    outer loop
      vertex 2.08842 -15.8631 0
      vertex 0.760951 -11.9917 0
      vertex 0.883883 -11.8839 0
    endloop
  endfacet
  facet normal 0 0 -1
    outer loop
      vertex 2.08842 -15.8631 0
      vertex 0.625 -12.0825 0
      vertex 0.760951 -11.9917 0
    endloop
  endfacet
  facet normal 0 0 -1
    outer loop
      vertex 2.08842 -15.8631 0
      vertex 0.478354 -12.1548 0
      vertex 0.625 -12.0825 0
    endloop
  endfacet
  facet normal 0 0 -1
    outer loop
      vertex 2.08842 -15.8631 0
      vertex 0.323524 -12.2074 0
      vertex 0.478354 -12.1548 0
    endloop
  endfacet
  facet normal 0 0 -1
    outer loop
      vertex 0 -16 0
      vertex 0.323524 -12.2074 0
      vertex 2.08842 -15.8631 0
    endloop
  endfacet
  facet normal 0 0 -1
    outer loop
      vertex 0.323524 -12.2074 0
      vertex 0 -16 0
      vertex 0.163157 -12.2393 0
    endloop
  endfacet
  facet normal 0 0 -1
    outer loop
      vertex 0 -16 0
      vertex 0 -12.25 0
      vertex 0.163157 -12.2393 0
    endloop
  endfacet
  facet normal 0 0 -1
    outer loop
      vertex 0 -16 0
      vertex -0.163157 -12.2393 0
      vertex 0 -12.25 0
    endloop
  endfacet
  facet normal 0 0 -1
    outer loop
      vertex 0 -16 0
      vertex -0.323524 -12.2074 0
      vertex -0.163157 -12.2393 0
    endloop
  endfacet
  facet normal 0 0 -1
    outer loop
      vertex -2.08842 -15.8631 0
      vertex -0.323524 -12.2074 0
      vertex 0 -16 0
    endloop
  endfacet
  facet normal -0 0 -1
    outer loop
      vertex -0.323524 -12.2074 0
      vertex -2.08842 -15.8631 0
      vertex -0.478354 -12.1548 0
    endloop
  endfacet
  facet normal -0 0 -1
    outer loop
      vertex -0.478354 -12.1548 0
      vertex -2.08842 -15.8631 0
      vertex -0.625 -12.0825 0
    endloop
  endfacet
  facet normal -0 0 -1
    outer loop
      vertex -0.625 -12.0825 0
      vertex -2.08842 -15.8631 0
      vertex -0.760951 -11.9917 0
    endloop
  endfacet
  facet normal -0 0 -1
    outer loop
      vertex -0.760951 -11.9917 0
      vertex -2.08842 -15.8631 0
      vertex -0.883883 -11.8839 0
    endloop
  endfacet
  facet normal -0 0 -1
    outer loop
      vertex -0.883883 -11.8839 0
      vertex -2.08842 -15.8631 0
      vertex -0.991692 -11.761 0
    endloop
  endfacet
  facet normal -0 0 -1
    outer loop
      vertex -0.991692 -11.761 0
      vertex -2.08842 -15.8631 0
      vertex -1.08253 -11.625 0
    endloop
  endfacet
  facet normal -0 0 -1
    outer loop
      vertex -1.08253 -11.625 0
      vertex -2.08842 -15.8631 0
      vertex -1.15485 -11.4784 0
    endloop
  endfacet
  facet normal 0 0 -1
    outer loop
      vertex -3.53553 -3.53553 0
      vertex -1.25 -7 0
      vertex -1.25 -11 0
    endloop
  endfacet
  facet normal 0 0 -1
    outer loop
      vertex -1.25 -7 0
      vertex -1.91342 -4.6194 0
      vertex -1.2941 -4.82963 0
    endloop
  endfacet
  facet normal 0 0 -1
    outer loop
      vertex -11 -1.25 0
      vertex -1.25 -11 0
      vertex -1.23931 -11.1632 0
    endloop
  endfacet
  facet normal -0 0 -1
    outer loop
      vertex -1.15485 -11.4784 0
      vertex -2.08842 -15.8631 0
      vertex -1.20741 -11.3235 0
    endloop
  endfacet
  facet normal 0 0 -1
    outer loop
      vertex -2.08842 -15.8631 0
      vertex -1.23931 -11.1632 0
      vertex -1.20741 -11.3235 0
    endloop
  endfacet
  facet normal 0 0 -1
    outer loop
      vertex -11 -1.25 0
      vertex -1.23931 -11.1632 0
      vertex -2.08842 -15.8631 0
    endloop
  endfacet
  facet normal 0 0 -1
    outer loop
      vertex -1.25 -7 0
      vertex -2.5 -4.33013 0
      vertex -1.91342 -4.6194 0
    endloop
  endfacet
  facet normal 0 0 -1
    outer loop
      vertex -1.25 -7 0
      vertex -3.04381 -3.96677 0
      vertex -2.5 -4.33013 0
    endloop
  endfacet
  facet normal 0 0 -1
    outer loop
      vertex -1.25 -7 0
      vertex -3.53553 -3.53553 0
      vertex -3.04381 -3.96677 0
    endloop
  endfacet
  facet normal 0 0 -1
    outer loop
      vertex -1.25 -11 0
      vertex -11 -1.25 0
      vertex -3.53553 -3.53553 0
    endloop
  endfacet
  facet normal -0 -0 -1
    outer loop
      vertex -7 -1.25 0
      vertex -3.53553 -3.53553 0
      vertex -11 -1.25 0
    endloop
  endfacet
  facet normal 0 0 -1
    outer loop
      vertex -3.53553 -3.53553 0
      vertex -7 -1.25 0
      vertex -3.96677 -3.04381 0
    endloop
  endfacet
  facet normal 0 -0 -1
    outer loop
      vertex -6.83684 -1.23931 0
      vertex -4.33013 -2.5 0
      vertex -7 -1.25 0
    endloop
  endfacet
  facet normal 0 0 -1
    outer loop
      vertex -4.33013 -2.5 0
      vertex -6.67648 -1.20741 0
      vertex -4.6194 -1.91342 0
    endloop
  endfacet
  facet normal 0 0 -1
    outer loop
      vertex -5.79259 -0.323524 0
      vertex -5 0 0
      vertex -4.95722 -0.652631 0
    endloop
  endfacet
  facet normal 0 0 -1
    outer loop
      vertex -4.6194 -1.91342 0
      vertex -6.375 -1.08253 0
      vertex -4.82963 -1.2941 0
    endloop
  endfacet
  facet normal -0 0 -1
    outer loop
      vertex -5 0 0
      vertex -5.76069 -0.163157 0
      vertex -5.75 0 0
    endloop
  endfacet
  facet normal 0 0 -1
    outer loop
      vertex -5 0 0
      vertex -5.79259 -0.323524 0
      vertex -5.76069 -0.163157 0
    endloop
  endfacet
  facet normal 0 0 -1
    outer loop
      vertex -4.95722 -0.652631 0
      vertex -5.84515 -0.478354 0
      vertex -5.79259 -0.323524 0
    endloop
  endfacet
  facet normal 0 0 -1
    outer loop
      vertex -4.95722 -0.652631 0
      vertex -5.91747 -0.625 0
      vertex -5.84515 -0.478354 0
    endloop
  endfacet
  facet normal -0 0 -1
    outer loop
      vertex -4.95722 -0.652631 0
      vertex -6.00831 -0.760951 0
      vertex -5.91747 -0.625 0
    endloop
  endfacet
  facet normal 0 0 -1
    outer loop
      vertex -4.82963 -1.2941 0
      vertex -6.00831 -0.760951 0
      vertex -4.95722 -0.652631 0
    endloop
  endfacet
  facet normal 0 -0 -1
    outer loop
      vertex -6.00831 -0.760951 0
      vertex -4.82963 -1.2941 0
      vertex -6.11612 -0.883883 0
    endloop
  endfacet
  facet normal 0 -0 -1
    outer loop
      vertex -6.11612 -0.883883 0
      vertex -4.82963 -1.2941 0
      vertex -6.23905 -0.991692 0
    endloop
  endfacet
  facet normal 0 -0 -1
    outer loop
      vertex -6.23905 -0.991692 0
      vertex -4.82963 -1.2941 0
      vertex -6.375 -1.08253 0
    endloop
  endfacet
  facet normal 0 -0 -1
    outer loop
      vertex -6.375 -1.08253 0
      vertex -4.6194 -1.91342 0
      vertex -6.52165 -1.15485 0
    endloop
  endfacet
  facet normal 0 -0 -1
    outer loop
      vertex -6.52165 -1.15485 0
      vertex -4.6194 -1.91342 0
      vertex -6.67648 -1.20741 0
    endloop
  endfacet
  facet normal 0 -0 -1
    outer loop
      vertex -6.67648 -1.20741 0
      vertex -4.33013 -2.5 0
      vertex -6.83684 -1.23931 0
    endloop
  endfacet
  facet normal 0 0 -1
    outer loop
      vertex -3.96677 -3.04381 0
      vertex -7 -1.25 0
      vertex -4.33013 -2.5 0
    endloop
  endfacet
  facet normal 0 0 -1
    outer loop
      vertex -2.08842 -15.8631 0
      vertex -11.1632 -1.23931 0
      vertex -11 -1.25 0
    endloop
  endfacet
  facet normal 0 0 -1
    outer loop
      vertex -2.08842 -15.8631 0
      vertex -11.3235 -1.20741 0
      vertex -11.1632 -1.23931 0
    endloop
  endfacet
  facet normal 0 0 -1
    outer loop
      vertex -21.9562 -3.96677 0
      vertex -11.3235 -1.20741 0
      vertex -2.08842 -15.8631 0
    endloop
  endfacet
  facet normal 0 -0 -1
    outer loop
      vertex -21.4645 -3.53552 0
      vertex -11.3235 -1.20741 0
      vertex -21.9562 -3.96677 0
    endloop
  endfacet
  facet normal -0 0 -1
    outer loop
      vertex -11.3235 -1.20741 0
      vertex -21.4645 -3.53552 0
      vertex -11.4784 -1.15485 0
    endloop
  endfacet
  facet normal -0 0 -1
    outer loop
      vertex -11.4784 -1.15485 0
      vertex -21.0332 -3.04379 0
      vertex -11.625 -1.08253 0
    endloop
  endfacet
  facet normal -0 0 -1
    outer loop
      vertex -11.625 -1.08253 0
      vertex -21.0332 -3.04379 0
      vertex -11.761 -0.991692 0
    endloop
  endfacet
  facet normal 0 -0 -1
    outer loop
      vertex -20.6699 -2.5 0
      vertex -11.761 -0.991692 0
      vertex -21.0332 -3.04379 0
    endloop
  endfacet
  facet normal 0 0 -1
    outer loop
      vertex -12.2393 -0.163157 0
      vertex -20 0 0
      vertex -12.25 0 0
    endloop
  endfacet
  facet normal 0 0 -1
    outer loop
      vertex -20.0428 -0.652618 0
      vertex -12.2393 -0.163157 0
      vertex -12.2074 -0.323524 0
    endloop
  endfacet
  facet normal 0 0 -1
    outer loop
      vertex -20.0428 -0.652618 0
      vertex -12.2074 -0.323524 0
      vertex -12.1548 -0.478354 0
    endloop
  endfacet
  facet normal 0 0 -1
    outer loop
      vertex -20.1704 -1.29408 0
      vertex -12.1548 -0.478354 0
      vertex -12.0825 -0.625 0
    endloop
  endfacet
  facet normal -0 0 -1
    outer loop
      vertex -11.761 -0.991692 0
      vertex -20.6699 -2.5 0
      vertex -11.8839 -0.883883 0
    endloop
  endfacet
  facet normal -0 0 -1
    outer loop
      vertex -12.2393 -0.163157 0
      vertex -20.0428 -0.652618 0
      vertex -20 0 0
    endloop
  endfacet
  facet normal 0 0 -1
    outer loop
      vertex -12.1548 -0.478354 0
      vertex -20.1704 -1.29408 0
      vertex -20.0428 -0.652618 0
    endloop
  endfacet
  facet normal 0 0 -1
    outer loop
      vertex -12.0825 -0.625 0
      vertex -20.3806 -1.91341 0
      vertex -20.1704 -1.29408 0
    endloop
  endfacet
  facet normal -0 0 -1
    outer loop
      vertex -11.9917 -0.760951 0
      vertex -20.3806 -1.91341 0
      vertex -12.0825 -0.625 0
    endloop
  endfacet
  facet normal -0 0 -1
    outer loop
      vertex -11.8839 -0.883883 0
      vertex -20.3806 -1.91341 0
      vertex -11.9917 -0.760951 0
    endloop
  endfacet
  facet normal 0 -0 -1
    outer loop
      vertex -20.3806 -1.91341 0
      vertex -11.8839 -0.883883 0
      vertex -20.6699 -2.5 0
    endloop
  endfacet
  facet normal 0 -0 -1
    outer loop
      vertex -21.0332 -3.04379 0
      vertex -11.4784 -1.15485 0
      vertex -21.4645 -3.53552 0
    endloop
  endfacet
  facet normal 0 0 -1
    outer loop
      vertex -2.08842 -15.8631 0
      vertex -22.5 -4.33012 0
      vertex -21.9562 -3.96677 0
    endloop
  endfacet
  facet normal 0 0 -1
    outer loop
      vertex -2.08842 -15.8631 0
      vertex -23.0866 -4.61938 0
      vertex -22.5 -4.33012 0
    endloop
  endfacet
  facet normal 0 0 -1
    outer loop
      vertex -2.08842 -15.8631 0
      vertex -23.7059 -4.82962 0
      vertex -23.0866 -4.61938 0
    endloop
  endfacet
  facet normal 0 0 -1
    outer loop
      vertex -2.08842 -15.8631 0
      vertex -24.3474 -4.95721 0
      vertex -23.7059 -4.82962 0
    endloop
  endfacet
  facet normal 0 0 -1
    outer loop
      vertex -2.08842 -15.8631 0
      vertex -25 -5 0
      vertex -24.3474 -4.95721 0
    endloop
  endfacet
  facet normal 0 0 -1
    outer loop
      vertex -2.08842 -15.8631 0
      vertex -40 -5 0
      vertex -25 -5 0
    endloop
  endfacet
  facet normal 0 0 -1
    outer loop
      vertex -57.3303 -8.61679 0
      vertex -40 -5 0
      vertex -2.08842 -15.8631 0
    endloop
  endfacet
  facet normal 0 -0 -1
    outer loop
      vertex -57.125 -8.51554 0
      vertex -40 -5 0
      vertex -57.3303 -8.61679 0
    endloop
  endfacet
  facet normal 0 0 -1
    outer loop
      vertex -56.3832 -6.3303 0
      vertex -44.6194 -1.91341 0
      vertex -56.3096 -6.54707 0
    endloop
  endfacet
  facet normal -0 0 -1
    outer loop
      vertex -44.3301 -2.5 0
      vertex -56.3096 -6.54707 0
      vertex -44.6194 -1.91341 0
    endloop
  endfacet
  facet normal 0 0 -1
    outer loop
      vertex -56.3096 -6.54707 0
      vertex -44.3301 -2.5 0
      vertex -56.265 -6.77158 0
    endloop
  endfacet
  facet normal 0 0 -1
    outer loop
      vertex -56.265 -6.77158 0
      vertex -44.3301 -2.5 0
      vertex -56.25 -7 0
    endloop
  endfacet
  facet normal -0 0 -1
    outer loop
      vertex -43.9668 -3.04379 0
      vertex -56.25 -7 0
      vertex -44.3301 -2.5 0
    endloop
  endfacet
  facet normal 0 0 -1
    outer loop
      vertex -56.265 -7.22842 0
      vertex -43.9668 -3.04379 0
      vertex -43.5355 -3.53552 0
    endloop
  endfacet
  facet normal 0 0 -1
    outer loop
      vertex -56.3096 -7.45293 0
      vertex -43.5355 -3.53552 0
      vertex -43.0438 -3.96677 0
    endloop
  endfacet
  facet normal 0 0 -1
    outer loop
      vertex -56.3832 -7.6697 0
      vertex -43.0438 -3.96677 0
      vertex -42.5 -4.33012 0
    endloop
  endfacet
  facet normal 0 0 -1
    outer loop
      vertex -56.6116 -8.06533 0
      vertex -42.5 -4.33012 0
      vertex -41.9134 -4.61938 0
    endloop
  endfacet
  facet normal 0 0 -1
    outer loop
      vertex -56.7626 -8.23744 0
      vertex -41.9134 -4.61938 0
      vertex -41.2941 -4.82962 0
    endloop
  endfacet
  facet normal -0 0 -1
    outer loop
      vertex -40 -5 0
      vertex -57.125 -8.51554 0
      vertex -40.6526 -4.95721 0
    endloop
  endfacet
  facet normal 0 0 -1
    outer loop
      vertex -43.9668 -3.04379 0
      vertex -56.265 -7.22842 0
      vertex -56.25 -7 0
    endloop
  endfacet
  facet normal 0 0 -1
    outer loop
      vertex -43.5355 -3.53552 0
      vertex -56.3096 -7.45293 0
      vertex -56.265 -7.22842 0
    endloop
  endfacet
  facet normal 0 0 -1
    outer loop
      vertex -43.0438 -3.96677 0
      vertex -56.3832 -7.6697 0
      vertex -56.3096 -7.45293 0
    endloop
  endfacet
  facet normal 0 0 -1
    outer loop
      vertex -42.5 -4.33012 0
      vertex -56.4845 -7.875 0
      vertex -56.3832 -7.6697 0
    endloop
  endfacet
  facet normal 0 0 -1
    outer loop
      vertex -42.5 -4.33012 0
      vertex -56.6116 -8.06533 0
      vertex -56.4845 -7.875 0
    endloop
  endfacet
  facet normal 0 0 -1
    outer loop
      vertex -41.9134 -4.61938 0
      vertex -56.7626 -8.23744 0
      vertex -56.6116 -8.06533 0
    endloop
  endfacet
  facet normal 0 0 -1
    outer loop
      vertex -41.2941 -4.82962 0
      vertex -56.9347 -8.38837 0
      vertex -56.7626 -8.23744 0
    endloop
  endfacet
  facet normal -0 0 -1
    outer loop
      vertex -40.6526 -4.95721 0
      vertex -56.9347 -8.38837 0
      vertex -41.2941 -4.82962 0
    endloop
  endfacet
  facet normal 0 -0 -1
    outer loop
      vertex -56.9347 -8.38837 0
      vertex -40.6526 -4.95721 0
      vertex -57.125 -8.51554 0
    endloop
  endfacet
  facet normal 0 0 -1
    outer loop
      vertex -2.08842 -15.8631 0
      vertex -57.5471 -8.69037 0
      vertex -57.3303 -8.61679 0
    endloop
  endfacet
  facet normal 0 0 -1
    outer loop
      vertex -2.08842 -15.8631 0
      vertex -57.7716 -8.73503 0
      vertex -57.5471 -8.69037 0
    endloop
  endfacet
  facet normal 0 0 -1
    outer loop
      vertex -2.08842 -15.8631 0
      vertex -58 -8.75 0
      vertex -57.7716 -8.73503 0
    endloop
  endfacet
  facet normal 0 0 -1
    outer loop
      vertex -80 -9 0
      vertex -58 -8.75 0
      vertex -2.08842 -15.8631 0
    endloop
  endfacet
  facet normal 0 0 -1
    outer loop
      vertex -74.265 4.22842 0
      vertex -59.6904 6.54707 0
      vertex -74.25 4 0
    endloop
  endfacet
  facet normal 0 0 -1
    outer loop
      vertex -74.3832 -4.6697 0
      vertex -59.75 -7 0
      vertex -59.735 -7.22842 0
    endloop
  endfacet
  facet normal 0 0 -1
    outer loop
      vertex -74.4845 -4.875 0
      vertex -59.735 -7.22842 0
      vertex -59.6904 -7.45293 0
    endloop
  endfacet
  facet normal 0 0 -1
    outer loop
      vertex -74.6116 -5.06533 0
      vertex -59.6904 -7.45293 0
      vertex -59.6168 -7.6697 0
    endloop
  endfacet
  facet normal 0 0 -1
    outer loop
      vertex -74.7626 -5.23744 0
      vertex -59.6168 -7.6697 0
      vertex -59.5155 -7.875 0
    endloop
  endfacet
  facet normal 0 0 -1
    outer loop
      vertex -74.9347 -5.38837 0
      vertex -59.5155 -7.875 0
      vertex -59.3884 -8.06533 0
    endloop
  endfacet
  facet normal 0 0 -1
    outer loop
      vertex -75.125 -5.51554 0
      vertex -59.3884 -8.06533 0
      vertex -59.2374 -8.23744 0
    endloop
  endfacet
  facet normal 0 0 -1
    outer loop
      vertex -80 -9 0
      vertex -59.2374 -8.23744 0
      vertex -59.0653 -8.38837 0
    endloop
  endfacet
  facet normal 0 0 -1
    outer loop
      vertex -80 -9 0
      vertex -59.0653 -8.38837 0
      vertex -58.875 -8.51554 0
    endloop
  endfacet
  facet normal 0 0 -1
    outer loop
      vertex -80 -9 0
      vertex -58.875 -8.51554 0
      vertex -58.6697 -8.61679 0
    endloop
  endfacet
  facet normal 0 0 -1
    outer loop
      vertex -80 -9 0
      vertex -58.6697 -8.61679 0
      vertex -58.4529 -8.69037 0
    endloop
  endfacet
  facet normal 0 0 -1
    outer loop
      vertex -59.6904 -6.54707 0
      vertex -74.265 -4.22842 0
      vertex -74.25 -4 0
    endloop
  endfacet
  facet normal 0 0 -1
    outer loop
      vertex -59.735 -6.77158 0
      vertex -74.3096 -4.45293 0
      vertex -74.265 -4.22842 0
    endloop
  endfacet
  facet normal 0 0 -1
    outer loop
      vertex -59.75 -7 0
      vertex -74.3832 -4.6697 0
      vertex -74.3096 -4.45293 0
    endloop
  endfacet
  facet normal 0 0 -1
    outer loop
      vertex -59.735 -7.22842 0
      vertex -74.4845 -4.875 0
      vertex -74.3832 -4.6697 0
    endloop
  endfacet
  facet normal 0 0 -1
    outer loop
      vertex -59.6904 -7.45293 0
      vertex -74.6116 -5.06533 0
      vertex -74.4845 -4.875 0
    endloop
  endfacet
  facet normal 0 0 -1
    outer loop
      vertex -59.6168 -7.6697 0
      vertex -74.7626 -5.23744 0
      vertex -74.6116 -5.06533 0
    endloop
  endfacet
  facet normal 0 0 -1
    outer loop
      vertex -59.5155 -7.875 0
      vertex -74.9347 -5.38837 0
      vertex -74.7626 -5.23744 0
    endloop
  endfacet
  facet normal 0 0 -1
    outer loop
      vertex -59.3884 -8.06533 0
      vertex -75.125 -5.51554 0
      vertex -74.9347 -5.38837 0
    endloop
  endfacet
  facet normal 0 0 -1
    outer loop
      vertex -80 -9 0
      vertex -58.4529 -8.69037 0
      vertex -58.2284 -8.73503 0
    endloop
  endfacet
  facet normal 0 0 -1
    outer loop
      vertex -59.2374 -8.23744 0
      vertex -75.3303 -5.61679 0
      vertex -75.125 -5.51554 0
    endloop
  endfacet
  facet normal -0 0 -1
    outer loop
      vertex -59.2374 -8.23744 0
      vertex -80 -9 0
      vertex -75.3303 -5.61679 0
    endloop
  endfacet
  facet normal 0 0 -1
    outer loop
      vertex -75.3303 -5.61679 0
      vertex -80 -9 0
      vertex -75.5471 -5.69037 0
    endloop
  endfacet
  facet normal 0 0 -1
    outer loop
      vertex -75.5471 -5.69037 0
      vertex -80 -9 0
      vertex -75.7716 -5.73503 0
    endloop
  endfacet
  facet normal 0 0 -1
    outer loop
      vertex -75.7716 -5.73503 0
      vertex -80 -9 0
      vertex -76 -5.75 0
    endloop
  endfacet
  facet normal 0 0 -1
    outer loop
      vertex -77.6904 3.54707 0
      vertex -80 9 0
      vertex -77.735 3.77158 0
    endloop
  endfacet
  facet normal -0 0 -1
    outer loop
      vertex -77.735 -4.22842 0
      vertex -80 -9 0
      vertex -77.75 -4 0
    endloop
  endfacet
  facet normal -0 0 -1
    outer loop
      vertex -77.6904 -4.45293 0
      vertex -80 -9 0
      vertex -77.735 -4.22842 0
    endloop
  endfacet
  facet normal -0 0 -1
    outer loop
      vertex -77.6168 -4.6697 0
      vertex -80 -9 0
      vertex -77.6904 -4.45293 0
    endloop
  endfacet
  facet normal -0 0 -1
    outer loop
      vertex -77.5155 -4.875 0
      vertex -80 -9 0
      vertex -77.6168 -4.6697 0
    endloop
  endfacet
  facet normal -0 0 -1
    outer loop
      vertex -77.3884 -5.06533 0
      vertex -80 -9 0
      vertex -77.5155 -4.875 0
    endloop
  endfacet
  facet normal -0 0 -1
    outer loop
      vertex -77.2374 -5.23744 0
      vertex -80 -9 0
      vertex -77.3884 -5.06533 0
    endloop
  endfacet
  facet normal -0 0 -1
    outer loop
      vertex -77.0653 -5.38837 0
      vertex -80 -9 0
      vertex -77.2374 -5.23744 0
    endloop
  endfacet
  facet normal -0 0 -1
    outer loop
      vertex -76.875 -5.51554 0
      vertex -80 -9 0
      vertex -77.0653 -5.38837 0
    endloop
  endfacet
  facet normal -0 0 -1
    outer loop
      vertex -76.6697 -5.61679 0
      vertex -80 -9 0
      vertex -76.875 -5.51554 0
    endloop
  endfacet
  facet normal -0 0 -1
    outer loop
      vertex -76.4529 -5.69037 0
      vertex -80 -9 0
      vertex -76.6697 -5.61679 0
    endloop
  endfacet
  facet normal -0 0 -1
    outer loop
      vertex -76.2284 -5.73503 0
      vertex -80 -9 0
      vertex -76.4529 -5.69037 0
    endloop
  endfacet
  facet normal -0 0 -1
    outer loop
      vertex -76 -5.75 0
      vertex -80 -9 0
      vertex -76.2284 -5.73503 0
    endloop
  endfacet
  facet normal -0 0 -1
    outer loop
      vertex -58 -8.75 0
      vertex -80 -9 0
      vertex -58.2284 -8.73503 0
    endloop
  endfacet
  facet normal 0 0 -1
    outer loop
      vertex 11.9917 0.760951 0
      vertex 15.8631 2.08842 0
      vertex 12.0825 0.625 0
    endloop
  endfacet
  facet normal 0 0 -1
    outer loop
      vertex 11.8839 0.883883 0
      vertex 15.8631 2.08842 0
      vertex 11.9917 0.760951 0
    endloop
  endfacet
  facet normal -0 0 -1
    outer loop
      vertex 15.8631 2.08842 0
      vertex 11.8839 0.883883 0
      vertex 15.4548 4.1411 0
    endloop
  endfacet
  facet normal 0 0 -1
    outer loop
      vertex 11.761 0.991692 0
      vertex 15.4548 4.1411 0
      vertex 11.8839 0.883883 0
    endloop
  endfacet
  facet normal 0 0 -1
    outer loop
      vertex 11.625 1.08253 0
      vertex 15.4548 4.1411 0
      vertex 11.761 0.991692 0
    endloop
  endfacet
  facet normal 0 0 -1
    outer loop
      vertex 11.4784 1.15485 0
      vertex 15.4548 4.1411 0
      vertex 11.625 1.08253 0
    endloop
  endfacet
  facet normal 0 0 -1
    outer loop
      vertex 11.3235 1.20741 0
      vertex 15.4548 4.1411 0
      vertex 11.4784 1.15485 0
    endloop
  endfacet
  facet normal -0 0 -1
    outer loop
      vertex 15.4548 4.1411 0
      vertex 11.3235 1.20741 0
      vertex 14.7821 6.12293 0
    endloop
  endfacet
  facet normal 0 0 -1
    outer loop
      vertex 11.1632 1.23931 0
      vertex 14.7821 6.12293 0
      vertex 11.3235 1.20741 0
    endloop
  endfacet
  facet normal 0 0 -1
    outer loop
      vertex 11 1.25 0
      vertex 14.7821 6.12293 0
      vertex 11.1632 1.23931 0
    endloop
  endfacet
  facet normal -0 0 -1
    outer loop
      vertex 14.7821 6.12293 0
      vertex 11 1.25 0
      vertex 13.8564 8 0
    endloop
  endfacet
  facet normal -0 0 -1
    outer loop
      vertex 13.8564 8 0
      vertex 11 1.25 0
      vertex 12.6937 9.74018 0
    endloop
  endfacet
  facet normal 0 0 -1
    outer loop
      vertex 7 1.25 0
      vertex 12.6937 9.74018 0
      vertex 11 1.25 0
    endloop
  endfacet
  facet normal 0 0 -1
    outer loop
      vertex 3.96677 3.04381 0
      vertex 12.6937 9.74018 0
      vertex 7 1.25 0
    endloop
  endfacet
  facet normal -0 0 -1
    outer loop
      vertex 12.6937 9.74018 0
      vertex 3.96677 3.04381 0
      vertex 11.3137 11.3137 0
    endloop
  endfacet
  facet normal 0 0 -1
    outer loop
      vertex 3.53553 3.53553 0
      vertex 11.3137 11.3137 0
      vertex 3.96677 3.04381 0
    endloop
  endfacet
  facet normal 0 0 -1
    outer loop
      vertex 4.33013 2.5 0
      vertex 7 1.25 0
      vertex 6.83684 1.23931 0
    endloop
  endfacet
  facet normal 0 0 -1
    outer loop
      vertex 4.33013 2.5 0
      vertex 6.83684 1.23931 0
      vertex 6.67648 1.20741 0
    endloop
  endfacet
  facet normal 0 0 -1
    outer loop
      vertex 4.6194 1.91342 0
      vertex 6.67648 1.20741 0
      vertex 6.52165 1.15485 0
    endloop
  endfacet
  facet normal 0 0 -1
    outer loop
      vertex 4.6194 1.91342 0
      vertex 6.52165 1.15485 0
      vertex 6.375 1.08253 0
    endloop
  endfacet
  facet normal 0 0 -1
    outer loop
      vertex 4.6194 1.91342 0
      vertex 6.375 1.08253 0
      vertex 6.23905 0.991692 0
    endloop
  endfacet
  facet normal -0 0 -1
    outer loop
      vertex 11.3137 11.3137 0
      vertex 3.53553 3.53553 0
      vertex 9.74018 12.6937 0
    endloop
  endfacet
  facet normal 0 0 -1
    outer loop
      vertex 4.82963 1.2941 0
      vertex 6.23905 0.991692 0
      vertex 6.11612 0.883883 0
    endloop
  endfacet
  facet normal 0 0 -1
    outer loop
      vertex 4.82963 1.2941 0
      vertex 6.11612 0.883883 0
      vertex 6.00831 0.760951 0
    endloop
  endfacet
  facet normal 0 0 -1
    outer loop
      vertex 4.95722 0.652631 0
      vertex 6.00831 0.760951 0
      vertex 5.91747 0.625 0
    endloop
  endfacet
  facet normal 0 0 -1
    outer loop
      vertex 4.95722 0.652631 0
      vertex 5.91747 0.625 0
      vertex 5.84515 0.478354 0
    endloop
  endfacet
  facet normal 0 0 -1
    outer loop
      vertex 4.95722 0.652631 0
      vertex 5.84515 0.478354 0
      vertex 5.79259 0.323524 0
    endloop
  endfacet
  facet normal 0 0 -1
    outer loop
      vertex 5 0 0
      vertex 5.79259 0.323524 0
      vertex 5.76069 0.163157 0
    endloop
  endfacet
  facet normal 0 0 -1
    outer loop
      vertex 5 0 0
      vertex 5.76069 0.163157 0
      vertex 5.75 0 0
    endloop
  endfacet
  facet normal -0 0 -1
    outer loop
      vertex 5.79259 0.323524 0
      vertex 5 0 0
      vertex 4.95722 0.652631 0
    endloop
  endfacet
  facet normal -0 0 -1
    outer loop
      vertex 6.00831 0.760951 0
      vertex 4.95722 0.652631 0
      vertex 4.82963 1.2941 0
    endloop
  endfacet
  facet normal 0 0 -1
    outer loop
      vertex 6.23905 0.991692 0
      vertex 4.82963 1.2941 0
      vertex 4.6194 1.91342 0
    endloop
  endfacet
  facet normal 0 0 -1
    outer loop
      vertex 6.67648 1.20741 0
      vertex 4.6194 1.91342 0
      vertex 4.33013 2.5 0
    endloop
  endfacet
  facet normal 0 0 -1
    outer loop
      vertex 7 1.25 0
      vertex 4.33013 2.5 0
      vertex 3.96677 3.04381 0
    endloop
  endfacet
  facet normal 0 0 -1
    outer loop
      vertex 3.04381 3.96677 0
      vertex 9.74018 12.6937 0
      vertex 3.53553 3.53553 0
    endloop
  endfacet
  facet normal 0 0 -1
    outer loop
      vertex 1.25 7 0
      vertex 9.74018 12.6937 0
      vertex 3.04381 3.96677 0
    endloop
  endfacet
  facet normal -0 0 -1
    outer loop
      vertex 9.74018 12.6937 0
      vertex 1.25 7 0
      vertex 8 13.8564 0
    endloop
  endfacet
  facet normal 0 0 -1
    outer loop
      vertex 1.25 11 0
      vertex 8 13.8564 0
      vertex 1.25 7 0
    endloop
  endfacet
  facet normal 0 0 -1
    outer loop
      vertex 1.25 7 0
      vertex 3.04381 3.96677 0
      vertex 2.5 4.33013 0
    endloop
  endfacet
  facet normal 0 0 -1
    outer loop
      vertex 1.23931 11.1632 0
      vertex 6.12293 14.7821 0
      vertex 1.25 11 0
    endloop
  endfacet
  facet normal 0 0 -1
    outer loop
      vertex 1.23931 6.83684 0
      vertex 2.5 4.33013 0
      vertex 1.91342 4.6194 0
    endloop
  endfacet
  facet normal 0 0 -1
    outer loop
      vertex 1.08253 6.375 0
      vertex 1.91342 4.6194 0
      vertex 1.2941 4.82963 0
    endloop
  endfacet
  facet normal -0 0 -1
    outer loop
      vertex 8 13.8564 0
      vertex 1.25 11 0
      vertex 6.12293 14.7821 0
    endloop
  endfacet
  facet normal 0 0 -1
    outer loop
      vertex 1.20741 11.3235 0
      vertex 6.12293 14.7821 0
      vertex 1.23931 11.1632 0
    endloop
  endfacet
  facet normal -0 0 -1
    outer loop
      vertex 6.12293 14.7821 0
      vertex 1.20741 11.3235 0
      vertex 4.1411 15.4548 0
    endloop
  endfacet
  facet normal 0 0 -1
    outer loop
      vertex 1.15485 11.4784 0
      vertex 4.1411 15.4548 0
      vertex 1.20741 11.3235 0
    endloop
  endfacet
  facet normal 0 0 -1
    outer loop
      vertex 1.08253 11.625 0
      vertex 4.1411 15.4548 0
      vertex 1.15485 11.4784 0
    endloop
  endfacet
  facet normal 0 0 -1
    outer loop
      vertex 0.991692 11.761 0
      vertex 4.1411 15.4548 0
      vertex 1.08253 11.625 0
    endloop
  endfacet
  facet normal 0 0 -1
    outer loop
      vertex 0.883883 11.8839 0
      vertex 4.1411 15.4548 0
      vertex 0.991692 11.761 0
    endloop
  endfacet
  facet normal -0 0 -1
    outer loop
      vertex 4.1411 15.4548 0
      vertex 0.883883 11.8839 0
      vertex 2.08842 15.8631 0
    endloop
  endfacet
  facet normal 0 0 -1
    outer loop
      vertex 0.760951 11.9917 0
      vertex 2.08842 15.8631 0
      vertex 0.883883 11.8839 0
    endloop
  endfacet
  facet normal 0 0 -1
    outer loop
      vertex 0.625 12.0825 0
      vertex 2.08842 15.8631 0
      vertex 0.760951 11.9917 0
    endloop
  endfacet
  facet normal 0 0 -1
    outer loop
      vertex 0.478354 12.1548 0
      vertex 2.08842 15.8631 0
      vertex 0.625 12.0825 0
    endloop
  endfacet
  facet normal 0 0 -1
    outer loop
      vertex 0.323524 12.2074 0
      vertex 2.08842 15.8631 0
      vertex 0.478354 12.1548 0
    endloop
  endfacet
  facet normal 0 0 -1
    outer loop
      vertex 0 16 0
      vertex 0.323524 12.2074 0
      vertex 0.163157 12.2393 0
    endloop
  endfacet
  facet normal 0 0 -1
    outer loop
      vertex 0 16 0
      vertex 0.163157 12.2393 0
      vertex 0 12.25 0
    endloop
  endfacet
  facet normal 0 0 -1
    outer loop
      vertex 0.323524 12.2074 0
      vertex 0 16 0
      vertex 2.08842 15.8631 0
    endloop
  endfacet
  facet normal 0 0 -1
    outer loop
      vertex -0.163157 12.2393 0
      vertex 0 16 0
      vertex 0 12.25 0
    endloop
  endfacet
  facet normal 0 0 -1
    outer loop
      vertex -0.323524 12.2074 0
      vertex 0 16 0
      vertex -0.163157 12.2393 0
    endloop
  endfacet
  facet normal 0 0 -1
    outer loop
      vertex -2.08842 15.8631 0
      vertex -0.323524 12.2074 0
      vertex -0.478354 12.1548 0
    endloop
  endfacet
  facet normal 0 0 -1
    outer loop
      vertex -2.08842 15.8631 0
      vertex -0.478354 12.1548 0
      vertex -0.625 12.0825 0
    endloop
  endfacet
  facet normal 0 0 -1
    outer loop
      vertex -2.08842 15.8631 0
      vertex -0.625 12.0825 0
      vertex -0.760951 11.9917 0
    endloop
  endfacet
  facet normal 0 0 -1
    outer loop
      vertex -2.08842 15.8631 0
      vertex -0.760951 11.9917 0
      vertex -0.883883 11.8839 0
    endloop
  endfacet
  facet normal 0 0 -1
    outer loop
      vertex -2.08842 15.8631 0
      vertex -0.883883 11.8839 0
      vertex -0.991692 11.761 0
    endloop
  endfacet
  facet normal 0 0 -1
    outer loop
      vertex -2.08842 15.8631 0
      vertex -0.991692 11.761 0
      vertex -1.08253 11.625 0
    endloop
  endfacet
  facet normal 0 0 -1
    outer loop
      vertex -2.08842 15.8631 0
      vertex -1.08253 11.625 0
      vertex -1.15485 11.4784 0
    endloop
  endfacet
  facet normal 0 0 -1
    outer loop
      vertex -2.08842 15.8631 0
      vertex -1.15485 11.4784 0
      vertex -1.20741 11.3235 0
    endloop
  endfacet
  facet normal -0 0 -1
    outer loop
      vertex -1.23931 6.83684 0
      vertex -2.5 4.33013 0
      vertex -1.25 7 0
    endloop
  endfacet
  facet normal 0 0 -1
    outer loop
      vertex -3.04381 3.96677 0
      vertex -1.25 7 0
      vertex -2.5 4.33013 0
    endloop
  endfacet
  facet normal 0 0 -1
    outer loop
      vertex -0.323524 12.2074 0
      vertex -2.08842 15.8631 0
      vertex 0 16 0
    endloop
  endfacet
  facet normal 0 0 -1
    outer loop
      vertex -1.23931 11.1632 0
      vertex -2.08842 15.8631 0
      vertex -1.20741 11.3235 0
    endloop
  endfacet
  facet normal 0 0 -1
    outer loop
      vertex -3.53553 3.53553 0
      vertex -1.25 7 0
      vertex -3.04381 3.96677 0
    endloop
  endfacet
  facet normal -0 0 -1
    outer loop
      vertex -1.25 7 0
      vertex -3.53553 3.53553 0
      vertex -1.25 11 0
    endloop
  endfacet
  facet normal 0 0 -1
    outer loop
      vertex -11 1.25 0
      vertex -1.25 11 0
      vertex -3.53553 3.53553 0
    endloop
  endfacet
  facet normal -0 0 -1
    outer loop
      vertex -1.25 11 0
      vertex -11 1.25 0
      vertex -1.23931 11.1632 0
    endloop
  endfacet
  facet normal 0 0 -1
    outer loop
      vertex -7 1.25 0
      vertex -3.53553 3.53553 0
      vertex -3.96677 3.04381 0
    endloop
  endfacet
  facet normal 0 0 -1
    outer loop
      vertex -7 1.25 0
      vertex -3.96677 3.04381 0
      vertex -4.33013 2.5 0
    endloop
  endfacet
  facet normal 0 0 -1
    outer loop
      vertex -6.67648 1.20741 0
      vertex -4.33013 2.5 0
      vertex -4.6194 1.91342 0
    endloop
  endfacet
  facet normal 0 0 -1
    outer loop
      vertex -6.375 1.08253 0
      vertex -4.6194 1.91342 0
      vertex -4.82963 1.2941 0
    endloop
  endfacet
  facet normal 0 0 -1
    outer loop
      vertex -6.00831 0.760951 0
      vertex -4.82963 1.2941 0
      vertex -4.95722 0.652631 0
    endloop
  endfacet
  facet normal 0 0 -1
    outer loop
      vertex -5.76069 0.163157 0
      vertex -5 0 0
      vertex -5.75 0 0
    endloop
  endfacet
  facet normal 0 0 -1
    outer loop
      vertex -5.79259 0.323524 0
      vertex -5 0 0
      vertex -5.76069 0.163157 0
    endloop
  endfacet
  facet normal 0 0 -1
    outer loop
      vertex -5 0 0
      vertex -5.79259 0.323524 0
      vertex -4.95722 0.652631 0
    endloop
  endfacet
  facet normal 0 0 -1
    outer loop
      vertex -5.84515 0.478354 0
      vertex -4.95722 0.652631 0
      vertex -5.79259 0.323524 0
    endloop
  endfacet
  facet normal 0 0 -1
    outer loop
      vertex -5.91747 0.625 0
      vertex -4.95722 0.652631 0
      vertex -5.84515 0.478354 0
    endloop
  endfacet
  facet normal 0 0 -1
    outer loop
      vertex -6.00831 0.760951 0
      vertex -4.95722 0.652631 0
      vertex -5.91747 0.625 0
    endloop
  endfacet
  facet normal 0 0 -1
    outer loop
      vertex -4.82963 1.2941 0
      vertex -6.00831 0.760951 0
      vertex -6.11612 0.883883 0
    endloop
  endfacet
  facet normal 0 0 -1
    outer loop
      vertex -4.82963 1.2941 0
      vertex -6.11612 0.883883 0
      vertex -6.23905 0.991692 0
    endloop
  endfacet
  facet normal 0 0 -1
    outer loop
      vertex -4.82963 1.2941 0
      vertex -6.23905 0.991692 0
      vertex -6.375 1.08253 0
    endloop
  endfacet
  facet normal 0 0 -1
    outer loop
      vertex -4.6194 1.91342 0
      vertex -6.375 1.08253 0
      vertex -6.52165 1.15485 0
    endloop
  endfacet
  facet normal 0 0 -1
    outer loop
      vertex -4.6194 1.91342 0
      vertex -6.52165 1.15485 0
      vertex -6.67648 1.20741 0
    endloop
  endfacet
  facet normal 0 0 -1
    outer loop
      vertex -4.33013 2.5 0
      vertex -6.67648 1.20741 0
      vertex -6.83684 1.23931 0
    endloop
  endfacet
  facet normal 0 0 -1
    outer loop
      vertex -4.33013 2.5 0
      vertex -6.83684 1.23931 0
      vertex -7 1.25 0
    endloop
  endfacet
  facet normal 0 0 -1
    outer loop
      vertex -3.53553 3.53553 0
      vertex -7 1.25 0
      vertex -11 1.25 0
    endloop
  endfacet
  facet normal -0 0 -1
    outer loop
      vertex -1.23931 11.1632 0
      vertex -11 1.25 0
      vertex -2.08842 15.8631 0
    endloop
  endfacet
  facet normal 0 0 -1
    outer loop
      vertex -11.1632 1.23931 0
      vertex -2.08842 15.8631 0
      vertex -11 1.25 0
    endloop
  endfacet
  facet normal 0 0 -1
    outer loop
      vertex -11.3235 1.20741 0
      vertex -2.08842 15.8631 0
      vertex -11.1632 1.23931 0
    endloop
  endfacet
  facet normal 0 0 -1
    outer loop
      vertex -21.4645 3.53552 0
      vertex -11.3235 1.20741 0
      vertex -11.4784 1.15485 0
    endloop
  endfacet
  facet normal 0 0 -1
    outer loop
      vertex -21.0332 3.04379 0
      vertex -11.4784 1.15485 0
      vertex -11.625 1.08253 0
    endloop
  endfacet
  facet normal 0 0 -1
    outer loop
      vertex -21.0332 3.04379 0
      vertex -11.625 1.08253 0
      vertex -11.761 0.991692 0
    endloop
  endfacet
  facet normal 0 0 -1
    outer loop
      vertex -20.6699 2.5 0
      vertex -11.761 0.991692 0
      vertex -11.8839 0.883883 0
    endloop
  endfacet
  facet normal 0 0 -1
    outer loop
      vertex -20.3806 1.91341 0
      vertex -11.8839 0.883883 0
      vertex -11.9917 0.760951 0
    endloop
  endfacet
  facet normal 0 0 -1
    outer loop
      vertex -20.3806 1.91341 0
      vertex -11.9917 0.760951 0
      vertex -12.0825 0.625 0
    endloop
  endfacet
  facet normal 0 0 -1
    outer loop
      vertex -20 0 0
      vertex -12.2393 0.163157 0
      vertex -12.25 0 0
    endloop
  endfacet
  facet normal 0 0 -1
    outer loop
      vertex -20.0428 0.652618 0
      vertex -12.2393 0.163157 0
      vertex -20 0 0
    endloop
  endfacet
  facet normal 0 0 -1
    outer loop
      vertex -12.2393 0.163157 0
      vertex -20.0428 0.652618 0
      vertex -12.2074 0.323524 0
    endloop
  endfacet
  facet normal 0 0 -1
    outer loop
      vertex -12.2074 0.323524 0
      vertex -20.0428 0.652618 0
      vertex -12.1548 0.478354 0
    endloop
  endfacet
  facet normal 0 0 -1
    outer loop
      vertex -20.1704 1.29408 0
      vertex -12.1548 0.478354 0
      vertex -20.0428 0.652618 0
    endloop
  endfacet
  facet normal 0 0 -1
    outer loop
      vertex -12.1548 0.478354 0
      vertex -20.1704 1.29408 0
      vertex -12.0825 0.625 0
    endloop
  endfacet
  facet normal 0 0 -1
    outer loop
      vertex -20.3806 1.91341 0
      vertex -12.0825 0.625 0
      vertex -20.1704 1.29408 0
    endloop
  endfacet
  facet normal 0 0 -1
    outer loop
      vertex -11.8839 0.883883 0
      vertex -20.3806 1.91341 0
      vertex -20.6699 2.5 0
    endloop
  endfacet
  facet normal 0 0 -1
    outer loop
      vertex -11.761 0.991692 0
      vertex -20.6699 2.5 0
      vertex -21.0332 3.04379 0
    endloop
  endfacet
  facet normal 0 0 -1
    outer loop
      vertex -11.4784 1.15485 0
      vertex -21.0332 3.04379 0
      vertex -21.4645 3.53552 0
    endloop
  endfacet
  facet normal 0 0 -1
    outer loop
      vertex -11.3235 1.20741 0
      vertex -21.4645 3.53552 0
      vertex -21.9562 3.96677 0
    endloop
  endfacet
  facet normal 0 0 -1
    outer loop
      vertex -11.3235 1.20741 0
      vertex -21.9562 3.96677 0
      vertex -2.08842 15.8631 0
    endloop
  endfacet
  facet normal 0 0 -1
    outer loop
      vertex -22.5 4.33012 0
      vertex -2.08842 15.8631 0
      vertex -21.9562 3.96677 0
    endloop
  endfacet
  facet normal 0 0 -1
    outer loop
      vertex -23.0866 4.61938 0
      vertex -2.08842 15.8631 0
      vertex -22.5 4.33012 0
    endloop
  endfacet
  facet normal 0 0 -1
    outer loop
      vertex -23.7059 4.82962 0
      vertex -2.08842 15.8631 0
      vertex -23.0866 4.61938 0
    endloop
  endfacet
  facet normal 0 0 -1
    outer loop
      vertex -24.3474 4.95721 0
      vertex -2.08842 15.8631 0
      vertex -23.7059 4.82962 0
    endloop
  endfacet
  facet normal 0 0 -1
    outer loop
      vertex -25 5 0
      vertex -2.08842 15.8631 0
      vertex -24.3474 4.95721 0
    endloop
  endfacet
  facet normal 0 0 -1
    outer loop
      vertex -40 5 0
      vertex -2.08842 15.8631 0
      vertex -25 5 0
    endloop
  endfacet
  facet normal 0 0 -1
    outer loop
      vertex -57.125 8.51554 0
      vertex -40 5 0
      vertex -40.6526 4.95721 0
    endloop
  endfacet
  facet normal 0 0 -1
    outer loop
      vertex -56.9347 8.38837 0
      vertex -40.6526 4.95721 0
      vertex -41.2941 4.82962 0
    endloop
  endfacet
  facet normal -0 0 -1
    outer loop
      vertex -44.6194 -1.91341 0
      vertex -56.3832 -6.3303 0
      vertex -44.8296 -1.29408 0
    endloop
  endfacet
  facet normal 0 0 -1
    outer loop
      vertex -45 0 0
      vertex -56.25 7 0
      vertex -44.9572 0.652618 0
    endloop
  endfacet
  facet normal 0 0 -1
    outer loop
      vertex -44.9572 0.652618 0
      vertex -56.25 7 0
      vertex -44.8296 1.29408 0
    endloop
  endfacet
  facet normal 0 0 -1
    outer loop
      vertex -44.8296 1.29408 0
      vertex -56.25 7 0
      vertex -44.6194 1.91341 0
    endloop
  endfacet
  facet normal 0 0 -1
    outer loop
      vertex -44.6194 1.91341 0
      vertex -56.25 7 0
      vertex -44.3301 2.5 0
    endloop
  endfacet
  facet normal 0 0 -1
    outer loop
      vertex -44.3301 2.5 0
      vertex -56.25 7 0
      vertex -43.9668 3.04379 0
    endloop
  endfacet
  facet normal 0 0 -1
    outer loop
      vertex -56.265 7.22842 0
      vertex -43.9668 3.04379 0
      vertex -56.25 7 0
    endloop
  endfacet
  facet normal 0 0 -1
    outer loop
      vertex -43.9668 3.04379 0
      vertex -56.265 7.22842 0
      vertex -43.5355 3.53552 0
    endloop
  endfacet
  facet normal 0 0 -1
    outer loop
      vertex -56.3096 7.45293 0
      vertex -43.5355 3.53552 0
      vertex -56.265 7.22842 0
    endloop
  endfacet
  facet normal 0 0 -1
    outer loop
      vertex -43.5355 3.53552 0
      vertex -56.3096 7.45293 0
      vertex -43.0438 3.96677 0
    endloop
  endfacet
  facet normal 0 0 -1
    outer loop
      vertex -56.3832 7.6697 0
      vertex -43.0438 3.96677 0
      vertex -56.3096 7.45293 0
    endloop
  endfacet
  facet normal 0 0 -1
    outer loop
      vertex -43.0438 3.96677 0
      vertex -56.3832 7.6697 0
      vertex -42.5 4.33012 0
    endloop
  endfacet
  facet normal 0 0 -1
    outer loop
      vertex -56.4845 7.875 0
      vertex -42.5 4.33012 0
      vertex -56.3832 7.6697 0
    endloop
  endfacet
  facet normal 0 0 -1
    outer loop
      vertex -56.6116 8.06533 0
      vertex -42.5 4.33012 0
      vertex -56.4845 7.875 0
    endloop
  endfacet
  facet normal 0 0 -1
    outer loop
      vertex -42.5 4.33012 0
      vertex -56.6116 8.06533 0
      vertex -41.9134 4.61938 0
    endloop
  endfacet
  facet normal 0 0 -1
    outer loop
      vertex -56.7626 8.23744 0
      vertex -41.9134 4.61938 0
      vertex -56.6116 8.06533 0
    endloop
  endfacet
  facet normal 0 0 -1
    outer loop
      vertex -41.9134 4.61938 0
      vertex -56.7626 8.23744 0
      vertex -41.2941 4.82962 0
    endloop
  endfacet
  facet normal 0 0 -1
    outer loop
      vertex -56.9347 8.38837 0
      vertex -41.2941 4.82962 0
      vertex -56.7626 8.23744 0
    endloop
  endfacet
  facet normal 0 0 -1
    outer loop
      vertex -40.6526 4.95721 0
      vertex -56.9347 8.38837 0
      vertex -57.125 8.51554 0
    endloop
  endfacet
  facet normal 0 0 -1
    outer loop
      vertex -40 5 0
      vertex -57.125 8.51554 0
      vertex -57.3303 8.61679 0
    endloop
  endfacet
  facet normal 0 0 -1
    outer loop
      vertex -40 5 0
      vertex -57.3303 8.61679 0
      vertex -2.08842 15.8631 0
    endloop
  endfacet
  facet normal 0 0 -1
    outer loop
      vertex -57.5471 8.69037 0
      vertex -2.08842 15.8631 0
      vertex -57.3303 8.61679 0
    endloop
  endfacet
  facet normal 0 0 -1
    outer loop
      vertex -57.7716 8.73503 0
      vertex -2.08842 15.8631 0
      vertex -57.5471 8.69037 0
    endloop
  endfacet
  facet normal 0 0 -1
    outer loop
      vertex -58 8.75 0
      vertex -2.08842 15.8631 0
      vertex -57.7716 8.73503 0
    endloop
  endfacet
  facet normal 0 0 -1
    outer loop
      vertex -80 9 0
      vertex -58 8.75 0
      vertex -58.2284 8.73503 0
    endloop
  endfacet
  facet normal -0 0 -1
    outer loop
      vertex -59.6904 6.54707 0
      vertex -74.265 4.22842 0
      vertex -59.735 6.77158 0
    endloop
  endfacet
  facet normal 0 0 -1
    outer loop
      vertex -74.3096 4.45293 0
      vertex -59.735 6.77158 0
      vertex -74.265 4.22842 0
    endloop
  endfacet
  facet normal -0 0 -1
    outer loop
      vertex -59.735 6.77158 0
      vertex -74.3096 4.45293 0
      vertex -59.75 7 0
    endloop
  endfacet
  facet normal 0 0 -1
    outer loop
      vertex -74.3832 4.6697 0
      vertex -59.75 7 0
      vertex -74.3096 4.45293 0
    endloop
  endfacet
  facet normal -0 0 -1
    outer loop
      vertex -59.75 7 0
      vertex -74.3832 4.6697 0
      vertex -59.735 7.22842 0
    endloop
  endfacet
  facet normal 0 0 -1
    outer loop
      vertex -74.4845 4.875 0
      vertex -59.735 7.22842 0
      vertex -74.3832 4.6697 0
    endloop
  endfacet
  facet normal -0 0 -1
    outer loop
      vertex -59.735 7.22842 0
      vertex -74.4845 4.875 0
      vertex -59.6904 7.45293 0
    endloop
  endfacet
  facet normal 0 0 -1
    outer loop
      vertex -74.6116 5.06533 0
      vertex -59.6904 7.45293 0
      vertex -74.4845 4.875 0
    endloop
  endfacet
  facet normal -0 0 -1
    outer loop
      vertex -59.6904 7.45293 0
      vertex -74.6116 5.06533 0
      vertex -59.6168 7.6697 0
    endloop
  endfacet
  facet normal 0 0 -1
    outer loop
      vertex -74.7626 5.23744 0
      vertex -59.6168 7.6697 0
      vertex -74.6116 5.06533 0
    endloop
  endfacet
  facet normal -0 0 -1
    outer loop
      vertex -59.6168 7.6697 0
      vertex -74.7626 5.23744 0
      vertex -59.5155 7.875 0
    endloop
  endfacet
  facet normal 0 0 -1
    outer loop
      vertex -74.9347 5.38837 0
      vertex -59.5155 7.875 0
      vertex -74.7626 5.23744 0
    endloop
  endfacet
  facet normal -0 0 -1
    outer loop
      vertex -59.5155 7.875 0
      vertex -74.9347 5.38837 0
      vertex -59.3884 8.06533 0
    endloop
  endfacet
  facet normal 0 0 -1
    outer loop
      vertex -75.125 5.51554 0
      vertex -59.3884 8.06533 0
      vertex -74.9347 5.38837 0
    endloop
  endfacet
  facet normal -0 0 -1
    outer loop
      vertex -59.3884 8.06533 0
      vertex -75.125 5.51554 0
      vertex -59.2374 8.23744 0
    endloop
  endfacet
  facet normal 0 0 -1
    outer loop
      vertex -75.3303 5.61679 0
      vertex -59.2374 8.23744 0
      vertex -75.125 5.51554 0
    endloop
  endfacet
  facet normal 0 0 -1
    outer loop
      vertex -80 9 0
      vertex -59.2374 8.23744 0
      vertex -75.3303 5.61679 0
    endloop
  endfacet
  facet normal 0 0 -1
    outer loop
      vertex -59.2374 8.23744 0
      vertex -80 9 0
      vertex -59.0653 8.38837 0
    endloop
  endfacet
  facet normal 0 0 -1
    outer loop
      vertex -59.0653 8.38837 0
      vertex -80 9 0
      vertex -58.875 8.51554 0
    endloop
  endfacet
  facet normal 0 0 -1
    outer loop
      vertex -58.875 8.51554 0
      vertex -80 9 0
      vertex -58.6697 8.61679 0
    endloop
  endfacet
  facet normal 0 0 -1
    outer loop
      vertex -58.6697 8.61679 0
      vertex -80 9 0
      vertex -58.4529 8.69037 0
    endloop
  endfacet
  facet normal 0 0 -1
    outer loop
      vertex -80 9 0
      vertex -75.3303 5.61679 0
      vertex -75.5471 5.69037 0
    endloop
  endfacet
  facet normal 0 0 -1
    outer loop
      vertex -80 9 0
      vertex -75.5471 5.69037 0
      vertex -75.7716 5.73503 0
    endloop
  endfacet
  facet normal 0 0 -1
    outer loop
      vertex -80 9 0
      vertex -75.7716 5.73503 0
      vertex -76 5.75 0
    endloop
  endfacet
  facet normal 0 0 -1
    outer loop
      vertex -80 9 0
      vertex -76 5.75 0
      vertex -76.2284 5.73503 0
    endloop
  endfacet
  facet normal 0 0 -1
    outer loop
      vertex -77.735 3.77158 0
      vertex -80 9 0
      vertex -77.75 4 0
    endloop
  endfacet
  facet normal 0 0 -1
    outer loop
      vertex -58 8.75 0
      vertex -80 9 0
      vertex -2.08842 15.8631 0
    endloop
  endfacet
  facet normal 0 0 -1
    outer loop
      vertex -58.4529 8.69037 0
      vertex -80 9 0
      vertex -58.2284 8.73503 0
    endloop
  endfacet
  facet normal 0 0 -1
    outer loop
      vertex -76.4529 5.69037 0
      vertex -80 9 0
      vertex -76.2284 5.73503 0
    endloop
  endfacet
  facet normal 0 0 -1
    outer loop
      vertex -76.6697 5.61679 0
      vertex -80 9 0
      vertex -76.4529 5.69037 0
    endloop
  endfacet
  facet normal 0 0 -1
    outer loop
      vertex -76.875 5.51554 0
      vertex -80 9 0
      vertex -76.6697 5.61679 0
    endloop
  endfacet
  facet normal 0 0 -1
    outer loop
      vertex -77.0653 5.38837 0
      vertex -80 9 0
      vertex -76.875 5.51554 0
    endloop
  endfacet
  facet normal 0 0 -1
    outer loop
      vertex -77.2374 5.23744 0
      vertex -80 9 0
      vertex -77.0653 5.38837 0
    endloop
  endfacet
  facet normal 0 0 -1
    outer loop
      vertex -77.3884 5.06533 0
      vertex -80 9 0
      vertex -77.2374 5.23744 0
    endloop
  endfacet
  facet normal 0 0 -1
    outer loop
      vertex -77.5155 4.875 0
      vertex -80 9 0
      vertex -77.3884 5.06533 0
    endloop
  endfacet
  facet normal 0 0 -1
    outer loop
      vertex -77.6168 4.6697 0
      vertex -80 9 0
      vertex -77.5155 4.875 0
    endloop
  endfacet
  facet normal 0 0 -1
    outer loop
      vertex -77.6904 4.45293 0
      vertex -80 9 0
      vertex -77.6168 4.6697 0
    endloop
  endfacet
  facet normal 0 0 -1
    outer loop
      vertex -77.735 4.22842 0
      vertex -80 9 0
      vertex -77.6904 4.45293 0
    endloop
  endfacet
  facet normal 0 0 -1
    outer loop
      vertex -77.75 4 0
      vertex -80 9 0
      vertex -77.735 4.22842 0
    endloop
  endfacet
  facet normal 0 0 -1
    outer loop
      vertex 1.20741 -6.67648 0
      vertex 2.5 -4.33013 0
      vertex 1.23931 -6.83684 0
    endloop
  endfacet
  facet normal 0 0 -1
    outer loop
      vertex 2.5 -4.33013 0
      vertex 1.20741 -6.67648 0
      vertex 1.91342 -4.6194 0
    endloop
  endfacet
  facet normal 0 0 -1
    outer loop
      vertex 1.15485 -6.52165 0
      vertex 1.91342 -4.6194 0
      vertex 1.20741 -6.67648 0
    endloop
  endfacet
  facet normal 0 0 -1
    outer loop
      vertex 1.08253 -6.375 0
      vertex 1.91342 -4.6194 0
      vertex 1.15485 -6.52165 0
    endloop
  endfacet
  facet normal 0 0 -1
    outer loop
      vertex 1.91342 -4.6194 0
      vertex 1.08253 -6.375 0
      vertex 1.2941 -4.82963 0
    endloop
  endfacet
  facet normal 0 0 -1
    outer loop
      vertex 0.991692 -6.23905 0
      vertex 1.2941 -4.82963 0
      vertex 1.08253 -6.375 0
    endloop
  endfacet
  facet normal 0 0 -1
    outer loop
      vertex 0.883883 -6.11612 0
      vertex 1.2941 -4.82963 0
      vertex 0.991692 -6.23905 0
    endloop
  endfacet
  facet normal 0 0 -1
    outer loop
      vertex 0.760951 -6.00831 0
      vertex 1.2941 -4.82963 0
      vertex 0.883883 -6.11612 0
    endloop
  endfacet
  facet normal 0 0 -1
    outer loop
      vertex 0.760951 -6.00831 0
      vertex 0.652631 -4.95722 0
      vertex 1.2941 -4.82963 0
    endloop
  endfacet
  facet normal 0 0 -1
    outer loop
      vertex 0.625 -5.91747 0
      vertex 0.652631 -4.95722 0
      vertex 0.760951 -6.00831 0
    endloop
  endfacet
  facet normal 0 0 -1
    outer loop
      vertex 0.478354 -5.84515 0
      vertex 0.652631 -4.95722 0
      vertex 0.625 -5.91747 0
    endloop
  endfacet
  facet normal 0 0 -1
    outer loop
      vertex 0.323524 -5.79259 0
      vertex 0.652631 -4.95722 0
      vertex 0.478354 -5.84515 0
    endloop
  endfacet
  facet normal 0 0 -1
    outer loop
      vertex 0 -5 0
      vertex 0.323524 -5.79259 0
      vertex 0.163157 -5.76069 0
    endloop
  endfacet
  facet normal 0 0 -1
    outer loop
      vertex 0 -5 0
      vertex 0.163157 -5.76069 0
      vertex 0 -5.75 0
    endloop
  endfacet
  facet normal 0 0 -1
    outer loop
      vertex 0.323524 -5.79259 0
      vertex 0 -5 0
      vertex 0.652631 -4.95722 0
    endloop
  endfacet
  facet normal 0 0 -1
    outer loop
      vertex -0.163157 -5.76069 0
      vertex 0 -5 0
      vertex 0 -5.75 0
    endloop
  endfacet
  facet normal 0 0 -1
    outer loop
      vertex -0.323524 -5.79259 0
      vertex 0 -5 0
      vertex -0.163157 -5.76069 0
    endloop
  endfacet
  facet normal 0 0 -1
    outer loop
      vertex -0.652631 -4.95722 0
      vertex -0.323524 -5.79259 0
      vertex -0.478354 -5.84515 0
    endloop
  endfacet
  facet normal 0 0 -1
    outer loop
      vertex -0.652631 -4.95722 0
      vertex -0.478354 -5.84515 0
      vertex -0.625 -5.91747 0
    endloop
  endfacet
  facet normal 0 0 -1
    outer loop
      vertex -0.323524 -5.79259 0
      vertex -0.652631 -4.95722 0
      vertex 0 -5 0
    endloop
  endfacet
  facet normal 0 0 -1
    outer loop
      vertex -0.760951 -6.00831 0
      vertex -0.652631 -4.95722 0
      vertex -0.625 -5.91747 0
    endloop
  endfacet
  facet normal 0 0 -1
    outer loop
      vertex -1.2941 -4.82963 0
      vertex -0.760951 -6.00831 0
      vertex -0.883883 -6.11612 0
    endloop
  endfacet
  facet normal 0 0 -1
    outer loop
      vertex -1.2941 -4.82963 0
      vertex -0.883883 -6.11612 0
      vertex -0.991692 -6.23905 0
    endloop
  endfacet
  facet normal 0 0 -1
    outer loop
      vertex -1.2941 -4.82963 0
      vertex -0.991692 -6.23905 0
      vertex -1.08253 -6.375 0
    endloop
  endfacet
  facet normal 0 0 -1
    outer loop
      vertex -1.2941 -4.82963 0
      vertex -1.08253 -6.375 0
      vertex -1.15485 -6.52165 0
    endloop
  endfacet
  facet normal 0 0 -1
    outer loop
      vertex -1.2941 -4.82963 0
      vertex -1.15485 -6.52165 0
      vertex -1.20741 -6.67648 0
    endloop
  endfacet
  facet normal 0 0 -1
    outer loop
      vertex -0.760951 -6.00831 0
      vertex -1.2941 -4.82963 0
      vertex -0.652631 -4.95722 0
    endloop
  endfacet
  facet normal 0 0 -1
    outer loop
      vertex -1.23931 -6.83684 0
      vertex -1.2941 -4.82963 0
      vertex -1.20741 -6.67648 0
    endloop
  endfacet
  facet normal 0 0 -1
    outer loop
      vertex -1.2941 -4.82963 0
      vertex -1.23931 -6.83684 0
      vertex -1.25 -7 0
    endloop
  endfacet
  facet normal -0.0877485 0.996143 0
    outer loop
      vertex -2.08842 15.8631 0
      vertex -80 9 5
      vertex -2.08842 15.8631 5
    endloop
  endfacet
  facet normal -0.0877485 0.996143 0
    outer loop
      vertex -80 9 5
      vertex -2.08842 15.8631 0
      vertex -80 9 0
    endloop
  endfacet
  facet normal -1 0 0
    outer loop
      vertex -80 -9 0
      vertex -80 9 5
      vertex -80 9 0
    endloop
  endfacet
  facet normal -1 -0 0
    outer loop
      vertex -80 9 5
      vertex -80 -9 0
      vertex -80 -9 5
    endloop
  endfacet
  facet normal -0.0877485 -0.996143 0
    outer loop
      vertex -80 -9 0
      vertex -2.08842 -15.8631 5
      vertex -80 -9 5
    endloop
  endfacet
  facet normal -0.0877485 -0.996143 -0
    outer loop
      vertex -2.08842 -15.8631 5
      vertex -80 -9 0
      vertex -2.08842 -15.8631 0
    endloop
  endfacet
  facet normal 0.195089 0.980786 -0
    outer loop
      vertex 4.1411 15.4548 0
      vertex 2.08842 15.8631 5
      vertex 4.1411 15.4548 5
    endloop
  endfacet
  facet normal 0.195089 0.980786 0
    outer loop
      vertex 2.08842 15.8631 5
      vertex 4.1411 15.4548 0
      vertex 2.08842 15.8631 0
    endloop
  endfacet
  facet normal 0 0 1
    outer loop
      vertex -74.3832 3.3303 5
      vertex -59.3884 5.93467 5
      vertex -74.3096 3.54707 5
    endloop
  endfacet
  facet normal 0 0 1
    outer loop
      vertex -59.3884 -5.93467 5
      vertex -74.265 -3.77158 5
      vertex -74.25 -4 5
    endloop
  endfacet
  facet normal 0 0 1
    outer loop
      vertex -59.3884 5.93467 5
      vertex -74.3832 3.3303 5
      vertex -59.3884 -5.93467 5
    endloop
  endfacet
  facet normal 0 0 1
    outer loop
      vertex -59.3884 -5.93467 5
      vertex -74.3096 -3.54707 5
      vertex -74.265 -3.77158 5
    endloop
  endfacet
  facet normal -0 0 1
    outer loop
      vertex -74.3832 -3.3303 5
      vertex -59.3884 -5.93467 5
      vertex -74.3832 3.3303 5
    endloop
  endfacet
  facet normal 0 0 1
    outer loop
      vertex -59.3884 -5.93467 5
      vertex -74.3832 -3.3303 5
      vertex -74.3096 -3.54707 5
    endloop
  endfacet
  facet normal -0 0 1
    outer loop
      vertex -74.4845 3.125 5
      vertex -74.3832 -3.3303 5
      vertex -74.3832 3.3303 5
    endloop
  endfacet
  facet normal 0 0 1
    outer loop
      vertex -74.4845 3.125 5
      vertex -74.4845 -3.125 5
      vertex -74.3832 -3.3303 5
    endloop
  endfacet
  facet normal -0 0 1
    outer loop
      vertex -74.6116 2.93467 5
      vertex -74.4845 -3.125 5
      vertex -74.4845 3.125 5
    endloop
  endfacet
  facet normal 0 0 1
    outer loop
      vertex -74.6116 2.93467 5
      vertex -74.6116 -2.93467 5
      vertex -74.4845 -3.125 5
    endloop
  endfacet
  facet normal -0 0 1
    outer loop
      vertex -74.7626 2.76256 5
      vertex -74.6116 -2.93467 5
      vertex -74.6116 2.93467 5
    endloop
  endfacet
  facet normal 0 0 1
    outer loop
      vertex -74.7626 2.76256 5
      vertex -74.7626 -2.76256 5
      vertex -74.6116 -2.93467 5
    endloop
  endfacet
  facet normal -0 0 1
    outer loop
      vertex -74.9347 2.61163 5
      vertex -74.7626 -2.76256 5
      vertex -74.7626 2.76256 5
    endloop
  endfacet
  facet normal 0 0 1
    outer loop
      vertex -74.9347 2.61163 5
      vertex -74.9347 -2.61163 5
      vertex -74.7626 -2.76256 5
    endloop
  endfacet
  facet normal -0 0 1
    outer loop
      vertex -75.125 2.48446 5
      vertex -74.9347 -2.61163 5
      vertex -74.9347 2.61163 5
    endloop
  endfacet
  facet normal 0 0 1
    outer loop
      vertex -75.125 2.48446 5
      vertex -75.125 -2.48446 5
      vertex -74.9347 -2.61163 5
    endloop
  endfacet
  facet normal -0 0 1
    outer loop
      vertex -75.3303 2.38321 5
      vertex -75.125 -2.48446 5
      vertex -75.125 2.48446 5
    endloop
  endfacet
  facet normal 0 0 1
    outer loop
      vertex -75.3303 2.38321 5
      vertex -75.3303 -2.38321 5
      vertex -75.125 -2.48446 5
    endloop
  endfacet
  facet normal -0 0 1
    outer loop
      vertex -75.5471 2.30963 5
      vertex -75.3303 -2.38321 5
      vertex -75.3303 2.38321 5
    endloop
  endfacet
  facet normal 0 0 1
    outer loop
      vertex -75.5471 2.30963 5
      vertex -75.5471 -2.30963 5
      vertex -75.3303 -2.38321 5
    endloop
  endfacet
  facet normal -0 0 1
    outer loop
      vertex -75.7716 2.26497 5
      vertex -75.5471 -2.30963 5
      vertex -75.5471 2.30963 5
    endloop
  endfacet
  facet normal 0 0 1
    outer loop
      vertex -75.7716 2.26497 5
      vertex -75.7716 -2.26497 5
      vertex -75.5471 -2.30963 5
    endloop
  endfacet
  facet normal -0 0 1
    outer loop
      vertex -76 2.25 5
      vertex -75.7716 -2.26497 5
      vertex -75.7716 2.26497 5
    endloop
  endfacet
  facet normal 0 0 1
    outer loop
      vertex -76 2.25 5
      vertex -76 -2.25 5
      vertex -75.7716 -2.26497 5
    endloop
  endfacet
  facet normal 0 0 1
    outer loop
      vertex -76.2284 2.26497 5
      vertex -76 -2.25 5
      vertex -76 2.25 5
    endloop
  endfacet
  facet normal 0 0 1
    outer loop
      vertex -76.2284 2.26497 5
      vertex -76.2284 -2.26497 5
      vertex -76 -2.25 5
    endloop
  endfacet
  facet normal 0 0 1
    outer loop
      vertex -76.4529 2.30963 5
      vertex -76.2284 -2.26497 5
      vertex -76.2284 2.26497 5
    endloop
  endfacet
  facet normal 0 0 1
    outer loop
      vertex -76.4529 2.30963 5
      vertex -76.4529 -2.30963 5
      vertex -76.2284 -2.26497 5
    endloop
  endfacet
  facet normal 0 0 1
    outer loop
      vertex -76.6697 2.38321 5
      vertex -76.4529 -2.30963 5
      vertex -76.4529 2.30963 5
    endloop
  endfacet
  facet normal 0 0 1
    outer loop
      vertex -76.6697 2.38321 5
      vertex -76.6697 -2.38321 5
      vertex -76.4529 -2.30963 5
    endloop
  endfacet
  facet normal 0 0 1
    outer loop
      vertex -76.875 2.48446 5
      vertex -76.6697 -2.38321 5
      vertex -76.6697 2.38321 5
    endloop
  endfacet
  facet normal 0 0 1
    outer loop
      vertex -76.875 2.48446 5
      vertex -76.875 -2.48446 5
      vertex -76.6697 -2.38321 5
    endloop
  endfacet
  facet normal 0 0 1
    outer loop
      vertex -77.0653 2.61163 5
      vertex -76.875 -2.48446 5
      vertex -76.875 2.48446 5
    endloop
  endfacet
  facet normal 0 0 1
    outer loop
      vertex -77.0653 2.61163 5
      vertex -77.0653 -2.61163 5
      vertex -76.875 -2.48446 5
    endloop
  endfacet
  facet normal 0 0 1
    outer loop
      vertex -77.2374 2.76256 5
      vertex -77.0653 -2.61163 5
      vertex -77.0653 2.61163 5
    endloop
  endfacet
  facet normal 0 0 1
    outer loop
      vertex -77.2374 2.76256 5
      vertex -77.2374 -2.76256 5
      vertex -77.0653 -2.61163 5
    endloop
  endfacet
  facet normal 0 0 1
    outer loop
      vertex -77.3884 2.93467 5
      vertex -77.2374 -2.76256 5
      vertex -77.2374 2.76256 5
    endloop
  endfacet
  facet normal 0 0 1
    outer loop
      vertex -77.3884 2.93467 5
      vertex -77.3884 -2.93467 5
      vertex -77.2374 -2.76256 5
    endloop
  endfacet
  facet normal 0 0 1
    outer loop
      vertex -77.5155 3.125 5
      vertex -77.3884 -2.93467 5
      vertex -77.3884 2.93467 5
    endloop
  endfacet
  facet normal 0 0 1
    outer loop
      vertex -77.5155 3.125 5
      vertex -77.5155 -3.125 5
      vertex -77.3884 -2.93467 5
    endloop
  endfacet
  facet normal 0 0 1
    outer loop
      vertex -77.6168 3.3303 5
      vertex -77.5155 -3.125 5
      vertex -77.5155 3.125 5
    endloop
  endfacet
  facet normal 0 0 1
    outer loop
      vertex -77.6168 3.3303 5
      vertex -77.6168 -3.3303 5
      vertex -77.5155 -3.125 5
    endloop
  endfacet
  facet normal 0 0 1
    outer loop
      vertex -77.6904 3.54707 5
      vertex -77.6168 -3.3303 5
      vertex -77.6168 3.3303 5
    endloop
  endfacet
  facet normal 0 0 1
    outer loop
      vertex -77.6904 3.54707 5
      vertex -77.6904 -3.54707 5
      vertex -77.6168 -3.3303 5
    endloop
  endfacet
  facet normal 0 0 1
    outer loop
      vertex -80 9 5
      vertex -77.6904 3.54707 5
      vertex -77.735 3.77158 5
    endloop
  endfacet
  facet normal 0 0 1
    outer loop
      vertex -77.6904 3.54707 5
      vertex -80 9 5
      vertex -77.6904 -3.54707 5
    endloop
  endfacet
  facet normal 0 0 1
    outer loop
      vertex -80 9 5
      vertex -77.735 3.77158 5
      vertex -77.75 4 5
    endloop
  endfacet
  facet normal 0 0 1
    outer loop
      vertex -80 -9 5
      vertex -77.6904 -3.54707 5
      vertex -80 9 5
    endloop
  endfacet
  facet normal -0 0 1
    outer loop
      vertex -56.4845 6.125 5
      vertex -44.8296 1.29408 5
      vertex -56.3832 6.3303 5
    endloop
  endfacet
  facet normal 0 0 1
    outer loop
      vertex -45 0 5
      vertex -56.265 -6.77158 5
      vertex -56.25 -7 5
    endloop
  endfacet
  facet normal -0 0 1
    outer loop
      vertex -56.6116 5.93467 5
      vertex -44.8296 1.29408 5
      vertex -56.4845 6.125 5
    endloop
  endfacet
  facet normal 0 0 1
    outer loop
      vertex -45 0 5
      vertex -56.3096 -6.54707 5
      vertex -56.265 -6.77158 5
    endloop
  endfacet
  facet normal 0 0 1
    outer loop
      vertex -44.8296 1.29408 5
      vertex -56.6116 5.93467 5
      vertex -44.9572 0.652618 5
    endloop
  endfacet
  facet normal 0 0 1
    outer loop
      vertex -45 0 5
      vertex -56.3832 -6.3303 5
      vertex -56.3096 -6.54707 5
    endloop
  endfacet
  facet normal -0 0 1
    outer loop
      vertex -56.7626 5.76256 5
      vertex -44.9572 0.652618 5
      vertex -56.6116 5.93467 5
    endloop
  endfacet
  facet normal 0 0 1
    outer loop
      vertex -45 0 5
      vertex -56.4845 -6.125 5
      vertex -56.3832 -6.3303 5
    endloop
  endfacet
  facet normal 0 0 1
    outer loop
      vertex -44.9572 0.652618 5
      vertex -56.7626 5.76256 5
      vertex -45 0 5
    endloop
  endfacet
  facet normal 0 0 1
    outer loop
      vertex -45 0 5
      vertex -56.6116 -5.93467 5
      vertex -56.4845 -6.125 5
    endloop
  endfacet
  facet normal -0 0 1
    outer loop
      vertex -56.9347 5.61163 5
      vertex -45 0 5
      vertex -56.7626 5.76256 5
    endloop
  endfacet
  facet normal 0 0 1
    outer loop
      vertex -45 0 5
      vertex -56.7626 -5.76256 5
      vertex -56.6116 -5.93467 5
    endloop
  endfacet
  facet normal 0 0 1
    outer loop
      vertex -56.9347 -5.61163 5
      vertex -45 0 5
      vertex -56.9347 5.61163 5
    endloop
  endfacet
  facet normal 0 0 1
    outer loop
      vertex -45 0 5
      vertex -56.9347 -5.61163 5
      vertex -56.7626 -5.76256 5
    endloop
  endfacet
  facet normal -0 0 1
    outer loop
      vertex -57.125 5.48446 5
      vertex -56.9347 -5.61163 5
      vertex -56.9347 5.61163 5
    endloop
  endfacet
  facet normal 0 0 1
    outer loop
      vertex -57.125 5.48446 5
      vertex -57.125 -5.48446 5
      vertex -56.9347 -5.61163 5
    endloop
  endfacet
  facet normal -0 0 1
    outer loop
      vertex -57.3303 5.38321 5
      vertex -57.125 -5.48446 5
      vertex -57.125 5.48446 5
    endloop
  endfacet
  facet normal 0 0 1
    outer loop
      vertex -57.3303 5.38321 5
      vertex -57.3303 -5.38321 5
      vertex -57.125 -5.48446 5
    endloop
  endfacet
  facet normal -0 0 1
    outer loop
      vertex -57.5471 5.30963 5
      vertex -57.3303 -5.38321 5
      vertex -57.3303 5.38321 5
    endloop
  endfacet
  facet normal 0 0 1
    outer loop
      vertex -57.5471 5.30963 5
      vertex -57.5471 -5.30963 5
      vertex -57.3303 -5.38321 5
    endloop
  endfacet
  facet normal -0 0 1
    outer loop
      vertex -57.7716 5.26497 5
      vertex -57.5471 -5.30963 5
      vertex -57.5471 5.30963 5
    endloop
  endfacet
  facet normal 0 0 1
    outer loop
      vertex -57.7716 5.26497 5
      vertex -57.7716 -5.26497 5
      vertex -57.5471 -5.30963 5
    endloop
  endfacet
  facet normal -0 0 1
    outer loop
      vertex -58 5.25 5
      vertex -57.7716 -5.26497 5
      vertex -57.7716 5.26497 5
    endloop
  endfacet
  facet normal 0 0 1
    outer loop
      vertex -58 5.25 5
      vertex -58 -5.25 5
      vertex -57.7716 -5.26497 5
    endloop
  endfacet
  facet normal 0 0 1
    outer loop
      vertex -58.2284 5.26497 5
      vertex -58 -5.25 5
      vertex -58 5.25 5
    endloop
  endfacet
  facet normal 0 0 1
    outer loop
      vertex -58.2284 5.26497 5
      vertex -58.2284 -5.26497 5
      vertex -58 -5.25 5
    endloop
  endfacet
  facet normal 0 0 1
    outer loop
      vertex -58.4529 5.30963 5
      vertex -58.2284 -5.26497 5
      vertex -58.2284 5.26497 5
    endloop
  endfacet
  facet normal 0 0 1
    outer loop
      vertex -58.4529 5.30963 5
      vertex -58.4529 -5.30963 5
      vertex -58.2284 -5.26497 5
    endloop
  endfacet
  facet normal 0 0 1
    outer loop
      vertex -58.6697 5.38321 5
      vertex -58.4529 -5.30963 5
      vertex -58.4529 5.30963 5
    endloop
  endfacet
  facet normal 0 0 1
    outer loop
      vertex -58.6697 5.38321 5
      vertex -58.6697 -5.38321 5
      vertex -58.4529 -5.30963 5
    endloop
  endfacet
  facet normal 0 0 1
    outer loop
      vertex -58.875 5.48446 5
      vertex -58.6697 -5.38321 5
      vertex -58.6697 5.38321 5
    endloop
  endfacet
  facet normal 0 0 1
    outer loop
      vertex -58.875 5.48446 5
      vertex -58.875 -5.48446 5
      vertex -58.6697 -5.38321 5
    endloop
  endfacet
  facet normal 0 0 1
    outer loop
      vertex -59.0653 5.61163 5
      vertex -58.875 -5.48446 5
      vertex -58.875 5.48446 5
    endloop
  endfacet
  facet normal 0 0 1
    outer loop
      vertex -59.0653 5.61163 5
      vertex -59.0653 -5.61163 5
      vertex -58.875 -5.48446 5
    endloop
  endfacet
  facet normal 0 0 1
    outer loop
      vertex -59.2374 5.76256 5
      vertex -59.0653 -5.61163 5
      vertex -59.0653 5.61163 5
    endloop
  endfacet
  facet normal 0 0 1
    outer loop
      vertex -59.2374 5.76256 5
      vertex -59.2374 -5.76256 5
      vertex -59.0653 -5.61163 5
    endloop
  endfacet
  facet normal 0 0 1
    outer loop
      vertex -59.3884 5.93467 5
      vertex -59.2374 -5.76256 5
      vertex -59.2374 5.76256 5
    endloop
  endfacet
  facet normal 0 0 1
    outer loop
      vertex -59.3884 5.93467 5
      vertex -59.3884 -5.93467 5
      vertex -59.2374 -5.76256 5
    endloop
  endfacet
  facet normal 0 0 1
    outer loop
      vertex -59.6168 6.3303 5
      vertex -74.265 3.77158 5
      vertex -59.5155 6.125 5
    endloop
  endfacet
  facet normal 0 0 1
    outer loop
      vertex -74.3096 3.54707 5
      vertex -59.5155 6.125 5
      vertex -74.265 3.77158 5
    endloop
  endfacet
  facet normal 0 0 1
    outer loop
      vertex -74.265 3.77158 5
      vertex -59.6168 6.3303 5
      vertex -74.25 4 5
    endloop
  endfacet
  facet normal 0 0 1
    outer loop
      vertex -59.5155 6.125 5
      vertex -74.3096 3.54707 5
      vertex -59.3884 5.93467 5
    endloop
  endfacet
  facet normal 0 0 1
    outer loop
      vertex -74.25 4 5
      vertex -59.6168 6.3303 5
      vertex -59.6904 6.54707 5
    endloop
  endfacet
  facet normal 0 0 1
    outer loop
      vertex -59.3884 -5.93467 5
      vertex -74.25 -4 5
      vertex -59.5155 -6.125 5
    endloop
  endfacet
  facet normal 0 0 1
    outer loop
      vertex -74.265 4.22842 5
      vertex -59.6904 6.54707 5
      vertex -59.735 6.77158 5
    endloop
  endfacet
  facet normal 0 0 1
    outer loop
      vertex -59.5155 -6.125 5
      vertex -74.25 -4 5
      vertex -59.6168 -6.3303 5
    endloop
  endfacet
  facet normal 0 0 1
    outer loop
      vertex -74.3096 4.45293 5
      vertex -59.735 6.77158 5
      vertex -59.75 7 5
    endloop
  endfacet
  facet normal 0 0 1
    outer loop
      vertex -59.6168 -6.3303 5
      vertex -74.25 -4 5
      vertex -59.6904 -6.54707 5
    endloop
  endfacet
  facet normal 0 0 1
    outer loop
      vertex 2.5 -4.33013 5
      vertex 1.23931 -6.83684 5
      vertex 1.25 -7 5
    endloop
  endfacet
  facet normal 0 0 1
    outer loop
      vertex 1.91342 -4.6194 5
      vertex 1.20741 -6.67648 5
      vertex 1.23931 -6.83684 5
    endloop
  endfacet
  facet normal 0 0 1
    outer loop
      vertex 1.91342 -4.6194 5
      vertex 1.15485 -6.52165 5
      vertex 1.20741 -6.67648 5
    endloop
  endfacet
  facet normal 0 0 1
    outer loop
      vertex 1.91342 -4.6194 5
      vertex 1.08253 -6.375 5
      vertex 1.15485 -6.52165 5
    endloop
  endfacet
  facet normal 0 0 1
    outer loop
      vertex 1.2941 -4.82963 5
      vertex 0.991692 -6.23905 5
      vertex 1.08253 -6.375 5
    endloop
  endfacet
  facet normal 0 0 1
    outer loop
      vertex 1.2941 -4.82963 5
      vertex 0.883883 -6.11612 5
      vertex 0.991692 -6.23905 5
    endloop
  endfacet
  facet normal 0 0 1
    outer loop
      vertex 1.2941 -4.82963 5
      vertex 0.760951 -6.00831 5
      vertex 0.883883 -6.11612 5
    endloop
  endfacet
  facet normal -0 0 1
    outer loop
      vertex 0.652631 -4.95722 5
      vertex 0.760951 -6.00831 5
      vertex 1.2941 -4.82963 5
    endloop
  endfacet
  facet normal 0 0 1
    outer loop
      vertex 0.652631 -4.95722 5
      vertex 0.625 -5.91747 5
      vertex 0.760951 -6.00831 5
    endloop
  endfacet
  facet normal 0 0 1
    outer loop
      vertex 0.652631 -4.95722 5
      vertex 0.478354 -5.84515 5
      vertex 0.625 -5.91747 5
    endloop
  endfacet
  facet normal 0 0 1
    outer loop
      vertex 0.652631 -4.95722 5
      vertex 0.323524 -5.79259 5
      vertex 0.478354 -5.84515 5
    endloop
  endfacet
  facet normal -0 0 1
    outer loop
      vertex 0 -5 5
      vertex 0.323524 -5.79259 5
      vertex 0.652631 -4.95722 5
    endloop
  endfacet
  facet normal 0 0 1
    outer loop
      vertex 0.323524 -5.79259 5
      vertex 0 -5 5
      vertex 0.163157 -5.76069 5
    endloop
  endfacet
  facet normal 0 0 1
    outer loop
      vertex 0 -5 5
      vertex 0 -5.75 5
      vertex 0.163157 -5.76069 5
    endloop
  endfacet
  facet normal 0 0 1
    outer loop
      vertex 0 -5 5
      vertex -0.163157 -5.76069 5
      vertex 0 -5.75 5
    endloop
  endfacet
  facet normal 0 0 1
    outer loop
      vertex 0 -5 5
      vertex -0.323524 -5.79259 5
      vertex -0.163157 -5.76069 5
    endloop
  endfacet
  facet normal 0 0 1
    outer loop
      vertex -0.652631 -4.95722 5
      vertex -0.323524 -5.79259 5
      vertex 0 -5 5
    endloop
  endfacet
  facet normal 0 0 1
    outer loop
      vertex -0.323524 -5.79259 5
      vertex -0.652631 -4.95722 5
      vertex -0.478354 -5.84515 5
    endloop
  endfacet
  facet normal 0 0 1
    outer loop
      vertex -0.478354 -5.84515 5
      vertex -0.652631 -4.95722 5
      vertex -0.625 -5.91747 5
    endloop
  endfacet
  facet normal 0 0 1
    outer loop
      vertex -0.652631 -4.95722 5
      vertex -0.760951 -6.00831 5
      vertex -0.625 -5.91747 5
    endloop
  endfacet
  facet normal 0 0 1
    outer loop
      vertex -1.2941 -4.82963 5
      vertex -0.760951 -6.00831 5
      vertex -0.652631 -4.95722 5
    endloop
  endfacet
  facet normal 0 0 1
    outer loop
      vertex -0.760951 -6.00831 5
      vertex -1.2941 -4.82963 5
      vertex -0.883883 -6.11612 5
    endloop
  endfacet
  facet normal 0 0 1
    outer loop
      vertex -0.883883 -6.11612 5
      vertex -1.2941 -4.82963 5
      vertex -0.991692 -6.23905 5
    endloop
  endfacet
  facet normal 0 0 1
    outer loop
      vertex -0.991692 -6.23905 5
      vertex -1.2941 -4.82963 5
      vertex -1.08253 -6.375 5
    endloop
  endfacet
  facet normal 0 0 1
    outer loop
      vertex -1.91342 -4.6194 5
      vertex -1.08253 -6.375 5
      vertex -1.2941 -4.82963 5
    endloop
  endfacet
  facet normal 0 0 1
    outer loop
      vertex -1.20741 -6.67648 5
      vertex -2.5 -4.33013 5
      vertex -1.23931 -6.83684 5
    endloop
  endfacet
  facet normal 0 0 1
    outer loop
      vertex -2.5 -4.33013 5
      vertex -1.20741 -6.67648 5
      vertex -1.91342 -4.6194 5
    endloop
  endfacet
  facet normal 0 0 1
    outer loop
      vertex -1.15485 -6.52165 5
      vertex -1.91342 -4.6194 5
      vertex -1.20741 -6.67648 5
    endloop
  endfacet
  facet normal 0 0 1
    outer loop
      vertex -1.08253 -6.375 5
      vertex -1.91342 -4.6194 5
      vertex -1.15485 -6.52165 5
    endloop
  endfacet
  facet normal -0 0 1
    outer loop
      vertex 12.2074 0.323524 5
      vertex 16 0 5
      vertex 15.8631 2.08842 5
    endloop
  endfacet
  facet normal 0 0 1
    outer loop
      vertex 11.8839 0.883883 5
      vertex 15.8631 2.08842 5
      vertex 15.4548 4.1411 5
    endloop
  endfacet
  facet normal 0 0 1
    outer loop
      vertex 16 0 5
      vertex 12.2074 0.323524 5
      vertex 12.2393 0.163157 5
    endloop
  endfacet
  facet normal 0 0 1
    outer loop
      vertex 11.3235 1.20741 5
      vertex 15.4548 4.1411 5
      vertex 14.7821 6.12293 5
    endloop
  endfacet
  facet normal 0 0 1
    outer loop
      vertex 12.2393 -0.163157 5
      vertex 16 0 5
      vertex 12.25 0 5
    endloop
  endfacet
  facet normal 0 0 1
    outer loop
      vertex 11 1.25 5
      vertex 14.7821 6.12293 5
      vertex 13.8564 8 5
    endloop
  endfacet
  facet normal 0 0 1
    outer loop
      vertex 12.2074 -0.323524 5
      vertex 16 0 5
      vertex 12.2393 -0.163157 5
    endloop
  endfacet
  facet normal 0 0 1
    outer loop
      vertex 11 1.25 5
      vertex 13.8564 8 5
      vertex 12.6937 9.74018 5
    endloop
  endfacet
  facet normal 0 0 1
    outer loop
      vertex 16 0 5
      vertex 12.2074 -0.323524 5
      vertex 15.8631 -2.08842 5
    endloop
  endfacet
  facet normal -0 0 1
    outer loop
      vertex 12.0825 -0.625 5
      vertex 15.8631 -2.08842 5
      vertex 12.1548 -0.478354 5
    endloop
  endfacet
  facet normal -0 0 1
    outer loop
      vertex 12.1548 -0.478354 5
      vertex 15.8631 -2.08842 5
      vertex 12.2074 -0.323524 5
    endloop
  endfacet
  facet normal 0 0 1
    outer loop
      vertex 16 0 5
      vertex 12.2393 0.163157 5
      vertex 12.25 0 5
    endloop
  endfacet
  facet normal 0 0 1
    outer loop
      vertex 15.8631 2.08842 5
      vertex 12.1548 0.478354 5
      vertex 12.2074 0.323524 5
    endloop
  endfacet
  facet normal 0 0 1
    outer loop
      vertex 15.8631 2.08842 5
      vertex 12.0825 0.625 5
      vertex 12.1548 0.478354 5
    endloop
  endfacet
  facet normal 0 0 1
    outer loop
      vertex 15.8631 2.08842 5
      vertex 11.9917 0.760951 5
      vertex 12.0825 0.625 5
    endloop
  endfacet
  facet normal 0 0 1
    outer loop
      vertex 15.8631 2.08842 5
      vertex 11.8839 0.883883 5
      vertex 11.9917 0.760951 5
    endloop
  endfacet
  facet normal 0 0 1
    outer loop
      vertex 15.4548 4.1411 5
      vertex 11.761 0.991692 5
      vertex 11.8839 0.883883 5
    endloop
  endfacet
  facet normal 0 0 1
    outer loop
      vertex 15.4548 4.1411 5
      vertex 11.625 1.08253 5
      vertex 11.761 0.991692 5
    endloop
  endfacet
  facet normal 0 0 1
    outer loop
      vertex 15.4548 4.1411 5
      vertex 11.4784 1.15485 5
      vertex 11.625 1.08253 5
    endloop
  endfacet
  facet normal 0 0 1
    outer loop
      vertex 15.4548 4.1411 5
      vertex 11.3235 1.20741 5
      vertex 11.4784 1.15485 5
    endloop
  endfacet
  facet normal 0 0 1
    outer loop
      vertex 3.96677 3.04381 5
      vertex 12.6937 9.74018 5
      vertex 11.3137 11.3137 5
    endloop
  endfacet
  facet normal 0 0 1
    outer loop
      vertex 14.7821 6.12293 5
      vertex 11.1632 1.23931 5
      vertex 11.3235 1.20741 5
    endloop
  endfacet
  facet normal 0 0 1
    outer loop
      vertex 14.7821 6.12293 5
      vertex 11 1.25 5
      vertex 11.1632 1.23931 5
    endloop
  endfacet
  facet normal 0 0 1
    outer loop
      vertex 3.53553 3.53553 5
      vertex 11.3137 11.3137 5
      vertex 9.74018 12.6937 5
    endloop
  endfacet
  facet normal 0 0 1
    outer loop
      vertex 1.25 7 5
      vertex 9.74018 12.6937 5
      vertex 8 13.8564 5
    endloop
  endfacet
  facet normal 0 0 1
    outer loop
      vertex 12.6937 9.74018 5
      vertex 7 1.25 5
      vertex 11 1.25 5
    endloop
  endfacet
  facet normal 0 0 1
    outer loop
      vertex 12.6937 9.74018 5
      vertex 3.96677 3.04381 5
      vertex 7 1.25 5
    endloop
  endfacet
  facet normal -0 -0 1
    outer loop
      vertex 4.33013 2.5 5
      vertex 7 1.25 5
      vertex 3.96677 3.04381 5
    endloop
  endfacet
  facet normal 0 0 1
    outer loop
      vertex 7 1.25 5
      vertex 4.33013 2.5 5
      vertex 6.83684 1.23931 5
    endloop
  endfacet
  facet normal 0 0 1
    outer loop
      vertex 6.83684 1.23931 5
      vertex 4.33013 2.5 5
      vertex 6.67648 1.20741 5
    endloop
  endfacet
  facet normal -0 -0 1
    outer loop
      vertex 4.6194 1.91342 5
      vertex 6.67648 1.20741 5
      vertex 4.33013 2.5 5
    endloop
  endfacet
  facet normal 0 0 1
    outer loop
      vertex 1.25 11 5
      vertex 8 13.8564 5
      vertex 6.12293 14.7821 5
    endloop
  endfacet
  facet normal 0 0 1
    outer loop
      vertex 6.67648 1.20741 5
      vertex 4.6194 1.91342 5
      vertex 6.52165 1.15485 5
    endloop
  endfacet
  facet normal 0 0 1
    outer loop
      vertex 6.52165 1.15485 5
      vertex 4.6194 1.91342 5
      vertex 6.375 1.08253 5
    endloop
  endfacet
  facet normal -0 -0 1
    outer loop
      vertex 4.82963 1.2941 5
      vertex 6.23905 0.991692 5
      vertex 4.6194 1.91342 5
    endloop
  endfacet
  facet normal 0 0 1
    outer loop
      vertex 6.23905 0.991692 5
      vertex 4.82963 1.2941 5
      vertex 6.11612 0.883883 5
    endloop
  endfacet
  facet normal 0 0 1
    outer loop
      vertex 6.11612 0.883883 5
      vertex 4.82963 1.2941 5
      vertex 6.00831 0.760951 5
    endloop
  endfacet
  facet normal 0 -0 1
    outer loop
      vertex 4.95722 0.652631 5
      vertex 6.00831 0.760951 5
      vertex 4.82963 1.2941 5
    endloop
  endfacet
  facet normal 0 0 1
    outer loop
      vertex 5.91747 0.625 5
      vertex 4.95722 0.652631 5
      vertex 5.84515 0.478354 5
    endloop
  endfacet
  facet normal 0 0 1
    outer loop
      vertex 5.84515 0.478354 5
      vertex 4.95722 0.652631 5
      vertex 5.79259 0.323524 5
    endloop
  endfacet
  facet normal 0 0 1
    outer loop
      vertex 5.76069 0.163157 5
      vertex 5 0 5
      vertex 5.75 0 5
    endloop
  endfacet
  facet normal 0 0 1
    outer loop
      vertex 5.79259 0.323524 5
      vertex 5 0 5
      vertex 5.76069 0.163157 5
    endloop
  endfacet
  facet normal 0 -0 1
    outer loop
      vertex 5 0 5
      vertex 5.79259 0.323524 5
      vertex 4.95722 0.652631 5
    endloop
  endfacet
  facet normal 0 0 1
    outer loop
      vertex 6.00831 0.760951 5
      vertex 4.95722 0.652631 5
      vertex 5.91747 0.625 5
    endloop
  endfacet
  facet normal 0 0 1
    outer loop
      vertex 1.20741 11.3235 5
      vertex 6.12293 14.7821 5
      vertex 4.1411 15.4548 5
    endloop
  endfacet
  facet normal 0 0 1
    outer loop
      vertex 6.375 1.08253 5
      vertex 4.6194 1.91342 5
      vertex 6.23905 0.991692 5
    endloop
  endfacet
  facet normal 0 0 1
    outer loop
      vertex 11.3137 11.3137 5
      vertex 3.53553 3.53553 5
      vertex 3.96677 3.04381 5
    endloop
  endfacet
  facet normal 0 0 1
    outer loop
      vertex 8 13.8564 5
      vertex 1.25 11 5
      vertex 1.25 7 5
    endloop
  endfacet
  facet normal 0 0 1
    outer loop
      vertex 9.74018 12.6937 5
      vertex 1.25 7 5
      vertex 3.04381 3.96677 5
    endloop
  endfacet
  facet normal 0 0 1
    outer loop
      vertex 0.883883 11.8839 5
      vertex 4.1411 15.4548 5
      vertex 2.08842 15.8631 5
    endloop
  endfacet
  facet normal 0 0 1
    outer loop
      vertex 9.74018 12.6937 5
      vertex 3.04381 3.96677 5
      vertex 3.53553 3.53553 5
    endloop
  endfacet
  facet normal 0 0 1
    outer loop
      vertex 3.04381 3.96677 5
      vertex 1.25 7 5
      vertex 2.5 4.33013 5
    endloop
  endfacet
  facet normal -0 0 1
    outer loop
      vertex 1.23931 6.83684 5
      vertex 2.5 4.33013 5
      vertex 1.25 7 5
    endloop
  endfacet
  facet normal 0 0 1
    outer loop
      vertex 6.12293 14.7821 5
      vertex 1.23931 11.1632 5
      vertex 1.25 11 5
    endloop
  endfacet
  facet normal 0 0 1
    outer loop
      vertex 6.12293 14.7821 5
      vertex 1.20741 11.3235 5
      vertex 1.23931 11.1632 5
    endloop
  endfacet
  facet normal 0 0 1
    outer loop
      vertex 4.1411 15.4548 5
      vertex 1.15485 11.4784 5
      vertex 1.20741 11.3235 5
    endloop
  endfacet
  facet normal 0 0 1
    outer loop
      vertex 4.1411 15.4548 5
      vertex 1.08253 11.625 5
      vertex 1.15485 11.4784 5
    endloop
  endfacet
  facet normal 0 0 1
    outer loop
      vertex 4.1411 15.4548 5
      vertex 0.991692 11.761 5
      vertex 1.08253 11.625 5
    endloop
  endfacet
  facet normal 0 0 1
    outer loop
      vertex 4.1411 15.4548 5
      vertex 0.883883 11.8839 5
      vertex 0.991692 11.761 5
    endloop
  endfacet
  facet normal 0 0 1
    outer loop
      vertex 2.08842 15.8631 5
      vertex 0.760951 11.9917 5
      vertex 0.883883 11.8839 5
    endloop
  endfacet
  facet normal 0 0 1
    outer loop
      vertex 2.08842 15.8631 5
      vertex 0.625 12.0825 5
      vertex 0.760951 11.9917 5
    endloop
  endfacet
  facet normal 0 0 1
    outer loop
      vertex 2.08842 15.8631 5
      vertex 0.478354 12.1548 5
      vertex 0.625 12.0825 5
    endloop
  endfacet
  facet normal 0 0 1
    outer loop
      vertex 2.08842 15.8631 5
      vertex 0.323524 12.2074 5
      vertex 0.478354 12.1548 5
    endloop
  endfacet
  facet normal 0 0 1
    outer loop
      vertex 0 16 5
      vertex 0.323524 12.2074 5
      vertex 2.08842 15.8631 5
    endloop
  endfacet
  facet normal 0 0 1
    outer loop
      vertex 0.323524 12.2074 5
      vertex 0 16 5
      vertex 0.163157 12.2393 5
    endloop
  endfacet
  facet normal 0 0 1
    outer loop
      vertex 0 16 5
      vertex 0 12.25 5
      vertex 0.163157 12.2393 5
    endloop
  endfacet
  facet normal 0 0 1
    outer loop
      vertex 0 16 5
      vertex -0.163157 12.2393 5
      vertex 0 12.25 5
    endloop
  endfacet
  facet normal 0 0 1
    outer loop
      vertex 0 16 5
      vertex -0.323524 12.2074 5
      vertex -0.163157 12.2393 5
    endloop
  endfacet
  facet normal -0 0 1
    outer loop
      vertex -2.08842 15.8631 5
      vertex -0.323524 12.2074 5
      vertex 0 16 5
    endloop
  endfacet
  facet normal 0 0 1
    outer loop
      vertex -0.323524 12.2074 5
      vertex -2.08842 15.8631 5
      vertex -0.478354 12.1548 5
    endloop
  endfacet
  facet normal 0 0 1
    outer loop
      vertex -0.478354 12.1548 5
      vertex -2.08842 15.8631 5
      vertex -0.625 12.0825 5
    endloop
  endfacet
  facet normal 0 0 1
    outer loop
      vertex -0.625 12.0825 5
      vertex -2.08842 15.8631 5
      vertex -0.760951 11.9917 5
    endloop
  endfacet
  facet normal 0 0 1
    outer loop
      vertex -0.760951 11.9917 5
      vertex -2.08842 15.8631 5
      vertex -0.883883 11.8839 5
    endloop
  endfacet
  facet normal 0 0 1
    outer loop
      vertex -0.883883 11.8839 5
      vertex -2.08842 15.8631 5
      vertex -0.991692 11.761 5
    endloop
  endfacet
  facet normal 0 0 1
    outer loop
      vertex -0.991692 11.761 5
      vertex -2.08842 15.8631 5
      vertex -1.08253 11.625 5
    endloop
  endfacet
  facet normal 0 0 1
    outer loop
      vertex -1.08253 11.625 5
      vertex -2.08842 15.8631 5
      vertex -1.15485 11.4784 5
    endloop
  endfacet
  facet normal 0 0 1
    outer loop
      vertex -3.53553 3.53553 5
      vertex -1.25 7 5
      vertex -1.25 11 5
    endloop
  endfacet
  facet normal 0 0 1
    outer loop
      vertex -1.25 7 5
      vertex -1.91342 4.6194 5
      vertex -1.2941 4.82963 5
    endloop
  endfacet
  facet normal 0 0 1
    outer loop
      vertex -11 1.25 5
      vertex -1.25 11 5
      vertex -1.23931 11.1632 5
    endloop
  endfacet
  facet normal 0 0 1
    outer loop
      vertex -1.15485 11.4784 5
      vertex -2.08842 15.8631 5
      vertex -1.20741 11.3235 5
    endloop
  endfacet
  facet normal 0 0 1
    outer loop
      vertex -2.08842 15.8631 5
      vertex -1.23931 11.1632 5
      vertex -1.20741 11.3235 5
    endloop
  endfacet
  facet normal 0 0 1
    outer loop
      vertex -11 1.25 5
      vertex -1.23931 11.1632 5
      vertex -2.08842 15.8631 5
    endloop
  endfacet
  facet normal 0 0 1
    outer loop
      vertex -1.25 7 5
      vertex -2.5 4.33013 5
      vertex -1.91342 4.6194 5
    endloop
  endfacet
  facet normal 0 0 1
    outer loop
      vertex -1.25 7 5
      vertex -3.04381 3.96677 5
      vertex -2.5 4.33013 5
    endloop
  endfacet
  facet normal 0 0 1
    outer loop
      vertex -1.25 7 5
      vertex -3.53553 3.53553 5
      vertex -3.04381 3.96677 5
    endloop
  endfacet
  facet normal 0 0 1
    outer loop
      vertex -1.25 11 5
      vertex -11 1.25 5
      vertex -3.53553 3.53553 5
    endloop
  endfacet
  facet normal 0 -0 1
    outer loop
      vertex -7 1.25 5
      vertex -3.53553 3.53553 5
      vertex -11 1.25 5
    endloop
  endfacet
  facet normal 0 0 1
    outer loop
      vertex -3.53553 3.53553 5
      vertex -7 1.25 5
      vertex -3.96677 3.04381 5
    endloop
  endfacet
  facet normal 0 -0 1
    outer loop
      vertex -6.83684 1.23931 5
      vertex -4.33013 2.5 5
      vertex -7 1.25 5
    endloop
  endfacet
  facet normal 0 0 1
    outer loop
      vertex -4.33013 2.5 5
      vertex -6.67648 1.20741 5
      vertex -4.6194 1.91342 5
    endloop
  endfacet
  facet normal -0 0 1
    outer loop
      vertex -5.79259 0.323524 5
      vertex -5 0 5
      vertex -4.95722 0.652631 5
    endloop
  endfacet
  facet normal 0 0 1
    outer loop
      vertex -4.6194 1.91342 5
      vertex -6.375 1.08253 5
      vertex -4.82963 1.2941 5
    endloop
  endfacet
  facet normal 0 0 1
    outer loop
      vertex -5 0 5
      vertex -5.76069 0.163157 5
      vertex -5.75 0 5
    endloop
  endfacet
  facet normal 0 0 1
    outer loop
      vertex -5 0 5
      vertex -5.79259 0.323524 5
      vertex -5.76069 0.163157 5
    endloop
  endfacet
  facet normal 0 0 1
    outer loop
      vertex -4.95722 0.652631 5
      vertex -5.84515 0.478354 5
      vertex -5.79259 0.323524 5
    endloop
  endfacet
  facet normal 0 0 1
    outer loop
      vertex -4.95722 0.652631 5
      vertex -5.91747 0.625 5
      vertex -5.84515 0.478354 5
    endloop
  endfacet
  facet normal 0 0 1
    outer loop
      vertex -4.95722 0.652631 5
      vertex -6.00831 0.760951 5
      vertex -5.91747 0.625 5
    endloop
  endfacet
  facet normal 0 0 1
    outer loop
      vertex -4.82963 1.2941 5
      vertex -6.00831 0.760951 5
      vertex -4.95722 0.652631 5
    endloop
  endfacet
  facet normal 0 -0 1
    outer loop
      vertex -6.00831 0.760951 5
      vertex -4.82963 1.2941 5
      vertex -6.11612 0.883883 5
    endloop
  endfacet
  facet normal 0 -0 1
    outer loop
      vertex -6.11612 0.883883 5
      vertex -4.82963 1.2941 5
      vertex -6.23905 0.991692 5
    endloop
  endfacet
  facet normal 0 -0 1
    outer loop
      vertex -6.23905 0.991692 5
      vertex -4.82963 1.2941 5
      vertex -6.375 1.08253 5
    endloop
  endfacet
  facet normal 0 -0 1
    outer loop
      vertex -6.375 1.08253 5
      vertex -4.6194 1.91342 5
      vertex -6.52165 1.15485 5
    endloop
  endfacet
  facet normal 0 -0 1
    outer loop
      vertex -6.52165 1.15485 5
      vertex -4.6194 1.91342 5
      vertex -6.67648 1.20741 5
    endloop
  endfacet
  facet normal 0 -0 1
    outer loop
      vertex -6.67648 1.20741 5
      vertex -4.33013 2.5 5
      vertex -6.83684 1.23931 5
    endloop
  endfacet
  facet normal 0 0 1
    outer loop
      vertex -3.96677 3.04381 5
      vertex -7 1.25 5
      vertex -4.33013 2.5 5
    endloop
  endfacet
  facet normal 0 0 1
    outer loop
      vertex -2.08842 15.8631 5
      vertex -11.1632 1.23931 5
      vertex -11 1.25 5
    endloop
  endfacet
  facet normal 0 0 1
    outer loop
      vertex -2.08842 15.8631 5
      vertex -11.3235 1.20741 5
      vertex -11.1632 1.23931 5
    endloop
  endfacet
  facet normal -0 0 1
    outer loop
      vertex -21.9562 3.96677 5
      vertex -11.3235 1.20741 5
      vertex -2.08842 15.8631 5
    endloop
  endfacet
  facet normal -0 -0 1
    outer loop
      vertex -21.4645 3.53552 5
      vertex -11.3235 1.20741 5
      vertex -21.9562 3.96677 5
    endloop
  endfacet
  facet normal 0 0 1
    outer loop
      vertex -11.3235 1.20741 5
      vertex -21.4645 3.53552 5
      vertex -11.4784 1.15485 5
    endloop
  endfacet
  facet normal 0 0 1
    outer loop
      vertex -11.4784 1.15485 5
      vertex -21.0332 3.04379 5
      vertex -11.625 1.08253 5
    endloop
  endfacet
  facet normal 0 0 1
    outer loop
      vertex -11.625 1.08253 5
      vertex -21.0332 3.04379 5
      vertex -11.761 0.991692 5
    endloop
  endfacet
  facet normal -0 -0 1
    outer loop
      vertex -20.6699 2.5 5
      vertex -11.761 0.991692 5
      vertex -21.0332 3.04379 5
    endloop
  endfacet
  facet normal 0 0 1
    outer loop
      vertex -12.2393 0.163157 5
      vertex -20 0 5
      vertex -12.25 0 5
    endloop
  endfacet
  facet normal 0 0 1
    outer loop
      vertex -20.0428 0.652618 5
      vertex -12.2393 0.163157 5
      vertex -12.2074 0.323524 5
    endloop
  endfacet
  facet normal 0 0 1
    outer loop
      vertex -20.0428 0.652618 5
      vertex -12.2074 0.323524 5
      vertex -12.1548 0.478354 5
    endloop
  endfacet
  facet normal 0 0 1
    outer loop
      vertex -20.1704 1.29408 5
      vertex -12.1548 0.478354 5
      vertex -12.0825 0.625 5
    endloop
  endfacet
  facet normal 0 0 1
    outer loop
      vertex -11.761 0.991692 5
      vertex -20.6699 2.5 5
      vertex -11.8839 0.883883 5
    endloop
  endfacet
  facet normal 0 0 1
    outer loop
      vertex -12.2393 0.163157 5
      vertex -20.0428 0.652618 5
      vertex -20 0 5
    endloop
  endfacet
  facet normal 0 0 1
    outer loop
      vertex -12.1548 0.478354 5
      vertex -20.1704 1.29408 5
      vertex -20.0428 0.652618 5
    endloop
  endfacet
  facet normal 0 0 1
    outer loop
      vertex -12.0825 0.625 5
      vertex -20.3806 1.91341 5
      vertex -20.1704 1.29408 5
    endloop
  endfacet
  facet normal 0 0 1
    outer loop
      vertex -11.9917 0.760951 5
      vertex -20.3806 1.91341 5
      vertex -12.0825 0.625 5
    endloop
  endfacet
  facet normal 0 0 1
    outer loop
      vertex -11.8839 0.883883 5
      vertex -20.3806 1.91341 5
      vertex -11.9917 0.760951 5
    endloop
  endfacet
  facet normal -0 -0 1
    outer loop
      vertex -20.3806 1.91341 5
      vertex -11.8839 0.883883 5
      vertex -20.6699 2.5 5
    endloop
  endfacet
  facet normal -0 -0 1
    outer loop
      vertex -21.0332 3.04379 5
      vertex -11.4784 1.15485 5
      vertex -21.4645 3.53552 5
    endloop
  endfacet
  facet normal 0 0 1
    outer loop
      vertex -2.08842 15.8631 5
      vertex -22.5 4.33012 5
      vertex -21.9562 3.96677 5
    endloop
  endfacet
  facet normal 0 0 1
    outer loop
      vertex -2.08842 15.8631 5
      vertex -23.0866 4.61938 5
      vertex -22.5 4.33012 5
    endloop
  endfacet
  facet normal 0 0 1
    outer loop
      vertex -2.08842 15.8631 5
      vertex -23.7059 4.82962 5
      vertex -23.0866 4.61938 5
    endloop
  endfacet
  facet normal 0 0 1
    outer loop
      vertex -2.08842 15.8631 5
      vertex -24.3474 4.95721 5
      vertex -23.7059 4.82962 5
    endloop
  endfacet
  facet normal 0 0 1
    outer loop
      vertex -2.08842 15.8631 5
      vertex -25 5 5
      vertex -24.3474 4.95721 5
    endloop
  endfacet
  facet normal 0 0 1
    outer loop
      vertex -2.08842 15.8631 5
      vertex -40 5 5
      vertex -25 5 5
    endloop
  endfacet
  facet normal -0 0 1
    outer loop
      vertex -57.3303 8.61679 5
      vertex -40 5 5
      vertex -2.08842 15.8631 5
    endloop
  endfacet
  facet normal -0 -0 1
    outer loop
      vertex -57.125 8.51554 5
      vertex -40 5 5
      vertex -57.3303 8.61679 5
    endloop
  endfacet
  facet normal -0 0 1
    outer loop
      vertex -56.3832 6.3303 5
      vertex -44.6194 1.91341 5
      vertex -56.3096 6.54707 5
    endloop
  endfacet
  facet normal 0 0 1
    outer loop
      vertex -44.3301 2.5 5
      vertex -56.3096 6.54707 5
      vertex -44.6194 1.91341 5
    endloop
  endfacet
  facet normal -0 0 1
    outer loop
      vertex -56.3096 6.54707 5
      vertex -44.3301 2.5 5
      vertex -56.265 6.77158 5
    endloop
  endfacet
  facet normal -0 0 1
    outer loop
      vertex -56.265 6.77158 5
      vertex -44.3301 2.5 5
      vertex -56.25 7 5
    endloop
  endfacet
  facet normal 0 0 1
    outer loop
      vertex -43.9668 3.04379 5
      vertex -56.25 7 5
      vertex -44.3301 2.5 5
    endloop
  endfacet
  facet normal 0 0 1
    outer loop
      vertex -56.265 7.22842 5
      vertex -43.9668 3.04379 5
      vertex -43.5355 3.53552 5
    endloop
  endfacet
  facet normal 0 0 1
    outer loop
      vertex -56.3096 7.45293 5
      vertex -43.5355 3.53552 5
      vertex -43.0438 3.96677 5
    endloop
  endfacet
  facet normal 0 0 1
    outer loop
      vertex -56.3832 7.6697 5
      vertex -43.0438 3.96677 5
      vertex -42.5 4.33012 5
    endloop
  endfacet
  facet normal 0 0 1
    outer loop
      vertex -56.6116 8.06533 5
      vertex -42.5 4.33012 5
      vertex -41.9134 4.61938 5
    endloop
  endfacet
  facet normal 0 0 1
    outer loop
      vertex -56.7626 8.23744 5
      vertex -41.9134 4.61938 5
      vertex -41.2941 4.82962 5
    endloop
  endfacet
  facet normal 0 0 1
    outer loop
      vertex -40 5 5
      vertex -57.125 8.51554 5
      vertex -40.6526 4.95721 5
    endloop
  endfacet
  facet normal 0 0 1
    outer loop
      vertex -43.9668 3.04379 5
      vertex -56.265 7.22842 5
      vertex -56.25 7 5
    endloop
  endfacet
  facet normal 0 0 1
    outer loop
      vertex -43.5355 3.53552 5
      vertex -56.3096 7.45293 5
      vertex -56.265 7.22842 5
    endloop
  endfacet
  facet normal 0 0 1
    outer loop
      vertex -43.0438 3.96677 5
      vertex -56.3832 7.6697 5
      vertex -56.3096 7.45293 5
    endloop
  endfacet
  facet normal 0 0 1
    outer loop
      vertex -42.5 4.33012 5
      vertex -56.4845 7.875 5
      vertex -56.3832 7.6697 5
    endloop
  endfacet
  facet normal 0 0 1
    outer loop
      vertex -42.5 4.33012 5
      vertex -56.6116 8.06533 5
      vertex -56.4845 7.875 5
    endloop
  endfacet
  facet normal 0 0 1
    outer loop
      vertex -41.9134 4.61938 5
      vertex -56.7626 8.23744 5
      vertex -56.6116 8.06533 5
    endloop
  endfacet
  facet normal 0 0 1
    outer loop
      vertex -41.2941 4.82962 5
      vertex -56.9347 8.38837 5
      vertex -56.7626 8.23744 5
    endloop
  endfacet
  facet normal 0 0 1
    outer loop
      vertex -40.6526 4.95721 5
      vertex -56.9347 8.38837 5
      vertex -41.2941 4.82962 5
    endloop
  endfacet
  facet normal -0 -0 1
    outer loop
      vertex -56.9347 8.38837 5
      vertex -40.6526 4.95721 5
      vertex -57.125 8.51554 5
    endloop
  endfacet
  facet normal 0 0 1
    outer loop
      vertex -2.08842 15.8631 5
      vertex -57.5471 8.69037 5
      vertex -57.3303 8.61679 5
    endloop
  endfacet
  facet normal 0 0 1
    outer loop
      vertex -2.08842 15.8631 5
      vertex -57.7716 8.73503 5
      vertex -57.5471 8.69037 5
    endloop
  endfacet
  facet normal 0 0 1
    outer loop
      vertex -2.08842 15.8631 5
      vertex -58 8.75 5
      vertex -57.7716 8.73503 5
    endloop
  endfacet
  facet normal -0 0 1
    outer loop
      vertex -80 9 5
      vertex -58 8.75 5
      vertex -2.08842 15.8631 5
    endloop
  endfacet
  facet normal -0 0 1
    outer loop
      vertex -74.265 -4.22842 5
      vertex -59.6904 -6.54707 5
      vertex -74.25 -4 5
    endloop
  endfacet
  facet normal 0 0 1
    outer loop
      vertex -74.3832 4.6697 5
      vertex -59.75 7 5
      vertex -59.735 7.22842 5
    endloop
  endfacet
  facet normal 0 0 1
    outer loop
      vertex -74.4845 4.875 5
      vertex -59.735 7.22842 5
      vertex -59.6904 7.45293 5
    endloop
  endfacet
  facet normal 0 0 1
    outer loop
      vertex -74.6116 5.06533 5
      vertex -59.6904 7.45293 5
      vertex -59.6168 7.6697 5
    endloop
  endfacet
  facet normal 0 0 1
    outer loop
      vertex -74.7626 5.23744 5
      vertex -59.6168 7.6697 5
      vertex -59.5155 7.875 5
    endloop
  endfacet
  facet normal 0 0 1
    outer loop
      vertex -74.9347 5.38837 5
      vertex -59.5155 7.875 5
      vertex -59.3884 8.06533 5
    endloop
  endfacet
  facet normal 0 0 1
    outer loop
      vertex -75.125 5.51554 5
      vertex -59.3884 8.06533 5
      vertex -59.2374 8.23744 5
    endloop
  endfacet
  facet normal 0 0 1
    outer loop
      vertex -80 9 5
      vertex -59.2374 8.23744 5
      vertex -59.0653 8.38837 5
    endloop
  endfacet
  facet normal 0 0 1
    outer loop
      vertex -80 9 5
      vertex -59.0653 8.38837 5
      vertex -58.875 8.51554 5
    endloop
  endfacet
  facet normal 0 0 1
    outer loop
      vertex -80 9 5
      vertex -58.875 8.51554 5
      vertex -58.6697 8.61679 5
    endloop
  endfacet
  facet normal 0 0 1
    outer loop
      vertex -80 9 5
      vertex -58.6697 8.61679 5
      vertex -58.4529 8.69037 5
    endloop
  endfacet
  facet normal 0 0 1
    outer loop
      vertex -59.6904 6.54707 5
      vertex -74.265 4.22842 5
      vertex -74.25 4 5
    endloop
  endfacet
  facet normal 0 0 1
    outer loop
      vertex -59.735 6.77158 5
      vertex -74.3096 4.45293 5
      vertex -74.265 4.22842 5
    endloop
  endfacet
  facet normal 0 0 1
    outer loop
      vertex -59.75 7 5
      vertex -74.3832 4.6697 5
      vertex -74.3096 4.45293 5
    endloop
  endfacet
  facet normal 0 0 1
    outer loop
      vertex -59.735 7.22842 5
      vertex -74.4845 4.875 5
      vertex -74.3832 4.6697 5
    endloop
  endfacet
  facet normal 0 0 1
    outer loop
      vertex -59.6904 7.45293 5
      vertex -74.6116 5.06533 5
      vertex -74.4845 4.875 5
    endloop
  endfacet
  facet normal 0 0 1
    outer loop
      vertex -59.6168 7.6697 5
      vertex -74.7626 5.23744 5
      vertex -74.6116 5.06533 5
    endloop
  endfacet
  facet normal 0 0 1
    outer loop
      vertex -59.5155 7.875 5
      vertex -74.9347 5.38837 5
      vertex -74.7626 5.23744 5
    endloop
  endfacet
  facet normal 0 0 1
    outer loop
      vertex -59.3884 8.06533 5
      vertex -75.125 5.51554 5
      vertex -74.9347 5.38837 5
    endloop
  endfacet
  facet normal 0 0 1
    outer loop
      vertex -80 9 5
      vertex -58.4529 8.69037 5
      vertex -58.2284 8.73503 5
    endloop
  endfacet
  facet normal 0 0 1
    outer loop
      vertex -59.2374 8.23744 5
      vertex -75.3303 5.61679 5
      vertex -75.125 5.51554 5
    endloop
  endfacet
  facet normal 0 0 1
    outer loop
      vertex -59.2374 8.23744 5
      vertex -80 9 5
      vertex -75.3303 5.61679 5
    endloop
  endfacet
  facet normal 0 0 1
    outer loop
      vertex -75.3303 5.61679 5
      vertex -80 9 5
      vertex -75.5471 5.69037 5
    endloop
  endfacet
  facet normal 0 0 1
    outer loop
      vertex -75.5471 5.69037 5
      vertex -80 9 5
      vertex -75.7716 5.73503 5
    endloop
  endfacet
  facet normal 0 0 1
    outer loop
      vertex -75.7716 5.73503 5
      vertex -80 9 5
      vertex -76 5.75 5
    endloop
  endfacet
  facet normal 0 0 1
    outer loop
      vertex -77.6904 -3.54707 5
      vertex -80 -9 5
      vertex -77.735 -3.77158 5
    endloop
  endfacet
  facet normal 0 0 1
    outer loop
      vertex -77.735 4.22842 5
      vertex -80 9 5
      vertex -77.75 4 5
    endloop
  endfacet
  facet normal 0 0 1
    outer loop
      vertex -77.6904 4.45293 5
      vertex -80 9 5
      vertex -77.735 4.22842 5
    endloop
  endfacet
  facet normal 0 0 1
    outer loop
      vertex -77.6168 4.6697 5
      vertex -80 9 5
      vertex -77.6904 4.45293 5
    endloop
  endfacet
  facet normal 0 0 1
    outer loop
      vertex -77.5155 4.875 5
      vertex -80 9 5
      vertex -77.6168 4.6697 5
    endloop
  endfacet
  facet normal 0 0 1
    outer loop
      vertex -77.3884 5.06533 5
      vertex -80 9 5
      vertex -77.5155 4.875 5
    endloop
  endfacet
  facet normal 0 0 1
    outer loop
      vertex -77.2374 5.23744 5
      vertex -80 9 5
      vertex -77.3884 5.06533 5
    endloop
  endfacet
  facet normal 0 0 1
    outer loop
      vertex -77.0653 5.38837 5
      vertex -80 9 5
      vertex -77.2374 5.23744 5
    endloop
  endfacet
  facet normal 0 0 1
    outer loop
      vertex -76.875 5.51554 5
      vertex -80 9 5
      vertex -77.0653 5.38837 5
    endloop
  endfacet
  facet normal 0 0 1
    outer loop
      vertex -76.6697 5.61679 5
      vertex -80 9 5
      vertex -76.875 5.51554 5
    endloop
  endfacet
  facet normal 0 0 1
    outer loop
      vertex -76.4529 5.69037 5
      vertex -80 9 5
      vertex -76.6697 5.61679 5
    endloop
  endfacet
  facet normal 0 0 1
    outer loop
      vertex -76.2284 5.73503 5
      vertex -80 9 5
      vertex -76.4529 5.69037 5
    endloop
  endfacet
  facet normal 0 0 1
    outer loop
      vertex -76 5.75 5
      vertex -80 9 5
      vertex -76.2284 5.73503 5
    endloop
  endfacet
  facet normal 0 0 1
    outer loop
      vertex -58 8.75 5
      vertex -80 9 5
      vertex -58.2284 8.73503 5
    endloop
  endfacet
  facet normal -0 0 1
    outer loop
      vertex 11.9917 -0.760951 5
      vertex 15.8631 -2.08842 5
      vertex 12.0825 -0.625 5
    endloop
  endfacet
  facet normal -0 0 1
    outer loop
      vertex 11.8839 -0.883883 5
      vertex 15.8631 -2.08842 5
      vertex 11.9917 -0.760951 5
    endloop
  endfacet
  facet normal 0 0 1
    outer loop
      vertex 15.8631 -2.08842 5
      vertex 11.8839 -0.883883 5
      vertex 15.4548 -4.1411 5
    endloop
  endfacet
  facet normal -0 0 1
    outer loop
      vertex 11.761 -0.991692 5
      vertex 15.4548 -4.1411 5
      vertex 11.8839 -0.883883 5
    endloop
  endfacet
  facet normal -0 0 1
    outer loop
      vertex 11.625 -1.08253 5
      vertex 15.4548 -4.1411 5
      vertex 11.761 -0.991692 5
    endloop
  endfacet
  facet normal -0 0 1
    outer loop
      vertex 11.4784 -1.15485 5
      vertex 15.4548 -4.1411 5
      vertex 11.625 -1.08253 5
    endloop
  endfacet
  facet normal -0 0 1
    outer loop
      vertex 11.3235 -1.20741 5
      vertex 15.4548 -4.1411 5
      vertex 11.4784 -1.15485 5
    endloop
  endfacet
  facet normal 0 0 1
    outer loop
      vertex 15.4548 -4.1411 5
      vertex 11.3235 -1.20741 5
      vertex 14.7821 -6.12293 5
    endloop
  endfacet
  facet normal -0 0 1
    outer loop
      vertex 11.1632 -1.23931 5
      vertex 14.7821 -6.12293 5
      vertex 11.3235 -1.20741 5
    endloop
  endfacet
  facet normal -0 0 1
    outer loop
      vertex 11 -1.25 5
      vertex 14.7821 -6.12293 5
      vertex 11.1632 -1.23931 5
    endloop
  endfacet
  facet normal 0 0 1
    outer loop
      vertex 14.7821 -6.12293 5
      vertex 11 -1.25 5
      vertex 13.8564 -8 5
    endloop
  endfacet
  facet normal 0 0 1
    outer loop
      vertex 13.8564 -8 5
      vertex 11 -1.25 5
      vertex 12.6937 -9.74018 5
    endloop
  endfacet
  facet normal -0 0 1
    outer loop
      vertex 7 -1.25 5
      vertex 12.6937 -9.74018 5
      vertex 11 -1.25 5
    endloop
  endfacet
  facet normal -0 0 1
    outer loop
      vertex 3.96677 -3.04381 5
      vertex 12.6937 -9.74018 5
      vertex 7 -1.25 5
    endloop
  endfacet
  facet normal 0 0 1
    outer loop
      vertex 12.6937 -9.74018 5
      vertex 3.96677 -3.04381 5
      vertex 11.3137 -11.3137 5
    endloop
  endfacet
  facet normal -0 0 1
    outer loop
      vertex 3.53553 -3.53553 5
      vertex 11.3137 -11.3137 5
      vertex 3.96677 -3.04381 5
    endloop
  endfacet
  facet normal 0 0 1
    outer loop
      vertex 4.33013 -2.5 5
      vertex 7 -1.25 5
      vertex 6.83684 -1.23931 5
    endloop
  endfacet
  facet normal 0 0 1
    outer loop
      vertex 4.33013 -2.5 5
      vertex 6.83684 -1.23931 5
      vertex 6.67648 -1.20741 5
    endloop
  endfacet
  facet normal 0 0 1
    outer loop
      vertex 4.6194 -1.91342 5
      vertex 6.67648 -1.20741 5
      vertex 6.52165 -1.15485 5
    endloop
  endfacet
  facet normal 0 0 1
    outer loop
      vertex 4.6194 -1.91342 5
      vertex 6.52165 -1.15485 5
      vertex 6.375 -1.08253 5
    endloop
  endfacet
  facet normal 0 0 1
    outer loop
      vertex 4.6194 -1.91342 5
      vertex 6.375 -1.08253 5
      vertex 6.23905 -0.991692 5
    endloop
  endfacet
  facet normal 0 0 1
    outer loop
      vertex 11.3137 -11.3137 5
      vertex 3.53553 -3.53553 5
      vertex 9.74018 -12.6937 5
    endloop
  endfacet
  facet normal 0 0 1
    outer loop
      vertex 4.82963 -1.2941 5
      vertex 6.23905 -0.991692 5
      vertex 6.11612 -0.883883 5
    endloop
  endfacet
  facet normal 0 0 1
    outer loop
      vertex 4.82963 -1.2941 5
      vertex 6.11612 -0.883883 5
      vertex 6.00831 -0.760951 5
    endloop
  endfacet
  facet normal -0 0 1
    outer loop
      vertex 4.95722 -0.652631 5
      vertex 6.00831 -0.760951 5
      vertex 5.91747 -0.625 5
    endloop
  endfacet
  facet normal 0 0 1
    outer loop
      vertex 4.95722 -0.652631 5
      vertex 5.91747 -0.625 5
      vertex 5.84515 -0.478354 5
    endloop
  endfacet
  facet normal 0 0 1
    outer loop
      vertex 4.95722 -0.652631 5
      vertex 5.84515 -0.478354 5
      vertex 5.79259 -0.323524 5
    endloop
  endfacet
  facet normal 0 0 1
    outer loop
      vertex 5 0 5
      vertex 5.79259 -0.323524 5
      vertex 5.76069 -0.163157 5
    endloop
  endfacet
  facet normal -0 0 1
    outer loop
      vertex 5 0 5
      vertex 5.76069 -0.163157 5
      vertex 5.75 0 5
    endloop
  endfacet
  facet normal 0 0 1
    outer loop
      vertex 5.79259 -0.323524 5
      vertex 5 0 5
      vertex 4.95722 -0.652631 5
    endloop
  endfacet
  facet normal 0 0 1
    outer loop
      vertex 6.00831 -0.760951 5
      vertex 4.95722 -0.652631 5
      vertex 4.82963 -1.2941 5
    endloop
  endfacet
  facet normal 0 0 1
    outer loop
      vertex 6.23905 -0.991692 5
      vertex 4.82963 -1.2941 5
      vertex 4.6194 -1.91342 5
    endloop
  endfacet
  facet normal 0 0 1
    outer loop
      vertex 6.67648 -1.20741 5
      vertex 4.6194 -1.91342 5
      vertex 4.33013 -2.5 5
    endloop
  endfacet
  facet normal 0 0 1
    outer loop
      vertex 7 -1.25 5
      vertex 4.33013 -2.5 5
      vertex 3.96677 -3.04381 5
    endloop
  endfacet
  facet normal -0 0 1
    outer loop
      vertex 3.04381 -3.96677 5
      vertex 9.74018 -12.6937 5
      vertex 3.53553 -3.53553 5
    endloop
  endfacet
  facet normal -0 0 1
    outer loop
      vertex 1.25 -7 5
      vertex 9.74018 -12.6937 5
      vertex 3.04381 -3.96677 5
    endloop
  endfacet
  facet normal 0 0 1
    outer loop
      vertex 9.74018 -12.6937 5
      vertex 1.25 -7 5
      vertex 8 -13.8564 5
    endloop
  endfacet
  facet normal -0 0 1
    outer loop
      vertex 1.25 -11 5
      vertex 8 -13.8564 5
      vertex 1.25 -7 5
    endloop
  endfacet
  facet normal 0 0 1
    outer loop
      vertex 1.25 -7 5
      vertex 3.04381 -3.96677 5
      vertex 2.5 -4.33013 5
    endloop
  endfacet
  facet normal -0 0 1
    outer loop
      vertex 1.23931 -11.1632 5
      vertex 6.12293 -14.7821 5
      vertex 1.25 -11 5
    endloop
  endfacet
  facet normal 0 0 1
    outer loop
      vertex 1.23931 -6.83684 5
      vertex 2.5 -4.33013 5
      vertex 1.91342 -4.6194 5
    endloop
  endfacet
  facet normal 0 0 1
    outer loop
      vertex 1.08253 -6.375 5
      vertex 1.91342 -4.6194 5
      vertex 1.2941 -4.82963 5
    endloop
  endfacet
  facet normal 0 0 1
    outer loop
      vertex 8 -13.8564 5
      vertex 1.25 -11 5
      vertex 6.12293 -14.7821 5
    endloop
  endfacet
  facet normal -0 0 1
    outer loop
      vertex 1.20741 -11.3235 5
      vertex 6.12293 -14.7821 5
      vertex 1.23931 -11.1632 5
    endloop
  endfacet
  facet normal 0 0 1
    outer loop
      vertex 6.12293 -14.7821 5
      vertex 1.20741 -11.3235 5
      vertex 4.1411 -15.4548 5
    endloop
  endfacet
  facet normal -0 0 1
    outer loop
      vertex 1.15485 -11.4784 5
      vertex 4.1411 -15.4548 5
      vertex 1.20741 -11.3235 5
    endloop
  endfacet
  facet normal -0 0 1
    outer loop
      vertex 1.08253 -11.625 5
      vertex 4.1411 -15.4548 5
      vertex 1.15485 -11.4784 5
    endloop
  endfacet
  facet normal -0 0 1
    outer loop
      vertex 0.991692 -11.761 5
      vertex 4.1411 -15.4548 5
      vertex 1.08253 -11.625 5
    endloop
  endfacet
  facet normal -0 0 1
    outer loop
      vertex 0.883883 -11.8839 5
      vertex 4.1411 -15.4548 5
      vertex 0.991692 -11.761 5
    endloop
  endfacet
  facet normal 0 0 1
    outer loop
      vertex 4.1411 -15.4548 5
      vertex 0.883883 -11.8839 5
      vertex 2.08842 -15.8631 5
    endloop
  endfacet
  facet normal -0 0 1
    outer loop
      vertex 0.760951 -11.9917 5
      vertex 2.08842 -15.8631 5
      vertex 0.883883 -11.8839 5
    endloop
  endfacet
  facet normal -0 0 1
    outer loop
      vertex 0.625 -12.0825 5
      vertex 2.08842 -15.8631 5
      vertex 0.760951 -11.9917 5
    endloop
  endfacet
  facet normal -0 0 1
    outer loop
      vertex 0.478354 -12.1548 5
      vertex 2.08842 -15.8631 5
      vertex 0.625 -12.0825 5
    endloop
  endfacet
  facet normal -0 0 1
    outer loop
      vertex 0.323524 -12.2074 5
      vertex 2.08842 -15.8631 5
      vertex 0.478354 -12.1548 5
    endloop
  endfacet
  facet normal 0 0 1
    outer loop
      vertex 0 -16 5
      vertex 0.323524 -12.2074 5
      vertex 0.163157 -12.2393 5
    endloop
  endfacet
  facet normal 0 0 1
    outer loop
      vertex 0 -16 5
      vertex 0.163157 -12.2393 5
      vertex 0 -12.25 5
    endloop
  endfacet
  facet normal 0 0 1
    outer loop
      vertex 0.323524 -12.2074 5
      vertex 0 -16 5
      vertex 2.08842 -15.8631 5
    endloop
  endfacet
  facet normal 0 0 1
    outer loop
      vertex -0.163157 -12.2393 5
      vertex 0 -16 5
      vertex 0 -12.25 5
    endloop
  endfacet
  facet normal 0 0 1
    outer loop
      vertex -0.323524 -12.2074 5
      vertex 0 -16 5
      vertex -0.163157 -12.2393 5
    endloop
  endfacet
  facet normal 0 0 1
    outer loop
      vertex -2.08842 -15.8631 5
      vertex -0.323524 -12.2074 5
      vertex -0.478354 -12.1548 5
    endloop
  endfacet
  facet normal 0 0 1
    outer loop
      vertex -2.08842 -15.8631 5
      vertex -0.478354 -12.1548 5
      vertex -0.625 -12.0825 5
    endloop
  endfacet
  facet normal 0 0 1
    outer loop
      vertex -2.08842 -15.8631 5
      vertex -0.625 -12.0825 5
      vertex -0.760951 -11.9917 5
    endloop
  endfacet
  facet normal 0 0 1
    outer loop
      vertex -2.08842 -15.8631 5
      vertex -0.760951 -11.9917 5
      vertex -0.883883 -11.8839 5
    endloop
  endfacet
  facet normal 0 0 1
    outer loop
      vertex -2.08842 -15.8631 5
      vertex -0.883883 -11.8839 5
      vertex -0.991692 -11.761 5
    endloop
  endfacet
  facet normal 0 0 1
    outer loop
      vertex -2.08842 -15.8631 5
      vertex -0.991692 -11.761 5
      vertex -1.08253 -11.625 5
    endloop
  endfacet
  facet normal 0 0 1
    outer loop
      vertex -2.08842 -15.8631 5
      vertex -1.08253 -11.625 5
      vertex -1.15485 -11.4784 5
    endloop
  endfacet
  facet normal 0 0 1
    outer loop
      vertex -2.08842 -15.8631 5
      vertex -1.15485 -11.4784 5
      vertex -1.20741 -11.3235 5
    endloop
  endfacet
  facet normal 0 0 1
    outer loop
      vertex -1.23931 -6.83684 5
      vertex -2.5 -4.33013 5
      vertex -1.25 -7 5
    endloop
  endfacet
  facet normal 0 0 1
    outer loop
      vertex -3.04381 -3.96677 5
      vertex -1.25 -7 5
      vertex -2.5 -4.33013 5
    endloop
  endfacet
  facet normal 0 0 1
    outer loop
      vertex -0.323524 -12.2074 5
      vertex -2.08842 -15.8631 5
      vertex 0 -16 5
    endloop
  endfacet
  facet normal 0 0 1
    outer loop
      vertex -1.23931 -11.1632 5
      vertex -2.08842 -15.8631 5
      vertex -1.20741 -11.3235 5
    endloop
  endfacet
  facet normal 0 0 1
    outer loop
      vertex -3.53553 -3.53553 5
      vertex -1.25 -7 5
      vertex -3.04381 -3.96677 5
    endloop
  endfacet
  facet normal 0 0 1
    outer loop
      vertex -1.25 -7 5
      vertex -3.53553 -3.53553 5
      vertex -1.25 -11 5
    endloop
  endfacet
  facet normal 0 0 1
    outer loop
      vertex -11 -1.25 5
      vertex -1.25 -11 5
      vertex -3.53553 -3.53553 5
    endloop
  endfacet
  facet normal 0 0 1
    outer loop
      vertex -1.25 -11 5
      vertex -11 -1.25 5
      vertex -1.23931 -11.1632 5
    endloop
  endfacet
  facet normal 0 0 1
    outer loop
      vertex -7 -1.25 5
      vertex -3.53553 -3.53553 5
      vertex -3.96677 -3.04381 5
    endloop
  endfacet
  facet normal 0 0 1
    outer loop
      vertex -7 -1.25 5
      vertex -3.96677 -3.04381 5
      vertex -4.33013 -2.5 5
    endloop
  endfacet
  facet normal 0 0 1
    outer loop
      vertex -6.67648 -1.20741 5
      vertex -4.33013 -2.5 5
      vertex -4.6194 -1.91342 5
    endloop
  endfacet
  facet normal 0 0 1
    outer loop
      vertex -6.375 -1.08253 5
      vertex -4.6194 -1.91342 5
      vertex -4.82963 -1.2941 5
    endloop
  endfacet
  facet normal -0 0 1
    outer loop
      vertex -6.00831 -0.760951 5
      vertex -4.82963 -1.2941 5
      vertex -4.95722 -0.652631 5
    endloop
  endfacet
  facet normal 0 0 1
    outer loop
      vertex -5.76069 -0.163157 5
      vertex -5 0 5
      vertex -5.75 0 5
    endloop
  endfacet
  facet normal 0 0 1
    outer loop
      vertex -5.79259 -0.323524 5
      vertex -5 0 5
      vertex -5.76069 -0.163157 5
    endloop
  endfacet
  facet normal 0 0 1
    outer loop
      vertex -5 0 5
      vertex -5.79259 -0.323524 5
      vertex -4.95722 -0.652631 5
    endloop
  endfacet
  facet normal -0 0 1
    outer loop
      vertex -5.84515 -0.478354 5
      vertex -4.95722 -0.652631 5
      vertex -5.79259 -0.323524 5
    endloop
  endfacet
  facet normal -0 0 1
    outer loop
      vertex -5.91747 -0.625 5
      vertex -4.95722 -0.652631 5
      vertex -5.84515 -0.478354 5
    endloop
  endfacet
  facet normal 0 0 1
    outer loop
      vertex -6.00831 -0.760951 5
      vertex -4.95722 -0.652631 5
      vertex -5.91747 -0.625 5
    endloop
  endfacet
  facet normal 0 0 1
    outer loop
      vertex -4.82963 -1.2941 5
      vertex -6.00831 -0.760951 5
      vertex -6.11612 -0.883883 5
    endloop
  endfacet
  facet normal 0 0 1
    outer loop
      vertex -4.82963 -1.2941 5
      vertex -6.11612 -0.883883 5
      vertex -6.23905 -0.991692 5
    endloop
  endfacet
  facet normal 0 0 1
    outer loop
      vertex -4.82963 -1.2941 5
      vertex -6.23905 -0.991692 5
      vertex -6.375 -1.08253 5
    endloop
  endfacet
  facet normal 0 0 1
    outer loop
      vertex -4.6194 -1.91342 5
      vertex -6.375 -1.08253 5
      vertex -6.52165 -1.15485 5
    endloop
  endfacet
  facet normal 0 0 1
    outer loop
      vertex -4.6194 -1.91342 5
      vertex -6.52165 -1.15485 5
      vertex -6.67648 -1.20741 5
    endloop
  endfacet
  facet normal 0 0 1
    outer loop
      vertex -4.33013 -2.5 5
      vertex -6.67648 -1.20741 5
      vertex -6.83684 -1.23931 5
    endloop
  endfacet
  facet normal 0 0 1
    outer loop
      vertex -4.33013 -2.5 5
      vertex -6.83684 -1.23931 5
      vertex -7 -1.25 5
    endloop
  endfacet
  facet normal 0 0 1
    outer loop
      vertex -3.53553 -3.53553 5
      vertex -7 -1.25 5
      vertex -11 -1.25 5
    endloop
  endfacet
  facet normal 0 0 1
    outer loop
      vertex -1.23931 -11.1632 5
      vertex -11 -1.25 5
      vertex -2.08842 -15.8631 5
    endloop
  endfacet
  facet normal 0 0 1
    outer loop
      vertex -11.1632 -1.23931 5
      vertex -2.08842 -15.8631 5
      vertex -11 -1.25 5
    endloop
  endfacet
  facet normal 0 0 1
    outer loop
      vertex -11.3235 -1.20741 5
      vertex -2.08842 -15.8631 5
      vertex -11.1632 -1.23931 5
    endloop
  endfacet
  facet normal 0 0 1
    outer loop
      vertex -21.4645 -3.53552 5
      vertex -11.3235 -1.20741 5
      vertex -11.4784 -1.15485 5
    endloop
  endfacet
  facet normal 0 0 1
    outer loop
      vertex -21.0332 -3.04379 5
      vertex -11.4784 -1.15485 5
      vertex -11.625 -1.08253 5
    endloop
  endfacet
  facet normal 0 0 1
    outer loop
      vertex -21.0332 -3.04379 5
      vertex -11.625 -1.08253 5
      vertex -11.761 -0.991692 5
    endloop
  endfacet
  facet normal 0 0 1
    outer loop
      vertex -20.6699 -2.5 5
      vertex -11.761 -0.991692 5
      vertex -11.8839 -0.883883 5
    endloop
  endfacet
  facet normal 0 0 1
    outer loop
      vertex -20.3806 -1.91341 5
      vertex -11.8839 -0.883883 5
      vertex -11.9917 -0.760951 5
    endloop
  endfacet
  facet normal 0 0 1
    outer loop
      vertex -20.3806 -1.91341 5
      vertex -11.9917 -0.760951 5
      vertex -12.0825 -0.625 5
    endloop
  endfacet
  facet normal -0 0 1
    outer loop
      vertex -20 0 5
      vertex -12.2393 -0.163157 5
      vertex -12.25 0 5
    endloop
  endfacet
  facet normal 0 0 1
    outer loop
      vertex -20.0428 -0.652618 5
      vertex -12.2393 -0.163157 5
      vertex -20 0 5
    endloop
  endfacet
  facet normal 0 0 1
    outer loop
      vertex -12.2393 -0.163157 5
      vertex -20.0428 -0.652618 5
      vertex -12.2074 -0.323524 5
    endloop
  endfacet
  facet normal 0 0 1
    outer loop
      vertex -12.2074 -0.323524 5
      vertex -20.0428 -0.652618 5
      vertex -12.1548 -0.478354 5
    endloop
  endfacet
  facet normal 0 0 1
    outer loop
      vertex -20.1704 -1.29408 5
      vertex -12.1548 -0.478354 5
      vertex -20.0428 -0.652618 5
    endloop
  endfacet
  facet normal 0 0 1
    outer loop
      vertex -12.1548 -0.478354 5
      vertex -20.1704 -1.29408 5
      vertex -12.0825 -0.625 5
    endloop
  endfacet
  facet normal 0 0 1
    outer loop
      vertex -20.3806 -1.91341 5
      vertex -12.0825 -0.625 5
      vertex -20.1704 -1.29408 5
    endloop
  endfacet
  facet normal 0 0 1
    outer loop
      vertex -11.8839 -0.883883 5
      vertex -20.3806 -1.91341 5
      vertex -20.6699 -2.5 5
    endloop
  endfacet
  facet normal 0 0 1
    outer loop
      vertex -11.761 -0.991692 5
      vertex -20.6699 -2.5 5
      vertex -21.0332 -3.04379 5
    endloop
  endfacet
  facet normal 0 0 1
    outer loop
      vertex -11.4784 -1.15485 5
      vertex -21.0332 -3.04379 5
      vertex -21.4645 -3.53552 5
    endloop
  endfacet
  facet normal 0 0 1
    outer loop
      vertex -11.3235 -1.20741 5
      vertex -21.4645 -3.53552 5
      vertex -21.9562 -3.96677 5
    endloop
  endfacet
  facet normal 0 0 1
    outer loop
      vertex -11.3235 -1.20741 5
      vertex -21.9562 -3.96677 5
      vertex -2.08842 -15.8631 5
    endloop
  endfacet
  facet normal -0 0 1
    outer loop
      vertex -22.5 -4.33012 5
      vertex -2.08842 -15.8631 5
      vertex -21.9562 -3.96677 5
    endloop
  endfacet
  facet normal -0 0 1
    outer loop
      vertex -23.0866 -4.61938 5
      vertex -2.08842 -15.8631 5
      vertex -22.5 -4.33012 5
    endloop
  endfacet
  facet normal -0 0 1
    outer loop
      vertex -23.7059 -4.82962 5
      vertex -2.08842 -15.8631 5
      vertex -23.0866 -4.61938 5
    endloop
  endfacet
  facet normal -0 0 1
    outer loop
      vertex -24.3474 -4.95721 5
      vertex -2.08842 -15.8631 5
      vertex -23.7059 -4.82962 5
    endloop
  endfacet
  facet normal -0 0 1
    outer loop
      vertex -25 -5 5
      vertex -2.08842 -15.8631 5
      vertex -24.3474 -4.95721 5
    endloop
  endfacet
  facet normal -0 0 1
    outer loop
      vertex -40 -5 5
      vertex -2.08842 -15.8631 5
      vertex -25 -5 5
    endloop
  endfacet
  facet normal 0 0 1
    outer loop
      vertex -57.125 -8.51554 5
      vertex -40 -5 5
      vertex -40.6526 -4.95721 5
    endloop
  endfacet
  facet normal 0 0 1
    outer loop
      vertex -56.9347 -8.38837 5
      vertex -40.6526 -4.95721 5
      vertex -41.2941 -4.82962 5
    endloop
  endfacet
  facet normal 0 0 1
    outer loop
      vertex -44.6194 1.91341 5
      vertex -56.3832 6.3303 5
      vertex -44.8296 1.29408 5
    endloop
  endfacet
  facet normal 0 0 1
    outer loop
      vertex -45 0 5
      vertex -56.25 -7 5
      vertex -44.9572 -0.652618 5
    endloop
  endfacet
  facet normal 0 0 1
    outer loop
      vertex -44.9572 -0.652618 5
      vertex -56.25 -7 5
      vertex -44.8296 -1.29408 5
    endloop
  endfacet
  facet normal 0 0 1
    outer loop
      vertex -44.8296 -1.29408 5
      vertex -56.25 -7 5
      vertex -44.6194 -1.91341 5
    endloop
  endfacet
  facet normal 0 0 1
    outer loop
      vertex -44.6194 -1.91341 5
      vertex -56.25 -7 5
      vertex -44.3301 -2.5 5
    endloop
  endfacet
  facet normal 0 0 1
    outer loop
      vertex -44.3301 -2.5 5
      vertex -56.25 -7 5
      vertex -43.9668 -3.04379 5
    endloop
  endfacet
  facet normal 0 0 1
    outer loop
      vertex -56.265 -7.22842 5
      vertex -43.9668 -3.04379 5
      vertex -56.25 -7 5
    endloop
  endfacet
  facet normal 0 0 1
    outer loop
      vertex -43.9668 -3.04379 5
      vertex -56.265 -7.22842 5
      vertex -43.5355 -3.53552 5
    endloop
  endfacet
  facet normal 0 0 1
    outer loop
      vertex -56.3096 -7.45293 5
      vertex -43.5355 -3.53552 5
      vertex -56.265 -7.22842 5
    endloop
  endfacet
  facet normal 0 0 1
    outer loop
      vertex -43.5355 -3.53552 5
      vertex -56.3096 -7.45293 5
      vertex -43.0438 -3.96677 5
    endloop
  endfacet
  facet normal 0 0 1
    outer loop
      vertex -56.3832 -7.6697 5
      vertex -43.0438 -3.96677 5
      vertex -56.3096 -7.45293 5
    endloop
  endfacet
  facet normal 0 0 1
    outer loop
      vertex -43.0438 -3.96677 5
      vertex -56.3832 -7.6697 5
      vertex -42.5 -4.33012 5
    endloop
  endfacet
  facet normal 0 0 1
    outer loop
      vertex -56.4845 -7.875 5
      vertex -42.5 -4.33012 5
      vertex -56.3832 -7.6697 5
    endloop
  endfacet
  facet normal 0 0 1
    outer loop
      vertex -56.6116 -8.06533 5
      vertex -42.5 -4.33012 5
      vertex -56.4845 -7.875 5
    endloop
  endfacet
  facet normal 0 0 1
    outer loop
      vertex -42.5 -4.33012 5
      vertex -56.6116 -8.06533 5
      vertex -41.9134 -4.61938 5
    endloop
  endfacet
  facet normal 0 0 1
    outer loop
      vertex -56.7626 -8.23744 5
      vertex -41.9134 -4.61938 5
      vertex -56.6116 -8.06533 5
    endloop
  endfacet
  facet normal 0 0 1
    outer loop
      vertex -41.9134 -4.61938 5
      vertex -56.7626 -8.23744 5
      vertex -41.2941 -4.82962 5
    endloop
  endfacet
  facet normal 0 0 1
    outer loop
      vertex -56.9347 -8.38837 5
      vertex -41.2941 -4.82962 5
      vertex -56.7626 -8.23744 5
    endloop
  endfacet
  facet normal 0 0 1
    outer loop
      vertex -40.6526 -4.95721 5
      vertex -56.9347 -8.38837 5
      vertex -57.125 -8.51554 5
    endloop
  endfacet
  facet normal 0 0 1
    outer loop
      vertex -40 -5 5
      vertex -57.125 -8.51554 5
      vertex -57.3303 -8.61679 5
    endloop
  endfacet
  facet normal 0 0 1
    outer loop
      vertex -40 -5 5
      vertex -57.3303 -8.61679 5
      vertex -2.08842 -15.8631 5
    endloop
  endfacet
  facet normal -0 0 1
    outer loop
      vertex -57.5471 -8.69037 5
      vertex -2.08842 -15.8631 5
      vertex -57.3303 -8.61679 5
    endloop
  endfacet
  facet normal -0 0 1
    outer loop
      vertex -57.7716 -8.73503 5
      vertex -2.08842 -15.8631 5
      vertex -57.5471 -8.69037 5
    endloop
  endfacet
  facet normal -0 0 1
    outer loop
      vertex -58 -8.75 5
      vertex -2.08842 -15.8631 5
      vertex -57.7716 -8.73503 5
    endloop
  endfacet
  facet normal 0 0 1
    outer loop
      vertex -80 -9 5
      vertex -58 -8.75 5
      vertex -58.2284 -8.73503 5
    endloop
  endfacet
  facet normal 0 0 1
    outer loop
      vertex -59.6904 -6.54707 5
      vertex -74.265 -4.22842 5
      vertex -59.735 -6.77158 5
    endloop
  endfacet
  facet normal -0 0 1
    outer loop
      vertex -74.3096 -4.45293 5
      vertex -59.735 -6.77158 5
      vertex -74.265 -4.22842 5
    endloop
  endfacet
  facet normal 0 0 1
    outer loop
      vertex -59.735 -6.77158 5
      vertex -74.3096 -4.45293 5
      vertex -59.75 -7 5
    endloop
  endfacet
  facet normal -0 0 1
    outer loop
      vertex -74.3832 -4.6697 5
      vertex -59.75 -7 5
      vertex -74.3096 -4.45293 5
    endloop
  endfacet
  facet normal 0 0 1
    outer loop
      vertex -59.75 -7 5
      vertex -74.3832 -4.6697 5
      vertex -59.735 -7.22842 5
    endloop
  endfacet
  facet normal -0 0 1
    outer loop
      vertex -74.4845 -4.875 5
      vertex -59.735 -7.22842 5
      vertex -74.3832 -4.6697 5
    endloop
  endfacet
  facet normal 0 0 1
    outer loop
      vertex -59.735 -7.22842 5
      vertex -74.4845 -4.875 5
      vertex -59.6904 -7.45293 5
    endloop
  endfacet
  facet normal -0 0 1
    outer loop
      vertex -74.6116 -5.06533 5
      vertex -59.6904 -7.45293 5
      vertex -74.4845 -4.875 5
    endloop
  endfacet
  facet normal 0 0 1
    outer loop
      vertex -59.6904 -7.45293 5
      vertex -74.6116 -5.06533 5
      vertex -59.6168 -7.6697 5
    endloop
  endfacet
  facet normal -0 0 1
    outer loop
      vertex -74.7626 -5.23744 5
      vertex -59.6168 -7.6697 5
      vertex -74.6116 -5.06533 5
    endloop
  endfacet
  facet normal 0 0 1
    outer loop
      vertex -59.6168 -7.6697 5
      vertex -74.7626 -5.23744 5
      vertex -59.5155 -7.875 5
    endloop
  endfacet
  facet normal -0 0 1
    outer loop
      vertex -74.9347 -5.38837 5
      vertex -59.5155 -7.875 5
      vertex -74.7626 -5.23744 5
    endloop
  endfacet
  facet normal 0 0 1
    outer loop
      vertex -59.5155 -7.875 5
      vertex -74.9347 -5.38837 5
      vertex -59.3884 -8.06533 5
    endloop
  endfacet
  facet normal -0 0 1
    outer loop
      vertex -75.125 -5.51554 5
      vertex -59.3884 -8.06533 5
      vertex -74.9347 -5.38837 5
    endloop
  endfacet
  facet normal 0 0 1
    outer loop
      vertex -59.3884 -8.06533 5
      vertex -75.125 -5.51554 5
      vertex -59.2374 -8.23744 5
    endloop
  endfacet
  facet normal -0 0 1
    outer loop
      vertex -75.3303 -5.61679 5
      vertex -59.2374 -8.23744 5
      vertex -75.125 -5.51554 5
    endloop
  endfacet
  facet normal 0 0 1
    outer loop
      vertex -80 -9 5
      vertex -59.2374 -8.23744 5
      vertex -75.3303 -5.61679 5
    endloop
  endfacet
  facet normal 0 0 1
    outer loop
      vertex -59.2374 -8.23744 5
      vertex -80 -9 5
      vertex -59.0653 -8.38837 5
    endloop
  endfacet
  facet normal 0 0 1
    outer loop
      vertex -59.0653 -8.38837 5
      vertex -80 -9 5
      vertex -58.875 -8.51554 5
    endloop
  endfacet
  facet normal 0 0 1
    outer loop
      vertex -58.875 -8.51554 5
      vertex -80 -9 5
      vertex -58.6697 -8.61679 5
    endloop
  endfacet
  facet normal 0 0 1
    outer loop
      vertex -58.6697 -8.61679 5
      vertex -80 -9 5
      vertex -58.4529 -8.69037 5
    endloop
  endfacet
  facet normal 0 0 1
    outer loop
      vertex -80 -9 5
      vertex -75.3303 -5.61679 5
      vertex -75.5471 -5.69037 5
    endloop
  endfacet
  facet normal 0 0 1
    outer loop
      vertex -80 -9 5
      vertex -75.5471 -5.69037 5
      vertex -75.7716 -5.73503 5
    endloop
  endfacet
  facet normal 0 0 1
    outer loop
      vertex -80 -9 5
      vertex -75.7716 -5.73503 5
      vertex -76 -5.75 5
    endloop
  endfacet
  facet normal 0 0 1
    outer loop
      vertex -80 -9 5
      vertex -76 -5.75 5
      vertex -76.2284 -5.73503 5
    endloop
  endfacet
  facet normal 0 0 1
    outer loop
      vertex -77.735 -3.77158 5
      vertex -80 -9 5
      vertex -77.75 -4 5
    endloop
  endfacet
  facet normal 0 0 1
    outer loop
      vertex -58 -8.75 5
      vertex -80 -9 5
      vertex -2.08842 -15.8631 5
    endloop
  endfacet
  facet normal 0 0 1
    outer loop
      vertex -58.4529 -8.69037 5
      vertex -80 -9 5
      vertex -58.2284 -8.73503 5
    endloop
  endfacet
  facet normal 0 0 1
    outer loop
      vertex -76.4529 -5.69037 5
      vertex -80 -9 5
      vertex -76.2284 -5.73503 5
    endloop
  endfacet
  facet normal 0 0 1
    outer loop
      vertex -76.6697 -5.61679 5
      vertex -80 -9 5
      vertex -76.4529 -5.69037 5
    endloop
  endfacet
  facet normal 0 0 1
    outer loop
      vertex -76.875 -5.51554 5
      vertex -80 -9 5
      vertex -76.6697 -5.61679 5
    endloop
  endfacet
  facet normal 0 0 1
    outer loop
      vertex -77.0653 -5.38837 5
      vertex -80 -9 5
      vertex -76.875 -5.51554 5
    endloop
  endfacet
  facet normal 0 0 1
    outer loop
      vertex -77.2374 -5.23744 5
      vertex -80 -9 5
      vertex -77.0653 -5.38837 5
    endloop
  endfacet
  facet normal 0 0 1
    outer loop
      vertex -77.3884 -5.06533 5
      vertex -80 -9 5
      vertex -77.2374 -5.23744 5
    endloop
  endfacet
  facet normal 0 0 1
    outer loop
      vertex -77.5155 -4.875 5
      vertex -80 -9 5
      vertex -77.3884 -5.06533 5
    endloop
  endfacet
  facet normal 0 0 1
    outer loop
      vertex -77.6168 -4.6697 5
      vertex -80 -9 5
      vertex -77.5155 -4.875 5
    endloop
  endfacet
  facet normal 0 0 1
    outer loop
      vertex -77.6904 -4.45293 5
      vertex -80 -9 5
      vertex -77.6168 -4.6697 5
    endloop
  endfacet
  facet normal 0 0 1
    outer loop
      vertex -77.735 -4.22842 5
      vertex -80 -9 5
      vertex -77.6904 -4.45293 5
    endloop
  endfacet
  facet normal 0 0 1
    outer loop
      vertex -77.75 -4 5
      vertex -80 -9 5
      vertex -77.735 -4.22842 5
    endloop
  endfacet
  facet normal -0 0 1
    outer loop
      vertex 1.20741 6.67648 5
      vertex 2.5 4.33013 5
      vertex 1.23931 6.83684 5
    endloop
  endfacet
  facet normal 0 0 1
    outer loop
      vertex 2.5 4.33013 5
      vertex 1.20741 6.67648 5
      vertex 1.91342 4.6194 5
    endloop
  endfacet
  facet normal -0 0 1
    outer loop
      vertex 1.15485 6.52165 5
      vertex 1.91342 4.6194 5
      vertex 1.20741 6.67648 5
    endloop
  endfacet
  facet normal -0 0 1
    outer loop
      vertex 1.08253 6.375 5
      vertex 1.91342 4.6194 5
      vertex 1.15485 6.52165 5
    endloop
  endfacet
  facet normal 0 0 1
    outer loop
      vertex 1.91342 4.6194 5
      vertex 1.08253 6.375 5
      vertex 1.2941 4.82963 5
    endloop
  endfacet
  facet normal -0 0 1
    outer loop
      vertex 0.991692 6.23905 5
      vertex 1.2941 4.82963 5
      vertex 1.08253 6.375 5
    endloop
  endfacet
  facet normal -0 0 1
    outer loop
      vertex 0.883883 6.11612 5
      vertex 1.2941 4.82963 5
      vertex 0.991692 6.23905 5
    endloop
  endfacet
  facet normal -0 0 1
    outer loop
      vertex 0.760951 6.00831 5
      vertex 1.2941 4.82963 5
      vertex 0.883883 6.11612 5
    endloop
  endfacet
  facet normal 0 0 1
    outer loop
      vertex 0.760951 6.00831 5
      vertex 0.652631 4.95722 5
      vertex 1.2941 4.82963 5
    endloop
  endfacet
  facet normal -0 0 1
    outer loop
      vertex 0.625 5.91747 5
      vertex 0.652631 4.95722 5
      vertex 0.760951 6.00831 5
    endloop
  endfacet
  facet normal -0 0 1
    outer loop
      vertex 0.478354 5.84515 5
      vertex 0.652631 4.95722 5
      vertex 0.625 5.91747 5
    endloop
  endfacet
  facet normal -0 0 1
    outer loop
      vertex 0.323524 5.79259 5
      vertex 0.652631 4.95722 5
      vertex 0.478354 5.84515 5
    endloop
  endfacet
  facet normal 0 0 1
    outer loop
      vertex 0 5 5
      vertex 0.323524 5.79259 5
      vertex 0.163157 5.76069 5
    endloop
  endfacet
  facet normal 0 0 1
    outer loop
      vertex 0 5 5
      vertex 0.163157 5.76069 5
      vertex 0 5.75 5
    endloop
  endfacet
  facet normal 0 0 1
    outer loop
      vertex 0.323524 5.79259 5
      vertex 0 5 5
      vertex 0.652631 4.95722 5
    endloop
  endfacet
  facet normal 0 0 1
    outer loop
      vertex -0.163157 5.76069 5
      vertex 0 5 5
      vertex 0 5.75 5
    endloop
  endfacet
  facet normal 0 0 1
    outer loop
      vertex -0.323524 5.79259 5
      vertex 0 5 5
      vertex -0.163157 5.76069 5
    endloop
  endfacet
  facet normal 0 0 1
    outer loop
      vertex -0.652631 4.95722 5
      vertex -0.323524 5.79259 5
      vertex -0.478354 5.84515 5
    endloop
  endfacet
  facet normal 0 0 1
    outer loop
      vertex -0.652631 4.95722 5
      vertex -0.478354 5.84515 5
      vertex -0.625 5.91747 5
    endloop
  endfacet
  facet normal 0 0 1
    outer loop
      vertex -0.323524 5.79259 5
      vertex -0.652631 4.95722 5
      vertex 0 5 5
    endloop
  endfacet
  facet normal 0 0 1
    outer loop
      vertex -0.760951 6.00831 5
      vertex -0.652631 4.95722 5
      vertex -0.625 5.91747 5
    endloop
  endfacet
  facet normal 0 0 1
    outer loop
      vertex -1.2941 4.82963 5
      vertex -0.760951 6.00831 5
      vertex -0.883883 6.11612 5
    endloop
  endfacet
  facet normal 0 0 1
    outer loop
      vertex -1.2941 4.82963 5
      vertex -0.883883 6.11612 5
      vertex -0.991692 6.23905 5
    endloop
  endfacet
  facet normal 0 0 1
    outer loop
      vertex -1.2941 4.82963 5
      vertex -0.991692 6.23905 5
      vertex -1.08253 6.375 5
    endloop
  endfacet
  facet normal 0 0 1
    outer loop
      vertex -1.2941 4.82963 5
      vertex -1.08253 6.375 5
      vertex -1.15485 6.52165 5
    endloop
  endfacet
  facet normal 0 0 1
    outer loop
      vertex -1.2941 4.82963 5
      vertex -1.15485 6.52165 5
      vertex -1.20741 6.67648 5
    endloop
  endfacet
  facet normal 0 0 1
    outer loop
      vertex -0.760951 6.00831 5
      vertex -1.2941 4.82963 5
      vertex -0.652631 4.95722 5
    endloop
  endfacet
  facet normal 0 0 1
    outer loop
      vertex -1.23931 6.83684 5
      vertex -1.2941 4.82963 5
      vertex -1.20741 6.67648 5
    endloop
  endfacet
  facet normal 0 0 1
    outer loop
      vertex -1.2941 4.82963 5
      vertex -1.23931 6.83684 5
      vertex -1.25 7 5
    endloop
  endfacet
  facet normal -0.0654116 0.997858 0
    outer loop
      vertex 0 16 0
      vertex -2.08842 15.8631 5
      vertex 0 16 5
    endloop
  endfacet
  facet normal -0.0654116 0.997858 0
    outer loop
      vertex -2.08842 15.8631 5
      vertex 0 16 0
      vertex -2.08842 15.8631 0
    endloop
  endfacet
  facet normal 0.321422 0.946936 -0
    outer loop
      vertex 6.12293 14.7821 0
      vertex 4.1411 15.4548 5
      vertex 6.12293 14.7821 5
    endloop
  endfacet
  facet normal 0.321422 0.946936 0
    outer loop
      vertex 4.1411 15.4548 5
      vertex 6.12293 14.7821 0
      vertex 4.1411 15.4548 0
    endloop
  endfacet
  facet normal 0.0654116 0.997858 -0
    outer loop
      vertex 2.08842 15.8631 0
      vertex 0 16 5
      vertex 2.08842 15.8631 5
    endloop
  endfacet
  facet normal 0.0654116 0.997858 0
    outer loop
      vertex 0 16 5
      vertex 2.08842 15.8631 0
      vertex 0 16 0
    endloop
  endfacet
  facet normal 0.946936 0.321422 0
    outer loop
      vertex 15.4548 4.1411 5
      vertex 14.7821 6.12293 0
      vertex 14.7821 6.12293 5
    endloop
  endfacet
  facet normal 0.946936 0.321422 0
    outer loop
      vertex 14.7821 6.12293 0
      vertex 15.4548 4.1411 5
      vertex 15.4548 4.1411 0
    endloop
  endfacet
  facet normal 0.946936 -0.321422 0
    outer loop
      vertex 14.7821 -6.12293 5
      vertex 15.4548 -4.1411 0
      vertex 15.4548 -4.1411 5
    endloop
  endfacet
  facet normal 0.946936 -0.321422 0
    outer loop
      vertex 15.4548 -4.1411 0
      vertex 14.7821 -6.12293 5
      vertex 14.7821 -6.12293 0
    endloop
  endfacet
  facet normal 0.980786 -0.195089 0
    outer loop
      vertex 15.4548 -4.1411 5
      vertex 15.8631 -2.08842 0
      vertex 15.8631 -2.08842 5
    endloop
  endfacet
  facet normal 0.980786 -0.195089 0
    outer loop
      vertex 15.8631 -2.08842 0
      vertex 15.4548 -4.1411 5
      vertex 15.4548 -4.1411 0
    endloop
  endfacet
  facet normal 0.0654116 -0.997858 0
    outer loop
      vertex 0 -16 0
      vertex 2.08842 -15.8631 5
      vertex 0 -16 5
    endloop
  endfacet
  facet normal 0.0654116 -0.997858 0
    outer loop
      vertex 2.08842 -15.8631 5
      vertex 0 -16 0
      vertex 2.08842 -15.8631 0
    endloop
  endfacet
  facet normal -0.0654116 -0.997858 0
    outer loop
      vertex -2.08842 -15.8631 0
      vertex 0 -16 5
      vertex -2.08842 -15.8631 5
    endloop
  endfacet
  facet normal -0.0654116 -0.997858 -0
    outer loop
      vertex 0 -16 5
      vertex -2.08842 -15.8631 0
      vertex 0 -16 0
    endloop
  endfacet
  facet normal 0.442301 0.896867 -0
    outer loop
      vertex 8 13.8564 0
      vertex 6.12293 14.7821 5
      vertex 8 13.8564 5
    endloop
  endfacet
  facet normal 0.442301 0.896867 0
    outer loop
      vertex 6.12293 14.7821 5
      vertex 8 13.8564 0
      vertex 6.12293 14.7821 0
    endloop
  endfacet
  facet normal 0.555553 0.831481 -0
    outer loop
      vertex 9.74018 12.6937 0
      vertex 8 13.8564 5
      vertex 9.74018 12.6937 5
    endloop
  endfacet
  facet normal 0.555553 0.831481 0
    outer loop
      vertex 8 13.8564 5
      vertex 9.74018 12.6937 0
      vertex 8 13.8564 0
    endloop
  endfacet
  facet normal 0.997858 -0.0654116 0
    outer loop
      vertex 15.8631 -2.08842 5
      vertex 16 0 0
      vertex 16 0 5
    endloop
  endfacet
  facet normal 0.997858 -0.0654116 0
    outer loop
      vertex 16 0 0
      vertex 15.8631 -2.08842 5
      vertex 15.8631 -2.08842 0
    endloop
  endfacet
  facet normal 0.321422 -0.946936 0
    outer loop
      vertex 4.1411 -15.4548 0
      vertex 6.12293 -14.7821 5
      vertex 4.1411 -15.4548 5
    endloop
  endfacet
  facet normal 0.321422 -0.946936 0
    outer loop
      vertex 6.12293 -14.7821 5
      vertex 4.1411 -15.4548 0
      vertex 6.12293 -14.7821 0
    endloop
  endfacet
  facet normal 0.831481 -0.555553 0
    outer loop
      vertex 12.6937 -9.74018 5
      vertex 13.8564 -8 0
      vertex 13.8564 -8 5
    endloop
  endfacet
  facet normal 0.831481 -0.555553 0
    outer loop
      vertex 13.8564 -8 0
      vertex 12.6937 -9.74018 5
      vertex 12.6937 -9.74018 0
    endloop
  endfacet
  facet normal 0.195089 -0.980786 0
    outer loop
      vertex 2.08842 -15.8631 0
      vertex 4.1411 -15.4548 5
      vertex 2.08842 -15.8631 5
    endloop
  endfacet
  facet normal 0.195089 -0.980786 0
    outer loop
      vertex 4.1411 -15.4548 5
      vertex 2.08842 -15.8631 0
      vertex 4.1411 -15.4548 0
    endloop
  endfacet
  facet normal 0.980786 0.195089 0
    outer loop
      vertex 15.8631 2.08842 5
      vertex 15.4548 4.1411 0
      vertex 15.4548 4.1411 5
    endloop
  endfacet
  facet normal 0.980786 0.195089 0
    outer loop
      vertex 15.4548 4.1411 0
      vertex 15.8631 2.08842 5
      vertex 15.8631 2.08842 0
    endloop
  endfacet
  facet normal 0.896867 0.442301 0
    outer loop
      vertex 14.7821 6.12293 5
      vertex 13.8564 8 0
      vertex 13.8564 8 5
    endloop
  endfacet
  facet normal 0.896867 0.442301 0
    outer loop
      vertex 13.8564 8 0
      vertex 14.7821 6.12293 5
      vertex 14.7821 6.12293 0
    endloop
  endfacet
  facet normal 0.442301 -0.896867 0
    outer loop
      vertex 6.12293 -14.7821 0
      vertex 8 -13.8564 5
      vertex 6.12293 -14.7821 5
    endloop
  endfacet
  facet normal 0.442301 -0.896867 0
    outer loop
      vertex 8 -13.8564 5
      vertex 6.12293 -14.7821 0
      vertex 8 -13.8564 0
    endloop
  endfacet
  facet normal 0.751826 -0.659362 0
    outer loop
      vertex 11.3137 -11.3137 5
      vertex 12.6937 -9.74018 0
      vertex 12.6937 -9.74018 5
    endloop
  endfacet
  facet normal 0.751826 -0.659362 0
    outer loop
      vertex 12.6937 -9.74018 0
      vertex 11.3137 -11.3137 5
      vertex 11.3137 -11.3137 0
    endloop
  endfacet
  facet normal 0.555553 -0.831481 0
    outer loop
      vertex 8 -13.8564 0
      vertex 9.74018 -12.6937 5
      vertex 8 -13.8564 5
    endloop
  endfacet
  facet normal 0.555553 -0.831481 0
    outer loop
      vertex 9.74018 -12.6937 5
      vertex 8 -13.8564 0
      vertex 9.74018 -12.6937 0
    endloop
  endfacet
  facet normal 0.659362 -0.751826 0
    outer loop
      vertex 9.74018 -12.6937 0
      vertex 11.3137 -11.3137 5
      vertex 9.74018 -12.6937 5
    endloop
  endfacet
  facet normal 0.659362 -0.751826 0
    outer loop
      vertex 11.3137 -11.3137 5
      vertex 9.74018 -12.6937 0
      vertex 11.3137 -11.3137 0
    endloop
  endfacet
  facet normal 0.896867 -0.442301 0
    outer loop
      vertex 13.8564 -8 5
      vertex 14.7821 -6.12293 0
      vertex 14.7821 -6.12293 5
    endloop
  endfacet
  facet normal 0.896867 -0.442301 0
    outer loop
      vertex 14.7821 -6.12293 0
      vertex 13.8564 -8 5
      vertex 13.8564 -8 0
    endloop
  endfacet
  facet normal 0.659362 0.751826 -0
    outer loop
      vertex 11.3137 11.3137 0
      vertex 9.74018 12.6937 5
      vertex 11.3137 11.3137 5
    endloop
  endfacet
  facet normal 0.659362 0.751826 0
    outer loop
      vertex 9.74018 12.6937 5
      vertex 11.3137 11.3137 0
      vertex 9.74018 12.6937 0
    endloop
  endfacet
  facet normal 0.997858 0.0654116 0
    outer loop
      vertex 16 0 5
      vertex 15.8631 2.08842 0
      vertex 15.8631 2.08842 5
    endloop
  endfacet
  facet normal 0.997858 0.0654116 0
    outer loop
      vertex 15.8631 2.08842 0
      vertex 16 0 5
      vertex 16 0 0
    endloop
  endfacet
  facet normal 0.751826 0.659362 0
    outer loop
      vertex 12.6937 9.74018 5
      vertex 11.3137 11.3137 0
      vertex 11.3137 11.3137 5
    endloop
  endfacet
  facet normal 0.751826 0.659362 0
    outer loop
      vertex 11.3137 11.3137 0
      vertex 12.6937 9.74018 5
      vertex 12.6937 9.74018 0
    endloop
  endfacet
  facet normal 0.831481 0.555553 0
    outer loop
      vertex 13.8564 8 5
      vertex 12.6937 9.74018 0
      vertex 12.6937 9.74018 5
    endloop
  endfacet
  facet normal 0.831481 0.555553 0
    outer loop
      vertex 12.6937 9.74018 0
      vertex 13.8564 8 5
      vertex 13.8564 8 0
    endloop
  endfacet
  facet normal -0.997858 -0.0654097 0
    outer loop
      vertex 5 0 0
      vertex 4.95722 0.652631 5
      vertex 4.95722 0.652631 0
    endloop
  endfacet
  facet normal -0.997858 -0.0654097 0
    outer loop
      vertex 4.95722 0.652631 5
      vertex 5 0 0
      vertex 5 0 5
    endloop
  endfacet
  facet normal 0.997858 -0.0654097 0
    outer loop
      vertex -5 0 5
      vertex -4.95722 0.652631 0
      vertex -4.95722 0.652631 5
    endloop
  endfacet
  facet normal 0.997858 -0.0654097 0
    outer loop
      vertex -4.95722 0.652631 0
      vertex -5 0 5
      vertex -5 0 0
    endloop
  endfacet
  facet normal -0.0654097 -0.997858 0
    outer loop
      vertex 0 5 0
      vertex 0.652631 4.95722 5
      vertex 0 5 5
    endloop
  endfacet
  facet normal -0.0654097 -0.997858 -0
    outer loop
      vertex 0.652631 4.95722 5
      vertex 0 5 0
      vertex 0.652631 4.95722 0
    endloop
  endfacet
  facet normal -0.75183 -0.659357 0
    outer loop
      vertex 3.96677 3.04381 0
      vertex 3.53553 3.53553 5
      vertex 3.53553 3.53553 0
    endloop
  endfacet
  facet normal -0.75183 -0.659357 0
    outer loop
      vertex 3.53553 3.53553 5
      vertex 3.96677 3.04381 0
      vertex 3.96677 3.04381 5
    endloop
  endfacet
  facet normal 0.659357 -0.75183 0
    outer loop
      vertex -3.53553 3.53553 0
      vertex -3.04381 3.96677 5
      vertex -3.53553 3.53553 5
    endloop
  endfacet
  facet normal 0.659357 -0.75183 0
    outer loop
      vertex -3.04381 3.96677 5
      vertex -3.53553 3.53553 0
      vertex -3.04381 3.96677 0
    endloop
  endfacet
  facet normal 0.321438 -0.946931 0
    outer loop
      vertex -1.91342 4.6194 0
      vertex -1.2941 4.82963 5
      vertex -1.91342 4.6194 5
    endloop
  endfacet
  facet normal 0.321438 -0.946931 0
    outer loop
      vertex -1.2941 4.82963 5
      vertex -1.91342 4.6194 0
      vertex -1.2941 4.82963 0
    endloop
  endfacet
  facet normal -0.896872 -0.44229 0
    outer loop
      vertex 4.6194 1.91342 0
      vertex 4.33013 2.5 5
      vertex 4.33013 2.5 0
    endloop
  endfacet
  facet normal -0.896872 -0.44229 0
    outer loop
      vertex 4.33013 2.5 5
      vertex 4.6194 1.91342 0
      vertex 4.6194 1.91342 5
    endloop
  endfacet
  facet normal -0.980787 -0.195081 0
    outer loop
      vertex 4.95722 0.652631 0
      vertex 4.82963 1.2941 5
      vertex 4.82963 1.2941 0
    endloop
  endfacet
  facet normal -0.980787 -0.195081 0
    outer loop
      vertex 4.82963 1.2941 5
      vertex 4.95722 0.652631 0
      vertex 4.95722 0.652631 5
    endloop
  endfacet
  facet normal -0.831471 -0.555568 0
    outer loop
      vertex 4.33013 2.5 0
      vertex 3.96677 3.04381 5
      vertex 3.96677 3.04381 0
    endloop
  endfacet
  facet normal -0.831471 -0.555568 0
    outer loop
      vertex 3.96677 3.04381 5
      vertex 4.33013 2.5 0
      vertex 4.33013 2.5 5
    endloop
  endfacet
  facet normal -0.44229 -0.896872 0
    outer loop
      vertex 1.91342 4.6194 0
      vertex 2.5 4.33013 5
      vertex 1.91342 4.6194 5
    endloop
  endfacet
  facet normal -0.44229 -0.896872 -0
    outer loop
      vertex 2.5 4.33013 5
      vertex 1.91342 4.6194 0
      vertex 2.5 4.33013 0
    endloop
  endfacet
  facet normal -0.321438 -0.946931 0
    outer loop
      vertex 1.2941 4.82963 0
      vertex 1.91342 4.6194 5
      vertex 1.2941 4.82963 5
    endloop
  endfacet
  facet normal -0.321438 -0.946931 -0
    outer loop
      vertex 1.91342 4.6194 5
      vertex 1.2941 4.82963 0
      vertex 1.91342 4.6194 0
    endloop
  endfacet
  facet normal -0.555568 -0.831471 0
    outer loop
      vertex 2.5 4.33013 0
      vertex 3.04381 3.96677 5
      vertex 2.5 4.33013 5
    endloop
  endfacet
  facet normal -0.555568 -0.831471 -0
    outer loop
      vertex 3.04381 3.96677 5
      vertex 2.5 4.33013 0
      vertex 3.04381 3.96677 0
    endloop
  endfacet
  facet normal 0.896872 -0.44229 0
    outer loop
      vertex -4.6194 1.91342 5
      vertex -4.33013 2.5 0
      vertex -4.33013 2.5 5
    endloop
  endfacet
  facet normal 0.896872 -0.44229 0
    outer loop
      vertex -4.33013 2.5 0
      vertex -4.6194 1.91342 5
      vertex -4.6194 1.91342 0
    endloop
  endfacet
  facet normal 0.946931 -0.321438 0
    outer loop
      vertex -4.82963 1.2941 5
      vertex -4.6194 1.91342 0
      vertex -4.6194 1.91342 5
    endloop
  endfacet
  facet normal 0.946931 -0.321438 0
    outer loop
      vertex -4.6194 1.91342 0
      vertex -4.82963 1.2941 5
      vertex -4.82963 1.2941 0
    endloop
  endfacet
  facet normal 0.44229 -0.896872 0
    outer loop
      vertex -2.5 4.33013 0
      vertex -1.91342 4.6194 5
      vertex -2.5 4.33013 5
    endloop
  endfacet
  facet normal 0.44229 -0.896872 0
    outer loop
      vertex -1.91342 4.6194 5
      vertex -2.5 4.33013 0
      vertex -1.91342 4.6194 0
    endloop
  endfacet
  facet normal 0.195081 -0.980787 0
    outer loop
      vertex -1.2941 4.82963 0
      vertex -0.652631 4.95722 5
      vertex -1.2941 4.82963 5
    endloop
  endfacet
  facet normal 0.195081 -0.980787 0
    outer loop
      vertex -0.652631 4.95722 5
      vertex -1.2941 4.82963 0
      vertex -0.652631 4.95722 0
    endloop
  endfacet
  facet normal -0.44229 0.896872 0
    outer loop
      vertex 2.5 -4.33013 0
      vertex 1.91342 -4.6194 5
      vertex 2.5 -4.33013 5
    endloop
  endfacet
  facet normal -0.44229 0.896872 0
    outer loop
      vertex 1.91342 -4.6194 5
      vertex 2.5 -4.33013 0
      vertex 1.91342 -4.6194 0
    endloop
  endfacet
  facet normal 0.321438 0.946931 -0
    outer loop
      vertex -1.2941 -4.82963 0
      vertex -1.91342 -4.6194 5
      vertex -1.2941 -4.82963 5
    endloop
  endfacet
  facet normal 0.321438 0.946931 0
    outer loop
      vertex -1.91342 -4.6194 5
      vertex -1.2941 -4.82963 0
      vertex -1.91342 -4.6194 0
    endloop
  endfacet
  facet normal 0.896872 0.44229 0
    outer loop
      vertex -4.33013 -2.5 5
      vertex -4.6194 -1.91342 0
      vertex -4.6194 -1.91342 5
    endloop
  endfacet
  facet normal 0.896872 0.44229 0
    outer loop
      vertex -4.6194 -1.91342 0
      vertex -4.33013 -2.5 5
      vertex -4.33013 -2.5 0
    endloop
  endfacet
  facet normal -0.946931 -0.321438 0
    outer loop
      vertex 4.82963 1.2941 0
      vertex 4.6194 1.91342 5
      vertex 4.6194 1.91342 0
    endloop
  endfacet
  facet normal -0.946931 -0.321438 0
    outer loop
      vertex 4.6194 1.91342 5
      vertex 4.82963 1.2941 0
      vertex 4.82963 1.2941 5
    endloop
  endfacet
  facet normal -0.195081 -0.980787 0
    outer loop
      vertex 0.652631 4.95722 0
      vertex 1.2941 4.82963 5
      vertex 0.652631 4.95722 5
    endloop
  endfacet
  facet normal -0.195081 -0.980787 -0
    outer loop
      vertex 1.2941 4.82963 5
      vertex 0.652631 4.95722 0
      vertex 1.2941 4.82963 0
    endloop
  endfacet
  facet normal -0.659357 -0.75183 0
    outer loop
      vertex 3.04381 3.96677 0
      vertex 3.53553 3.53553 5
      vertex 3.04381 3.96677 5
    endloop
  endfacet
  facet normal -0.659357 -0.75183 -0
    outer loop
      vertex 3.53553 3.53553 5
      vertex 3.04381 3.96677 0
      vertex 3.53553 3.53553 0
    endloop
  endfacet
  facet normal 0.831471 -0.555568 0
    outer loop
      vertex -4.33013 2.5 5
      vertex -3.96677 3.04381 0
      vertex -3.96677 3.04381 5
    endloop
  endfacet
  facet normal 0.831471 -0.555568 0
    outer loop
      vertex -3.96677 3.04381 0
      vertex -4.33013 2.5 5
      vertex -4.33013 2.5 0
    endloop
  endfacet
  facet normal 0.75183 -0.659357 0
    outer loop
      vertex -3.96677 3.04381 5
      vertex -3.53553 3.53553 0
      vertex -3.53553 3.53553 5
    endloop
  endfacet
  facet normal 0.75183 -0.659357 0
    outer loop
      vertex -3.53553 3.53553 0
      vertex -3.96677 3.04381 5
      vertex -3.96677 3.04381 0
    endloop
  endfacet
  facet normal 0.980787 -0.195081 0
    outer loop
      vertex -4.95722 0.652631 5
      vertex -4.82963 1.2941 0
      vertex -4.82963 1.2941 5
    endloop
  endfacet
  facet normal 0.980787 -0.195081 0
    outer loop
      vertex -4.82963 1.2941 0
      vertex -4.95722 0.652631 5
      vertex -4.95722 0.652631 0
    endloop
  endfacet
  facet normal 0.555568 -0.831471 0
    outer loop
      vertex -3.04381 3.96677 0
      vertex -2.5 4.33013 5
      vertex -3.04381 3.96677 5
    endloop
  endfacet
  facet normal 0.555568 -0.831471 0
    outer loop
      vertex -2.5 4.33013 5
      vertex -3.04381 3.96677 0
      vertex -2.5 4.33013 0
    endloop
  endfacet
  facet normal 0.0654097 -0.997858 0
    outer loop
      vertex -0.652631 4.95722 0
      vertex 0 5 5
      vertex -0.652631 4.95722 5
    endloop
  endfacet
  facet normal 0.0654097 -0.997858 0
    outer loop
      vertex 0 5 5
      vertex -0.652631 4.95722 0
      vertex 0 5 0
    endloop
  endfacet
  facet normal -0.997858 0.0654097 0
    outer loop
      vertex 4.95722 -0.652631 0
      vertex 5 0 5
      vertex 5 0 0
    endloop
  endfacet
  facet normal -0.997858 0.0654097 0
    outer loop
      vertex 5 0 5
      vertex 4.95722 -0.652631 0
      vertex 4.95722 -0.652631 5
    endloop
  endfacet
  facet normal -0.0654097 0.997858 0
    outer loop
      vertex 0.652631 -4.95722 0
      vertex 0 -5 5
      vertex 0.652631 -4.95722 5
    endloop
  endfacet
  facet normal -0.0654097 0.997858 0
    outer loop
      vertex 0 -5 5
      vertex 0.652631 -4.95722 0
      vertex 0 -5 0
    endloop
  endfacet
  facet normal -0.321438 0.946931 0
    outer loop
      vertex 1.91342 -4.6194 0
      vertex 1.2941 -4.82963 5
      vertex 1.91342 -4.6194 5
    endloop
  endfacet
  facet normal -0.321438 0.946931 0
    outer loop
      vertex 1.2941 -4.82963 5
      vertex 1.91342 -4.6194 0
      vertex 1.2941 -4.82963 0
    endloop
  endfacet
  facet normal -0.555568 0.831471 0
    outer loop
      vertex 3.04381 -3.96677 0
      vertex 2.5 -4.33013 5
      vertex 3.04381 -3.96677 5
    endloop
  endfacet
  facet normal -0.555568 0.831471 0
    outer loop
      vertex 2.5 -4.33013 5
      vertex 3.04381 -3.96677 0
      vertex 2.5 -4.33013 0
    endloop
  endfacet
  facet normal -0.946931 0.321438 0
    outer loop
      vertex 4.6194 -1.91342 0
      vertex 4.82963 -1.2941 5
      vertex 4.82963 -1.2941 0
    endloop
  endfacet
  facet normal -0.946931 0.321438 0
    outer loop
      vertex 4.82963 -1.2941 5
      vertex 4.6194 -1.91342 0
      vertex 4.6194 -1.91342 5
    endloop
  endfacet
  facet normal -0.75183 0.659357 0
    outer loop
      vertex 3.53553 -3.53553 0
      vertex 3.96677 -3.04381 5
      vertex 3.96677 -3.04381 0
    endloop
  endfacet
  facet normal -0.75183 0.659357 0
    outer loop
      vertex 3.96677 -3.04381 5
      vertex 3.53553 -3.53553 0
      vertex 3.53553 -3.53553 5
    endloop
  endfacet
  facet normal 0.659357 0.75183 -0
    outer loop
      vertex -3.04381 -3.96677 0
      vertex -3.53553 -3.53553 5
      vertex -3.04381 -3.96677 5
    endloop
  endfacet
  facet normal 0.659357 0.75183 0
    outer loop
      vertex -3.53553 -3.53553 5
      vertex -3.04381 -3.96677 0
      vertex -3.53553 -3.53553 0
    endloop
  endfacet
  facet normal 0.44229 0.896872 -0
    outer loop
      vertex -1.91342 -4.6194 0
      vertex -2.5 -4.33013 5
      vertex -1.91342 -4.6194 5
    endloop
  endfacet
  facet normal 0.44229 0.896872 0
    outer loop
      vertex -2.5 -4.33013 5
      vertex -1.91342 -4.6194 0
      vertex -2.5 -4.33013 0
    endloop
  endfacet
  facet normal 0.195081 0.980787 -0
    outer loop
      vertex -0.652631 -4.95722 0
      vertex -1.2941 -4.82963 5
      vertex -0.652631 -4.95722 5
    endloop
  endfacet
  facet normal 0.195081 0.980787 0
    outer loop
      vertex -1.2941 -4.82963 5
      vertex -0.652631 -4.95722 0
      vertex -1.2941 -4.82963 0
    endloop
  endfacet
  facet normal 0.831471 0.555568 0
    outer loop
      vertex -3.96677 -3.04381 5
      vertex -4.33013 -2.5 0
      vertex -4.33013 -2.5 5
    endloop
  endfacet
  facet normal 0.831471 0.555568 0
    outer loop
      vertex -4.33013 -2.5 0
      vertex -3.96677 -3.04381 5
      vertex -3.96677 -3.04381 0
    endloop
  endfacet
  facet normal 0.946931 0.321438 0
    outer loop
      vertex -4.6194 -1.91342 5
      vertex -4.82963 -1.2941 0
      vertex -4.82963 -1.2941 5
    endloop
  endfacet
  facet normal 0.946931 0.321438 0
    outer loop
      vertex -4.82963 -1.2941 0
      vertex -4.6194 -1.91342 5
      vertex -4.6194 -1.91342 0
    endloop
  endfacet
  facet normal 0.997858 0.0654097 0
    outer loop
      vertex -4.95722 -0.652631 5
      vertex -5 0 0
      vertex -5 0 5
    endloop
  endfacet
  facet normal 0.997858 0.0654097 0
    outer loop
      vertex -5 0 0
      vertex -4.95722 -0.652631 5
      vertex -4.95722 -0.652631 0
    endloop
  endfacet
  facet normal -0.195081 0.980787 0
    outer loop
      vertex 1.2941 -4.82963 0
      vertex 0.652631 -4.95722 5
      vertex 1.2941 -4.82963 5
    endloop
  endfacet
  facet normal -0.195081 0.980787 0
    outer loop
      vertex 0.652631 -4.95722 5
      vertex 1.2941 -4.82963 0
      vertex 0.652631 -4.95722 0
    endloop
  endfacet
  facet normal -0.659357 0.75183 0
    outer loop
      vertex 3.53553 -3.53553 0
      vertex 3.04381 -3.96677 5
      vertex 3.53553 -3.53553 5
    endloop
  endfacet
  facet normal -0.659357 0.75183 0
    outer loop
      vertex 3.04381 -3.96677 5
      vertex 3.53553 -3.53553 0
      vertex 3.04381 -3.96677 0
    endloop
  endfacet
  facet normal -0.896872 0.44229 0
    outer loop
      vertex 4.33013 -2.5 0
      vertex 4.6194 -1.91342 5
      vertex 4.6194 -1.91342 0
    endloop
  endfacet
  facet normal -0.896872 0.44229 0
    outer loop
      vertex 4.6194 -1.91342 5
      vertex 4.33013 -2.5 0
      vertex 4.33013 -2.5 5
    endloop
  endfacet
  facet normal -0.980787 0.195081 0
    outer loop
      vertex 4.82963 -1.2941 0
      vertex 4.95722 -0.652631 5
      vertex 4.95722 -0.652631 0
    endloop
  endfacet
  facet normal -0.980787 0.195081 0
    outer loop
      vertex 4.95722 -0.652631 5
      vertex 4.82963 -1.2941 0
      vertex 4.82963 -1.2941 5
    endloop
  endfacet
  facet normal 0.555568 0.831471 -0
    outer loop
      vertex -2.5 -4.33013 0
      vertex -3.04381 -3.96677 5
      vertex -2.5 -4.33013 5
    endloop
  endfacet
  facet normal 0.555568 0.831471 0
    outer loop
      vertex -3.04381 -3.96677 5
      vertex -2.5 -4.33013 0
      vertex -3.04381 -3.96677 0
    endloop
  endfacet
  facet normal 0.0654097 0.997858 -0
    outer loop
      vertex 0 -5 0
      vertex -0.652631 -4.95722 5
      vertex 0 -5 5
    endloop
  endfacet
  facet normal 0.0654097 0.997858 0
    outer loop
      vertex -0.652631 -4.95722 5
      vertex 0 -5 0
      vertex -0.652631 -4.95722 0
    endloop
  endfacet
  facet normal 0.75183 0.659357 0
    outer loop
      vertex -3.53553 -3.53553 5
      vertex -3.96677 -3.04381 0
      vertex -3.96677 -3.04381 5
    endloop
  endfacet
  facet normal 0.75183 0.659357 0
    outer loop
      vertex -3.96677 -3.04381 0
      vertex -3.53553 -3.53553 5
      vertex -3.53553 -3.53553 0
    endloop
  endfacet
  facet normal 0.980787 0.195081 0
    outer loop
      vertex -4.82963 -1.2941 5
      vertex -4.95722 -0.652631 0
      vertex -4.95722 -0.652631 5
    endloop
  endfacet
  facet normal 0.980787 0.195081 0
    outer loop
      vertex -4.95722 -0.652631 0
      vertex -4.82963 -1.2941 5
      vertex -4.82963 -1.2941 0
    endloop
  endfacet
  facet normal -0.831471 0.555568 0
    outer loop
      vertex 3.96677 -3.04381 0
      vertex 4.33013 -2.5 5
      vertex 4.33013 -2.5 0
    endloop
  endfacet
  facet normal -0.831471 0.555568 0
    outer loop
      vertex 4.33013 -2.5 5
      vertex 3.96677 -3.04381 0
      vertex 3.96677 -3.04381 5
    endloop
  endfacet
  facet normal 0.980784 -0.195098 0
    outer loop
      vertex -44.9572 0.652618 5
      vertex -44.8296 1.29408 0
      vertex -44.8296 1.29408 5
    endloop
  endfacet
  facet normal 0.980784 -0.195098 0
    outer loop
      vertex -44.8296 1.29408 0
      vertex -44.9572 0.652618 5
      vertex -44.9572 0.652618 0
    endloop
  endfacet
  facet normal 0.997856 -0.0654414 0
    outer loop
      vertex -45 0 5
      vertex -44.9572 0.652618 0
      vertex -44.9572 0.652618 5
    endloop
  endfacet
  facet normal 0.997856 -0.0654414 0
    outer loop
      vertex -44.9572 0.652618 0
      vertex -45 0 5
      vertex -45 0 0
    endloop
  endfacet
  facet normal 0.997856 0.0654414 0
    outer loop
      vertex -44.9572 -0.652618 5
      vertex -45 0 0
      vertex -45 0 5
    endloop
  endfacet
  facet normal 0.997856 0.0654414 0
    outer loop
      vertex -45 0 0
      vertex -44.9572 -0.652618 5
      vertex -44.9572 -0.652618 0
    endloop
  endfacet
  facet normal -0.997856 0.0654414 0
    outer loop
      vertex -20.0428 -0.652618 0
      vertex -20 0 5
      vertex -20 0 0
    endloop
  endfacet
  facet normal -0.997856 0.0654414 0
    outer loop
      vertex -20 0 5
      vertex -20.0428 -0.652618 0
      vertex -20.0428 -0.652618 5
    endloop
  endfacet
  facet normal 0 1 -0
    outer loop
      vertex -25 -5 0
      vertex -40 -5 5
      vertex -25 -5 5
    endloop
  endfacet
  facet normal 0 1 0
    outer loop
      vertex -40 -5 5
      vertex -25 -5 0
      vertex -40 -5 0
    endloop
  endfacet
  facet normal -0.896857 -0.44232 0
    outer loop
      vertex -20.3806 1.91341 0
      vertex -20.6699 2.5 5
      vertex -20.6699 2.5 0
    endloop
  endfacet
  facet normal -0.896857 -0.44232 0
    outer loop
      vertex -20.6699 2.5 5
      vertex -20.3806 1.91341 0
      vertex -20.3806 1.91341 5
    endloop
  endfacet
  facet normal -0.659381 -0.751809 0
    outer loop
      vertex -21.9562 3.96677 0
      vertex -21.4645 3.53552 5
      vertex -21.9562 3.96677 5
    endloop
  endfacet
  facet normal -0.659381 -0.751809 -0
    outer loop
      vertex -21.4645 3.53552 5
      vertex -21.9562 3.96677 0
      vertex -21.4645 3.53552 0
    endloop
  endfacet
  facet normal -0.065428 -0.997857 0
    outer loop
      vertex -25 5 0
      vertex -24.3474 4.95721 5
      vertex -25 5 5
    endloop
  endfacet
  facet normal -0.065428 -0.997857 -0
    outer loop
      vertex -24.3474 4.95721 5
      vertex -25 5 0
      vertex -24.3474 4.95721 0
    endloop
  endfacet
  facet normal 0 -1 0
    outer loop
      vertex -40 5 0
      vertex -25 5 5
      vertex -40 5 5
    endloop
  endfacet
  facet normal 0 -1 -0
    outer loop
      vertex -25 5 5
      vertex -40 5 0
      vertex -25 5 0
    endloop
  endfacet
  facet normal 0.321461 0.946923 -0
    outer loop
      vertex -41.2941 -4.82962 0
      vertex -41.9134 -4.61938 5
      vertex -41.2941 -4.82962 5
    endloop
  endfacet
  facet normal 0.321461 0.946923 0
    outer loop
      vertex -41.9134 -4.61938 5
      vertex -41.2941 -4.82962 0
      vertex -41.9134 -4.61938 0
    endloop
  endfacet
  facet normal -0.442265 -0.896884 0
    outer loop
      vertex -23.0866 4.61938 0
      vertex -22.5 4.33012 5
      vertex -23.0866 4.61938 5
    endloop
  endfacet
  facet normal -0.442265 -0.896884 -0
    outer loop
      vertex -22.5 4.33012 5
      vertex -23.0866 4.61938 0
      vertex -22.5 4.33012 0
    endloop
  endfacet
  facet normal -0.751791 -0.659401 0
    outer loop
      vertex -21.0332 3.04379 0
      vertex -21.4645 3.53552 5
      vertex -21.4645 3.53552 0
    endloop
  endfacet
  facet normal -0.751791 -0.659401 0
    outer loop
      vertex -21.4645 3.53552 5
      vertex -21.0332 3.04379 0
      vertex -21.0332 3.04379 5
    endloop
  endfacet
  facet normal -0.831504 -0.555519 0
    outer loop
      vertex -20.6699 2.5 0
      vertex -21.0332 3.04379 5
      vertex -21.0332 3.04379 0
    endloop
  endfacet
  facet normal -0.831504 -0.555519 0
    outer loop
      vertex -21.0332 3.04379 5
      vertex -20.6699 2.5 0
      vertex -20.6699 2.5 5
    endloop
  endfacet
  facet normal -0.321461 -0.946923 0
    outer loop
      vertex -23.7059 4.82962 0
      vertex -23.0866 4.61938 5
      vertex -23.7059 4.82962 5
    endloop
  endfacet
  facet normal -0.321461 -0.946923 -0
    outer loop
      vertex -23.0866 4.61938 5
      vertex -23.7059 4.82962 0
      vertex -23.0866 4.61938 0
    endloop
  endfacet
  facet normal 0.065428 -0.997857 0
    outer loop
      vertex -40.6526 4.95721 0
      vertex -40 5 5
      vertex -40.6526 4.95721 5
    endloop
  endfacet
  facet normal 0.065428 -0.997857 0
    outer loop
      vertex -40 5 5
      vertex -40.6526 4.95721 0
      vertex -40 5 0
    endloop
  endfacet
  facet normal 0.195072 -0.980789 0
    outer loop
      vertex -41.2941 4.82962 0
      vertex -40.6526 4.95721 5
      vertex -41.2941 4.82962 5
    endloop
  endfacet
  facet normal 0.195072 -0.980789 0
    outer loop
      vertex -40.6526 4.95721 5
      vertex -41.2941 4.82962 0
      vertex -40.6526 4.95721 0
    endloop
  endfacet
  facet normal 0.751791 -0.659401 0
    outer loop
      vertex -43.9668 3.04379 5
      vertex -43.5355 3.53552 0
      vertex -43.5355 3.53552 5
    endloop
  endfacet
  facet normal 0.751791 -0.659401 0
    outer loop
      vertex -43.5355 3.53552 0
      vertex -43.9668 3.04379 5
      vertex -43.9668 3.04379 0
    endloop
  endfacet
  facet normal 0.896857 -0.44232 0
    outer loop
      vertex -44.6194 1.91341 5
      vertex -44.3301 2.5 0
      vertex -44.3301 2.5 5
    endloop
  endfacet
  facet normal 0.896857 -0.44232 0
    outer loop
      vertex -44.3301 2.5 0
      vertex -44.6194 1.91341 5
      vertex -44.6194 1.91341 0
    endloop
  endfacet
  facet normal 0.831504 -0.555519 0
    outer loop
      vertex -44.3301 2.5 5
      vertex -43.9668 3.04379 0
      vertex -43.9668 3.04379 5
    endloop
  endfacet
  facet normal 0.831504 -0.555519 0
    outer loop
      vertex -43.9668 3.04379 0
      vertex -44.3301 2.5 5
      vertex -44.3301 2.5 0
    endloop
  endfacet
  facet normal 0.946946 -0.321393 0
    outer loop
      vertex -44.8296 1.29408 5
      vertex -44.6194 1.91341 0
      vertex -44.6194 1.91341 5
    endloop
  endfacet
  facet normal 0.946946 -0.321393 0
    outer loop
      vertex -44.6194 1.91341 0
      vertex -44.8296 1.29408 5
      vertex -44.8296 1.29408 0
    endloop
  endfacet
  facet normal -0.442265 0.896884 0
    outer loop
      vertex -22.5 -4.33012 0
      vertex -23.0866 -4.61938 5
      vertex -22.5 -4.33012 5
    endloop
  endfacet
  facet normal -0.442265 0.896884 0
    outer loop
      vertex -23.0866 -4.61938 5
      vertex -22.5 -4.33012 0
      vertex -23.0866 -4.61938 0
    endloop
  endfacet
  facet normal -0.659381 0.751809 0
    outer loop
      vertex -21.4645 -3.53552 0
      vertex -21.9562 -3.96677 5
      vertex -21.4645 -3.53552 5
    endloop
  endfacet
  facet normal -0.659381 0.751809 0
    outer loop
      vertex -21.9562 -3.96677 5
      vertex -21.4645 -3.53552 0
      vertex -21.9562 -3.96677 0
    endloop
  endfacet
  facet normal -0.896857 0.44232 0
    outer loop
      vertex -20.6699 -2.5 0
      vertex -20.3806 -1.91341 5
      vertex -20.3806 -1.91341 0
    endloop
  endfacet
  facet normal -0.896857 0.44232 0
    outer loop
      vertex -20.3806 -1.91341 5
      vertex -20.6699 -2.5 0
      vertex -20.6699 -2.5 5
    endloop
  endfacet
  facet normal -0.946946 0.321393 0
    outer loop
      vertex -20.3806 -1.91341 0
      vertex -20.1704 -1.29408 5
      vertex -20.1704 -1.29408 0
    endloop
  endfacet
  facet normal -0.946946 0.321393 0
    outer loop
      vertex -20.1704 -1.29408 5
      vertex -20.3806 -1.91341 0
      vertex -20.3806 -1.91341 5
    endloop
  endfacet
  facet normal 0.659381 0.751809 -0
    outer loop
      vertex -43.0438 -3.96677 0
      vertex -43.5355 -3.53552 5
      vertex -43.0438 -3.96677 5
    endloop
  endfacet
  facet normal 0.659381 0.751809 0
    outer loop
      vertex -43.5355 -3.53552 5
      vertex -43.0438 -3.96677 0
      vertex -43.5355 -3.53552 0
    endloop
  endfacet
  facet normal -0.980784 -0.195098 0
    outer loop
      vertex -20.0428 0.652618 0
      vertex -20.1704 1.29408 5
      vertex -20.1704 1.29408 0
    endloop
  endfacet
  facet normal -0.980784 -0.195098 0
    outer loop
      vertex -20.1704 1.29408 5
      vertex -20.0428 0.652618 0
      vertex -20.0428 0.652618 5
    endloop
  endfacet
  facet normal -0.997856 -0.0654414 0
    outer loop
      vertex -20 0 0
      vertex -20.0428 0.652618 5
      vertex -20.0428 0.652618 0
    endloop
  endfacet
  facet normal -0.997856 -0.0654414 0
    outer loop
      vertex -20.0428 0.652618 5
      vertex -20 0 0
      vertex -20 0 5
    endloop
  endfacet
  facet normal -0.555564 -0.831474 0
    outer loop
      vertex -22.5 4.33012 0
      vertex -21.9562 3.96677 5
      vertex -22.5 4.33012 5
    endloop
  endfacet
  facet normal -0.555564 -0.831474 -0
    outer loop
      vertex -21.9562 3.96677 5
      vertex -22.5 4.33012 0
      vertex -21.9562 3.96677 0
    endloop
  endfacet
  facet normal -0.195072 -0.980789 0
    outer loop
      vertex -24.3474 4.95721 0
      vertex -23.7059 4.82962 5
      vertex -24.3474 4.95721 5
    endloop
  endfacet
  facet normal -0.195072 -0.980789 -0
    outer loop
      vertex -23.7059 4.82962 5
      vertex -24.3474 4.95721 0
      vertex -23.7059 4.82962 0
    endloop
  endfacet
  facet normal -0.751791 0.659401 0
    outer loop
      vertex -21.4645 -3.53552 0
      vertex -21.0332 -3.04379 5
      vertex -21.0332 -3.04379 0
    endloop
  endfacet
  facet normal -0.751791 0.659401 0
    outer loop
      vertex -21.0332 -3.04379 5
      vertex -21.4645 -3.53552 0
      vertex -21.4645 -3.53552 5
    endloop
  endfacet
  facet normal -0.980784 0.195098 0
    outer loop
      vertex -20.1704 -1.29408 0
      vertex -20.0428 -0.652618 5
      vertex -20.0428 -0.652618 0
    endloop
  endfacet
  facet normal -0.980784 0.195098 0
    outer loop
      vertex -20.0428 -0.652618 5
      vertex -20.1704 -1.29408 0
      vertex -20.1704 -1.29408 5
    endloop
  endfacet
  facet normal -0.321461 0.946923 0
    outer loop
      vertex -23.0866 -4.61938 0
      vertex -23.7059 -4.82962 5
      vertex -23.0866 -4.61938 5
    endloop
  endfacet
  facet normal -0.321461 0.946923 0
    outer loop
      vertex -23.7059 -4.82962 5
      vertex -23.0866 -4.61938 0
      vertex -23.7059 -4.82962 0
    endloop
  endfacet
  facet normal -0.065428 0.997857 0
    outer loop
      vertex -24.3474 -4.95721 0
      vertex -25 -5 5
      vertex -24.3474 -4.95721 5
    endloop
  endfacet
  facet normal -0.065428 0.997857 0
    outer loop
      vertex -25 -5 5
      vertex -24.3474 -4.95721 0
      vertex -25 -5 0
    endloop
  endfacet
  facet normal 0.195072 0.980789 -0
    outer loop
      vertex -40.6526 -4.95721 0
      vertex -41.2941 -4.82962 5
      vertex -40.6526 -4.95721 5
    endloop
  endfacet
  facet normal 0.195072 0.980789 0
    outer loop
      vertex -41.2941 -4.82962 5
      vertex -40.6526 -4.95721 0
      vertex -41.2941 -4.82962 0
    endloop
  endfacet
  facet normal -0.946946 -0.321393 0
    outer loop
      vertex -20.1704 1.29408 0
      vertex -20.3806 1.91341 5
      vertex -20.3806 1.91341 0
    endloop
  endfacet
  facet normal -0.946946 -0.321393 0
    outer loop
      vertex -20.3806 1.91341 5
      vertex -20.1704 1.29408 0
      vertex -20.1704 1.29408 5
    endloop
  endfacet
  facet normal 0.442265 -0.896884 0
    outer loop
      vertex -42.5 4.33012 0
      vertex -41.9134 4.61938 5
      vertex -42.5 4.33012 5
    endloop
  endfacet
  facet normal 0.442265 -0.896884 0
    outer loop
      vertex -41.9134 4.61938 5
      vertex -42.5 4.33012 0
      vertex -41.9134 4.61938 0
    endloop
  endfacet
  facet normal 0.321461 -0.946923 0
    outer loop
      vertex -41.9134 4.61938 0
      vertex -41.2941 4.82962 5
      vertex -41.9134 4.61938 5
    endloop
  endfacet
  facet normal 0.321461 -0.946923 0
    outer loop
      vertex -41.2941 4.82962 5
      vertex -41.9134 4.61938 0
      vertex -41.2941 4.82962 0
    endloop
  endfacet
  facet normal 0.555564 -0.831474 0
    outer loop
      vertex -43.0438 3.96677 0
      vertex -42.5 4.33012 5
      vertex -43.0438 3.96677 5
    endloop
  endfacet
  facet normal 0.555564 -0.831474 0
    outer loop
      vertex -42.5 4.33012 5
      vertex -43.0438 3.96677 0
      vertex -42.5 4.33012 0
    endloop
  endfacet
  facet normal -0.831504 0.555519 0
    outer loop
      vertex -21.0332 -3.04379 0
      vertex -20.6699 -2.5 5
      vertex -20.6699 -2.5 0
    endloop
  endfacet
  facet normal -0.831504 0.555519 0
    outer loop
      vertex -20.6699 -2.5 5
      vertex -21.0332 -3.04379 0
      vertex -21.0332 -3.04379 5
    endloop
  endfacet
  facet normal -0.555564 0.831474 0
    outer loop
      vertex -21.9562 -3.96677 0
      vertex -22.5 -4.33012 5
      vertex -21.9562 -3.96677 5
    endloop
  endfacet
  facet normal -0.555564 0.831474 0
    outer loop
      vertex -22.5 -4.33012 5
      vertex -21.9562 -3.96677 0
      vertex -22.5 -4.33012 0
    endloop
  endfacet
  facet normal -0.195072 0.980789 0
    outer loop
      vertex -23.7059 -4.82962 0
      vertex -24.3474 -4.95721 5
      vertex -23.7059 -4.82962 5
    endloop
  endfacet
  facet normal -0.195072 0.980789 0
    outer loop
      vertex -24.3474 -4.95721 5
      vertex -23.7059 -4.82962 0
      vertex -24.3474 -4.95721 0
    endloop
  endfacet
  facet normal 0.896857 0.44232 0
    outer loop
      vertex -44.3301 -2.5 5
      vertex -44.6194 -1.91341 0
      vertex -44.6194 -1.91341 5
    endloop
  endfacet
  facet normal 0.896857 0.44232 0
    outer loop
      vertex -44.6194 -1.91341 0
      vertex -44.3301 -2.5 5
      vertex -44.3301 -2.5 0
    endloop
  endfacet
  facet normal 0.831504 0.555519 0
    outer loop
      vertex -43.9668 -3.04379 5
      vertex -44.3301 -2.5 0
      vertex -44.3301 -2.5 5
    endloop
  endfacet
  facet normal 0.831504 0.555519 0
    outer loop
      vertex -44.3301 -2.5 0
      vertex -43.9668 -3.04379 5
      vertex -43.9668 -3.04379 0
    endloop
  endfacet
  facet normal 0.980784 0.195098 0
    outer loop
      vertex -44.8296 -1.29408 5
      vertex -44.9572 -0.652618 0
      vertex -44.9572 -0.652618 5
    endloop
  endfacet
  facet normal 0.980784 0.195098 0
    outer loop
      vertex -44.9572 -0.652618 0
      vertex -44.8296 -1.29408 5
      vertex -44.8296 -1.29408 0
    endloop
  endfacet
  facet normal 0.442265 0.896884 -0
    outer loop
      vertex -41.9134 -4.61938 0
      vertex -42.5 -4.33012 5
      vertex -41.9134 -4.61938 5
    endloop
  endfacet
  facet normal 0.442265 0.896884 0
    outer loop
      vertex -42.5 -4.33012 5
      vertex -41.9134 -4.61938 0
      vertex -42.5 -4.33012 0
    endloop
  endfacet
  facet normal 0.555564 0.831474 -0
    outer loop
      vertex -42.5 -4.33012 0
      vertex -43.0438 -3.96677 5
      vertex -42.5 -4.33012 5
    endloop
  endfacet
  facet normal 0.555564 0.831474 0
    outer loop
      vertex -43.0438 -3.96677 5
      vertex -42.5 -4.33012 0
      vertex -43.0438 -3.96677 0
    endloop
  endfacet
  facet normal 0.065428 0.997857 -0
    outer loop
      vertex -40 -5 0
      vertex -40.6526 -4.95721 5
      vertex -40 -5 5
    endloop
  endfacet
  facet normal 0.065428 0.997857 0
    outer loop
      vertex -40.6526 -4.95721 5
      vertex -40 -5 0
      vertex -40.6526 -4.95721 0
    endloop
  endfacet
  facet normal 0.659381 -0.751809 0
    outer loop
      vertex -43.5355 3.53552 0
      vertex -43.0438 3.96677 5
      vertex -43.5355 3.53552 5
    endloop
  endfacet
  facet normal 0.659381 -0.751809 0
    outer loop
      vertex -43.0438 3.96677 5
      vertex -43.5355 3.53552 0
      vertex -43.0438 3.96677 0
    endloop
  endfacet
  facet normal 0.751791 0.659401 0
    outer loop
      vertex -43.5355 -3.53552 5
      vertex -43.9668 -3.04379 0
      vertex -43.9668 -3.04379 5
    endloop
  endfacet
  facet normal 0.751791 0.659401 0
    outer loop
      vertex -43.9668 -3.04379 0
      vertex -43.5355 -3.53552 5
      vertex -43.5355 -3.53552 0
    endloop
  endfacet
  facet normal 0.946946 0.321393 0
    outer loop
      vertex -44.6194 -1.91341 5
      vertex -44.8296 -1.29408 0
      vertex -44.8296 -1.29408 5
    endloop
  endfacet
  facet normal 0.946946 0.321393 0
    outer loop
      vertex -44.8296 -1.29408 0
      vertex -44.6194 -1.91341 5
      vertex -44.6194 -1.91341 0
    endloop
  endfacet
endsolid OpenSCAD_Model
