solid OpenSCAD_Model
  facet normal -1 0 0
    outer loop
      vertex -16.2 -63.1962 0
      vertex -16.2 -64 0
      vertex -16.2 -63.1962 7
    endloop
  endfacet
  facet normal -1 0 0
    outer loop
      vertex -16.2 -52.8017 7
      vertex -16.2 -52 0
      vertex -16.2 -52.8017 0
    endloop
  endfacet
  facet normal -1 0 0
    outer loop
      vertex -16.2 -52 0
      vertex -16.2 -52.8017 7
      vertex -16.2 -52 15
    endloop
  endfacet
  facet normal -1 0 0
    outer loop
      vertex -16.2 -63.1962 7
      vertex -16.2 -52 15
      vertex -16.2 -52.8017 7
    endloop
  endfacet
  facet normal -1 0 0
    outer loop
      vertex -16.2 -63.1962 7
      vertex -16.2 -64 15
      vertex -16.2 -52 15
    endloop
  endfacet
  facet normal -1 0 0
    outer loop
      vertex -16.2 -64 15
      vertex -16.2 -63.1962 7
      vertex -16.2 -64 0
    endloop
  endfacet
  facet normal 1 0 0
    outer loop
      vertex -10.2 -56.265 20.7716
      vertex -10.2 -52 28
      vertex -10.2 -56.25 21
    endloop
  endfacet
  facet normal 1 0 0
    outer loop
      vertex -10.2 -52 28
      vertex -10.2 -56.265 21.2284
      vertex -10.2 -56.25 21
    endloop
  endfacet
  facet normal 1 0 0
    outer loop
      vertex -10.2 -52 28
      vertex -10.2 -56.3096 21.4529
      vertex -10.2 -56.265 21.2284
    endloop
  endfacet
  facet normal 1 0 0
    outer loop
      vertex -10.2 -52 28
      vertex -10.2 -56.3832 21.6697
      vertex -10.2 -56.3096 21.4529
    endloop
  endfacet
  facet normal 1 0 0
    outer loop
      vertex -10.2 -52 28
      vertex -10.2 -56.4845 21.875
      vertex -10.2 -56.3832 21.6697
    endloop
  endfacet
  facet normal 1 0 0
    outer loop
      vertex -10.2 -52 28
      vertex -10.2 -56.6116 22.0653
      vertex -10.2 -56.4845 21.875
    endloop
  endfacet
  facet normal 1 0 0
    outer loop
      vertex -10.2 -52 28
      vertex -10.2 -56.7626 22.2374
      vertex -10.2 -56.6116 22.0653
    endloop
  endfacet
  facet normal 1 0 0
    outer loop
      vertex -10.2 -52 28
      vertex -10.2 -56.9347 22.3884
      vertex -10.2 -56.7626 22.2374
    endloop
  endfacet
  facet normal 1 0 0
    outer loop
      vertex -10.2 -52 28
      vertex -10.2 -57.125 22.5155
      vertex -10.2 -56.9347 22.3884
    endloop
  endfacet
  facet normal 1 0 0
    outer loop
      vertex -10.2 -52 28
      vertex -10.2 -57.3303 22.6168
      vertex -10.2 -57.125 22.5155
    endloop
  endfacet
  facet normal 1 0 0
    outer loop
      vertex -10.2 -52 28
      vertex -10.2 -57.5471 22.6904
      vertex -10.2 -57.3303 22.6168
    endloop
  endfacet
  facet normal 1 0 0
    outer loop
      vertex -10.2 -52 28
      vertex -10.2 -57.7716 22.735
      vertex -10.2 -57.5471 22.6904
    endloop
  endfacet
  facet normal 1 0 0
    outer loop
      vertex -10.2 -52 28
      vertex -10.2 -58 22.75
      vertex -10.2 -57.7716 22.735
    endloop
  endfacet
  facet normal 1 -0 0
    outer loop
      vertex -10.2 -64 28
      vertex -10.2 -58 22.75
      vertex -10.2 -52 28
    endloop
  endfacet
  facet normal 1 0 0
    outer loop
      vertex -10.2 -58 22.75
      vertex -10.2 -64 28
      vertex -10.2 -58.2284 22.735
    endloop
  endfacet
  facet normal 1 0 0
    outer loop
      vertex -10.2 -58.2284 22.735
      vertex -10.2 -64 28
      vertex -10.2 -58.4529 22.6904
    endloop
  endfacet
  facet normal 1 0 0
    outer loop
      vertex -10.2 -58.4529 22.6904
      vertex -10.2 -64 28
      vertex -10.2 -58.6697 22.6168
    endloop
  endfacet
  facet normal 1 0 0
    outer loop
      vertex -10.2 -58.6697 22.6168
      vertex -10.2 -64 28
      vertex -10.2 -58.875 22.5155
    endloop
  endfacet
  facet normal 1 0 0
    outer loop
      vertex -10.2 -59.735 21.2284
      vertex -10.2 -64 28
      vertex -10.2 -59.75 21
    endloop
  endfacet
  facet normal 1 0 0
    outer loop
      vertex -10.2 -59.6904 21.4529
      vertex -10.2 -64 28
      vertex -10.2 -59.735 21.2284
    endloop
  endfacet
  facet normal 1 0 0
    outer loop
      vertex -10.2 -59.6168 21.6697
      vertex -10.2 -64 28
      vertex -10.2 -59.6904 21.4529
    endloop
  endfacet
  facet normal 1 0 0
    outer loop
      vertex -10.2 -59.5155 21.875
      vertex -10.2 -64 28
      vertex -10.2 -59.6168 21.6697
    endloop
  endfacet
  facet normal 1 0 0
    outer loop
      vertex -10.2 -59.3884 22.0653
      vertex -10.2 -64 28
      vertex -10.2 -59.5155 21.875
    endloop
  endfacet
  facet normal 1 0 0
    outer loop
      vertex -10.2 -59.2374 22.2374
      vertex -10.2 -64 28
      vertex -10.2 -59.3884 22.0653
    endloop
  endfacet
  facet normal 1 0 0
    outer loop
      vertex -10.2 -59.0653 22.3884
      vertex -10.2 -64 28
      vertex -10.2 -59.2374 22.2374
    endloop
  endfacet
  facet normal 1 0 0
    outer loop
      vertex -10.2 -58.875 22.5155
      vertex -10.2 -64 28
      vertex -10.2 -59.0653 22.3884
    endloop
  endfacet
  facet normal 1 0 0
    outer loop
      vertex -10.2 -56.3096 20.5471
      vertex -10.2 -52 28
      vertex -10.2 -56.265 20.7716
    endloop
  endfacet
  facet normal 1 0 0
    outer loop
      vertex -10.2 -52 28
      vertex -10.2 -56.3096 20.5471
      vertex -10.2 -52 7
    endloop
  endfacet
  facet normal 1 -0 0
    outer loop
      vertex -10.2 -56.3832 20.3303
      vertex -10.2 -52 7
      vertex -10.2 -56.3096 20.5471
    endloop
  endfacet
  facet normal 1 -0 0
    outer loop
      vertex -10.2 -56.4845 20.125
      vertex -10.2 -52 7
      vertex -10.2 -56.3832 20.3303
    endloop
  endfacet
  facet normal 1 -0 0
    outer loop
      vertex -10.2 -56.6116 19.9347
      vertex -10.2 -52 7
      vertex -10.2 -56.4845 20.125
    endloop
  endfacet
  facet normal 1 -0 0
    outer loop
      vertex -10.2 -56.7626 19.7626
      vertex -10.2 -52 7
      vertex -10.2 -56.6116 19.9347
    endloop
  endfacet
  facet normal 1 -0 0
    outer loop
      vertex -10.2 -56.9347 19.6116
      vertex -10.2 -52 7
      vertex -10.2 -56.7626 19.7626
    endloop
  endfacet
  facet normal 1 -0 0
    outer loop
      vertex -10.2 -57.125 19.4845
      vertex -10.2 -52 7
      vertex -10.2 -56.9347 19.6116
    endloop
  endfacet
  facet normal 1 -0 0
    outer loop
      vertex -10.2 -57.3303 19.3832
      vertex -10.2 -52 7
      vertex -10.2 -57.125 19.4845
    endloop
  endfacet
  facet normal 1 -0 0
    outer loop
      vertex -10.2 -57.5471 19.3096
      vertex -10.2 -52 7
      vertex -10.2 -57.3303 19.3832
    endloop
  endfacet
  facet normal 1 -0 0
    outer loop
      vertex -10.2 -57.7716 19.265
      vertex -10.2 -52 7
      vertex -10.2 -57.5471 19.3096
    endloop
  endfacet
  facet normal 1 -0 0
    outer loop
      vertex -10.2 -58 19.25
      vertex -10.2 -52 7
      vertex -10.2 -57.7716 19.265
    endloop
  endfacet
  facet normal 1 0 0
    outer loop
      vertex -10.2 -64 7
      vertex -10.2 -58 19.25
      vertex -10.2 -58.2284 19.265
    endloop
  endfacet
  facet normal 1 0 0
    outer loop
      vertex -10.2 -64 7
      vertex -10.2 -58.2284 19.265
      vertex -10.2 -58.4529 19.3096
    endloop
  endfacet
  facet normal 1 0 0
    outer loop
      vertex -10.2 -64 7
      vertex -10.2 -58.4529 19.3096
      vertex -10.2 -58.6697 19.3832
    endloop
  endfacet
  facet normal 1 0 0
    outer loop
      vertex -10.2 -64 7
      vertex -10.2 -58.6697 19.3832
      vertex -10.2 -58.875 19.4845
    endloop
  endfacet
  facet normal 1 0 0
    outer loop
      vertex -10.2 -64 7
      vertex -10.2 -58.875 19.4845
      vertex -10.2 -59.0653 19.6116
    endloop
  endfacet
  facet normal 1 0 0
    outer loop
      vertex -10.2 -64 7
      vertex -10.2 -59.0653 19.6116
      vertex -10.2 -59.2374 19.7626
    endloop
  endfacet
  facet normal 1 0 0
    outer loop
      vertex -10.2 -64 7
      vertex -10.2 -59.2374 19.7626
      vertex -10.2 -59.3884 19.9347
    endloop
  endfacet
  facet normal 1 0 0
    outer loop
      vertex -10.2 -64 7
      vertex -10.2 -59.3884 19.9347
      vertex -10.2 -59.5155 20.125
    endloop
  endfacet
  facet normal 1 0 0
    outer loop
      vertex -10.2 -64 28
      vertex -10.2 -59.735 20.7716
      vertex -10.2 -59.75 21
    endloop
  endfacet
  facet normal 1 0 0
    outer loop
      vertex -10.2 -64 28
      vertex -10.2 -59.6904 20.5471
      vertex -10.2 -59.735 20.7716
    endloop
  endfacet
  facet normal 1 0 0
    outer loop
      vertex -10.2 -64 7
      vertex -10.2 -59.6904 20.5471
      vertex -10.2 -64 28
    endloop
  endfacet
  facet normal 1 0 0
    outer loop
      vertex -10.2 -59.6904 20.5471
      vertex -10.2 -64 7
      vertex -10.2 -59.6168 20.3303
    endloop
  endfacet
  facet normal 1 0 0
    outer loop
      vertex -10.2 -58 19.25
      vertex -10.2 -64 7
      vertex -10.2 -52 7
    endloop
  endfacet
  facet normal 1 0 0
    outer loop
      vertex -10.2 -59.6168 20.3303
      vertex -10.2 -64 7
      vertex -10.2 -59.5155 20.125
    endloop
  endfacet
  facet normal 0 1 0
    outer loop
      vertex -10.2 -52 28
      vertex -16.2 -52 15
      vertex -16.2 -52 28
    endloop
  endfacet
  facet normal 0 1 -0
    outer loop
      vertex -10.2 -52 7
      vertex -16.2 -52 15
      vertex -10.2 -52 28
    endloop
  endfacet
  facet normal 0 1 -0
    outer loop
      vertex -15.0059 -52 7
      vertex -16.2 -52 15
      vertex -10.2 -52 7
    endloop
  endfacet
  facet normal 0 1 0
    outer loop
      vertex -16.2 -52 0
      vertex -15.0059 -52 7
      vertex -15.0059 -52 0
    endloop
  endfacet
  facet normal 0 1 0
    outer loop
      vertex -15.0059 -52 7
      vertex -16.2 -52 0
      vertex -16.2 -52 15
    endloop
  endfacet
  facet normal 0 0 -1
    outer loop
      vertex -16.8526 -62.7601 0
      vertex -16.2 -52.8017 0
      vertex -16.2 -63.1962 0
    endloop
  endfacet
  facet normal 0 0 -1
    outer loop
      vertex -16.8526 -62.7601 0
      vertex -16.8526 -53.2399 0
      vertex -16.2 -52.8017 0
    endloop
  endfacet
  facet normal 0 0 -1
    outer loop
      vertex -17.4426 -62.2426 0
      vertex -16.8526 -53.2399 0
      vertex -16.8526 -62.7601 0
    endloop
  endfacet
  facet normal 0 0 -1
    outer loop
      vertex -17.4426 -62.2426 0
      vertex -17.4426 -53.7574 0
      vertex -16.8526 -53.2399 0
    endloop
  endfacet
  facet normal 0 0 -1
    outer loop
      vertex -17.9601 -61.6526 0
      vertex -17.4426 -53.7574 0
      vertex -17.4426 -62.2426 0
    endloop
  endfacet
  facet normal 0 0 -1
    outer loop
      vertex -17.9601 -61.6526 0
      vertex -17.9601 -54.3474 0
      vertex -17.4426 -53.7574 0
    endloop
  endfacet
  facet normal 0 0 -1
    outer loop
      vertex -18.3962 -61 0
      vertex -17.9601 -54.3474 0
      vertex -17.9601 -61.6526 0
    endloop
  endfacet
  facet normal 0 0 -1
    outer loop
      vertex -18.3962 -61 0
      vertex -18.3962 -55 0
      vertex -17.9601 -54.3474 0
    endloop
  endfacet
  facet normal 0 0 -1
    outer loop
      vertex -18.7433 -60.2961 0
      vertex -18.3962 -55 0
      vertex -18.3962 -61 0
    endloop
  endfacet
  facet normal 0 0 -1
    outer loop
      vertex -18.7433 -60.2961 0
      vertex -18.7433 -55.7039 0
      vertex -18.3962 -55 0
    endloop
  endfacet
  facet normal 0 0 -1
    outer loop
      vertex -18.9956 -59.5529 0
      vertex -18.7433 -55.7039 0
      vertex -18.7433 -60.2961 0
    endloop
  endfacet
  facet normal 0 0 -1
    outer loop
      vertex -18.9956 -59.5529 0
      vertex -18.9956 -56.4471 0
      vertex -18.7433 -55.7039 0
    endloop
  endfacet
  facet normal 0 0 -1
    outer loop
      vertex -19.1487 -58.7832 0
      vertex -18.9956 -56.4471 0
      vertex -18.9956 -59.5529 0
    endloop
  endfacet
  facet normal 0 0 -1
    outer loop
      vertex -19.1487 -58.7832 0
      vertex -19.1487 -57.2168 0
      vertex -18.9956 -56.4471 0
    endloop
  endfacet
  facet normal 0 -0 -1
    outer loop
      vertex -19.1487 -57.2168 0
      vertex -19.1487 -58.7832 0
      vertex -19.2 -58 0
    endloop
  endfacet
  facet normal 0 0 -1
    outer loop
      vertex 50 -64 0
      vertex 44.5438 -52 0
      vertex 50 -63.1962 0
    endloop
  endfacet
  facet normal 0 0 -1
    outer loop
      vertex 50 -64 0
      vertex 6.47891 -52 0
      vertex 44.5438 -52 0
    endloop
  endfacet
  facet normal 0 0 -1
    outer loop
      vertex -16.2 -64 0
      vertex 6.47891 -52 0
      vertex 50 -64 0
    endloop
  endfacet
  facet normal 0 0 -1
    outer loop
      vertex 6.47891 -52 0
      vertex -16.2 -64 0
      vertex -16.2 -63.1962 0
    endloop
  endfacet
  facet normal -0 0 -1
    outer loop
      vertex 6.47891 -52 0
      vertex -16.2 -63.1962 0
      vertex -15.0059 -52 0
    endloop
  endfacet
  facet normal 0 0 -1
    outer loop
      vertex -16.2 -52.8017 0
      vertex -15.0059 -52 0
      vertex -16.2 -63.1962 0
    endloop
  endfacet
  facet normal -0 0 -1
    outer loop
      vertex -15.0059 -52 0
      vertex -16.2 -52.8017 0
      vertex -16.2 -52 0
    endloop
  endfacet
  facet normal 0 0 -1
    outer loop
      vertex 63 37.35 0
      vertex 60 34.35 0
      vertex 60.0257 34.7416 0
    endloop
  endfacet
  facet normal 0 0 -1
    outer loop
      vertex 69.9874 -2.41256 0
      vertex 74.0941 -1.43579 0
      vertex 70.1384 -2.58467 0
    endloop
  endfacet
  facet normal 0 0 -1
    outer loop
      vertex 74.8373 4.20952 0
      vertex 70.485 24.1216 0
      vertex 70.5 24.35 0
    endloop
  endfacet
  facet normal -0 0 -1
    outer loop
      vertex 74.0941 -1.43579 0
      vertex 69.9874 -2.41256 0
      vertex 74 0 0
    endloop
  endfacet
  facet normal 0 0 -1
    outer loop
      vertex 74.8373 4.20952 0
      vertex 70.4404 23.8971 0
      vertex 70.485 24.1216 0
    endloop
  endfacet
  facet normal 0 0 -1
    outer loop
      vertex 69.8153 -2.26163 0
      vertex 74 0 0
      vertex 69.9874 -2.41256 0
    endloop
  endfacet
  facet normal 0 0 -1
    outer loop
      vertex 74.8373 4.20952 0
      vertex 70.3668 23.6803 0
      vertex 70.4404 23.8971 0
    endloop
  endfacet
  facet normal 0 0 -1
    outer loop
      vertex 69.625 -2.13445 0
      vertex 74 0 0
      vertex 69.8153 -2.26163 0
    endloop
  endfacet
  facet normal 0 0 -1
    outer loop
      vertex 74.8373 4.20952 0
      vertex 70.2655 23.475 0
      vertex 70.3668 23.6803 0
    endloop
  endfacet
  facet normal 0 0 -1
    outer loop
      vertex 69.4197 -2.03321 0
      vertex 74 0 0
      vertex 69.625 -2.13445 0
    endloop
  endfacet
  facet normal 0 0 -1
    outer loop
      vertex 74.8373 4.20952 0
      vertex 70.1384 23.2847 0
      vertex 70.2655 23.475 0
    endloop
  endfacet
  facet normal -0 0 -1
    outer loop
      vertex 74 0 0
      vertex 69.4197 -2.03321 0
      vertex 74.0941 1.43579 0
    endloop
  endfacet
  facet normal 0 0 -1
    outer loop
      vertex 74.8373 4.20952 0
      vertex 69.9874 23.1126 0
      vertex 70.1384 23.2847 0
    endloop
  endfacet
  facet normal 0 0 -1
    outer loop
      vertex 69.2029 -1.95963 0
      vertex 74.0941 1.43579 0
      vertex 69.4197 -2.03321 0
    endloop
  endfacet
  facet normal 0 0 -1
    outer loop
      vertex 74.8373 4.20952 0
      vertex 69.8153 22.9616 0
      vertex 69.9874 23.1126 0
    endloop
  endfacet
  facet normal 0 0 -1
    outer loop
      vertex 68.9784 -1.91497 0
      vertex 74.0941 1.43579 0
      vertex 69.2029 -1.95963 0
    endloop
  endfacet
  facet normal 0 0 -1
    outer loop
      vertex 74.8373 4.20952 0
      vertex 69.625 22.8345 0
      vertex 69.8153 22.9616 0
    endloop
  endfacet
  facet normal -0 0 -1
    outer loop
      vertex 74.0941 1.43579 0
      vertex 68.9784 -1.91497 0
      vertex 74.3748 2.84701 0
    endloop
  endfacet
  facet normal 0 0 -1
    outer loop
      vertex 74.8373 4.20952 0
      vertex 69.4197 22.7332 0
      vertex 69.625 22.8345 0
    endloop
  endfacet
  facet normal 0 0 -1
    outer loop
      vertex 68.75 -1.9 0
      vertex 74.3748 2.84701 0
      vertex 68.9784 -1.91497 0
    endloop
  endfacet
  facet normal 0 0 -1
    outer loop
      vertex 74.8373 4.20952 0
      vertex 69.2029 22.6596 0
      vertex 69.4197 22.7332 0
    endloop
  endfacet
  facet normal 0 0 -1
    outer loop
      vertex 66.75 -1.9 0
      vertex 74.3748 2.84701 0
      vertex 68.75 -1.9 0
    endloop
  endfacet
  facet normal 0 0 -1
    outer loop
      vertex 74.8373 4.20952 0
      vertex 68.9784 22.615 0
      vertex 69.2029 22.6596 0
    endloop
  endfacet
  facet normal -0 0 -1
    outer loop
      vertex 74.3748 2.84701 0
      vertex 66.75 -1.9 0
      vertex 74.8373 4.20952 0
    endloop
  endfacet
  facet normal 0 0 -1
    outer loop
      vertex 74.8373 4.20952 0
      vertex 68.75 22.6 0
      vertex 68.9784 22.615 0
    endloop
  endfacet
  facet normal 0 0 -1
    outer loop
      vertex 66.5216 -1.91497 0
      vertex 74.8373 4.20952 0
      vertex 66.75 -1.9 0
    endloop
  endfacet
  facet normal 0 0 -1
    outer loop
      vertex 74.8373 4.20952 0
      vertex 66.75 22.6 0
      vertex 68.75 22.6 0
    endloop
  endfacet
  facet normal 0 0 -1
    outer loop
      vertex 66.5216 22.615 0
      vertex 74.8373 4.20952 0
      vertex 66.5216 -1.91497 0
    endloop
  endfacet
  facet normal 0 0 -1
    outer loop
      vertex 74.8373 4.20952 0
      vertex 66.5216 22.615 0
      vertex 66.75 22.6 0
    endloop
  endfacet
  facet normal 0 0 -1
    outer loop
      vertex 66.2971 -1.95963 0
      vertex 66.5216 22.615 0
      vertex 66.5216 -1.91497 0
    endloop
  endfacet
  facet normal 0 0 -1
    outer loop
      vertex 66.2971 -1.95963 0
      vertex 66.2971 22.6596 0
      vertex 66.5216 22.615 0
    endloop
  endfacet
  facet normal 0 0 -1
    outer loop
      vertex 60 -1.6409 0
      vertex 66.2971 -1.95963 0
      vertex 66.0803 -2.03321 0
    endloop
  endfacet
  facet normal 0 0 -1
    outer loop
      vertex 66.2971 -1.95963 0
      vertex 60 -1.6409 0
      vertex 66.2971 22.6596 0
    endloop
  endfacet
  facet normal 0 0 -1
    outer loop
      vertex 60 -1.6409 0
      vertex 66.0803 -2.03321 0
      vertex 65.875 -2.13445 0
    endloop
  endfacet
  facet normal -0 0 -1
    outer loop
      vertex 66.2971 22.6596 0
      vertex 60 -1.6409 0
      vertex 66.0803 22.7332 0
    endloop
  endfacet
  facet normal 0 0 -1
    outer loop
      vertex 60 -1.6409 0
      vertex 65.875 -2.13445 0
      vertex 65.6847 -2.26163 0
    endloop
  endfacet
  facet normal -0 0 -1
    outer loop
      vertex 66.0803 22.7332 0
      vertex 60 -1.6409 0
      vertex 65.875 22.8345 0
    endloop
  endfacet
  facet normal 0 0 -1
    outer loop
      vertex 60 -1.6409 0
      vertex 65.6847 -2.26163 0
      vertex 65.5126 -2.41256 0
    endloop
  endfacet
  facet normal -0 0 -1
    outer loop
      vertex 65.875 22.8345 0
      vertex 60 -1.6409 0
      vertex 65.6847 22.9616 0
    endloop
  endfacet
  facet normal 0 0 -1
    outer loop
      vertex 60 -1.6409 0
      vertex 65.5126 -2.41256 0
      vertex 65.3616 -2.58467 0
    endloop
  endfacet
  facet normal -0 0 -1
    outer loop
      vertex 65.6847 22.9616 0
      vertex 60 -1.6409 0
      vertex 65.5126 23.1126 0
    endloop
  endfacet
  facet normal 0 0 -1
    outer loop
      vertex 60 -1.6409 0
      vertex 65.3616 -2.58467 0
      vertex 65.2345 -2.775 0
    endloop
  endfacet
  facet normal -0 0 -1
    outer loop
      vertex 65.5126 23.1126 0
      vertex 60 -1.6409 0
      vertex 65.3616 23.2847 0
    endloop
  endfacet
  facet normal 0 0 -1
    outer loop
      vertex 60 -1.6409 0
      vertex 65.2345 -2.775 0
      vertex 65.1332 -2.9803 0
    endloop
  endfacet
  facet normal -0 0 -1
    outer loop
      vertex 65.3616 23.2847 0
      vertex 60 -1.6409 0
      vertex 65.2345 23.475 0
    endloop
  endfacet
  facet normal 0 0 -1
    outer loop
      vertex 60 -1.6409 0
      vertex 65.1332 -2.9803 0
      vertex 65.0596 -3.19707 0
    endloop
  endfacet
  facet normal -0 0 -1
    outer loop
      vertex 65.2345 23.475 0
      vertex 60 -1.6409 0
      vertex 65.1332 23.6803 0
    endloop
  endfacet
  facet normal 0 0 -1
    outer loop
      vertex 60 -1.6409 0
      vertex 65.0596 -3.19707 0
      vertex 65.015 -3.42158 0
    endloop
  endfacet
  facet normal -0 0 -1
    outer loop
      vertex 65.1332 23.6803 0
      vertex 60 -1.6409 0
      vertex 65.0596 23.8971 0
    endloop
  endfacet
  facet normal 0 0 -1
    outer loop
      vertex 60 -1.6409 0
      vertex 65.015 -3.42158 0
      vertex 65 -3.65 0
    endloop
  endfacet
  facet normal 0 0 -1
    outer loop
      vertex 60 34.35 0
      vertex 65.0596 23.8971 0
      vertex 60 -1.6409 0
    endloop
  endfacet
  facet normal 0 0 -1
    outer loop
      vertex 100.013 -2.41256 0
      vertex 95.9059 -1.43579 0
      vertex 96 0 0
    endloop
  endfacet
  facet normal 0 0 -1
    outer loop
      vertex 99.7345 -4.525 0
      vertex 95.6252 -2.84701 0
      vertex 95.9059 -1.43579 0
    endloop
  endfacet
  facet normal 0 0 -1
    outer loop
      vertex 99.7345 -4.525 0
      vertex 95.1627 -4.20952 0
      vertex 95.6252 -2.84701 0
    endloop
  endfacet
  facet normal -0 0 -1
    outer loop
      vertex 99.7345 -4.525 0
      vertex 94.5263 -5.5 0
      vertex 95.1627 -4.20952 0
    endloop
  endfacet
  facet normal -0 0 -1
    outer loop
      vertex 99.8616 -4.71533 0
      vertex 94.5263 -5.5 0
      vertex 99.7345 -4.525 0
    endloop
  endfacet
  facet normal 0 0 -1
    outer loop
      vertex 97.5903 -16.65 0
      vertex 92.7782 -7.77817 0
      vertex 93.7269 -6.69637 0
    endloop
  endfacet
  facet normal 0 0 -1
    outer loop
      vertex 97.5903 -16.65 0
      vertex 91.6964 -8.72689 0
      vertex 92.7782 -7.77817 0
    endloop
  endfacet
  facet normal 0 0 -1
    outer loop
      vertex 97.5903 -16.65 0
      vertex 90.5 -9.52628 0
      vertex 91.6964 -8.72689 0
    endloop
  endfacet
  facet normal 0 0 -1
    outer loop
      vertex 97.5903 -16.65 0
      vertex 89.2095 -10.1627 0
      vertex 90.5 -9.52628 0
    endloop
  endfacet
  facet normal 0 0 -1
    outer loop
      vertex 97.5903 -16.65 0
      vertex 87.847 -10.6252 0
      vertex 89.2095 -10.1627 0
    endloop
  endfacet
  facet normal 0 0 -1
    outer loop
      vertex 80.4792 -16.65 0
      vertex 87.847 -10.6252 0
      vertex 97.5903 -16.65 0
    endloop
  endfacet
  facet normal 0 0 -1
    outer loop
      vertex 87.847 -10.6252 0
      vertex 80.4792 -16.65 0
      vertex 86.4358 -10.9059 0
    endloop
  endfacet
  facet normal 0 0 -1
    outer loop
      vertex 86.4358 -10.9059 0
      vertex 80.4792 -16.65 0
      vertex 85 -11 0
    endloop
  endfacet
  facet normal -0 0 -1
    outer loop
      vertex 85 -11 0
      vertex 80.4792 -16.65 0
      vertex 83.5642 -10.9059 0
    endloop
  endfacet
  facet normal -0 0 -1
    outer loop
      vertex 83.5642 -10.9059 0
      vertex 80.4792 -16.65 0
      vertex 82.153 -10.6252 0
    endloop
  endfacet
  facet normal -0 0 -1
    outer loop
      vertex 82.153 -10.6252 0
      vertex 80.4792 -16.65 0
      vertex 80.7905 -10.1627 0
    endloop
  endfacet
  facet normal 0 0 -1
    outer loop
      vertex 51.2426 -62.2426 0
      vertex 80.4792 -16.65 0
      vertex 97.5903 -16.65 0
    endloop
  endfacet
  facet normal 0 0 -1
    outer loop
      vertex 44.5438 -52 0
      vertex 51.2426 -62.2426 0
      vertex 50.6526 -62.7601 0
    endloop
  endfacet
  facet normal 0 0 -1
    outer loop
      vertex 44.5438 -52 0
      vertex 50.6526 -62.7601 0
      vertex 50 -63.1962 0
    endloop
  endfacet
  facet normal 0 0 -1
    outer loop
      vertex 51.2426 -62.2426 0
      vertex 44.5438 -52 0
      vertex 80.4792 -16.65 0
    endloop
  endfacet
  facet normal 0 0 -1
    outer loop
      vertex 80.4792 -16.65 0
      vertex 79.5 -9.52628 0
      vertex 80.7905 -10.1627 0
    endloop
  endfacet
  facet normal 0 0 -1
    outer loop
      vertex 80.4792 -16.65 0
      vertex 78.3036 -8.72689 0
      vertex 79.5 -9.52628 0
    endloop
  endfacet
  facet normal 0 0 -1
    outer loop
      vertex 80.4792 -16.65 0
      vertex 77.2218 -7.77817 0
      vertex 78.3036 -8.72689 0
    endloop
  endfacet
  facet normal 0 0 -1
    outer loop
      vertex 63 -16.65 0
      vertex 77.2218 -7.77817 0
      vertex 80.4792 -16.65 0
    endloop
  endfacet
  facet normal 0 -0 -1
    outer loop
      vertex 69.2029 -5.34037 0
      vertex 77.2218 -7.77817 0
      vertex 63 -16.65 0
    endloop
  endfacet
  facet normal 0 -0 -1
    outer loop
      vertex 69.625 -5.16554 0
      vertex 76.2731 -6.69637 0
      vertex 69.4197 -5.26679 0
    endloop
  endfacet
  facet normal 0 0 -1
    outer loop
      vertex 70.4404 -3.19707 0
      vertex 74.3748 -2.84701 0
      vertex 70.485 -3.42158 0
    endloop
  endfacet
  facet normal 0 0 -1
    outer loop
      vertex 70.485 -3.42158 0
      vertex 74.3748 -2.84701 0
      vertex 70.5 -3.65 0
    endloop
  endfacet
  facet normal 0 0 -1
    outer loop
      vertex 70.485 -3.87842 0
      vertex 74.3748 -2.84701 0
      vertex 74.8373 -4.20952 0
    endloop
  endfacet
  facet normal 0 0 -1
    outer loop
      vertex 76.2731 -6.69637 0
      vertex 69.8153 -5.03837 0
      vertex 75.4737 -5.5 0
    endloop
  endfacet
  facet normal 0 0 -1
    outer loop
      vertex 74.3748 -2.84701 0
      vertex 70.485 -3.87842 0
      vertex 70.5 -3.65 0
    endloop
  endfacet
  facet normal 0 0 -1
    outer loop
      vertex 74.8373 -4.20952 0
      vertex 70.4404 -4.10293 0
      vertex 70.485 -3.87842 0
    endloop
  endfacet
  facet normal -0 0 -1
    outer loop
      vertex 74.8373 -4.20952 0
      vertex 70.3668 -4.3197 0
      vertex 70.4404 -4.10293 0
    endloop
  endfacet
  facet normal 0 0 -1
    outer loop
      vertex 74.8373 -4.20952 0
      vertex 70.2655 -4.525 0
      vertex 70.3668 -4.3197 0
    endloop
  endfacet
  facet normal 0 0 -1
    outer loop
      vertex 75.4737 -5.5 0
      vertex 70.2655 -4.525 0
      vertex 74.8373 -4.20952 0
    endloop
  endfacet
  facet normal 0 -0 -1
    outer loop
      vertex 70.2655 -4.525 0
      vertex 75.4737 -5.5 0
      vertex 70.1384 -4.71533 0
    endloop
  endfacet
  facet normal 0 -0 -1
    outer loop
      vertex 70.1384 -4.71533 0
      vertex 75.4737 -5.5 0
      vertex 69.9874 -4.88744 0
    endloop
  endfacet
  facet normal 0 -0 -1
    outer loop
      vertex 69.9874 -4.88744 0
      vertex 75.4737 -5.5 0
      vertex 69.8153 -5.03837 0
    endloop
  endfacet
  facet normal 0 -0 -1
    outer loop
      vertex 69.8153 -5.03837 0
      vertex 76.2731 -6.69637 0
      vertex 69.625 -5.16554 0
    endloop
  endfacet
  facet normal 0 0 -1
    outer loop
      vertex 77.2218 -7.77817 0
      vertex 69.4197 -5.26679 0
      vertex 76.2731 -6.69637 0
    endloop
  endfacet
  facet normal 0 -0 -1
    outer loop
      vertex 69.4197 -5.26679 0
      vertex 77.2218 -7.77817 0
      vertex 69.2029 -5.34037 0
    endloop
  endfacet
  facet normal 0 0 -1
    outer loop
      vertex 69.2029 -5.34037 0
      vertex 63 -16.65 0
      vertex 68.9784 -5.38503 0
    endloop
  endfacet
  facet normal 0 0 -1
    outer loop
      vertex 68.9784 -5.38503 0
      vertex 63 -16.65 0
      vertex 68.75 -5.4 0
    endloop
  endfacet
  facet normal -0 0 -1
    outer loop
      vertex 68.75 -5.4 0
      vertex 63 -16.65 0
      vertex 66.75 -5.4 0
    endloop
  endfacet
  facet normal -0 0 -1
    outer loop
      vertex 66.75 -5.4 0
      vertex 63 -16.65 0
      vertex 66.5216 -5.38503 0
    endloop
  endfacet
  facet normal -0 0 -1
    outer loop
      vertex 66.5216 -5.38503 0
      vertex 63 -16.65 0
      vertex 66.2971 -5.34037 0
    endloop
  endfacet
  facet normal -0 0 -1
    outer loop
      vertex 66.2971 -5.34037 0
      vertex 63 -16.65 0
      vertex 66.0803 -5.26679 0
    endloop
  endfacet
  facet normal 0 0 -1
    outer loop
      vertex 60.7156 -15.5854 0
      vertex 66.0803 -5.26679 0
      vertex 63 -16.65 0
    endloop
  endfacet
  facet normal 0 0 -1
    outer loop
      vertex 65.0596 -4.10293 0
      vertex 60 -1.6409 0
      vertex 65.015 -3.87842 0
    endloop
  endfacet
  facet normal 0 0 -1
    outer loop
      vertex 65.1332 -4.3197 0
      vertex 60 -1.6409 0
      vertex 65.0596 -4.10293 0
    endloop
  endfacet
  facet normal 0 0 -1
    outer loop
      vertex 65.2345 -4.525 0
      vertex 60 -1.6409 0
      vertex 65.1332 -4.3197 0
    endloop
  endfacet
  facet normal 0 0 -1
    outer loop
      vertex 65.3616 -4.71533 0
      vertex 60 -1.6409 0
      vertex 65.2345 -4.525 0
    endloop
  endfacet
  facet normal 0 0 -1
    outer loop
      vertex 60 -1.6409 0
      vertex 65.3616 -4.71533 0
      vertex 60.7156 -15.5854 0
    endloop
  endfacet
  facet normal -0 0 -1
    outer loop
      vertex 65.5126 -4.88744 0
      vertex 60.7156 -15.5854 0
      vertex 65.3616 -4.71533 0
    endloop
  endfacet
  facet normal -0 0 -1
    outer loop
      vertex 65.6847 -5.03837 0
      vertex 60.7156 -15.5854 0
      vertex 65.5126 -4.88744 0
    endloop
  endfacet
  facet normal -0 0 -1
    outer loop
      vertex 65.875 -5.16554 0
      vertex 60.7156 -15.5854 0
      vertex 65.6847 -5.03837 0
    endloop
  endfacet
  facet normal -0 0 -1
    outer loop
      vertex 66.0803 -5.26679 0
      vertex 60.7156 -15.5854 0
      vertex 65.875 -5.16554 0
    endloop
  endfacet
  facet normal 0 0 -1
    outer loop
      vertex 110 -13.65 0
      vertex 104.94 -3.19707 0
      vertex 110 34.35 0
    endloop
  endfacet
  facet normal 0 0 -1
    outer loop
      vertex 110 34.35 0
      vertex 104.985 24.1216 0
      vertex 105 24.35 0
    endloop
  endfacet
  facet normal 0 0 -1
    outer loop
      vertex 104.94 23.8971 0
      vertex 110 34.35 0
      vertex 104.94 -3.19707 0
    endloop
  endfacet
  facet normal 0 0 -1
    outer loop
      vertex 110 34.35 0
      vertex 104.94 23.8971 0
      vertex 104.985 24.1216 0
    endloop
  endfacet
  facet normal 0 0 -1
    outer loop
      vertex 104.867 -2.9803 0
      vertex 104.94 23.8971 0
      vertex 104.94 -3.19707 0
    endloop
  endfacet
  facet normal 0 0 -1
    outer loop
      vertex 104.867 -2.9803 0
      vertex 104.867 23.6803 0
      vertex 104.94 23.8971 0
    endloop
  endfacet
  facet normal 0 0 -1
    outer loop
      vertex 104.766 -2.775 0
      vertex 104.867 23.6803 0
      vertex 104.867 -2.9803 0
    endloop
  endfacet
  facet normal 0 0 -1
    outer loop
      vertex 104.766 -2.775 0
      vertex 104.766 23.475 0
      vertex 104.867 23.6803 0
    endloop
  endfacet
  facet normal 0 0 -1
    outer loop
      vertex 104.638 -2.58467 0
      vertex 104.766 23.475 0
      vertex 104.766 -2.775 0
    endloop
  endfacet
  facet normal 0 0 -1
    outer loop
      vertex 104.638 -2.58467 0
      vertex 104.638 23.2847 0
      vertex 104.766 23.475 0
    endloop
  endfacet
  facet normal 0 0 -1
    outer loop
      vertex 104.487 -2.41256 0
      vertex 104.638 23.2847 0
      vertex 104.638 -2.58467 0
    endloop
  endfacet
  facet normal 0 0 -1
    outer loop
      vertex 104.487 -2.41256 0
      vertex 104.487 23.1126 0
      vertex 104.638 23.2847 0
    endloop
  endfacet
  facet normal 0 0 -1
    outer loop
      vertex 104.315 -2.26163 0
      vertex 104.487 23.1126 0
      vertex 104.487 -2.41256 0
    endloop
  endfacet
  facet normal 0 0 -1
    outer loop
      vertex 104.315 -2.26163 0
      vertex 104.315 22.9616 0
      vertex 104.487 23.1126 0
    endloop
  endfacet
  facet normal 0 0 -1
    outer loop
      vertex 104.125 -2.13445 0
      vertex 104.315 22.9616 0
      vertex 104.315 -2.26163 0
    endloop
  endfacet
  facet normal 0 0 -1
    outer loop
      vertex 104.125 -2.13445 0
      vertex 104.125 22.8345 0
      vertex 104.315 22.9616 0
    endloop
  endfacet
  facet normal 0 0 -1
    outer loop
      vertex 103.92 -2.03321 0
      vertex 104.125 22.8345 0
      vertex 104.125 -2.13445 0
    endloop
  endfacet
  facet normal 0 0 -1
    outer loop
      vertex 103.92 -2.03321 0
      vertex 103.92 22.7332 0
      vertex 104.125 22.8345 0
    endloop
  endfacet
  facet normal 0 0 -1
    outer loop
      vertex 103.703 -1.95963 0
      vertex 103.92 22.7332 0
      vertex 103.92 -2.03321 0
    endloop
  endfacet
  facet normal 0 0 -1
    outer loop
      vertex 103.703 -1.95963 0
      vertex 103.703 22.6596 0
      vertex 103.92 22.7332 0
    endloop
  endfacet
  facet normal 0 0 -1
    outer loop
      vertex 103.478 -1.91497 0
      vertex 103.703 22.6596 0
      vertex 103.703 -1.95963 0
    endloop
  endfacet
  facet normal 0 0 -1
    outer loop
      vertex 103.478 -1.91497 0
      vertex 103.478 22.615 0
      vertex 103.703 22.6596 0
    endloop
  endfacet
  facet normal 0 0 -1
    outer loop
      vertex 95.1627 4.20952 0
      vertex 103.478 -1.91497 0
      vertex 103.25 -1.9 0
    endloop
  endfacet
  facet normal 0 0 -1
    outer loop
      vertex 103.478 -1.91497 0
      vertex 95.1627 4.20952 0
      vertex 103.478 22.615 0
    endloop
  endfacet
  facet normal 0 0 -1
    outer loop
      vertex 95.6252 2.84701 0
      vertex 103.25 -1.9 0
      vertex 101.25 -1.9 0
    endloop
  endfacet
  facet normal 0 0 -1
    outer loop
      vertex 94.5263 5.5 0
      vertex 103.478 22.615 0
      vertex 95.1627 4.20952 0
    endloop
  endfacet
  facet normal 0 0 -1
    outer loop
      vertex 95.6252 2.84701 0
      vertex 101.25 -1.9 0
      vertex 101.022 -1.91497 0
    endloop
  endfacet
  facet normal 0 0 -1
    outer loop
      vertex 103.478 22.615 0
      vertex 94.5263 5.5 0
      vertex 103.25 22.6 0
    endloop
  endfacet
  facet normal 0 0 -1
    outer loop
      vertex 95.9059 1.43579 0
      vertex 101.022 -1.91497 0
      vertex 100.797 -1.95963 0
    endloop
  endfacet
  facet normal 0 0 -1
    outer loop
      vertex 93.7269 6.69637 0
      vertex 103.25 22.6 0
      vertex 94.5263 5.5 0
    endloop
  endfacet
  facet normal 0 0 -1
    outer loop
      vertex 95.9059 1.43579 0
      vertex 100.797 -1.95963 0
      vertex 100.58 -2.03321 0
    endloop
  endfacet
  facet normal -0 0 -1
    outer loop
      vertex 103.25 22.6 0
      vertex 93.7269 6.69637 0
      vertex 101.25 22.6 0
    endloop
  endfacet
  facet normal 0 0 -1
    outer loop
      vertex 96 0 0
      vertex 100.58 -2.03321 0
      vertex 100.375 -2.13445 0
    endloop
  endfacet
  facet normal -0 0 -1
    outer loop
      vertex 101.25 22.6 0
      vertex 93.7269 6.69637 0
      vertex 101.022 22.615 0
    endloop
  endfacet
  facet normal 0 0 -1
    outer loop
      vertex 96 0 0
      vertex 100.375 -2.13445 0
      vertex 100.185 -2.26163 0
    endloop
  endfacet
  facet normal 0 0 -1
    outer loop
      vertex 92.7782 7.77817 0
      vertex 101.022 22.615 0
      vertex 93.7269 6.69637 0
    endloop
  endfacet
  facet normal 0 0 -1
    outer loop
      vertex 96 0 0
      vertex 100.185 -2.26163 0
      vertex 100.013 -2.41256 0
    endloop
  endfacet
  facet normal -0 0 -1
    outer loop
      vertex 101.022 22.615 0
      vertex 92.7782 7.77817 0
      vertex 100.797 22.6596 0
    endloop
  endfacet
  facet normal 0 0 -1
    outer loop
      vertex 95.9059 -1.43579 0
      vertex 100.013 -2.41256 0
      vertex 99.8616 -2.58467 0
    endloop
  endfacet
  facet normal -0 0 -1
    outer loop
      vertex 100.797 22.6596 0
      vertex 92.7782 7.77817 0
      vertex 100.58 22.7332 0
    endloop
  endfacet
  facet normal 0 0 -1
    outer loop
      vertex 95.9059 -1.43579 0
      vertex 99.8616 -2.58467 0
      vertex 99.7345 -2.775 0
    endloop
  endfacet
  facet normal 0 0 -1
    outer loop
      vertex 91.6964 8.72689 0
      vertex 100.58 22.7332 0
      vertex 92.7782 7.77817 0
    endloop
  endfacet
  facet normal 0 0 -1
    outer loop
      vertex 95.9059 -1.43579 0
      vertex 99.7345 -2.775 0
      vertex 99.6332 -2.9803 0
    endloop
  endfacet
  facet normal -0 0 -1
    outer loop
      vertex 100.58 22.7332 0
      vertex 91.6964 8.72689 0
      vertex 100.375 22.8345 0
    endloop
  endfacet
  facet normal 0 0 -1
    outer loop
      vertex 95.9059 -1.43579 0
      vertex 99.6332 -2.9803 0
      vertex 99.5596 -3.19707 0
    endloop
  endfacet
  facet normal -0 0 -1
    outer loop
      vertex 100.375 22.8345 0
      vertex 91.6964 8.72689 0
      vertex 100.185 22.9616 0
    endloop
  endfacet
  facet normal 0 0 -1
    outer loop
      vertex 95.9059 -1.43579 0
      vertex 99.5596 -3.19707 0
      vertex 99.515 -3.42158 0
    endloop
  endfacet
  facet normal 0 0 -1
    outer loop
      vertex 90.5 9.52628 0
      vertex 100.185 22.9616 0
      vertex 91.6964 8.72689 0
    endloop
  endfacet
  facet normal 0 0 -1
    outer loop
      vertex 95.9059 -1.43579 0
      vertex 99.515 -3.42158 0
      vertex 99.5 -3.65 0
    endloop
  endfacet
  facet normal 0 0 -1
    outer loop
      vertex 103.25 -1.9 0
      vertex 95.6252 2.84701 0
      vertex 95.1627 4.20952 0
    endloop
  endfacet
  facet normal 0 0 -1
    outer loop
      vertex 107 -16.65 0
      vertex 110 -13.65 0
      vertex 109.974 -14.0416 0
    endloop
  endfacet
  facet normal 0 0 -1
    outer loop
      vertex 104.985 -3.42158 0
      vertex 110 -13.65 0
      vertex 105 -3.65 0
    endloop
  endfacet
  facet normal 0 0 -1
    outer loop
      vertex 107 -16.65 0
      vertex 109.974 -14.0416 0
      vertex 109.898 -14.4264 0
    endloop
  endfacet
  facet normal 0 0 -1
    outer loop
      vertex 104.94 -3.19707 0
      vertex 110 -13.65 0
      vertex 104.985 -3.42158 0
    endloop
  endfacet
  facet normal 0 0 -1
    outer loop
      vertex 107 -16.65 0
      vertex 109.898 -14.4264 0
      vertex 109.772 -14.798 0
    endloop
  endfacet
  facet normal 0 0 -1
    outer loop
      vertex 104.985 24.5784 0
      vertex 110 34.35 0
      vertex 105 24.35 0
    endloop
  endfacet
  facet normal 0 0 -1
    outer loop
      vertex 107 -16.65 0
      vertex 109.772 -14.798 0
      vertex 109.598 -15.15 0
    endloop
  endfacet
  facet normal 0 0 -1
    outer loop
      vertex 104.94 24.8029 0
      vertex 110 34.35 0
      vertex 104.985 24.5784 0
    endloop
  endfacet
  facet normal 0 0 -1
    outer loop
      vertex 107 -16.65 0
      vertex 109.598 -15.15 0
      vertex 109.38 -15.4763 0
    endloop
  endfacet
  facet normal 0 0 -1
    outer loop
      vertex 104.867 25.0197 0
      vertex 110 34.35 0
      vertex 104.94 24.8029 0
    endloop
  endfacet
  facet normal 0 0 -1
    outer loop
      vertex 107 -16.65 0
      vertex 109.38 -15.4763 0
      vertex 109.121 -15.7713 0
    endloop
  endfacet
  facet normal 0 0 -1
    outer loop
      vertex 104.766 25.225 0
      vertex 110 34.35 0
      vertex 104.867 25.0197 0
    endloop
  endfacet
  facet normal 0 0 -1
    outer loop
      vertex 107 -16.65 0
      vertex 109.121 -15.7713 0
      vertex 108.826 -16.0301 0
    endloop
  endfacet
  facet normal 0 0 -1
    outer loop
      vertex 104.638 25.4153 0
      vertex 110 34.35 0
      vertex 104.766 25.225 0
    endloop
  endfacet
  facet normal 0 0 -1
    outer loop
      vertex 107 -16.65 0
      vertex 108.826 -16.0301 0
      vertex 108.5 -16.2481 0
    endloop
  endfacet
  facet normal 0 0 -1
    outer loop
      vertex 104.487 25.5874 0
      vertex 110 34.35 0
      vertex 104.638 25.4153 0
    endloop
  endfacet
  facet normal 0 0 -1
    outer loop
      vertex 107 -16.65 0
      vertex 108.5 -16.2481 0
      vertex 108.148 -16.4216 0
    endloop
  endfacet
  facet normal 0 0 -1
    outer loop
      vertex 104.315 25.7384 0
      vertex 110 34.35 0
      vertex 104.487 25.5874 0
    endloop
  endfacet
  facet normal 0 0 -1
    outer loop
      vertex 107 -16.65 0
      vertex 108.148 -16.4216 0
      vertex 107.776 -16.5478 0
    endloop
  endfacet
  facet normal 0 0 -1
    outer loop
      vertex 104.125 25.8655 0
      vertex 110 34.35 0
      vertex 104.315 25.7384 0
    endloop
  endfacet
  facet normal 0 0 -1
    outer loop
      vertex 107 -16.65 0
      vertex 107.776 -16.5478 0
      vertex 107.392 -16.6243 0
    endloop
  endfacet
  facet normal 0 0 -1
    outer loop
      vertex 103.92 25.9668 0
      vertex 110 34.35 0
      vertex 104.125 25.8655 0
    endloop
  endfacet
  facet normal 0 0 -1
    outer loop
      vertex 103.478 -5.38503 0
      vertex 110 -13.65 0
      vertex 107 -16.65 0
    endloop
  endfacet
  facet normal 0 0 -1
    outer loop
      vertex 103.703 26.0404 0
      vertex 110 34.35 0
      vertex 103.92 25.9668 0
    endloop
  endfacet
  facet normal 0 0 -1
    outer loop
      vertex 103.478 26.085 0
      vertex 110 34.35 0
      vertex 103.703 26.0404 0
    endloop
  endfacet
  facet normal 0 0 -1
    outer loop
      vertex 110 -13.65 0
      vertex 104.985 -3.87842 0
      vertex 105 -3.65 0
    endloop
  endfacet
  facet normal 0 0 -1
    outer loop
      vertex 110 -13.65 0
      vertex 104.94 -4.10293 0
      vertex 104.985 -3.87842 0
    endloop
  endfacet
  facet normal 0 0 -1
    outer loop
      vertex 110 -13.65 0
      vertex 104.867 -4.3197 0
      vertex 104.94 -4.10293 0
    endloop
  endfacet
  facet normal 0 0 -1
    outer loop
      vertex 110 -13.65 0
      vertex 104.766 -4.525 0
      vertex 104.867 -4.3197 0
    endloop
  endfacet
  facet normal 0 0 -1
    outer loop
      vertex 110 -13.65 0
      vertex 104.638 -4.71533 0
      vertex 104.766 -4.525 0
    endloop
  endfacet
  facet normal 0 0 -1
    outer loop
      vertex 110 -13.65 0
      vertex 104.487 -4.88744 0
      vertex 104.638 -4.71533 0
    endloop
  endfacet
  facet normal 0 0 -1
    outer loop
      vertex 110 -13.65 0
      vertex 104.315 -5.03837 0
      vertex 104.487 -4.88744 0
    endloop
  endfacet
  facet normal 0 0 -1
    outer loop
      vertex 110 -13.65 0
      vertex 104.125 -5.16554 0
      vertex 104.315 -5.03837 0
    endloop
  endfacet
  facet normal 0 0 -1
    outer loop
      vertex 110 -13.65 0
      vertex 103.92 -5.26679 0
      vertex 104.125 -5.16554 0
    endloop
  endfacet
  facet normal 0 0 -1
    outer loop
      vertex 110 -13.65 0
      vertex 103.703 -5.34037 0
      vertex 103.92 -5.26679 0
    endloop
  endfacet
  facet normal 0 0 -1
    outer loop
      vertex 110 -13.65 0
      vertex 103.478 -5.38503 0
      vertex 103.703 -5.34037 0
    endloop
  endfacet
  facet normal 0 0 -1
    outer loop
      vertex 107 -16.65 0
      vertex 103.25 -5.4 0
      vertex 103.478 -5.38503 0
    endloop
  endfacet
  facet normal 0 0 -1
    outer loop
      vertex 107 -16.65 0
      vertex 101.25 -5.4 0
      vertex 103.25 -5.4 0
    endloop
  endfacet
  facet normal 0 0 -1
    outer loop
      vertex 97.5903 -16.65 0
      vertex 101.25 -5.4 0
      vertex 107 -16.65 0
    endloop
  endfacet
  facet normal -0 0 -1
    outer loop
      vertex 101.25 -5.4 0
      vertex 97.5903 -16.65 0
      vertex 101.022 -5.38503 0
    endloop
  endfacet
  facet normal -0 0 -1
    outer loop
      vertex 101.022 -5.38503 0
      vertex 97.5903 -16.65 0
      vertex 100.797 -5.34037 0
    endloop
  endfacet
  facet normal -0 0 -1
    outer loop
      vertex 100.797 -5.34037 0
      vertex 97.5903 -16.65 0
      vertex 100.58 -5.26679 0
    endloop
  endfacet
  facet normal 0 0 -1
    outer loop
      vertex 93.7269 -6.69637 0
      vertex 100.58 -5.26679 0
      vertex 97.5903 -16.65 0
    endloop
  endfacet
  facet normal -0 0 -1
    outer loop
      vertex 100.58 -5.26679 0
      vertex 93.7269 -6.69637 0
      vertex 100.375 -5.16554 0
    endloop
  endfacet
  facet normal -0 0 -1
    outer loop
      vertex 100.375 -5.16554 0
      vertex 93.7269 -6.69637 0
      vertex 100.185 -5.03837 0
    endloop
  endfacet
  facet normal 0 -0 -1
    outer loop
      vertex 94.5263 -5.5 0
      vertex 100.185 -5.03837 0
      vertex 93.7269 -6.69637 0
    endloop
  endfacet
  facet normal 0 0 -1
    outer loop
      vertex 95.9059 -1.43579 0
      vertex 99.5 -3.65 0
      vertex 99.515 -3.87842 0
    endloop
  endfacet
  facet normal 0 0 -1
    outer loop
      vertex 95.9059 -1.43579 0
      vertex 99.515 -3.87842 0
      vertex 99.5596 -4.10293 0
    endloop
  endfacet
  facet normal 0 0 -1
    outer loop
      vertex 95.9059 -1.43579 0
      vertex 99.5596 -4.10293 0
      vertex 99.6332 -4.3197 0
    endloop
  endfacet
  facet normal 0 0 -1
    outer loop
      vertex 99.7345 -4.525 0
      vertex 95.9059 -1.43579 0
      vertex 99.6332 -4.3197 0
    endloop
  endfacet
  facet normal -0 0 -1
    outer loop
      vertex 100.013 -4.88744 0
      vertex 94.5263 -5.5 0
      vertex 99.8616 -4.71533 0
    endloop
  endfacet
  facet normal -0 0 -1
    outer loop
      vertex 100.185 -5.03837 0
      vertex 94.5263 -5.5 0
      vertex 100.013 -4.88744 0
    endloop
  endfacet
  facet normal 0 0 -1
    outer loop
      vertex 110 34.35 0
      vertex 107 37.35 0
      vertex 109.974 34.7416 0
    endloop
  endfacet
  facet normal 0 0 -1
    outer loop
      vertex 109.974 34.7416 0
      vertex 107 37.35 0
      vertex 109.898 35.1264 0
    endloop
  endfacet
  facet normal 0 0 -1
    outer loop
      vertex 109.898 35.1264 0
      vertex 107 37.35 0
      vertex 109.772 35.498 0
    endloop
  endfacet
  facet normal 0 0 -1
    outer loop
      vertex 109.772 35.498 0
      vertex 107 37.35 0
      vertex 109.598 35.85 0
    endloop
  endfacet
  facet normal 0 0 -1
    outer loop
      vertex 109.38 36.1763 0
      vertex 107 37.35 0
      vertex 109.121 36.4713 0
    endloop
  endfacet
  facet normal 0 0 -1
    outer loop
      vertex 109.121 36.4713 0
      vertex 107 37.35 0
      vertex 108.826 36.73 0
    endloop
  endfacet
  facet normal 0 0 -1
    outer loop
      vertex 108.826 36.73 0
      vertex 107 37.35 0
      vertex 108.5 36.9481 0
    endloop
  endfacet
  facet normal 0 0 -1
    outer loop
      vertex 108.5 36.9481 0
      vertex 107 37.35 0
      vertex 108.148 37.1216 0
    endloop
  endfacet
  facet normal 0 0 -1
    outer loop
      vertex 107.776 37.2478 0
      vertex 107 37.35 0
      vertex 107.392 37.3243 0
    endloop
  endfacet
  facet normal 0 0 -1
    outer loop
      vertex 108.148 37.1216 0
      vertex 107 37.35 0
      vertex 107.776 37.2478 0
    endloop
  endfacet
  facet normal 0 0 -1
    outer loop
      vertex 109.598 35.85 0
      vertex 107 37.35 0
      vertex 109.38 36.1763 0
    endloop
  endfacet
  facet normal -0 0 -1
    outer loop
      vertex 110 34.35 0
      vertex 103.478 26.085 0
      vertex 107 37.35 0
    endloop
  endfacet
  facet normal 0 0 -1
    outer loop
      vertex 103.25 26.1 0
      vertex 107 37.35 0
      vertex 103.478 26.085 0
    endloop
  endfacet
  facet normal 0 0 -1
    outer loop
      vertex 101.25 26.1 0
      vertex 107 37.35 0
      vertex 103.25 26.1 0
    endloop
  endfacet
  facet normal 0 0 -1
    outer loop
      vertex 101.022 26.085 0
      vertex 107 37.35 0
      vertex 101.25 26.1 0
    endloop
  endfacet
  facet normal 0 0 -1
    outer loop
      vertex 100.797 26.0404 0
      vertex 107 37.35 0
      vertex 101.022 26.085 0
    endloop
  endfacet
  facet normal 0 0 -1
    outer loop
      vertex 100.58 25.9668 0
      vertex 107 37.35 0
      vertex 100.797 26.0404 0
    endloop
  endfacet
  facet normal 0 0 -1
    outer loop
      vertex 100.375 25.8655 0
      vertex 107 37.35 0
      vertex 100.58 25.9668 0
    endloop
  endfacet
  facet normal 0 0 -1
    outer loop
      vertex 100.185 25.7384 0
      vertex 107 37.35 0
      vertex 100.375 25.8655 0
    endloop
  endfacet
  facet normal 0 0 -1
    outer loop
      vertex 100.013 25.5874 0
      vertex 107 37.35 0
      vertex 100.185 25.7384 0
    endloop
  endfacet
  facet normal 0 0 -1
    outer loop
      vertex 69.9874 25.5874 0
      vertex 100.013 25.5874 0
      vertex 99.8616 25.4153 0
    endloop
  endfacet
  facet normal 0 0 -1
    outer loop
      vertex 70.1384 25.4153 0
      vertex 99.8616 25.4153 0
      vertex 99.7345 25.225 0
    endloop
  endfacet
  facet normal 0 0 -1
    outer loop
      vertex 100.58 -2.03321 0
      vertex 96 0 0
      vertex 95.9059 1.43579 0
    endloop
  endfacet
  facet normal 0 0 -1
    outer loop
      vertex 101.022 -1.91497 0
      vertex 95.9059 1.43579 0
      vertex 95.6252 2.84701 0
    endloop
  endfacet
  facet normal -0 0 -1
    outer loop
      vertex 100.185 22.9616 0
      vertex 90.5 9.52628 0
      vertex 100.013 23.1126 0
    endloop
  endfacet
  facet normal 0 0 -1
    outer loop
      vertex 89.2095 10.1627 0
      vertex 100.013 23.1126 0
      vertex 90.5 9.52628 0
    endloop
  endfacet
  facet normal -0 0 -1
    outer loop
      vertex 100.013 23.1126 0
      vertex 89.2095 10.1627 0
      vertex 99.8616 23.2847 0
    endloop
  endfacet
  facet normal -0 0 -1
    outer loop
      vertex 99.8616 23.2847 0
      vertex 89.2095 10.1627 0
      vertex 99.7345 23.475 0
    endloop
  endfacet
  facet normal 0 0 -1
    outer loop
      vertex 87.847 10.6252 0
      vertex 99.7345 23.475 0
      vertex 89.2095 10.1627 0
    endloop
  endfacet
  facet normal -0 0 -1
    outer loop
      vertex 99.7345 23.475 0
      vertex 87.847 10.6252 0
      vertex 99.6332 23.6803 0
    endloop
  endfacet
  facet normal -0 0 -1
    outer loop
      vertex 99.6332 23.6803 0
      vertex 87.847 10.6252 0
      vertex 99.5596 23.8971 0
    endloop
  endfacet
  facet normal 0 0 -1
    outer loop
      vertex 86.4358 10.9059 0
      vertex 99.5596 23.8971 0
      vertex 87.847 10.6252 0
    endloop
  endfacet
  facet normal -0 0 -1
    outer loop
      vertex 99.5596 23.8971 0
      vertex 86.4358 10.9059 0
      vertex 99.515 24.1216 0
    endloop
  endfacet
  facet normal -0 0 -1
    outer loop
      vertex 99.515 24.1216 0
      vertex 86.4358 10.9059 0
      vertex 99.5 24.35 0
    endloop
  endfacet
  facet normal 0 0 -1
    outer loop
      vertex 85 11 0
      vertex 99.5 24.35 0
      vertex 86.4358 10.9059 0
    endloop
  endfacet
  facet normal -0 0 -1
    outer loop
      vertex 99.5 24.35 0
      vertex 85 11 0
      vertex 99.515 24.5784 0
    endloop
  endfacet
  facet normal 0 0 -1
    outer loop
      vertex 70.485 24.5784 0
      vertex 99.515 24.5784 0
      vertex 85 11 0
    endloop
  endfacet
  facet normal 0 0 -1
    outer loop
      vertex 99.515 24.5784 0
      vertex 70.485 24.5784 0
      vertex 99.5596 24.8029 0
    endloop
  endfacet
  facet normal 0 0 -1
    outer loop
      vertex 70.4404 24.8029 0
      vertex 99.5596 24.8029 0
      vertex 70.485 24.5784 0
    endloop
  endfacet
  facet normal 0 0 -1
    outer loop
      vertex 99.5596 24.8029 0
      vertex 70.4404 24.8029 0
      vertex 99.6332 25.0197 0
    endloop
  endfacet
  facet normal 0 0 -1
    outer loop
      vertex 70.5 24.35 0
      vertex 85 11 0
      vertex 83.5642 10.9059 0
    endloop
  endfacet
  facet normal 0 0 -1
    outer loop
      vertex 70.5 24.35 0
      vertex 83.5642 10.9059 0
      vertex 82.153 10.6252 0
    endloop
  endfacet
  facet normal 0 0 -1
    outer loop
      vertex 70.5 24.35 0
      vertex 82.153 10.6252 0
      vertex 80.7905 10.1627 0
    endloop
  endfacet
  facet normal 0 0 -1
    outer loop
      vertex 70.5 24.35 0
      vertex 80.7905 10.1627 0
      vertex 79.5 9.52628 0
    endloop
  endfacet
  facet normal 0 0 -1
    outer loop
      vertex 70.5 24.35 0
      vertex 79.5 9.52628 0
      vertex 78.3036 8.72689 0
    endloop
  endfacet
  facet normal 0 0 -1
    outer loop
      vertex 70.5 24.35 0
      vertex 78.3036 8.72689 0
      vertex 77.2218 7.77817 0
    endloop
  endfacet
  facet normal -0 0 -1
    outer loop
      vertex 74.3748 -2.84701 0
      vertex 70.4404 -3.19707 0
      vertex 74.0941 -1.43579 0
    endloop
  endfacet
  facet normal 0 0 -1
    outer loop
      vertex 70.3668 -2.9803 0
      vertex 74.0941 -1.43579 0
      vertex 70.4404 -3.19707 0
    endloop
  endfacet
  facet normal 0 0 -1
    outer loop
      vertex 70.2655 -2.775 0
      vertex 74.0941 -1.43579 0
      vertex 70.3668 -2.9803 0
    endloop
  endfacet
  facet normal 0 0 -1
    outer loop
      vertex 70.1384 -2.58467 0
      vertex 74.0941 -1.43579 0
      vertex 70.2655 -2.775 0
    endloop
  endfacet
  facet normal 0 0 -1
    outer loop
      vertex 74.8373 4.20952 0
      vertex 70.5 24.35 0
      vertex 75.4737 5.5 0
    endloop
  endfacet
  facet normal 0 0 -1
    outer loop
      vertex 70.5 24.35 0
      vertex 76.2731 6.69637 0
      vertex 75.4737 5.5 0
    endloop
  endfacet
  facet normal 0 0 -1
    outer loop
      vertex 70.5 24.35 0
      vertex 77.2218 7.77817 0
      vertex 76.2731 6.69637 0
    endloop
  endfacet
  facet normal 0 0 -1
    outer loop
      vertex 85 11 0
      vertex 70.5 24.35 0
      vertex 70.485 24.5784 0
    endloop
  endfacet
  facet normal 0 0 -1
    outer loop
      vertex 70.3668 25.0197 0
      vertex 99.6332 25.0197 0
      vertex 70.4404 24.8029 0
    endloop
  endfacet
  facet normal 0 0 -1
    outer loop
      vertex 99.6332 25.0197 0
      vertex 70.3668 25.0197 0
      vertex 99.7345 25.225 0
    endloop
  endfacet
  facet normal 0 0 -1
    outer loop
      vertex 70.2655 25.225 0
      vertex 99.7345 25.225 0
      vertex 70.3668 25.0197 0
    endloop
  endfacet
  facet normal 0 0 -1
    outer loop
      vertex 70.1384 25.4153 0
      vertex 99.7345 25.225 0
      vertex 70.2655 25.225 0
    endloop
  endfacet
  facet normal 0 0 -1
    outer loop
      vertex 99.8616 25.4153 0
      vertex 70.1384 25.4153 0
      vertex 69.9874 25.5874 0
    endloop
  endfacet
  facet normal 0 0 -1
    outer loop
      vertex 100.013 25.5874 0
      vertex 69.9874 25.5874 0
      vertex 107 37.35 0
    endloop
  endfacet
  facet normal 0 0 -1
    outer loop
      vertex 63 37.35 0
      vertex 69.9874 25.5874 0
      vertex 69.8153 25.7384 0
    endloop
  endfacet
  facet normal 0 0 -1
    outer loop
      vertex 63 37.35 0
      vertex 69.8153 25.7384 0
      vertex 69.625 25.8655 0
    endloop
  endfacet
  facet normal 0 0 -1
    outer loop
      vertex 63 37.35 0
      vertex 69.625 25.8655 0
      vertex 69.4197 25.9668 0
    endloop
  endfacet
  facet normal 0 0 -1
    outer loop
      vertex 63 37.35 0
      vertex 69.4197 25.9668 0
      vertex 69.2029 26.0404 0
    endloop
  endfacet
  facet normal 0 0 -1
    outer loop
      vertex 63 37.35 0
      vertex 69.2029 26.0404 0
      vertex 68.9784 26.085 0
    endloop
  endfacet
  facet normal 0 0 -1
    outer loop
      vertex 63 37.35 0
      vertex 68.9784 26.085 0
      vertex 68.75 26.1 0
    endloop
  endfacet
  facet normal 0 0 -1
    outer loop
      vertex 63 37.35 0
      vertex 68.75 26.1 0
      vertex 66.75 26.1 0
    endloop
  endfacet
  facet normal 0 0 -1
    outer loop
      vertex 63 37.35 0
      vertex 66.75 26.1 0
      vertex 66.5216 26.085 0
    endloop
  endfacet
  facet normal 0 0 -1
    outer loop
      vertex 60 34.35 0
      vertex 66.5216 26.085 0
      vertex 66.2971 26.0404 0
    endloop
  endfacet
  facet normal 0 0 -1
    outer loop
      vertex 69.9874 25.5874 0
      vertex 63 37.35 0
      vertex 107 37.35 0
    endloop
  endfacet
  facet normal 0 0 -1
    outer loop
      vertex 60 34.35 0
      vertex 66.2971 26.0404 0
      vertex 66.0803 25.9668 0
    endloop
  endfacet
  facet normal 0 0 -1
    outer loop
      vertex 60 34.35 0
      vertex 66.0803 25.9668 0
      vertex 65.875 25.8655 0
    endloop
  endfacet
  facet normal 0 0 -1
    outer loop
      vertex 60 34.35 0
      vertex 65.875 25.8655 0
      vertex 65.6847 25.7384 0
    endloop
  endfacet
  facet normal 0 0 -1
    outer loop
      vertex 60 34.35 0
      vertex 65.6847 25.7384 0
      vertex 65.5126 25.5874 0
    endloop
  endfacet
  facet normal 0 0 -1
    outer loop
      vertex 60 34.35 0
      vertex 65.5126 25.5874 0
      vertex 65.3616 25.4153 0
    endloop
  endfacet
  facet normal 0 0 -1
    outer loop
      vertex 60 34.35 0
      vertex 65.3616 25.4153 0
      vertex 65.2345 25.225 0
    endloop
  endfacet
  facet normal 0 0 -1
    outer loop
      vertex 60 34.35 0
      vertex 65.2345 25.225 0
      vertex 65.1332 25.0197 0
    endloop
  endfacet
  facet normal 0 0 -1
    outer loop
      vertex 60 34.35 0
      vertex 65.1332 25.0197 0
      vertex 65.0596 24.8029 0
    endloop
  endfacet
  facet normal 0 0 -1
    outer loop
      vertex 60 34.35 0
      vertex 65.0596 24.8029 0
      vertex 65.015 24.5784 0
    endloop
  endfacet
  facet normal 0 0 -1
    outer loop
      vertex 60 34.35 0
      vertex 65.015 24.5784 0
      vertex 65 24.35 0
    endloop
  endfacet
  facet normal 0 0 -1
    outer loop
      vertex 60 34.35 0
      vertex 65.015 24.1216 0
      vertex 65.0596 23.8971 0
    endloop
  endfacet
  facet normal 0 0 -1
    outer loop
      vertex 60.7156 -15.5854 0
      vertex 63 -16.65 0
      vertex 62.6084 -16.6243 0
    endloop
  endfacet
  facet normal 0 0 -1
    outer loop
      vertex 60 34.35 0
      vertex 65 24.35 0
      vertex 65.015 24.1216 0
    endloop
  endfacet
  facet normal 0 0 -1
    outer loop
      vertex 60.7156 -15.5854 0
      vertex 62.6084 -16.6243 0
      vertex 62.2236 -16.5478 0
    endloop
  endfacet
  facet normal 0 0 -1
    outer loop
      vertex 66.5216 26.085 0
      vertex 60 34.35 0
      vertex 63 37.35 0
    endloop
  endfacet
  facet normal 0 0 -1
    outer loop
      vertex 60.7156 -15.5854 0
      vertex 62.2236 -16.5478 0
      vertex 61.852 -16.4216 0
    endloop
  endfacet
  facet normal 0 0 -1
    outer loop
      vertex 63 37.35 0
      vertex 60.0257 34.7416 0
      vertex 62.6084 37.3243 0
    endloop
  endfacet
  facet normal 0 0 -1
    outer loop
      vertex 60.7156 -15.5854 0
      vertex 61.852 -16.4216 0
      vertex 61.5 -16.2481 0
    endloop
  endfacet
  facet normal 0 0 -1
    outer loop
      vertex 62.6084 37.3243 0
      vertex 60.0257 34.7416 0
      vertex 62.2236 37.2478 0
    endloop
  endfacet
  facet normal 0 0 -1
    outer loop
      vertex 60.7156 -15.5854 0
      vertex 61.5 -16.2481 0
      vertex 61.1737 -16.0301 0
    endloop
  endfacet
  facet normal 0 0 -1
    outer loop
      vertex 62.2236 37.2478 0
      vertex 60.0257 34.7416 0
      vertex 61.852 37.1216 0
    endloop
  endfacet
  facet normal 0 0 -1
    outer loop
      vertex 60.7156 -15.5854 0
      vertex 61.1737 -16.0301 0
      vertex 60.8787 -15.7713 0
    endloop
  endfacet
  facet normal 0 0 -1
    outer loop
      vertex 61.852 37.1216 0
      vertex 60.0257 34.7416 0
      vertex 61.5 36.9481 0
    endloop
  endfacet
  facet normal 0 0 -1
    outer loop
      vertex 65.015 -3.87842 0
      vertex 60 -1.6409 0
      vertex 65 -3.65 0
    endloop
  endfacet
  facet normal 0 0 -1
    outer loop
      vertex 61.5 36.9481 0
      vertex 60.0257 34.7416 0
      vertex 61.1737 36.73 0
    endloop
  endfacet
  facet normal 0 0 -1
    outer loop
      vertex 61.1737 36.73 0
      vertex 60.0257 34.7416 0
      vertex 60.8787 36.4713 0
    endloop
  endfacet
  facet normal 0 0 -1
    outer loop
      vertex 60.8787 36.4713 0
      vertex 60.0257 34.7416 0
      vertex 60.6199 36.1763 0
    endloop
  endfacet
  facet normal 0 0 -1
    outer loop
      vertex 60.6199 36.1763 0
      vertex 60.0257 34.7416 0
      vertex 60.4019 35.85 0
    endloop
  endfacet
  facet normal 0 0 -1
    outer loop
      vertex 60.4019 35.85 0
      vertex 60.0257 34.7416 0
      vertex 60.2284 35.498 0
    endloop
  endfacet
  facet normal 0 0 -1
    outer loop
      vertex 60.2284 35.498 0
      vertex 60.0257 34.7416 0
      vertex 60.1022 35.1264 0
    endloop
  endfacet
  facet normal 0 0 -1
    outer loop
      vertex 6.47891 -52 0
      vertex 60 -1.6409 0
      vertex 60.7156 -15.5854 0
    endloop
  endfacet
  facet normal 0 0 -1
    outer loop
      vertex 60 -1.6409 0
      vertex 6.47891 -52 0
      vertex -15.0059 -52 0
    endloop
  endfacet
  facet normal 0 -1 0
    outer loop
      vertex -23.2 -64 41
      vertex -16.2 -64 28
      vertex -16.2 -64 41
    endloop
  endfacet
  facet normal 0 -1 0
    outer loop
      vertex -23.2 -64 15
      vertex -16.2 -64 28
      vertex -23.2 -64 41
    endloop
  endfacet
  facet normal 0 -1 0
    outer loop
      vertex -16.2 -64 15
      vertex -16.2 -64 28
      vertex -23.2 -64 15
    endloop
  endfacet
  facet normal 0 -1 0
    outer loop
      vertex -16.2 -64 28
      vertex -16.2 -64 15
      vertex -10.2 -64 28
    endloop
  endfacet
  facet normal 0 -1 0
    outer loop
      vertex -16.2 -64 15
      vertex -10.2 -64 7
      vertex -10.2 -64 28
    endloop
  endfacet
  facet normal 0 -1 -0
    outer loop
      vertex -10.2 -64 7
      vertex -16.2 -64 0
      vertex 44 -64 7
    endloop
  endfacet
  facet normal 0 -1 0
    outer loop
      vertex -16.2 -64 0
      vertex -10.2 -64 7
      vertex -16.2 -64 15
    endloop
  endfacet
  facet normal 0 -1 0
    outer loop
      vertex 44 -64 28
      vertex 50 -64 15
      vertex 50 -64 28
    endloop
  endfacet
  facet normal 0 -1 0
    outer loop
      vertex 44 -64 7
      vertex 50 -64 15
      vertex 44 -64 28
    endloop
  endfacet
  facet normal 0 -1 0
    outer loop
      vertex 44 -64 7
      vertex 50 -64 0
      vertex 50 -64 15
    endloop
  endfacet
  facet normal 0 -1 0
    outer loop
      vertex 50 -64 0
      vertex 44 -64 7
      vertex -16.2 -64 0
    endloop
  endfacet
  facet normal 0 -1 0
    outer loop
      vertex 50 -64 28
      vertex 55 -64 41
      vertex 50 -64 41
    endloop
  endfacet
  facet normal 0 -1 0
    outer loop
      vertex 55 -64 15
      vertex 50 -64 28
      vertex 50 -64 15
    endloop
  endfacet
  facet normal 0 -1 0
    outer loop
      vertex 50 -64 28
      vertex 55 -64 15
      vertex 55 -64 41
    endloop
  endfacet
  facet normal -1 0 0
    outer loop
      vertex 44 -56.3096 20.5471
      vertex 44 -52 28
      vertex 44 -52 7
    endloop
  endfacet
  facet normal -1 0 0
    outer loop
      vertex 44 -52 28
      vertex 44 -56.265 20.7716
      vertex 44 -56.25 21
    endloop
  endfacet
  facet normal -1 0 0
    outer loop
      vertex 44 -52 28
      vertex 44 -56.3096 20.5471
      vertex 44 -56.265 20.7716
    endloop
  endfacet
  facet normal -1 0 0
    outer loop
      vertex 44 -52 7
      vertex 44 -56.3832 20.3303
      vertex 44 -56.3096 20.5471
    endloop
  endfacet
  facet normal -1 0 0
    outer loop
      vertex 44 -52 7
      vertex 44 -56.4845 20.125
      vertex 44 -56.3832 20.3303
    endloop
  endfacet
  facet normal -1 0 0
    outer loop
      vertex 44 -52 7
      vertex 44 -56.6116 19.9347
      vertex 44 -56.4845 20.125
    endloop
  endfacet
  facet normal -1 0 0
    outer loop
      vertex 44 -52 7
      vertex 44 -56.7626 19.7626
      vertex 44 -56.6116 19.9347
    endloop
  endfacet
  facet normal -1 0 0
    outer loop
      vertex 44 -52 7
      vertex 44 -56.9347 19.6116
      vertex 44 -56.7626 19.7626
    endloop
  endfacet
  facet normal -1 0 0
    outer loop
      vertex 44 -52 7
      vertex 44 -57.125 19.4845
      vertex 44 -56.9347 19.6116
    endloop
  endfacet
  facet normal -1 0 0
    outer loop
      vertex 44 -52 7
      vertex 44 -57.3303 19.3832
      vertex 44 -57.125 19.4845
    endloop
  endfacet
  facet normal -1 0 0
    outer loop
      vertex 44 -52 7
      vertex 44 -57.5471 19.3096
      vertex 44 -57.3303 19.3832
    endloop
  endfacet
  facet normal -1 0 0
    outer loop
      vertex 44 -52 7
      vertex 44 -57.7716 19.265
      vertex 44 -57.5471 19.3096
    endloop
  endfacet
  facet normal -1 0 0
    outer loop
      vertex 44 -52 7
      vertex 44 -58 19.25
      vertex 44 -57.7716 19.265
    endloop
  endfacet
  facet normal -1 0 0
    outer loop
      vertex 44 -64 7
      vertex 44 -58 19.25
      vertex 44 -52 7
    endloop
  endfacet
  facet normal -1 -0 0
    outer loop
      vertex 44 -58 19.25
      vertex 44 -64 7
      vertex 44 -58.2284 19.265
    endloop
  endfacet
  facet normal -1 -0 0
    outer loop
      vertex 44 -58.2284 19.265
      vertex 44 -64 7
      vertex 44 -58.4529 19.3096
    endloop
  endfacet
  facet normal -1 -0 0
    outer loop
      vertex 44 -58.4529 19.3096
      vertex 44 -64 7
      vertex 44 -58.6697 19.3832
    endloop
  endfacet
  facet normal -1 -0 0
    outer loop
      vertex 44 -58.6697 19.3832
      vertex 44 -64 7
      vertex 44 -58.875 19.4845
    endloop
  endfacet
  facet normal -1 -0 0
    outer loop
      vertex 44 -58.875 19.4845
      vertex 44 -64 7
      vertex 44 -59.0653 19.6116
    endloop
  endfacet
  facet normal -1 -0 0
    outer loop
      vertex 44 -59.0653 19.6116
      vertex 44 -64 7
      vertex 44 -59.2374 19.7626
    endloop
  endfacet
  facet normal -1 -0 0
    outer loop
      vertex 44 -59.2374 19.7626
      vertex 44 -64 7
      vertex 44 -59.3884 19.9347
    endloop
  endfacet
  facet normal -1 0 0
    outer loop
      vertex 44 -59.6904 20.5471
      vertex 44 -64 28
      vertex 44 -59.735 20.7716
    endloop
  endfacet
  facet normal -1 0 0
    outer loop
      vertex 44 -64 28
      vertex 44 -59.6904 20.5471
      vertex 44 -64 7
    endloop
  endfacet
  facet normal -1 -0 0
    outer loop
      vertex 44 -59.6168 20.3303
      vertex 44 -64 7
      vertex 44 -59.6904 20.5471
    endloop
  endfacet
  facet normal -1 -0 0
    outer loop
      vertex 44 -59.5155 20.125
      vertex 44 -64 7
      vertex 44 -59.6168 20.3303
    endloop
  endfacet
  facet normal -1 -0 0
    outer loop
      vertex 44 -59.3884 19.9347
      vertex 44 -64 7
      vertex 44 -59.5155 20.125
    endloop
  endfacet
  facet normal -1 0 0
    outer loop
      vertex 44 -56.265 21.2284
      vertex 44 -52 28
      vertex 44 -56.25 21
    endloop
  endfacet
  facet normal -1 0 0
    outer loop
      vertex 44 -56.3096 21.4529
      vertex 44 -52 28
      vertex 44 -56.265 21.2284
    endloop
  endfacet
  facet normal -1 0 0
    outer loop
      vertex 44 -56.3832 21.6697
      vertex 44 -52 28
      vertex 44 -56.3096 21.4529
    endloop
  endfacet
  facet normal -1 0 0
    outer loop
      vertex 44 -56.4845 21.875
      vertex 44 -52 28
      vertex 44 -56.3832 21.6697
    endloop
  endfacet
  facet normal -1 0 0
    outer loop
      vertex 44 -56.6116 22.0653
      vertex 44 -52 28
      vertex 44 -56.4845 21.875
    endloop
  endfacet
  facet normal -1 0 0
    outer loop
      vertex 44 -56.7626 22.2374
      vertex 44 -52 28
      vertex 44 -56.6116 22.0653
    endloop
  endfacet
  facet normal -1 0 0
    outer loop
      vertex 44 -56.9347 22.3884
      vertex 44 -52 28
      vertex 44 -56.7626 22.2374
    endloop
  endfacet
  facet normal -1 0 0
    outer loop
      vertex 44 -57.125 22.5155
      vertex 44 -52 28
      vertex 44 -56.9347 22.3884
    endloop
  endfacet
  facet normal -1 0 0
    outer loop
      vertex 44 -57.3303 22.6168
      vertex 44 -52 28
      vertex 44 -57.125 22.5155
    endloop
  endfacet
  facet normal -1 0 0
    outer loop
      vertex 44 -57.5471 22.6904
      vertex 44 -52 28
      vertex 44 -57.3303 22.6168
    endloop
  endfacet
  facet normal -1 0 0
    outer loop
      vertex 44 -57.7716 22.735
      vertex 44 -52 28
      vertex 44 -57.5471 22.6904
    endloop
  endfacet
  facet normal -1 0 0
    outer loop
      vertex 44 -58 22.75
      vertex 44 -52 28
      vertex 44 -57.7716 22.735
    endloop
  endfacet
  facet normal -1 0 0
    outer loop
      vertex 44 -64 28
      vertex 44 -58 22.75
      vertex 44 -58.2284 22.735
    endloop
  endfacet
  facet normal -1 0 0
    outer loop
      vertex 44 -64 28
      vertex 44 -58.2284 22.735
      vertex 44 -58.4529 22.6904
    endloop
  endfacet
  facet normal -1 0 0
    outer loop
      vertex 44 -64 28
      vertex 44 -58.4529 22.6904
      vertex 44 -58.6697 22.6168
    endloop
  endfacet
  facet normal -1 0 0
    outer loop
      vertex 44 -64 28
      vertex 44 -58.6697 22.6168
      vertex 44 -58.875 22.5155
    endloop
  endfacet
  facet normal -1 0 0
    outer loop
      vertex 44 -64 28
      vertex 44 -58.875 22.5155
      vertex 44 -59.0653 22.3884
    endloop
  endfacet
  facet normal -1 0 0
    outer loop
      vertex 44 -59.735 20.7716
      vertex 44 -64 28
      vertex 44 -59.75 21
    endloop
  endfacet
  facet normal -1 0 0
    outer loop
      vertex 44 -59.75 21
      vertex 44 -64 28
      vertex 44 -59.735 21.2284
    endloop
  endfacet
  facet normal -1 0 0
    outer loop
      vertex 44 -58 22.75
      vertex 44 -64 28
      vertex 44 -52 28
    endloop
  endfacet
  facet normal -1 0 0
    outer loop
      vertex 44 -59.2374 22.2374
      vertex 44 -64 28
      vertex 44 -59.0653 22.3884
    endloop
  endfacet
  facet normal -1 0 0
    outer loop
      vertex 44 -59.3884 22.0653
      vertex 44 -64 28
      vertex 44 -59.2374 22.2374
    endloop
  endfacet
  facet normal -1 0 0
    outer loop
      vertex 44 -59.5155 21.875
      vertex 44 -64 28
      vertex 44 -59.3884 22.0653
    endloop
  endfacet
  facet normal -1 0 0
    outer loop
      vertex 44 -59.6168 21.6697
      vertex 44 -64 28
      vertex 44 -59.5155 21.875
    endloop
  endfacet
  facet normal -1 0 0
    outer loop
      vertex 44 -59.6904 21.4529
      vertex 44 -64 28
      vertex 44 -59.6168 21.6697
    endloop
  endfacet
  facet normal -1 0 0
    outer loop
      vertex 44 -59.735 21.2284
      vertex 44 -64 28
      vertex 44 -59.6904 21.4529
    endloop
  endfacet
  facet normal -1 0 0
    outer loop
      vertex 50 -44.3301 30.5
      vertex 50 -56.265 34.7716
      vertex 50 -56.25 35
    endloop
  endfacet
  facet normal -1 0 0
    outer loop
      vertex 50 -52 28
      vertex 50 -56.3096 34.5471
      vertex 50 -56.265 34.7716
    endloop
  endfacet
  facet normal -1 0 0
    outer loop
      vertex 50 -52 28
      vertex 50 -56.3832 34.3303
      vertex 50 -56.3096 34.5471
    endloop
  endfacet
  facet normal -1 0 0
    outer loop
      vertex 50 -52 28
      vertex 50 -56.4845 34.125
      vertex 50 -56.3832 34.3303
    endloop
  endfacet
  facet normal -1 0 0
    outer loop
      vertex 50 -52 28
      vertex 50 -56.6116 33.9347
      vertex 50 -56.4845 34.125
    endloop
  endfacet
  facet normal -1 0 0
    outer loop
      vertex 50 -52 28
      vertex 50 -56.7626 33.7626
      vertex 50 -56.6116 33.9347
    endloop
  endfacet
  facet normal -1 0 0
    outer loop
      vertex 50 -52 28
      vertex 50 -56.9347 33.6116
      vertex 50 -56.7626 33.7626
    endloop
  endfacet
  facet normal -1 0 0
    outer loop
      vertex 50 -52 28
      vertex 50 -57.125 33.4845
      vertex 50 -56.9347 33.6116
    endloop
  endfacet
  facet normal -1 0 0
    outer loop
      vertex 50 -52 28
      vertex 50 -57.3303 33.3832
      vertex 50 -57.125 33.4845
    endloop
  endfacet
  facet normal -1 0 0
    outer loop
      vertex 50 -52 28
      vertex 50 -57.5471 33.3096
      vertex 50 -57.3303 33.3832
    endloop
  endfacet
  facet normal -1 0 0
    outer loop
      vertex 50 -52 28
      vertex 50 -57.7716 33.265
      vertex 50 -57.5471 33.3096
    endloop
  endfacet
  facet normal -1 0 0
    outer loop
      vertex 50 -52 28
      vertex 50 -58 33.25
      vertex 50 -57.7716 33.265
    endloop
  endfacet
  facet normal -1 0 0
    outer loop
      vertex 50 -64 28
      vertex 50 -58 33.25
      vertex 50 -52 28
    endloop
  endfacet
  facet normal -1 -0 0
    outer loop
      vertex 50 -58 33.25
      vertex 50 -64 28
      vertex 50 -58.2284 33.265
    endloop
  endfacet
  facet normal -1 -0 0
    outer loop
      vertex 50 -58.2284 33.265
      vertex 50 -64 28
      vertex 50 -58.4529 33.3096
    endloop
  endfacet
  facet normal -1 -0 0
    outer loop
      vertex 50 -58.4529 33.3096
      vertex 50 -64 28
      vertex 50 -58.6697 33.3832
    endloop
  endfacet
  facet normal -1 -0 0
    outer loop
      vertex 50 -58.6697 33.3832
      vertex 50 -64 28
      vertex 50 -58.875 33.4845
    endloop
  endfacet
  facet normal -1 -0 0
    outer loop
      vertex 50 -59.735 34.7716
      vertex 50 -64 28
      vertex 50 -59.75 35
    endloop
  endfacet
  facet normal -1 -0 0
    outer loop
      vertex 50 -59.6904 34.5471
      vertex 50 -64 28
      vertex 50 -59.735 34.7716
    endloop
  endfacet
  facet normal -1 -0 0
    outer loop
      vertex 50 -59.6168 34.3303
      vertex 50 -64 28
      vertex 50 -59.6904 34.5471
    endloop
  endfacet
  facet normal -1 -0 0
    outer loop
      vertex 50 -59.5155 34.125
      vertex 50 -64 28
      vertex 50 -59.6168 34.3303
    endloop
  endfacet
  facet normal -1 -0 0
    outer loop
      vertex 50 -59.3884 33.9347
      vertex 50 -64 28
      vertex 50 -59.5155 34.125
    endloop
  endfacet
  facet normal -1 -0 0
    outer loop
      vertex 50 -59.2374 33.7626
      vertex 50 -64 28
      vertex 50 -59.3884 33.9347
    endloop
  endfacet
  facet normal -1 -0 0
    outer loop
      vertex 50 -59.0653 33.6116
      vertex 50 -64 28
      vertex 50 -59.2374 33.7626
    endloop
  endfacet
  facet normal -1 -0 0
    outer loop
      vertex 50 -58.875 33.4845
      vertex 50 -64 28
      vertex 50 -59.0653 33.6116
    endloop
  endfacet
  facet normal -1 0 0
    outer loop
      vertex 50 2.5 32.3301
      vertex 50 1.23931 34.8368
      vertex 50 1.25 35
    endloop
  endfacet
  facet normal -1 0 0
    outer loop
      vertex 50 1.91342 32.6194
      vertex 50 1.20741 34.6765
      vertex 50 1.23931 34.8368
    endloop
  endfacet
  facet normal -1 0 0
    outer loop
      vertex 50 1.91342 32.6194
      vertex 50 1.15485 34.5216
      vertex 50 1.20741 34.6765
    endloop
  endfacet
  facet normal -1 0 0
    outer loop
      vertex 50 1.91342 32.6194
      vertex 50 1.08253 34.375
      vertex 50 1.15485 34.5216
    endloop
  endfacet
  facet normal -1 0 0
    outer loop
      vertex 50 1.2941 32.8296
      vertex 50 0.991692 34.239
      vertex 50 1.08253 34.375
    endloop
  endfacet
  facet normal -1 0 0
    outer loop
      vertex 50 1.2941 32.8296
      vertex 50 0.883883 34.1161
      vertex 50 0.991692 34.239
    endloop
  endfacet
  facet normal -1 0 0
    outer loop
      vertex 50 1.2941 32.8296
      vertex 50 0.760951 34.0083
      vertex 50 0.883883 34.1161
    endloop
  endfacet
  facet normal -1 0 0
    outer loop
      vertex 50 0.652631 32.9572
      vertex 50 0.760951 34.0083
      vertex 50 1.2941 32.8296
    endloop
  endfacet
  facet normal -1 0 0
    outer loop
      vertex 50 0.652631 32.9572
      vertex 50 0.625 33.9175
      vertex 50 0.760951 34.0083
    endloop
  endfacet
  facet normal -1 0 0
    outer loop
      vertex 50 0.652631 32.9572
      vertex 50 0.478354 33.8451
      vertex 50 0.625 33.9175
    endloop
  endfacet
  facet normal -1 0 0
    outer loop
      vertex 50 0.652631 32.9572
      vertex 50 0.323524 33.7926
      vertex 50 0.478354 33.8451
    endloop
  endfacet
  facet normal -1 0 0
    outer loop
      vertex 50 0 33
      vertex 50 0.323524 33.7926
      vertex 50 0.652631 32.9572
    endloop
  endfacet
  facet normal -1 0 0
    outer loop
      vertex 50 0.323524 33.7926
      vertex 50 0 33
      vertex 50 0.163157 33.7607
    endloop
  endfacet
  facet normal -1 0 0
    outer loop
      vertex 50 0 33
      vertex 50 0 33.75
      vertex 50 0.163157 33.7607
    endloop
  endfacet
  facet normal -1 0 0
    outer loop
      vertex 50 0 33
      vertex 50 -0.163157 33.7607
      vertex 50 0 33.75
    endloop
  endfacet
  facet normal -1 0 0
    outer loop
      vertex 50 0 33
      vertex 50 -0.323524 33.7926
      vertex 50 -0.163157 33.7607
    endloop
  endfacet
  facet normal -1 0 0
    outer loop
      vertex 50 -0.652631 32.9572
      vertex 50 -0.323524 33.7926
      vertex 50 0 33
    endloop
  endfacet
  facet normal -1 -0 0
    outer loop
      vertex 50 -0.323524 33.7926
      vertex 50 -0.652631 32.9572
      vertex 50 -0.478354 33.8451
    endloop
  endfacet
  facet normal -1 -0 0
    outer loop
      vertex 50 -0.478354 33.8451
      vertex 50 -0.652631 32.9572
      vertex 50 -0.625 33.9175
    endloop
  endfacet
  facet normal -1 0 0
    outer loop
      vertex 50 -0.652631 32.9572
      vertex 50 -0.760951 34.0083
      vertex 50 -0.625 33.9175
    endloop
  endfacet
  facet normal -1 0 0
    outer loop
      vertex 50 -1.2941 32.8296
      vertex 50 -0.760951 34.0083
      vertex 50 -0.652631 32.9572
    endloop
  endfacet
  facet normal -1 -0 0
    outer loop
      vertex 50 -0.760951 34.0083
      vertex 50 -1.2941 32.8296
      vertex 50 -0.883883 34.1161
    endloop
  endfacet
  facet normal -1 -0 0
    outer loop
      vertex 50 -0.883883 34.1161
      vertex 50 -1.2941 32.8296
      vertex 50 -0.991692 34.239
    endloop
  endfacet
  facet normal -1 -0 0
    outer loop
      vertex 50 -0.991692 34.239
      vertex 50 -1.2941 32.8296
      vertex 50 -1.08253 34.375
    endloop
  endfacet
  facet normal -1 0 0
    outer loop
      vertex 50 -1.91342 32.6194
      vertex 50 -1.08253 34.375
      vertex 50 -1.2941 32.8296
    endloop
  endfacet
  facet normal -1 -0 0
    outer loop
      vertex 50 -1.20741 34.6765
      vertex 50 -2.5 32.3301
      vertex 50 -1.23931 34.8368
    endloop
  endfacet
  facet normal -1 0 0
    outer loop
      vertex 50 -2.5 32.3301
      vertex 50 -1.20741 34.6765
      vertex 50 -1.91342 32.6194
    endloop
  endfacet
  facet normal -1 -0 0
    outer loop
      vertex 50 -1.15485 34.5216
      vertex 50 -1.91342 32.6194
      vertex 50 -1.20741 34.6765
    endloop
  endfacet
  facet normal -1 -0 0
    outer loop
      vertex 50 -1.08253 34.375
      vertex 50 -1.91342 32.6194
      vertex 50 -1.15485 34.5216
    endloop
  endfacet
  facet normal -1 0 0
    outer loop
      vertex 50 12.2074 27.6765
      vertex 50 16 28
      vertex 50 15.8631 25.9116
    endloop
  endfacet
  facet normal -1 0 0
    outer loop
      vertex 50 11.8839 27.1161
      vertex 50 15.8631 25.9116
      vertex 50 15.4548 23.8589
    endloop
  endfacet
  facet normal -1 0 0
    outer loop
      vertex 50 16 28
      vertex 50 12.2074 27.6765
      vertex 50 12.2393 27.8368
    endloop
  endfacet
  facet normal -1 0 0
    outer loop
      vertex 50 11.3235 26.7926
      vertex 50 15.4548 23.8589
      vertex 50 14.7821 21.8771
    endloop
  endfacet
  facet normal -1 0 0
    outer loop
      vertex 50 12.2393 28.1632
      vertex 50 16 28
      vertex 50 12.25 28
    endloop
  endfacet
  facet normal -1 0 0
    outer loop
      vertex 50 11 26.75
      vertex 50 14.7821 21.8771
      vertex 50 13.8564 20
    endloop
  endfacet
  facet normal -1 0 0
    outer loop
      vertex 50 12.2074 28.3235
      vertex 50 16 28
      vertex 50 12.2393 28.1632
    endloop
  endfacet
  facet normal -1 0 0
    outer loop
      vertex 50 11 26.75
      vertex 50 13.8564 20
      vertex 50 12.6937 18.2598
    endloop
  endfacet
  facet normal -1 0 0
    outer loop
      vertex 50 16 28
      vertex 50 12.2074 28.3235
      vertex 50 15.8631 30.0884
    endloop
  endfacet
  facet normal -1 0 0
    outer loop
      vertex 50 12.0825 28.625
      vertex 50 15.8631 30.0884
      vertex 50 12.1548 28.4784
    endloop
  endfacet
  facet normal -1 0 0
    outer loop
      vertex 50 12.1548 28.4784
      vertex 50 15.8631 30.0884
      vertex 50 12.2074 28.3235
    endloop
  endfacet
  facet normal -1 -0 0
    outer loop
      vertex 50 16 28
      vertex 50 12.2393 27.8368
      vertex 50 12.25 28
    endloop
  endfacet
  facet normal -1 0 0
    outer loop
      vertex 50 15.8631 25.9116
      vertex 50 12.1548 27.5216
      vertex 50 12.2074 27.6765
    endloop
  endfacet
  facet normal -1 0 0
    outer loop
      vertex 50 15.8631 25.9116
      vertex 50 12.0825 27.375
      vertex 50 12.1548 27.5216
    endloop
  endfacet
  facet normal -1 0 0
    outer loop
      vertex 50 15.8631 25.9116
      vertex 50 11.9917 27.239
      vertex 50 12.0825 27.375
    endloop
  endfacet
  facet normal -1 0 0
    outer loop
      vertex 50 15.8631 25.9116
      vertex 50 11.8839 27.1161
      vertex 50 11.9917 27.239
    endloop
  endfacet
  facet normal -1 0 0
    outer loop
      vertex 50 15.4548 23.8589
      vertex 50 11.761 27.0083
      vertex 50 11.8839 27.1161
    endloop
  endfacet
  facet normal -1 0 0
    outer loop
      vertex 50 15.4548 23.8589
      vertex 50 11.625 26.9175
      vertex 50 11.761 27.0083
    endloop
  endfacet
  facet normal -1 0 0
    outer loop
      vertex 50 15.4548 23.8589
      vertex 50 11.4784 26.8451
      vertex 50 11.625 26.9175
    endloop
  endfacet
  facet normal -1 0 0
    outer loop
      vertex 50 15.4548 23.8589
      vertex 50 11.3235 26.7926
      vertex 50 11.4784 26.8451
    endloop
  endfacet
  facet normal -1 0 0
    outer loop
      vertex 50 3.96677 24.9562
      vertex 50 12.6937 18.2598
      vertex 50 11.3137 16.6863
    endloop
  endfacet
  facet normal -1 0 0
    outer loop
      vertex 50 14.7821 21.8771
      vertex 50 11.1632 26.7607
      vertex 50 11.3235 26.7926
    endloop
  endfacet
  facet normal -1 0 0
    outer loop
      vertex 50 14.7821 21.8771
      vertex 50 11 26.75
      vertex 50 11.1632 26.7607
    endloop
  endfacet
  facet normal -1 0 0
    outer loop
      vertex 50 3.53553 24.4645
      vertex 50 11.3137 16.6863
      vertex 50 9.74018 15.3063
    endloop
  endfacet
  facet normal -1 0 0
    outer loop
      vertex 50 1.25 21
      vertex 50 9.74018 15.3063
      vertex 50 8 14.1436
    endloop
  endfacet
  facet normal -1 0 0
    outer loop
      vertex 50 12.6937 18.2598
      vertex 50 7 26.75
      vertex 50 11 26.75
    endloop
  endfacet
  facet normal -1 0 0
    outer loop
      vertex 50 12.6937 18.2598
      vertex 50 3.96677 24.9562
      vertex 50 7 26.75
    endloop
  endfacet
  facet normal -1 0 -0
    outer loop
      vertex 50 4.33013 25.5
      vertex 50 7 26.75
      vertex 50 3.96677 24.9562
    endloop
  endfacet
  facet normal -1 -0 0
    outer loop
      vertex 50 7 26.75
      vertex 50 4.33013 25.5
      vertex 50 6.83684 26.7607
    endloop
  endfacet
  facet normal -1 -0 0
    outer loop
      vertex 50 6.83684 26.7607
      vertex 50 4.33013 25.5
      vertex 50 6.67648 26.7926
    endloop
  endfacet
  facet normal -1 0 -0
    outer loop
      vertex 50 4.6194 26.0866
      vertex 50 6.67648 26.7926
      vertex 50 4.33013 25.5
    endloop
  endfacet
  facet normal -1 0 0
    outer loop
      vertex 50 1.25 17
      vertex 50 8 14.1436
      vertex 50 6.12293 13.2179
    endloop
  endfacet
  facet normal -1 -0 0
    outer loop
      vertex 50 6.67648 26.7926
      vertex 50 4.6194 26.0866
      vertex 50 6.52165 26.8451
    endloop
  endfacet
  facet normal -1 -0 0
    outer loop
      vertex 50 6.52165 26.8451
      vertex 50 4.6194 26.0866
      vertex 50 6.375 26.9175
    endloop
  endfacet
  facet normal -1 0 -0
    outer loop
      vertex 50 4.82963 26.7059
      vertex 50 6.23905 27.0083
      vertex 50 4.6194 26.0866
    endloop
  endfacet
  facet normal -1 -0 0
    outer loop
      vertex 50 6.23905 27.0083
      vertex 50 4.82963 26.7059
      vertex 50 6.11612 27.1161
    endloop
  endfacet
  facet normal -1 -0 0
    outer loop
      vertex 50 6.11612 27.1161
      vertex 50 4.82963 26.7059
      vertex 50 6.00831 27.239
    endloop
  endfacet
  facet normal -1 0 -0
    outer loop
      vertex 50 4.95722 27.3474
      vertex 50 6.00831 27.239
      vertex 50 4.82963 26.7059
    endloop
  endfacet
  facet normal -1 -0 0
    outer loop
      vertex 50 5.91747 27.375
      vertex 50 4.95722 27.3474
      vertex 50 5.84515 27.5216
    endloop
  endfacet
  facet normal -1 -0 0
    outer loop
      vertex 50 5.84515 27.5216
      vertex 50 4.95722 27.3474
      vertex 50 5.79259 27.6765
    endloop
  endfacet
  facet normal -1 0 0
    outer loop
      vertex 50 5.76069 27.8368
      vertex 50 5 28
      vertex 50 5.75 28
    endloop
  endfacet
  facet normal -1 0 0
    outer loop
      vertex 50 5.79259 27.6765
      vertex 50 5 28
      vertex 50 5.76069 27.8368
    endloop
  endfacet
  facet normal -1 0 -0
    outer loop
      vertex 50 5 28
      vertex 50 5.79259 27.6765
      vertex 50 4.95722 27.3474
    endloop
  endfacet
  facet normal -1 0 0
    outer loop
      vertex 50 6.00831 27.239
      vertex 50 4.95722 27.3474
      vertex 50 5.91747 27.375
    endloop
  endfacet
  facet normal -1 0 0
    outer loop
      vertex 50 1.20741 16.6765
      vertex 50 6.12293 13.2179
      vertex 50 4.1411 12.5452
    endloop
  endfacet
  facet normal -1 -0 0
    outer loop
      vertex 50 6.375 26.9175
      vertex 50 4.6194 26.0866
      vertex 50 6.23905 27.0083
    endloop
  endfacet
  facet normal -1 0 0
    outer loop
      vertex 50 11.3137 16.6863
      vertex 50 3.53553 24.4645
      vertex 50 3.96677 24.9562
    endloop
  endfacet
  facet normal -1 0 0
    outer loop
      vertex 50 8 14.1436
      vertex 50 1.25 17
      vertex 50 1.25 21
    endloop
  endfacet
  facet normal -1 0 0
    outer loop
      vertex 50 9.74018 15.3063
      vertex 50 1.25 21
      vertex 50 3.04381 24.0332
    endloop
  endfacet
  facet normal -1 0 0
    outer loop
      vertex 50 0.883883 16.1161
      vertex 50 4.1411 12.5452
      vertex 50 2.08842 12.1369
    endloop
  endfacet
  facet normal -1 0 0
    outer loop
      vertex 50 9.74018 15.3063
      vertex 50 3.04381 24.0332
      vertex 50 3.53553 24.4645
    endloop
  endfacet
  facet normal -1 0 0
    outer loop
      vertex 50 3.04381 24.0332
      vertex 50 1.25 21
      vertex 50 2.5 23.6699
    endloop
  endfacet
  facet normal -1 0 0
    outer loop
      vertex 50 1.23931 21.1632
      vertex 50 2.5 23.6699
      vertex 50 1.25 21
    endloop
  endfacet
  facet normal -1 0 0
    outer loop
      vertex 50 6.12293 13.2179
      vertex 50 1.23931 16.8368
      vertex 50 1.25 17
    endloop
  endfacet
  facet normal -1 0 0
    outer loop
      vertex 50 6.12293 13.2179
      vertex 50 1.20741 16.6765
      vertex 50 1.23931 16.8368
    endloop
  endfacet
  facet normal -1 0 0
    outer loop
      vertex 50 4.1411 12.5452
      vertex 50 1.15485 16.5216
      vertex 50 1.20741 16.6765
    endloop
  endfacet
  facet normal -1 0 0
    outer loop
      vertex 50 4.1411 12.5452
      vertex 50 1.08253 16.375
      vertex 50 1.15485 16.5216
    endloop
  endfacet
  facet normal -1 0 0
    outer loop
      vertex 50 4.1411 12.5452
      vertex 50 0.991692 16.239
      vertex 50 1.08253 16.375
    endloop
  endfacet
  facet normal -1 0 0
    outer loop
      vertex 50 4.1411 12.5452
      vertex 50 0.883883 16.1161
      vertex 50 0.991692 16.239
    endloop
  endfacet
  facet normal -1 0 0
    outer loop
      vertex 50 2.08842 12.1369
      vertex 50 0.760951 16.0083
      vertex 50 0.883883 16.1161
    endloop
  endfacet
  facet normal -1 0 0
    outer loop
      vertex 50 2.08842 12.1369
      vertex 50 0.625 15.9175
      vertex 50 0.760951 16.0083
    endloop
  endfacet
  facet normal -1 0 0
    outer loop
      vertex 50 2.08842 12.1369
      vertex 50 0.478354 15.8452
      vertex 50 0.625 15.9175
    endloop
  endfacet
  facet normal -1 0 0
    outer loop
      vertex 50 2.08842 12.1369
      vertex 50 0.323524 15.7926
      vertex 50 0.478354 15.8452
    endloop
  endfacet
  facet normal -1 0 0
    outer loop
      vertex 50 0 12
      vertex 50 0.323524 15.7926
      vertex 50 2.08842 12.1369
    endloop
  endfacet
  facet normal -1 0 0
    outer loop
      vertex 50 0.323524 15.7926
      vertex 50 0 12
      vertex 50 0.163157 15.7607
    endloop
  endfacet
  facet normal -1 0 0
    outer loop
      vertex 50 0 12
      vertex 50 0 15.75
      vertex 50 0.163157 15.7607
    endloop
  endfacet
  facet normal -1 0 0
    outer loop
      vertex 50 0 12
      vertex 50 -0.163157 15.7607
      vertex 50 0 15.75
    endloop
  endfacet
  facet normal -1 0 0
    outer loop
      vertex 50 0 12
      vertex 50 -0.323524 15.7926
      vertex 50 -0.163157 15.7607
    endloop
  endfacet
  facet normal -1 0 0
    outer loop
      vertex 50 0 12
      vertex 50 -0.478354 15.8452
      vertex 50 -0.323524 15.7926
    endloop
  endfacet
  facet normal -1 0 0
    outer loop
      vertex 50 0 12
      vertex 50 -0.625 15.9175
      vertex 50 -0.478354 15.8452
    endloop
  endfacet
  facet normal -1 0 0
    outer loop
      vertex 50 0 12
      vertex 50 -0.760951 16.0083
      vertex 50 -0.625 15.9175
    endloop
  endfacet
  facet normal -1 0 0
    outer loop
      vertex 50 0 12
      vertex 50 -0.883883 16.1161
      vertex 50 -0.760951 16.0083
    endloop
  endfacet
  facet normal -1 0 0
    outer loop
      vertex 50 0 12
      vertex 50 -0.991692 16.239
      vertex 50 -0.883883 16.1161
    endloop
  endfacet
  facet normal -1 0 0
    outer loop
      vertex 50 0 12
      vertex 50 -1.08253 16.375
      vertex 50 -0.991692 16.239
    endloop
  endfacet
  facet normal -1 0 0
    outer loop
      vertex 50 0 12
      vertex 50 -1.15485 16.5216
      vertex 50 -1.08253 16.375
    endloop
  endfacet
  facet normal -1 0 0
    outer loop
      vertex 50 -22.5 23.6699
      vertex 50 -1.15485 16.5216
      vertex 50 0 12
    endloop
  endfacet
  facet normal -1 0 0
    outer loop
      vertex 50 -3.53553 24.4645
      vertex 50 -1.25 21
      vertex 50 -1.25 17
    endloop
  endfacet
  facet normal -1 0 0
    outer loop
      vertex 50 -1.25 21
      vertex 50 -1.91342 23.3806
      vertex 50 -1.2941 23.1704
    endloop
  endfacet
  facet normal -1 0 0
    outer loop
      vertex 50 -11 26.75
      vertex 50 -1.25 17
      vertex 50 -1.23931 16.8368
    endloop
  endfacet
  facet normal -1 0 0
    outer loop
      vertex 50 -1.25 21
      vertex 50 -2.5 23.6699
      vertex 50 -1.91342 23.3806
    endloop
  endfacet
  facet normal -1 0 0
    outer loop
      vertex 50 -1.25 21
      vertex 50 -3.04381 24.0332
      vertex 50 -2.5 23.6699
    endloop
  endfacet
  facet normal -1 0 0
    outer loop
      vertex 50 -11.1632 26.7607
      vertex 50 -1.23931 16.8368
      vertex 50 -1.20741 16.6765
    endloop
  endfacet
  facet normal -1 0 0
    outer loop
      vertex 50 -1.25 21
      vertex 50 -3.53553 24.4645
      vertex 50 -3.04381 24.0332
    endloop
  endfacet
  facet normal -1 0 0
    outer loop
      vertex 50 -1.15485 16.5216
      vertex 50 -22.5 23.6699
      vertex 50 -1.20741 16.6765
    endloop
  endfacet
  facet normal -1 0 0
    outer loop
      vertex 50 -1.25 17
      vertex 50 -11 26.75
      vertex 50 -3.53553 24.4645
    endloop
  endfacet
  facet normal -1 -0 -0
    outer loop
      vertex 50 -7 26.75
      vertex 50 -3.53553 24.4645
      vertex 50 -11 26.75
    endloop
  endfacet
  facet normal -1 0 0
    outer loop
      vertex 50 -3.53553 24.4645
      vertex 50 -7 26.75
      vertex 50 -3.96677 24.9562
    endloop
  endfacet
  facet normal -1 0 -0
    outer loop
      vertex 50 -6.83684 26.7607
      vertex 50 -4.33013 25.5
      vertex 50 -7 26.75
    endloop
  endfacet
  facet normal -1 0 0
    outer loop
      vertex 50 -5.79259 27.6765
      vertex 50 -5 28
      vertex 50 -4.95722 27.3474
    endloop
  endfacet
  facet normal -1 0 0
    outer loop
      vertex 50 -6.00831 27.239
      vertex 50 -4.95722 27.3474
      vertex 50 -4.82963 26.7059
    endloop
  endfacet
  facet normal -1 0 0
    outer loop
      vertex 50 -4.33013 25.5
      vertex 50 -6.67648 26.7926
      vertex 50 -4.6194 26.0866
    endloop
  endfacet
  facet normal -1 -0 0
    outer loop
      vertex 50 -5 28
      vertex 50 -5.76069 27.8368
      vertex 50 -5.75 28
    endloop
  endfacet
  facet normal -1 0 0
    outer loop
      vertex 50 -5 28
      vertex 50 -5.79259 27.6765
      vertex 50 -5.76069 27.8368
    endloop
  endfacet
  facet normal -1 0 0
    outer loop
      vertex 50 -4.95722 27.3474
      vertex 50 -5.84515 27.5216
      vertex 50 -5.79259 27.6765
    endloop
  endfacet
  facet normal -1 0 0
    outer loop
      vertex 50 -4.95722 27.3474
      vertex 50 -5.91747 27.375
      vertex 50 -5.84515 27.5216
    endloop
  endfacet
  facet normal -1 -0 0
    outer loop
      vertex 50 -4.95722 27.3474
      vertex 50 -6.00831 27.239
      vertex 50 -5.91747 27.375
    endloop
  endfacet
  facet normal -1 0 0
    outer loop
      vertex 50 -4.82963 26.7059
      vertex 50 -6.11612 27.1161
      vertex 50 -6.00831 27.239
    endloop
  endfacet
  facet normal -1 0 0
    outer loop
      vertex 50 -4.82963 26.7059
      vertex 50 -6.23905 27.0083
      vertex 50 -6.11612 27.1161
    endloop
  endfacet
  facet normal -1 0 0
    outer loop
      vertex 50 -4.82963 26.7059
      vertex 50 -6.375 26.9175
      vertex 50 -6.23905 27.0083
    endloop
  endfacet
  facet normal -1 0 0
    outer loop
      vertex 50 -4.6194 26.0866
      vertex 50 -6.375 26.9175
      vertex 50 -4.82963 26.7059
    endloop
  endfacet
  facet normal -1 0 -0
    outer loop
      vertex 50 -6.375 26.9175
      vertex 50 -4.6194 26.0866
      vertex 50 -6.52165 26.8451
    endloop
  endfacet
  facet normal -1 0 -0
    outer loop
      vertex 50 -6.52165 26.8451
      vertex 50 -4.6194 26.0866
      vertex 50 -6.67648 26.7926
    endloop
  endfacet
  facet normal -1 0 -0
    outer loop
      vertex 50 -6.67648 26.7926
      vertex 50 -4.33013 25.5
      vertex 50 -6.83684 26.7607
    endloop
  endfacet
  facet normal -1 0 0
    outer loop
      vertex 50 -3.96677 24.9562
      vertex 50 -7 26.75
      vertex 50 -4.33013 25.5
    endloop
  endfacet
  facet normal -1 0 0
    outer loop
      vertex 50 -1.23931 16.8368
      vertex 50 -11.1632 26.7607
      vertex 50 -11 26.75
    endloop
  endfacet
  facet normal -1 0 0
    outer loop
      vertex 50 -1.20741 16.6765
      vertex 50 -21.9562 24.0332
      vertex 50 -11.1632 26.7607
    endloop
  endfacet
  facet normal -1 -0 0
    outer loop
      vertex 50 -11.1632 26.7607
      vertex 50 -21.9562 24.0332
      vertex 50 -11.3235 26.7926
    endloop
  endfacet
  facet normal -1 0 -0
    outer loop
      vertex 50 -21.4645 24.4645
      vertex 50 -11.3235 26.7926
      vertex 50 -21.9562 24.0332
    endloop
  endfacet
  facet normal -1 -0 0
    outer loop
      vertex 50 -11.3235 26.7926
      vertex 50 -21.4645 24.4645
      vertex 50 -11.4784 26.8451
    endloop
  endfacet
  facet normal -1 0 -0
    outer loop
      vertex 50 -21.0332 24.9562
      vertex 50 -11.4784 26.8451
      vertex 50 -21.4645 24.4645
    endloop
  endfacet
  facet normal -1 -0 0
    outer loop
      vertex 50 -11.4784 26.8451
      vertex 50 -21.0332 24.9562
      vertex 50 -11.625 26.9175
    endloop
  endfacet
  facet normal -1 0 0
    outer loop
      vertex 50 -12.2393 27.8368
      vertex 50 -20 28
      vertex 50 -12.25 28
    endloop
  endfacet
  facet normal -1 0 0
    outer loop
      vertex 50 -20.0428 27.3474
      vertex 50 -12.2393 27.8368
      vertex 50 -12.2074 27.6765
    endloop
  endfacet
  facet normal -1 0 0
    outer loop
      vertex 50 -20.0428 27.3474
      vertex 50 -12.2074 27.6765
      vertex 50 -12.1548 27.5216
    endloop
  endfacet
  facet normal -1 0 0
    outer loop
      vertex 50 -20.1704 26.7059
      vertex 50 -12.1548 27.5216
      vertex 50 -12.0825 27.375
    endloop
  endfacet
  facet normal -1 0 0
    outer loop
      vertex 50 -20.3806 26.0866
      vertex 50 -12.0825 27.375
      vertex 50 -11.9917 27.239
    endloop
  endfacet
  facet normal -1 -0 0
    outer loop
      vertex 50 -11.625 26.9175
      vertex 50 -21.0332 24.9562
      vertex 50 -11.761 27.0083
    endloop
  endfacet
  facet normal -1 -0 0
    outer loop
      vertex 50 -12.2393 27.8368
      vertex 50 -20.0428 27.3474
      vertex 50 -20 28
    endloop
  endfacet
  facet normal -1 0 0
    outer loop
      vertex 50 -12.1548 27.5216
      vertex 50 -20.1704 26.7059
      vertex 50 -20.0428 27.3474
    endloop
  endfacet
  facet normal -1 0 0
    outer loop
      vertex 50 -12.0825 27.375
      vertex 50 -20.3806 26.0866
      vertex 50 -20.1704 26.7059
    endloop
  endfacet
  facet normal -1 -0 0
    outer loop
      vertex 50 -11.8839 27.1161
      vertex 50 -20.3806 26.0866
      vertex 50 -11.9917 27.239
    endloop
  endfacet
  facet normal -1 0 -0
    outer loop
      vertex 50 -20.3806 26.0866
      vertex 50 -11.8839 27.1161
      vertex 50 -20.6699 25.5
    endloop
  endfacet
  facet normal -1 -0 0
    outer loop
      vertex 50 -11.761 27.0083
      vertex 50 -20.6699 25.5
      vertex 50 -11.8839 27.1161
    endloop
  endfacet
  facet normal -1 0 -0
    outer loop
      vertex 50 -20.6699 25.5
      vertex 50 -11.761 27.0083
      vertex 50 -21.0332 24.9562
    endloop
  endfacet
  facet normal -1 0 0
    outer loop
      vertex 50 -1.20741 16.6765
      vertex 50 -22.5 23.6699
      vertex 50 -21.9562 24.0332
    endloop
  endfacet
  facet normal -1 0 0
    outer loop
      vertex 50 0 12
      vertex 50 -23.0866 23.3806
      vertex 50 -22.5 23.6699
    endloop
  endfacet
  facet normal -1 0 0
    outer loop
      vertex 50 0 12
      vertex 50 -23.7059 23.1704
      vertex 50 -23.0866 23.3806
    endloop
  endfacet
  facet normal -1 0 0
    outer loop
      vertex 50 0 12
      vertex 50 -24.3474 23.0428
      vertex 50 -23.7059 23.1704
    endloop
  endfacet
  facet normal -1 0 0
    outer loop
      vertex 50 0 12
      vertex 50 -25 23
      vertex 50 -24.3474 23.0428
    endloop
  endfacet
  facet normal -1 0 0
    outer loop
      vertex 50 -52 14.4375
      vertex 50 -25 23
      vertex 50 0 12
    endloop
  endfacet
  facet normal -1 -0 0
    outer loop
      vertex 50 -25 23
      vertex 50 -52 14.4375
      vertex 50 -40 23
    endloop
  endfacet
  facet normal -1 -0 0
    outer loop
      vertex 50 -40 23
      vertex 50 -52 14.4375
      vertex 50 -40.6526 23.0428
    endloop
  endfacet
  facet normal -1 0 0
    outer loop
      vertex 50 -44.8296 26.7059
      vertex 50 -52 28
      vertex 50 -44.9572 27.3474
    endloop
  endfacet
  facet normal -1 0 0
    outer loop
      vertex 50 -44.6194 26.0866
      vertex 50 -52 28
      vertex 50 -44.8296 26.7059
    endloop
  endfacet
  facet normal -1 0 0
    outer loop
      vertex 50 -44.3301 25.5
      vertex 50 -52 28
      vertex 50 -44.6194 26.0866
    endloop
  endfacet
  facet normal -1 0 0
    outer loop
      vertex 50 -43.9668 24.9562
      vertex 50 -52 28
      vertex 50 -44.3301 25.5
    endloop
  endfacet
  facet normal -1 0 0
    outer loop
      vertex 50 -52 28
      vertex 50 -43.9668 24.9562
      vertex 50 -52 14.4375
    endloop
  endfacet
  facet normal -1 -0 0
    outer loop
      vertex 50 -43.5355 24.4645
      vertex 50 -52 14.4375
      vertex 50 -43.9668 24.9562
    endloop
  endfacet
  facet normal -1 -0 0
    outer loop
      vertex 50 -43.0438 24.0332
      vertex 50 -52 14.4375
      vertex 50 -43.5355 24.4645
    endloop
  endfacet
  facet normal -1 -0 0
    outer loop
      vertex 50 -42.5 23.6699
      vertex 50 -52 14.4375
      vertex 50 -43.0438 24.0332
    endloop
  endfacet
  facet normal -1 -0 0
    outer loop
      vertex 50 -41.9134 23.3806
      vertex 50 -52 14.4375
      vertex 50 -42.5 23.6699
    endloop
  endfacet
  facet normal -1 -0 0
    outer loop
      vertex 50 -41.2941 23.1704
      vertex 50 -52 14.4375
      vertex 50 -41.9134 23.3806
    endloop
  endfacet
  facet normal -1 -0 0
    outer loop
      vertex 50 -40.6526 23.0428
      vertex 50 -52 14.4375
      vertex 50 -41.2941 23.1704
    endloop
  endfacet
  facet normal -1 0 0
    outer loop
      vertex 50 11.9917 28.761
      vertex 50 15.8631 30.0884
      vertex 50 12.0825 28.625
    endloop
  endfacet
  facet normal -1 0 0
    outer loop
      vertex 50 11.8839 28.8839
      vertex 50 15.8631 30.0884
      vertex 50 11.9917 28.761
    endloop
  endfacet
  facet normal -1 -0 0
    outer loop
      vertex 50 15.8631 30.0884
      vertex 50 11.8839 28.8839
      vertex 50 15.4548 32.1411
    endloop
  endfacet
  facet normal -1 0 0
    outer loop
      vertex 50 11.761 28.9917
      vertex 50 15.4548 32.1411
      vertex 50 11.8839 28.8839
    endloop
  endfacet
  facet normal -1 0 0
    outer loop
      vertex 50 11.625 29.0825
      vertex 50 15.4548 32.1411
      vertex 50 11.761 28.9917
    endloop
  endfacet
  facet normal -1 0 0
    outer loop
      vertex 50 11.4784 29.1549
      vertex 50 15.4548 32.1411
      vertex 50 11.625 29.0825
    endloop
  endfacet
  facet normal -1 0 0
    outer loop
      vertex 50 11.3235 29.2074
      vertex 50 15.4548 32.1411
      vertex 50 11.4784 29.1549
    endloop
  endfacet
  facet normal -1 -0 0
    outer loop
      vertex 50 15.4548 32.1411
      vertex 50 11.3235 29.2074
      vertex 50 14.7821 34.1229
    endloop
  endfacet
  facet normal -1 0 0
    outer loop
      vertex 50 11.1632 29.2393
      vertex 50 14.7821 34.1229
      vertex 50 11.3235 29.2074
    endloop
  endfacet
  facet normal -1 0 0
    outer loop
      vertex 50 11 29.25
      vertex 50 14.7821 34.1229
      vertex 50 11.1632 29.2393
    endloop
  endfacet
  facet normal -1 -0 0
    outer loop
      vertex 50 14.7821 34.1229
      vertex 50 11 29.25
      vertex 50 13.8564 36
    endloop
  endfacet
  facet normal -1 -0 0
    outer loop
      vertex 50 13.8564 36
      vertex 50 11 29.25
      vertex 50 12.6937 37.7402
    endloop
  endfacet
  facet normal -1 0 0
    outer loop
      vertex 50 7 29.25
      vertex 50 12.6937 37.7402
      vertex 50 11 29.25
    endloop
  endfacet
  facet normal -1 0 0
    outer loop
      vertex 50 3.96677 31.0438
      vertex 50 12.6937 37.7402
      vertex 50 7 29.25
    endloop
  endfacet
  facet normal -1 -0 0
    outer loop
      vertex 50 12.6937 37.7402
      vertex 50 3.96677 31.0438
      vertex 50 11.3137 39.3137
    endloop
  endfacet
  facet normal -1 0 0
    outer loop
      vertex 50 3.53553 31.5355
      vertex 50 11.3137 39.3137
      vertex 50 3.96677 31.0438
    endloop
  endfacet
  facet normal -1 0 0
    outer loop
      vertex 50 4.33013 30.5
      vertex 50 7 29.25
      vertex 50 6.83684 29.2393
    endloop
  endfacet
  facet normal -1 0 0
    outer loop
      vertex 50 4.33013 30.5
      vertex 50 6.83684 29.2393
      vertex 50 6.67648 29.2074
    endloop
  endfacet
  facet normal -1 0 0
    outer loop
      vertex 50 4.6194 29.9134
      vertex 50 6.67648 29.2074
      vertex 50 6.52165 29.1549
    endloop
  endfacet
  facet normal -1 0 0
    outer loop
      vertex 50 4.6194 29.9134
      vertex 50 6.52165 29.1549
      vertex 50 6.375 29.0825
    endloop
  endfacet
  facet normal -1 0 0
    outer loop
      vertex 50 4.6194 29.9134
      vertex 50 6.375 29.0825
      vertex 50 6.23905 28.9917
    endloop
  endfacet
  facet normal -1 -0 0
    outer loop
      vertex 50 11.3137 39.3137
      vertex 50 3.53553 31.5355
      vertex 50 9.74018 40.6937
    endloop
  endfacet
  facet normal -1 0 0
    outer loop
      vertex 50 4.82963 29.2941
      vertex 50 6.23905 28.9917
      vertex 50 6.11612 28.8839
    endloop
  endfacet
  facet normal -1 0 0
    outer loop
      vertex 50 4.82963 29.2941
      vertex 50 6.11612 28.8839
      vertex 50 6.00831 28.761
    endloop
  endfacet
  facet normal -1 0 0
    outer loop
      vertex 50 4.95722 28.6526
      vertex 50 6.00831 28.761
      vertex 50 5.91747 28.625
    endloop
  endfacet
  facet normal -1 0 0
    outer loop
      vertex 50 4.95722 28.6526
      vertex 50 5.91747 28.625
      vertex 50 5.84515 28.4784
    endloop
  endfacet
  facet normal -1 0 0
    outer loop
      vertex 50 4.95722 28.6526
      vertex 50 5.84515 28.4784
      vertex 50 5.79259 28.3235
    endloop
  endfacet
  facet normal -1 0 0
    outer loop
      vertex 50 5 28
      vertex 50 5.79259 28.3235
      vertex 50 5.76069 28.1632
    endloop
  endfacet
  facet normal -1 0 0
    outer loop
      vertex 50 5 28
      vertex 50 5.76069 28.1632
      vertex 50 5.75 28
    endloop
  endfacet
  facet normal -1 -0 0
    outer loop
      vertex 50 5.79259 28.3235
      vertex 50 5 28
      vertex 50 4.95722 28.6526
    endloop
  endfacet
  facet normal -1 -0 0
    outer loop
      vertex 50 6.00831 28.761
      vertex 50 4.95722 28.6526
      vertex 50 4.82963 29.2941
    endloop
  endfacet
  facet normal -1 0 0
    outer loop
      vertex 50 6.23905 28.9917
      vertex 50 4.82963 29.2941
      vertex 50 4.6194 29.9134
    endloop
  endfacet
  facet normal -1 0 0
    outer loop
      vertex 50 6.67648 29.2074
      vertex 50 4.6194 29.9134
      vertex 50 4.33013 30.5
    endloop
  endfacet
  facet normal -1 0 0
    outer loop
      vertex 50 7 29.25
      vertex 50 4.33013 30.5
      vertex 50 3.96677 31.0438
    endloop
  endfacet
  facet normal -1 0 0
    outer loop
      vertex 50 3.04381 31.9668
      vertex 50 9.74018 40.6937
      vertex 50 3.53553 31.5355
    endloop
  endfacet
  facet normal -1 0 0
    outer loop
      vertex 50 1.25 35
      vertex 50 9.74018 40.6937
      vertex 50 3.04381 31.9668
    endloop
  endfacet
  facet normal -1 -0 0
    outer loop
      vertex 50 9.74018 40.6937
      vertex 50 1.25 35
      vertex 50 8 41.8564
    endloop
  endfacet
  facet normal -1 0 0
    outer loop
      vertex 50 1.25 39
      vertex 50 8 41.8564
      vertex 50 1.25 35
    endloop
  endfacet
  facet normal -1 0 0
    outer loop
      vertex 50 1.25 35
      vertex 50 3.04381 31.9668
      vertex 50 2.5 32.3301
    endloop
  endfacet
  facet normal -1 0 0
    outer loop
      vertex 50 1.23931 39.1632
      vertex 50 6.12293 42.7821
      vertex 50 1.25 39
    endloop
  endfacet
  facet normal -1 0 0
    outer loop
      vertex 50 1.23931 34.8368
      vertex 50 2.5 32.3301
      vertex 50 1.91342 32.6194
    endloop
  endfacet
  facet normal -1 0 0
    outer loop
      vertex 50 1.08253 34.375
      vertex 50 1.91342 32.6194
      vertex 50 1.2941 32.8296
    endloop
  endfacet
  facet normal -1 -0 0
    outer loop
      vertex 50 8 41.8564
      vertex 50 1.25 39
      vertex 50 6.12293 42.7821
    endloop
  endfacet
  facet normal -1 0 0
    outer loop
      vertex 50 1.20741 39.3235
      vertex 50 6.12293 42.7821
      vertex 50 1.23931 39.1632
    endloop
  endfacet
  facet normal -1 -0 0
    outer loop
      vertex 50 6.12293 42.7821
      vertex 50 1.20741 39.3235
      vertex 50 4.1411 43.4548
    endloop
  endfacet
  facet normal -1 0 0
    outer loop
      vertex 50 1.15485 39.4784
      vertex 50 4.1411 43.4548
      vertex 50 1.20741 39.3235
    endloop
  endfacet
  facet normal -1 0 0
    outer loop
      vertex 50 1.08253 39.625
      vertex 50 4.1411 43.4548
      vertex 50 1.15485 39.4784
    endloop
  endfacet
  facet normal -1 0 0
    outer loop
      vertex 50 0.991692 39.761
      vertex 50 4.1411 43.4548
      vertex 50 1.08253 39.625
    endloop
  endfacet
  facet normal -1 0 0
    outer loop
      vertex 50 0.883883 39.8839
      vertex 50 4.1411 43.4548
      vertex 50 0.991692 39.761
    endloop
  endfacet
  facet normal -1 -0 0
    outer loop
      vertex 50 4.1411 43.4548
      vertex 50 0.883883 39.8839
      vertex 50 2.08842 43.8631
    endloop
  endfacet
  facet normal -1 0 0
    outer loop
      vertex 50 0.760951 39.9917
      vertex 50 2.08842 43.8631
      vertex 50 0.883883 39.8839
    endloop
  endfacet
  facet normal -1 0 0
    outer loop
      vertex 50 0.625 40.0825
      vertex 50 2.08842 43.8631
      vertex 50 0.760951 39.9917
    endloop
  endfacet
  facet normal -1 0 0
    outer loop
      vertex 50 0.478354 40.1549
      vertex 50 2.08842 43.8631
      vertex 50 0.625 40.0825
    endloop
  endfacet
  facet normal -1 0 0
    outer loop
      vertex 50 0.323524 40.2074
      vertex 50 2.08842 43.8631
      vertex 50 0.478354 40.1549
    endloop
  endfacet
  facet normal -1 0 0
    outer loop
      vertex 50 0 44
      vertex 50 0.323524 40.2074
      vertex 50 0.163157 40.2393
    endloop
  endfacet
  facet normal -1 0 0
    outer loop
      vertex 50 0 44
      vertex 50 0.163157 40.2393
      vertex 50 0 40.25
    endloop
  endfacet
  facet normal -1 0 0
    outer loop
      vertex 50 0.323524 40.2074
      vertex 50 0 44
      vertex 50 2.08842 43.8631
    endloop
  endfacet
  facet normal -1 0 0
    outer loop
      vertex 50 -0.163157 40.2393
      vertex 50 0 44
      vertex 50 0 40.25
    endloop
  endfacet
  facet normal -1 0 0
    outer loop
      vertex 50 -0.323524 40.2074
      vertex 50 0 44
      vertex 50 -0.163157 40.2393
    endloop
  endfacet
  facet normal -1 0 0
    outer loop
      vertex 50 -0.478354 40.1549
      vertex 50 0 44
      vertex 50 -0.323524 40.2074
    endloop
  endfacet
  facet normal -1 0 0
    outer loop
      vertex 50 -0.625 40.0825
      vertex 50 0 44
      vertex 50 -0.478354 40.1549
    endloop
  endfacet
  facet normal -1 0 0
    outer loop
      vertex 50 -0.760951 39.9917
      vertex 50 0 44
      vertex 50 -0.625 40.0825
    endloop
  endfacet
  facet normal -1 0 0
    outer loop
      vertex 50 -0.883883 39.8839
      vertex 50 0 44
      vertex 50 -0.760951 39.9917
    endloop
  endfacet
  facet normal -1 0 0
    outer loop
      vertex 50 -0.991692 39.761
      vertex 50 0 44
      vertex 50 -0.883883 39.8839
    endloop
  endfacet
  facet normal -1 0 0
    outer loop
      vertex 50 -1.08253 39.625
      vertex 50 0 44
      vertex 50 -0.991692 39.761
    endloop
  endfacet
  facet normal -1 0 0
    outer loop
      vertex 50 -1.15485 39.4784
      vertex 50 0 44
      vertex 50 -1.08253 39.625
    endloop
  endfacet
  facet normal -1 0 0
    outer loop
      vertex 50 -22.5 32.3301
      vertex 50 -1.15485 39.4784
      vertex 50 -1.20741 39.3235
    endloop
  endfacet
  facet normal -1 -0 0
    outer loop
      vertex 50 -1.23931 34.8368
      vertex 50 -2.5 32.3301
      vertex 50 -1.25 35
    endloop
  endfacet
  facet normal -1 0 0
    outer loop
      vertex 50 -3.04381 31.9668
      vertex 50 -1.25 35
      vertex 50 -2.5 32.3301
    endloop
  endfacet
  facet normal -1 0 0
    outer loop
      vertex 50 -3.53553 31.5355
      vertex 50 -1.25 35
      vertex 50 -3.04381 31.9668
    endloop
  endfacet
  facet normal -1 -0 0
    outer loop
      vertex 50 -1.25 35
      vertex 50 -3.53553 31.5355
      vertex 50 -1.25 39
    endloop
  endfacet
  facet normal -1 0 0
    outer loop
      vertex 50 -11 29.25
      vertex 50 -1.25 39
      vertex 50 -3.53553 31.5355
    endloop
  endfacet
  facet normal -1 -0 0
    outer loop
      vertex 50 -1.25 39
      vertex 50 -11 29.25
      vertex 50 -1.23931 39.1632
    endloop
  endfacet
  facet normal -1 0 0
    outer loop
      vertex 50 -11.1632 29.2393
      vertex 50 -1.23931 39.1632
      vertex 50 -11 29.25
    endloop
  endfacet
  facet normal -1 0 0
    outer loop
      vertex 50 -7 29.25
      vertex 50 -3.53553 31.5355
      vertex 50 -3.96677 31.0438
    endloop
  endfacet
  facet normal -1 0 0
    outer loop
      vertex 50 -7 29.25
      vertex 50 -3.96677 31.0438
      vertex 50 -4.33013 30.5
    endloop
  endfacet
  facet normal -1 0 0
    outer loop
      vertex 50 -6.67648 29.2074
      vertex 50 -4.33013 30.5
      vertex 50 -4.6194 29.9134
    endloop
  endfacet
  facet normal -1 0 0
    outer loop
      vertex 50 -6.375 29.0825
      vertex 50 -4.6194 29.9134
      vertex 50 -4.82963 29.2941
    endloop
  endfacet
  facet normal -1 0 0
    outer loop
      vertex 50 -5.76069 28.1632
      vertex 50 -5 28
      vertex 50 -5.75 28
    endloop
  endfacet
  facet normal -1 0 0
    outer loop
      vertex 50 -5.79259 28.3235
      vertex 50 -5 28
      vertex 50 -5.76069 28.1632
    endloop
  endfacet
  facet normal -1 0 0
    outer loop
      vertex 50 -5 28
      vertex 50 -5.79259 28.3235
      vertex 50 -4.95722 28.6526
    endloop
  endfacet
  facet normal -1 0 0
    outer loop
      vertex 50 -5.84515 28.4784
      vertex 50 -4.95722 28.6526
      vertex 50 -5.79259 28.3235
    endloop
  endfacet
  facet normal -1 0 0
    outer loop
      vertex 50 -5.91747 28.625
      vertex 50 -4.95722 28.6526
      vertex 50 -5.84515 28.4784
    endloop
  endfacet
  facet normal -1 0 0
    outer loop
      vertex 50 -6.00831 28.761
      vertex 50 -4.95722 28.6526
      vertex 50 -5.91747 28.625
    endloop
  endfacet
  facet normal -1 0 0
    outer loop
      vertex 50 -4.95722 28.6526
      vertex 50 -6.00831 28.761
      vertex 50 -4.82963 29.2941
    endloop
  endfacet
  facet normal -1 0 0
    outer loop
      vertex 50 -6.11612 28.8839
      vertex 50 -4.82963 29.2941
      vertex 50 -6.00831 28.761
    endloop
  endfacet
  facet normal -1 0 0
    outer loop
      vertex 50 -6.23905 28.9917
      vertex 50 -4.82963 29.2941
      vertex 50 -6.11612 28.8839
    endloop
  endfacet
  facet normal -1 0 0
    outer loop
      vertex 50 -6.375 29.0825
      vertex 50 -4.82963 29.2941
      vertex 50 -6.23905 28.9917
    endloop
  endfacet
  facet normal -1 0 0
    outer loop
      vertex 50 -4.6194 29.9134
      vertex 50 -6.375 29.0825
      vertex 50 -6.52165 29.1549
    endloop
  endfacet
  facet normal -1 0 0
    outer loop
      vertex 50 -4.6194 29.9134
      vertex 50 -6.52165 29.1549
      vertex 50 -6.67648 29.2074
    endloop
  endfacet
  facet normal -1 0 0
    outer loop
      vertex 50 -4.33013 30.5
      vertex 50 -6.67648 29.2074
      vertex 50 -6.83684 29.2393
    endloop
  endfacet
  facet normal -1 0 0
    outer loop
      vertex 50 -4.33013 30.5
      vertex 50 -6.83684 29.2393
      vertex 50 -7 29.25
    endloop
  endfacet
  facet normal -1 0 0
    outer loop
      vertex 50 -3.53553 31.5355
      vertex 50 -7 29.25
      vertex 50 -11 29.25
    endloop
  endfacet
  facet normal -1 -0 0
    outer loop
      vertex 50 -1.23931 39.1632
      vertex 50 -11.1632 29.2393
      vertex 50 -1.20741 39.3235
    endloop
  endfacet
  facet normal -1 0 0
    outer loop
      vertex 50 -21.9562 31.9668
      vertex 50 -1.20741 39.3235
      vertex 50 -11.1632 29.2393
    endloop
  endfacet
  facet normal -1 0 0
    outer loop
      vertex 50 -21.9562 31.9668
      vertex 50 -11.1632 29.2393
      vertex 50 -11.3235 29.2074
    endloop
  endfacet
  facet normal -1 0 0
    outer loop
      vertex 50 -21.4645 31.5355
      vertex 50 -11.3235 29.2074
      vertex 50 -11.4784 29.1549
    endloop
  endfacet
  facet normal -1 0 0
    outer loop
      vertex 50 -21.0332 31.0438
      vertex 50 -11.4784 29.1549
      vertex 50 -11.625 29.0825
    endloop
  endfacet
  facet normal -1 0 0
    outer loop
      vertex 50 -21.0332 31.0438
      vertex 50 -11.625 29.0825
      vertex 50 -11.761 28.9917
    endloop
  endfacet
  facet normal -1 0 0
    outer loop
      vertex 50 -20.6699 30.5
      vertex 50 -11.761 28.9917
      vertex 50 -11.8839 28.8839
    endloop
  endfacet
  facet normal -1 0 0
    outer loop
      vertex 50 -20.3806 29.9134
      vertex 50 -11.8839 28.8839
      vertex 50 -11.9917 28.761
    endloop
  endfacet
  facet normal -1 0 0
    outer loop
      vertex 50 -20 28
      vertex 50 -12.2393 28.1632
      vertex 50 -12.25 28
    endloop
  endfacet
  facet normal -1 0 0
    outer loop
      vertex 50 -20.0428 28.6526
      vertex 50 -12.2393 28.1632
      vertex 50 -20 28
    endloop
  endfacet
  facet normal -1 0 0
    outer loop
      vertex 50 -12.2393 28.1632
      vertex 50 -20.0428 28.6526
      vertex 50 -12.2074 28.3235
    endloop
  endfacet
  facet normal -1 0 0
    outer loop
      vertex 50 -12.2074 28.3235
      vertex 50 -20.0428 28.6526
      vertex 50 -12.1548 28.4784
    endloop
  endfacet
  facet normal -1 0 0
    outer loop
      vertex 50 -20.1704 29.2941
      vertex 50 -12.1548 28.4784
      vertex 50 -20.0428 28.6526
    endloop
  endfacet
  facet normal -1 0 0
    outer loop
      vertex 50 -12.1548 28.4784
      vertex 50 -20.1704 29.2941
      vertex 50 -12.0825 28.625
    endloop
  endfacet
  facet normal -1 0 0
    outer loop
      vertex 50 -20.3806 29.9134
      vertex 50 -12.0825 28.625
      vertex 50 -20.1704 29.2941
    endloop
  endfacet
  facet normal -1 0 0
    outer loop
      vertex 50 -12.0825 28.625
      vertex 50 -20.3806 29.9134
      vertex 50 -11.9917 28.761
    endloop
  endfacet
  facet normal -1 0 0
    outer loop
      vertex 50 -11.8839 28.8839
      vertex 50 -20.3806 29.9134
      vertex 50 -20.6699 30.5
    endloop
  endfacet
  facet normal -1 0 0
    outer loop
      vertex 50 -11.761 28.9917
      vertex 50 -20.6699 30.5
      vertex 50 -21.0332 31.0438
    endloop
  endfacet
  facet normal -1 0 0
    outer loop
      vertex 50 -11.4784 29.1549
      vertex 50 -21.0332 31.0438
      vertex 50 -21.4645 31.5355
    endloop
  endfacet
  facet normal -1 0 0
    outer loop
      vertex 50 -11.3235 29.2074
      vertex 50 -21.4645 31.5355
      vertex 50 -21.9562 31.9668
    endloop
  endfacet
  facet normal -1 0 0
    outer loop
      vertex 50 -22.5 32.3301
      vertex 50 -1.20741 39.3235
      vertex 50 -21.9562 31.9668
    endloop
  endfacet
  facet normal -1 -0 0
    outer loop
      vertex 50 -1.15485 39.4784
      vertex 50 -22.5 32.3301
      vertex 50 0 44
    endloop
  endfacet
  facet normal -1 0 0
    outer loop
      vertex 50 -23.0866 32.6194
      vertex 50 0 44
      vertex 50 -22.5 32.3301
    endloop
  endfacet
  facet normal -1 0 0
    outer loop
      vertex 50 -23.7059 32.8296
      vertex 50 0 44
      vertex 50 -23.0866 32.6194
    endloop
  endfacet
  facet normal -1 0 0
    outer loop
      vertex 50 -24.3474 32.9572
      vertex 50 0 44
      vertex 50 -23.7059 32.8296
    endloop
  endfacet
  facet normal -1 0 0
    outer loop
      vertex 50 -25 33
      vertex 50 0 44
      vertex 50 -24.3474 32.9572
    endloop
  endfacet
  facet normal -1 0 0
    outer loop
      vertex 50 -40 33
      vertex 50 0 44
      vertex 50 -25 33
    endloop
  endfacet
  facet normal -1 0 0
    outer loop
      vertex 50 -57.125 36.5155
      vertex 50 -40 33
      vertex 50 -40.6526 32.9572
    endloop
  endfacet
  facet normal -1 0 0
    outer loop
      vertex 50 -56.9347 36.3884
      vertex 50 -40.6526 32.9572
      vertex 50 -41.2941 32.8296
    endloop
  endfacet
  facet normal -1 0 0
    outer loop
      vertex 50 -44.9572 27.3474
      vertex 50 -52 28
      vertex 50 -45 28
    endloop
  endfacet
  facet normal -1 0 0
    outer loop
      vertex 50 -45 28
      vertex 50 -52 28
      vertex 50 -44.9572 28.6526
    endloop
  endfacet
  facet normal -1 -0 0
    outer loop
      vertex 50 -44.9572 28.6526
      vertex 50 -52 28
      vertex 50 -44.8296 29.2941
    endloop
  endfacet
  facet normal -1 -0 0
    outer loop
      vertex 50 -44.8296 29.2941
      vertex 50 -52 28
      vertex 50 -44.6194 29.9134
    endloop
  endfacet
  facet normal -1 0 0
    outer loop
      vertex 50 -52 28
      vertex 50 -44.3301 30.5
      vertex 50 -44.6194 29.9134
    endloop
  endfacet
  facet normal -1 0 0
    outer loop
      vertex 50 -56.265 34.7716
      vertex 50 -44.3301 30.5
      vertex 50 -52 28
    endloop
  endfacet
  facet normal -1 0 0
    outer loop
      vertex 50 -44.3301 30.5
      vertex 50 -56.25 35
      vertex 50 -43.9668 31.0438
    endloop
  endfacet
  facet normal -1 0 0
    outer loop
      vertex 50 -56.265 35.2284
      vertex 50 -43.9668 31.0438
      vertex 50 -56.25 35
    endloop
  endfacet
  facet normal -1 0 0
    outer loop
      vertex 50 -43.9668 31.0438
      vertex 50 -56.265 35.2284
      vertex 50 -43.5355 31.5355
    endloop
  endfacet
  facet normal -1 0 0
    outer loop
      vertex 50 -56.3096 35.4529
      vertex 50 -43.5355 31.5355
      vertex 50 -56.265 35.2284
    endloop
  endfacet
  facet normal -1 0 0
    outer loop
      vertex 50 -43.5355 31.5355
      vertex 50 -56.3096 35.4529
      vertex 50 -43.0438 31.9668
    endloop
  endfacet
  facet normal -1 0 0
    outer loop
      vertex 50 -56.3832 35.6697
      vertex 50 -43.0438 31.9668
      vertex 50 -56.3096 35.4529
    endloop
  endfacet
  facet normal -1 0 0
    outer loop
      vertex 50 -43.0438 31.9668
      vertex 50 -56.3832 35.6697
      vertex 50 -42.5 32.3301
    endloop
  endfacet
  facet normal -1 0 0
    outer loop
      vertex 50 -56.4845 35.875
      vertex 50 -42.5 32.3301
      vertex 50 -56.3832 35.6697
    endloop
  endfacet
  facet normal -1 0 0
    outer loop
      vertex 50 -56.6116 36.0653
      vertex 50 -42.5 32.3301
      vertex 50 -56.4845 35.875
    endloop
  endfacet
  facet normal -1 0 0
    outer loop
      vertex 50 -42.5 32.3301
      vertex 50 -56.6116 36.0653
      vertex 50 -41.9134 32.6194
    endloop
  endfacet
  facet normal -1 0 0
    outer loop
      vertex 50 -56.7626 36.2374
      vertex 50 -41.9134 32.6194
      vertex 50 -56.6116 36.0653
    endloop
  endfacet
  facet normal -1 0 0
    outer loop
      vertex 50 -41.9134 32.6194
      vertex 50 -56.7626 36.2374
      vertex 50 -41.2941 32.8296
    endloop
  endfacet
  facet normal -1 0 0
    outer loop
      vertex 50 -56.9347 36.3884
      vertex 50 -41.2941 32.8296
      vertex 50 -56.7626 36.2374
    endloop
  endfacet
  facet normal -1 0 0
    outer loop
      vertex 50 -40.6526 32.9572
      vertex 50 -56.9347 36.3884
      vertex 50 -57.125 36.5155
    endloop
  endfacet
  facet normal -1 0 0
    outer loop
      vertex 50 -40 33
      vertex 50 -57.125 36.5155
      vertex 50 -64 41
    endloop
  endfacet
  facet normal -1 0 0
    outer loop
      vertex 50 -64 41
      vertex 50 -57.125 36.5155
      vertex 50 -57.3303 36.6168
    endloop
  endfacet
  facet normal -1 0 0
    outer loop
      vertex 50 -64 41
      vertex 50 -57.3303 36.6168
      vertex 50 -57.5471 36.6904
    endloop
  endfacet
  facet normal -1 0 0
    outer loop
      vertex 50 -64 41
      vertex 50 -57.5471 36.6904
      vertex 50 -57.7716 36.735
    endloop
  endfacet
  facet normal -1 0 0
    outer loop
      vertex 50 -64 41
      vertex 50 -57.7716 36.735
      vertex 50 -58 36.75
    endloop
  endfacet
  facet normal -1 0 0
    outer loop
      vertex 50 -64 41
      vertex 50 -58 36.75
      vertex 50 -58.2284 36.735
    endloop
  endfacet
  facet normal -1 0 0
    outer loop
      vertex 50 -64 41
      vertex 50 -59.75 35
      vertex 50 -64 28
    endloop
  endfacet
  facet normal -1 0 0
    outer loop
      vertex 50 -59.75 35
      vertex 50 -64 41
      vertex 50 -59.735 35.2284
    endloop
  endfacet
  facet normal -1 0 0
    outer loop
      vertex 50 -59.735 35.2284
      vertex 50 -64 41
      vertex 50 -59.6904 35.4529
    endloop
  endfacet
  facet normal -1 0 0
    outer loop
      vertex 50 -59.6904 35.4529
      vertex 50 -64 41
      vertex 50 -59.6168 35.6697
    endloop
  endfacet
  facet normal -1 0 0
    outer loop
      vertex 50 -40 33
      vertex 50 -64 41
      vertex 50 0 44
    endloop
  endfacet
  facet normal -1 0 0
    outer loop
      vertex 50 -58.4529 36.6904
      vertex 50 -64 41
      vertex 50 -58.2284 36.735
    endloop
  endfacet
  facet normal -1 0 0
    outer loop
      vertex 50 -58.6697 36.6168
      vertex 50 -64 41
      vertex 50 -58.4529 36.6904
    endloop
  endfacet
  facet normal -1 0 0
    outer loop
      vertex 50 -58.875 36.5155
      vertex 50 -64 41
      vertex 50 -58.6697 36.6168
    endloop
  endfacet
  facet normal -1 0 0
    outer loop
      vertex 50 -59.0653 36.3884
      vertex 50 -64 41
      vertex 50 -58.875 36.5155
    endloop
  endfacet
  facet normal -1 0 0
    outer loop
      vertex 50 -59.2374 36.2374
      vertex 50 -64 41
      vertex 50 -59.0653 36.3884
    endloop
  endfacet
  facet normal -1 0 0
    outer loop
      vertex 50 -59.3884 36.0653
      vertex 50 -64 41
      vertex 50 -59.2374 36.2374
    endloop
  endfacet
  facet normal -1 0 0
    outer loop
      vertex 50 -59.5155 35.875
      vertex 50 -64 41
      vertex 50 -59.3884 36.0653
    endloop
  endfacet
  facet normal -1 0 0
    outer loop
      vertex 50 -59.6168 35.6697
      vertex 50 -64 41
      vertex 50 -59.5155 35.875
    endloop
  endfacet
  facet normal -1 0 0
    outer loop
      vertex 50 1.20741 21.3235
      vertex 50 2.5 23.6699
      vertex 50 1.23931 21.1632
    endloop
  endfacet
  facet normal -1 0 0
    outer loop
      vertex 50 2.5 23.6699
      vertex 50 1.20741 21.3235
      vertex 50 1.91342 23.3806
    endloop
  endfacet
  facet normal -1 0 0
    outer loop
      vertex 50 1.15485 21.4784
      vertex 50 1.91342 23.3806
      vertex 50 1.20741 21.3235
    endloop
  endfacet
  facet normal -1 0 0
    outer loop
      vertex 50 1.08253 21.625
      vertex 50 1.91342 23.3806
      vertex 50 1.15485 21.4784
    endloop
  endfacet
  facet normal -1 0 0
    outer loop
      vertex 50 1.91342 23.3806
      vertex 50 1.08253 21.625
      vertex 50 1.2941 23.1704
    endloop
  endfacet
  facet normal -1 0 0
    outer loop
      vertex 50 0.991692 21.761
      vertex 50 1.2941 23.1704
      vertex 50 1.08253 21.625
    endloop
  endfacet
  facet normal -1 0 0
    outer loop
      vertex 50 0.883883 21.8839
      vertex 50 1.2941 23.1704
      vertex 50 0.991692 21.761
    endloop
  endfacet
  facet normal -1 0 0
    outer loop
      vertex 50 0.760951 21.9917
      vertex 50 1.2941 23.1704
      vertex 50 0.883883 21.8839
    endloop
  endfacet
  facet normal -1 0 0
    outer loop
      vertex 50 0.760951 21.9917
      vertex 50 0.652631 23.0428
      vertex 50 1.2941 23.1704
    endloop
  endfacet
  facet normal -1 0 0
    outer loop
      vertex 50 0.625 22.0825
      vertex 50 0.652631 23.0428
      vertex 50 0.760951 21.9917
    endloop
  endfacet
  facet normal -1 0 0
    outer loop
      vertex 50 0.478354 22.1549
      vertex 50 0.652631 23.0428
      vertex 50 0.625 22.0825
    endloop
  endfacet
  facet normal -1 0 0
    outer loop
      vertex 50 0.323524 22.2074
      vertex 50 0.652631 23.0428
      vertex 50 0.478354 22.1549
    endloop
  endfacet
  facet normal -1 0 0
    outer loop
      vertex 50 0 23
      vertex 50 0.323524 22.2074
      vertex 50 0.163157 22.2393
    endloop
  endfacet
  facet normal -1 0 0
    outer loop
      vertex 50 0 23
      vertex 50 0.163157 22.2393
      vertex 50 0 22.25
    endloop
  endfacet
  facet normal -1 0 0
    outer loop
      vertex 50 0.323524 22.2074
      vertex 50 0 23
      vertex 50 0.652631 23.0428
    endloop
  endfacet
  facet normal -1 0 0
    outer loop
      vertex 50 -0.163157 22.2393
      vertex 50 0 23
      vertex 50 0 22.25
    endloop
  endfacet
  facet normal -1 0 0
    outer loop
      vertex 50 -0.323524 22.2074
      vertex 50 0 23
      vertex 50 -0.163157 22.2393
    endloop
  endfacet
  facet normal -1 0 0
    outer loop
      vertex 50 -0.652631 23.0428
      vertex 50 -0.323524 22.2074
      vertex 50 -0.478354 22.1549
    endloop
  endfacet
  facet normal -1 0 0
    outer loop
      vertex 50 -0.652631 23.0428
      vertex 50 -0.478354 22.1549
      vertex 50 -0.625 22.0825
    endloop
  endfacet
  facet normal -1 0 0
    outer loop
      vertex 50 -0.323524 22.2074
      vertex 50 -0.652631 23.0428
      vertex 50 0 23
    endloop
  endfacet
  facet normal -1 0 0
    outer loop
      vertex 50 -0.760951 21.9917
      vertex 50 -0.652631 23.0428
      vertex 50 -0.625 22.0825
    endloop
  endfacet
  facet normal -1 0 0
    outer loop
      vertex 50 -1.2941 23.1704
      vertex 50 -0.760951 21.9917
      vertex 50 -0.883883 21.8839
    endloop
  endfacet
  facet normal -1 0 0
    outer loop
      vertex 50 -1.2941 23.1704
      vertex 50 -0.883883 21.8839
      vertex 50 -0.991692 21.761
    endloop
  endfacet
  facet normal -1 0 0
    outer loop
      vertex 50 -1.2941 23.1704
      vertex 50 -0.991692 21.761
      vertex 50 -1.08253 21.625
    endloop
  endfacet
  facet normal -1 0 0
    outer loop
      vertex 50 -1.2941 23.1704
      vertex 50 -1.08253 21.625
      vertex 50 -1.15485 21.4784
    endloop
  endfacet
  facet normal -1 0 0
    outer loop
      vertex 50 -1.2941 23.1704
      vertex 50 -1.15485 21.4784
      vertex 50 -1.20741 21.3235
    endloop
  endfacet
  facet normal -1 0 0
    outer loop
      vertex 50 -0.760951 21.9917
      vertex 50 -1.2941 23.1704
      vertex 50 -0.652631 23.0428
    endloop
  endfacet
  facet normal -1 0 0
    outer loop
      vertex 50 -1.23931 21.1632
      vertex 50 -1.2941 23.1704
      vertex 50 -1.20741 21.3235
    endloop
  endfacet
  facet normal -1 0 0
    outer loop
      vertex 50 -1.2941 23.1704
      vertex 50 -1.23931 21.1632
      vertex 50 -1.25 21
    endloop
  endfacet
  facet normal 1 0 0
    outer loop
      vertex 50 -52 14.4375
      vertex 50 -63.1962 7
      vertex 50 -52 7
    endloop
  endfacet
  facet normal 1 0 0
    outer loop
      vertex 50 -64 15
      vertex 50 -63.1962 7
      vertex 50 -52 14.4375
    endloop
  endfacet
  facet normal 1 0 0
    outer loop
      vertex 50 -64 0
      vertex 50 -63.1962 7
      vertex 50 -64 15
    endloop
  endfacet
  facet normal 1 0 0
    outer loop
      vertex 50 -63.1962 7
      vertex 50 -64 0
      vertex 50 -63.1962 0
    endloop
  endfacet
  facet normal 0 1 -0
    outer loop
      vertex 50 -52 14.4375
      vertex 44 -52 28
      vertex 50 -52 28
    endloop
  endfacet
  facet normal 0 1 0
    outer loop
      vertex 44.5438 -52 7
      vertex 50 -52 14.4375
      vertex 50 -52 7
    endloop
  endfacet
  facet normal 0 1 0
    outer loop
      vertex 44 -52 7
      vertex 50 -52 14.4375
      vertex 44.5438 -52 7
    endloop
  endfacet
  facet normal 0 1 0
    outer loop
      vertex 50 -52 14.4375
      vertex 44 -52 7
      vertex 44 -52 28
    endloop
  endfacet
  facet normal 0 1 -0
    outer loop
      vertex 44.5438 -52 0
      vertex 44 -52 7
      vertex 44.5438 -52 7
    endloop
  endfacet
  facet normal 0 1 0
    outer loop
      vertex 6.47891 -52 0
      vertex 44 -52 7
      vertex 44.5438 -52 0
    endloop
  endfacet
  facet normal 0 1 0
    outer loop
      vertex 44 -52 7
      vertex 6.47891 -52 0
      vertex 6.47891 -52 7
    endloop
  endfacet
  facet normal 0.94704 0.321117 0
    outer loop
      vertex 109.898 35.1264 7
      vertex 109.772 35.498 0
      vertex 109.772 35.498 7
    endloop
  endfacet
  facet normal 0.94704 0.321117 0
    outer loop
      vertex 109.772 35.498 0
      vertex 109.898 35.1264 7
      vertex 109.898 35.1264 0
    endloop
  endfacet
  facet normal -1 0 0
    outer loop
      vertex 60 -1.6409 0
      vertex 60 34.35 7
      vertex 60 34.35 0
    endloop
  endfacet
  facet normal -1 -0 0
    outer loop
      vertex 60 34.35 7
      vertex 60 -1.6409 0
      vertex 60 -1.6409 7
    endloop
  endfacet
  facet normal 0.997803 -0.0662484 0
    outer loop
      vertex 109.974 -14.0416 7
      vertex 110 -13.65 0
      vertex 110 -13.65 7
    endloop
  endfacet
  facet normal 0.997803 -0.0662484 0
    outer loop
      vertex 110 -13.65 0
      vertex 109.974 -14.0416 7
      vertex 109.974 -14.0416 0
    endloop
  endfacet
  facet normal 0.659334 0.75185 -0
    outer loop
      vertex 109.121 36.4713 0
      vertex 108.826 36.73 7
      vertex 109.121 36.4713 7
    endloop
  endfacet
  facet normal 0.659334 0.75185 0
    outer loop
      vertex 108.826 36.73 7
      vertex 109.121 36.4713 0
      vertex 108.826 36.73 0
    endloop
  endfacet
  facet normal -0.659334 0.75185 0
    outer loop
      vertex 61.1737 36.73 0
      vertex 60.8787 36.4713 7
      vertex 61.1737 36.73 7
    endloop
  endfacet
  facet normal -0.659334 0.75185 0
    outer loop
      vertex 60.8787 36.4713 7
      vertex 61.1737 36.73 0
      vertex 60.8787 36.4713 0
    endloop
  endfacet
  facet normal -0.997853 0.0654873 0
    outer loop
      vertex 60 34.35 0
      vertex 60.0257 34.7416 7
      vertex 60.0257 34.7416 0
    endloop
  endfacet
  facet normal -0.997853 0.0654873 0
    outer loop
      vertex 60.0257 34.7416 7
      vertex 60 34.35 0
      vertex 60 34.35 7
    endloop
  endfacet
  facet normal 1 -0 0
    outer loop
      vertex 110 -13.65 7
      vertex 110 34.35 0
      vertex 110 34.35 7
    endloop
  endfacet
  facet normal 1 0 0
    outer loop
      vertex 110 34.35 0
      vertex 110 -13.65 7
      vertex 110 -13.65 0
    endloop
  endfacet
  facet normal -0 0 1
    outer loop
      vertex -16.8526 -53.2399 7
      vertex -16.2 -63.1962 7
      vertex -16.2 -52.8017 7
    endloop
  endfacet
  facet normal 0 0 1
    outer loop
      vertex -16.8526 -53.2399 7
      vertex -16.8526 -62.7601 7
      vertex -16.2 -63.1962 7
    endloop
  endfacet
  facet normal -0 0 1
    outer loop
      vertex -17.4426 -53.7574 7
      vertex -16.8526 -62.7601 7
      vertex -16.8526 -53.2399 7
    endloop
  endfacet
  facet normal 0 0 1
    outer loop
      vertex -17.4426 -53.7574 7
      vertex -17.4426 -62.2426 7
      vertex -16.8526 -62.7601 7
    endloop
  endfacet
  facet normal -0 0 1
    outer loop
      vertex -17.9601 -54.3474 7
      vertex -17.4426 -62.2426 7
      vertex -17.4426 -53.7574 7
    endloop
  endfacet
  facet normal 0 0 1
    outer loop
      vertex -17.9601 -54.3474 7
      vertex -17.9601 -61.6526 7
      vertex -17.4426 -62.2426 7
    endloop
  endfacet
  facet normal -0 0 1
    outer loop
      vertex -18.3962 -55 7
      vertex -17.9601 -61.6526 7
      vertex -17.9601 -54.3474 7
    endloop
  endfacet
  facet normal 0 0 1
    outer loop
      vertex -18.3962 -55 7
      vertex -18.3962 -61 7
      vertex -17.9601 -61.6526 7
    endloop
  endfacet
  facet normal -0 0 1
    outer loop
      vertex -18.7433 -55.7039 7
      vertex -18.3962 -61 7
      vertex -18.3962 -55 7
    endloop
  endfacet
  facet normal 0 0 1
    outer loop
      vertex -18.7433 -55.7039 7
      vertex -18.7433 -60.2961 7
      vertex -18.3962 -61 7
    endloop
  endfacet
  facet normal -0 0 1
    outer loop
      vertex -18.9956 -56.4471 7
      vertex -18.7433 -60.2961 7
      vertex -18.7433 -55.7039 7
    endloop
  endfacet
  facet normal 0 0 1
    outer loop
      vertex -18.9956 -56.4471 7
      vertex -18.9956 -59.5529 7
      vertex -18.7433 -60.2961 7
    endloop
  endfacet
  facet normal -0 0 1
    outer loop
      vertex -19.1487 -57.2168 7
      vertex -18.9956 -59.5529 7
      vertex -18.9956 -56.4471 7
    endloop
  endfacet
  facet normal 0 0 1
    outer loop
      vertex -19.1487 -57.2168 7
      vertex -19.1487 -58.7832 7
      vertex -18.9956 -59.5529 7
    endloop
  endfacet
  facet normal 0 -0 1
    outer loop
      vertex -19.1487 -58.7832 7
      vertex -19.1487 -57.2168 7
      vertex -19.2 -58 7
    endloop
  endfacet
  facet normal 0 0 1
    outer loop
      vertex 51.2426 -62.2426 7
      vertex 50 -63.1962 7
      vertex 50.6526 -62.7601 7
    endloop
  endfacet
  facet normal -0 0 1
    outer loop
      vertex 6.47891 -52 7
      vertex 44 -64 7
      vertex 44 -52 7
    endloop
  endfacet
  facet normal 0 0 1
    outer loop
      vertex -10.2 -64 7
      vertex 6.47891 -52 7
      vertex -10.2 -52 7
    endloop
  endfacet
  facet normal 0 0 1
    outer loop
      vertex 6.47891 -52 7
      vertex -10.2 -64 7
      vertex 44 -64 7
    endloop
  endfacet
  facet normal 0 0 1
    outer loop
      vertex 74.3748 -2.84701 7
      vertex 70.485 -3.42158 7
      vertex 70.5 -3.65 7
    endloop
  endfacet
  facet normal 0 0 1
    outer loop
      vertex 74.3748 -2.84701 7
      vertex 70.4404 -3.19707 7
      vertex 70.485 -3.42158 7
    endloop
  endfacet
  facet normal 0 0 1
    outer loop
      vertex 74.2461 -2.2 7
      vertex 70.3668 -2.9803 7
      vertex 70.4404 -3.19707 7
    endloop
  endfacet
  facet normal 0 0 1
    outer loop
      vertex 74.2461 -2.2 7
      vertex 70.2655 -2.775 7
      vertex 70.3668 -2.9803 7
    endloop
  endfacet
  facet normal 0 0 1
    outer loop
      vertex 74.2461 -2.2 7
      vertex 70.1384 -2.58467 7
      vertex 70.2655 -2.775 7
    endloop
  endfacet
  facet normal 0 0 1
    outer loop
      vertex 74.2461 -2.2 7
      vertex 69.9874 -2.41256 7
      vertex 70.1384 -2.58467 7
    endloop
  endfacet
  facet normal 0 0 1
    outer loop
      vertex 74.2461 -2.2 7
      vertex 69.8153 -2.26163 7
      vertex 69.9874 -2.41256 7
    endloop
  endfacet
  facet normal 0 -0 1
    outer loop
      vertex 69.8153 -2.26163 7
      vertex 74.2461 -2.2 7
      vertex 69.7231 -2.2 7
    endloop
  endfacet
  facet normal 0 0 1
    outer loop
      vertex 79.5 -9.52628 7
      vertex 80.4792 -16.65 7
      vertex 80.7905 -10.1627 7
    endloop
  endfacet
  facet normal 0 0 1
    outer loop
      vertex 78.3036 -8.72689 7
      vertex 80.4792 -16.65 7
      vertex 79.5 -9.52628 7
    endloop
  endfacet
  facet normal 0 0 1
    outer loop
      vertex 77.2218 -7.77817 7
      vertex 80.4792 -16.65 7
      vertex 78.3036 -8.72689 7
    endloop
  endfacet
  facet normal 0 0 1
    outer loop
      vertex 69.4197 -5.26679 7
      vertex 77.2218 -7.77817 7
      vertex 76.2731 -6.69637 7
    endloop
  endfacet
  facet normal 0 0 1
    outer loop
      vertex 69.8153 -5.03837 7
      vertex 76.2731 -6.69637 7
      vertex 75.4737 -5.5 7
    endloop
  endfacet
  facet normal -0 0 1
    outer loop
      vertex 70.2655 -4.525 7
      vertex 75.4737 -5.5 7
      vertex 74.8373 -4.20952 7
    endloop
  endfacet
  facet normal 0 0 1
    outer loop
      vertex 70.4404 -3.19707 7
      vertex 74.3748 -2.84701 7
      vertex 74.2461 -2.2 7
    endloop
  endfacet
  facet normal 0 0 1
    outer loop
      vertex 70.485 -3.87842 7
      vertex 74.3748 -2.84701 7
      vertex 70.5 -3.65 7
    endloop
  endfacet
  facet normal 0 0 1
    outer loop
      vertex 74.3748 -2.84701 7
      vertex 70.485 -3.87842 7
      vertex 74.8373 -4.20952 7
    endloop
  endfacet
  facet normal -0 0 1
    outer loop
      vertex 70.4404 -4.10293 7
      vertex 74.8373 -4.20952 7
      vertex 70.485 -3.87842 7
    endloop
  endfacet
  facet normal 0 0 1
    outer loop
      vertex 70.3668 -4.3197 7
      vertex 74.8373 -4.20952 7
      vertex 70.4404 -4.10293 7
    endloop
  endfacet
  facet normal 0 0 1
    outer loop
      vertex 70.2655 -4.525 7
      vertex 74.8373 -4.20952 7
      vertex 70.3668 -4.3197 7
    endloop
  endfacet
  facet normal 0 0 1
    outer loop
      vertex 75.4737 -5.5 7
      vertex 70.2655 -4.525 7
      vertex 70.1384 -4.71533 7
    endloop
  endfacet
  facet normal 0 0 1
    outer loop
      vertex 75.4737 -5.5 7
      vertex 70.1384 -4.71533 7
      vertex 69.9874 -4.88744 7
    endloop
  endfacet
  facet normal 0 0 1
    outer loop
      vertex 75.4737 -5.5 7
      vertex 69.9874 -4.88744 7
      vertex 69.8153 -5.03837 7
    endloop
  endfacet
  facet normal 0 0 1
    outer loop
      vertex 76.2731 -6.69637 7
      vertex 69.8153 -5.03837 7
      vertex 69.625 -5.16554 7
    endloop
  endfacet
  facet normal 0 0 1
    outer loop
      vertex 76.2731 -6.69637 7
      vertex 69.625 -5.16554 7
      vertex 69.4197 -5.26679 7
    endloop
  endfacet
  facet normal 0 0 1
    outer loop
      vertex 77.2218 -7.77817 7
      vertex 69.4197 -5.26679 7
      vertex 69.2029 -5.34037 7
    endloop
  endfacet
  facet normal 0 0 1
    outer loop
      vertex 77.2218 -7.77817 7
      vertex 69.2029 -5.34037 7
      vertex 63 -16.65 7
    endloop
  endfacet
  facet normal 0 0 1
    outer loop
      vertex 63 -16.65 7
      vertex 69.2029 -5.34037 7
      vertex 68.9784 -5.38503 7
    endloop
  endfacet
  facet normal 0 0 1
    outer loop
      vertex 63 -16.65 7
      vertex 68.9784 -5.38503 7
      vertex 68.75 -5.4 7
    endloop
  endfacet
  facet normal 0 0 1
    outer loop
      vertex 63 -16.65 7
      vertex 68.75 -5.4 7
      vertex 66.75 -5.4 7
    endloop
  endfacet
  facet normal 0 0 1
    outer loop
      vertex 63 -16.65 7
      vertex 66.75 -5.4 7
      vertex 66.5216 -5.38503 7
    endloop
  endfacet
  facet normal 0 0 1
    outer loop
      vertex 63 -16.65 7
      vertex 66.5216 -5.38503 7
      vertex 66.2971 -5.34037 7
    endloop
  endfacet
  facet normal 0 0 1
    outer loop
      vertex 63 -16.65 7
      vertex 66.2971 -5.34037 7
      vertex 66.0803 -5.26679 7
    endloop
  endfacet
  facet normal 0 0 1
    outer loop
      vertex 63 -16.65 7
      vertex 66.0803 -5.26679 7
      vertex 65.875 -5.16554 7
    endloop
  endfacet
  facet normal 0 0 1
    outer loop
      vertex 63 -16.65 7
      vertex 65.875 -5.16554 7
      vertex 65.6847 -5.03837 7
    endloop
  endfacet
  facet normal 0 0 1
    outer loop
      vertex 77.2218 -7.77817 7
      vertex 63 -16.65 7
      vertex 80.4792 -16.65 7
    endloop
  endfacet
  facet normal 0 0 1
    outer loop
      vertex 65.5126 -4.88744 7
      vertex 63 -16.65 7
      vertex 65.6847 -5.03837 7
    endloop
  endfacet
  facet normal 0 0 1
    outer loop
      vertex 65.3616 -4.71533 7
      vertex 63 -16.65 7
      vertex 65.5126 -4.88744 7
    endloop
  endfacet
  facet normal 0 0 1
    outer loop
      vertex 65.2345 -4.525 7
      vertex 63 -16.65 7
      vertex 65.3616 -4.71533 7
    endloop
  endfacet
  facet normal 0 0 1
    outer loop
      vertex 65.1332 -4.3197 7
      vertex 63 -16.65 7
      vertex 65.2345 -4.525 7
    endloop
  endfacet
  facet normal 0 0 1
    outer loop
      vertex 65.0596 -4.10293 7
      vertex 63 -16.65 7
      vertex 65.1332 -4.3197 7
    endloop
  endfacet
  facet normal 0 0 1
    outer loop
      vertex 65.015 -3.87842 7
      vertex 63 -16.65 7
      vertex 65.0596 -4.10293 7
    endloop
  endfacet
  facet normal 0 0 1
    outer loop
      vertex 65 -3.65 7
      vertex 63 -16.65 7
      vertex 65.015 -3.87842 7
    endloop
  endfacet
  facet normal 0 0 1
    outer loop
      vertex 65.015 -3.42158 7
      vertex 63 -16.65 7
      vertex 65 -3.65 7
    endloop
  endfacet
  facet normal 0 0 1
    outer loop
      vertex 60 34.35 7
      vertex 63 37.35 7
      vertex 62.6084 37.3243 7
    endloop
  endfacet
  facet normal 0 -0 1
    outer loop
      vertex 60.7156 -15.5854 7
      vertex 65.015 -3.42158 7
      vertex 60 -1.6409 7
    endloop
  endfacet
  facet normal 0 0 1
    outer loop
      vertex 60 34.35 7
      vertex 62.6084 37.3243 7
      vertex 62.2236 37.2478 7
    endloop
  endfacet
  facet normal 0 0 1
    outer loop
      vertex 65.015 -3.42158 7
      vertex 60.7156 -15.5854 7
      vertex 63 -16.65 7
    endloop
  endfacet
  facet normal 0 0 1
    outer loop
      vertex 60 34.35 7
      vertex 62.2236 37.2478 7
      vertex 61.852 37.1216 7
    endloop
  endfacet
  facet normal 0 0 1
    outer loop
      vertex 63 -16.65 7
      vertex 60.7156 -15.5854 7
      vertex 62.6084 -16.6243 7
    endloop
  endfacet
  facet normal 0 0 1
    outer loop
      vertex 60 34.35 7
      vertex 61.852 37.1216 7
      vertex 61.5 36.9481 7
    endloop
  endfacet
  facet normal 0 0 1
    outer loop
      vertex 62.6084 -16.6243 7
      vertex 60.7156 -15.5854 7
      vertex 62.2236 -16.5478 7
    endloop
  endfacet
  facet normal 0 0 1
    outer loop
      vertex 60 34.35 7
      vertex 61.5 36.9481 7
      vertex 61.1737 36.73 7
    endloop
  endfacet
  facet normal 0 0 1
    outer loop
      vertex 62.2236 -16.5478 7
      vertex 60.7156 -15.5854 7
      vertex 61.852 -16.4216 7
    endloop
  endfacet
  facet normal 0 0 1
    outer loop
      vertex 60 34.35 7
      vertex 61.1737 36.73 7
      vertex 60.8787 36.4713 7
    endloop
  endfacet
  facet normal 0 0 1
    outer loop
      vertex 61.852 -16.4216 7
      vertex 60.7156 -15.5854 7
      vertex 61.5 -16.2481 7
    endloop
  endfacet
  facet normal 0 0 1
    outer loop
      vertex 61.5 -16.2481 7
      vertex 60.7156 -15.5854 7
      vertex 61.1737 -16.0301 7
    endloop
  endfacet
  facet normal 0 0 1
    outer loop
      vertex 60 34.35 7
      vertex 60.8787 36.4713 7
      vertex 60.6199 36.1763 7
    endloop
  endfacet
  facet normal 0 0 1
    outer loop
      vertex 60 34.35 7
      vertex 60.6199 36.1763 7
      vertex 60.4019 35.85 7
    endloop
  endfacet
  facet normal 0 0 1
    outer loop
      vertex 60 34.35 7
      vertex 60.4019 35.85 7
      vertex 60.2284 35.498 7
    endloop
  endfacet
  facet normal 0 0 1
    outer loop
      vertex 60 34.35 7
      vertex 60.2284 35.498 7
      vertex 60.1022 35.1264 7
    endloop
  endfacet
  facet normal 0 0 1
    outer loop
      vertex 60 34.35 7
      vertex 60.1022 35.1264 7
      vertex 60.0257 34.7416 7
    endloop
  endfacet
  facet normal 0 0 1
    outer loop
      vertex 65.0596 -3.19707 7
      vertex 60 -1.6409 7
      vertex 65.015 -3.42158 7
    endloop
  endfacet
  facet normal 0 0 1
    outer loop
      vertex 61.1737 -16.0301 7
      vertex 60.7156 -15.5854 7
      vertex 60.8787 -15.7713 7
    endloop
  endfacet
  facet normal 0 0 1
    outer loop
      vertex 60 -1.6409 7
      vertex 6.47891 -52 7
      vertex 60.7156 -15.5854 7
    endloop
  endfacet
  facet normal 0 0 1
    outer loop
      vertex 60 -1.6409 7
      vertex -10.2 -52 7
      vertex 6.47891 -52 7
    endloop
  endfacet
  facet normal 0 -0 1
    outer loop
      vertex -10.2 -52 7
      vertex 60 -1.6409 7
      vertex -15.0059 -52 7
    endloop
  endfacet
  facet normal 0 0 1
    outer loop
      vertex 95.6252 -2.84701 7
      vertex 99.5 -3.65 7
      vertex 99.515 -3.42158 7
    endloop
  endfacet
  facet normal -0 0 1
    outer loop
      vertex 95.7539 -2.2 7
      vertex 100.185 -2.26163 7
      vertex 100.277 -2.2 7
    endloop
  endfacet
  facet normal 0 0 1
    outer loop
      vertex 95.7539 -2.2 7
      vertex 100.013 -2.41256 7
      vertex 100.185 -2.26163 7
    endloop
  endfacet
  facet normal 0 0 1
    outer loop
      vertex 95.7539 -2.2 7
      vertex 99.8616 -2.58467 7
      vertex 100.013 -2.41256 7
    endloop
  endfacet
  facet normal 0 0 1
    outer loop
      vertex 95.7539 -2.2 7
      vertex 99.7345 -2.775 7
      vertex 99.8616 -2.58467 7
    endloop
  endfacet
  facet normal 0 0 1
    outer loop
      vertex 95.7539 -2.2 7
      vertex 99.6332 -2.9803 7
      vertex 99.7345 -2.775 7
    endloop
  endfacet
  facet normal 0 0 1
    outer loop
      vertex 95.7539 -2.2 7
      vertex 99.5596 -3.19707 7
      vertex 99.6332 -2.9803 7
    endloop
  endfacet
  facet normal -0 0 1
    outer loop
      vertex 95.6252 -2.84701 7
      vertex 99.5596 -3.19707 7
      vertex 95.7539 -2.2 7
    endloop
  endfacet
  facet normal 0 0 1
    outer loop
      vertex 99.5596 -3.19707 7
      vertex 95.6252 -2.84701 7
      vertex 99.515 -3.42158 7
    endloop
  endfacet
  facet normal 0 0 1
    outer loop
      vertex 99.5 -3.65 7
      vertex 95.6252 -2.84701 7
      vertex 95.1627 -4.20952 7
    endloop
  endfacet
  facet normal 0 0 1
    outer loop
      vertex 99.5 -3.65 7
      vertex 95.1627 -4.20952 7
      vertex 94.5263 -5.5 7
    endloop
  endfacet
  facet normal 0 0 1
    outer loop
      vertex 99.5 -3.65 7
      vertex 94.5263 -5.5 7
      vertex 93.7269 -6.69637 7
    endloop
  endfacet
  facet normal 0 0 1
    outer loop
      vertex 99.5 -3.65 7
      vertex 93.7269 -6.69637 7
      vertex 97.5903 -16.65 7
    endloop
  endfacet
  facet normal -0 0 1
    outer loop
      vertex 92.7782 -7.77817 7
      vertex 97.5903 -16.65 7
      vertex 93.7269 -6.69637 7
    endloop
  endfacet
  facet normal -0 0 1
    outer loop
      vertex 91.6964 -8.72689 7
      vertex 97.5903 -16.65 7
      vertex 92.7782 -7.77817 7
    endloop
  endfacet
  facet normal -0 0 1
    outer loop
      vertex 90.5 -9.52628 7
      vertex 97.5903 -16.65 7
      vertex 91.6964 -8.72689 7
    endloop
  endfacet
  facet normal -0 0 1
    outer loop
      vertex 89.2095 -10.1627 7
      vertex 97.5903 -16.65 7
      vertex 90.5 -9.52628 7
    endloop
  endfacet
  facet normal -0 0 1
    outer loop
      vertex 87.847 -10.6252 7
      vertex 97.5903 -16.65 7
      vertex 89.2095 -10.1627 7
    endloop
  endfacet
  facet normal 0 0 1
    outer loop
      vertex 80.4792 -16.65 7
      vertex 87.847 -10.6252 7
      vertex 86.4358 -10.9059 7
    endloop
  endfacet
  facet normal 0 0 1
    outer loop
      vertex 80.4792 -16.65 7
      vertex 86.4358 -10.9059 7
      vertex 85 -11 7
    endloop
  endfacet
  facet normal 0 0 1
    outer loop
      vertex 80.4792 -16.65 7
      vertex 85 -11 7
      vertex 83.5642 -10.9059 7
    endloop
  endfacet
  facet normal 0 0 1
    outer loop
      vertex 80.4792 -16.65 7
      vertex 83.5642 -10.9059 7
      vertex 82.153 -10.6252 7
    endloop
  endfacet
  facet normal 0 0 1
    outer loop
      vertex 80.4792 -16.65 7
      vertex 82.153 -10.6252 7
      vertex 80.7905 -10.1627 7
    endloop
  endfacet
  facet normal 0 0 1
    outer loop
      vertex 87.847 -10.6252 7
      vertex 80.4792 -16.65 7
      vertex 97.5903 -16.65 7
    endloop
  endfacet
  facet normal -0 0 1
    outer loop
      vertex 80.4792 -16.65 7
      vertex 51.2426 -62.2426 7
      vertex 97.5903 -16.65 7
    endloop
  endfacet
  facet normal -0 0 1
    outer loop
      vertex 50 -52 7
      vertex 51.2426 -62.2426 7
      vertex 80.4792 -16.65 7
    endloop
  endfacet
  facet normal 0 0 1
    outer loop
      vertex 50 -63.1962 7
      vertex 51.2426 -62.2426 7
      vertex 50 -52 7
    endloop
  endfacet
  facet normal 0 -0 1
    outer loop
      vertex 50 -52 7
      vertex 80.4792 -16.65 7
      vertex 44.5438 -52 7
    endloop
  endfacet
  facet normal 0 0 1
    outer loop
      vertex 104.13 0.717638 7
      vertex 110 34.35 7
      vertex 104.94 23.8971 7
    endloop
  endfacet
  facet normal 0 0 1
    outer loop
      vertex 110 -13.65 7
      vertex 104.985 -3.42158 7
      vertex 105 -3.65 7
    endloop
  endfacet
  facet normal 0 0 1
    outer loop
      vertex 110 34.35 7
      vertex 104.13 0.717638 7
      vertex 110 -13.65 7
    endloop
  endfacet
  facet normal 0 0 1
    outer loop
      vertex 110 -13.65 7
      vertex 104.94 -3.19707 7
      vertex 104.985 -3.42158 7
    endloop
  endfacet
  facet normal 0 0 1
    outer loop
      vertex 104.13 0.717638 7
      vertex 104.94 23.8971 7
      vertex 104.867 23.6803 7
    endloop
  endfacet
  facet normal 0 0 1
    outer loop
      vertex 110 -13.65 7
      vertex 104.181 0.461052 7
      vertex 104.94 -3.19707 7
    endloop
  endfacet
  facet normal 0 0 1
    outer loop
      vertex 104.046 0.965366 7
      vertex 104.867 23.6803 7
      vertex 104.766 23.475 7
    endloop
  endfacet
  facet normal 0 0 1
    outer loop
      vertex 104.94 -3.19707 7
      vertex 104.181 0.461052 7
      vertex 104.867 -2.9803 7
    endloop
  endfacet
  facet normal 0 0 1
    outer loop
      vertex 103.93 1.2 7
      vertex 104.766 23.475 7
      vertex 104.638 23.2847 7
    endloop
  endfacet
  facet normal -0 -0 1
    outer loop
      vertex 104.198 0.2 7
      vertex 104.867 -2.9803 7
      vertex 104.181 0.461052 7
    endloop
  endfacet
  facet normal 0 0 1
    outer loop
      vertex 103.785 1.41752 7
      vertex 104.638 23.2847 7
      vertex 104.487 23.1126 7
    endloop
  endfacet
  facet normal -0 0 1
    outer loop
      vertex 104.198 -0.199999 7
      vertex 104.867 -2.9803 7
      vertex 104.198 0.2 7
    endloop
  endfacet
  facet normal 0 0 1
    outer loop
      vertex 103.612 1.61421 7
      vertex 104.487 23.1126 7
      vertex 104.315 22.9616 7
    endloop
  endfacet
  facet normal 0 0 1
    outer loop
      vertex 104.867 -2.9803 7
      vertex 104.198 -0.199999 7
      vertex 104.766 -2.775 7
    endloop
  endfacet
  facet normal 0 0 1
    outer loop
      vertex 104.766 -2.775 7
      vertex 104.181 -0.461051 7
      vertex 104.638 -2.58467 7
    endloop
  endfacet
  facet normal -0 0 1
    outer loop
      vertex 104.181 -0.461051 7
      vertex 104.766 -2.775 7
      vertex 104.198 -0.199999 7
    endloop
  endfacet
  facet normal 0 0 1
    outer loop
      vertex 110 -13.65 7
      vertex 104.136 0.689473 7
      vertex 104.181 0.461052 7
    endloop
  endfacet
  facet normal 0 0 1
    outer loop
      vertex 110 -13.65 7
      vertex 104.13 0.717638 7
      vertex 104.136 0.689473 7
    endloop
  endfacet
  facet normal 0 0 1
    outer loop
      vertex 103.416 1.78671 7
      vertex 104.315 22.9616 7
      vertex 104.125 22.8345 7
    endloop
  endfacet
  facet normal 0 0 1
    outer loop
      vertex 104.867 23.6803 7
      vertex 104.046 0.965366 7
      vertex 104.13 0.717638 7
    endloop
  endfacet
  facet normal 0 0 1
    outer loop
      vertex 104.766 23.475 7
      vertex 103.945 1.17057 7
      vertex 104.046 0.965366 7
    endloop
  endfacet
  facet normal 0 0 1
    outer loop
      vertex 104.766 23.475 7
      vertex 103.93 1.2 7
      vertex 103.945 1.17057 7
    endloop
  endfacet
  facet normal 0 0 1
    outer loop
      vertex 103.198 1.93205 7
      vertex 104.125 22.8345 7
      vertex 103.92 22.7332 7
    endloop
  endfacet
  facet normal 0 0 1
    outer loop
      vertex 104.638 23.2847 7
      vertex 103.785 1.41752 7
      vertex 103.93 1.2 7
    endloop
  endfacet
  facet normal 0 0 1
    outer loop
      vertex 102.964 2.04776 7
      vertex 103.92 22.7332 7
      vertex 103.703 22.6596 7
    endloop
  endfacet
  facet normal 0 0 1
    outer loop
      vertex 104.487 23.1126 7
      vertex 103.612 1.61421 7
      vertex 103.785 1.41752 7
    endloop
  endfacet
  facet normal 0 0 1
    outer loop
      vertex 104.315 22.9616 7
      vertex 103.589 1.63506 7
      vertex 103.612 1.61421 7
    endloop
  endfacet
  facet normal 0 0 1
    outer loop
      vertex 102.716 2.13185 7
      vertex 103.703 22.6596 7
      vertex 103.478 22.615 7
    endloop
  endfacet
  facet normal 0 0 1
    outer loop
      vertex 104.315 22.9616 7
      vertex 103.416 1.78671 7
      vertex 103.589 1.63506 7
    endloop
  endfacet
  facet normal 0 0 1
    outer loop
      vertex 102.459 2.18289 7
      vertex 103.478 22.615 7
      vertex 103.25 22.6 7
    endloop
  endfacet
  facet normal 0 0 1
    outer loop
      vertex 104.125 22.8345 7
      vertex 103.198 1.93205 7
      vertex 103.416 1.78671 7
    endloop
  endfacet
  facet normal 0 0 1
    outer loop
      vertex 103.92 22.7332 7
      vertex 102.964 2.04776 7
      vertex 103.198 1.93205 7
    endloop
  endfacet
  facet normal 0 0 1
    outer loop
      vertex 103.703 22.6596 7
      vertex 102.883 2.075 7
      vertex 102.964 2.04776 7
    endloop
  endfacet
  facet normal 0 0 1
    outer loop
      vertex 103.703 22.6596 7
      vertex 102.716 2.13185 7
      vertex 102.883 2.075 7
    endloop
  endfacet
  facet normal 0 0 1
    outer loop
      vertex 103.478 22.615 7
      vertex 102.459 2.18289 7
      vertex 102.716 2.13185 7
    endloop
  endfacet
  facet normal 0 0 1
    outer loop
      vertex 103.25 22.6 7
      vertex 102.198 2.2 7
      vertex 102.459 2.18289 7
    endloop
  endfacet
  facet normal -0 0 1
    outer loop
      vertex 101.25 22.6 7
      vertex 102.198 2.2 7
      vertex 103.25 22.6 7
    endloop
  endfacet
  facet normal 0 0 1
    outer loop
      vertex 93.7269 6.69637 7
      vertex 101.25 22.6 7
      vertex 101.022 22.615 7
    endloop
  endfacet
  facet normal 0 0 1
    outer loop
      vertex 92.7782 7.77817 7
      vertex 101.022 22.615 7
      vertex 100.797 22.6596 7
    endloop
  endfacet
  facet normal 0 0 1
    outer loop
      vertex 92.7782 7.77817 7
      vertex 100.797 22.6596 7
      vertex 100.58 22.7332 7
    endloop
  endfacet
  facet normal 0 0 1
    outer loop
      vertex 91.6964 8.72689 7
      vertex 100.58 22.7332 7
      vertex 100.375 22.8345 7
    endloop
  endfacet
  facet normal 0 0 1
    outer loop
      vertex 91.6964 8.72689 7
      vertex 100.375 22.8345 7
      vertex 100.185 22.9616 7
    endloop
  endfacet
  facet normal 0 0 1
    outer loop
      vertex 90.5 9.52628 7
      vertex 100.185 22.9616 7
      vertex 100.013 23.1126 7
    endloop
  endfacet
  facet normal 0 0 1
    outer loop
      vertex 89.2095 10.1627 7
      vertex 100.013 23.1126 7
      vertex 99.8616 23.2847 7
    endloop
  endfacet
  facet normal 0 0 1
    outer loop
      vertex 89.2095 10.1627 7
      vertex 99.8616 23.2847 7
      vertex 99.7345 23.475 7
    endloop
  endfacet
  facet normal 0 0 1
    outer loop
      vertex 87.847 10.6252 7
      vertex 99.7345 23.475 7
      vertex 99.6332 23.6803 7
    endloop
  endfacet
  facet normal 0 0 1
    outer loop
      vertex 87.847 10.6252 7
      vertex 99.6332 23.6803 7
      vertex 99.5596 23.8971 7
    endloop
  endfacet
  facet normal 0 0 1
    outer loop
      vertex 86.4358 10.9059 7
      vertex 99.5596 23.8971 7
      vertex 99.515 24.1216 7
    endloop
  endfacet
  facet normal 0 0 1
    outer loop
      vertex 101.25 22.6 7
      vertex 93.7269 6.69637 7
      vertex 102.198 2.2 7
    endloop
  endfacet
  facet normal 0 0 1
    outer loop
      vertex 86.4358 10.9059 7
      vertex 99.515 24.1216 7
      vertex 99.5 24.35 7
    endloop
  endfacet
  facet normal 0 0 1
    outer loop
      vertex 107 37.35 7
      vertex 110 34.35 7
      vertex 109.974 34.7416 7
    endloop
  endfacet
  facet normal 0 0 1
    outer loop
      vertex 104.985 24.1216 7
      vertex 110 34.35 7
      vertex 105 24.35 7
    endloop
  endfacet
  facet normal 0 0 1
    outer loop
      vertex 107 37.35 7
      vertex 109.974 34.7416 7
      vertex 109.898 35.1264 7
    endloop
  endfacet
  facet normal 0 0 1
    outer loop
      vertex 104.94 23.8971 7
      vertex 110 34.35 7
      vertex 104.985 24.1216 7
    endloop
  endfacet
  facet normal 0 0 1
    outer loop
      vertex 107 37.35 7
      vertex 109.898 35.1264 7
      vertex 109.772 35.498 7
    endloop
  endfacet
  facet normal -0 0 1
    outer loop
      vertex 104.985 -3.87842 7
      vertex 110 -13.65 7
      vertex 105 -3.65 7
    endloop
  endfacet
  facet normal 0 0 1
    outer loop
      vertex 107 37.35 7
      vertex 109.772 35.498 7
      vertex 109.598 35.85 7
    endloop
  endfacet
  facet normal -0 0 1
    outer loop
      vertex 104.94 -4.10293 7
      vertex 110 -13.65 7
      vertex 104.985 -3.87842 7
    endloop
  endfacet
  facet normal 0 0 1
    outer loop
      vertex 107 37.35 7
      vertex 109.598 35.85 7
      vertex 109.38 36.1763 7
    endloop
  endfacet
  facet normal -0 0 1
    outer loop
      vertex 104.867 -4.3197 7
      vertex 110 -13.65 7
      vertex 104.94 -4.10293 7
    endloop
  endfacet
  facet normal 0 0 1
    outer loop
      vertex 107 37.35 7
      vertex 109.38 36.1763 7
      vertex 109.121 36.4713 7
    endloop
  endfacet
  facet normal -0 0 1
    outer loop
      vertex 104.766 -4.525 7
      vertex 110 -13.65 7
      vertex 104.867 -4.3197 7
    endloop
  endfacet
  facet normal 0 0 1
    outer loop
      vertex 107 37.35 7
      vertex 109.121 36.4713 7
      vertex 108.826 36.73 7
    endloop
  endfacet
  facet normal -0 0 1
    outer loop
      vertex 104.638 -4.71533 7
      vertex 110 -13.65 7
      vertex 104.766 -4.525 7
    endloop
  endfacet
  facet normal 0 0 1
    outer loop
      vertex 107 37.35 7
      vertex 108.826 36.73 7
      vertex 108.5 36.9481 7
    endloop
  endfacet
  facet normal -0 0 1
    outer loop
      vertex 104.487 -4.88744 7
      vertex 110 -13.65 7
      vertex 104.638 -4.71533 7
    endloop
  endfacet
  facet normal 0 0 1
    outer loop
      vertex 107 37.35 7
      vertex 108.5 36.9481 7
      vertex 108.148 37.1216 7
    endloop
  endfacet
  facet normal -0 0 1
    outer loop
      vertex 104.315 -5.03837 7
      vertex 110 -13.65 7
      vertex 104.487 -4.88744 7
    endloop
  endfacet
  facet normal 0 0 1
    outer loop
      vertex 107 37.35 7
      vertex 108.148 37.1216 7
      vertex 107.776 37.2478 7
    endloop
  endfacet
  facet normal -0 0 1
    outer loop
      vertex 104.125 -5.16554 7
      vertex 110 -13.65 7
      vertex 104.315 -5.03837 7
    endloop
  endfacet
  facet normal 0 0 1
    outer loop
      vertex 107 37.35 7
      vertex 107.776 37.2478 7
      vertex 107.392 37.3243 7
    endloop
  endfacet
  facet normal -0 0 1
    outer loop
      vertex 103.92 -5.26679 7
      vertex 110 -13.65 7
      vertex 104.125 -5.16554 7
    endloop
  endfacet
  facet normal 0 0 1
    outer loop
      vertex 103.478 26.085 7
      vertex 110 34.35 7
      vertex 107 37.35 7
    endloop
  endfacet
  facet normal -0 0 1
    outer loop
      vertex 103.703 -5.34037 7
      vertex 110 -13.65 7
      vertex 103.92 -5.26679 7
    endloop
  endfacet
  facet normal -0 0 1
    outer loop
      vertex 103.478 -5.38503 7
      vertex 110 -13.65 7
      vertex 103.703 -5.34037 7
    endloop
  endfacet
  facet normal 0 0 1
    outer loop
      vertex 110 34.35 7
      vertex 104.985 24.5784 7
      vertex 105 24.35 7
    endloop
  endfacet
  facet normal 0 0 1
    outer loop
      vertex 110 34.35 7
      vertex 104.94 24.8029 7
      vertex 104.985 24.5784 7
    endloop
  endfacet
  facet normal 0 0 1
    outer loop
      vertex 110 34.35 7
      vertex 104.867 25.0197 7
      vertex 104.94 24.8029 7
    endloop
  endfacet
  facet normal 0 0 1
    outer loop
      vertex 110 34.35 7
      vertex 104.766 25.225 7
      vertex 104.867 25.0197 7
    endloop
  endfacet
  facet normal 0 0 1
    outer loop
      vertex 110 34.35 7
      vertex 104.638 25.4153 7
      vertex 104.766 25.225 7
    endloop
  endfacet
  facet normal 0 0 1
    outer loop
      vertex 110 34.35 7
      vertex 104.487 25.5874 7
      vertex 104.638 25.4153 7
    endloop
  endfacet
  facet normal 0 0 1
    outer loop
      vertex 110 34.35 7
      vertex 104.315 25.7384 7
      vertex 104.487 25.5874 7
    endloop
  endfacet
  facet normal 0 0 1
    outer loop
      vertex 110 34.35 7
      vertex 104.125 25.8655 7
      vertex 104.315 25.7384 7
    endloop
  endfacet
  facet normal 0 0 1
    outer loop
      vertex 110 34.35 7
      vertex 103.92 25.9668 7
      vertex 104.125 25.8655 7
    endloop
  endfacet
  facet normal 0 0 1
    outer loop
      vertex 110 34.35 7
      vertex 103.703 26.0404 7
      vertex 103.92 25.9668 7
    endloop
  endfacet
  facet normal 0 0 1
    outer loop
      vertex 110 34.35 7
      vertex 103.478 26.085 7
      vertex 103.703 26.0404 7
    endloop
  endfacet
  facet normal 0 0 1
    outer loop
      vertex 107 37.35 7
      vertex 103.25 26.1 7
      vertex 103.478 26.085 7
    endloop
  endfacet
  facet normal 0 0 1
    outer loop
      vertex 107 37.35 7
      vertex 101.25 26.1 7
      vertex 103.25 26.1 7
    endloop
  endfacet
  facet normal 0 0 1
    outer loop
      vertex 107 37.35 7
      vertex 101.022 26.085 7
      vertex 101.25 26.1 7
    endloop
  endfacet
  facet normal 0 0 1
    outer loop
      vertex 107 37.35 7
      vertex 100.797 26.0404 7
      vertex 101.022 26.085 7
    endloop
  endfacet
  facet normal 0 0 1
    outer loop
      vertex 107 37.35 7
      vertex 100.58 25.9668 7
      vertex 100.797 26.0404 7
    endloop
  endfacet
  facet normal 0 0 1
    outer loop
      vertex 107 37.35 7
      vertex 100.375 25.8655 7
      vertex 100.58 25.9668 7
    endloop
  endfacet
  facet normal 0 0 1
    outer loop
      vertex 107 37.35 7
      vertex 100.185 25.7384 7
      vertex 100.375 25.8655 7
    endloop
  endfacet
  facet normal 0 0 1
    outer loop
      vertex 107 37.35 7
      vertex 100.013 25.5874 7
      vertex 100.185 25.7384 7
    endloop
  endfacet
  facet normal 0 0 1
    outer loop
      vertex 69.9874 25.5874 7
      vertex 100.013 25.5874 7
      vertex 107 37.35 7
    endloop
  endfacet
  facet normal 0 0 1
    outer loop
      vertex 100.013 25.5874 7
      vertex 69.9874 25.5874 7
      vertex 99.8616 25.4153 7
    endloop
  endfacet
  facet normal 0 0 1
    outer loop
      vertex 85 11 7
      vertex 99.5 24.35 7
      vertex 99.515 24.5784 7
    endloop
  endfacet
  facet normal 0 0 1
    outer loop
      vertex 102.198 2.2 7
      vertex 95.6252 2.84701 7
      vertex 95.7539 2.2 7
    endloop
  endfacet
  facet normal 0 0 1
    outer loop
      vertex 102.198 2.2 7
      vertex 95.1627 4.20952 7
      vertex 95.6252 2.84701 7
    endloop
  endfacet
  facet normal 0 0 1
    outer loop
      vertex 70.485 24.5784 7
      vertex 99.515 24.5784 7
      vertex 99.5596 24.8029 7
    endloop
  endfacet
  facet normal 0 0 1
    outer loop
      vertex 102.198 2.2 7
      vertex 94.5263 5.5 7
      vertex 95.1627 4.20952 7
    endloop
  endfacet
  facet normal 0 0 1
    outer loop
      vertex 102.198 2.2 7
      vertex 93.7269 6.69637 7
      vertex 94.5263 5.5 7
    endloop
  endfacet
  facet normal 0 0 1
    outer loop
      vertex 101.022 22.615 7
      vertex 92.7782 7.77817 7
      vertex 93.7269 6.69637 7
    endloop
  endfacet
  facet normal 0 0 1
    outer loop
      vertex 70.4404 24.8029 7
      vertex 99.5596 24.8029 7
      vertex 99.6332 25.0197 7
    endloop
  endfacet
  facet normal 0 0 1
    outer loop
      vertex 100.58 22.7332 7
      vertex 91.6964 8.72689 7
      vertex 92.7782 7.77817 7
    endloop
  endfacet
  facet normal 0 0 1
    outer loop
      vertex 100.185 22.9616 7
      vertex 90.5 9.52628 7
      vertex 91.6964 8.72689 7
    endloop
  endfacet
  facet normal 0 0 1
    outer loop
      vertex 70.3668 25.0197 7
      vertex 99.6332 25.0197 7
      vertex 99.7345 25.225 7
    endloop
  endfacet
  facet normal 0 0 1
    outer loop
      vertex 100.013 23.1126 7
      vertex 89.2095 10.1627 7
      vertex 90.5 9.52628 7
    endloop
  endfacet
  facet normal 0 -0 1
    outer loop
      vertex 70.1384 25.4153 7
      vertex 99.8616 25.4153 7
      vertex 69.9874 25.5874 7
    endloop
  endfacet
  facet normal 0 0 1
    outer loop
      vertex 99.7345 23.475 7
      vertex 87.847 10.6252 7
      vertex 89.2095 10.1627 7
    endloop
  endfacet
  facet normal 0 0 1
    outer loop
      vertex 99.5596 23.8971 7
      vertex 86.4358 10.9059 7
      vertex 87.847 10.6252 7
    endloop
  endfacet
  facet normal 0 0 1
    outer loop
      vertex 99.5596 24.8029 7
      vertex 70.4404 24.8029 7
      vertex 70.485 24.5784 7
    endloop
  endfacet
  facet normal 0 0 1
    outer loop
      vertex 99.515 24.5784 7
      vertex 70.485 24.5784 7
      vertex 85 11 7
    endloop
  endfacet
  facet normal 0 0 1
    outer loop
      vertex 99.5 24.35 7
      vertex 85 11 7
      vertex 86.4358 10.9059 7
    endloop
  endfacet
  facet normal 0 0 1
    outer loop
      vertex 85 11 7
      vertex 70.5 24.35 7
      vertex 83.5642 10.9059 7
    endloop
  endfacet
  facet normal -0 0 1
    outer loop
      vertex 70.485 24.1216 7
      vertex 83.5642 10.9059 7
      vertex 70.5 24.35 7
    endloop
  endfacet
  facet normal -0 0 1
    outer loop
      vertex 70.4404 23.8971 7
      vertex 83.5642 10.9059 7
      vertex 70.485 24.1216 7
    endloop
  endfacet
  facet normal -0 0 1
    outer loop
      vertex 70.3668 23.6803 7
      vertex 82.153 10.6252 7
      vertex 70.4404 23.8971 7
    endloop
  endfacet
  facet normal -0 0 1
    outer loop
      vertex 69.8153 22.9616 7
      vertex 79.5 9.52628 7
      vertex 69.9874 23.1126 7
    endloop
  endfacet
  facet normal 0 0 1
    outer loop
      vertex 80.7905 10.1627 7
      vertex 69.9874 23.1126 7
      vertex 79.5 9.52628 7
    endloop
  endfacet
  facet normal -0 0 1
    outer loop
      vertex 69.9874 23.1126 7
      vertex 80.7905 10.1627 7
      vertex 70.1384 23.2847 7
    endloop
  endfacet
  facet normal -0 0 1
    outer loop
      vertex 70.1384 23.2847 7
      vertex 80.7905 10.1627 7
      vertex 70.2655 23.475 7
    endloop
  endfacet
  facet normal 0 0 1
    outer loop
      vertex 82.153 10.6252 7
      vertex 70.2655 23.475 7
      vertex 80.7905 10.1627 7
    endloop
  endfacet
  facet normal -0 0 1
    outer loop
      vertex 70.2655 23.475 7
      vertex 82.153 10.6252 7
      vertex 70.3668 23.6803 7
    endloop
  endfacet
  facet normal 0 0 1
    outer loop
      vertex 83.5642 10.9059 7
      vertex 70.4404 23.8971 7
      vertex 82.153 10.6252 7
    endloop
  endfacet
  facet normal -0 -0 1
    outer loop
      vertex 70.5 24.35 7
      vertex 85 11 7
      vertex 70.485 24.5784 7
    endloop
  endfacet
  facet normal 0 0 1
    outer loop
      vertex 99.6332 25.0197 7
      vertex 70.3668 25.0197 7
      vertex 70.4404 24.8029 7
    endloop
  endfacet
  facet normal 0 0 1
    outer loop
      vertex 99.7345 25.225 7
      vertex 70.2655 25.225 7
      vertex 70.3668 25.0197 7
    endloop
  endfacet
  facet normal 0 0 1
    outer loop
      vertex 99.7345 25.225 7
      vertex 70.1384 25.4153 7
      vertex 70.2655 25.225 7
    endloop
  endfacet
  facet normal 0 0 1
    outer loop
      vertex 99.8616 25.4153 7
      vertex 70.1384 25.4153 7
      vertex 99.7345 25.225 7
    endloop
  endfacet
  facet normal -0 0 1
    outer loop
      vertex 63 37.35 7
      vertex 69.9874 25.5874 7
      vertex 107 37.35 7
    endloop
  endfacet
  facet normal 0 0 1
    outer loop
      vertex 69.9874 25.5874 7
      vertex 63 37.35 7
      vertex 69.8153 25.7384 7
    endloop
  endfacet
  facet normal 0 0 1
    outer loop
      vertex 69.8153 25.7384 7
      vertex 63 37.35 7
      vertex 69.625 25.8655 7
    endloop
  endfacet
  facet normal 0 0 1
    outer loop
      vertex 69.625 25.8655 7
      vertex 63 37.35 7
      vertex 69.4197 25.9668 7
    endloop
  endfacet
  facet normal 0 0 1
    outer loop
      vertex 69.4197 25.9668 7
      vertex 63 37.35 7
      vertex 69.2029 26.0404 7
    endloop
  endfacet
  facet normal 0 0 1
    outer loop
      vertex 69.2029 26.0404 7
      vertex 63 37.35 7
      vertex 68.9784 26.085 7
    endloop
  endfacet
  facet normal 0 0 1
    outer loop
      vertex 68.9784 26.085 7
      vertex 63 37.35 7
      vertex 68.75 26.1 7
    endloop
  endfacet
  facet normal 0 0 1
    outer loop
      vertex 68.75 26.1 7
      vertex 63 37.35 7
      vertex 66.75 26.1 7
    endloop
  endfacet
  facet normal 0 0 1
    outer loop
      vertex 66.75 26.1 7
      vertex 63 37.35 7
      vertex 66.5216 26.085 7
    endloop
  endfacet
  facet normal 0 0 1
    outer loop
      vertex 65.1332 -2.9803 7
      vertex 60 -1.6409 7
      vertex 65.0596 -3.19707 7
    endloop
  endfacet
  facet normal 0 0 1
    outer loop
      vertex 65.0596 24.8029 7
      vertex 60 34.35 7
      vertex 65.015 24.5784 7
    endloop
  endfacet
  facet normal 0 0 1
    outer loop
      vertex 65.1332 25.0197 7
      vertex 60 34.35 7
      vertex 65.0596 24.8029 7
    endloop
  endfacet
  facet normal 0 0 1
    outer loop
      vertex 65.2345 25.225 7
      vertex 60 34.35 7
      vertex 65.1332 25.0197 7
    endloop
  endfacet
  facet normal 0 0 1
    outer loop
      vertex 65.3616 25.4153 7
      vertex 60 34.35 7
      vertex 65.2345 25.225 7
    endloop
  endfacet
  facet normal 0 0 1
    outer loop
      vertex 65.5126 25.5874 7
      vertex 60 34.35 7
      vertex 65.3616 25.4153 7
    endloop
  endfacet
  facet normal 0 0 1
    outer loop
      vertex 65.6847 25.7384 7
      vertex 60 34.35 7
      vertex 65.5126 25.5874 7
    endloop
  endfacet
  facet normal 0 0 1
    outer loop
      vertex 65.875 25.8655 7
      vertex 60 34.35 7
      vertex 65.6847 25.7384 7
    endloop
  endfacet
  facet normal 0 0 1
    outer loop
      vertex 66.0803 25.9668 7
      vertex 60 34.35 7
      vertex 65.875 25.8655 7
    endloop
  endfacet
  facet normal 0 0 1
    outer loop
      vertex 66.2971 26.0404 7
      vertex 60 34.35 7
      vertex 66.0803 25.9668 7
    endloop
  endfacet
  facet normal 0 0 1
    outer loop
      vertex 66.5216 26.085 7
      vertex 60 34.35 7
      vertex 66.2971 26.0404 7
    endloop
  endfacet
  facet normal -0 0 1
    outer loop
      vertex 60 34.35 7
      vertex 66.5216 26.085 7
      vertex 63 37.35 7
    endloop
  endfacet
  facet normal 0 0 1
    outer loop
      vertex 110 -13.65 7
      vertex 107 -16.65 7
      vertex 109.974 -14.0416 7
    endloop
  endfacet
  facet normal 0 0 1
    outer loop
      vertex 109.974 -14.0416 7
      vertex 107 -16.65 7
      vertex 109.898 -14.4264 7
    endloop
  endfacet
  facet normal 0 0 1
    outer loop
      vertex 109.898 -14.4264 7
      vertex 107 -16.65 7
      vertex 109.772 -14.798 7
    endloop
  endfacet
  facet normal 0 0 1
    outer loop
      vertex 109.772 -14.798 7
      vertex 107 -16.65 7
      vertex 109.598 -15.15 7
    endloop
  endfacet
  facet normal 0 0 1
    outer loop
      vertex 109.38 -15.4763 7
      vertex 107 -16.65 7
      vertex 109.121 -15.7713 7
    endloop
  endfacet
  facet normal 0 0 1
    outer loop
      vertex 109.121 -15.7713 7
      vertex 107 -16.65 7
      vertex 108.826 -16.0301 7
    endloop
  endfacet
  facet normal 0 0 1
    outer loop
      vertex 108.826 -16.0301 7
      vertex 107 -16.65 7
      vertex 108.5 -16.2481 7
    endloop
  endfacet
  facet normal 0 0 1
    outer loop
      vertex 108.5 -16.2481 7
      vertex 107 -16.65 7
      vertex 108.148 -16.4216 7
    endloop
  endfacet
  facet normal 0 0 1
    outer loop
      vertex 107.776 -16.5478 7
      vertex 107 -16.65 7
      vertex 107.392 -16.6243 7
    endloop
  endfacet
  facet normal 0 0 1
    outer loop
      vertex 108.148 -16.4216 7
      vertex 107 -16.65 7
      vertex 107.776 -16.5478 7
    endloop
  endfacet
  facet normal 0 0 1
    outer loop
      vertex 109.598 -15.15 7
      vertex 107 -16.65 7
      vertex 109.38 -15.4763 7
    endloop
  endfacet
  facet normal 0 0 1
    outer loop
      vertex 110 -13.65 7
      vertex 103.478 -5.38503 7
      vertex 107 -16.65 7
    endloop
  endfacet
  facet normal -0 0 1
    outer loop
      vertex 103.25 -5.4 7
      vertex 107 -16.65 7
      vertex 103.478 -5.38503 7
    endloop
  endfacet
  facet normal -0 0 1
    outer loop
      vertex 101.25 -5.4 7
      vertex 107 -16.65 7
      vertex 103.25 -5.4 7
    endloop
  endfacet
  facet normal 0 0 1
    outer loop
      vertex 97.5903 -16.65 7
      vertex 101.25 -5.4 7
      vertex 101.022 -5.38503 7
    endloop
  endfacet
  facet normal 0 0 1
    outer loop
      vertex 97.5903 -16.65 7
      vertex 101.022 -5.38503 7
      vertex 100.797 -5.34037 7
    endloop
  endfacet
  facet normal 0 0 1
    outer loop
      vertex 97.5903 -16.65 7
      vertex 100.797 -5.34037 7
      vertex 100.58 -5.26679 7
    endloop
  endfacet
  facet normal 0 0 1
    outer loop
      vertex 97.5903 -16.65 7
      vertex 100.58 -5.26679 7
      vertex 100.375 -5.16554 7
    endloop
  endfacet
  facet normal 0 0 1
    outer loop
      vertex 97.5903 -16.65 7
      vertex 100.375 -5.16554 7
      vertex 100.185 -5.03837 7
    endloop
  endfacet
  facet normal 0 0 1
    outer loop
      vertex 97.5903 -16.65 7
      vertex 100.185 -5.03837 7
      vertex 100.013 -4.88744 7
    endloop
  endfacet
  facet normal 0 0 1
    outer loop
      vertex 97.5903 -16.65 7
      vertex 100.013 -4.88744 7
      vertex 99.8616 -4.71533 7
    endloop
  endfacet
  facet normal 0 0 1
    outer loop
      vertex 97.5903 -16.65 7
      vertex 99.8616 -4.71533 7
      vertex 99.7345 -4.525 7
    endloop
  endfacet
  facet normal 0 0 1
    outer loop
      vertex 101.25 -5.4 7
      vertex 97.5903 -16.65 7
      vertex 107 -16.65 7
    endloop
  endfacet
  facet normal 0 0 1
    outer loop
      vertex 99.6332 -4.3197 7
      vertex 97.5903 -16.65 7
      vertex 99.7345 -4.525 7
    endloop
  endfacet
  facet normal 0 0 1
    outer loop
      vertex 99.5596 -4.10293 7
      vertex 97.5903 -16.65 7
      vertex 99.6332 -4.3197 7
    endloop
  endfacet
  facet normal 0 0 1
    outer loop
      vertex 99.515 -3.87842 7
      vertex 97.5903 -16.65 7
      vertex 99.5596 -4.10293 7
    endloop
  endfacet
  facet normal 0 0 1
    outer loop
      vertex 97.5903 -16.65 7
      vertex 99.515 -3.87842 7
      vertex 99.5 -3.65 7
    endloop
  endfacet
  facet normal -0 0 1
    outer loop
      vertex 104.136 -0.689472 7
      vertex 104.638 -2.58467 7
      vertex 104.181 -0.461051 7
    endloop
  endfacet
  facet normal -0 0 1
    outer loop
      vertex 104.13 -0.717637 7
      vertex 104.638 -2.58467 7
      vertex 104.136 -0.689472 7
    endloop
  endfacet
  facet normal 0 0 1
    outer loop
      vertex 104.638 -2.58467 7
      vertex 104.13 -0.717637 7
      vertex 104.487 -2.41256 7
    endloop
  endfacet
  facet normal -0 0 1
    outer loop
      vertex 104.046 -0.965365 7
      vertex 104.487 -2.41256 7
      vertex 104.13 -0.717637 7
    endloop
  endfacet
  facet normal 0 0 1
    outer loop
      vertex 104.487 -2.41256 7
      vertex 104.046 -0.965365 7
      vertex 104.315 -2.26163 7
    endloop
  endfacet
  facet normal -0 0 1
    outer loop
      vertex 103.945 -1.17057 7
      vertex 104.315 -2.26163 7
      vertex 104.046 -0.965365 7
    endloop
  endfacet
  facet normal 0 0 1
    outer loop
      vertex 104.315 -2.26163 7
      vertex 103.945 -1.17057 7
      vertex 104.125 -2.13445 7
    endloop
  endfacet
  facet normal -0 0 1
    outer loop
      vertex 103.93 -1.2 7
      vertex 104.125 -2.13445 7
      vertex 103.945 -1.17057 7
    endloop
  endfacet
  facet normal -0 0 1
    outer loop
      vertex 103.785 -1.41752 7
      vertex 104.125 -2.13445 7
      vertex 103.93 -1.2 7
    endloop
  endfacet
  facet normal 0 0 1
    outer loop
      vertex 104.125 -2.13445 7
      vertex 103.785 -1.41752 7
      vertex 103.92 -2.03321 7
    endloop
  endfacet
  facet normal -0 0 1
    outer loop
      vertex 103.612 -1.61421 7
      vertex 103.92 -2.03321 7
      vertex 103.785 -1.41752 7
    endloop
  endfacet
  facet normal 0 0 1
    outer loop
      vertex 103.92 -2.03321 7
      vertex 103.612 -1.61421 7
      vertex 103.703 -1.95963 7
    endloop
  endfacet
  facet normal -0 0 1
    outer loop
      vertex 103.589 -1.63506 7
      vertex 103.703 -1.95963 7
      vertex 103.612 -1.61421 7
    endloop
  endfacet
  facet normal 0 0 1
    outer loop
      vertex 103.589 -1.63506 7
      vertex 103.478 -1.91497 7
      vertex 103.703 -1.95963 7
    endloop
  endfacet
  facet normal -0 0 1
    outer loop
      vertex 103.416 -1.78671 7
      vertex 103.478 -1.91497 7
      vertex 103.589 -1.63506 7
    endloop
  endfacet
  facet normal 0 0 1
    outer loop
      vertex 103.416 -1.78671 7
      vertex 103.25 -1.9 7
      vertex 103.478 -1.91497 7
    endloop
  endfacet
  facet normal 0 -0 1
    outer loop
      vertex 103.25 -1.9 7
      vertex 103.416 -1.78671 7
      vertex 103.246 -1.9 7
    endloop
  endfacet
  facet normal 0 0 1
    outer loop
      vertex 79.5 9.52628 7
      vertex 69.8153 22.9616 7
      vertex 78.3036 8.72689 7
    endloop
  endfacet
  facet normal -0 0 1
    outer loop
      vertex 69.625 22.8345 7
      vertex 78.3036 8.72689 7
      vertex 69.8153 22.9616 7
    endloop
  endfacet
  facet normal -0 0 1
    outer loop
      vertex 69.4197 22.7332 7
      vertex 78.3036 8.72689 7
      vertex 69.625 22.8345 7
    endloop
  endfacet
  facet normal 0 0 1
    outer loop
      vertex 78.3036 8.72689 7
      vertex 69.4197 22.7332 7
      vertex 77.2218 7.77817 7
    endloop
  endfacet
  facet normal -0 0 1
    outer loop
      vertex 69.2029 22.6596 7
      vertex 77.2218 7.77817 7
      vertex 69.4197 22.7332 7
    endloop
  endfacet
  facet normal -0 0 1
    outer loop
      vertex 68.9784 22.615 7
      vertex 77.2218 7.77817 7
      vertex 69.2029 22.6596 7
    endloop
  endfacet
  facet normal 0 0 1
    outer loop
      vertex 77.2218 7.77817 7
      vertex 68.9784 22.615 7
      vertex 76.2731 6.69637 7
    endloop
  endfacet
  facet normal -0 0 1
    outer loop
      vertex 68.75 22.6 7
      vertex 76.2731 6.69637 7
      vertex 68.9784 22.615 7
    endloop
  endfacet
  facet normal 0 0 1
    outer loop
      vertex 67.8018 2.2 7
      vertex 76.2731 6.69637 7
      vertex 68.75 22.6 7
    endloop
  endfacet
  facet normal 0 0 1
    outer loop
      vertex 76.2731 6.69637 7
      vertex 67.8018 2.2 7
      vertex 75.4737 5.5 7
    endloop
  endfacet
  facet normal 0 0 1
    outer loop
      vertex 74.8373 4.20952 7
      vertex 67.8018 2.2 7
      vertex 74.3748 2.84701 7
    endloop
  endfacet
  facet normal 0 0 1
    outer loop
      vertex 75.4737 5.5 7
      vertex 67.8018 2.2 7
      vertex 74.8373 4.20952 7
    endloop
  endfacet
  facet normal 0 0 1
    outer loop
      vertex 74.3748 2.84701 7
      vertex 67.8018 2.2 7
      vertex 74.2461 2.2 7
    endloop
  endfacet
  facet normal -0 0 1
    outer loop
      vertex 66.75 22.6 7
      vertex 67.8018 2.2 7
      vertex 68.75 22.6 7
    endloop
  endfacet
  facet normal 0 0 1
    outer loop
      vertex 67.8018 2.2 7
      vertex 66.75 22.6 7
      vertex 67.5408 2.18289 7
    endloop
  endfacet
  facet normal 0 0 1
    outer loop
      vertex 66.5216 22.615 7
      vertex 67.5408 2.18289 7
      vertex 66.75 22.6 7
    endloop
  endfacet
  facet normal 0 0 1
    outer loop
      vertex 67.5408 2.18289 7
      vertex 66.5216 22.615 7
      vertex 67.2842 2.13185 7
    endloop
  endfacet
  facet normal 0 0 1
    outer loop
      vertex 66.2971 22.6596 7
      vertex 67.2842 2.13185 7
      vertex 66.5216 22.615 7
    endloop
  endfacet
  facet normal 0 0 1
    outer loop
      vertex 67.2842 2.13185 7
      vertex 66.2971 22.6596 7
      vertex 67.1167 2.075 7
    endloop
  endfacet
  facet normal 0 0 1
    outer loop
      vertex 67.1167 2.075 7
      vertex 66.2971 22.6596 7
      vertex 67.0365 2.04776 7
    endloop
  endfacet
  facet normal 0 0 1
    outer loop
      vertex 66.0803 22.7332 7
      vertex 67.0365 2.04776 7
      vertex 66.2971 22.6596 7
    endloop
  endfacet
  facet normal 0 0 1
    outer loop
      vertex 67.0365 2.04776 7
      vertex 66.0803 22.7332 7
      vertex 66.8018 1.93205 7
    endloop
  endfacet
  facet normal 0 0 1
    outer loop
      vertex 65.875 22.8345 7
      vertex 66.8018 1.93205 7
      vertex 66.0803 22.7332 7
    endloop
  endfacet
  facet normal 0 0 1
    outer loop
      vertex 66.8018 1.93205 7
      vertex 65.875 22.8345 7
      vertex 66.5843 1.78671 7
    endloop
  endfacet
  facet normal 0 0 1
    outer loop
      vertex 65.6847 22.9616 7
      vertex 66.5843 1.78671 7
      vertex 65.875 22.8345 7
    endloop
  endfacet
  facet normal 0 0 1
    outer loop
      vertex 66.5843 1.78671 7
      vertex 65.6847 22.9616 7
      vertex 66.4114 1.63506 7
    endloop
  endfacet
  facet normal 0 0 1
    outer loop
      vertex 66.4114 1.63506 7
      vertex 65.6847 22.9616 7
      vertex 66.3876 1.61421 7
    endloop
  endfacet
  facet normal 0 0 1
    outer loop
      vertex 60 -1.6409 7
      vertex 65.6847 22.9616 7
      vertex 65.5126 23.1126 7
    endloop
  endfacet
  facet normal 0 0 1
    outer loop
      vertex 65.6847 22.9616 7
      vertex 60 -1.6409 7
      vertex 66.3876 1.61421 7
    endloop
  endfacet
  facet normal 0 0 1
    outer loop
      vertex 60 -1.6409 7
      vertex 65.5126 23.1126 7
      vertex 65.3616 23.2847 7
    endloop
  endfacet
  facet normal 0 0 1
    outer loop
      vertex 66.3876 1.61421 7
      vertex 60 -1.6409 7
      vertex 66.2151 1.41752 7
    endloop
  endfacet
  facet normal 0 0 1
    outer loop
      vertex 60 -1.6409 7
      vertex 65.3616 23.2847 7
      vertex 65.2345 23.475 7
    endloop
  endfacet
  facet normal 0 0 1
    outer loop
      vertex 66.2151 1.41752 7
      vertex 60 -1.6409 7
      vertex 66.0698 1.2 7
    endloop
  endfacet
  facet normal 0 0 1
    outer loop
      vertex 66.0698 1.2 7
      vertex 60 -1.6409 7
      vertex 66.0553 1.17057 7
    endloop
  endfacet
  facet normal 0 0 1
    outer loop
      vertex 66.0553 1.17057 7
      vertex 60 -1.6409 7
      vertex 65.9541 0.965366 7
    endloop
  endfacet
  facet normal 0 0 1
    outer loop
      vertex 60 -1.6409 7
      vertex 65.2345 23.475 7
      vertex 65.1332 23.6803 7
    endloop
  endfacet
  facet normal 0 0 1
    outer loop
      vertex 66.5843 -1.78671 7
      vertex 66.75 -1.9 7
      vertex 66.7539 -1.9 7
    endloop
  endfacet
  facet normal 0 0 1
    outer loop
      vertex 66.5843 -1.78671 7
      vertex 66.5216 -1.91497 7
      vertex 66.75 -1.9 7
    endloop
  endfacet
  facet normal 0 0 1
    outer loop
      vertex 66.4114 -1.63506 7
      vertex 66.5216 -1.91497 7
      vertex 66.5843 -1.78671 7
    endloop
  endfacet
  facet normal 0 0 1
    outer loop
      vertex 66.2971 -1.95963 7
      vertex 66.4114 -1.63506 7
      vertex 66.3876 -1.61421 7
    endloop
  endfacet
  facet normal 0 0 1
    outer loop
      vertex 66.4114 -1.63506 7
      vertex 66.2971 -1.95963 7
      vertex 66.5216 -1.91497 7
    endloop
  endfacet
  facet normal 0 0 1
    outer loop
      vertex 66.0803 -2.03321 7
      vertex 66.3876 -1.61421 7
      vertex 66.2151 -1.41752 7
    endloop
  endfacet
  facet normal 0 0 1
    outer loop
      vertex 66.3876 -1.61421 7
      vertex 66.0803 -2.03321 7
      vertex 66.2971 -1.95963 7
    endloop
  endfacet
  facet normal 0 0 1
    outer loop
      vertex 65.875 -2.13445 7
      vertex 66.2151 -1.41752 7
      vertex 66.0698 -1.2 7
    endloop
  endfacet
  facet normal 0 0 1
    outer loop
      vertex 65.875 -2.13445 7
      vertex 66.0698 -1.2 7
      vertex 66.0553 -1.17057 7
    endloop
  endfacet
  facet normal 0 0 1
    outer loop
      vertex 65.6847 -2.26163 7
      vertex 66.0553 -1.17057 7
      vertex 65.9541 -0.965365 7
    endloop
  endfacet
  facet normal 0 0 1
    outer loop
      vertex 66.2151 -1.41752 7
      vertex 65.875 -2.13445 7
      vertex 66.0803 -2.03321 7
    endloop
  endfacet
  facet normal 0 0 1
    outer loop
      vertex 65.5126 -2.41256 7
      vertex 65.9541 -0.965365 7
      vertex 65.87 -0.717637 7
    endloop
  endfacet
  facet normal 0 0 1
    outer loop
      vertex 65.3616 -2.58467 7
      vertex 65.87 -0.717637 7
      vertex 65.8644 -0.689472 7
    endloop
  endfacet
  facet normal 0 0 1
    outer loop
      vertex 65.3616 -2.58467 7
      vertex 65.8644 -0.689472 7
      vertex 65.8189 -0.461051 7
    endloop
  endfacet
  facet normal 0 0 1
    outer loop
      vertex 60 -1.6409 7
      vertex 65.8189 -0.461051 7
      vertex 65.8018 -0.199999 7
    endloop
  endfacet
  facet normal 0 0 1
    outer loop
      vertex 66.0553 -1.17057 7
      vertex 65.6847 -2.26163 7
      vertex 65.875 -2.13445 7
    endloop
  endfacet
  facet normal 0 0 1
    outer loop
      vertex 60 -1.6409 7
      vertex 65.1332 23.6803 7
      vertex 65.0596 23.8971 7
    endloop
  endfacet
  facet normal 0 0 1
    outer loop
      vertex 60 -1.6409 7
      vertex 65.0596 23.8971 7
      vertex 60 34.35 7
    endloop
  endfacet
  facet normal 0 0 1
    outer loop
      vertex 65.9541 -0.965365 7
      vertex 65.5126 -2.41256 7
      vertex 65.6847 -2.26163 7
    endloop
  endfacet
  facet normal 0 0 1
    outer loop
      vertex 65.9541 0.965366 7
      vertex 60 -1.6409 7
      vertex 65.87 0.717638 7
    endloop
  endfacet
  facet normal 0 0 1
    outer loop
      vertex 65.87 -0.717637 7
      vertex 65.3616 -2.58467 7
      vertex 65.5126 -2.41256 7
    endloop
  endfacet
  facet normal 0 0 1
    outer loop
      vertex 65.87 0.717638 7
      vertex 60 -1.6409 7
      vertex 65.8644 0.689473 7
    endloop
  endfacet
  facet normal -0 0 1
    outer loop
      vertex 60 -1.6409 7
      vertex 65.3616 -2.58467 7
      vertex 65.8189 -0.461051 7
    endloop
  endfacet
  facet normal 0 0 1
    outer loop
      vertex 65.2345 -2.775 7
      vertex 60 -1.6409 7
      vertex 65.1332 -2.9803 7
    endloop
  endfacet
  facet normal 0 0 1
    outer loop
      vertex 65.3616 -2.58467 7
      vertex 60 -1.6409 7
      vertex 65.2345 -2.775 7
    endloop
  endfacet
  facet normal 0 0 1
    outer loop
      vertex 60 -1.6409 7
      vertex 65.8018 0.2 7
      vertex 65.8189 0.461052 7
    endloop
  endfacet
  facet normal 0 0 1
    outer loop
      vertex 60 -1.6409 7
      vertex 65.8018 -0.199999 7
      vertex 65.8018 0.2 7
    endloop
  endfacet
  facet normal 0 0 1
    outer loop
      vertex 60 34.35 7
      vertex 65.0596 23.8971 7
      vertex 65.015 24.1216 7
    endloop
  endfacet
  facet normal 0 0 1
    outer loop
      vertex 65.8644 0.689473 7
      vertex 60 -1.6409 7
      vertex 65.8189 0.461052 7
    endloop
  endfacet
  facet normal 0 0 1
    outer loop
      vertex 65.015 24.5784 7
      vertex 60 34.35 7
      vertex 65 24.35 7
    endloop
  endfacet
  facet normal 0 0 1
    outer loop
      vertex 65 24.35 7
      vertex 60 34.35 7
      vertex 65.015 24.1216 7
    endloop
  endfacet
  facet normal 0 1 -0
    outer loop
      vertex 107 37.35 0
      vertex 63 37.35 7
      vertex 107 37.35 7
    endloop
  endfacet
  facet normal 0 1 0
    outer loop
      vertex 63 37.35 7
      vertex 107 37.35 0
      vertex 63 37.35 0
    endloop
  endfacet
  facet normal -0.946885 0.321574 0
    outer loop
      vertex 60.1022 35.1264 0
      vertex 60.2284 35.498 7
      vertex 60.2284 35.498 0
    endloop
  endfacet
  facet normal -0.946885 0.321574 0
    outer loop
      vertex 60.2284 35.498 7
      vertex 60.1022 35.1264 0
      vertex 60.1022 35.1264 7
    endloop
  endfacet
  facet normal -0.896961 0.44211 0
    outer loop
      vertex 60.2284 35.498 0
      vertex 60.4019 35.85 7
      vertex 60.4019 35.85 0
    endloop
  endfacet
  facet normal -0.896961 0.44211 0
    outer loop
      vertex 60.4019 35.85 7
      vertex 60.2284 35.498 0
      vertex 60.2284 35.498 7
    endloop
  endfacet
  facet normal 0.997803 0.0662484 0
    outer loop
      vertex 110 34.35 7
      vertex 109.974 34.7416 0
      vertex 109.974 34.7416 7
    endloop
  endfacet
  facet normal 0.997803 0.0662484 0
    outer loop
      vertex 109.974 34.7416 0
      vertex 110 34.35 7
      vertex 110 34.35 0
    endloop
  endfacet
  facet normal 0 -1 0
    outer loop
      vertex 97.5903 -16.65 0
      vertex 107 -16.65 7
      vertex 97.5903 -16.65 7
    endloop
  endfacet
  facet normal 0 -1 -0
    outer loop
      vertex 107 -16.65 7
      vertex 97.5903 -16.65 0
      vertex 107 -16.65 0
    endloop
  endfacet
  facet normal 0 -1 0
    outer loop
      vertex 63 -16.65 0
      vertex 80.4792 -16.65 7
      vertex 63 -16.65 7
    endloop
  endfacet
  facet normal 0 -1 -0
    outer loop
      vertex 80.4792 -16.65 7
      vertex 63 -16.65 0
      vertex 80.4792 -16.65 0
    endloop
  endfacet
  facet normal 0.659478 -0.751724 0
    outer loop
      vertex 108.826 -16.0301 0
      vertex 109.121 -15.7713 7
      vertex 108.826 -16.0301 7
    endloop
  endfacet
  facet normal 0.659478 -0.751724 0
    outer loop
      vertex 109.121 -15.7713 7
      vertex 108.826 -16.0301 0
      vertex 109.121 -15.7713 0
    endloop
  endfacet
  facet normal 0.896455 -0.443134 0
    outer loop
      vertex 109.598 -15.15 7
      vertex 109.772 -14.798 0
      vertex 109.772 -14.798 7
    endloop
  endfacet
  facet normal 0.896455 -0.443134 0
    outer loop
      vertex 109.772 -14.798 0
      vertex 109.598 -15.15 7
      vertex 109.598 -15.15 0
    endloop
  endfacet
  facet normal 0.321264 0.94699 -0
    outer loop
      vertex 108.148 37.1216 0
      vertex 107.776 37.2478 7
      vertex 108.148 37.1216 7
    endloop
  endfacet
  facet normal 0.321264 0.94699 0
    outer loop
      vertex 107.776 37.2478 7
      vertex 108.148 37.1216 0
      vertex 107.776 37.2478 0
    endloop
  endfacet
  facet normal 0.831501 0.555523 0
    outer loop
      vertex 109.598 35.85 7
      vertex 109.38 36.1763 0
      vertex 109.38 36.1763 7
    endloop
  endfacet
  facet normal 0.831501 0.555523 0
    outer loop
      vertex 109.38 36.1763 0
      vertex 109.598 35.85 7
      vertex 109.598 35.85 0
    endloop
  endfacet
  facet normal -0.980806 0.194989 0
    outer loop
      vertex 60.0257 34.7416 0
      vertex 60.1022 35.1264 7
      vertex 60.1022 35.1264 0
    endloop
  endfacet
  facet normal -0.980806 0.194989 0
    outer loop
      vertex 60.1022 35.1264 7
      vertex 60.0257 34.7416 0
      vertex 60.0257 34.7416 7
    endloop
  endfacet
  facet normal 0.981049 0.193762 0
    outer loop
      vertex 109.974 34.7416 7
      vertex 109.898 35.1264 0
      vertex 109.898 35.1264 7
    endloop
  endfacet
  facet normal 0.981049 0.193762 0
    outer loop
      vertex 109.898 35.1264 0
      vertex 109.974 34.7416 7
      vertex 109.974 34.7416 0
    endloop
  endfacet
  facet normal 0.0654208 -0.997858 0
    outer loop
      vertex 107 -16.65 0
      vertex 107.392 -16.6243 7
      vertex 107 -16.65 7
    endloop
  endfacet
  facet normal 0.0654208 -0.997858 0
    outer loop
      vertex 107.392 -16.6243 7
      vertex 107 -16.65 0
      vertex 107.392 -16.6243 0
    endloop
  endfacet
  facet normal -0.44211 -0.896961 0
    outer loop
      vertex 61.5 -16.2481 0
      vertex 61.852 -16.4216 7
      vertex 61.5 -16.2481 7
    endloop
  endfacet
  facet normal -0.44211 -0.896961 -0
    outer loop
      vertex 61.852 -16.4216 7
      vertex 61.5 -16.2481 0
      vertex 61.852 -16.4216 0
    endloop
  endfacet
  facet normal -0.555523 -0.831501 0
    outer loop
      vertex 61.1737 -16.0301 0
      vertex 61.5 -16.2481 7
      vertex 61.1737 -16.0301 7
    endloop
  endfacet
  facet normal -0.555523 -0.831501 -0
    outer loop
      vertex 61.5 -16.2481 7
      vertex 61.1737 -16.0301 0
      vertex 61.5 -16.2481 0
    endloop
  endfacet
  facet normal -0.194989 -0.980806 0
    outer loop
      vertex 62.2236 -16.5478 0
      vertex 62.6084 -16.6243 7
      vertex 62.2236 -16.5478 7
    endloop
  endfacet
  facet normal -0.194989 -0.980806 -0
    outer loop
      vertex 62.6084 -16.6243 7
      vertex 62.2236 -16.5478 0
      vertex 62.6084 -16.6243 0
    endloop
  endfacet
  facet normal 0.751471 -0.659766 0
    outer loop
      vertex 109.121 -15.7713 7
      vertex 109.38 -15.4763 0
      vertex 109.38 -15.4763 7
    endloop
  endfacet
  facet normal 0.751471 -0.659766 0
    outer loop
      vertex 109.38 -15.4763 0
      vertex 109.121 -15.7713 7
      vertex 109.121 -15.7713 0
    endloop
  endfacet
  facet normal 0.94704 -0.321117 0
    outer loop
      vertex 109.772 -14.798 7
      vertex 109.898 -14.4264 0
      vertex 109.898 -14.4264 7
    endloop
  endfacet
  facet normal 0.94704 -0.321117 0
    outer loop
      vertex 109.898 -14.4264 0
      vertex 109.772 -14.798 7
      vertex 109.772 -14.798 0
    endloop
  endfacet
  facet normal 0.0654208 0.997858 -0
    outer loop
      vertex 107.392 37.3243 0
      vertex 107 37.35 7
      vertex 107.392 37.3243 7
    endloop
  endfacet
  facet normal 0.0654208 0.997858 0
    outer loop
      vertex 107 37.35 7
      vertex 107.392 37.3243 0
      vertex 107 37.35 0
    endloop
  endfacet
  facet normal 0.195379 0.980728 -0
    outer loop
      vertex 107.776 37.2478 0
      vertex 107.392 37.3243 7
      vertex 107.776 37.2478 7
    endloop
  endfacet
  facet normal 0.195379 0.980728 0
    outer loop
      vertex 107.392 37.3243 7
      vertex 107.776 37.2478 0
      vertex 107.392 37.3243 0
    endloop
  endfacet
  facet normal 0.751471 0.659766 0
    outer loop
      vertex 109.38 36.1763 7
      vertex 109.121 36.4713 0
      vertex 109.121 36.4713 7
    endloop
  endfacet
  facet normal 0.751471 0.659766 0
    outer loop
      vertex 109.121 36.4713 0
      vertex 109.38 36.1763 7
      vertex 109.38 36.1763 0
    endloop
  endfacet
  facet normal 0.896455 0.443134 0
    outer loop
      vertex 109.772 35.498 7
      vertex 109.598 35.85 0
      vertex 109.598 35.85 7
    endloop
  endfacet
  facet normal 0.896455 0.443134 0
    outer loop
      vertex 109.598 35.85 0
      vertex 109.772 35.498 7
      vertex 109.772 35.498 0
    endloop
  endfacet
  facet normal -0.831501 0.555523 0
    outer loop
      vertex 60.4019 35.85 0
      vertex 60.6199 36.1763 7
      vertex 60.6199 36.1763 0
    endloop
  endfacet
  facet normal -0.831501 0.555523 0
    outer loop
      vertex 60.6199 36.1763 7
      vertex 60.4019 35.85 0
      vertex 60.4019 35.85 7
    endloop
  endfacet
  facet normal -0.751724 0.659478 0
    outer loop
      vertex 60.6199 36.1763 0
      vertex 60.8787 36.4713 7
      vertex 60.8787 36.4713 0
    endloop
  endfacet
  facet normal -0.751724 0.659478 0
    outer loop
      vertex 60.8787 36.4713 7
      vertex 60.6199 36.1763 0
      vertex 60.6199 36.1763 7
    endloop
  endfacet
  facet normal -0.44211 0.896961 0
    outer loop
      vertex 61.852 37.1216 0
      vertex 61.5 36.9481 7
      vertex 61.852 37.1216 7
    endloop
  endfacet
  facet normal -0.44211 0.896961 0
    outer loop
      vertex 61.5 36.9481 7
      vertex 61.852 37.1216 0
      vertex 61.5 36.9481 0
    endloop
  endfacet
  facet normal 0.44211 -0.896961 0
    outer loop
      vertex 108.148 -16.4216 0
      vertex 108.5 -16.2481 7
      vertex 108.148 -16.4216 7
    endloop
  endfacet
  facet normal 0.44211 -0.896961 0
    outer loop
      vertex 108.5 -16.2481 7
      vertex 108.148 -16.4216 0
      vertex 108.5 -16.2481 0
    endloop
  endfacet
  facet normal -0.0654873 -0.997853 0
    outer loop
      vertex 62.6084 -16.6243 0
      vertex 63 -16.65 7
      vertex 62.6084 -16.6243 7
    endloop
  endfacet
  facet normal -0.0654873 -0.997853 -0
    outer loop
      vertex 63 -16.65 7
      vertex 62.6084 -16.6243 0
      vertex 63 -16.65 0
    endloop
  endfacet
  facet normal 0.981049 -0.193762 0
    outer loop
      vertex 109.898 -14.4264 7
      vertex 109.974 -14.0416 0
      vertex 109.974 -14.0416 7
    endloop
  endfacet
  facet normal 0.981049 -0.193762 0
    outer loop
      vertex 109.974 -14.0416 0
      vertex 109.898 -14.4264 7
      vertex 109.898 -14.4264 0
    endloop
  endfacet
  facet normal 0.831501 -0.555523 0
    outer loop
      vertex 109.38 -15.4763 7
      vertex 109.598 -15.15 0
      vertex 109.598 -15.15 7
    endloop
  endfacet
  facet normal 0.831501 -0.555523 0
    outer loop
      vertex 109.598 -15.15 0
      vertex 109.38 -15.4763 7
      vertex 109.38 -15.4763 0
    endloop
  endfacet
  facet normal 0.44211 0.896961 -0
    outer loop
      vertex 108.5 36.9481 0
      vertex 108.148 37.1216 7
      vertex 108.5 36.9481 7
    endloop
  endfacet
  facet normal 0.44211 0.896961 0
    outer loop
      vertex 108.148 37.1216 7
      vertex 108.5 36.9481 0
      vertex 108.148 37.1216 0
    endloop
  endfacet
  facet normal 0.556053 0.831147 -0
    outer loop
      vertex 108.826 36.73 0
      vertex 108.5 36.9481 7
      vertex 108.826 36.73 7
    endloop
  endfacet
  facet normal 0.556053 0.831147 0
    outer loop
      vertex 108.5 36.9481 7
      vertex 108.826 36.73 0
      vertex 108.5 36.9481 0
    endloop
  endfacet
  facet normal -0.555699 0.831383 0
    outer loop
      vertex 61.5 36.9481 0
      vertex 61.1737 36.73 7
      vertex 61.5 36.9481 7
    endloop
  endfacet
  facet normal -0.555699 0.831383 0
    outer loop
      vertex 61.1737 36.73 7
      vertex 61.5 36.9481 0
      vertex 61.1737 36.73 0
    endloop
  endfacet
  facet normal -0.321574 0.946885 0
    outer loop
      vertex 62.2236 37.2478 0
      vertex 61.852 37.1216 7
      vertex 62.2236 37.2478 7
    endloop
  endfacet
  facet normal -0.321574 0.946885 0
    outer loop
      vertex 61.852 37.1216 7
      vertex 62.2236 37.2478 0
      vertex 61.852 37.1216 0
    endloop
  endfacet
  facet normal 0.555877 -0.831265 0
    outer loop
      vertex 108.5 -16.2481 0
      vertex 108.826 -16.0301 7
      vertex 108.5 -16.2481 7
    endloop
  endfacet
  facet normal 0.555877 -0.831265 0
    outer loop
      vertex 108.826 -16.0301 7
      vertex 108.5 -16.2481 0
      vertex 108.826 -16.0301 0
    endloop
  endfacet
  facet normal 0.321264 -0.94699 0
    outer loop
      vertex 107.776 -16.5478 0
      vertex 108.148 -16.4216 7
      vertex 107.776 -16.5478 7
    endloop
  endfacet
  facet normal 0.321264 -0.94699 0
    outer loop
      vertex 108.148 -16.4216 7
      vertex 107.776 -16.5478 0
      vertex 108.148 -16.4216 0
    endloop
  endfacet
  facet normal -0.321574 -0.946885 0
    outer loop
      vertex 61.852 -16.4216 0
      vertex 62.2236 -16.5478 7
      vertex 61.852 -16.4216 7
    endloop
  endfacet
  facet normal -0.321574 -0.946885 -0
    outer loop
      vertex 62.2236 -16.5478 7
      vertex 61.852 -16.4216 0
      vertex 62.2236 -16.5478 0
    endloop
  endfacet
  facet normal -0.751699 -0.659506 0
    outer loop
      vertex 60.8787 -15.7713 0
      vertex 60.7156 -15.5854 7
      vertex 60.7156 -15.5854 0
    endloop
  endfacet
  facet normal -0.751699 -0.659506 0
    outer loop
      vertex 60.7156 -15.5854 7
      vertex 60.8787 -15.7713 0
      vertex 60.8787 -15.7713 7
    endloop
  endfacet
  facet normal -0.194989 0.980806 0
    outer loop
      vertex 62.6084 37.3243 0
      vertex 62.2236 37.2478 7
      vertex 62.6084 37.3243 7
    endloop
  endfacet
  facet normal -0.194989 0.980806 0
    outer loop
      vertex 62.2236 37.2478 7
      vertex 62.6084 37.3243 0
      vertex 62.2236 37.2478 0
    endloop
  endfacet
  facet normal -0.0654873 0.997853 0
    outer loop
      vertex 63 37.35 0
      vertex 62.6084 37.3243 7
      vertex 63 37.35 7
    endloop
  endfacet
  facet normal -0.0654873 0.997853 0
    outer loop
      vertex 62.6084 37.3243 7
      vertex 63 37.35 0
      vertex 62.6084 37.3243 0
    endloop
  endfacet
  facet normal 0.195379 -0.980728 0
    outer loop
      vertex 107.392 -16.6243 0
      vertex 107.776 -16.5478 7
      vertex 107.392 -16.6243 7
    endloop
  endfacet
  facet normal 0.195379 -0.980728 0
    outer loop
      vertex 107.776 -16.5478 7
      vertex 107.392 -16.6243 0
      vertex 107.776 -16.5478 0
    endloop
  endfacet
  facet normal -0.659478 -0.751724 0
    outer loop
      vertex 60.8787 -15.7713 0
      vertex 61.1737 -16.0301 7
      vertex 60.8787 -15.7713 7
    endloop
  endfacet
  facet normal -0.659478 -0.751724 -0
    outer loop
      vertex 61.1737 -16.0301 7
      vertex 60.8787 -15.7713 0
      vertex 61.1737 -16.0301 0
    endloop
  endfacet
  facet normal -0.980786 0.195087 0
    outer loop
      vertex -19.1487 -57.2168 0
      vertex -18.9956 -56.4471 7
      vertex -18.9956 -56.4471 0
    endloop
  endfacet
  facet normal -0.980786 0.195087 0
    outer loop
      vertex -18.9956 -56.4471 7
      vertex -19.1487 -57.2168 0
      vertex -19.1487 -57.2168 7
    endloop
  endfacet
  facet normal -0.997862 0.0653605 0
    outer loop
      vertex -19.2 -58 0
      vertex -19.1487 -57.2168 7
      vertex -19.1487 -57.2168 0
    endloop
  endfacet
  facet normal -0.997862 0.0653605 0
    outer loop
      vertex -19.1487 -57.2168 7
      vertex -19.2 -58 0
      vertex -19.2 -58 7
    endloop
  endfacet
  facet normal -0.997862 -0.0653605 0
    outer loop
      vertex -19.1487 -58.7832 0
      vertex -19.2 -58 7
      vertex -19.2 -58 0
    endloop
  endfacet
  facet normal -0.997862 -0.0653605 0
    outer loop
      vertex -19.2 -58 7
      vertex -19.1487 -58.7832 0
      vertex -19.1487 -58.7832 7
    endloop
  endfacet
  facet normal -0.557457 0.830206 0
    outer loop
      vertex -16.2 -52.8017 0
      vertex -16.8526 -53.2399 7
      vertex -16.2 -52.8017 7
    endloop
  endfacet
  facet normal -0.557457 0.830206 0
    outer loop
      vertex -16.8526 -53.2399 7
      vertex -16.2 -52.8017 0
      vertex -16.8526 -53.2399 0
    endloop
  endfacet
  facet normal -0.557419 0.830231 0
    outer loop
      vertex 60 -1.6409 0
      vertex -15.0059 -52 7
      vertex 60 -1.6409 7
    endloop
  endfacet
  facet normal -0.557419 0.830231 0
    outer loop
      vertex -15.0059 -52 7
      vertex 60 -1.6409 0
      vertex -15.0059 -52 0
    endloop
  endfacet
  facet normal -0.659406 0.751787 0
    outer loop
      vertex -16.8526 -53.2399 0
      vertex -17.4426 -53.7574 7
      vertex -16.8526 -53.2399 7
    endloop
  endfacet
  facet normal -0.659406 0.751787 0
    outer loop
      vertex -17.4426 -53.7574 7
      vertex -16.8526 -53.2399 0
      vertex -17.4426 -53.7574 0
    endloop
  endfacet
  facet normal 0.557419 -0.830231 0
    outer loop
      vertex 6.47891 -52 0
      vertex 60.7156 -15.5854 7
      vertex 6.47891 -52 7
    endloop
  endfacet
  facet normal 0.557419 -0.830231 0
    outer loop
      vertex 60.7156 -15.5854 7
      vertex 6.47891 -52 0
      vertex 60.7156 -15.5854 0
    endloop
  endfacet
  facet normal -0.831442 0.555611 0
    outer loop
      vertex -18.3962 -55 0
      vertex -17.9601 -54.3474 7
      vertex -17.9601 -54.3474 0
    endloop
  endfacet
  facet normal -0.831442 0.555611 0
    outer loop
      vertex -17.9601 -54.3474 7
      vertex -18.3962 -55 0
      vertex -18.3962 -55 7
    endloop
  endfacet
  facet normal -0.946923 0.32146 0
    outer loop
      vertex -18.9956 -56.4471 0
      vertex -18.7433 -55.7039 7
      vertex -18.7433 -55.7039 0
    endloop
  endfacet
  facet normal -0.946923 0.32146 0
    outer loop
      vertex -18.7433 -55.7039 7
      vertex -18.9956 -56.4471 0
      vertex -18.9956 -56.4471 7
    endloop
  endfacet
  facet normal -0.896885 0.442263 0
    outer loop
      vertex -18.7433 -55.7039 0
      vertex -18.3962 -55 7
      vertex -18.3962 -55 0
    endloop
  endfacet
  facet normal -0.896885 0.442263 0
    outer loop
      vertex -18.3962 -55 7
      vertex -18.7433 -55.7039 0
      vertex -18.7433 -55.7039 7
    endloop
  endfacet
  facet normal -0.831442 -0.555611 0
    outer loop
      vertex -17.9601 -61.6526 0
      vertex -18.3962 -61 7
      vertex -18.3962 -61 0
    endloop
  endfacet
  facet normal -0.831442 -0.555611 0
    outer loop
      vertex -18.3962 -61 7
      vertex -17.9601 -61.6526 0
      vertex -17.9601 -61.6526 7
    endloop
  endfacet
  facet normal -0.751787 0.659406 0
    outer loop
      vertex -17.9601 -54.3474 0
      vertex -17.4426 -53.7574 7
      vertex -17.4426 -53.7574 0
    endloop
  endfacet
  facet normal -0.751787 0.659406 0
    outer loop
      vertex -17.4426 -53.7574 7
      vertex -17.9601 -54.3474 0
      vertex -17.9601 -54.3474 7
    endloop
  endfacet
  facet normal -0.555611 -0.831442 0
    outer loop
      vertex -16.8526 -62.7601 0
      vertex -16.2 -63.1962 7
      vertex -16.8526 -62.7601 7
    endloop
  endfacet
  facet normal -0.555611 -0.831442 -0
    outer loop
      vertex -16.2 -63.1962 7
      vertex -16.8526 -62.7601 0
      vertex -16.2 -63.1962 0
    endloop
  endfacet
  facet normal -0.751787 -0.659406 0
    outer loop
      vertex -17.4426 -62.2426 0
      vertex -17.9601 -61.6526 7
      vertex -17.9601 -61.6526 0
    endloop
  endfacet
  facet normal -0.751787 -0.659406 0
    outer loop
      vertex -17.9601 -61.6526 7
      vertex -17.4426 -62.2426 0
      vertex -17.4426 -62.2426 7
    endloop
  endfacet
  facet normal -0.896885 -0.442263 0
    outer loop
      vertex -18.3962 -61 0
      vertex -18.7433 -60.2961 7
      vertex -18.7433 -60.2961 0
    endloop
  endfacet
  facet normal -0.896885 -0.442263 0
    outer loop
      vertex -18.7433 -60.2961 7
      vertex -18.3962 -61 0
      vertex -18.3962 -61 7
    endloop
  endfacet
  facet normal -0.946923 -0.32146 0
    outer loop
      vertex -18.7433 -60.2961 0
      vertex -18.9956 -59.5529 7
      vertex -18.9956 -59.5529 0
    endloop
  endfacet
  facet normal -0.946923 -0.32146 0
    outer loop
      vertex -18.9956 -59.5529 7
      vertex -18.7433 -60.2961 0
      vertex -18.7433 -60.2961 7
    endloop
  endfacet
  facet normal -0.980786 -0.195087 0
    outer loop
      vertex -18.9956 -59.5529 0
      vertex -19.1487 -58.7832 7
      vertex -19.1487 -58.7832 0
    endloop
  endfacet
  facet normal -0.980786 -0.195087 0
    outer loop
      vertex -19.1487 -58.7832 7
      vertex -18.9956 -59.5529 0
      vertex -18.9956 -59.5529 7
    endloop
  endfacet
  facet normal -0.659406 -0.751787 0
    outer loop
      vertex -17.4426 -62.2426 0
      vertex -16.8526 -62.7601 7
      vertex -17.4426 -62.2426 7
    endloop
  endfacet
  facet normal -0.659406 -0.751787 -0
    outer loop
      vertex -16.8526 -62.7601 7
      vertex -17.4426 -62.2426 0
      vertex -16.8526 -62.7601 0
    endloop
  endfacet
  facet normal -0.701276 0.71289 0
    outer loop
      vertex 80.4792 -16.65 0
      vertex 44.5438 -52 7
      vertex 80.4792 -16.65 7
    endloop
  endfacet
  facet normal -0.701276 0.71289 0
    outer loop
      vertex 44.5438 -52 7
      vertex 80.4792 -16.65 0
      vertex 44.5438 -52 0
    endloop
  endfacet
  facet normal 0.659406 -0.751787 0
    outer loop
      vertex 50.6526 -62.7601 0
      vertex 51.2426 -62.2426 7
      vertex 50.6526 -62.7601 7
    endloop
  endfacet
  facet normal 0.659406 -0.751787 0
    outer loop
      vertex 51.2426 -62.2426 7
      vertex 50.6526 -62.7601 0
      vertex 51.2426 -62.2426 0
    endloop
  endfacet
  facet normal 0.701276 -0.71289 0
    outer loop
      vertex 51.2426 -62.2426 0
      vertex 97.5903 -16.65 7
      vertex 51.2426 -62.2426 7
    endloop
  endfacet
  facet normal 0.701276 -0.71289 0
    outer loop
      vertex 97.5903 -16.65 7
      vertex 51.2426 -62.2426 0
      vertex 97.5903 -16.65 0
    endloop
  endfacet
  facet normal 0.555611 -0.831442 0
    outer loop
      vertex 50 -63.1962 0
      vertex 50.6526 -62.7601 7
      vertex 50 -63.1962 7
    endloop
  endfacet
  facet normal 0.555611 -0.831442 0
    outer loop
      vertex 50.6526 -62.7601 7
      vertex 50 -63.1962 0
      vertex 50.6526 -62.7601 0
    endloop
  endfacet
  facet normal 0 1 -0
    outer loop
      vertex 68.75 -5.4 0
      vertex 66.75 -5.4 7
      vertex 68.75 -5.4 7
    endloop
  endfacet
  facet normal 0 1 0
    outer loop
      vertex 66.75 -5.4 7
      vertex 68.75 -5.4 0
      vertex 66.75 -5.4 0
    endloop
  endfacet
  facet normal 0.980834 -0.194847 0
    outer loop
      vertex 65.015 -3.42158 7
      vertex 65.0596 -3.19707 0
      vertex 65.0596 -3.19707 7
    endloop
  endfacet
  facet normal 0.980834 -0.194847 0
    outer loop
      vertex 65.0596 -3.19707 0
      vertex 65.015 -3.42158 7
      vertex 65.015 -3.42158 0
    endloop
  endfacet
  facet normal -0.0654026 0.997859 0
    outer loop
      vertex 68.9784 -5.38503 0
      vertex 68.75 -5.4 7
      vertex 68.9784 -5.38503 7
    endloop
  endfacet
  facet normal -0.0654026 0.997859 0
    outer loop
      vertex 68.75 -5.4 7
      vertex 68.9784 -5.38503 0
      vertex 68.75 -5.4 0
    endloop
  endfacet
  facet normal -0.997851 0.0655274 0
    outer loop
      vertex 70.485 -3.87842 0
      vertex 70.5 -3.65 7
      vertex 70.5 -3.65 0
    endloop
  endfacet
  facet normal -0.997851 0.0655274 0
    outer loop
      vertex 70.5 -3.65 7
      vertex 70.485 -3.87842 0
      vertex 70.485 -3.87842 7
    endloop
  endfacet
  facet normal -0.555719 -0.83137 0
    outer loop
      vertex 69.7231 -2.2 5.75104
      vertex 69.8153 -2.26163 7
      vertex 69.7231 -2.2 7
    endloop
  endfacet
  facet normal -0.0842581 -0.989778 -0.115067
    outer loop
      vertex 69.6975 -2.18289 5.62261
      vertex 69.7231 -2.2 5.75104
      vertex 69.7085 -2.19026 5.67795
    endloop
  endfacet
  facet normal 0.238714 0.925247 0.294845
    outer loop
      vertex 69.653 -2.15316 5.56537
      vertex 69.6783 -2.17006 5.59792
      vertex 69.6627 -2.15963 5.57782
    endloop
  endfacet
  facet normal -0.73751 -0.628595 0.246874
    outer loop
      vertex 69.653 -2.15316 5.56537
      vertex 69.6975 -2.18289 5.62261
      vertex 69.6783 -2.17006 5.59792
    endloop
  endfacet
  facet normal 0.097609 -0.850189 -0.517349
    outer loop
      vertex 69.625 -2.13445 5.52934
      vertex 69.653 -2.15316 5.56537
      vertex 69.6365 -2.14216 5.54418
    endloop
  endfacet
  facet normal -0.555593 -0.831454 2.71018e-06
    outer loop
      vertex 69.8153 -2.26163 0
      vertex 69.653 -2.15316 5.56537
      vertex 69.625 -2.13445 5.52934
    endloop
  endfacet
  facet normal -0.555648 -0.831418 0
    outer loop
      vertex 69.8153 -2.26163 0
      vertex 69.625 -2.13445 5.52934
      vertex 69.625 -2.13445 0
    endloop
  endfacet
  facet normal -0.555524 -0.8315 5.61779e-06
    outer loop
      vertex 69.653 -2.15316 5.56537
      vertex 69.8153 -2.26163 0
      vertex 69.6975 -2.18289 5.62261
    endloop
  endfacet
  facet normal -0.555677 -0.831398 9.72164e-07
    outer loop
      vertex 69.6975 -2.18289 5.62261
      vertex 69.8153 -2.26163 0
      vertex 69.7231 -2.2 5.75104
    endloop
  endfacet
  facet normal -0.555719 -0.83137 0
    outer loop
      vertex 69.7231 -2.2 5.75104
      vertex 69.8153 -2.26163 0
      vertex 69.8153 -2.26163 7
    endloop
  endfacet
  facet normal 0.659352 0.751835 -0
    outer loop
      vertex 65.6847 -5.03837 0
      vertex 65.5126 -4.88744 7
      vertex 65.6847 -5.03837 7
    endloop
  endfacet
  facet normal 0.659352 0.751835 0
    outer loop
      vertex 65.5126 -4.88744 7
      vertex 65.6847 -5.03837 0
      vertex 65.5126 -4.88744 0
    endloop
  endfacet
  facet normal 0.0654026 0.997859 -0
    outer loop
      vertex 66.75 -5.4 0
      vertex 66.5216 -5.38503 7
      vertex 66.75 -5.4 7
    endloop
  endfacet
  facet normal 0.0654026 0.997859 0
    outer loop
      vertex 66.5216 -5.38503 7
      vertex 66.75 -5.4 0
      vertex 66.5216 -5.38503 0
    endloop
  endfacet
  facet normal 0.195108 0.980782 -0
    outer loop
      vertex 66.5216 -5.38503 0
      vertex 66.2971 -5.34037 7
      vertex 66.5216 -5.38503 7
    endloop
  endfacet
  facet normal 0.195108 0.980782 0
    outer loop
      vertex 66.2971 -5.34037 7
      vertex 66.5216 -5.38503 0
      vertex 66.2971 -5.34037 0
    endloop
  endfacet
  facet normal -0.195018 -0.9808 0
    outer loop
      vertex 68.9784 -1.91497 0
      vertex 69.0643 -1.93205 5.56494
      vertex 68.9784 -1.91497 5.59783
    endloop
  endfacet
  facet normal -0.195163 -0.980771 2.32042e-06
    outer loop
      vertex 68.9784 -1.91497 0
      vertex 69.2029 -1.95963 5.51981
      vertex 69.0643 -1.93205 5.56494
    endloop
  endfacet
  facet normal -0.195108 -0.980782 -0
    outer loop
      vertex 69.2029 -1.95963 5.51981
      vertex 68.9784 -1.91497 0
      vertex 69.2029 -1.95963 0
    endloop
  endfacet
  facet normal -0.980834 -0.194847 0
    outer loop
      vertex 70.485 -3.42158 0
      vertex 70.4404 -3.19707 7
      vertex 70.4404 -3.19707 0
    endloop
  endfacet
  facet normal -0.980834 -0.194847 0
    outer loop
      vertex 70.4404 -3.19707 7
      vertex 70.485 -3.42158 0
      vertex 70.485 -3.42158 7
    endloop
  endfacet
  facet normal 0.195108 -0.980782 0
    outer loop
      vertex 66.2971 -1.95963 0
      vertex 66.5216 -1.91497 7
      vertex 66.2971 -1.95963 7
    endloop
  endfacet
  facet normal 0.195108 -0.980782 0
    outer loop
      vertex 66.5216 -1.91497 7
      vertex 66.2971 -1.95963 0
      vertex 66.5216 -1.91497 0
    endloop
  endfacet
  facet normal 0.896774 0.44249 0
    outer loop
      vertex 65.2345 -4.525 7
      vertex 65.1332 -4.3197 0
      vertex 65.1332 -4.3197 7
    endloop
  endfacet
  facet normal 0.896774 0.44249 0
    outer loop
      vertex 65.1332 -4.3197 0
      vertex 65.2345 -4.525 7
      vertex 65.2345 -4.525 0
    endloop
  endfacet
  facet normal 0.555617 0.831438 -0
    outer loop
      vertex 65.875 -5.16554 0
      vertex 65.6847 -5.03837 7
      vertex 65.875 -5.16554 7
    endloop
  endfacet
  facet normal 0.555617 0.831438 0
    outer loop
      vertex 65.6847 -5.03837 7
      vertex 65.875 -5.16554 0
      vertex 65.6847 -5.03837 0
    endloop
  endfacet
  facet normal 0.321386 0.946948 -0
    outer loop
      vertex 66.2971 -5.34037 0
      vertex 66.0803 -5.26679 7
      vertex 66.2971 -5.34037 7
    endloop
  endfacet
  facet normal 0.321386 0.946948 0
    outer loop
      vertex 66.0803 -5.26679 7
      vertex 66.2971 -5.34037 0
      vertex 66.0803 -5.26679 0
    endloop
  endfacet
  facet normal -0.0654026 -0.997859 0
    outer loop
      vertex 68.75 -1.9 0
      vertex 68.9784 -1.91497 5.59783
      vertex 68.75 -1.9 5.7102
    endloop
  endfacet
  facet normal -0.0654026 -0.997859 -0
    outer loop
      vertex 68.9784 -1.91497 5.59783
      vertex 68.75 -1.9 0
      vertex 68.9784 -1.91497 0
    endloop
  endfacet
  facet normal -0.997851 -0.0655274 0
    outer loop
      vertex 70.5 -3.65 0
      vertex 70.485 -3.42158 7
      vertex 70.485 -3.42158 0
    endloop
  endfacet
  facet normal -0.997851 -0.0655274 0
    outer loop
      vertex 70.485 -3.42158 7
      vertex 70.5 -3.65 0
      vertex 70.5 -3.65 7
    endloop
  endfacet
  facet normal -0.946908 -0.321504 0
    outer loop
      vertex 70.4404 -3.19707 0
      vertex 70.3668 -2.9803 7
      vertex 70.3668 -2.9803 0
    endloop
  endfacet
  facet normal -0.946908 -0.321504 0
    outer loop
      vertex 70.3668 -2.9803 7
      vertex 70.4404 -3.19707 0
      vertex 70.4404 -3.19707 7
    endloop
  endfacet
  facet normal -0.659352 -0.751835 0
    outer loop
      vertex 69.8153 -2.26163 0
      vertex 69.9874 -2.41256 7
      vertex 69.8153 -2.26163 7
    endloop
  endfacet
  facet normal -0.659352 -0.751835 -0
    outer loop
      vertex 69.9874 -2.41256 7
      vertex 69.8153 -2.26163 0
      vertex 69.9874 -2.41256 0
    endloop
  endfacet
  facet normal -0.896774 -0.44249 0
    outer loop
      vertex 70.3668 -2.9803 0
      vertex 70.2655 -2.775 7
      vertex 70.2655 -2.775 0
    endloop
  endfacet
  facet normal -0.896774 -0.44249 0
    outer loop
      vertex 70.2655 -2.775 7
      vertex 70.3668 -2.9803 0
      vertex 70.3668 -2.9803 7
    endloop
  endfacet
  facet normal -0.195108 0.980782 0
    outer loop
      vertex 69.2029 -5.34037 0
      vertex 68.9784 -5.38503 7
      vertex 69.2029 -5.34037 7
    endloop
  endfacet
  facet normal -0.195108 0.980782 0
    outer loop
      vertex 68.9784 -5.38503 7
      vertex 69.2029 -5.34037 0
      vertex 68.9784 -5.38503 0
    endloop
  endfacet
  facet normal -0.321386 0.946948 0
    outer loop
      vertex 69.4197 -5.26679 0
      vertex 69.2029 -5.34037 7
      vertex 69.4197 -5.26679 7
    endloop
  endfacet
  facet normal -0.321386 0.946948 0
    outer loop
      vertex 69.2029 -5.34037 7
      vertex 69.4197 -5.26679 0
      vertex 69.2029 -5.34037 0
    endloop
  endfacet
  facet normal 0.896774 -0.44249 0
    outer loop
      vertex 65.1332 -2.9803 7
      vertex 65.2345 -2.775 0
      vertex 65.2345 -2.775 7
    endloop
  endfacet
  facet normal 0.896774 -0.44249 0
    outer loop
      vertex 65.2345 -2.775 0
      vertex 65.1332 -2.9803 7
      vertex 65.1332 -2.9803 0
    endloop
  endfacet
  facet normal 0.751702 -0.659503 0
    outer loop
      vertex 65.3616 -2.58467 7
      vertex 65.5126 -2.41256 0
      vertex 65.5126 -2.41256 7
    endloop
  endfacet
  facet normal 0.751702 -0.659503 0
    outer loop
      vertex 65.5126 -2.41256 0
      vertex 65.3616 -2.58467 7
      vertex 65.3616 -2.58467 0
    endloop
  endfacet
  facet normal 0.0654026 -0.997859 0
    outer loop
      vertex 66.5216 -1.91497 0
      vertex 66.75 -1.9 7
      vertex 66.5216 -1.91497 7
    endloop
  endfacet
  facet normal 0.0654026 -0.997859 0
    outer loop
      vertex 66.75 -1.9 7
      vertex 66.5216 -1.91497 0
      vertex 66.75 -1.9 0
    endloop
  endfacet
  facet normal 0 -1 0
    outer loop
      vertex 66.75 -1.9 7
      vertex 66.7539 -1.9 6.799
      vertex 66.7539 -1.9 7
    endloop
  endfacet
  facet normal 0 -1 0
    outer loop
      vertex 66.75 -1.9 0
      vertex 66.7539 -1.9 6.799
      vertex 66.75 -1.9 7
    endloop
  endfacet
  facet normal 0 -1 0
    outer loop
      vertex 66.75 -1.9 0
      vertex 67.3783 -1.9 6.45842
      vertex 66.7539 -1.9 6.799
    endloop
  endfacet
  facet normal 0 -1 0
    outer loop
      vertex 66.75 -1.9 0
      vertex 68.75 -1.9 5.7102
      vertex 67.3783 -1.9 6.45842
    endloop
  endfacet
  facet normal 0 -1 -0
    outer loop
      vertex 68.75 -1.9 5.7102
      vertex 66.75 -1.9 0
      vertex 68.75 -1.9 0
    endloop
  endfacet
  facet normal 0.980834 0.194847 0
    outer loop
      vertex 65.0596 -4.10293 7
      vertex 65.015 -3.87842 0
      vertex 65.015 -3.87842 7
    endloop
  endfacet
  facet normal 0.980834 0.194847 0
    outer loop
      vertex 65.015 -3.87842 0
      vertex 65.0596 -4.10293 7
      vertex 65.0596 -4.10293 0
    endloop
  endfacet
  facet normal 0.751702 0.659503 0
    outer loop
      vertex 65.5126 -4.88744 7
      vertex 65.3616 -4.71533 0
      vertex 65.3616 -4.71533 7
    endloop
  endfacet
  facet normal 0.751702 0.659503 0
    outer loop
      vertex 65.3616 -4.71533 0
      vertex 65.5126 -4.88744 7
      vertex 65.5126 -4.88744 0
    endloop
  endfacet
  facet normal -0.321181 -0.947018 -3.26343e-06
    outer loop
      vertex 69.2029 -1.95963 0
      vertex 69.3028 -1.99353 5.50284
      vertex 69.2558 -1.97759 5.51082
    endloop
  endfacet
  facet normal -0.321486 -0.946914 0
    outer loop
      vertex 69.2029 -1.95963 0
      vertex 69.2558 -1.97759 5.51082
      vertex 69.2029 -1.95963 5.51981
    endloop
  endfacet
  facet normal -0.321423 -0.946936 1.64655e-06
    outer loop
      vertex 69.3028 -1.99353 5.50284
      vertex 69.2029 -1.95963 0
      vertex 69.4197 -2.03321 5.48297
    endloop
  endfacet
  facet normal -0.321386 -0.946948 -0
    outer loop
      vertex 69.4197 -2.03321 5.48297
      vertex 69.2029 -1.95963 0
      vertex 69.4197 -2.03321 0
    endloop
  endfacet
  facet normal -0.442343 -0.896846 -0
    outer loop
      vertex 69.4197 -2.03321 5.48297
      vertex 69.4197 -2.03321 0
      vertex 69.4492 -2.04776 5.48297
    endloop
  endfacet
  facet normal -0.159688 0.164063 0.973439
    outer loop
      vertex 69.5649 -2.10482 5.51154
      vertex 69.6081 -2.12614 5.52222
      vertex 69.5855 -2.11497 5.51663
    endloop
  endfacet
  facet normal -0.0105135 -0.464808 -0.885349
    outer loop
      vertex 69.5649 -2.10482 5.51154
      vertex 69.6197 -2.13185 5.52508
      vertex 69.6081 -2.12614 5.52222
    endloop
  endfacet
  facet normal -1.60541e-12 -0.447214 -0.894427
    outer loop
      vertex 69.5481 -2.09654 5.5074
      vertex 69.5649 -2.10482 5.51154
      vertex 69.5551 -2.1 5.50913
    endloop
  endfacet
  facet normal -0.442527 -0.896755 -1.03004e-05
    outer loop
      vertex 69.625 -2.13445 0
      vertex 69.5044 -2.075 5.49661
      vertex 69.4492 -2.04776 5.48297
    endloop
  endfacet
  facet normal -0.442116 -0.896958 8.95089e-07
    outer loop
      vertex 69.5044 -2.075 5.49661
      vertex 69.625 -2.13445 0
      vertex 69.5481 -2.09654 5.5074
    endloop
  endfacet
  facet normal -0.442279 -0.896878 -4.26267e-07
    outer loop
      vertex 69.625 -2.13445 0
      vertex 69.4492 -2.04776 5.48297
      vertex 69.4197 -2.03321 0
    endloop
  endfacet
  facet normal -0.442081 -0.896975 1.50715e-06
    outer loop
      vertex 69.5481 -2.09654 5.5074
      vertex 69.625 -2.13445 0
      vertex 69.5649 -2.10482 5.51154
    endloop
  endfacet
  facet normal -0.442362 -0.896836 -2.3069e-06
    outer loop
      vertex 69.5649 -2.10482 5.51154
      vertex 69.625 -2.13445 0
      vertex 69.6197 -2.13185 5.52508
    endloop
  endfacet
  facet normal -0.440425 -0.897789 0
    outer loop
      vertex 69.6197 -2.13185 5.52508
      vertex 69.625 -2.13445 0
      vertex 69.625 -2.13445 5.52934
    endloop
  endfacet
  facet normal -0.659352 0.751835 0
    outer loop
      vertex 69.9874 -4.88744 0
      vertex 69.8153 -5.03837 7
      vertex 69.9874 -4.88744 7
    endloop
  endfacet
  facet normal -0.659352 0.751835 0
    outer loop
      vertex 69.8153 -5.03837 7
      vertex 69.9874 -4.88744 0
      vertex 69.8153 -5.03837 0
    endloop
  endfacet
  facet normal -0.442314 0.89686 0
    outer loop
      vertex 69.625 -5.16554 0
      vertex 69.4197 -5.26679 7
      vertex 69.625 -5.16554 7
    endloop
  endfacet
  facet normal -0.442314 0.89686 0
    outer loop
      vertex 69.4197 -5.26679 7
      vertex 69.625 -5.16554 0
      vertex 69.4197 -5.26679 0
    endloop
  endfacet
  facet normal -0.946908 0.321504 0
    outer loop
      vertex 70.3668 -4.3197 0
      vertex 70.4404 -4.10293 7
      vertex 70.4404 -4.10293 0
    endloop
  endfacet
  facet normal -0.946908 0.321504 0
    outer loop
      vertex 70.4404 -4.10293 7
      vertex 70.3668 -4.3197 0
      vertex 70.3668 -4.3197 7
    endloop
  endfacet
  facet normal -0.980834 0.194847 0
    outer loop
      vertex 70.4404 -4.10293 0
      vertex 70.485 -3.87842 7
      vertex 70.485 -3.87842 0
    endloop
  endfacet
  facet normal -0.980834 0.194847 0
    outer loop
      vertex 70.485 -3.87842 7
      vertex 70.4404 -4.10293 0
      vertex 70.4404 -4.10293 7
    endloop
  endfacet
  facet normal -0.83162 0.555345 0
    outer loop
      vertex 70.1384 -4.71533 0
      vertex 70.2655 -4.525 7
      vertex 70.2655 -4.525 0
    endloop
  endfacet
  facet normal -0.83162 0.555345 0
    outer loop
      vertex 70.2655 -4.525 7
      vertex 70.1384 -4.71533 0
      vertex 70.1384 -4.71533 7
    endloop
  endfacet
  facet normal -0.896774 0.44249 0
    outer loop
      vertex 70.2655 -4.525 0
      vertex 70.3668 -4.3197 7
      vertex 70.3668 -4.3197 0
    endloop
  endfacet
  facet normal -0.896774 0.44249 0
    outer loop
      vertex 70.3668 -4.3197 7
      vertex 70.2655 -4.525 0
      vertex 70.2655 -4.525 7
    endloop
  endfacet
  facet normal -0.83162 -0.555345 0
    outer loop
      vertex 70.2655 -2.775 0
      vertex 70.1384 -2.58467 7
      vertex 70.1384 -2.58467 0
    endloop
  endfacet
  facet normal -0.83162 -0.555345 0
    outer loop
      vertex 70.1384 -2.58467 7
      vertex 70.2655 -2.775 0
      vertex 70.2655 -2.775 7
    endloop
  endfacet
  facet normal 0.946908 -0.321504 0
    outer loop
      vertex 65.0596 -3.19707 7
      vertex 65.1332 -2.9803 0
      vertex 65.1332 -2.9803 7
    endloop
  endfacet
  facet normal 0.946908 -0.321504 0
    outer loop
      vertex 65.1332 -2.9803 0
      vertex 65.0596 -3.19707 7
      vertex 65.0596 -3.19707 0
    endloop
  endfacet
  facet normal 0.659352 -0.751835 0
    outer loop
      vertex 65.5126 -2.41256 0
      vertex 65.6847 -2.26163 7
      vertex 65.5126 -2.41256 7
    endloop
  endfacet
  facet normal 0.659352 -0.751835 0
    outer loop
      vertex 65.6847 -2.26163 7
      vertex 65.5126 -2.41256 0
      vertex 65.6847 -2.26163 0
    endloop
  endfacet
  facet normal 0.83162 -0.555345 0
    outer loop
      vertex 65.2345 -2.775 7
      vertex 65.3616 -2.58467 0
      vertex 65.3616 -2.58467 7
    endloop
  endfacet
  facet normal 0.83162 -0.555345 0
    outer loop
      vertex 65.3616 -2.58467 0
      vertex 65.2345 -2.775 7
      vertex 65.2345 -2.775 0
    endloop
  endfacet
  facet normal 0.946908 0.321504 0
    outer loop
      vertex 65.1332 -4.3197 7
      vertex 65.0596 -4.10293 0
      vertex 65.0596 -4.10293 7
    endloop
  endfacet
  facet normal 0.946908 0.321504 0
    outer loop
      vertex 65.0596 -4.10293 0
      vertex 65.1332 -4.3197 7
      vertex 65.1332 -4.3197 0
    endloop
  endfacet
  facet normal 0.997851 0.0655274 0
    outer loop
      vertex 65.015 -3.87842 7
      vertex 65 -3.65 0
      vertex 65 -3.65 7
    endloop
  endfacet
  facet normal 0.997851 0.0655274 0
    outer loop
      vertex 65 -3.65 0
      vertex 65.015 -3.87842 7
      vertex 65.015 -3.87842 0
    endloop
  endfacet
  facet normal 0.997851 -0.0655274 0
    outer loop
      vertex 65 -3.65 7
      vertex 65.015 -3.42158 0
      vertex 65.015 -3.42158 7
    endloop
  endfacet
  facet normal 0.997851 -0.0655274 0
    outer loop
      vertex 65.015 -3.42158 0
      vertex 65 -3.65 7
      vertex 65 -3.65 0
    endloop
  endfacet
  facet normal 0.83162 0.555345 0
    outer loop
      vertex 65.3616 -4.71533 7
      vertex 65.2345 -4.525 0
      vertex 65.2345 -4.525 7
    endloop
  endfacet
  facet normal 0.83162 0.555345 0
    outer loop
      vertex 65.2345 -4.525 0
      vertex 65.3616 -4.71533 7
      vertex 65.3616 -4.71533 0
    endloop
  endfacet
  facet normal 0.442314 0.89686 -0
    outer loop
      vertex 66.0803 -5.26679 0
      vertex 65.875 -5.16554 7
      vertex 66.0803 -5.26679 7
    endloop
  endfacet
  facet normal 0.442314 0.89686 0
    outer loop
      vertex 65.875 -5.16554 7
      vertex 66.0803 -5.26679 0
      vertex 65.875 -5.16554 0
    endloop
  endfacet
  facet normal -0.751702 0.659503 0
    outer loop
      vertex 69.9874 -4.88744 0
      vertex 70.1384 -4.71533 7
      vertex 70.1384 -4.71533 0
    endloop
  endfacet
  facet normal -0.751702 0.659503 0
    outer loop
      vertex 70.1384 -4.71533 7
      vertex 69.9874 -4.88744 0
      vertex 69.9874 -4.88744 7
    endloop
  endfacet
  facet normal -0.555617 0.831438 0
    outer loop
      vertex 69.8153 -5.03837 0
      vertex 69.625 -5.16554 7
      vertex 69.8153 -5.03837 7
    endloop
  endfacet
  facet normal -0.555617 0.831438 0
    outer loop
      vertex 69.625 -5.16554 7
      vertex 69.8153 -5.03837 0
      vertex 69.625 -5.16554 0
    endloop
  endfacet
  facet normal -0.751702 -0.659503 0
    outer loop
      vertex 70.1384 -2.58467 0
      vertex 69.9874 -2.41256 7
      vertex 69.9874 -2.41256 0
    endloop
  endfacet
  facet normal -0.751702 -0.659503 0
    outer loop
      vertex 69.9874 -2.41256 7
      vertex 70.1384 -2.58467 0
      vertex 70.1384 -2.58467 7
    endloop
  endfacet
  facet normal 0.555648 -0.831418 0
    outer loop
      vertex 65.6847 -2.26163 0
      vertex 65.875 -2.13445 7
      vertex 65.6847 -2.26163 7
    endloop
  endfacet
  facet normal 0.555648 -0.831418 0
    outer loop
      vertex 65.875 -2.13445 7
      vertex 65.6847 -2.26163 0
      vertex 65.875 -2.13445 0
    endloop
  endfacet
  facet normal 0.442279 -0.896878 0
    outer loop
      vertex 65.875 -2.13445 0
      vertex 66.0803 -2.03321 7
      vertex 65.875 -2.13445 7
    endloop
  endfacet
  facet normal 0.442279 -0.896878 0
    outer loop
      vertex 66.0803 -2.03321 7
      vertex 65.875 -2.13445 0
      vertex 66.0803 -2.03321 0
    endloop
  endfacet
  facet normal 0.321386 -0.946948 0
    outer loop
      vertex 66.0803 -2.03321 0
      vertex 66.2971 -1.95963 7
      vertex 66.0803 -2.03321 7
    endloop
  endfacet
  facet normal 0.321386 -0.946948 0
    outer loop
      vertex 66.2971 -1.95963 7
      vertex 66.0803 -2.03321 0
      vertex 66.2971 -1.95963 0
    endloop
  endfacet
  facet normal 0.896774 -0.44249 0
    outer loop
      vertex 65.1332 25.0197 7
      vertex 65.2345 25.225 0
      vertex 65.2345 25.225 7
    endloop
  endfacet
  facet normal 0.896774 -0.44249 0
    outer loop
      vertex 65.2345 25.225 0
      vertex 65.1332 25.0197 7
      vertex 65.1332 25.0197 0
    endloop
  endfacet
  facet normal 0.980832 -0.194856 0
    outer loop
      vertex 65.015 24.5784 7
      vertex 65.0596 24.8029 0
      vertex 65.0596 24.8029 7
    endloop
  endfacet
  facet normal 0.980832 -0.194856 0
    outer loop
      vertex 65.0596 24.8029 0
      vertex 65.015 24.5784 7
      vertex 65.015 24.5784 0
    endloop
  endfacet
  facet normal 0.194856 -0.980832 0
    outer loop
      vertex 66.2971 26.0404 0
      vertex 66.5216 26.085 7
      vertex 66.2971 26.0404 7
    endloop
  endfacet
  facet normal 0.194856 -0.980832 0
    outer loop
      vertex 66.5216 26.085 7
      vertex 66.2971 26.0404 0
      vertex 66.5216 26.085 0
    endloop
  endfacet
  facet normal 0.44249 -0.896774 0
    outer loop
      vertex 65.875 25.8655 0
      vertex 66.0803 25.9668 7
      vertex 65.875 25.8655 7
    endloop
  endfacet
  facet normal 0.44249 -0.896774 0
    outer loop
      vertex 66.0803 25.9668 7
      vertex 65.875 25.8655 0
      vertex 66.0803 25.9668 0
    endloop
  endfacet
  facet normal 0.659524 -0.751683 0
    outer loop
      vertex 65.5126 25.5874 0
      vertex 65.6847 25.7384 7
      vertex 65.5126 25.5874 7
    endloop
  endfacet
  facet normal 0.659524 -0.751683 0
    outer loop
      vertex 65.6847 25.7384 7
      vertex 65.5126 25.5874 0
      vertex 65.6847 25.7384 0
    endloop
  endfacet
  facet normal 0.896774 0.44249 0
    outer loop
      vertex 65.2345 23.475 7
      vertex 65.1332 23.6803 0
      vertex 65.1332 23.6803 7
    endloop
  endfacet
  facet normal 0.896774 0.44249 0
    outer loop
      vertex 65.1332 23.6803 0
      vertex 65.2345 23.475 7
      vertex 65.2345 23.475 0
    endloop
  endfacet
  facet normal 0.321464 -0.946922 0
    outer loop
      vertex 66.0803 25.9668 0
      vertex 66.2971 26.0404 7
      vertex 66.0803 25.9668 7
    endloop
  endfacet
  facet normal 0.321464 -0.946922 0
    outer loop
      vertex 66.2971 26.0404 7
      vertex 66.0803 25.9668 0
      vertex 66.2971 26.0404 0
    endloop
  endfacet
  facet normal 0.555406 -0.831579 0
    outer loop
      vertex 65.6847 25.7384 0
      vertex 65.875 25.8655 7
      vertex 65.6847 25.7384 7
    endloop
  endfacet
  facet normal 0.555406 -0.831579 0
    outer loop
      vertex 65.875 25.8655 7
      vertex 65.6847 25.7384 0
      vertex 65.875 25.8655 0
    endloop
  endfacet
  facet normal 0 -1 0
    outer loop
      vertex 66.75 26.1 0
      vertex 68.75 26.1 7
      vertex 66.75 26.1 7
    endloop
  endfacet
  facet normal 0 -1 -0
    outer loop
      vertex 68.75 26.1 7
      vertex 66.75 26.1 0
      vertex 68.75 26.1 0
    endloop
  endfacet
  facet normal 0 1 -0
    outer loop
      vertex 68.75 22.6 0
      vertex 66.75 22.6 7
      vertex 68.75 22.6 7
    endloop
  endfacet
  facet normal 0 1 0
    outer loop
      vertex 66.75 22.6 7
      vertex 68.75 22.6 0
      vertex 66.75 22.6 0
    endloop
  endfacet
  facet normal 0.0655331 0.99785 -0
    outer loop
      vertex 66.75 22.6 0
      vertex 66.5216 22.615 7
      vertex 66.75 22.6 7
    endloop
  endfacet
  facet normal 0.0655331 0.99785 0
    outer loop
      vertex 66.5216 22.615 7
      vertex 66.75 22.6 0
      vertex 66.5216 22.615 0
    endloop
  endfacet
  facet normal 0.0655331 -0.99785 0
    outer loop
      vertex 66.5216 26.085 0
      vertex 66.75 26.1 7
      vertex 66.5216 26.085 7
    endloop
  endfacet
  facet normal 0.0655331 -0.99785 0
    outer loop
      vertex 66.75 26.1 7
      vertex 66.5216 26.085 0
      vertex 66.75 26.1 0
    endloop
  endfacet
  facet normal 0.99785 -0.0655331 0
    outer loop
      vertex 65 24.35 7
      vertex 65.015 24.5784 0
      vertex 65.015 24.5784 7
    endloop
  endfacet
  facet normal 0.99785 -0.0655331 0
    outer loop
      vertex 65.015 24.5784 0
      vertex 65 24.35 7
      vertex 65 24.35 0
    endloop
  endfacet
  facet normal 0.980832 0.194856 0
    outer loop
      vertex 65.0596 23.8971 7
      vertex 65.015 24.1216 0
      vertex 65.015 24.1216 7
    endloop
  endfacet
  facet normal 0.980832 0.194856 0
    outer loop
      vertex 65.015 24.1216 0
      vertex 65.0596 23.8971 7
      vertex 65.0596 23.8971 0
    endloop
  endfacet
  facet normal 0.946922 -0.321464 0
    outer loop
      vertex 65.0596 24.8029 7
      vertex 65.1332 25.0197 0
      vertex 65.1332 25.0197 7
    endloop
  endfacet
  facet normal 0.946922 -0.321464 0
    outer loop
      vertex 65.1332 25.0197 0
      vertex 65.0596 24.8029 7
      vertex 65.0596 24.8029 0
    endloop
  endfacet
  facet normal -0.44249 -0.896774 0
    outer loop
      vertex 69.4197 25.9668 0
      vertex 69.625 25.8655 7
      vertex 69.4197 25.9668 7
    endloop
  endfacet
  facet normal -0.44249 -0.896774 -0
    outer loop
      vertex 69.625 25.8655 7
      vertex 69.4197 25.9668 0
      vertex 69.625 25.8655 0
    endloop
  endfacet
  facet normal -0.321464 -0.946922 0
    outer loop
      vertex 69.2029 26.0404 0
      vertex 69.4197 25.9668 7
      vertex 69.2029 26.0404 7
    endloop
  endfacet
  facet normal -0.321464 -0.946922 -0
    outer loop
      vertex 69.4197 25.9668 7
      vertex 69.2029 26.0404 0
      vertex 69.4197 25.9668 0
    endloop
  endfacet
  facet normal -0.0655331 -0.99785 0
    outer loop
      vertex 68.75 26.1 0
      vertex 68.9784 26.085 7
      vertex 68.75 26.1 7
    endloop
  endfacet
  facet normal -0.0655331 -0.99785 -0
    outer loop
      vertex 68.9784 26.085 7
      vertex 68.75 26.1 0
      vertex 68.9784 26.085 0
    endloop
  endfacet
  facet normal -0.896774 0.44249 0
    outer loop
      vertex 70.2655 23.475 0
      vertex 70.3668 23.6803 7
      vertex 70.3668 23.6803 0
    endloop
  endfacet
  facet normal -0.896774 0.44249 0
    outer loop
      vertex 70.3668 23.6803 7
      vertex 70.2655 23.475 0
      vertex 70.2655 23.475 7
    endloop
  endfacet
  facet normal 0.751683 0.659524 0
    outer loop
      vertex 65.5126 23.1126 7
      vertex 65.3616 23.2847 0
      vertex 65.3616 23.2847 7
    endloop
  endfacet
  facet normal 0.751683 0.659524 0
    outer loop
      vertex 65.3616 23.2847 0
      vertex 65.5126 23.1126 7
      vertex 65.5126 23.1126 0
    endloop
  endfacet
  facet normal 0.194856 0.980832 -0
    outer loop
      vertex 66.5216 22.615 0
      vertex 66.2971 22.6596 7
      vertex 66.5216 22.615 7
    endloop
  endfacet
  facet normal 0.194856 0.980832 0
    outer loop
      vertex 66.2971 22.6596 7
      vertex 66.5216 22.615 0
      vertex 66.2971 22.6596 0
    endloop
  endfacet
  facet normal 0.99785 0.0655331 0
    outer loop
      vertex 65.015 24.1216 7
      vertex 65 24.35 0
      vertex 65 24.35 7
    endloop
  endfacet
  facet normal 0.99785 0.0655331 0
    outer loop
      vertex 65 24.35 0
      vertex 65.015 24.1216 7
      vertex 65.015 24.1216 0
    endloop
  endfacet
  facet normal 0.946922 0.321464 0
    outer loop
      vertex 65.1332 23.6803 7
      vertex 65.0596 23.8971 0
      vertex 65.0596 23.8971 7
    endloop
  endfacet
  facet normal 0.946922 0.321464 0
    outer loop
      vertex 65.0596 23.8971 0
      vertex 65.1332 23.6803 7
      vertex 65.1332 23.6803 0
    endloop
  endfacet
  facet normal 0.831579 -0.555406 0
    outer loop
      vertex 65.2345 25.225 7
      vertex 65.3616 25.4153 0
      vertex 65.3616 25.4153 7
    endloop
  endfacet
  facet normal 0.831579 -0.555406 0
    outer loop
      vertex 65.3616 25.4153 0
      vertex 65.2345 25.225 7
      vertex 65.2345 25.225 0
    endloop
  endfacet
  facet normal 0.751683 -0.659524 0
    outer loop
      vertex 65.3616 25.4153 7
      vertex 65.5126 25.5874 0
      vertex 65.5126 25.5874 7
    endloop
  endfacet
  facet normal 0.751683 -0.659524 0
    outer loop
      vertex 65.5126 25.5874 0
      vertex 65.3616 25.4153 7
      vertex 65.3616 25.4153 0
    endloop
  endfacet
  facet normal -0.659524 -0.751683 0
    outer loop
      vertex 69.8153 25.7384 0
      vertex 69.9874 25.5874 7
      vertex 69.8153 25.7384 7
    endloop
  endfacet
  facet normal -0.659524 -0.751683 -0
    outer loop
      vertex 69.9874 25.5874 7
      vertex 69.8153 25.7384 0
      vertex 69.9874 25.5874 0
    endloop
  endfacet
  facet normal -0.194856 -0.980832 0
    outer loop
      vertex 68.9784 26.085 0
      vertex 69.2029 26.0404 7
      vertex 68.9784 26.085 7
    endloop
  endfacet
  facet normal -0.194856 -0.980832 -0
    outer loop
      vertex 69.2029 26.0404 7
      vertex 68.9784 26.085 0
      vertex 69.2029 26.0404 0
    endloop
  endfacet
  facet normal -0.980832 0.194856 0
    outer loop
      vertex 70.4404 23.8971 0
      vertex 70.485 24.1216 7
      vertex 70.485 24.1216 0
    endloop
  endfacet
  facet normal -0.980832 0.194856 0
    outer loop
      vertex 70.485 24.1216 7
      vertex 70.4404 23.8971 0
      vertex 70.4404 23.8971 7
    endloop
  endfacet
  facet normal -0.99785 0.0655331 0
    outer loop
      vertex 70.485 24.1216 0
      vertex 70.5 24.35 7
      vertex 70.5 24.35 0
    endloop
  endfacet
  facet normal -0.99785 0.0655331 0
    outer loop
      vertex 70.5 24.35 7
      vertex 70.485 24.1216 0
      vertex 70.485 24.1216 7
    endloop
  endfacet
  facet normal -0.555406 0.831579 0
    outer loop
      vertex 69.8153 22.9616 0
      vertex 69.625 22.8345 7
      vertex 69.8153 22.9616 7
    endloop
  endfacet
  facet normal -0.555406 0.831579 0
    outer loop
      vertex 69.625 22.8345 7
      vertex 69.8153 22.9616 0
      vertex 69.625 22.8345 0
    endloop
  endfacet
  facet normal -0.659524 0.751683 0
    outer loop
      vertex 69.9874 23.1126 0
      vertex 69.8153 22.9616 7
      vertex 69.9874 23.1126 7
    endloop
  endfacet
  facet normal -0.659524 0.751683 0
    outer loop
      vertex 69.8153 22.9616 7
      vertex 69.9874 23.1126 0
      vertex 69.8153 22.9616 0
    endloop
  endfacet
  facet normal -0.0655331 0.99785 0
    outer loop
      vertex 68.9784 22.615 0
      vertex 68.75 22.6 7
      vertex 68.9784 22.615 7
    endloop
  endfacet
  facet normal -0.0655331 0.99785 0
    outer loop
      vertex 68.75 22.6 7
      vertex 68.9784 22.615 0
      vertex 68.75 22.6 0
    endloop
  endfacet
  facet normal 0.831579 0.555406 0
    outer loop
      vertex 65.3616 23.2847 7
      vertex 65.2345 23.475 0
      vertex 65.2345 23.475 7
    endloop
  endfacet
  facet normal 0.831579 0.555406 0
    outer loop
      vertex 65.2345 23.475 0
      vertex 65.3616 23.2847 7
      vertex 65.3616 23.2847 0
    endloop
  endfacet
  facet normal 0.659524 0.751683 -0
    outer loop
      vertex 65.6847 22.9616 0
      vertex 65.5126 23.1126 7
      vertex 65.6847 22.9616 7
    endloop
  endfacet
  facet normal 0.659524 0.751683 0
    outer loop
      vertex 65.5126 23.1126 7
      vertex 65.6847 22.9616 0
      vertex 65.5126 23.1126 0
    endloop
  endfacet
  facet normal 0.321464 0.946922 -0
    outer loop
      vertex 66.2971 22.6596 0
      vertex 66.0803 22.7332 7
      vertex 66.2971 22.6596 7
    endloop
  endfacet
  facet normal 0.321464 0.946922 0
    outer loop
      vertex 66.0803 22.7332 7
      vertex 66.2971 22.6596 0
      vertex 66.0803 22.7332 0
    endloop
  endfacet
  facet normal 0.555406 0.831579 -0
    outer loop
      vertex 65.875 22.8345 0
      vertex 65.6847 22.9616 7
      vertex 65.875 22.8345 7
    endloop
  endfacet
  facet normal 0.555406 0.831579 0
    outer loop
      vertex 65.6847 22.9616 7
      vertex 65.875 22.8345 0
      vertex 65.6847 22.9616 0
    endloop
  endfacet
  facet normal -0.831579 -0.555406 0
    outer loop
      vertex 70.2655 25.225 0
      vertex 70.1384 25.4153 7
      vertex 70.1384 25.4153 0
    endloop
  endfacet
  facet normal -0.831579 -0.555406 0
    outer loop
      vertex 70.1384 25.4153 7
      vertex 70.2655 25.225 0
      vertex 70.2655 25.225 7
    endloop
  endfacet
  facet normal -0.555406 -0.831579 0
    outer loop
      vertex 69.625 25.8655 0
      vertex 69.8153 25.7384 7
      vertex 69.625 25.8655 7
    endloop
  endfacet
  facet normal -0.555406 -0.831579 -0
    outer loop
      vertex 69.8153 25.7384 7
      vertex 69.625 25.8655 0
      vertex 69.8153 25.7384 0
    endloop
  endfacet
  facet normal -0.946922 0.321464 0
    outer loop
      vertex 70.3668 23.6803 0
      vertex 70.4404 23.8971 7
      vertex 70.4404 23.8971 0
    endloop
  endfacet
  facet normal -0.946922 0.321464 0
    outer loop
      vertex 70.4404 23.8971 7
      vertex 70.3668 23.6803 0
      vertex 70.3668 23.6803 7
    endloop
  endfacet
  facet normal -0.751683 0.659524 0
    outer loop
      vertex 69.9874 23.1126 0
      vertex 70.1384 23.2847 7
      vertex 70.1384 23.2847 0
    endloop
  endfacet
  facet normal -0.751683 0.659524 0
    outer loop
      vertex 70.1384 23.2847 7
      vertex 69.9874 23.1126 0
      vertex 69.9874 23.1126 7
    endloop
  endfacet
  facet normal -0.831579 0.555406 0
    outer loop
      vertex 70.1384 23.2847 0
      vertex 70.2655 23.475 7
      vertex 70.2655 23.475 0
    endloop
  endfacet
  facet normal -0.831579 0.555406 0
    outer loop
      vertex 70.2655 23.475 7
      vertex 70.1384 23.2847 0
      vertex 70.1384 23.2847 7
    endloop
  endfacet
  facet normal -0.896774 -0.44249 0
    outer loop
      vertex 70.3668 25.0197 0
      vertex 70.2655 25.225 7
      vertex 70.2655 25.225 0
    endloop
  endfacet
  facet normal -0.896774 -0.44249 0
    outer loop
      vertex 70.2655 25.225 7
      vertex 70.3668 25.0197 0
      vertex 70.3668 25.0197 7
    endloop
  endfacet
  facet normal -0.946922 -0.321464 0
    outer loop
      vertex 70.4404 24.8029 0
      vertex 70.3668 25.0197 7
      vertex 70.3668 25.0197 0
    endloop
  endfacet
  facet normal -0.946922 -0.321464 0
    outer loop
      vertex 70.3668 25.0197 7
      vertex 70.4404 24.8029 0
      vertex 70.4404 24.8029 7
    endloop
  endfacet
  facet normal -0.980832 -0.194856 0
    outer loop
      vertex 70.485 24.5784 0
      vertex 70.4404 24.8029 7
      vertex 70.4404 24.8029 0
    endloop
  endfacet
  facet normal -0.980832 -0.194856 0
    outer loop
      vertex 70.4404 24.8029 7
      vertex 70.485 24.5784 0
      vertex 70.485 24.5784 7
    endloop
  endfacet
  facet normal -0.99785 -0.0655331 0
    outer loop
      vertex 70.5 24.35 0
      vertex 70.485 24.5784 7
      vertex 70.485 24.5784 0
    endloop
  endfacet
  facet normal -0.99785 -0.0655331 0
    outer loop
      vertex 70.485 24.5784 7
      vertex 70.5 24.35 0
      vertex 70.5 24.35 7
    endloop
  endfacet
  facet normal -0.321464 0.946922 0
    outer loop
      vertex 69.4197 22.7332 0
      vertex 69.2029 22.6596 7
      vertex 69.4197 22.7332 7
    endloop
  endfacet
  facet normal -0.321464 0.946922 0
    outer loop
      vertex 69.2029 22.6596 7
      vertex 69.4197 22.7332 0
      vertex 69.2029 22.6596 0
    endloop
  endfacet
  facet normal -0.194856 0.980832 0
    outer loop
      vertex 69.2029 22.6596 0
      vertex 68.9784 22.615 7
      vertex 69.2029 22.6596 7
    endloop
  endfacet
  facet normal -0.194856 0.980832 0
    outer loop
      vertex 68.9784 22.615 7
      vertex 69.2029 22.6596 0
      vertex 68.9784 22.615 0
    endloop
  endfacet
  facet normal 0.44249 0.896774 -0
    outer loop
      vertex 66.0803 22.7332 0
      vertex 65.875 22.8345 7
      vertex 66.0803 22.7332 7
    endloop
  endfacet
  facet normal 0.44249 0.896774 0
    outer loop
      vertex 65.875 22.8345 7
      vertex 66.0803 22.7332 0
      vertex 65.875 22.8345 0
    endloop
  endfacet
  facet normal -0.751683 -0.659524 0
    outer loop
      vertex 70.1384 25.4153 0
      vertex 69.9874 25.5874 7
      vertex 69.9874 25.5874 0
    endloop
  endfacet
  facet normal -0.751683 -0.659524 0
    outer loop
      vertex 69.9874 25.5874 7
      vertex 70.1384 25.4153 0
      vertex 70.1384 25.4153 7
    endloop
  endfacet
  facet normal -0.44249 0.896774 0
    outer loop
      vertex 69.625 22.8345 0
      vertex 69.4197 22.7332 7
      vertex 69.625 22.8345 7
    endloop
  endfacet
  facet normal -0.44249 0.896774 0
    outer loop
      vertex 69.4197 22.7332 7
      vertex 69.625 22.8345 0
      vertex 69.4197 22.7332 0
    endloop
  endfacet
  facet normal -0.897293 -0.441435 0
    outer loop
      vertex 104.867 -2.9803 0
      vertex 104.766 -2.775 7
      vertex 104.766 -2.775 0
    endloop
  endfacet
  facet normal -0.897293 -0.441435 0
    outer loop
      vertex 104.766 -2.775 7
      vertex 104.867 -2.9803 0
      vertex 104.867 -2.9803 7
    endloop
  endfacet
  facet normal -0.659568 -0.751645 0
    outer loop
      vertex 104.315 -2.26163 0
      vertex 104.487 -2.41256 7
      vertex 104.315 -2.26163 7
    endloop
  endfacet
  facet normal -0.659568 -0.751645 -0
    outer loop
      vertex 104.487 -2.41256 7
      vertex 104.315 -2.26163 0
      vertex 104.487 -2.41256 0
    endloop
  endfacet
  facet normal -0.980498 -0.196528 0
    outer loop
      vertex 104.985 -3.42158 0
      vertex 104.94 -3.19707 7
      vertex 104.94 -3.19707 0
    endloop
  endfacet
  facet normal -0.980498 -0.196528 0
    outer loop
      vertex 104.94 -3.19707 7
      vertex 104.985 -3.42158 0
      vertex 104.985 -3.42158 7
    endloop
  endfacet
  facet normal -0.997851 -0.0655274 0
    outer loop
      vertex 105 -3.65 0
      vertex 104.985 -3.42158 7
      vertex 104.985 -3.42158 0
    endloop
  endfacet
  facet normal -0.997851 -0.0655274 0
    outer loop
      vertex 104.985 -3.42158 7
      vertex 105 -3.65 0
      vertex 105 -3.65 7
    endloop
  endfacet
  facet normal 0.896774 0.44249 0
    outer loop
      vertex 99.7345 -4.525 7
      vertex 99.6332 -4.3197 0
      vertex 99.6332 -4.3197 7
    endloop
  endfacet
  facet normal 0.896774 0.44249 0
    outer loop
      vertex 99.6332 -4.3197 0
      vertex 99.7345 -4.525 7
      vertex 99.7345 -4.525 0
    endloop
  endfacet
  facet normal -0.947704 -0.319151 0
    outer loop
      vertex 104.94 -3.19707 0
      vertex 104.867 -2.9803 7
      vertex 104.867 -2.9803 0
    endloop
  endfacet
  facet normal -0.947704 -0.319151 0
    outer loop
      vertex 104.867 -2.9803 7
      vertex 104.94 -3.19707 0
      vertex 104.94 -3.19707 7
    endloop
  endfacet
  facet normal -0.556254 -0.831013 0
    outer loop
      vertex 104.125 -2.13445 0
      vertex 104.315 -2.26163 7
      vertex 104.125 -2.13445 7
    endloop
  endfacet
  facet normal -0.556254 -0.831013 -0
    outer loop
      vertex 104.315 -2.26163 7
      vertex 104.125 -2.13445 0
      vertex 104.315 -2.26163 0
    endloop
  endfacet
  facet normal -0.997851 0.0655274 0
    outer loop
      vertex 104.985 -3.87842 0
      vertex 105 -3.65 7
      vertex 105 -3.65 0
    endloop
  endfacet
  facet normal -0.997851 0.0655274 0
    outer loop
      vertex 105 -3.65 7
      vertex 104.985 -3.87842 0
      vertex 104.985 -3.87842 7
    endloop
  endfacet
  facet normal -0.751702 0.659503 0
    outer loop
      vertex 104.487 -4.88744 0
      vertex 104.638 -4.71533 7
      vertex 104.638 -4.71533 0
    endloop
  endfacet
  facet normal -0.751702 0.659503 0
    outer loop
      vertex 104.638 -4.71533 7
      vertex 104.487 -4.88744 0
      vertex 104.487 -4.88744 7
    endloop
  endfacet
  facet normal -0.0655168 0.997851 0
    outer loop
      vertex 103.478 -5.38503 0
      vertex 103.25 -5.4 7
      vertex 103.478 -5.38503 7
    endloop
  endfacet
  facet normal -0.0655168 0.997851 0
    outer loop
      vertex 103.25 -5.4 7
      vertex 103.478 -5.38503 0
      vertex 103.25 -5.4 0
    endloop
  endfacet
  facet normal -0.751702 -0.659503 0
    outer loop
      vertex 104.638 -2.58467 0
      vertex 104.487 -2.41256 7
      vertex 104.487 -2.41256 0
    endloop
  endfacet
  facet normal -0.751702 -0.659503 0
    outer loop
      vertex 104.487 -2.41256 7
      vertex 104.638 -2.58467 0
      vertex 104.638 -2.58467 7
    endloop
  endfacet
  facet normal -0.829803 -0.558056 0
    outer loop
      vertex 104.766 -2.775 0
      vertex 104.638 -2.58467 7
      vertex 104.638 -2.58467 0
    endloop
  endfacet
  facet normal -0.829803 -0.558056 0
    outer loop
      vertex 104.638 -2.58467 7
      vertex 104.766 -2.775 0
      vertex 104.766 -2.775 7
    endloop
  endfacet
  facet normal 0.0102921 -0.464377 -0.885578
    outer loop
      vertex 100.392 -2.12614 5.52222
      vertex 100.435 -2.10482 5.51154
      vertex 100.415 -2.11497 5.51663
    endloop
  endfacet
  facet normal 0.000658685 -0.448946 -0.893559
    outer loop
      vertex 100.38 -2.13185 5.52508
      vertex 100.435 -2.10482 5.51154
      vertex 100.392 -2.12614 5.52222
    endloop
  endfacet
  facet normal 0.0150139 -0.471909 -0.881519
    outer loop
      vertex 100.435 -2.10482 5.51154
      vertex 100.482 -2.0816 5.49991
      vertex 100.445 -2.1 5.50913
    endloop
  endfacet
  facet normal 0.442935 -0.896554 -2.03652e-06
    outer loop
      vertex 100.375 -2.13445 0
      vertex 100.482 -2.0816 5.49991
      vertex 100.435 -2.10482 5.51154
    endloop
  endfacet
  facet normal 0.426495 -0.90449 0.00039406
    outer loop
      vertex 100.482 -2.0816 5.49991
      vertex 100.375 -2.13445 0
      vertex 100.496 -2.075 5.49661
    endloop
  endfacet
  facet normal 0.461353 -0.887217 0
    outer loop
      vertex 100.375 -2.13445 0
      vertex 100.38 -2.13185 5.52508
      vertex 100.375 -2.13445 5.52934
    endloop
  endfacet
  facet normal 0.441072 -0.897472 2.31789e-05
    outer loop
      vertex 100.375 -2.13445 0
      vertex 100.435 -2.10482 5.51154
      vertex 100.38 -2.13185 5.52508
    endloop
  endfacet
  facet normal 0.445547 -0.895259 -0.000125168
    outer loop
      vertex 100.496 -2.075 5.49661
      vertex 100.375 -2.13445 0
      vertex 100.544 -2.05111 5.48465
    endloop
  endfacet
  facet normal 0.431762 -0.901988 0.000401827
    outer loop
      vertex 100.375 -2.13445 0
      vertex 100.551 -2.04776 5.48297
      vertex 100.544 -2.05111 5.48465
    endloop
  endfacet
  facet normal 0.442799 -0.896621 -3.73243e-05
    outer loop
      vertex 100.58 -2.03321 0
      vertex 100.551 -2.04776 5.48297
      vertex 100.375 -2.13445 0
    endloop
  endfacet
  facet normal 0.448446 -0.89381 0
    outer loop
      vertex 100.551 -2.04776 5.48297
      vertex 100.58 -2.03321 0
      vertex 100.58 -2.03321 5.48297
    endloop
  endfacet
  facet normal 0.194691 0.980865 -0
    outer loop
      vertex 101.022 -5.38503 0
      vertex 100.797 -5.34037 7
      vertex 101.022 -5.38503 7
    endloop
  endfacet
  facet normal 0.194691 0.980865 0
    outer loop
      vertex 100.797 -5.34037 7
      vertex 101.022 -5.38503 0
      vertex 100.797 -5.34037 0
    endloop
  endfacet
  facet normal 0.659568 0.751645 -0
    outer loop
      vertex 100.185 -5.03837 0
      vertex 100.013 -4.88744 7
      vertex 100.185 -5.03837 7
    endloop
  endfacet
  facet normal 0.659568 0.751645 0
    outer loop
      vertex 100.013 -4.88744 7
      vertex 100.185 -5.03837 0
      vertex 100.013 -4.88744 0
    endloop
  endfacet
  facet normal 0.32112 0.947038 -0
    outer loop
      vertex 100.797 -5.34037 0
      vertex 100.58 -5.26679 7
      vertex 100.797 -5.34037 7
    endloop
  endfacet
  facet normal 0.32112 0.947038 0
    outer loop
      vertex 100.58 -5.26679 7
      vertex 100.797 -5.34037 0
      vertex 100.58 -5.26679 0
    endloop
  endfacet
  facet normal -0.897293 0.441435 0
    outer loop
      vertex 104.766 -4.525 0
      vertex 104.867 -4.3197 7
      vertex 104.867 -4.3197 0
    endloop
  endfacet
  facet normal -0.897293 0.441435 0
    outer loop
      vertex 104.867 -4.3197 7
      vertex 104.766 -4.525 0
      vertex 104.766 -4.525 7
    endloop
  endfacet
  facet normal -0.194691 0.980865 0
    outer loop
      vertex 103.703 -5.34037 0
      vertex 103.478 -5.38503 7
      vertex 103.703 -5.34037 7
    endloop
  endfacet
  facet normal -0.194691 0.980865 0
    outer loop
      vertex 103.478 -5.38503 7
      vertex 103.703 -5.34037 0
      vertex 103.478 -5.38503 0
    endloop
  endfacet
  facet normal 0.997851 0.0655274 0
    outer loop
      vertex 99.515 -3.87842 7
      vertex 99.5 -3.65 0
      vertex 99.5 -3.65 7
    endloop
  endfacet
  facet normal 0.997851 0.0655274 0
    outer loop
      vertex 99.5 -3.65 0
      vertex 99.515 -3.87842 7
      vertex 99.515 -3.87842 0
    endloop
  endfacet
  facet normal 0 -1 0
    outer loop
      vertex 103.246 -1.9 6.799
      vertex 103.25 -1.9 7
      vertex 103.246 -1.9 7
    endloop
  endfacet
  facet normal 0 -1 0
    outer loop
      vertex 103.25 -1.9 0
      vertex 101.25 -1.9 5.7102
      vertex 101.25 -1.9 0
    endloop
  endfacet
  facet normal 0 -1 0
    outer loop
      vertex 103.246 -1.9 6.799
      vertex 103.25 -1.9 0
      vertex 103.25 -1.9 7
    endloop
  endfacet
  facet normal 0 -1 0
    outer loop
      vertex 101.25 -1.9 5.7102
      vertex 103.25 -1.9 0
      vertex 103.246 -1.9 6.799
    endloop
  endfacet
  facet normal 0 1 -0
    outer loop
      vertex 103.25 -5.4 0
      vertex 101.25 -5.4 7
      vertex 103.25 -5.4 7
    endloop
  endfacet
  facet normal 0 1 0
    outer loop
      vertex 101.25 -5.4 7
      vertex 103.25 -5.4 0
      vertex 101.25 -5.4 0
    endloop
  endfacet
  facet normal -0.980498 0.196528 0
    outer loop
      vertex 104.94 -4.10293 0
      vertex 104.985 -3.87842 7
      vertex 104.985 -3.87842 0
    endloop
  endfacet
  facet normal -0.980498 0.196528 0
    outer loop
      vertex 104.985 -3.87842 7
      vertex 104.94 -4.10293 0
      vertex 104.94 -4.10293 7
    endloop
  endfacet
  facet normal -0.947704 0.319151 0
    outer loop
      vertex 104.867 -4.3197 0
      vertex 104.94 -4.10293 7
      vertex 104.94 -4.10293 0
    endloop
  endfacet
  facet normal -0.947704 0.319151 0
    outer loop
      vertex 104.94 -4.10293 7
      vertex 104.867 -4.3197 0
      vertex 104.867 -4.3197 7
    endloop
  endfacet
  facet normal -0.829803 0.558056 0
    outer loop
      vertex 104.638 -4.71533 0
      vertex 104.766 -4.525 7
      vertex 104.766 -4.525 0
    endloop
  endfacet
  facet normal -0.829803 0.558056 0
    outer loop
      vertex 104.766 -4.525 7
      vertex 104.638 -4.71533 0
      vertex 104.638 -4.71533 7
    endloop
  endfacet
  facet normal -0.442835 0.896603 0
    outer loop
      vertex 104.125 -5.16554 0
      vertex 103.92 -5.26679 7
      vertex 104.125 -5.16554 7
    endloop
  endfacet
  facet normal -0.442835 0.896603 0
    outer loop
      vertex 103.92 -5.26679 7
      vertex 104.125 -5.16554 0
      vertex 103.92 -5.26679 0
    endloop
  endfacet
  facet normal -0.659568 0.751645 0
    outer loop
      vertex 104.487 -4.88744 0
      vertex 104.315 -5.03837 7
      vertex 104.487 -4.88744 7
    endloop
  endfacet
  facet normal -0.659568 0.751645 0
    outer loop
      vertex 104.315 -5.03837 7
      vertex 104.487 -4.88744 0
      vertex 104.315 -5.03837 0
    endloop
  endfacet
  facet normal -0.32112 0.947038 0
    outer loop
      vertex 103.92 -5.26679 0
      vertex 103.703 -5.34037 7
      vertex 103.92 -5.26679 7
    endloop
  endfacet
  facet normal -0.32112 0.947038 0
    outer loop
      vertex 103.703 -5.34037 7
      vertex 103.92 -5.26679 0
      vertex 103.703 -5.34037 0
    endloop
  endfacet
  facet normal 0.946908 0.321504 0
    outer loop
      vertex 99.6332 -4.3197 7
      vertex 99.5596 -4.10293 0
      vertex 99.5596 -4.10293 7
    endloop
  endfacet
  facet normal 0.946908 0.321504 0
    outer loop
      vertex 99.5596 -4.10293 0
      vertex 99.6332 -4.3197 7
      vertex 99.6332 -4.3197 0
    endloop
  endfacet
  facet normal 0.946908 -0.321504 0
    outer loop
      vertex 99.5596 -3.19707 7
      vertex 99.6332 -2.9803 0
      vertex 99.6332 -2.9803 7
    endloop
  endfacet
  facet normal 0.946908 -0.321504 0
    outer loop
      vertex 99.6332 -2.9803 0
      vertex 99.5596 -3.19707 7
      vertex 99.5596 -3.19707 0
    endloop
  endfacet
  facet normal 0.980834 -0.194847 0
    outer loop
      vertex 99.515 -3.42158 7
      vertex 99.5596 -3.19707 0
      vertex 99.5596 -3.19707 7
    endloop
  endfacet
  facet normal 0.980834 -0.194847 0
    outer loop
      vertex 99.5596 -3.19707 0
      vertex 99.515 -3.42158 7
      vertex 99.515 -3.42158 0
    endloop
  endfacet
  facet normal 0.980834 0.194847 0
    outer loop
      vertex 99.5596 -4.10293 7
      vertex 99.515 -3.87842 0
      vertex 99.515 -3.87842 7
    endloop
  endfacet
  facet normal 0.980834 0.194847 0
    outer loop
      vertex 99.515 -3.87842 0
      vertex 99.5596 -4.10293 7
      vertex 99.5596 -4.10293 0
    endloop
  endfacet
  facet normal 0.32112 -0.947038 0
    outer loop
      vertex 100.797 -1.95963 0
      vertex 100.58 -2.03321 5.48297
      vertex 100.58 -2.03321 0
    endloop
  endfacet
  facet normal 0.32112 -0.947038 0
    outer loop
      vertex 100.58 -2.03321 5.48297
      vertex 100.797 -1.95963 0
      vertex 100.797 -1.95963 5.51981
    endloop
  endfacet
  facet normal 0.750836 -0.660488 0
    outer loop
      vertex 99.8616 -2.58467 7
      vertex 100.013 -2.41256 0
      vertex 100.013 -2.41256 7
    endloop
  endfacet
  facet normal 0.750836 -0.660488 0
    outer loop
      vertex 100.013 -2.41256 0
      vertex 99.8616 -2.58467 7
      vertex 99.8616 -2.58467 0
    endloop
  endfacet
  facet normal 0.556554 -0.830812 0
    outer loop
      vertex 100.185 -2.26163 7
      vertex 100.277 -2.2 5.75104
      vertex 100.277 -2.2 7
    endloop
  endfacet
  facet normal 0.00327703 0.99115 0.132709
    outer loop
      vertex 100.277 -2.2 5.75104
      vertex 100.303 -2.18289 5.62261
      vertex 100.291 -2.19026 5.67795
    endloop
  endfacet
  facet normal -0.0135888 0.891676 0.45247
    outer loop
      vertex 100.319 -2.17189 5.60144
      vertex 100.347 -2.15316 5.56537
      vertex 100.337 -2.15963 5.57782
    endloop
  endfacet
  facet normal 0.0144436 0.88276 0.469601
    outer loop
      vertex 100.303 -2.18289 5.62261
      vertex 100.347 -2.15316 5.56537
      vertex 100.319 -2.17189 5.60144
    endloop
  endfacet
  facet normal 0.559734 -0.828672 -0.000142096
    outer loop
      vertex 100.185 -2.26163 0
      vertex 100.347 -2.15316 5.56537
      vertex 100.303 -2.18289 5.62261
    endloop
  endfacet
  facet normal 0.556554 -0.830812 0
    outer loop
      vertex 100.185 -2.26163 0
      vertex 100.277 -2.2 5.75104
      vertex 100.185 -2.26163 7
    endloop
  endfacet
  facet normal 0.550227 -0.835015 0.000146257
    outer loop
      vertex 100.185 -2.26163 0
      vertex 100.303 -2.18289 5.62261
      vertex 100.277 -2.2 5.75104
    endloop
  endfacet
  facet normal 0.553834 -0.832627 0.00010673
    outer loop
      vertex 100.347 -2.15316 5.56537
      vertex 100.185 -2.26163 0
      vertex 100.363 -2.14252 5.54487
    endloop
  endfacet
  facet normal 0.557971 -0.829861 -8.54974e-05
    outer loop
      vertex 100.185 -2.26163 0
      vertex 100.375 -2.13445 5.52934
      vertex 100.363 -2.14252 5.54487
    endloop
  endfacet
  facet normal 0.556254 -0.831013 0
    outer loop
      vertex 100.375 -2.13445 5.52934
      vertex 100.185 -2.26163 0
      vertex 100.375 -2.13445 0
    endloop
  endfacet
  facet normal -0.194691 -0.980865 0
    outer loop
      vertex 103.478 -1.91497 0
      vertex 103.703 -1.95963 7
      vertex 103.478 -1.91497 7
    endloop
  endfacet
  facet normal -0.194691 -0.980865 -0
    outer loop
      vertex 103.703 -1.95963 7
      vertex 103.478 -1.91497 0
      vertex 103.703 -1.95963 0
    endloop
  endfacet
  facet normal -0.32112 -0.947038 0
    outer loop
      vertex 103.703 -1.95963 0
      vertex 103.92 -2.03321 7
      vertex 103.703 -1.95963 7
    endloop
  endfacet
  facet normal -0.32112 -0.947038 -0
    outer loop
      vertex 103.92 -2.03321 7
      vertex 103.703 -1.95963 0
      vertex 103.92 -2.03321 0
    endloop
  endfacet
  facet normal -0.442799 -0.896621 0
    outer loop
      vertex 103.92 -2.03321 0
      vertex 104.125 -2.13445 7
      vertex 103.92 -2.03321 7
    endloop
  endfacet
  facet normal -0.442799 -0.896621 -0
    outer loop
      vertex 104.125 -2.13445 7
      vertex 103.92 -2.03321 0
      vertex 104.125 -2.13445 0
    endloop
  endfacet
  facet normal 0.0655168 0.997851 -0
    outer loop
      vertex 101.25 -5.4 0
      vertex 101.022 -5.38503 7
      vertex 101.25 -5.4 7
    endloop
  endfacet
  facet normal 0.0655168 0.997851 0
    outer loop
      vertex 101.022 -5.38503 7
      vertex 101.25 -5.4 0
      vertex 101.022 -5.38503 0
    endloop
  endfacet
  facet normal 0.442835 0.896603 -0
    outer loop
      vertex 100.58 -5.26679 0
      vertex 100.375 -5.16554 7
      vertex 100.58 -5.26679 7
    endloop
  endfacet
  facet normal 0.442835 0.896603 0
    outer loop
      vertex 100.375 -5.16554 7
      vertex 100.58 -5.26679 0
      vertex 100.375 -5.16554 0
    endloop
  endfacet
  facet normal 0.556223 0.831033 -0
    outer loop
      vertex 100.375 -5.16554 0
      vertex 100.185 -5.03837 7
      vertex 100.375 -5.16554 7
    endloop
  endfacet
  facet normal 0.556223 0.831033 0
    outer loop
      vertex 100.185 -5.03837 7
      vertex 100.375 -5.16554 0
      vertex 100.185 -5.03837 0
    endloop
  endfacet
  facet normal 0.750836 0.660488 0
    outer loop
      vertex 100.013 -4.88744 7
      vertex 99.8616 -4.71533 0
      vertex 99.8616 -4.71533 7
    endloop
  endfacet
  facet normal 0.750836 0.660488 0
    outer loop
      vertex 99.8616 -4.71533 0
      vertex 100.013 -4.88744 7
      vertex 100.013 -4.88744 0
    endloop
  endfacet
  facet normal 0.83162 0.555345 0
    outer loop
      vertex 99.8616 -4.71533 7
      vertex 99.7345 -4.525 0
      vertex 99.7345 -4.525 7
    endloop
  endfacet
  facet normal 0.83162 0.555345 0
    outer loop
      vertex 99.7345 -4.525 0
      vertex 99.8616 -4.71533 7
      vertex 99.8616 -4.71533 0
    endloop
  endfacet
  facet normal -0.556223 0.831033 0
    outer loop
      vertex 104.315 -5.03837 0
      vertex 104.125 -5.16554 7
      vertex 104.315 -5.03837 7
    endloop
  endfacet
  facet normal -0.556223 0.831033 0
    outer loop
      vertex 104.125 -5.16554 7
      vertex 104.315 -5.03837 0
      vertex 104.125 -5.16554 0
    endloop
  endfacet
  facet normal 0.896774 -0.44249 0
    outer loop
      vertex 99.6332 -2.9803 7
      vertex 99.7345 -2.775 0
      vertex 99.7345 -2.775 7
    endloop
  endfacet
  facet normal 0.896774 -0.44249 0
    outer loop
      vertex 99.7345 -2.775 0
      vertex 99.6332 -2.9803 7
      vertex 99.6332 -2.9803 0
    endloop
  endfacet
  facet normal 0.659568 -0.751645 0
    outer loop
      vertex 100.013 -2.41256 0
      vertex 100.185 -2.26163 7
      vertex 100.013 -2.41256 7
    endloop
  endfacet
  facet normal 0.659568 -0.751645 0
    outer loop
      vertex 100.185 -2.26163 7
      vertex 100.013 -2.41256 0
      vertex 100.185 -2.26163 0
    endloop
  endfacet
  facet normal -0.0655168 -0.997851 0
    outer loop
      vertex 103.25 -1.9 0
      vertex 103.478 -1.91497 7
      vertex 103.25 -1.9 7
    endloop
  endfacet
  facet normal -0.0655168 -0.997851 -0
    outer loop
      vertex 103.478 -1.91497 7
      vertex 103.25 -1.9 0
      vertex 103.478 -1.91497 0
    endloop
  endfacet
  facet normal 0.194691 -0.980865 0
    outer loop
      vertex 101.022 -1.91497 0
      vertex 100.797 -1.95963 5.51981
      vertex 100.797 -1.95963 0
    endloop
  endfacet
  facet normal 0.194624 -0.980878 -2.82627e-06
    outer loop
      vertex 100.797 -1.95963 5.51981
      vertex 101.022 -1.91497 0
      vertex 100.936 -1.93205 5.56494
    endloop
  endfacet
  facet normal 0.1948 -0.980843 0
    outer loop
      vertex 100.936 -1.93205 5.56494
      vertex 101.022 -1.91497 0
      vertex 101.022 -1.91497 5.59783
    endloop
  endfacet
  facet normal 0.0655168 -0.997851 0
    outer loop
      vertex 101.25 -1.9 0
      vertex 101.022 -1.91497 5.59783
      vertex 101.022 -1.91497 0
    endloop
  endfacet
  facet normal 0.0655168 -0.997851 0
    outer loop
      vertex 101.022 -1.91497 5.59783
      vertex 101.25 -1.9 0
      vertex 101.25 -1.9 5.7102
    endloop
  endfacet
  facet normal 0.83162 -0.555345 0
    outer loop
      vertex 99.7345 -2.775 7
      vertex 99.8616 -2.58467 0
      vertex 99.8616 -2.58467 7
    endloop
  endfacet
  facet normal 0.83162 -0.555345 0
    outer loop
      vertex 99.8616 -2.58467 0
      vertex 99.7345 -2.775 7
      vertex 99.7345 -2.775 0
    endloop
  endfacet
  facet normal 0.997851 -0.0655274 0
    outer loop
      vertex 99.5 -3.65 7
      vertex 99.515 -3.42158 0
      vertex 99.515 -3.42158 7
    endloop
  endfacet
  facet normal 0.997851 -0.0655274 0
    outer loop
      vertex 99.515 -3.42158 0
      vertex 99.5 -3.65 7
      vertex 99.5 -3.65 0
    endloop
  endfacet
  facet normal 0.99785 0.0655331 0
    outer loop
      vertex 99.515 24.1216 7
      vertex 99.5 24.35 0
      vertex 99.5 24.35 7
    endloop
  endfacet
  facet normal 0.99785 0.0655331 0
    outer loop
      vertex 99.5 24.35 0
      vertex 99.515 24.1216 7
      vertex 99.515 24.1216 0
    endloop
  endfacet
  facet normal 0 -1 0
    outer loop
      vertex 101.25 26.1 0
      vertex 103.25 26.1 7
      vertex 101.25 26.1 7
    endloop
  endfacet
  facet normal 0 -1 -0
    outer loop
      vertex 103.25 26.1 7
      vertex 101.25 26.1 0
      vertex 103.25 26.1 0
    endloop
  endfacet
  facet normal -0.44301 -0.896516 0
    outer loop
      vertex 103.92 25.9668 0
      vertex 104.125 25.8655 7
      vertex 103.92 25.9668 7
    endloop
  endfacet
  facet normal -0.44301 -0.896516 -0
    outer loop
      vertex 104.125 25.8655 7
      vertex 103.92 25.9668 0
      vertex 104.125 25.8655 0
    endloop
  endfacet
  facet normal -0.897293 -0.441435 0
    outer loop
      vertex 104.867 25.0197 0
      vertex 104.766 25.225 7
      vertex 104.766 25.225 0
    endloop
  endfacet
  facet normal -0.897293 -0.441435 0
    outer loop
      vertex 104.766 25.225 7
      vertex 104.867 25.0197 0
      vertex 104.867 25.0197 7
    endloop
  endfacet
  facet normal 0.659741 -0.751493 0
    outer loop
      vertex 100.013 25.5874 0
      vertex 100.185 25.7384 7
      vertex 100.013 25.5874 7
    endloop
  endfacet
  facet normal 0.659741 -0.751493 0
    outer loop
      vertex 100.185 25.7384 7
      vertex 100.013 25.5874 0
      vertex 100.185 25.7384 0
    endloop
  endfacet
  facet normal 0.321199 -0.947012 0
    outer loop
      vertex 100.58 25.9668 0
      vertex 100.797 26.0404 7
      vertex 100.58 25.9668 7
    endloop
  endfacet
  facet normal 0.321199 -0.947012 0
    outer loop
      vertex 100.797 26.0404 7
      vertex 100.58 25.9668 0
      vertex 100.797 26.0404 0
    endloop
  endfacet
  facet normal 0 1 -0
    outer loop
      vertex 103.25 22.6 0
      vertex 101.25 22.6 7
      vertex 103.25 22.6 7
    endloop
  endfacet
  facet normal 0 1 0
    outer loop
      vertex 101.25 22.6 7
      vertex 103.25 22.6 0
      vertex 101.25 22.6 0
    endloop
  endfacet
  facet normal -0.321199 -0.947012 0
    outer loop
      vertex 103.703 26.0404 0
      vertex 103.92 25.9668 7
      vertex 103.703 26.0404 7
    endloop
  endfacet
  facet normal -0.321199 -0.947012 -0
    outer loop
      vertex 103.92 25.9668 7
      vertex 103.703 26.0404 0
      vertex 103.92 25.9668 0
    endloop
  endfacet
  facet normal -0.0656476 -0.997843 0
    outer loop
      vertex 103.25 26.1 0
      vertex 103.478 26.085 7
      vertex 103.25 26.1 7
    endloop
  endfacet
  facet normal -0.0656476 -0.997843 -0
    outer loop
      vertex 103.478 26.085 7
      vertex 103.25 26.1 0
      vertex 103.478 26.085 0
    endloop
  endfacet
  facet normal -0.980497 -0.196536 0
    outer loop
      vertex 104.985 24.5784 0
      vertex 104.94 24.8029 7
      vertex 104.94 24.8029 0
    endloop
  endfacet
  facet normal -0.980497 -0.196536 0
    outer loop
      vertex 104.94 24.8029 7
      vertex 104.985 24.5784 0
      vertex 104.985 24.5784 7
    endloop
  endfacet
  facet normal 0.194439 -0.980915 0
    outer loop
      vertex 100.797 26.0404 0
      vertex 101.022 26.085 7
      vertex 100.797 26.0404 7
    endloop
  endfacet
  facet normal 0.194439 -0.980915 0
    outer loop
      vertex 101.022 26.085 7
      vertex 100.797 26.0404 0
      vertex 101.022 26.085 0
    endloop
  endfacet
  facet normal 0.896774 -0.44249 0
    outer loop
      vertex 99.6332 25.0197 7
      vertex 99.7345 25.225 0
      vertex 99.7345 25.225 7
    endloop
  endfacet
  facet normal 0.896774 -0.44249 0
    outer loop
      vertex 99.7345 25.225 0
      vertex 99.6332 25.0197 7
      vertex 99.6332 25.0197 0
    endloop
  endfacet
  facet normal 0.831579 -0.555406 0
    outer loop
      vertex 99.7345 25.225 7
      vertex 99.8616 25.4153 0
      vertex 99.8616 25.4153 7
    endloop
  endfacet
  facet normal 0.831579 -0.555406 0
    outer loop
      vertex 99.8616 25.4153 0
      vertex 99.7345 25.225 7
      vertex 99.7345 25.225 0
    endloop
  endfacet
  facet normal 0.99785 -0.0655331 0
    outer loop
      vertex 99.5 24.35 7
      vertex 99.515 24.5784 0
      vertex 99.515 24.5784 7
    endloop
  endfacet
  facet normal 0.99785 -0.0655331 0
    outer loop
      vertex 99.515 24.5784 0
      vertex 99.5 24.35 7
      vertex 99.5 24.35 0
    endloop
  endfacet
  facet normal 0.980832 0.194856 0
    outer loop
      vertex 99.5596 23.8971 7
      vertex 99.515 24.1216 0
      vertex 99.515 24.1216 7
    endloop
  endfacet
  facet normal 0.980832 0.194856 0
    outer loop
      vertex 99.515 24.1216 0
      vertex 99.5596 23.8971 7
      vertex 99.5596 23.8971 0
    endloop
  endfacet
  facet normal 0.659741 0.751493 -0
    outer loop
      vertex 100.185 22.9616 0
      vertex 100.013 23.1126 7
      vertex 100.185 22.9616 7
    endloop
  endfacet
  facet normal 0.659741 0.751493 0
    outer loop
      vertex 100.013 23.1126 7
      vertex 100.185 22.9616 0
      vertex 100.013 23.1126 0
    endloop
  endfacet
  facet normal -0.194439 -0.980915 0
    outer loop
      vertex 103.478 26.085 0
      vertex 103.703 26.0404 7
      vertex 103.478 26.085 7
    endloop
  endfacet
  facet normal -0.194439 -0.980915 -0
    outer loop
      vertex 103.703 26.0404 7
      vertex 103.478 26.085 0
      vertex 103.703 26.0404 0
    endloop
  endfacet
  facet normal -0.659741 -0.751493 0
    outer loop
      vertex 104.315 25.7384 0
      vertex 104.487 25.5874 7
      vertex 104.315 25.7384 7
    endloop
  endfacet
  facet normal -0.659741 -0.751493 -0
    outer loop
      vertex 104.487 25.5874 7
      vertex 104.315 25.7384 0
      vertex 104.487 25.5874 0
    endloop
  endfacet
  facet normal -0.556012 -0.831174 0
    outer loop
      vertex 104.125 25.8655 0
      vertex 104.315 25.7384 7
      vertex 104.125 25.8655 7
    endloop
  endfacet
  facet normal -0.556012 -0.831174 -0
    outer loop
      vertex 104.315 25.7384 7
      vertex 104.125 25.8655 0
      vertex 104.315 25.7384 0
    endloop
  endfacet
  facet normal -0.947717 -0.319111 0
    outer loop
      vertex 104.94 24.8029 0
      vertex 104.867 25.0197 7
      vertex 104.867 25.0197 0
    endloop
  endfacet
  facet normal -0.947717 -0.319111 0
    outer loop
      vertex 104.867 25.0197 7
      vertex 104.94 24.8029 0
      vertex 104.94 24.8029 7
    endloop
  endfacet
  facet normal -0.99785 -0.0655331 0
    outer loop
      vertex 105 24.35 0
      vertex 104.985 24.5784 7
      vertex 104.985 24.5784 0
    endloop
  endfacet
  facet normal -0.99785 -0.0655331 0
    outer loop
      vertex 104.985 24.5784 7
      vertex 105 24.35 0
      vertex 105 24.35 7
    endloop
  endfacet
  facet normal 0.44301 -0.896516 0
    outer loop
      vertex 100.375 25.8655 0
      vertex 100.58 25.9668 7
      vertex 100.375 25.8655 7
    endloop
  endfacet
  facet normal 0.44301 -0.896516 0
    outer loop
      vertex 100.58 25.9668 7
      vertex 100.375 25.8655 0
      vertex 100.58 25.9668 0
    endloop
  endfacet
  facet normal 0.556012 -0.831174 0
    outer loop
      vertex 100.185 25.7384 0
      vertex 100.375 25.8655 7
      vertex 100.185 25.7384 7
    endloop
  endfacet
  facet normal 0.556012 -0.831174 0
    outer loop
      vertex 100.375 25.8655 7
      vertex 100.185 25.7384 0
      vertex 100.375 25.8655 0
    endloop
  endfacet
  facet normal 0.0656476 -0.997843 0
    outer loop
      vertex 101.022 26.085 0
      vertex 101.25 26.1 7
      vertex 101.022 26.085 7
    endloop
  endfacet
  facet normal 0.0656476 -0.997843 0
    outer loop
      vertex 101.25 26.1 7
      vertex 101.022 26.085 0
      vertex 101.25 26.1 0
    endloop
  endfacet
  facet normal 0.750817 -0.66051 0
    outer loop
      vertex 99.8616 25.4153 7
      vertex 100.013 25.5874 0
      vertex 100.013 25.5874 7
    endloop
  endfacet
  facet normal 0.750817 -0.66051 0
    outer loop
      vertex 100.013 25.5874 0
      vertex 99.8616 25.4153 7
      vertex 99.8616 25.4153 0
    endloop
  endfacet
  facet normal 0.980832 -0.194856 0
    outer loop
      vertex 99.515 24.5784 7
      vertex 99.5596 24.8029 0
      vertex 99.5596 24.8029 7
    endloop
  endfacet
  facet normal 0.980832 -0.194856 0
    outer loop
      vertex 99.5596 24.8029 0
      vertex 99.515 24.5784 7
      vertex 99.515 24.5784 0
    endloop
  endfacet
  facet normal 0.946922 -0.321464 0
    outer loop
      vertex 99.5596 24.8029 7
      vertex 99.6332 25.0197 0
      vertex 99.6332 25.0197 7
    endloop
  endfacet
  facet normal 0.946922 -0.321464 0
    outer loop
      vertex 99.6332 25.0197 0
      vertex 99.5596 24.8029 7
      vertex 99.5596 24.8029 0
    endloop
  endfacet
  facet normal 0.896774 0.44249 0
    outer loop
      vertex 99.7345 23.475 7
      vertex 99.6332 23.6803 0
      vertex 99.6332 23.6803 7
    endloop
  endfacet
  facet normal 0.896774 0.44249 0
    outer loop
      vertex 99.6332 23.6803 0
      vertex 99.7345 23.475 7
      vertex 99.7345 23.475 0
    endloop
  endfacet
  facet normal 0.556012 0.831174 -0
    outer loop
      vertex 100.375 22.8345 0
      vertex 100.185 22.9616 7
      vertex 100.375 22.8345 7
    endloop
  endfacet
  facet normal 0.556012 0.831174 0
    outer loop
      vertex 100.185 22.9616 7
      vertex 100.375 22.8345 0
      vertex 100.185 22.9616 0
    endloop
  endfacet
  facet normal -0.321199 0.947012 0
    outer loop
      vertex 103.92 22.7332 0
      vertex 103.703 22.6596 7
      vertex 103.92 22.7332 7
    endloop
  endfacet
  facet normal -0.321199 0.947012 0
    outer loop
      vertex 103.703 22.6596 7
      vertex 103.92 22.7332 0
      vertex 103.703 22.6596 0
    endloop
  endfacet
  facet normal -0.0656476 0.997843 0
    outer loop
      vertex 103.478 22.615 0
      vertex 103.25 22.6 7
      vertex 103.478 22.615 7
    endloop
  endfacet
  facet normal -0.0656476 0.997843 0
    outer loop
      vertex 103.25 22.6 7
      vertex 103.478 22.615 0
      vertex 103.25 22.6 0
    endloop
  endfacet
  facet normal -0.44301 0.896516 0
    outer loop
      vertex 104.125 22.8345 0
      vertex 103.92 22.7332 7
      vertex 104.125 22.8345 7
    endloop
  endfacet
  facet normal -0.44301 0.896516 0
    outer loop
      vertex 103.92 22.7332 7
      vertex 104.125 22.8345 0
      vertex 103.92 22.7332 0
    endloop
  endfacet
  facet normal -0.829762 0.558117 0
    outer loop
      vertex 104.638 23.2847 0
      vertex 104.766 23.475 7
      vertex 104.766 23.475 0
    endloop
  endfacet
  facet normal -0.829762 0.558117 0
    outer loop
      vertex 104.766 23.475 7
      vertex 104.638 23.2847 0
      vertex 104.638 23.2847 7
    endloop
  endfacet
  facet normal -0.659741 0.751493 0
    outer loop
      vertex 104.487 23.1126 0
      vertex 104.315 22.9616 7
      vertex 104.487 23.1126 7
    endloop
  endfacet
  facet normal -0.659741 0.751493 0
    outer loop
      vertex 104.315 22.9616 7
      vertex 104.487 23.1126 0
      vertex 104.315 22.9616 0
    endloop
  endfacet
  facet normal -0.897293 0.441435 0
    outer loop
      vertex 104.766 23.475 0
      vertex 104.867 23.6803 7
      vertex 104.867 23.6803 0
    endloop
  endfacet
  facet normal -0.897293 0.441435 0
    outer loop
      vertex 104.867 23.6803 7
      vertex 104.766 23.475 0
      vertex 104.766 23.475 7
    endloop
  endfacet
  facet normal -0.980497 0.196536 0
    outer loop
      vertex 104.94 23.8971 0
      vertex 104.985 24.1216 7
      vertex 104.985 24.1216 0
    endloop
  endfacet
  facet normal -0.980497 0.196536 0
    outer loop
      vertex 104.985 24.1216 7
      vertex 104.94 23.8971 0
      vertex 104.94 23.8971 7
    endloop
  endfacet
  facet normal -0.751683 -0.659524 0
    outer loop
      vertex 104.638 25.4153 0
      vertex 104.487 25.5874 7
      vertex 104.487 25.5874 0
    endloop
  endfacet
  facet normal -0.751683 -0.659524 0
    outer loop
      vertex 104.487 25.5874 7
      vertex 104.638 25.4153 0
      vertex 104.638 25.4153 7
    endloop
  endfacet
  facet normal -0.829762 -0.558117 0
    outer loop
      vertex 104.766 25.225 0
      vertex 104.638 25.4153 7
      vertex 104.638 25.4153 0
    endloop
  endfacet
  facet normal -0.829762 -0.558117 0
    outer loop
      vertex 104.638 25.4153 7
      vertex 104.766 25.225 0
      vertex 104.766 25.225 7
    endloop
  endfacet
  facet normal 0.946922 0.321464 0
    outer loop
      vertex 99.6332 23.6803 7
      vertex 99.5596 23.8971 0
      vertex 99.5596 23.8971 7
    endloop
  endfacet
  facet normal 0.946922 0.321464 0
    outer loop
      vertex 99.5596 23.8971 0
      vertex 99.6332 23.6803 7
      vertex 99.6332 23.6803 0
    endloop
  endfacet
  facet normal 0.831579 0.555406 0
    outer loop
      vertex 99.8616 23.2847 7
      vertex 99.7345 23.475 0
      vertex 99.7345 23.475 7
    endloop
  endfacet
  facet normal 0.831579 0.555406 0
    outer loop
      vertex 99.7345 23.475 0
      vertex 99.8616 23.2847 7
      vertex 99.8616 23.2847 0
    endloop
  endfacet
  facet normal 0.321199 0.947012 -0
    outer loop
      vertex 100.797 22.6596 0
      vertex 100.58 22.7332 7
      vertex 100.797 22.6596 7
    endloop
  endfacet
  facet normal 0.321199 0.947012 0
    outer loop
      vertex 100.58 22.7332 7
      vertex 100.797 22.6596 0
      vertex 100.58 22.7332 0
    endloop
  endfacet
  facet normal -0.194439 0.980915 0
    outer loop
      vertex 103.703 22.6596 0
      vertex 103.478 22.615 7
      vertex 103.703 22.6596 7
    endloop
  endfacet
  facet normal -0.194439 0.980915 0
    outer loop
      vertex 103.478 22.615 7
      vertex 103.703 22.6596 0
      vertex 103.478 22.615 0
    endloop
  endfacet
  facet normal -0.556012 0.831174 0
    outer loop
      vertex 104.315 22.9616 0
      vertex 104.125 22.8345 7
      vertex 104.315 22.9616 7
    endloop
  endfacet
  facet normal -0.556012 0.831174 0
    outer loop
      vertex 104.125 22.8345 7
      vertex 104.315 22.9616 0
      vertex 104.125 22.8345 0
    endloop
  endfacet
  facet normal -0.751683 0.659524 0
    outer loop
      vertex 104.487 23.1126 0
      vertex 104.638 23.2847 7
      vertex 104.638 23.2847 0
    endloop
  endfacet
  facet normal -0.751683 0.659524 0
    outer loop
      vertex 104.638 23.2847 7
      vertex 104.487 23.1126 0
      vertex 104.487 23.1126 7
    endloop
  endfacet
  facet normal -0.947717 0.319111 0
    outer loop
      vertex 104.867 23.6803 0
      vertex 104.94 23.8971 7
      vertex 104.94 23.8971 0
    endloop
  endfacet
  facet normal -0.947717 0.319111 0
    outer loop
      vertex 104.94 23.8971 7
      vertex 104.867 23.6803 0
      vertex 104.867 23.6803 7
    endloop
  endfacet
  facet normal -0.99785 0.0655331 0
    outer loop
      vertex 104.985 24.1216 0
      vertex 105 24.35 7
      vertex 105 24.35 0
    endloop
  endfacet
  facet normal -0.99785 0.0655331 0
    outer loop
      vertex 105 24.35 7
      vertex 104.985 24.1216 0
      vertex 104.985 24.1216 7
    endloop
  endfacet
  facet normal 0.750817 0.66051 0
    outer loop
      vertex 100.013 23.1126 7
      vertex 99.8616 23.2847 0
      vertex 99.8616 23.2847 7
    endloop
  endfacet
  facet normal 0.750817 0.66051 0
    outer loop
      vertex 99.8616 23.2847 0
      vertex 100.013 23.1126 7
      vertex 100.013 23.1126 0
    endloop
  endfacet
  facet normal 0.0656476 0.997843 -0
    outer loop
      vertex 101.25 22.6 0
      vertex 101.022 22.615 7
      vertex 101.25 22.6 7
    endloop
  endfacet
  facet normal 0.0656476 0.997843 0
    outer loop
      vertex 101.022 22.615 7
      vertex 101.25 22.6 0
      vertex 101.022 22.615 0
    endloop
  endfacet
  facet normal 0.194439 0.980915 -0
    outer loop
      vertex 101.022 22.615 0
      vertex 100.797 22.6596 7
      vertex 101.022 22.615 7
    endloop
  endfacet
  facet normal 0.194439 0.980915 0
    outer loop
      vertex 100.797 22.6596 7
      vertex 101.022 22.615 0
      vertex 100.797 22.6596 0
    endloop
  endfacet
  facet normal 0.44301 0.896516 -0
    outer loop
      vertex 100.58 22.7332 0
      vertex 100.375 22.8345 7
      vertex 100.58 22.7332 7
    endloop
  endfacet
  facet normal 0.44301 0.896516 0
    outer loop
      vertex 100.375 22.8345 7
      vertex 100.58 22.7332 0
      vertex 100.375 22.8345 0
    endloop
  endfacet
  facet normal 0.47661 0.0965802 0.873793
    outer loop
      vertex 68.5736 -0.493683 5.3
      vertex 74.0324 -0.493683 2.3225
      vertex 74.0307 -0.469099 2.32071
    endloop
  endfacet
  facet normal 0.478853 1.98756e-05 0.877895
    outer loop
      vertex 74.0131 0.2 2.32012
      vertex 68.55 0.2 5.3
      vertex 74 0 2.32727
    endloop
  endfacet
  facet normal 0.478852 -0 0.877895
    outer loop
      vertex 68.55 -0.199999 5.3
      vertex 74 0 2.32727
      vertex 68.55 0.2 5.3
    endloop
  endfacet
  facet normal 0.478853 -1.98757e-05 0.877895
    outer loop
      vertex 74 0 2.32727
      vertex 68.55 -0.199999 5.3
      vertex 74.0131 -0.199999 2.32012
    endloop
  endfacet
  facet normal 0.478617 0.031387 0.877463
    outer loop
      vertex 68.55 -0.199999 5.3
      vertex 74.026 -0.39671 2.32012
      vertex 74.0131 -0.199999 2.32012
    endloop
  endfacet
  facet normal 0.478619 0.0312429 0.877467
    outer loop
      vertex 74.026 -0.39671 2.32012
      vertex 68.5671 -0.461051 5.3
      vertex 74.0302 -0.461051 2.32012
    endloop
  endfacet
  facet normal 0.478617 0.0313514 0.877464
    outer loop
      vertex 68.5671 -0.461051 5.3
      vertex 74.026 -0.39671 2.32012
      vertex 68.55 -0.199999 5.3
    endloop
  endfacet
  facet normal 0.476752 0.0936946 0.87403
    outer loop
      vertex 74.0302 -0.461051 2.32012
      vertex 68.5736 -0.493683 5.3
      vertex 74.0307 -0.469099 2.32071
    endloop
  endfacet
  facet normal 0.476689 0.0949522 0.873929
    outer loop
      vertex 68.5736 -0.493683 5.3
      vertex 74.0302 -0.461051 2.32012
      vertex 68.5671 -0.461051 5.3
    endloop
  endfacet
  facet normal 0.478619 -0.0312429 0.877467
    outer loop
      vertex 68.5671 0.461052 5.3
      vertex 74.026 0.396711 2.32012
      vertex 74.0302 0.461052 2.32012
    endloop
  endfacet
  facet normal 0.478617 -0.0313514 0.877464
    outer loop
      vertex 74.026 0.396711 2.32012
      vertex 68.5671 0.461052 5.3
      vertex 68.55 0.2 5.3
    endloop
  endfacet
  facet normal 0.47661 -0.0965763 0.873794
    outer loop
      vertex 68.5736 0.493684 5.3
      vertex 74.0307 0.469099 2.32071
      vertex 74.0324 0.493684 2.3225
    endloop
  endfacet
  facet normal 0.476752 -0.0937061 0.874029
    outer loop
      vertex 68.5736 0.493684 5.3
      vertex 74.0302 0.461052 2.32012
      vertex 74.0307 0.469099 2.32071
    endloop
  endfacet
  facet normal 0.476689 -0.0949522 0.873929
    outer loop
      vertex 74.0302 0.461052 2.32012
      vertex 68.5736 0.493684 5.3
      vertex 68.5671 0.461052 5.3
    endloop
  endfacet
  facet normal 0.478617 -0.031387 0.877463
    outer loop
      vertex 68.55 0.2 5.3
      vertex 74.0131 0.2 2.32012
      vertex 74.026 0.396711 2.32012
    endloop
  endfacet
  facet normal -0.476697 -0.0946399 0.873958
    outer loop
      vertex 95.9682 0.485641 2.32191
      vertex 95.9698 0.461052 2.32012
      vertex 101.433 0.461052 5.3
    endloop
  endfacet
  facet normal -0.476366 -0.102187 0.873289
    outer loop
      vertex 101.426 0.493684 5.3
      vertex 95.9682 0.485641 2.32191
      vertex 101.433 0.461052 5.3
    endloop
  endfacet
  facet normal -0.476493 -0.0996233 0.873515
    outer loop
      vertex 95.9682 0.485641 2.32191
      vertex 101.426 0.493684 5.3
      vertex 95.9676 0.493684 2.3225
    endloop
  endfacet
  facet normal -0.478852 0 0.877895
    outer loop
      vertex 101.45 0.2 5.3
      vertex 96 0 2.32727
      vertex 101.45 -0.199999 5.3
    endloop
  endfacet
  facet normal -0.478853 1.98756e-05 0.877895
    outer loop
      vertex 96 0 2.32727
      vertex 101.45 0.2 5.3
      vertex 95.9869 0.2 2.32012
    endloop
  endfacet
  facet normal -0.478853 -1.98757e-05 0.877895
    outer loop
      vertex 101.45 -0.199999 5.3
      vertex 96 0 2.32727
      vertex 95.9869 -0.199999 2.32012
    endloop
  endfacet
  facet normal -0.47862 -0.0311683 0.877469
    outer loop
      vertex 101.433 0.461052 5.3
      vertex 95.9869 0.2 2.32012
      vertex 101.45 0.2 5.3
    endloop
  endfacet
  facet normal -0.478611 -0.031351 0.877467
    outer loop
      vertex 95.9869 0.2 2.32012
      vertex 101.433 0.461052 5.3
      vertex 95.9698 0.461052 2.32012
    endloop
  endfacet
  facet normal -0.476366 0.102187 0.873289
    outer loop
      vertex 95.9682 -0.48564 2.32191
      vertex 101.426 -0.493683 5.3
      vertex 101.433 -0.461051 5.3
    endloop
  endfacet
  facet normal -0.476493 0.0996233 0.873515
    outer loop
      vertex 101.426 -0.493683 5.3
      vertex 95.9682 -0.48564 2.32191
      vertex 95.9676 -0.493683 2.3225
    endloop
  endfacet
  facet normal -0.47862 0.0311683 0.877469
    outer loop
      vertex 95.9869 -0.199999 2.32012
      vertex 101.433 -0.461051 5.3
      vertex 101.45 -0.199999 5.3
    endloop
  endfacet
  facet normal -0.478611 0.031351 0.877467
    outer loop
      vertex 101.433 -0.461051 5.3
      vertex 95.9869 -0.199999 2.32012
      vertex 95.9698 -0.461051 2.32012
    endloop
  endfacet
  facet normal -0.476697 0.0946399 0.873958
    outer loop
      vertex 95.9682 -0.48564 2.32191
      vertex 101.433 -0.461051 5.3
      vertex 95.9698 -0.461051 2.32012
    endloop
  endfacet
  facet normal 0.45619 0.303998 0.836347
    outer loop
      vertex 74.0914 -1.39381 2.49423
      vertex 68.9633 -1.41752 5.3
      vertex 74.0929 -1.41752 2.50203
    endloop
  endfacet
  facet normal 0.456088 0.30465 0.836165
    outer loop
      vertex 68.9633 -1.41752 5.3
      vertex 74.0914 -1.39381 2.49423
      vertex 68.9015 -1.325 5.3
    endloop
  endfacet
  facet normal 0.44154 0.387036 0.809472
    outer loop
      vertex 74.0941 -1.43579 2.51011
      vertex 69.0968 -1.56971 5.3
      vertex 74.0984 -1.45749 2.51814
    endloop
  endfacet
  facet normal 0.441548 0.387 0.809485
    outer loop
      vertex 74.0929 -1.41752 2.50203
      vertex 69.0968 -1.56971 5.3
      vertex 74.0941 -1.43579 2.51011
    endloop
  endfacet
  facet normal 0.441487 0.387269 0.80939
    outer loop
      vertex 69.0968 -1.56971 5.3
      vertex 74.0929 -1.41752 2.50203
      vertex 68.9633 -1.41752 5.3
    endloop
  endfacet
  facet normal 0.455996 0.305296 0.83598
    outer loop
      vertex 68.9015 -1.325 5.3
      vertex 74.0914 -1.39381 2.49423
      vertex 74.0868 -1.325 2.47161
    endloop
  endfacet
  facet normal 0.441529 0.387083 0.809455
    outer loop
      vertex 69.0968 -1.56971 5.3
      vertex 74.1207 -1.56971 2.55964
      vertex 74.0984 -1.45749 2.51814
    endloop
  endfacet
  facet normal -0.441221 0.388486 0.808951
    outer loop
      vertex 95.9071 -1.41752 2.50203
      vertex 100.903 -1.56971 5.3
      vertex 101.037 -1.41752 5.3
    endloop
  endfacet
  facet normal -0.441562 0.386998 0.809478
    outer loop
      vertex 95.9059 -1.43579 2.51011
      vertex 100.903 -1.56971 5.3
      vertex 95.9071 -1.41752 2.50203
    endloop
  endfacet
  facet normal -0.441553 0.387036 0.809465
    outer loop
      vertex 100.903 -1.56971 5.3
      vertex 95.9059 -1.43579 2.51011
      vertex 95.9016 -1.45749 2.51814
    endloop
  endfacet
  facet normal -0.455962 0.3053 0.835997
    outer loop
      vertex 95.9086 -1.39381 2.49423
      vertex 101.099 -1.325 5.3
      vertex 95.9132 -1.325 2.47161
    endloop
  endfacet
  facet normal -0.455929 0.30553 0.835931
    outer loop
      vertex 95.9086 -1.39381 2.49423
      vertex 101.037 -1.41752 5.3
      vertex 101.099 -1.325 5.3
    endloop
  endfacet
  facet normal -0.456169 0.304 0.836357
    outer loop
      vertex 101.037 -1.41752 5.3
      vertex 95.9086 -1.39381 2.49423
      vertex 95.9071 -1.41752 2.50203
    endloop
  endfacet
  facet normal -0.441543 0.387083 0.809448
    outer loop
      vertex 95.8793 -1.56971 2.55964
      vertex 100.903 -1.56971 5.3
      vertex 95.9016 -1.45749 2.51814
    endloop
  endfacet
  facet normal 0.456071 -0.304777 0.836128
    outer loop
      vertex 68.9633 1.41752 5.3
      vertex 74.0884 1.34884 2.47945
      vertex 74.0929 1.41752 2.50203
    endloop
  endfacet
  facet normal 0.456004 -0.305185 0.836016
    outer loop
      vertex 68.9633 1.41752 5.3
      vertex 74.0868 1.325 2.47162
      vertex 74.0884 1.34884 2.47945
    endloop
  endfacet
  facet normal 0.456093 -0.304654 0.836161
    outer loop
      vertex 74.0868 1.325 2.47162
      vertex 68.9633 1.41752 5.3
      vertex 68.9015 1.325 5.3
    endloop
  endfacet
  facet normal 0.441618 -0.386643 0.809618
    outer loop
      vertex 69.0968 1.56971 5.3
      vertex 74.1129 1.53025 2.54505
      vertex 74.1207 1.56971 2.55964
    endloop
  endfacet
  facet normal 0.441487 -0.38727 0.809389
    outer loop
      vertex 74.1129 1.53025 2.54505
      vertex 69.0968 1.56971 5.3
      vertex 68.9633 1.41752 5.3
    endloop
  endfacet
  facet normal 0.44154 -0.387001 0.809489
    outer loop
      vertex 74.0941 1.43579 2.51011
      vertex 68.9633 1.41752 5.3
      vertex 74.0929 1.41752 2.50203
    endloop
  endfacet
  facet normal 0.44149 -0.387256 0.809394
    outer loop
      vertex 68.9633 1.41752 5.3
      vertex 74.0941 1.43579 2.51011
      vertex 74.1129 1.53025 2.54505
    endloop
  endfacet
  facet normal -0.44152 -0.387004 0.809498
    outer loop
      vertex 101.037 1.41752 5.3
      vertex 95.9059 1.43579 2.51011
      vertex 95.9071 1.41752 2.50203
    endloop
  endfacet
  facet normal -0.44147 -0.387257 0.809405
    outer loop
      vertex 95.9059 1.43579 2.51011
      vertex 101.037 1.41752 5.3
      vertex 95.8871 1.53025 2.54505
    endloop
  endfacet
  facet normal -0.456015 -0.305008 0.836075
    outer loop
      vertex 95.9071 1.41752 2.50203
      vertex 95.9092 1.38579 2.4916
      vertex 101.037 1.41752 5.3
    endloop
  endfacet
  facet normal -0.441243 -0.388505 0.80893
    outer loop
      vertex 100.903 1.56971 5.3
      vertex 95.8871 1.53025 2.54505
      vertex 101.037 1.41752 5.3
    endloop
  endfacet
  facet normal -0.441631 -0.386643 0.80961
    outer loop
      vertex 95.8871 1.53025 2.54505
      vertex 100.903 1.56971 5.3
      vertex 95.8793 1.56971 2.55964
    endloop
  endfacet
  facet normal -0.455926 -0.305528 0.835933
    outer loop
      vertex 101.037 1.41752 5.3
      vertex 95.9107 1.36199 2.48377
      vertex 101.099 1.325 5.3
    endloop
  endfacet
  facet normal -0.456188 -0.303913 0.836379
    outer loop
      vertex 95.9107 1.36199 2.48377
      vertex 101.037 1.41752 5.3
      vertex 95.9092 1.38579 2.4916
    endloop
  endfacet
  facet normal -0.455944 -0.305404 0.835969
    outer loop
      vertex 95.9107 1.36199 2.48377
      vertex 95.9132 1.325 2.47162
      vertex 101.099 1.325 5.3
    endloop
  endfacet
  facet normal 0 1 0
    outer loop
      vertex 99.45 -2.2 5.3
      vertex 100.277 -2.2 7
      vertex 100.277 -2.2 5.75104
    endloop
  endfacet
  facet normal 0 1 0
    outer loop
      vertex 100.277 -2.2 7
      vertex 99.45 -2.2 5.3
      vertex 95.7539 -2.2 7
    endloop
  endfacet
  facet normal 0 1 0
    outer loop
      vertex 95.7539 -2.2 7
      vertex 99.45 -2.2 5.3
      vertex 95.7539 -2.2 3.28394
    endloop
  endfacet
  facet normal -0.183684 0.923501 0.336758
    outer loop
      vertex 95.7641 -2.14856 3.05298
      vertex 99.7111 -2.18289 5.3
      vertex 99.8837 -2.14856 5.3
    endloop
  endfacet
  facet normal -0.183808 0.923397 0.336976
    outer loop
      vertex 99.7111 -2.18289 5.3
      vertex 95.7641 -2.14856 3.05298
      vertex 95.762 -2.15928 3.08121
    endloop
  endfacet
  facet normal -0.0649253 0.990766 0.11903
    outer loop
      vertex 95.7549 -2.19466 3.24005
      vertex 99.45 -2.2 5.3
      vertex 99.7111 -2.18289 5.3
    endloop
  endfacet
  facet normal -0.0649441 0.99076 0.119064
    outer loop
      vertex 99.45 -2.2 5.3
      vertex 95.7549 -2.19466 3.24005
      vertex 95.7539 -2.2 3.28394
    endloop
  endfacet
  facet normal 0 0 -1
    outer loop
      vertex 99.7111 -2.18289 5.3
      vertex 99.828 -2.15963 5.3
      vertex 99.8837 -2.14856 5.3
    endloop
  endfacet
  facet normal -0.0649317 0.990764 0.119042
    outer loop
      vertex 95.7549 -2.19466 3.24005
      vertex 99.7111 -2.18289 5.3
      vertex 95.7573 -2.18289 3.1434
    endloop
  endfacet
  facet normal -0.183667 0.923516 0.336726
    outer loop
      vertex 95.7573 -2.18289 3.1434
      vertex 99.7111 -2.18289 5.3
      vertex 95.762 -2.15928 3.08121
    endloop
  endfacet
  facet normal -0.343592 0.696462 0.629988
    outer loop
      vertex 95.7877 -2.03 2.86527
      vertex 100.343 -1.98504 5.3
      vertex 95.7966 -1.98504 2.82042
    endloop
  endfacet
  facet normal -0.183893 0.923319 0.337144
    outer loop
      vertex 95.7651 -2.14355 3.03981
      vertex 99.8837 -2.14856 5.3
      vertex 99.9676 -2.13185 5.3
    endloop
  endfacet
  facet normal -0.183953 0.923267 0.337252
    outer loop
      vertex 99.8837 -2.14856 5.3
      vertex 95.7651 -2.14355 3.03981
      vertex 95.7641 -2.14856 3.05298
    endloop
  endfacet
  facet normal -0.27684 0.815943 0.507539
    outer loop
      vertex 95.7674 -2.13185 3.00898
      vertex 99.9676 -2.13185 5.3
      vertex 95.7792 -2.07294 2.92071
    endloop
  endfacet
  facet normal -0.18369 0.923498 0.336764
    outer loop
      vertex 95.7651 -2.14355 3.03981
      vertex 99.9676 -2.13185 5.3
      vertex 95.7674 -2.13185 3.00898
    endloop
  endfacet
  facet normal -0.277176 0.815475 0.508109
    outer loop
      vertex 95.7842 -2.04776 2.88298
      vertex 99.9676 -2.13185 5.3
      vertex 100.215 -2.04776 5.3
    endloop
  endfacet
  facet normal -0.276951 0.815786 0.507732
    outer loop
      vertex 99.9676 -2.13185 5.3
      vertex 95.7842 -2.04776 2.88298
      vertex 95.7792 -2.07294 2.92071
    endloop
  endfacet
  facet normal -0.342477 0.698932 0.627856
    outer loop
      vertex 95.7877 -2.03 2.86527
      vertex 100.215 -2.04776 5.3
      vertex 100.343 -1.98504 5.3
    endloop
  endfacet
  facet normal -0.343778 0.696177 0.630202
    outer loop
      vertex 100.215 -2.04776 5.3
      vertex 95.7877 -2.03 2.86527
      vertex 95.7842 -2.04776 2.88298
    endloop
  endfacet
  facet normal 0 0 -1
    outer loop
      vertex 100.135 -2.075 5.3
      vertex 100.017 -2.11497 5.3
      vertex 100.061 -2.1 5.3
    endloop
  endfacet
  facet normal 0 0 1
    outer loop
      vertex 100.215 -2.04776 5.3
      vertex 100.017 -2.11497 5.3
      vertex 100.135 -2.075 5.3
    endloop
  endfacet
  facet normal 0 -0 -1
    outer loop
      vertex 100.017 -2.11497 5.3
      vertex 100.215 -2.04776 5.3
      vertex 99.9676 -2.13185 5.3
    endloop
  endfacet
  facet normal -0.389267 0.582386 0.713652
    outer loop
      vertex 95.8072 -1.93205 2.76755
      vertex 100.45 -1.93205 5.3
      vertex 95.8274 -1.83032 2.69555
    endloop
  endfacet
  facet normal -0.344246 0.695118 0.631114
    outer loop
      vertex 95.8072 -1.93205 2.76755
      vertex 100.343 -1.98504 5.3
      vertex 100.45 -1.93205 5.3
    endloop
  endfacet
  facet normal -0.343355 0.696969 0.629557
    outer loop
      vertex 100.343 -1.98504 5.3
      vertex 95.8072 -1.93205 2.76755
      vertex 95.8042 -1.94705 2.78252
    endloop
  endfacet
  facet normal -0.389294 0.582313 0.713696
    outer loop
      vertex 95.8352 -1.79099 2.66771
      vertex 100.45 -1.93205 5.3
      vertex 100.661 -1.79099 5.3
    endloop
  endfacet
  facet normal -0.389272 0.582371 0.713661
    outer loop
      vertex 100.45 -1.93205 5.3
      vertex 95.8352 -1.79099 2.66771
      vertex 95.8274 -1.83032 2.69555
    endloop
  endfacet
  facet normal -0.343408 0.696858 0.62965
    outer loop
      vertex 95.7966 -1.98504 2.82042
      vertex 100.343 -1.98504 5.3
      vertex 95.8042 -1.94705 2.78252
    endloop
  endfacet
  facet normal -0.441563 0.386956 0.809498
    outer loop
      vertex 95.8704 -1.61421 2.5761
      vertex 100.864 -1.61421 5.3
      vertex 95.8769 -1.58148 2.564
    endloop
  endfacet
  facet normal 0 0 -1
    outer loop
      vertex 100.668 -1.78671 5.3
      vertex 100.84 -1.63506 5.3
      vertex 100.864 -1.61421 5.3
    endloop
  endfacet
  facet normal -0.441562 0.386987 0.809484
    outer loop
      vertex 95.8793 -1.56971 2.55964
      vertex 100.864 -1.61421 5.3
      vertex 100.903 -1.56971 5.3
    endloop
  endfacet
  facet normal -0.441044 0.389458 0.808581
    outer loop
      vertex 100.864 -1.61421 5.3
      vertex 95.8793 -1.56971 2.55964
      vertex 95.8769 -1.58148 2.564
    endloop
  endfacet
  facet normal -0.420328 0.479114 0.770568
    outer loop
      vertex 95.8452 -1.7411 2.64125
      vertex 100.864 -1.61421 5.3
      vertex 95.8704 -1.61421 2.5761
    endloop
  endfacet
  facet normal -0.420611 0.477912 0.771159
    outer loop
      vertex 95.8452 -1.7411 2.64125
      vertex 100.668 -1.78671 5.3
      vertex 100.864 -1.61421 5.3
    endloop
  endfacet
  facet normal -0.420197 0.479442 0.770435
    outer loop
      vertex 100.668 -1.78671 5.3
      vertex 95.8452 -1.7411 2.64125
      vertex 95.8361 -1.78671 2.66467
    endloop
  endfacet
  facet normal -0.376979 0.616554 0.691194
    outer loop
      vertex 95.8361 -1.78671 2.66467
      vertex 100.661 -1.79099 5.3
      vertex 100.668 -1.78671 5.3
    endloop
  endfacet
  facet normal -0.390329 0.579305 0.715576
    outer loop
      vertex 100.661 -1.79099 5.3
      vertex 95.8361 -1.78671 2.66467
      vertex 95.8359 -1.78787 2.6655
    endloop
  endfacet
  facet normal -0.3869 0.58923 0.709307
    outer loop
      vertex 95.8352 -1.79099 2.66771
      vertex 100.661 -1.79099 5.3
      vertex 95.8359 -1.78787 2.6655
    endloop
  endfacet
  facet normal 0.0649441 0.99076 0.119064
    outer loop
      vertex 74.2451 -2.19466 3.24005
      vertex 70.55 -2.2 5.3
      vertex 74.2461 -2.2 3.28394
    endloop
  endfacet
  facet normal 0.0649253 0.990766 0.11903
    outer loop
      vertex 70.55 -2.2 5.3
      vertex 74.2451 -2.19466 3.24005
      vertex 70.2889 -2.18289 5.3
    endloop
  endfacet
  facet normal 0.0649317 0.990764 0.119042
    outer loop
      vertex 70.2889 -2.18289 5.3
      vertex 74.2451 -2.19466 3.24005
      vertex 74.2427 -2.18289 3.1434
    endloop
  endfacet
  facet normal 0.183744 0.923448 0.33687
    outer loop
      vertex 70.1163 -2.14856 5.3
      vertex 74.2406 -2.17247 3.11596
      vertex 74.2359 -2.14856 3.05298
    endloop
  endfacet
  facet normal 0.183628 0.92355 0.336654
    outer loop
      vertex 74.2406 -2.17247 3.11596
      vertex 70.2889 -2.18289 5.3
      vertex 74.2427 -2.18289 3.1434
    endloop
  endfacet
  facet normal 0.183684 0.923502 0.336755
    outer loop
      vertex 70.2889 -2.18289 5.3
      vertex 74.2406 -2.17247 3.11596
      vertex 70.1163 -2.14856 5.3
    endloop
  endfacet
  facet normal 0 1 -0
    outer loop
      vertex 70.55 -2.2 5.3
      vertex 69.7231 -2.2 7
      vertex 74.2461 -2.2 7
    endloop
  endfacet
  facet normal 0 1 0
    outer loop
      vertex 69.7231 -2.2 7
      vertex 70.55 -2.2 5.3
      vertex 69.7231 -2.2 5.75104
    endloop
  endfacet
  facet normal -0 1 0
    outer loop
      vertex 70.55 -2.2 5.3
      vertex 74.2461 -2.2 7
      vertex 74.2461 -2.2 3.28394
    endloop
  endfacet
  facet normal 0 0 -1
    outer loop
      vertex 70.1163 -2.14856 5.3
      vertex 70.172 -2.15963 5.3
      vertex 70.2889 -2.18289 5.3
    endloop
  endfacet
  facet normal 0.343752 0.696181 0.630211
    outer loop
      vertex 74.2123 -2.03 2.86527
      vertex 69.7846 -2.04776 5.3
      vertex 74.2158 -2.04776 2.88298
    endloop
  endfacet
  facet normal 0.343651 0.696397 0.630029
    outer loop
      vertex 69.7846 -2.04776 5.3
      vertex 74.2123 -2.03 2.86527
      vertex 69.6575 -1.98504 5.3
    endloop
  endfacet
  facet normal 0 0 -1
    outer loop
      vertex 69.7846 -2.04776 5.3
      vertex 69.8649 -2.075 5.3
      vertex 69.9385 -2.1 5.3
    endloop
  endfacet
  facet normal 0.343623 0.696457 0.629977
    outer loop
      vertex 69.6575 -1.98504 5.3
      vertex 74.2123 -2.03 2.86527
      vertex 74.2034 -1.98504 2.82042
    endloop
  endfacet
  facet normal 0.183763 0.923432 0.336904
    outer loop
      vertex 70.1163 -2.14856 5.3
      vertex 74.2359 -2.14856 3.05298
      vertex 74.2336 -2.13692 3.02233
    endloop
  endfacet
  facet normal 0.276924 0.815815 0.507699
    outer loop
      vertex 69.9385 -2.1 5.3
      vertex 74.2307 -2.12245 2.9949
      vertex 74.2189 -2.06317 2.90608
    endloop
  endfacet
  facet normal 0.183776 0.923421 0.336927
    outer loop
      vertex 74.2326 -2.13185 3.00898
      vertex 70.1163 -2.14856 5.3
      vertex 74.2336 -2.13692 3.02233
    endloop
  endfacet
  facet normal 0.183894 0.923321 0.337138
    outer loop
      vertex 70.1163 -2.14856 5.3
      vertex 74.2326 -2.13185 3.00898
      vertex 70.0324 -2.13185 5.3
    endloop
  endfacet
  facet normal 0 0 1
    outer loop
      vertex 69.9385 -2.1 5.3
      vertex 69.9826 -2.11497 5.3
      vertex 70.0324 -2.13185 5.3
    endloop
  endfacet
  facet normal 0.276785 0.816024 0.507439
    outer loop
      vertex 74.2307 -2.12245 2.9949
      vertex 70.0324 -2.13185 5.3
      vertex 74.2326 -2.13185 3.00898
    endloop
  endfacet
  facet normal 0.276787 0.816022 0.507442
    outer loop
      vertex 70.0324 -2.13185 5.3
      vertex 74.2307 -2.12245 2.9949
      vertex 69.9385 -2.1 5.3
    endloop
  endfacet
  facet normal 0.276703 0.816133 0.507309
    outer loop
      vertex 74.2158 -2.04776 2.88298
      vertex 69.9385 -2.1 5.3
      vertex 74.2189 -2.06317 2.90608
    endloop
  endfacet
  facet normal 0.276923 0.81582 0.507692
    outer loop
      vertex 69.9385 -2.1 5.3
      vertex 74.2158 -2.04776 2.88298
      vertex 69.7846 -2.04776 5.3
    endloop
  endfacet
  facet normal 0.343439 0.696853 0.629639
    outer loop
      vertex 69.6575 -1.98504 5.3
      vertex 74.2034 -1.98504 2.82042
      vertex 74.1958 -1.94705 2.78252
    endloop
  endfacet
  facet normal 0.389228 0.582499 0.71358
    outer loop
      vertex 74.1852 -1.89381 2.74048
      vertex 69.55 -1.93205 5.3
      vertex 74.1928 -1.93205 2.76755
    endloop
  endfacet
  facet normal 0.38923 0.582493 0.713584
    outer loop
      vertex 69.55 -1.93205 5.3
      vertex 74.1852 -1.89381 2.74048
      vertex 69.3389 -1.79099 5.3
    endloop
  endfacet
  facet normal 0.389279 0.582338 0.713683
    outer loop
      vertex 69.3389 -1.79099 5.3
      vertex 74.1852 -1.89381 2.74048
      vertex 74.1648 -1.79099 2.66771
    endloop
  endfacet
  facet normal 0.343386 0.696964 0.629545
    outer loop
      vertex 74.1928 -1.93205 2.76755
      vertex 69.6575 -1.98504 5.3
      vertex 74.1958 -1.94705 2.78252
    endloop
  endfacet
  facet normal 0.34347 0.696791 0.629691
    outer loop
      vertex 69.6575 -1.98504 5.3
      vertex 74.1928 -1.93205 2.76755
      vertex 69.55 -1.93205 5.3
    endloop
  endfacet
  facet normal 0.386893 0.589231 0.70931
    outer loop
      vertex 69.3389 -1.79099 5.3
      vertex 74.1648 -1.79099 2.66771
      vertex 74.1641 -1.78787 2.6655
    endloop
  endfacet
  facet normal 0.42033 0.479061 0.770599
    outer loop
      vertex 74.1559 -1.74649 2.64403
      vertex 69.3325 -1.78671 5.3
      vertex 74.1639 -1.78671 2.66467
    endloop
  endfacet
  facet normal 0.420295 0.47919 0.770538
    outer loop
      vertex 69.3325 -1.78671 5.3
      vertex 74.1559 -1.74649 2.64403
      vertex 69.1596 -1.63506 5.3
    endloop
  endfacet
  facet normal 0.42027 0.479292 0.770489
    outer loop
      vertex 74.1296 -1.61421 2.5761
      vertex 69.1596 -1.63506 5.3
      vertex 74.1307 -1.61974 2.57894
    endloop
  endfacet
  facet normal 0.42018 0.47963 0.770327
    outer loop
      vertex 69.1596 -1.63506 5.3
      vertex 74.1296 -1.61421 2.5761
      vertex 69.1358 -1.61421 5.3
    endloop
  endfacet
  facet normal 0.441319 0.388128 0.80907
    outer loop
      vertex 69.0968 -1.56971 5.3
      vertex 74.1273 -1.6025 2.57177
      vertex 74.1207 -1.56971 2.55964
    endloop
  endfacet
  facet normal 0.441703 0.386191 0.809787
    outer loop
      vertex 74.1273 -1.6025 2.57177
      vertex 69.1358 -1.61421 5.3
      vertex 74.1296 -1.61421 2.5761
    endloop
  endfacet
  facet normal 0.441545 0.386972 0.8095
    outer loop
      vertex 69.1358 -1.61421 5.3
      vertex 74.1273 -1.6025 2.57177
      vertex 69.0968 -1.56971 5.3
    endloop
  endfacet
  facet normal 0.390323 0.579306 0.715579
    outer loop
      vertex 74.1639 -1.78671 2.66467
      vertex 69.3389 -1.79099 5.3
      vertex 74.1641 -1.78787 2.6655
    endloop
  endfacet
  facet normal 0.389336 0.582185 0.713777
    outer loop
      vertex 69.3389 -1.79099 5.3
      vertex 74.1639 -1.78671 2.66467
      vertex 69.3325 -1.78671 5.3
    endloop
  endfacet
  facet normal 0.420283 0.479241 0.770513
    outer loop
      vertex 69.1596 -1.63506 5.3
      vertex 74.1559 -1.74649 2.64403
      vertex 74.1307 -1.61974 2.57894
    endloop
  endfacet
  facet normal -0.456055 0.304689 0.836169
    outer loop
      vertex 95.9132 -1.325 2.47161
      vertex 101.099 -1.325 5.3
      vertex 95.9193 -1.23203 2.44106
    endloop
  endfacet
  facet normal 0 0 1
    outer loop
      vertex 101.182 -1.2 5.3
      vertex 101.197 -1.17057 5.3
      vertex 101.251 -1.06104 5.3
    endloop
  endfacet
  facet normal -0.46597 0.230162 0.85434
    outer loop
      vertex 95.9236 -1.16506 2.42238
      vertex 101.251 -1.06104 5.3
      vertex 95.9305 -1.06104 2.39812
    endloop
  endfacet
  facet normal -0.465857 0.231319 0.854089
    outer loop
      vertex 95.9236 -1.16506 2.42238
      vertex 101.182 -1.2 5.3
      vertex 101.251 -1.06104 5.3
    endloop
  endfacet
  facet normal -0.466018 0.229964 0.854367
    outer loop
      vertex 101.182 -1.2 5.3
      vertex 95.9236 -1.16506 2.42238
      vertex 95.9213 -1.2 2.43053
    endloop
  endfacet
  facet normal -0.45634 0.30301 0.836624
    outer loop
      vertex 95.9213 -1.2 2.43053
      vertex 101.099 -1.325 5.3
      vertex 101.182 -1.2 5.3
    endloop
  endfacet
  facet normal -0.456257 0.303491 0.836495
    outer loop
      vertex 101.099 -1.325 5.3
      vertex 95.9213 -1.2 2.43053
      vertex 95.9193 -1.23203 2.44106
    endloop
  endfacet
  facet normal -0.466112 0.228976 0.854581
    outer loop
      vertex 95.9367 -0.965365 2.3758
      vertex 101.251 -1.06104 5.3
      vertex 101.298 -0.965365 5.3
    endloop
  endfacet
  facet normal -0.466186 0.228398 0.854696
    outer loop
      vertex 101.251 -1.06104 5.3
      vertex 95.9367 -0.965365 2.3758
      vertex 95.9352 -0.98942 2.38141
    endloop
  endfacet
  facet normal -0.465997 0.229922 0.85439
    outer loop
      vertex 95.9305 -1.06104 2.39812
      vertex 101.251 -1.06104 5.3
      vertex 95.9352 -0.98942 2.38141
    endloop
  endfacet
  facet normal -0.472664 0.160118 0.866574
    outer loop
      vertex 95.9487 -0.782342 2.34846
      vertex 101.298 -0.965365 5.3
      vertex 101.36 -0.782342 5.3
    endloop
  endfacet
  facet normal -0.47264 0.160345 0.866545
    outer loop
      vertex 101.298 -0.965365 5.3
      vertex 95.9487 -0.782342 2.34846
      vertex 95.9457 -0.828096 2.35529
    endloop
  endfacet
  facet normal -0.472629 0.16046 0.86653
    outer loop
      vertex 95.9367 -0.965365 2.3758
      vertex 101.298 -0.965365 5.3
      vertex 95.9457 -0.828096 2.35529
    endloop
  endfacet
  facet normal -0.476692 0.0947107 0.873954
    outer loop
      vertex 95.953 -0.717637 2.33879
      vertex 101.382 -0.717637 5.3
      vertex 95.964 -0.549142 2.32653
    endloop
  endfacet
  facet normal 0 0 -1
    outer loop
      vertex 101.382 -0.717637 5.3
      vertex 101.387 -0.689472 5.3
      vertex 101.399 -0.632366 5.3
    endloop
  endfacet
  facet normal -0.472639 0.160471 0.866523
    outer loop
      vertex 95.9498 -0.766319 2.34606
      vertex 101.382 -0.717637 5.3
      vertex 95.953 -0.717637 2.33879
    endloop
  endfacet
  facet normal -0.472623 0.160694 0.86649
    outer loop
      vertex 95.9498 -0.766319 2.34606
      vertex 101.36 -0.782342 5.3
      vertex 101.382 -0.717637 5.3
    endloop
  endfacet
  facet normal -0.472502 0.162193 0.866277
    outer loop
      vertex 101.36 -0.782342 5.3
      vertex 95.9498 -0.766319 2.34606
      vertex 95.9487 -0.782342 2.34846
    endloop
  endfacet
  facet normal -0.476808 0.0928291 0.874092
    outer loop
      vertex 95.9676 -0.493683 2.3225
      vertex 101.399 -0.632366 5.3
      vertex 101.426 -0.493683 5.3
    endloop
  endfacet
  facet normal -0.476665 0.09503 0.873934
    outer loop
      vertex 95.9676 -0.493683 2.3225
      vertex 101.382 -0.717637 5.3
      vertex 101.399 -0.632366 5.3
    endloop
  endfacet
  facet normal -0.47671 0.0944529 0.873972
    outer loop
      vertex 101.382 -0.717637 5.3
      vertex 95.9676 -0.493683 2.3225
      vertex 95.964 -0.549142 2.32653
    endloop
  endfacet
  facet normal 0.45609 0.304685 0.836151
    outer loop
      vertex 68.9015 -1.325 5.3
      vertex 74.0868 -1.325 2.47161
      vertex 74.0807 -1.23203 2.44106
    endloop
  endfacet
  facet normal 0.465997 0.230161 0.854326
    outer loop
      vertex 68.7494 -1.06104 5.3
      vertex 74.0764 -1.16506 2.42238
      vertex 74.0695 -1.06104 2.39812
    endloop
  endfacet
  facet normal 0.466038 0.229744 0.854416
    outer loop
      vertex 74.0764 -1.16506 2.42238
      vertex 68.8034 -1.17057 5.3
      vertex 74.0782 -1.19255 2.42879
    endloop
  endfacet
  facet normal 0.466036 0.229763 0.854412
    outer loop
      vertex 68.8034 -1.17057 5.3
      vertex 74.0764 -1.16506 2.42238
      vertex 68.7494 -1.06104 5.3
    endloop
  endfacet
  facet normal 0.456291 0.303487 0.836477
    outer loop
      vertex 74.0787 -1.2 2.43053
      vertex 68.9015 -1.325 5.3
      vertex 74.0807 -1.23203 2.44106
    endloop
  endfacet
  facet normal 0.45603 0.304993 0.836072
    outer loop
      vertex 68.9015 -1.325 5.3
      vertex 74.0787 -1.2 2.43053
      vertex 68.8179 -1.2 5.3
    endloop
  endfacet
  facet normal 0.465919 0.230775 0.854203
    outer loop
      vertex 74.0782 -1.19255 2.42879
      vertex 68.8179 -1.2 5.3
      vertex 74.0787 -1.2 2.43053
    endloop
  endfacet
  facet normal 0.466051 0.229621 0.854441
    outer loop
      vertex 68.8179 -1.2 5.3
      vertex 74.0782 -1.19255 2.42879
      vertex 68.8034 -1.17057 5.3
    endloop
  endfacet
  facet normal 0.466024 0.229921 0.854376
    outer loop
      vertex 68.7494 -1.06104 5.3
      vertex 74.0695 -1.06104 2.39812
      vertex 74.0648 -0.98942 2.38141
    endloop
  endfacet
  facet normal 0.466213 0.228397 0.854682
    outer loop
      vertex 74.0633 -0.965365 2.3758
      vertex 68.7494 -1.06104 5.3
      vertex 74.0648 -0.98942 2.38141
    endloop
  endfacet
  facet normal 0.466021 0.229905 0.854382
    outer loop
      vertex 68.7494 -1.06104 5.3
      vertex 74.0633 -0.965365 2.3758
      vertex 68.7022 -0.965365 5.3
    endloop
  endfacet
  facet normal 0.472654 0.160342 0.866539
    outer loop
      vertex 68.6401 -0.782342 5.3
      vertex 74.0603 -0.919931 2.36901
      vertex 74.0513 -0.782342 2.34846
    endloop
  endfacet
  facet normal 0.472624 0.160702 0.866488
    outer loop
      vertex 74.0603 -0.919931 2.36901
      vertex 68.7022 -0.965365 5.3
      vertex 74.0633 -0.965365 2.3758
    endloop
  endfacet
  facet normal 0.472652 0.160372 0.866534
    outer loop
      vertex 68.7022 -0.965365 5.3
      vertex 74.0603 -0.919931 2.36901
      vertex 68.6401 -0.782342 5.3
    endloop
  endfacet
  facet normal 0.476684 0.094975 0.873929
    outer loop
      vertex 68.6125 -0.689472 5.3
      vertex 74.0466 -0.710666 2.33828
      vertex 74.0355 -0.542142 2.32602
    endloop
  endfacet
  facet normal 0.472645 0.160471 0.866519
    outer loop
      vertex 68.6181 -0.717637 5.3
      vertex 74.0502 -0.766319 2.34606
      vertex 74.047 -0.717637 2.33879
    endloop
  endfacet
  facet normal 0.472509 0.162193 0.866273
    outer loop
      vertex 74.0502 -0.766319 2.34606
      vertex 68.6401 -0.782342 5.3
      vertex 74.0513 -0.782342 2.34846
    endloop
  endfacet
  facet normal 0.47263 0.160696 0.866486
    outer loop
      vertex 68.6401 -0.782342 5.3
      vertex 74.0502 -0.766319 2.34606
      vertex 68.6181 -0.717637 5.3
    endloop
  endfacet
  facet normal 0.47685 0.0913207 0.874228
    outer loop
      vertex 74.0466 -0.710666 2.33828
      vertex 68.6181 -0.717637 5.3
      vertex 74.047 -0.717637 2.33879
    endloop
  endfacet
  facet normal 0.476692 0.0947799 0.873946
    outer loop
      vertex 68.6181 -0.717637 5.3
      vertex 74.0466 -0.710666 2.33828
      vertex 68.6125 -0.689472 5.3
    endloop
  endfacet
  facet normal 0.47675 0.0939847 0.874
    outer loop
      vertex 74.0324 -0.493683 2.3225
      vertex 68.6125 -0.689472 5.3
      vertex 74.0355 -0.542142 2.32602
    endloop
  endfacet
  facet normal 0.476696 0.0947116 0.873951
    outer loop
      vertex 68.6125 -0.689472 5.3
      vertex 74.0324 -0.493683 2.3225
      vertex 68.5736 -0.493683 5.3
    endloop
  endfacet
  facet normal 0.47685 -0.0913207 0.874228
    outer loop
      vertex 68.6181 0.717638 5.3
      vertex 74.0466 0.710667 2.33828
      vertex 74.047 0.717638 2.33879
    endloop
  endfacet
  facet normal 0.476692 -0.0947799 0.873946
    outer loop
      vertex 74.0466 0.710667 2.33828
      vertex 68.6181 0.717638 5.3
      vertex 68.6125 0.689473 5.3
    endloop
  endfacet
  facet normal 0.472645 -0.160471 0.866519
    outer loop
      vertex 68.6181 0.717638 5.3
      vertex 74.047 0.717638 2.33879
      vertex 74.0502 0.76632 2.34606
    endloop
  endfacet
  facet normal 0.472509 -0.162193 0.866273
    outer loop
      vertex 68.6401 0.782343 5.3
      vertex 74.0502 0.76632 2.34606
      vertex 74.0513 0.782343 2.34846
    endloop
  endfacet
  facet normal 0.47263 -0.160696 0.866486
    outer loop
      vertex 74.0502 0.76632 2.34606
      vertex 68.6401 0.782343 5.3
      vertex 68.6181 0.717638 5.3
    endloop
  endfacet
  facet normal 0.476684 -0.094975 0.873929
    outer loop
      vertex 68.6125 0.689473 5.3
      vertex 74.0355 0.542143 2.32602
      vertex 74.0466 0.710667 2.33828
    endloop
  endfacet
  facet normal 0.47675 -0.0939847 0.874
    outer loop
      vertex 68.6125 0.689473 5.3
      vertex 74.0324 0.493684 2.3225
      vertex 74.0355 0.542143 2.32602
    endloop
  endfacet
  facet normal 0.476696 -0.0947116 0.873951
    outer loop
      vertex 74.0324 0.493684 2.3225
      vertex 68.6125 0.689473 5.3
      vertex 68.5736 0.493684 5.3
    endloop
  endfacet
  facet normal 0.466024 -0.229924 0.854375
    outer loop
      vertex 68.7494 1.06104 5.3
      vertex 74.0648 0.989421 2.38141
      vertex 74.0695 1.06104 2.39812
    endloop
  endfacet
  facet normal 0.472624 -0.160698 0.866489
    outer loop
      vertex 68.7022 0.965366 5.3
      vertex 74.0603 0.919931 2.36901
      vertex 74.0633 0.965366 2.3758
    endloop
  endfacet
  facet normal 0.472652 -0.160372 0.866534
    outer loop
      vertex 74.0603 0.919931 2.36901
      vertex 68.7022 0.965366 5.3
      vertex 68.6401 0.782343 5.3
    endloop
  endfacet
  facet normal 0.472654 -0.160343 0.866538
    outer loop
      vertex 68.6401 0.782343 5.3
      vertex 74.0513 0.782343 2.34846
      vertex 74.0603 0.919931 2.36901
    endloop
  endfacet
  facet normal 0.466213 -0.228397 0.854682
    outer loop
      vertex 68.7494 1.06104 5.3
      vertex 74.0633 0.965366 2.3758
      vertex 74.0648 0.989421 2.38141
    endloop
  endfacet
  facet normal 0.46602 -0.229907 0.854381
    outer loop
      vertex 74.0633 0.965366 2.3758
      vertex 68.7494 1.06104 5.3
      vertex 68.7022 0.965366 5.3
    endloop
  endfacet
  facet normal 0.456085 -0.304715 0.836143
    outer loop
      vertex 68.9015 1.325 5.3
      vertex 74.0807 1.23204 2.44106
      vertex 74.0868 1.325 2.47161
    endloop
  endfacet
  facet normal 0 -1 0
    outer loop
      vertex 68.9015 1.325 5.3
      vertex 74.0868 1.325 2.47161
      vertex 74.0868 1.325 2.47162
    endloop
  endfacet
  facet normal 0.456306 -0.303401 0.8365
    outer loop
      vertex 68.9015 1.325 5.3
      vertex 74.0787 1.2 2.43053
      vertex 74.0807 1.23204 2.44106
    endloop
  endfacet
  facet normal 0.45603 -0.304993 0.836072
    outer loop
      vertex 74.0787 1.2 2.43053
      vertex 68.9015 1.325 5.3
      vertex 68.8179 1.2 5.3
    endloop
  endfacet
  facet normal 0.466011 -0.229964 0.854371
    outer loop
      vertex 68.8179 1.2 5.3
      vertex 74.0764 1.16506 2.42238
      vertex 74.0787 1.2 2.43053
    endloop
  endfacet
  facet normal 0.466039 -0.229733 0.854418
    outer loop
      vertex 74.0764 1.16506 2.42238
      vertex 68.8179 1.2 5.3
      vertex 68.7494 1.06104 5.3
    endloop
  endfacet
  facet normal 0.465997 -0.230161 0.854326
    outer loop
      vertex 68.7494 1.06104 5.3
      vertex 74.0695 1.06104 2.39812
      vertex 74.0764 1.16506 2.42238
    endloop
  endfacet
  facet normal -0.476808 -0.0928291 0.874092
    outer loop
      vertex 101.399 0.632367 5.3
      vertex 95.9676 0.493684 2.3225
      vertex 101.426 0.493684 5.3
    endloop
  endfacet
  facet normal -0.476665 -0.09503 0.873934
    outer loop
      vertex 101.382 0.717638 5.3
      vertex 95.9676 0.493684 2.3225
      vertex 101.399 0.632367 5.3
    endloop
  endfacet
  facet normal -0.47671 -0.0944529 0.873972
    outer loop
      vertex 95.9676 0.493684 2.3225
      vertex 101.382 0.717638 5.3
      vertex 95.964 0.549143 2.32653
    endloop
  endfacet
  facet normal 0 0 -1
    outer loop
      vertex 101.382 0.717638 5.3
      vertex 101.399 0.632367 5.3
      vertex 101.387 0.689473 5.3
    endloop
  endfacet
  facet normal -0.476692 -0.0947107 0.873954
    outer loop
      vertex 95.953 0.717638 2.33879
      vertex 95.964 0.549143 2.32653
      vertex 101.382 0.717638 5.3
    endloop
  endfacet
  facet normal -0.472639 -0.160471 0.866523
    outer loop
      vertex 95.9498 0.76632 2.34606
      vertex 95.953 0.717638 2.33879
      vertex 101.382 0.717638 5.3
    endloop
  endfacet
  facet normal -0.472623 -0.160694 0.86649
    outer loop
      vertex 101.36 0.782343 5.3
      vertex 95.9498 0.76632 2.34606
      vertex 101.382 0.717638 5.3
    endloop
  endfacet
  facet normal -0.472502 -0.162193 0.866277
    outer loop
      vertex 95.9498 0.76632 2.34606
      vertex 101.36 0.782343 5.3
      vertex 95.9487 0.782343 2.34846
    endloop
  endfacet
  facet normal -0.465997 -0.229925 0.854389
    outer loop
      vertex 95.9305 1.06104 2.39812
      vertex 95.9352 0.989421 2.38141
      vertex 101.251 1.06104 5.3
    endloop
  endfacet
  facet normal -0.466112 -0.228978 0.854581
    outer loop
      vertex 101.251 1.06104 5.3
      vertex 95.9367 0.965366 2.3758
      vertex 101.298 0.965366 5.3
    endloop
  endfacet
  facet normal -0.466186 -0.228398 0.854696
    outer loop
      vertex 95.9367 0.965366 2.3758
      vertex 101.251 1.06104 5.3
      vertex 95.9352 0.989421 2.38141
    endloop
  endfacet
  facet normal -0.472664 -0.160118 0.866574
    outer loop
      vertex 101.298 0.965366 5.3
      vertex 95.9487 0.782343 2.34846
      vertex 101.36 0.782343 5.3
    endloop
  endfacet
  facet normal -0.47264 -0.160345 0.866545
    outer loop
      vertex 95.9487 0.782343 2.34846
      vertex 101.298 0.965366 5.3
      vertex 95.9457 0.828097 2.35529
    endloop
  endfacet
  facet normal -0.472629 -0.16046 0.86653
    outer loop
      vertex 95.9367 0.965366 2.3758
      vertex 95.9457 0.828097 2.35529
      vertex 101.298 0.965366 5.3
    endloop
  endfacet
  facet normal 0 -1 0
    outer loop
      vertex 95.9132 1.325 2.47162
      vertex 95.9132 1.325 2.47161
      vertex 101.099 1.325 5.3
    endloop
  endfacet
  facet normal 0 0 1
    outer loop
      vertex 101.182 1.2 5.3
      vertex 101.22 1.12345 5.3
      vertex 101.197 1.17057 5.3
    endloop
  endfacet
  facet normal -0.46597 -0.230162 0.85434
    outer loop
      vertex 95.9236 1.16506 2.42238
      vertex 95.9305 1.06104 2.39812
      vertex 101.251 1.06104 5.3
    endloop
  endfacet
  facet normal -0.456051 -0.304718 0.836161
    outer loop
      vertex 95.9132 1.325 2.47161
      vertex 95.9193 1.23204 2.44106
      vertex 101.099 1.325 5.3
    endloop
  endfacet
  facet normal -0.46585 -0.231395 0.854073
    outer loop
      vertex 101.22 1.12345 5.3
      vertex 95.9236 1.16506 2.42238
      vertex 101.251 1.06104 5.3
    endloop
  endfacet
  facet normal -0.465864 -0.231259 0.854102
    outer loop
      vertex 101.182 1.2 5.3
      vertex 95.9236 1.16506 2.42238
      vertex 101.22 1.12345 5.3
    endloop
  endfacet
  facet normal -0.466018 -0.229964 0.854367
    outer loop
      vertex 95.9236 1.16506 2.42238
      vertex 101.182 1.2 5.3
      vertex 95.9213 1.2 2.43053
    endloop
  endfacet
  facet normal -0.45634 -0.30301 0.836624
    outer loop
      vertex 101.099 1.325 5.3
      vertex 95.9213 1.2 2.43053
      vertex 101.182 1.2 5.3
    endloop
  endfacet
  facet normal -0.456272 -0.303404 0.836518
    outer loop
      vertex 95.9213 1.2 2.43053
      vertex 101.099 1.325 5.3
      vertex 95.9193 1.23204 2.44106
    endloop
  endfacet
  facet normal -0.420273 -0.479151 0.770574
    outer loop
      vertex 95.8361 1.78671 2.66467
      vertex 95.8611 1.66094 2.6001
      vertex 100.668 1.78671 5.3
    endloop
  endfacet
  facet normal -0.441557 -0.386982 0.809489
    outer loop
      vertex 100.864 1.61421 5.3
      vertex 95.8727 1.6025 2.57177
      vertex 100.903 1.56971 5.3
    endloop
  endfacet
  facet normal -0.441717 -0.386191 0.809779
    outer loop
      vertex 95.8727 1.6025 2.57177
      vertex 100.864 1.61421 5.3
      vertex 95.8704 1.61421 2.5761
    endloop
  endfacet
  facet normal -0.376979 -0.616554 0.691194
    outer loop
      vertex 100.661 1.79099 5.3
      vertex 95.8361 1.78671 2.66467
      vertex 100.668 1.78671 5.3
    endloop
  endfacet
  facet normal -0.390329 -0.579305 0.715576
    outer loop
      vertex 95.8361 1.78671 2.66467
      vertex 100.661 1.79099 5.3
      vertex 95.8359 1.78787 2.6655
    endloop
  endfacet
  facet normal -0.441333 -0.388128 0.809062
    outer loop
      vertex 95.8727 1.6025 2.57177
      vertex 95.8793 1.56971 2.55964
      vertex 100.903 1.56971 5.3
    endloop
  endfacet
  facet normal -0.420635 -0.477938 0.77113
    outer loop
      vertex 100.668 1.78671 5.3
      vertex 95.8704 1.61421 2.5761
      vertex 100.864 1.61421 5.3
    endloop
  endfacet
  facet normal -0.420218 -0.479342 0.770485
    outer loop
      vertex 95.8704 1.61421 2.5761
      vertex 100.668 1.78671 5.3
      vertex 95.8611 1.66094 2.6001
    endloop
  endfacet
  facet normal 0 0 -1
    outer loop
      vertex 100.668 1.78671 5.3
      vertex 100.864 1.61421 5.3
      vertex 100.84 1.63506 5.3
    endloop
  endfacet
  facet normal -0.3869 -0.58923 0.709307
    outer loop
      vertex 95.8352 1.79099 2.66771
      vertex 95.8359 1.78787 2.6655
      vertex 100.661 1.79099 5.3
    endloop
  endfacet
  facet normal -0.389285 -0.582338 0.71368
    outer loop
      vertex 95.8148 1.89381 2.74048
      vertex 95.8352 1.79099 2.66771
      vertex 100.661 1.79099 5.3
    endloop
  endfacet
  facet normal -0.343355 -0.696969 0.629557
    outer loop
      vertex 95.8072 1.93205 2.76755
      vertex 100.343 1.98504 5.3
      vertex 95.8042 1.94705 2.78252
    endloop
  endfacet
  facet normal -0.344246 -0.695118 0.631114
    outer loop
      vertex 100.343 1.98504 5.3
      vertex 95.8072 1.93205 2.76755
      vertex 100.45 1.93205 5.3
    endloop
  endfacet
  facet normal -0.343408 -0.696858 0.62965
    outer loop
      vertex 95.7966 1.98504 2.82042
      vertex 95.8042 1.94705 2.78252
      vertex 100.343 1.98504 5.3
    endloop
  endfacet
  facet normal -0.389294 -0.582312 0.713697
    outer loop
      vertex 100.45 1.93205 5.3
      vertex 95.8148 1.89381 2.74048
      vertex 100.661 1.79099 5.3
    endloop
  endfacet
  facet normal -0.389228 -0.582499 0.71358
    outer loop
      vertex 95.8148 1.89381 2.74048
      vertex 100.45 1.93205 5.3
      vertex 95.8072 1.93205 2.76755
    endloop
  endfacet
  facet normal -0.27684 -0.815943 0.507539
    outer loop
      vertex 95.7674 2.13185 3.00898
      vertex 95.7792 2.07294 2.92071
      vertex 99.9676 2.13185 5.3
    endloop
  endfacet
  facet normal -0.343629 -0.696382 0.630056
    outer loop
      vertex 95.7877 2.03001 2.86527
      vertex 95.7966 1.98504 2.82042
      vertex 100.343 1.98504 5.3
    endloop
  endfacet
  facet normal -0.343684 -0.696379 0.63003
    outer loop
      vertex 95.7877 2.03001 2.86527
      vertex 100.215 2.04776 5.3
      vertex 95.7842 2.04776 2.88298
    endloop
  endfacet
  facet normal -0.342477 -0.698933 0.627855
    outer loop
      vertex 100.215 2.04776 5.3
      vertex 95.7877 2.03001 2.86527
      vertex 100.343 1.98504 5.3
    endloop
  endfacet
  facet normal -0.276951 -0.815786 0.507732
    outer loop
      vertex 95.7842 2.04776 2.88298
      vertex 99.9676 2.13185 5.3
      vertex 95.7792 2.07294 2.92071
    endloop
  endfacet
  facet normal -0.277176 -0.815475 0.508109
    outer loop
      vertex 99.9676 2.13185 5.3
      vertex 95.7842 2.04776 2.88298
      vertex 100.215 2.04776 5.3
    endloop
  endfacet
  facet normal 0 0 1
    outer loop
      vertex 99.9676 2.13185 5.3
      vertex 100.215 2.04776 5.3
      vertex 100.135 2.075 5.3
    endloop
  endfacet
  facet normal -0.18369 -0.923498 0.336764
    outer loop
      vertex 95.7651 2.14355 3.03981
      vertex 95.7674 2.13185 3.00898
      vertex 99.9676 2.13185 5.3
    endloop
  endfacet
  facet normal -0.183953 -0.923267 0.337252
    outer loop
      vertex 95.7651 2.14355 3.03981
      vertex 99.8837 2.14856 5.3
      vertex 95.7641 2.14856 3.05298
    endloop
  endfacet
  facet normal -0.183893 -0.923319 0.337144
    outer loop
      vertex 99.8837 2.14856 5.3
      vertex 95.7651 2.14355 3.03981
      vertex 99.9676 2.13185 5.3
    endloop
  endfacet
  facet normal 0 -1 0
    outer loop
      vertex 99.45 2.2 5.3
      vertex 102.198 2.2 7
      vertex 95.7539 2.2 7
    endloop
  endfacet
  facet normal 0 -1 -0
    outer loop
      vertex 102.198 2.2 7
      vertex 99.45 2.2 5.3
      vertex 102.198 2.2 6.799
    endloop
  endfacet
  facet normal -0 -1 0
    outer loop
      vertex 99.45 2.2 5.3
      vertex 95.7539 2.2 7
      vertex 95.7539 2.2 3.28394
    endloop
  endfacet
  facet normal -0.0649317 -0.990764 0.119042
    outer loop
      vertex 95.7549 2.19466 3.24005
      vertex 95.7573 2.18289 3.1434
      vertex 99.7111 2.18289 5.3
    endloop
  endfacet
  facet normal -0.183808 -0.923397 0.336976
    outer loop
      vertex 95.7641 2.14856 3.05298
      vertex 99.7111 2.18289 5.3
      vertex 95.762 2.15928 3.08121
    endloop
  endfacet
  facet normal -0.183684 -0.923501 0.336758
    outer loop
      vertex 99.7111 2.18289 5.3
      vertex 95.7641 2.14856 3.05298
      vertex 99.8837 2.14856 5.3
    endloop
  endfacet
  facet normal -0.183667 -0.923516 0.336726
    outer loop
      vertex 95.7573 2.18289 3.1434
      vertex 95.762 2.15928 3.08121
      vertex 99.7111 2.18289 5.3
    endloop
  endfacet
  facet normal -0.0649441 -0.99076 0.119064
    outer loop
      vertex 95.7549 2.19466 3.24005
      vertex 99.45 2.2 5.3
      vertex 95.7539 2.2 3.28394
    endloop
  endfacet
  facet normal -0.0649253 -0.990766 0.11903
    outer loop
      vertex 99.45 2.2 5.3
      vertex 95.7549 2.19466 3.24005
      vertex 99.7111 2.18289 5.3
    endloop
  endfacet
  facet normal 0.386893 -0.589231 0.70931
    outer loop
      vertex 69.3389 1.79099 5.3
      vertex 74.1641 1.78787 2.6655
      vertex 74.1648 1.79099 2.66771
    endloop
  endfacet
  facet normal 0.42033 -0.479061 0.770599
    outer loop
      vertex 69.3325 1.78671 5.3
      vertex 74.1559 1.74649 2.64403
      vertex 74.1639 1.78671 2.66467
    endloop
  endfacet
  facet normal 0.420295 -0.47919 0.770538
    outer loop
      vertex 74.1559 1.74649 2.64403
      vertex 69.3325 1.78671 5.3
      vertex 69.1596 1.63506 5.3
    endloop
  endfacet
  facet normal 0.390323 -0.579306 0.715579
    outer loop
      vertex 69.3389 1.79099 5.3
      vertex 74.1639 1.78671 2.66467
      vertex 74.1641 1.78787 2.6655
    endloop
  endfacet
  facet normal 0.389336 -0.582185 0.713777
    outer loop
      vertex 74.1639 1.78671 2.66467
      vertex 69.3389 1.79099 5.3
      vertex 69.3325 1.78671 5.3
    endloop
  endfacet
  facet normal 0.441319 -0.388128 0.80907
    outer loop
      vertex 69.0968 1.56971 5.3
      vertex 74.1207 1.56971 2.55964
      vertex 74.1273 1.6025 2.57177
    endloop
  endfacet
  facet normal 0.441703 -0.386191 0.809787
    outer loop
      vertex 69.1358 1.61421 5.3
      vertex 74.1273 1.6025 2.57177
      vertex 74.1296 1.61421 2.5761
    endloop
  endfacet
  facet normal 0.441545 -0.386972 0.8095
    outer loop
      vertex 74.1273 1.6025 2.57177
      vertex 69.1358 1.61421 5.3
      vertex 69.0968 1.56971 5.3
    endloop
  endfacet
  facet normal 0.420283 -0.479241 0.770513
    outer loop
      vertex 69.1596 1.63506 5.3
      vertex 74.1307 1.61974 2.57894
      vertex 74.1559 1.74649 2.64403
    endloop
  endfacet
  facet normal 0.42027 -0.479292 0.770489
    outer loop
      vertex 69.1596 1.63506 5.3
      vertex 74.1296 1.61421 2.5761
      vertex 74.1307 1.61974 2.57894
    endloop
  endfacet
  facet normal 0.42018 -0.47963 0.770327
    outer loop
      vertex 74.1296 1.61421 2.5761
      vertex 69.1596 1.63506 5.3
      vertex 69.1358 1.61421 5.3
    endloop
  endfacet
  facet normal 0.343439 -0.696853 0.629639
    outer loop
      vertex 69.6575 1.98504 5.3
      vertex 74.1958 1.94705 2.78252
      vertex 74.2034 1.98504 2.82042
    endloop
  endfacet
  facet normal 0.389279 -0.582338 0.713683
    outer loop
      vertex 69.3389 1.79099 5.3
      vertex 74.1648 1.79099 2.66771
      vertex 74.1852 1.89381 2.74048
    endloop
  endfacet
  facet normal 0.34347 -0.696791 0.629691
    outer loop
      vertex 74.1928 1.93205 2.76755
      vertex 69.6575 1.98504 5.3
      vertex 69.55 1.93205 5.3
    endloop
  endfacet
  facet normal 0.343386 -0.696964 0.629545
    outer loop
      vertex 69.6575 1.98504 5.3
      vertex 74.1928 1.93205 2.76755
      vertex 74.1958 1.94705 2.78252
    endloop
  endfacet
  facet normal 0.389228 -0.582499 0.71358
    outer loop
      vertex 69.55 1.93205 5.3
      vertex 74.1852 1.89381 2.74048
      vertex 74.1928 1.93205 2.76755
    endloop
  endfacet
  facet normal 0.38923 -0.582493 0.713584
    outer loop
      vertex 74.1852 1.89381 2.74048
      vertex 69.55 1.93205 5.3
      vertex 69.3389 1.79099 5.3
    endloop
  endfacet
  facet normal 0.34366 -0.696377 0.630045
    outer loop
      vertex 69.6575 1.98504 5.3
      vertex 74.2034 1.98504 2.82042
      vertex 74.2123 2.03001 2.86527
    endloop
  endfacet
  facet normal 0.343651 -0.696398 0.630027
    outer loop
      vertex 74.2123 2.03001 2.86527
      vertex 69.7846 2.04776 5.3
      vertex 69.6575 1.98504 5.3
    endloop
  endfacet
  facet normal 0.343658 -0.696383 0.630039
    outer loop
      vertex 69.7846 2.04776 5.3
      vertex 74.2123 2.03001 2.86527
      vertex 74.2158 2.04776 2.88298
    endloop
  endfacet
  facet normal 0.183812 -0.92339 0.336994
    outer loop
      vertex 70.1163 2.14856 5.3
      vertex 74.2336 2.13692 3.02234
      vertex 74.2359 2.14856 3.05298
    endloop
  endfacet
  facet normal 0.276807 -0.815992 0.507479
    outer loop
      vertex 74.2158 2.04776 2.88298
      vertex 69.8649 2.075 5.3
      vertex 69.7846 2.04776 5.3
    endloop
  endfacet
  facet normal 0.276812 -0.815985 0.507488
    outer loop
      vertex 69.8649 2.075 5.3
      vertex 74.2158 2.04776 2.88298
      vertex 74.2174 2.05571 2.89489
    endloop
  endfacet
  facet normal 0.183894 -0.923321 0.337138
    outer loop
      vertex 74.2326 2.13185 3.00898
      vertex 70.1163 2.14856 5.3
      vertex 70.0324 2.13185 5.3
    endloop
  endfacet
  facet normal 0.18366 -0.92352 0.33672
    outer loop
      vertex 70.1163 2.14856 5.3
      vertex 74.2326 2.13185 3.00898
      vertex 74.2336 2.13692 3.02234
    endloop
  endfacet
  facet normal 0.276902 -0.815851 0.507654
    outer loop
      vertex 74.2293 2.11526 2.98412
      vertex 70.0324 2.13185 5.3
      vertex 69.8649 2.075 5.3
    endloop
  endfacet
  facet normal 0.276915 -0.815832 0.507677
    outer loop
      vertex 70.0324 2.13185 5.3
      vertex 74.2293 2.11526 2.98412
      vertex 74.2326 2.13185 3.00898
    endloop
  endfacet
  facet normal 0.276869 -0.815902 0.50759
    outer loop
      vertex 69.8649 2.075 5.3
      vertex 74.2174 2.05571 2.89489
      vertex 74.2293 2.11526 2.98412
    endloop
  endfacet
  facet normal 0.0649253 -0.990766 0.11903
    outer loop
      vertex 74.2451 2.19466 3.24005
      vertex 70.55 2.2 5.3
      vertex 70.2889 2.18289 5.3
    endloop
  endfacet
  facet normal 0.0649441 -0.99076 0.119064
    outer loop
      vertex 70.55 2.2 5.3
      vertex 74.2451 2.19466 3.24005
      vertex 74.2461 2.2 3.28394
    endloop
  endfacet
  facet normal 0.0649317 -0.990764 0.119042
    outer loop
      vertex 70.2889 2.18289 5.3
      vertex 74.2427 2.18289 3.1434
      vertex 74.2451 2.19466 3.24005
    endloop
  endfacet
  facet normal 0.183684 -0.923502 0.336755
    outer loop
      vertex 74.2406 2.17247 3.11596
      vertex 70.2889 2.18289 5.3
      vertex 70.1163 2.14856 5.3
    endloop
  endfacet
  facet normal 0.183628 -0.92355 0.336654
    outer loop
      vertex 70.2889 2.18289 5.3
      vertex 74.2406 2.17247 3.11596
      vertex 74.2427 2.18289 3.1434
    endloop
  endfacet
  facet normal 0.183744 -0.923448 0.33687
    outer loop
      vertex 70.1163 2.14856 5.3
      vertex 74.2359 2.14856 3.05298
      vertex 74.2406 2.17247 3.11596
    endloop
  endfacet
  facet normal 0 -1 0
    outer loop
      vertex 70.55 2.2 5.3
      vertex 67.8018 2.2 7
      vertex 67.8018 2.2 6.799
    endloop
  endfacet
  facet normal 0 -1 0
    outer loop
      vertex 67.8018 2.2 7
      vertex 70.55 2.2 5.3
      vertex 74.2461 2.2 7
    endloop
  endfacet
  facet normal 0 -1 -0
    outer loop
      vertex 74.2461 2.2 7
      vertex 70.55 2.2 5.3
      vertex 74.2461 2.2 3.28394
    endloop
  endfacet
  facet normal 0 0 -1
    outer loop
      vertex 101.037 1.41752 5.3
      vertex 101.099 1.325 5.3
      vertex 101.182 1.2 5.3
    endloop
  endfacet
  facet normal 0 0 1
    outer loop
      vertex 100.864 1.61421 5.3
      vertex 100.903 1.56971 5.3
      vertex 101.037 1.41752 5.3
    endloop
  endfacet
  facet normal 0 0 -1
    outer loop
      vertex 99.7111 2.18289 5.3
      vertex 99.8837 2.14856 5.3
      vertex 99.9676 2.13185 5.3
    endloop
  endfacet
  facet normal 0 0 1
    outer loop
      vertex 100.45 1.93205 5.3
      vertex 100.661 1.79099 5.3
      vertex 100.668 1.78671 5.3
    endloop
  endfacet
  facet normal 0 0 -1
    outer loop
      vertex 100.215 2.04776 5.3
      vertex 100.343 1.98504 5.3
      vertex 100.45 1.93205 5.3
    endloop
  endfacet
  facet normal -0.554718 -0.832039 0
    outer loop
      vertex 103.198 1.93205 6.799
      vertex 103.416 1.78671 7
      vertex 103.198 1.93205 7
    endloop
  endfacet
  facet normal -0.554718 -0.832039 -0
    outer loop
      vertex 103.416 1.78671 7
      vertex 103.198 1.93205 6.799
      vertex 103.416 1.78671 6.799
    endloop
  endfacet
  facet normal -0.318754 -0.947837 0
    outer loop
      vertex 102.883 2.075 6.799
      vertex 102.964 2.04776 7
      vertex 102.883 2.075 7
    endloop
  endfacet
  facet normal -0.318754 -0.947837 -0
    outer loop
      vertex 102.964 2.04776 7
      vertex 102.883 2.075 6.799
      vertex 102.964 2.04776 6.799
    endloop
  endfacet
  facet normal -0.659181 -0.751984 0
    outer loop
      vertex 103.416 1.78671 6.799
      vertex 103.589 1.63506 7
      vertex 103.416 1.78671 7
    endloop
  endfacet
  facet normal -0.659181 -0.751984 -0
    outer loop
      vertex 103.589 1.63506 7
      vertex 103.416 1.78671 6.799
      vertex 103.589 1.63506 6.799
    endloop
  endfacet
  facet normal -0.38894 -0.583384 0.713014
    outer loop
      vertex 103.198 1.93205 6.799
      vertex 100.668 1.78671 5.3
      vertex 103.416 1.78671 6.799
    endloop
  endfacet
  facet normal -0.38894 -0.583384 0.713014
    outer loop
      vertex 100.668 1.78671 5.3
      vertex 103.198 1.93205 6.799
      vertex 100.45 1.93205 5.3
    endloop
  endfacet
  facet normal -0.443256 -0.896395 0
    outer loop
      vertex 102.964 2.04776 6.799
      vertex 103.198 1.93205 7
      vertex 102.964 2.04776 7
    endloop
  endfacet
  facet normal -0.443256 -0.896395 -0
    outer loop
      vertex 103.198 1.93205 7
      vertex 102.964 2.04776 6.799
      vertex 103.198 1.93205 6.799
    endloop
  endfacet
  facet normal -0.420163 -0.479315 0.770532
    outer loop
      vertex 103.416 1.78671 6.799
      vertex 100.84 1.63506 5.3
      vertex 103.589 1.63506 6.799
    endloop
  endfacet
  facet normal -0.420811 -0.47728 0.771441
    outer loop
      vertex 100.84 1.63506 5.3
      vertex 103.416 1.78671 6.799
      vertex 100.668 1.78671 5.3
    endloop
  endfacet
  facet normal -0.343242 -0.697104 0.629468
    outer loop
      vertex 100.45 1.93205 5.3
      vertex 102.964 2.04776 6.799
      vertex 100.215 2.04776 5.3
    endloop
  endfacet
  facet normal -0.344003 -0.695675 0.630633
    outer loop
      vertex 102.964 2.04776 6.799
      vertex 100.45 1.93205 5.3
      vertex 103.198 1.93205 6.799
    endloop
  endfacet
  facet normal -0.277501 -0.814982 0.508722
    outer loop
      vertex 100.135 2.075 5.3
      vertex 100.215 2.04776 5.3
      vertex 102.883 2.075 6.799
    endloop
  endfacet
  facet normal -0.275186 -0.818285 0.504661
    outer loop
      vertex 100.215 2.04776 5.3
      vertex 102.964 2.04776 6.799
      vertex 102.883 2.075 6.799
    endloop
  endfacet
  facet normal -0.832074 -0.554665 0
    outer loop
      vertex 103.93 1.2 6.799
      vertex 103.785 1.41752 7
      vertex 103.785 1.41752 6.799
    endloop
  endfacet
  facet normal -0.832074 -0.554665 0
    outer loop
      vertex 103.785 1.41752 7
      vertex 103.93 1.2 6.799
      vertex 103.93 1.2 7
    endloop
  endfacet
  facet normal -0.465218 -0.237114 0.852848
    outer loop
      vertex 101.182 1.2 5.3
      vertex 101.197 1.17057 5.3
      vertex 103.945 1.17057 6.799
    endloop
  endfacet
  facet normal -0.67163 -0.740887 0
    outer loop
      vertex 103.589 1.63506 6.799
      vertex 103.612 1.61421 7
      vertex 103.589 1.63506 7
    endloop
  endfacet
  facet normal -0.67163 -0.740887 -0
    outer loop
      vertex 103.612 1.61421 7
      vertex 103.589 1.63506 6.799
      vertex 103.612 1.61421 6.799
    endloop
  endfacet
  facet normal -0.456195 -0.304102 0.836306
    outer loop
      vertex 103.785 1.41752 6.799
      vertex 101.182 1.2 5.3
      vertex 103.93 1.2 6.799
    endloop
  endfacet
  facet normal -0.456195 -0.304102 0.836306
    outer loop
      vertex 101.182 1.2 5.3
      vertex 103.785 1.41752 6.799
      vertex 101.037 1.41752 5.3
    endloop
  endfacet
  facet normal -0.890949 -0.454103 0
    outer loop
      vertex 103.945 1.17057 6.799
      vertex 103.93 1.2 7
      vertex 103.93 1.2 6.799
    endloop
  endfacet
  facet normal -0.890949 -0.454103 0
    outer loop
      vertex 103.93 1.2 7
      vertex 103.945 1.17057 6.799
      vertex 103.945 1.17057 7
    endloop
  endfacet
  facet normal -0.465218 -0.237114 0.852848
    outer loop
      vertex 101.182 1.2 5.3
      vertex 103.945 1.17057 6.799
      vertex 103.93 1.2 6.799
    endloop
  endfacet
  facet normal -0.750879 -0.66044 0
    outer loop
      vertex 103.785 1.41752 6.799
      vertex 103.612 1.61421 7
      vertex 103.612 1.61421 6.799
    endloop
  endfacet
  facet normal -0.750879 -0.66044 0
    outer loop
      vertex 103.612 1.61421 7
      vertex 103.785 1.41752 6.799
      vertex 103.785 1.41752 7
    endloop
  endfacet
  facet normal -0.423426 -0.467089 0.776234
    outer loop
      vertex 103.589 1.63506 6.799
      vertex 100.864 1.61421 5.3
      vertex 103.612 1.61421 6.799
    endloop
  endfacet
  facet normal -0.419291 -0.482637 0.768933
    outer loop
      vertex 100.864 1.61421 5.3
      vertex 103.589 1.63506 6.799
      vertex 100.84 1.63506 5.3
    endloop
  endfacet
  facet normal -0.441325 -0.38817 0.809047
    outer loop
      vertex 103.612 1.61421 6.799
      vertex 101.037 1.41752 5.3
      vertex 103.785 1.41752 6.799
    endloop
  endfacet
  facet normal -0.441325 -0.38817 0.809047
    outer loop
      vertex 101.037 1.41752 5.3
      vertex 103.612 1.61421 6.799
      vertex 100.864 1.61421 5.3
    endloop
  endfacet
  facet normal 0 0 1
    outer loop
      vertex 101.399 0.632367 5.3
      vertex 101.426 0.493684 5.3
      vertex 101.433 0.461052 5.3
    endloop
  endfacet
  facet normal 0 0 1
    outer loop
      vertex 101.399 -0.632366 5.3
      vertex 101.433 -0.461051 5.3
      vertex 101.426 -0.493683 5.3
    endloop
  endfacet
  facet normal 0 0 1
    outer loop
      vertex 101.298 0.965366 5.3
      vertex 101.36 0.782343 5.3
      vertex 101.382 0.717638 5.3
    endloop
  endfacet
  facet normal 0 0 -1
    outer loop
      vertex 101.22 1.12345 5.3
      vertex 101.251 1.06104 5.3
      vertex 101.298 0.965366 5.3
    endloop
  endfacet
  facet normal -0.897211 -0.441601 0
    outer loop
      vertex 104.046 0.965366 6.799
      vertex 103.945 1.17057 7
      vertex 103.945 1.17057 6.799
    endloop
  endfacet
  facet normal -0.897211 -0.441601 0
    outer loop
      vertex 103.945 1.17057 7
      vertex 104.046 0.965366 6.799
      vertex 104.046 0.965366 7
    endloop
  endfacet
  facet normal -0.476402 -0.101488 0.873351
    outer loop
      vertex 101.382 0.717638 5.3
      vertex 104.136 0.689473 6.799
      vertex 104.13 0.717638 6.799
    endloop
  endfacet
  facet normal -0.466103 -0.229412 0.85447
    outer loop
      vertex 101.298 0.965366 5.3
      vertex 104.046 0.965366 6.799
      vertex 103.945 1.17057 6.799
    endloop
  endfacet
  facet normal -0.472684 -0.160278 0.866534
    outer loop
      vertex 104.046 0.965366 6.799
      vertex 101.382 0.717638 5.3
      vertex 104.13 0.717638 6.799
    endloop
  endfacet
  facet normal -0.472684 -0.160278 0.866534
    outer loop
      vertex 101.382 0.717638 5.3
      vertex 104.046 0.965366 6.799
      vertex 101.298 0.965366 5.3
    endloop
  endfacet
  facet normal -0.466011 -0.229934 0.854379
    outer loop
      vertex 103.945 1.17057 6.799
      vertex 101.22 1.12345 5.3
      vertex 101.298 0.965366 5.3
    endloop
  endfacet
  facet normal -0.466305 -0.227611 0.854841
    outer loop
      vertex 101.22 1.12345 5.3
      vertex 103.945 1.17057 6.799
      vertex 101.197 1.17057 5.3
    endloop
  endfacet
  facet normal -0.477021 -0.0846832 0.874803
    outer loop
      vertex 101.382 0.717638 5.3
      vertex 101.387 0.689473 5.3
      vertex 104.136 0.689473 6.799
    endloop
  endfacet
  facet normal -0.947038 -0.321123 0
    outer loop
      vertex 104.13 0.717638 6.799
      vertex 104.046 0.965366 7
      vertex 104.046 0.965366 6.799
    endloop
  endfacet
  facet normal -0.947038 -0.321123 0
    outer loop
      vertex 104.046 0.965366 7
      vertex 104.13 0.717638 6.799
      vertex 104.13 0.717638 7
    endloop
  endfacet
  facet normal -0.978053 -0.208355 0
    outer loop
      vertex 104.136 0.689473 6.799
      vertex 104.13 0.717638 7
      vertex 104.13 0.717638 6.799
    endloop
  endfacet
  facet normal -0.978053 -0.208355 0
    outer loop
      vertex 104.13 0.717638 7
      vertex 104.136 0.689473 6.799
      vertex 104.136 0.689473 7
    endloop
  endfacet
  facet normal 0 0 -1
    outer loop
      vertex 101.037 -1.41752 5.3
      vertex 101.182 -1.2 5.3
      vertex 101.099 -1.325 5.3
    endloop
  endfacet
  facet normal 0 0 -1
    outer loop
      vertex 100.215 -2.04776 5.3
      vertex 100.45 -1.93205 5.3
      vertex 100.343 -1.98504 5.3
    endloop
  endfacet
  facet normal 0 0 1
    outer loop
      vertex 100.45 -1.93205 5.3
      vertex 100.668 -1.78671 5.3
      vertex 100.661 -1.79099 5.3
    endloop
  endfacet
  facet normal 0 0 1
    outer loop
      vertex 100.864 -1.61421 5.3
      vertex 101.037 -1.41752 5.3
      vertex 100.903 -1.56971 5.3
    endloop
  endfacet
  facet normal 0 0 -1
    outer loop
      vertex 68.7494 1.06104 5.3
      vertex 68.8179 1.2 5.3
      vertex 68.8034 1.17057 5.3
    endloop
  endfacet
  facet normal 0.897033 -0.441963 0
    outer loop
      vertex 66.0553 1.17057 7
      vertex 66.0698 1.2 6.799
      vertex 66.0698 1.2 7
    endloop
  endfacet
  facet normal 0.897033 -0.441963 0
    outer loop
      vertex 66.0698 1.2 6.799
      vertex 66.0553 1.17057 7
      vertex 66.0553 1.17057 6.799
    endloop
  endfacet
  facet normal 0.658952 -0.752185 0
    outer loop
      vertex 66.3876 1.61421 6.799
      vertex 66.4114 1.63506 7
      vertex 66.3876 1.61421 7
    endloop
  endfacet
  facet normal 0.658952 -0.752185 0
    outer loop
      vertex 66.4114 1.63506 7
      vertex 66.3876 1.61421 6.799
      vertex 66.4114 1.63506 6.799
    endloop
  endfacet
  facet normal 0.466065 -0.229628 0.854432
    outer loop
      vertex 66.0698 1.2 6.799
      vertex 68.8034 1.17057 5.3
      vertex 68.8179 1.2 5.3
    endloop
  endfacet
  facet normal 0.466065 -0.229628 0.854432
    outer loop
      vertex 68.8034 1.17057 5.3
      vertex 66.0698 1.2 6.799
      vertex 66.0553 1.17057 6.799
    endloop
  endfacet
  facet normal 0.420176 -0.479625 0.770332
    outer loop
      vertex 66.3876 1.61421 6.799
      vertex 69.1596 1.63506 5.3
      vertex 66.4114 1.63506 6.799
    endloop
  endfacet
  facet normal 0.441482 -0.387265 0.809394
    outer loop
      vertex 66.2151 1.41752 6.799
      vertex 68.9633 1.41752 5.3
      vertex 69.0968 1.56971 5.3
    endloop
  endfacet
  facet normal 0.456086 -0.304649 0.836167
    outer loop
      vertex 66.2151 1.41752 6.799
      vertex 68.9015 1.325 5.3
      vertex 68.9633 1.41752 5.3
    endloop
  endfacet
  facet normal 0.456084 -0.304657 0.836165
    outer loop
      vertex 66.0698 1.2 6.799
      vertex 68.9015 1.325 5.3
      vertex 66.2151 1.41752 6.799
    endloop
  endfacet
  facet normal 0.420176 -0.479625 0.770332
    outer loop
      vertex 66.3876 1.61421 6.799
      vertex 69.1358 1.61421 5.3
      vertex 69.1596 1.63506 5.3
    endloop
  endfacet
  facet normal 0.456044 -0.305002 0.836061
    outer loop
      vertex 66.0698 1.2 6.799
      vertex 68.8179 1.2 5.3
      vertex 68.9015 1.325 5.3
    endloop
  endfacet
  facet normal 0.831544 -0.555459 0
    outer loop
      vertex 66.0698 1.2 7
      vertex 66.2151 1.41752 6.799
      vertex 66.2151 1.41752 7
    endloop
  endfacet
  facet normal 0.831544 -0.555459 0
    outer loop
      vertex 66.2151 1.41752 6.799
      vertex 66.0698 1.2 7
      vertex 66.0698 1.2 6.799
    endloop
  endfacet
  facet normal 0.751826 -0.659362 0
    outer loop
      vertex 66.2151 1.41752 7
      vertex 66.3876 1.61421 6.799
      vertex 66.3876 1.61421 7
    endloop
  endfacet
  facet normal 0.751826 -0.659362 0
    outer loop
      vertex 66.3876 1.61421 6.799
      vertex 66.2151 1.41752 7
      vertex 66.2151 1.41752 6.799
    endloop
  endfacet
  facet normal 0.441493 -0.387196 0.809422
    outer loop
      vertex 66.2151 1.41752 6.799
      vertex 69.0968 1.56971 5.3
      vertex 66.3876 1.61421 6.799
    endloop
  endfacet
  facet normal 0.441542 -0.386969 0.809503
    outer loop
      vertex 66.3876 1.61421 6.799
      vertex 69.0968 1.56971 5.3
      vertex 69.1358 1.61421 5.3
    endloop
  endfacet
  facet normal 0.466049 -0.22977 0.854403
    outer loop
      vertex 66.0553 1.17057 6.799
      vertex 68.7494 1.06104 5.3
      vertex 68.8034 1.17057 5.3
    endloop
  endfacet
  facet normal 0.896865 -0.442305 0
    outer loop
      vertex 65.9541 0.965366 7
      vertex 66.0553 1.17057 6.799
      vertex 66.0553 1.17057 7
    endloop
  endfacet
  facet normal 0.896865 -0.442305 0
    outer loop
      vertex 66.0553 1.17057 6.799
      vertex 65.9541 0.965366 7
      vertex 65.9541 0.965366 6.799
    endloop
  endfacet
  facet normal 0.946921 -0.321466 0
    outer loop
      vertex 65.87 0.717638 7
      vertex 65.9541 0.965366 6.799
      vertex 65.9541 0.965366 7
    endloop
  endfacet
  facet normal 0.946921 -0.321466 0
    outer loop
      vertex 65.9541 0.965366 6.799
      vertex 65.87 0.717638 7
      vertex 65.87 0.717638 6.799
    endloop
  endfacet
  facet normal 0.476705 -0.0947825 0.873938
    outer loop
      vertex 65.87 0.717638 6.799
      vertex 68.6125 0.689473 5.3
      vertex 68.6181 0.717638 5.3
    endloop
  endfacet
  facet normal 0.476705 -0.0947825 0.873938
    outer loop
      vertex 68.6125 0.689473 5.3
      vertex 65.87 0.717638 6.799
      vertex 65.8644 0.689473 6.799
    endloop
  endfacet
  facet normal 0.472663 -0.160375 0.866527
    outer loop
      vertex 65.9541 0.965366 6.799
      vertex 68.6401 0.782343 5.3
      vertex 68.7022 0.965366 5.3
    endloop
  endfacet
  facet normal 0.980801 -0.195011 0
    outer loop
      vertex 65.8644 0.689473 7
      vertex 65.87 0.717638 6.799
      vertex 65.87 0.717638 7
    endloop
  endfacet
  facet normal 0.980801 -0.195011 0
    outer loop
      vertex 65.87 0.717638 6.799
      vertex 65.8644 0.689473 7
      vertex 65.8644 0.689473 6.799
    endloop
  endfacet
  facet normal 0.46604 -0.229836 0.85439
    outer loop
      vertex 65.9541 0.965366 6.799
      vertex 68.7494 1.06104 5.3
      vertex 66.0553 1.17057 6.799
    endloop
  endfacet
  facet normal 0.472652 -0.160458 0.866518
    outer loop
      vertex 65.87 0.717638 6.799
      vertex 68.6401 0.782343 5.3
      vertex 65.9541 0.965366 6.799
    endloop
  endfacet
  facet normal 0.466033 -0.229914 0.854373
    outer loop
      vertex 65.9541 0.965366 6.799
      vertex 68.7022 0.965366 5.3
      vertex 68.7494 1.06104 5.3
    endloop
  endfacet
  facet normal 0.472638 -0.160699 0.866481
    outer loop
      vertex 65.87 0.717638 6.799
      vertex 68.6181 0.717638 5.3
      vertex 68.6401 0.782343 5.3
    endloop
  endfacet
  facet normal 0.5556 -0.83145 0
    outer loop
      vertex 66.5843 1.78671 6.799
      vertex 66.8018 1.93205 7
      vertex 66.5843 1.78671 7
    endloop
  endfacet
  facet normal 0.5556 -0.83145 0
    outer loop
      vertex 66.8018 1.93205 7
      vertex 66.5843 1.78671 6.799
      vertex 66.8018 1.93205 6.799
    endloop
  endfacet
  facet normal 0.442193 -0.89692 0
    outer loop
      vertex 66.8018 1.93205 6.799
      vertex 67.0365 2.04776 7
      vertex 66.8018 1.93205 7
    endloop
  endfacet
  facet normal 0.442193 -0.89692 0
    outer loop
      vertex 67.0365 2.04776 7
      vertex 66.8018 1.93205 6.799
      vertex 67.0365 2.04776 6.799
    endloop
  endfacet
  facet normal 0.38923 -0.582479 0.713595
    outer loop
      vertex 66.5843 1.78671 6.799
      vertex 69.3389 1.79099 5.3
      vertex 66.8018 1.93205 6.799
    endloop
  endfacet
  facet normal 0.277038 -0.815657 0.507892
    outer loop
      vertex 69.7846 2.04776 5.3
      vertex 67.1167 2.075 6.799
      vertex 67.0365 2.04776 6.799
    endloop
  endfacet
  facet normal 0.276806 -0.815989 0.507484
    outer loop
      vertex 67.1167 2.075 6.799
      vertex 69.7846 2.04776 5.3
      vertex 69.8649 2.075 5.3
    endloop
  endfacet
  facet normal 0.321606 -0.946873 0
    outer loop
      vertex 67.0365 2.04776 6.799
      vertex 67.1167 2.075 7
      vertex 67.0365 2.04776 7
    endloop
  endfacet
  facet normal 0.321606 -0.946873 0
    outer loop
      vertex 67.1167 2.075 7
      vertex 67.0365 2.04776 6.799
      vertex 67.1167 2.075 6.799
    endloop
  endfacet
  facet normal 0.420291 -0.479185 0.770543
    outer loop
      vertex 66.4114 1.63506 6.799
      vertex 69.1596 1.63506 5.3
      vertex 66.5843 1.78671 6.799
    endloop
  endfacet
  facet normal 0.659397 -0.751795 0
    outer loop
      vertex 66.4114 1.63506 6.799
      vertex 66.5843 1.78671 7
      vertex 66.4114 1.63506 7
    endloop
  endfacet
  facet normal 0.659397 -0.751795 0
    outer loop
      vertex 66.5843 1.78671 7
      vertex 66.4114 1.63506 6.799
      vertex 66.5843 1.78671 6.799
    endloop
  endfacet
  facet normal 0.389226 -0.582487 0.71359
    outer loop
      vertex 66.8018 1.93205 6.799
      vertex 69.3389 1.79099 5.3
      vertex 69.55 1.93205 5.3
    endloop
  endfacet
  facet normal 0.343654 -0.696404 0.630018
    outer loop
      vertex 67.0365 2.04776 6.799
      vertex 69.6575 1.98504 5.3
      vertex 69.7846 2.04776 5.3
    endloop
  endfacet
  facet normal 0.420291 -0.479185 0.770543
    outer loop
      vertex 66.5843 1.78671 6.799
      vertex 69.1596 1.63506 5.3
      vertex 69.3325 1.78671 5.3
    endloop
  endfacet
  facet normal 0.343467 -0.696787 0.629697
    outer loop
      vertex 66.8018 1.93205 6.799
      vertex 69.55 1.93205 5.3
      vertex 69.6575 1.98504 5.3
    endloop
  endfacet
  facet normal 0.343494 -0.696725 0.629751
    outer loop
      vertex 66.8018 1.93205 6.799
      vertex 69.6575 1.98504 5.3
      vertex 67.0365 2.04776 6.799
    endloop
  endfacet
  facet normal 0.389332 -0.582179 0.713784
    outer loop
      vertex 66.5843 1.78671 6.799
      vertex 69.3325 1.78671 5.3
      vertex 69.3389 1.79099 5.3
    endloop
  endfacet
  facet normal -0.67163 0.740887 0
    outer loop
      vertex 103.612 -1.61421 6.799
      vertex 103.589 -1.63506 7
      vertex 103.612 -1.61421 7
    endloop
  endfacet
  facet normal -0.67163 0.740887 0
    outer loop
      vertex 103.589 -1.63506 7
      vertex 103.612 -1.61421 6.799
      vertex 103.589 -1.63506 6.799
    endloop
  endfacet
  facet normal -0.456195 0.304102 0.836306
    outer loop
      vertex 101.182 -1.2 5.3
      vertex 103.785 -1.41752 6.799
      vertex 103.93 -1.2 6.799
    endloop
  endfacet
  facet normal -0.456195 0.304102 0.836306
    outer loop
      vertex 103.785 -1.41752 6.799
      vertex 101.182 -1.2 5.3
      vertex 101.037 -1.41752 5.3
    endloop
  endfacet
  facet normal -0.465218 0.237114 0.852848
    outer loop
      vertex 101.182 -1.2 5.3
      vertex 103.945 -1.17057 6.799
      vertex 101.197 -1.17057 5.3
    endloop
  endfacet
  facet normal -0.832074 0.554665 0
    outer loop
      vertex 103.785 -1.41752 6.799
      vertex 103.93 -1.2 7
      vertex 103.93 -1.2 6.799
    endloop
  endfacet
  facet normal -0.832074 0.554665 0
    outer loop
      vertex 103.93 -1.2 7
      vertex 103.785 -1.41752 6.799
      vertex 103.785 -1.41752 7
    endloop
  endfacet
  facet normal -0.423426 0.467089 0.776234
    outer loop
      vertex 100.864 -1.61421 5.3
      vertex 103.589 -1.63506 6.799
      vertex 103.612 -1.61421 6.799
    endloop
  endfacet
  facet normal -0.419291 0.482637 0.768933
    outer loop
      vertex 103.589 -1.63506 6.799
      vertex 100.864 -1.61421 5.3
      vertex 100.84 -1.63506 5.3
    endloop
  endfacet
  facet normal -0.441325 0.38817 0.809047
    outer loop
      vertex 101.037 -1.41752 5.3
      vertex 103.612 -1.61421 6.799
      vertex 103.785 -1.41752 6.799
    endloop
  endfacet
  facet normal -0.441325 0.38817 0.809047
    outer loop
      vertex 103.612 -1.61421 6.799
      vertex 101.037 -1.41752 5.3
      vertex 100.864 -1.61421 5.3
    endloop
  endfacet
  facet normal -0.750879 0.66044 0
    outer loop
      vertex 103.612 -1.61421 6.799
      vertex 103.785 -1.41752 7
      vertex 103.785 -1.41752 6.799
    endloop
  endfacet
  facet normal -0.750879 0.66044 0
    outer loop
      vertex 103.785 -1.41752 7
      vertex 103.612 -1.61421 6.799
      vertex 103.612 -1.61421 7
    endloop
  endfacet
  facet normal -0.465218 0.237114 0.852848
    outer loop
      vertex 101.182 -1.2 5.3
      vertex 103.93 -1.2 6.799
      vertex 103.945 -1.17057 6.799
    endloop
  endfacet
  facet normal -0.890949 0.454103 0
    outer loop
      vertex 103.93 -1.2 6.799
      vertex 103.945 -1.17057 7
      vertex 103.945 -1.17057 6.799
    endloop
  endfacet
  facet normal -0.890949 0.454103 0
    outer loop
      vertex 103.945 -1.17057 7
      vertex 103.93 -1.2 6.799
      vertex 103.93 -1.2 7
    endloop
  endfacet
  facet normal -0.554553 0.832148 0
    outer loop
      vertex 103.416 -1.78671 6.799
      vertex 103.246 -1.9 7
      vertex 103.416 -1.78671 7
    endloop
  endfacet
  facet normal -0.554553 0.832148 0
    outer loop
      vertex 103.246 -1.9 7
      vertex 103.416 -1.78671 6.799
      vertex 103.246 -1.9 6.799
    endloop
  endfacet
  facet normal -0.342608 0.698315 0.628472
    outer loop
      vertex 100.45 -1.93205 5.3
      vertex 100.797 -1.95963 5.51981
      vertex 100.936 -1.93205 5.56494
    endloop
  endfacet
  facet normal -0.343252 0.697206 0.62935
    outer loop
      vertex 100.45 -1.93205 5.3
      vertex 100.58 -2.03321 5.48297
      vertex 100.797 -1.95963 5.51981
    endloop
  endfacet
  facet normal -0.347996 0.693601 0.630727
    outer loop
      vertex 100.45 -1.93205 5.3
      vertex 100.551 -2.04776 5.48297
      vertex 100.58 -2.03321 5.48297
    endloop
  endfacet
  facet normal -0.343059 0.696731 0.629981
    outer loop
      vertex 100.551 -2.04776 5.48297
      vertex 100.45 -1.93205 5.3
      vertex 100.215 -2.04776 5.3
    endloop
  endfacet
  facet normal -0.420163 0.479315 0.770532
    outer loop
      vertex 100.84 -1.63506 5.3
      vertex 103.416 -1.78671 6.799
      vertex 103.589 -1.63506 6.799
    endloop
  endfacet
  facet normal -0.420811 0.47728 0.771441
    outer loop
      vertex 103.416 -1.78671 6.799
      vertex 100.84 -1.63506 5.3
      vertex 100.668 -1.78671 5.3
    endloop
  endfacet
  facet normal -0.272821 0.821321 0.500999
    outer loop
      vertex 100.215 -2.04776 5.3
      vertex 100.544 -2.05111 5.48465
      vertex 100.551 -2.04776 5.48297
    endloop
  endfacet
  facet normal -0.278006 0.813945 0.510104
    outer loop
      vertex 100.215 -2.04776 5.3
      vertex 100.496 -2.075 5.49661
      vertex 100.544 -2.05111 5.48465
    endloop
  endfacet
  facet normal -0.277388 0.814648 0.509318
    outer loop
      vertex 100.496 -2.075 5.49661
      vertex 100.215 -2.04776 5.3
      vertex 100.135 -2.075 5.3
    endloop
  endfacet
  facet normal -0.659181 0.751984 0
    outer loop
      vertex 103.589 -1.63506 6.799
      vertex 103.416 -1.78671 7
      vertex 103.589 -1.63506 7
    endloop
  endfacet
  facet normal -0.659181 0.751984 0
    outer loop
      vertex 103.416 -1.78671 7
      vertex 103.589 -1.63506 6.799
      vertex 103.416 -1.78671 6.799
    endloop
  endfacet
  facet normal -0.388885 0.58355 0.712908
    outer loop
      vertex 103.416 -1.78671 6.799
      vertex 101.25 -1.9 5.7102
      vertex 103.246 -1.9 6.799
    endloop
  endfacet
  facet normal -0.388893 0.583521 0.712928
    outer loop
      vertex 100.668 -1.78671 5.3
      vertex 101.25 -1.9 5.7102
      vertex 103.416 -1.78671 6.799
    endloop
  endfacet
  facet normal -0.390078 0.581389 0.714021
    outer loop
      vertex 100.668 -1.78671 5.3
      vertex 101.022 -1.91497 5.59783
      vertex 101.25 -1.9 5.7102
    endloop
  endfacet
  facet normal -0.388612 0.583428 0.713156
    outer loop
      vertex 100.668 -1.78671 5.3
      vertex 100.936 -1.93205 5.56494
      vertex 101.022 -1.91497 5.59783
    endloop
  endfacet
  facet normal -0.388816 0.583197 0.713235
    outer loop
      vertex 100.936 -1.93205 5.56494
      vertex 100.668 -1.78671 5.3
      vertex 100.45 -1.93205 5.3
    endloop
  endfacet
  facet normal 0.466065 0.229628 0.854432
    outer loop
      vertex 68.8034 -1.17057 5.3
      vertex 66.0698 -1.2 6.799
      vertex 68.8179 -1.2 5.3
    endloop
  endfacet
  facet normal 0.466065 0.229628 0.854432
    outer loop
      vertex 66.0698 -1.2 6.799
      vertex 68.8034 -1.17057 5.3
      vertex 66.0553 -1.17057 6.799
    endloop
  endfacet
  facet normal 0.751826 0.659362 0
    outer loop
      vertex 66.3876 -1.61421 7
      vertex 66.2151 -1.41752 6.799
      vertex 66.2151 -1.41752 7
    endloop
  endfacet
  facet normal 0.751826 0.659362 0
    outer loop
      vertex 66.2151 -1.41752 6.799
      vertex 66.3876 -1.61421 7
      vertex 66.3876 -1.61421 6.799
    endloop
  endfacet
  facet normal 0.897033 0.441963 0
    outer loop
      vertex 66.0698 -1.2 7
      vertex 66.0553 -1.17057 6.799
      vertex 66.0553 -1.17057 7
    endloop
  endfacet
  facet normal 0.897033 0.441963 0
    outer loop
      vertex 66.0553 -1.17057 6.799
      vertex 66.0698 -1.2 7
      vertex 66.0698 -1.2 6.799
    endloop
  endfacet
  facet normal 0.831544 0.555459 0
    outer loop
      vertex 66.2151 -1.41752 7
      vertex 66.0698 -1.2 6.799
      vertex 66.0698 -1.2 7
    endloop
  endfacet
  facet normal 0.831544 0.555459 0
    outer loop
      vertex 66.0698 -1.2 6.799
      vertex 66.2151 -1.41752 7
      vertex 66.2151 -1.41752 6.799
    endloop
  endfacet
  facet normal 0.420176 0.479625 0.770332
    outer loop
      vertex 66.3876 -1.61421 6.799
      vertex 66.4114 -1.63506 6.799
      vertex 69.1596 -1.63506 5.3
    endloop
  endfacet
  facet normal 0.658952 0.752185 -0
    outer loop
      vertex 66.4114 -1.63506 6.799
      vertex 66.3876 -1.61421 7
      vertex 66.4114 -1.63506 7
    endloop
  endfacet
  facet normal 0.658952 0.752185 0
    outer loop
      vertex 66.3876 -1.61421 7
      vertex 66.4114 -1.63506 6.799
      vertex 66.3876 -1.61421 6.799
    endloop
  endfacet
  facet normal 0.456086 0.304649 0.836167
    outer loop
      vertex 66.2151 -1.41752 6.799
      vertex 68.9633 -1.41752 5.3
      vertex 68.9015 -1.325 5.3
    endloop
  endfacet
  facet normal 0.456084 0.304657 0.836165
    outer loop
      vertex 66.0698 -1.2 6.799
      vertex 66.2151 -1.41752 6.799
      vertex 68.9015 -1.325 5.3
    endloop
  endfacet
  facet normal 0.441542 0.386969 0.809503
    outer loop
      vertex 66.3876 -1.61421 6.799
      vertex 69.1358 -1.61421 5.3
      vertex 69.0968 -1.56971 5.3
    endloop
  endfacet
  facet normal 0.420176 0.479625 0.770332
    outer loop
      vertex 66.3876 -1.61421 6.799
      vertex 69.1596 -1.63506 5.3
      vertex 69.1358 -1.61421 5.3
    endloop
  endfacet
  facet normal 0.441493 0.387196 0.809422
    outer loop
      vertex 66.2151 -1.41752 6.799
      vertex 66.3876 -1.61421 6.799
      vertex 69.0968 -1.56971 5.3
    endloop
  endfacet
  facet normal 0.441482 0.387265 0.809394
    outer loop
      vertex 66.2151 -1.41752 6.799
      vertex 69.0968 -1.56971 5.3
      vertex 68.9633 -1.41752 5.3
    endloop
  endfacet
  facet normal 0.456044 0.305002 0.836061
    outer loop
      vertex 66.0698 -1.2 6.799
      vertex 68.9015 -1.325 5.3
      vertex 68.8179 -1.2 5.3
    endloop
  endfacet
  facet normal 0.659397 0.751795 -0
    outer loop
      vertex 66.5843 -1.78671 6.799
      vertex 66.4114 -1.63506 7
      vertex 66.5843 -1.78671 7
    endloop
  endfacet
  facet normal 0.659397 0.751795 0
    outer loop
      vertex 66.4114 -1.63506 7
      vertex 66.5843 -1.78671 6.799
      vertex 66.4114 -1.63506 6.799
    endloop
  endfacet
  facet normal 0.343289 0.697075 0.629475
    outer loop
      vertex 69.2558 -1.97759 5.51082
      vertex 69.3028 -1.99353 5.50284
      vertex 69.6575 -1.98504 5.3
    endloop
  endfacet
  facet normal 0.276798 0.815963 0.50753
    outer loop
      vertex 69.7846 -2.04776 5.3
      vertex 69.5044 -2.075 5.49661
      vertex 69.8649 -2.075 5.3
    endloop
  endfacet
  facet normal 0.277039 0.815691 0.507836
    outer loop
      vertex 69.5044 -2.075 5.49661
      vertex 69.7846 -2.04776 5.3
      vertex 69.4492 -2.04776 5.48297
    endloop
  endfacet
  facet normal 0.389238 0.582505 0.713569
    outer loop
      vertex 69.3389 -1.79099 5.3
      vertex 69.0643 -1.93205 5.56494
      vertex 69.55 -1.93205 5.3
    endloop
  endfacet
  facet normal 0.389053 0.582722 0.713493
    outer loop
      vertex 69.3389 -1.79099 5.3
      vertex 68.9784 -1.91497 5.59783
      vertex 69.0643 -1.93205 5.56494
    endloop
  endfacet
  facet normal 0.389268 0.582416 0.713626
    outer loop
      vertex 69.3389 -1.79099 5.3
      vertex 68.75 -1.9 5.7102
      vertex 68.9784 -1.91497 5.59783
    endloop
  endfacet
  facet normal 0.389253 0.582445 0.713611
    outer loop
      vertex 68.75 -1.9 5.7102
      vertex 69.3389 -1.79099 5.3
      vertex 67.3783 -1.9 6.45842
    endloop
  endfacet
  facet normal 0.34344 0.696731 0.629774
    outer loop
      vertex 69.55 -1.93205 5.3
      vertex 69.2558 -1.97759 5.51082
      vertex 69.6575 -1.98504 5.3
    endloop
  endfacet
  facet normal 0.34354 0.696583 0.629883
    outer loop
      vertex 69.2558 -1.97759 5.51082
      vertex 69.55 -1.93205 5.3
      vertex 69.2029 -1.95963 5.51981
    endloop
  endfacet
  facet normal 0.34373 0.696255 0.630142
    outer loop
      vertex 69.2029 -1.95963 5.51981
      vertex 69.55 -1.93205 5.3
      vertex 69.0643 -1.93205 5.56494
    endloop
  endfacet
  facet normal 0.420291 0.479185 0.770543
    outer loop
      vertex 66.4114 -1.63506 6.799
      vertex 66.5843 -1.78671 6.799
      vertex 69.1596 -1.63506 5.3
    endloop
  endfacet
  facet normal 0.420291 0.479185 0.770543
    outer loop
      vertex 66.5843 -1.78671 6.799
      vertex 69.3325 -1.78671 5.3
      vertex 69.1596 -1.63506 5.3
    endloop
  endfacet
  facet normal 0.389183 0.582615 0.71351
    outer loop
      vertex 66.5843 -1.78671 6.799
      vertex 67.3783 -1.9 6.45842
      vertex 69.3389 -1.79099 5.3
    endloop
  endfacet
  facet normal 0.389182 0.582622 0.713504
    outer loop
      vertex 67.3783 -1.9 6.45842
      vertex 66.5843 -1.78671 6.799
      vertex 66.7539 -1.9 6.799
    endloop
  endfacet
  facet normal 0.389332 0.582179 0.713784
    outer loop
      vertex 66.5843 -1.78671 6.799
      vertex 69.3389 -1.79099 5.3
      vertex 69.3325 -1.78671 5.3
    endloop
  endfacet
  facet normal 0.343669 0.696435 0.629976
    outer loop
      vertex 69.6575 -1.98504 5.3
      vertex 69.4492 -2.04776 5.48297
      vertex 69.7846 -2.04776 5.3
    endloop
  endfacet
  facet normal 0.343559 0.696563 0.629894
    outer loop
      vertex 69.4492 -2.04776 5.48297
      vertex 69.6575 -1.98504 5.3
      vertex 69.4197 -2.03321 5.48297
    endloop
  endfacet
  facet normal 0.343517 0.69662 0.629854
    outer loop
      vertex 69.4197 -2.03321 5.48297
      vertex 69.6575 -1.98504 5.3
      vertex 69.3028 -1.99353 5.50284
    endloop
  endfacet
  facet normal 0.555458 0.831545 -0
    outer loop
      vertex 66.7539 -1.9 6.799
      vertex 66.5843 -1.78671 7
      vertex 66.7539 -1.9 7
    endloop
  endfacet
  facet normal 0.555458 0.831545 0
    outer loop
      vertex 66.5843 -1.78671 7
      vertex 66.7539 -1.9 6.799
      vertex 66.5843 -1.78671 6.799
    endloop
  endfacet
  facet normal -0.0654151 -0.997858 0
    outer loop
      vertex 102.198 2.2 6.799
      vertex 102.459 2.18289 7
      vertex 102.198 2.2 7
    endloop
  endfacet
  facet normal -0.0654151 -0.997858 -0
    outer loop
      vertex 102.459 2.18289 7
      vertex 102.198 2.2 6.799
      vertex 102.459 2.18289 6.799
    endloop
  endfacet
  facet normal -0.322258 -0.946652 0
    outer loop
      vertex 102.716 2.13185 6.799
      vertex 102.883 2.075 7
      vertex 102.716 2.13185 7
    endloop
  endfacet
  facet normal -0.322258 -0.946652 -0
    outer loop
      vertex 102.883 2.075 7
      vertex 102.716 2.13185 6.799
      vertex 102.883 2.075 6.799
    endloop
  endfacet
  facet normal -0.277017 -0.815701 0.507833
    outer loop
      vertex 99.9676 2.13185 5.3
      vertex 100.135 2.075 5.3
      vertex 102.883 2.075 6.799
    endloop
  endfacet
  facet normal -0.0649254 -0.990767 0.119023
    outer loop
      vertex 99.7111 2.18289 5.3
      vertex 102.198 2.2 6.799
      vertex 99.45 2.2 5.3
    endloop
  endfacet
  facet normal -0.0649498 -0.99076 0.119063
    outer loop
      vertex 102.198 2.2 6.799
      vertex 99.7111 2.18289 5.3
      vertex 102.459 2.18289 6.799
    endloop
  endfacet
  facet normal -0.194795 -0.980844 0
    outer loop
      vertex 102.459 2.18289 6.799
      vertex 102.716 2.13185 7
      vertex 102.459 2.18289 7
    endloop
  endfacet
  facet normal -0.194795 -0.980844 -0
    outer loop
      vertex 102.716 2.13185 7
      vertex 102.459 2.18289 6.799
      vertex 102.716 2.13185 6.799
    endloop
  endfacet
  facet normal -0.183755 -0.923453 0.336851
    outer loop
      vertex 99.9676 2.13185 5.3
      vertex 102.459 2.18289 6.799
      vertex 99.7111 2.18289 5.3
    endloop
  endfacet
  facet normal -0.183446 -0.923699 0.336346
    outer loop
      vertex 102.459 2.18289 6.799
      vertex 99.9676 2.13185 5.3
      vertex 102.716 2.13185 6.799
    endloop
  endfacet
  facet normal -0.277447 -0.815016 0.508696
    outer loop
      vertex 99.9676 2.13185 5.3
      vertex 102.883 2.075 6.799
      vertex 102.716 2.13185 6.799
    endloop
  endfacet
  facet normal -0.478875 0 0.877883
    outer loop
      vertex 101.45 0.2 5.3
      vertex 104.198 -0.199999 6.799
      vertex 104.198 0.2 6.799
    endloop
  endfacet
  facet normal -0.478875 0 0.877883
    outer loop
      vertex 104.198 -0.199999 6.799
      vertex 101.45 0.2 5.3
      vertex 101.45 -0.199999 5.3
    endloop
  endfacet
  facet normal -0.981142 -0.193289 0
    outer loop
      vertex 104.181 0.461052 6.799
      vertex 104.136 0.689473 7
      vertex 104.136 0.689473 6.799
    endloop
  endfacet
  facet normal -0.981142 -0.193289 0
    outer loop
      vertex 104.136 0.689473 7
      vertex 104.181 0.461052 6.799
      vertex 104.181 0.461052 7
    endloop
  endfacet
  facet normal -0.476758 -0.0939235 0.874003
    outer loop
      vertex 101.433 0.461052 5.3
      vertex 104.181 0.461052 6.799
      vertex 104.136 0.689473 6.799
    endloop
  endfacet
  facet normal -0.997886 -0.0649835 0
    outer loop
      vertex 104.198 0.2 6.799
      vertex 104.181 0.461052 7
      vertex 104.181 0.461052 6.799
    endloop
  endfacet
  facet normal -0.997886 -0.0649835 0
    outer loop
      vertex 104.181 0.461052 7
      vertex 104.198 0.2 6.799
      vertex 104.198 0.2 7
    endloop
  endfacet
  facet normal -1 0 0
    outer loop
      vertex 104.198 -0.199999 6.799
      vertex 104.198 0.2 7
      vertex 104.198 0.2 6.799
    endloop
  endfacet
  facet normal -1 -0 0
    outer loop
      vertex 104.198 0.2 7
      vertex 104.198 -0.199999 6.799
      vertex 104.198 -0.199999 7
    endloop
  endfacet
  facet normal -0.478642 -0.0311697 0.877457
    outer loop
      vertex 104.181 0.461052 6.799
      vertex 101.45 0.2 5.3
      vertex 104.198 0.2 6.799
    endloop
  endfacet
  facet normal -0.478642 -0.0311697 0.877457
    outer loop
      vertex 101.45 0.2 5.3
      vertex 104.181 0.461052 6.799
      vertex 101.433 0.461052 5.3
    endloop
  endfacet
  facet normal -0.476682 -0.0946046 0.87397
    outer loop
      vertex 104.136 0.689473 6.799
      vertex 101.399 0.632367 5.3
      vertex 101.433 0.461052 5.3
    endloop
  endfacet
  facet normal -0.476336 -0.100095 0.873547
    outer loop
      vertex 101.399 0.632367 5.3
      vertex 104.136 0.689473 6.799
      vertex 101.387 0.689473 5.3
    endloop
  endfacet
  facet normal -0.476682 0.0946046 0.87397
    outer loop
      vertex 101.399 -0.632366 5.3
      vertex 104.136 -0.689472 6.799
      vertex 101.433 -0.461051 5.3
    endloop
  endfacet
  facet normal -0.476336 0.100095 0.873547
    outer loop
      vertex 104.136 -0.689472 6.799
      vertex 101.399 -0.632366 5.3
      vertex 101.387 -0.689472 5.3
    endloop
  endfacet
  facet normal -0.476758 0.0939235 0.874003
    outer loop
      vertex 101.433 -0.461051 5.3
      vertex 104.136 -0.689472 6.799
      vertex 104.181 -0.461051 6.799
    endloop
  endfacet
  facet normal -0.981142 0.193289 0
    outer loop
      vertex 104.136 -0.689472 6.799
      vertex 104.181 -0.461051 7
      vertex 104.181 -0.461051 6.799
    endloop
  endfacet
  facet normal -0.981142 0.193289 0
    outer loop
      vertex 104.181 -0.461051 7
      vertex 104.136 -0.689472 6.799
      vertex 104.136 -0.689472 7
    endloop
  endfacet
  facet normal -0.478642 0.0311697 0.877457
    outer loop
      vertex 101.45 -0.199999 5.3
      vertex 104.181 -0.461051 6.799
      vertex 104.198 -0.199999 6.799
    endloop
  endfacet
  facet normal -0.478642 0.0311697 0.877457
    outer loop
      vertex 104.181 -0.461051 6.799
      vertex 101.45 -0.199999 5.3
      vertex 101.433 -0.461051 5.3
    endloop
  endfacet
  facet normal -0.997886 0.0649835 0
    outer loop
      vertex 104.181 -0.461051 6.799
      vertex 104.198 -0.199999 7
      vertex 104.198 -0.199999 6.799
    endloop
  endfacet
  facet normal -0.997886 0.0649835 0
    outer loop
      vertex 104.198 -0.199999 7
      vertex 104.181 -0.461051 6.799
      vertex 104.181 -0.461051 7
    endloop
  endfacet
  facet normal -0.466103 0.229411 0.85447
    outer loop
      vertex 101.298 -0.965365 5.3
      vertex 103.945 -1.17057 6.799
      vertex 104.046 -0.965365 6.799
    endloop
  endfacet
  facet normal 0 0 1
    outer loop
      vertex 101.298 -0.965365 5.3
      vertex 101.382 -0.717637 5.3
      vertex 101.36 -0.782342 5.3
    endloop
  endfacet
  facet normal -0.466174 0.229006 0.85454
    outer loop
      vertex 101.251 -1.06104 5.3
      vertex 103.945 -1.17057 6.799
      vertex 101.298 -0.965365 5.3
    endloop
  endfacet
  facet normal -0.466062 0.229776 0.854394
    outer loop
      vertex 103.945 -1.17057 6.799
      vertex 101.251 -1.06104 5.3
      vertex 101.197 -1.17057 5.3
    endloop
  endfacet
  facet normal -0.978053 0.208355 0
    outer loop
      vertex 104.13 -0.717637 6.799
      vertex 104.136 -0.689472 7
      vertex 104.136 -0.689472 6.799
    endloop
  endfacet
  facet normal -0.978053 0.208355 0
    outer loop
      vertex 104.136 -0.689472 7
      vertex 104.13 -0.717637 6.799
      vertex 104.13 -0.717637 7
    endloop
  endfacet
  facet normal -0.947038 0.321123 0
    outer loop
      vertex 104.046 -0.965365 6.799
      vertex 104.13 -0.717637 7
      vertex 104.13 -0.717637 6.799
    endloop
  endfacet
  facet normal -0.947038 0.321123 0
    outer loop
      vertex 104.13 -0.717637 7
      vertex 104.046 -0.965365 6.799
      vertex 104.046 -0.965365 7
    endloop
  endfacet
  facet normal -0.897212 0.4416 0
    outer loop
      vertex 103.945 -1.17057 6.799
      vertex 104.046 -0.965365 7
      vertex 104.046 -0.965365 6.799
    endloop
  endfacet
  facet normal -0.897212 0.4416 0
    outer loop
      vertex 104.046 -0.965365 7
      vertex 103.945 -1.17057 6.799
      vertex 103.945 -1.17057 7
    endloop
  endfacet
  facet normal -0.477021 0.0846832 0.874803
    outer loop
      vertex 101.382 -0.717637 5.3
      vertex 104.136 -0.689472 6.799
      vertex 101.387 -0.689472 5.3
    endloop
  endfacet
  facet normal -0.472684 0.160278 0.866534
    outer loop
      vertex 101.382 -0.717637 5.3
      vertex 104.046 -0.965365 6.799
      vertex 104.13 -0.717637 6.799
    endloop
  endfacet
  facet normal -0.472684 0.160278 0.866534
    outer loop
      vertex 104.046 -0.965365 6.799
      vertex 101.382 -0.717637 5.3
      vertex 101.298 -0.965365 5.3
    endloop
  endfacet
  facet normal -0.476402 0.101488 0.873351
    outer loop
      vertex 101.382 -0.717637 5.3
      vertex 104.13 -0.717637 6.799
      vertex 104.136 -0.689472 6.799
    endloop
  endfacet
  facet normal -0.271078 0.82388 0.497733
    outer loop
      vertex 100.135 -2.075 5.3
      vertex 100.482 -2.0816 5.49991
      vertex 100.496 -2.075 5.49661
    endloop
  endfacet
  facet normal -0.278018 0.814342 0.509463
    outer loop
      vertex 100.135 -2.075 5.3
      vertex 100.445 -2.1 5.50913
      vertex 100.482 -2.0816 5.49991
    endloop
  endfacet
  facet normal -0.275941 0.816784 0.506676
    outer loop
      vertex 100.445 -2.1 5.50913
      vertex 100.135 -2.075 5.3
      vertex 100.061 -2.1 5.3
    endloop
  endfacet
  facet normal 1 -0 0
    outer loop
      vertex 65.8018 -0.199999 7
      vertex 65.8018 0.2 6.799
      vertex 65.8018 0.2 7
    endloop
  endfacet
  facet normal 1 0 0
    outer loop
      vertex 65.8018 0.2 6.799
      vertex 65.8018 -0.199999 7
      vertex 65.8018 -0.199999 6.799
    endloop
  endfacet
  facet normal 0.980732 -0.195356 0
    outer loop
      vertex 65.8189 0.461052 7
      vertex 65.8644 0.689473 6.799
      vertex 65.8644 0.689473 7
    endloop
  endfacet
  facet normal 0.980732 -0.195356 0
    outer loop
      vertex 65.8644 0.689473 6.799
      vertex 65.8189 0.461052 7
      vertex 65.8189 0.461052 6.799
    endloop
  endfacet
  facet normal 0.478848 0 0.877898
    outer loop
      vertex 65.8018 0.2 6.799
      vertex 68.55 -0.199999 5.3
      vertex 68.55 0.2 5.3
    endloop
  endfacet
  facet normal 0.478848 0 0.877898
    outer loop
      vertex 68.55 -0.199999 5.3
      vertex 65.8018 0.2 6.799
      vertex 65.8018 -0.199999 6.799
    endloop
  endfacet
  facet normal 0.476684 -0.0949524 0.873931
    outer loop
      vertex 65.8189 0.461052 6.799
      vertex 68.5736 0.493684 5.3
      vertex 65.8644 0.689473 6.799
    endloop
  endfacet
  facet normal 0.476708 -0.094714 0.873944
    outer loop
      vertex 65.8644 0.689473 6.799
      vertex 68.5736 0.493684 5.3
      vertex 68.6125 0.689473 5.3
    endloop
  endfacet
  facet normal 0.997861 -0.0653641 0
    outer loop
      vertex 65.8018 0.2 7
      vertex 65.8189 0.461052 6.799
      vertex 65.8189 0.461052 7
    endloop
  endfacet
  facet normal 0.997861 -0.0653641 0
    outer loop
      vertex 65.8189 0.461052 6.799
      vertex 65.8018 0.2 7
      vertex 65.8018 0.2 6.799
    endloop
  endfacet
  facet normal 0.478612 -0.0313511 0.877466
    outer loop
      vertex 65.8189 0.461052 6.799
      vertex 68.55 0.2 5.3
      vertex 68.5671 0.461052 5.3
    endloop
  endfacet
  facet normal 0.478612 -0.0313511 0.877466
    outer loop
      vertex 68.55 0.2 5.3
      vertex 65.8189 0.461052 6.799
      vertex 65.8018 0.2 6.799
    endloop
  endfacet
  facet normal 0.476684 -0.0949512 0.873932
    outer loop
      vertex 65.8189 0.461052 6.799
      vertex 68.5671 0.461052 5.3
      vertex 68.5736 0.493684 5.3
    endloop
  endfacet
  facet normal 0.476708 0.094714 0.873944
    outer loop
      vertex 65.8644 -0.689472 6.799
      vertex 68.6125 -0.689472 5.3
      vertex 68.5736 -0.493683 5.3
    endloop
  endfacet
  facet normal 0.476684 0.0949524 0.873931
    outer loop
      vertex 65.8189 -0.461051 6.799
      vertex 65.8644 -0.689472 6.799
      vertex 68.5736 -0.493683 5.3
    endloop
  endfacet
  facet normal 0.980732 0.195356 0
    outer loop
      vertex 65.8644 -0.689472 7
      vertex 65.8189 -0.461051 6.799
      vertex 65.8189 -0.461051 7
    endloop
  endfacet
  facet normal 0.980732 0.195356 0
    outer loop
      vertex 65.8189 -0.461051 6.799
      vertex 65.8644 -0.689472 7
      vertex 65.8644 -0.689472 6.799
    endloop
  endfacet
  facet normal 0.476684 0.0949512 0.873932
    outer loop
      vertex 65.8189 -0.461051 6.799
      vertex 68.5736 -0.493683 5.3
      vertex 68.5671 -0.461051 5.3
    endloop
  endfacet
  facet normal 0.997861 0.0653641 0
    outer loop
      vertex 65.8189 -0.461051 7
      vertex 65.8018 -0.199999 6.799
      vertex 65.8018 -0.199999 7
    endloop
  endfacet
  facet normal 0.997861 0.0653641 0
    outer loop
      vertex 65.8018 -0.199999 6.799
      vertex 65.8189 -0.461051 7
      vertex 65.8189 -0.461051 6.799
    endloop
  endfacet
  facet normal 0.478612 0.0313511 0.877466
    outer loop
      vertex 68.55 -0.199999 5.3
      vertex 65.8189 -0.461051 6.799
      vertex 68.5671 -0.461051 5.3
    endloop
  endfacet
  facet normal 0.478612 0.0313511 0.877466
    outer loop
      vertex 65.8189 -0.461051 6.799
      vertex 68.55 -0.199999 5.3
      vertex 65.8018 -0.199999 6.799
    endloop
  endfacet
  facet normal 0.276901 -0.815848 0.507659
    outer loop
      vertex 69.8649 2.075 5.3
      vertex 67.2842 2.13185 6.799
      vertex 67.1167 2.075 6.799
    endloop
  endfacet
  facet normal 0.276901 -0.815848 0.507659
    outer loop
      vertex 67.2842 2.13185 6.799
      vertex 69.8649 2.075 5.3
      vertex 70.0324 2.13185 5.3
    endloop
  endfacet
  facet normal 0.321396 -0.946945 0
    outer loop
      vertex 67.1167 2.075 6.799
      vertex 67.2842 2.13185 7
      vertex 67.1167 2.075 7
    endloop
  endfacet
  facet normal 0.321396 -0.946945 0
    outer loop
      vertex 67.2842 2.13185 7
      vertex 67.1167 2.075 6.799
      vertex 67.2842 2.13185 6.799
    endloop
  endfacet
  facet normal 0.0649498 -0.990759 0.119072
    outer loop
      vertex 70.2889 2.18289 5.3
      vertex 67.8018 2.2 6.799
      vertex 67.5408 2.18289 6.799
    endloop
  endfacet
  facet normal 0.0649253 -0.990766 0.119031
    outer loop
      vertex 67.8018 2.2 6.799
      vertex 70.2889 2.18289 5.3
      vertex 70.55 2.2 5.3
    endloop
  endfacet
  facet normal 0.183692 -0.923499 0.33676
    outer loop
      vertex 67.2842 2.13185 6.799
      vertex 70.1163 2.14856 5.3
      vertex 67.5408 2.18289 6.799
    endloop
  endfacet
  facet normal 0.183893 -0.923319 0.337142
    outer loop
      vertex 67.2842 2.13185 6.799
      vertex 70.0324 2.13185 5.3
      vertex 70.1163 2.14856 5.3
    endloop
  endfacet
  facet normal 0.195087 -0.980786 0
    outer loop
      vertex 67.2842 2.13185 6.799
      vertex 67.5408 2.18289 7
      vertex 67.2842 2.13185 7
    endloop
  endfacet
  facet normal 0.195087 -0.980786 0
    outer loop
      vertex 67.5408 2.18289 7
      vertex 67.2842 2.13185 6.799
      vertex 67.5408 2.18289 6.799
    endloop
  endfacet
  facet normal 0.0654151 -0.997858 0
    outer loop
      vertex 67.5408 2.18289 6.799
      vertex 67.8018 2.2 7
      vertex 67.5408 2.18289 7
    endloop
  endfacet
  facet normal 0.0654151 -0.997858 0
    outer loop
      vertex 67.8018 2.2 7
      vertex 67.5408 2.18289 6.799
      vertex 67.8018 2.2 6.799
    endloop
  endfacet
  facet normal 0.183684 -0.923505 0.336747
    outer loop
      vertex 67.5408 2.18289 6.799
      vertex 70.1163 2.14856 5.3
      vertex 70.2889 2.18289 5.3
    endloop
  endfacet
  facet normal 0.472652 0.160458 0.866518
    outer loop
      vertex 65.87 -0.717637 6.799
      vertex 65.9541 -0.965365 6.799
      vertex 68.6401 -0.782342 5.3
    endloop
  endfacet
  facet normal 0.980801 0.195011 0
    outer loop
      vertex 65.87 -0.717637 7
      vertex 65.8644 -0.689472 6.799
      vertex 65.8644 -0.689472 7
    endloop
  endfacet
  facet normal 0.980801 0.195011 0
    outer loop
      vertex 65.8644 -0.689472 6.799
      vertex 65.87 -0.717637 7
      vertex 65.87 -0.717637 6.799
    endloop
  endfacet
  facet normal 0.476705 0.0947825 0.873938
    outer loop
      vertex 68.6125 -0.689472 5.3
      vertex 65.87 -0.717637 6.799
      vertex 68.6181 -0.717637 5.3
    endloop
  endfacet
  facet normal 0.476705 0.0947825 0.873938
    outer loop
      vertex 65.87 -0.717637 6.799
      vertex 68.6125 -0.689472 5.3
      vertex 65.8644 -0.689472 6.799
    endloop
  endfacet
  facet normal 0.896866 0.442303 0
    outer loop
      vertex 66.0553 -1.17057 7
      vertex 65.9541 -0.965365 6.799
      vertex 65.9541 -0.965365 7
    endloop
  endfacet
  facet normal 0.896866 0.442303 0
    outer loop
      vertex 65.9541 -0.965365 6.799
      vertex 66.0553 -1.17057 7
      vertex 66.0553 -1.17057 6.799
    endloop
  endfacet
  facet normal 0.472638 0.160699 0.866481
    outer loop
      vertex 65.87 -0.717637 6.799
      vertex 68.6401 -0.782342 5.3
      vertex 68.6181 -0.717637 5.3
    endloop
  endfacet
  facet normal 0.946921 0.321466 0
    outer loop
      vertex 65.9541 -0.965365 7
      vertex 65.87 -0.717637 6.799
      vertex 65.87 -0.717637 7
    endloop
  endfacet
  facet normal 0.946921 0.321466 0
    outer loop
      vertex 65.87 -0.717637 6.799
      vertex 65.9541 -0.965365 7
      vertex 65.9541 -0.965365 6.799
    endloop
  endfacet
  facet normal 0.466033 0.229911 0.854373
    outer loop
      vertex 65.9541 -0.965365 6.799
      vertex 68.7494 -1.06104 5.3
      vertex 68.7022 -0.965365 5.3
    endloop
  endfacet
  facet normal 0.472663 0.160375 0.866527
    outer loop
      vertex 65.9541 -0.965365 6.799
      vertex 68.7022 -0.965365 5.3
      vertex 68.6401 -0.782342 5.3
    endloop
  endfacet
  facet normal 0.466049 0.22977 0.854403
    outer loop
      vertex 66.0553 -1.17057 6.799
      vertex 68.8034 -1.17057 5.3
      vertex 68.7494 -1.06104 5.3
    endloop
  endfacet
  facet normal 0.46604 0.229835 0.85439
    outer loop
      vertex 65.9541 -0.965365 6.799
      vertex 66.0553 -1.17057 6.799
      vertex 68.7494 -1.06104 5.3
    endloop
  endfacet
  facet normal 0.277053 0.815644 0.507904
    outer loop
      vertex 69.8649 -2.075 5.3
      vertex 69.5481 -2.09654 5.5074
      vertex 69.9385 -2.1 5.3
    endloop
  endfacet
  facet normal 0.276835 0.815908 0.507598
    outer loop
      vertex 69.5481 -2.09654 5.5074
      vertex 69.8649 -2.075 5.3
      vertex 69.5044 -2.075 5.49661
    endloop
  endfacet
  facet normal 0.277315 0.815244 0.508404
    outer loop
      vertex 69.5481 -2.09654 5.5074
      vertex 69.5551 -2.1 5.50913
      vertex 69.9385 -2.1 5.3
    endloop
  endfacet
  facet normal 0.183563 0.923617 0.336507
    outer loop
      vertex 70.1163 -2.14856 5.3
      vertex 69.6627 -2.15963 5.57782
      vertex 70.172 -2.15963 5.3
    endloop
  endfacet
  facet normal 0.183728 0.923487 0.336772
    outer loop
      vertex 69.6627 -2.15963 5.57782
      vertex 70.1163 -2.14856 5.3
      vertex 69.653 -2.15316 5.56537
    endloop
  endfacet
  facet normal 0.183894 0.92332 0.33714
    outer loop
      vertex 70.0324 -2.13185 5.3
      vertex 69.6365 -2.14216 5.54418
      vertex 70.1163 -2.14856 5.3
    endloop
  endfacet
  facet normal 0.183915 0.923304 0.337173
    outer loop
      vertex 69.6365 -2.14216 5.54418
      vertex 70.0324 -2.13185 5.3
      vertex 69.625 -2.13445 5.52934
    endloop
  endfacet
  facet normal 0.183214 0.923894 0.335936
    outer loop
      vertex 69.625 -2.13445 5.52934
      vertex 70.0324 -2.13185 5.3
      vertex 69.6197 -2.13185 5.52508
    endloop
  endfacet
  facet normal 0.27665 0.816184 0.507256
    outer loop
      vertex 69.9826 -2.11497 5.3
      vertex 69.6081 -2.12614 5.52222
      vertex 70.0324 -2.13185 5.3
    endloop
  endfacet
  facet normal 0.27727 0.81535 0.508258
    outer loop
      vertex 69.6081 -2.12614 5.52222
      vertex 69.9826 -2.11497 5.3
      vertex 69.5855 -2.11497 5.51663
    endloop
  endfacet
  facet normal 0.27667 0.816153 0.507294
    outer loop
      vertex 69.6081 -2.12614 5.52222
      vertex 69.6197 -2.13185 5.52508
      vertex 70.0324 -2.13185 5.3
    endloop
  endfacet
  facet normal 0.183578 0.923612 0.336512
    outer loop
      vertex 69.6365 -2.14216 5.54418
      vertex 69.653 -2.15316 5.56537
      vertex 70.1163 -2.14856 5.3
    endloop
  endfacet
  facet normal 0.0649254 0.990767 0.119023
    outer loop
      vertex 70.2889 -2.18289 5.3
      vertex 69.7085 -2.19026 5.67795
      vertex 70.55 -2.2 5.3
    endloop
  endfacet
  facet normal 0.0649362 0.990764 0.119039
    outer loop
      vertex 69.7085 -2.19026 5.67795
      vertex 70.2889 -2.18289 5.3
      vertex 69.6975 -2.18289 5.62261
    endloop
  endfacet
  facet normal 0.0649407 0.990761 0.119057
    outer loop
      vertex 69.7085 -2.19026 5.67795
      vertex 69.7231 -2.2 5.75104
      vertex 70.55 -2.2 5.3
    endloop
  endfacet
  facet normal 0.183659 0.923533 0.336685
    outer loop
      vertex 69.6627 -2.15963 5.57782
      vertex 69.6783 -2.17006 5.59792
      vertex 70.172 -2.15963 5.3
    endloop
  endfacet
  facet normal 0.183744 0.923461 0.336835
    outer loop
      vertex 70.172 -2.15963 5.3
      vertex 69.6975 -2.18289 5.62261
      vertex 70.2889 -2.18289 5.3
    endloop
  endfacet
  facet normal 0.183802 0.92342 0.336917
    outer loop
      vertex 69.6975 -2.18289 5.62261
      vertex 70.172 -2.15963 5.3
      vertex 69.6783 -2.17006 5.59792
    endloop
  endfacet
  facet normal -0.184629 0.922763 0.338262
    outer loop
      vertex 99.828 -2.15963 5.3
      vertex 100.319 -2.17189 5.60144
      vertex 100.337 -2.15963 5.57782
    endloop
  endfacet
  facet normal -0.183743 0.923456 0.336848
    outer loop
      vertex 100.319 -2.17189 5.60144
      vertex 99.828 -2.15963 5.3
      vertex 99.7111 -2.18289 5.3
    endloop
  endfacet
  facet normal -0.065192 0.990688 0.119532
    outer loop
      vertex 99.45 -2.2 5.3
      vertex 100.277 -2.2 5.75104
      vertex 100.291 -2.19026 5.67795
    endloop
  endfacet
  facet normal -0.184989 0.922271 0.339403
    outer loop
      vertex 99.7111 -2.18289 5.3
      vertex 100.303 -2.18289 5.62261
      vertex 100.319 -2.17189 5.60144
    endloop
  endfacet
  facet normal -0.0643257 0.990926 0.11802
    outer loop
      vertex 99.7111 -2.18289 5.3
      vertex 100.291 -2.19026 5.67795
      vertex 100.303 -2.18289 5.62261
    endloop
  endfacet
  facet normal -0.064926 0.990777 0.118938
    outer loop
      vertex 100.291 -2.19026 5.67795
      vertex 99.7111 -2.18289 5.3
      vertex 99.45 -2.2 5.3
    endloop
  endfacet
  facet normal -0.274752 0.818355 0.504783
    outer loop
      vertex 100.017 -2.11497 5.3
      vertex 100.392 -2.12614 5.52222
      vertex 100.415 -2.11497 5.51663
    endloop
  endfacet
  facet normal -0.278095 0.813856 0.510198
    outer loop
      vertex 100.392 -2.12614 5.52222
      vertex 100.017 -2.11497 5.3
      vertex 99.9676 -2.13185 5.3
    endloop
  endfacet
  facet normal -0.184083 0.923161 0.337471
    outer loop
      vertex 100.375 -2.13445 5.52934
      vertex 99.9676 -2.13185 5.3
      vertex 100.363 -2.14252 5.54487
    endloop
  endfacet
  facet normal -0.186944 0.920722 0.342525
    outer loop
      vertex 99.9676 -2.13185 5.3
      vertex 100.375 -2.13445 5.52934
      vertex 100.38 -2.13185 5.52508
    endloop
  endfacet
  facet normal -0.272435 0.822564 0.499166
    outer loop
      vertex 99.9676 -2.13185 5.3
      vertex 100.38 -2.13185 5.52508
      vertex 100.392 -2.12614 5.52222
    endloop
  endfacet
  facet normal -0.183359 0.923723 0.336326
    outer loop
      vertex 99.9676 -2.13185 5.3
      vertex 100.347 -2.15316 5.56537
      vertex 100.363 -2.14252 5.54487
    endloop
  endfacet
  facet normal -0.183899 0.923345 0.337068
    outer loop
      vertex 100.347 -2.15316 5.56537
      vertex 99.9676 -2.13185 5.3
      vertex 99.8837 -2.14856 5.3
    endloop
  endfacet
  facet normal -0.182234 0.924722 0.334186
    outer loop
      vertex 99.8837 -2.14856 5.3
      vertex 100.337 -2.15963 5.57782
      vertex 100.347 -2.15316 5.56537
    endloop
  endfacet
  facet normal -0.183575 0.923678 0.336331
    outer loop
      vertex 100.337 -2.15963 5.57782
      vertex 99.8837 -2.14856 5.3
      vertex 99.828 -2.15963 5.3
    endloop
  endfacet
  facet normal 0.276684 0.816177 0.507248
    outer loop
      vertex 69.5551 -2.1 5.50913
      vertex 69.5649 -2.10482 5.51154
      vertex 69.9385 -2.1 5.3
    endloop
  endfacet
  facet normal 0.276941 0.815837 0.507654
    outer loop
      vertex 69.9385 -2.1 5.3
      vertex 69.5855 -2.11497 5.51663
      vertex 69.9826 -2.11497 5.3
    endloop
  endfacet
  facet normal 0.276744 0.816093 0.507351
    outer loop
      vertex 69.5855 -2.11497 5.51663
      vertex 69.9385 -2.1 5.3
      vertex 69.5649 -2.10482 5.51154
    endloop
  endfacet
  facet normal -0.280436 0.81048 0.514274
    outer loop
      vertex 100.061 -2.1 5.3
      vertex 100.415 -2.11497 5.51663
      vertex 100.435 -2.10482 5.51154
    endloop
  endfacet
  facet normal -0.277197 0.81474 0.509275
    outer loop
      vertex 100.415 -2.11497 5.51663
      vertex 100.061 -2.1 5.3
      vertex 100.017 -2.11497 5.3
    endloop
  endfacet
  facet normal -0.273913 0.819762 0.502954
    outer loop
      vertex 100.061 -2.1 5.3
      vertex 100.435 -2.10482 5.51154
      vertex 100.445 -2.1 5.50913
    endloop
  endfacet
  facet normal 0 -0.831579 0.555406
    outer loop
      vertex -14.2 -56.6116 19.9347
      vertex -10.2 -56.4845 20.125
      vertex -14.2 -56.4845 20.125
    endloop
  endfacet
  facet normal 0 -0.831579 0.555406
    outer loop
      vertex -10.2 -56.4845 20.125
      vertex -14.2 -56.6116 19.9347
      vertex -10.2 -56.6116 19.9347
    endloop
  endfacet
  facet normal -0 0.194856 0.980832
    outer loop
      vertex -14.2 -58.2284 19.265
      vertex -10.2 -58.4529 19.3096
      vertex -10.2 -58.2284 19.265
    endloop
  endfacet
  facet normal 0 0.194856 0.980832
    outer loop
      vertex -10.2 -58.4529 19.3096
      vertex -14.2 -58.2284 19.265
      vertex -14.2 -58.4529 19.3096
    endloop
  endfacet
  facet normal 0 -0.896774 -0.44249
    outer loop
      vertex -14.2 -56.3832 21.6697
      vertex -10.2 -56.4845 21.875
      vertex -14.2 -56.4845 21.875
    endloop
  endfacet
  facet normal 0 -0.896774 -0.44249
    outer loop
      vertex -10.2 -56.4845 21.875
      vertex -14.2 -56.3832 21.6697
      vertex -10.2 -56.3832 21.6697
    endloop
  endfacet
  facet normal 0 -0.44249 -0.896774
    outer loop
      vertex -14.2 -57.3303 22.6168
      vertex -10.2 -57.125 22.5155
      vertex -10.2 -57.3303 22.6168
    endloop
  endfacet
  facet normal -0 -0.44249 -0.896774
    outer loop
      vertex -10.2 -57.125 22.5155
      vertex -14.2 -57.3303 22.6168
      vertex -14.2 -57.125 22.5155
    endloop
  endfacet
  facet normal -0 0.0655331 0.99785
    outer loop
      vertex -14.2 -58 19.25
      vertex -10.2 -58.2284 19.265
      vertex -10.2 -58 19.25
    endloop
  endfacet
  facet normal 0 0.0655331 0.99785
    outer loop
      vertex -10.2 -58.2284 19.265
      vertex -14.2 -58 19.25
      vertex -14.2 -58.2284 19.265
    endloop
  endfacet
  facet normal 0 0.321464 -0.946922
    outer loop
      vertex -14.2 -58.6697 22.6168
      vertex -10.2 -58.4529 22.6904
      vertex -10.2 -58.6697 22.6168
    endloop
  endfacet
  facet normal 0 0.321464 -0.946922
    outer loop
      vertex -10.2 -58.4529 22.6904
      vertex -14.2 -58.6697 22.6168
      vertex -14.2 -58.4529 22.6904
    endloop
  endfacet
  facet normal 0 0.896774 -0.44249
    outer loop
      vertex -10.2 -59.6168 21.6697
      vertex -14.2 -59.5155 21.875
      vertex -10.2 -59.5155 21.875
    endloop
  endfacet
  facet normal 0 0.896774 -0.44249
    outer loop
      vertex -14.2 -59.5155 21.875
      vertex -10.2 -59.6168 21.6697
      vertex -14.2 -59.6168 21.6697
    endloop
  endfacet
  facet normal 0 -0.44249 0.896774
    outer loop
      vertex -14.2 -57.125 19.4845
      vertex -10.2 -57.3303 19.3832
      vertex -10.2 -57.125 19.4845
    endloop
  endfacet
  facet normal 0 -0.44249 0.896774
    outer loop
      vertex -10.2 -57.3303 19.3832
      vertex -14.2 -57.125 19.4845
      vertex -14.2 -57.3303 19.3832
    endloop
  endfacet
  facet normal 0 -0.555406 0.831579
    outer loop
      vertex -14.2 -56.9347 19.6116
      vertex -10.2 -57.125 19.4845
      vertex -10.2 -56.9347 19.6116
    endloop
  endfacet
  facet normal 0 -0.555406 0.831579
    outer loop
      vertex -10.2 -57.125 19.4845
      vertex -14.2 -56.9347 19.6116
      vertex -14.2 -57.125 19.4845
    endloop
  endfacet
  facet normal 0 -0.980832 0.194856
    outer loop
      vertex -14.2 -56.3096 20.5471
      vertex -10.2 -56.265 20.7716
      vertex -14.2 -56.265 20.7716
    endloop
  endfacet
  facet normal 0 -0.980832 0.194856
    outer loop
      vertex -10.2 -56.265 20.7716
      vertex -14.2 -56.3096 20.5471
      vertex -10.2 -56.3096 20.5471
    endloop
  endfacet
  facet normal 0 -0.99785 0.0655331
    outer loop
      vertex -14.2 -56.265 20.7716
      vertex -10.2 -56.25 21
      vertex -14.2 -56.25 21
    endloop
  endfacet
  facet normal 0 -0.99785 0.0655331
    outer loop
      vertex -10.2 -56.25 21
      vertex -14.2 -56.265 20.7716
      vertex -10.2 -56.265 20.7716
    endloop
  endfacet
  facet normal 0 -0.0655331 -0.99785
    outer loop
      vertex -14.2 -58 22.75
      vertex -10.2 -57.7716 22.735
      vertex -10.2 -58 22.75
    endloop
  endfacet
  facet normal -0 -0.0655331 -0.99785
    outer loop
      vertex -10.2 -57.7716 22.735
      vertex -14.2 -58 22.75
      vertex -14.2 -57.7716 22.735
    endloop
  endfacet
  facet normal 0 -0.555406 -0.831579
    outer loop
      vertex -14.2 -57.125 22.5155
      vertex -10.2 -56.9347 22.3884
      vertex -10.2 -57.125 22.5155
    endloop
  endfacet
  facet normal -0 -0.555406 -0.831579
    outer loop
      vertex -10.2 -56.9347 22.3884
      vertex -14.2 -57.125 22.5155
      vertex -14.2 -56.9347 22.3884
    endloop
  endfacet
  facet normal 0 -0.831579 -0.555406
    outer loop
      vertex -14.2 -56.4845 21.875
      vertex -10.2 -56.6116 22.0653
      vertex -14.2 -56.6116 22.0653
    endloop
  endfacet
  facet normal 0 -0.831579 -0.555406
    outer loop
      vertex -10.2 -56.6116 22.0653
      vertex -14.2 -56.4845 21.875
      vertex -10.2 -56.4845 21.875
    endloop
  endfacet
  facet normal 0 -0.946922 -0.321464
    outer loop
      vertex -14.2 -56.3096 21.4529
      vertex -10.2 -56.3832 21.6697
      vertex -14.2 -56.3832 21.6697
    endloop
  endfacet
  facet normal 0 -0.946922 -0.321464
    outer loop
      vertex -10.2 -56.3832 21.6697
      vertex -14.2 -56.3096 21.4529
      vertex -10.2 -56.3096 21.4529
    endloop
  endfacet
  facet normal 0 0.99785 0.0655331
    outer loop
      vertex -10.2 -59.735 20.7716
      vertex -14.2 -59.75 21
      vertex -10.2 -59.75 21
    endloop
  endfacet
  facet normal 0 0.99785 0.0655331
    outer loop
      vertex -14.2 -59.75 21
      vertex -10.2 -59.735 20.7716
      vertex -14.2 -59.735 20.7716
    endloop
  endfacet
  facet normal -0 0.321464 0.946922
    outer loop
      vertex -14.2 -58.4529 19.3096
      vertex -10.2 -58.6697 19.3832
      vertex -10.2 -58.4529 19.3096
    endloop
  endfacet
  facet normal 0 0.321464 0.946922
    outer loop
      vertex -10.2 -58.6697 19.3832
      vertex -14.2 -58.4529 19.3096
      vertex -14.2 -58.6697 19.3832
    endloop
  endfacet
  facet normal 0 0.99785 -0.0655331
    outer loop
      vertex -10.2 -59.75 21
      vertex -14.2 -59.735 21.2284
      vertex -10.2 -59.735 21.2284
    endloop
  endfacet
  facet normal 0 0.99785 -0.0655331
    outer loop
      vertex -14.2 -59.735 21.2284
      vertex -10.2 -59.75 21
      vertex -14.2 -59.75 21
    endloop
  endfacet
  facet normal 0 0.751683 -0.659524
    outer loop
      vertex -10.2 -59.3884 22.0653
      vertex -14.2 -59.2374 22.2374
      vertex -10.2 -59.2374 22.2374
    endloop
  endfacet
  facet normal 0 0.751683 -0.659524
    outer loop
      vertex -14.2 -59.2374 22.2374
      vertex -10.2 -59.3884 22.0653
      vertex -14.2 -59.3884 22.0653
    endloop
  endfacet
  facet normal 0 0.44249 -0.896774
    outer loop
      vertex -14.2 -58.875 22.5155
      vertex -10.2 -58.6697 22.6168
      vertex -10.2 -58.875 22.5155
    endloop
  endfacet
  facet normal 0 0.44249 -0.896774
    outer loop
      vertex -10.2 -58.6697 22.6168
      vertex -14.2 -58.875 22.5155
      vertex -14.2 -58.6697 22.6168
    endloop
  endfacet
  facet normal 0 0.0655331 -0.99785
    outer loop
      vertex -14.2 -58.2284 22.735
      vertex -10.2 -58 22.75
      vertex -10.2 -58.2284 22.735
    endloop
  endfacet
  facet normal 0 0.0655331 -0.99785
    outer loop
      vertex -10.2 -58 22.75
      vertex -14.2 -58.2284 22.735
      vertex -14.2 -58 22.75
    endloop
  endfacet
  facet normal 0 -0.194856 0.980832
    outer loop
      vertex -14.2 -57.5471 19.3096
      vertex -10.2 -57.7716 19.265
      vertex -10.2 -57.5471 19.3096
    endloop
  endfacet
  facet normal 0 -0.194856 0.980832
    outer loop
      vertex -10.2 -57.7716 19.265
      vertex -14.2 -57.5471 19.3096
      vertex -14.2 -57.7716 19.265
    endloop
  endfacet
  facet normal 0 -0.659524 0.751683
    outer loop
      vertex -14.2 -56.7626 19.7626
      vertex -10.2 -56.9347 19.6116
      vertex -10.2 -56.7626 19.7626
    endloop
  endfacet
  facet normal 0 -0.659524 0.751683
    outer loop
      vertex -10.2 -56.9347 19.6116
      vertex -14.2 -56.7626 19.7626
      vertex -14.2 -56.9347 19.6116
    endloop
  endfacet
  facet normal 0 -0.99785 -0.0655331
    outer loop
      vertex -14.2 -56.25 21
      vertex -10.2 -56.265 21.2284
      vertex -14.2 -56.265 21.2284
    endloop
  endfacet
  facet normal 0 -0.99785 -0.0655331
    outer loop
      vertex -10.2 -56.265 21.2284
      vertex -14.2 -56.25 21
      vertex -10.2 -56.25 21
    endloop
  endfacet
  facet normal 0 -0.946922 0.321464
    outer loop
      vertex -14.2 -56.3832 20.3303
      vertex -10.2 -56.3096 20.5471
      vertex -14.2 -56.3096 20.5471
    endloop
  endfacet
  facet normal 0 -0.946922 0.321464
    outer loop
      vertex -10.2 -56.3096 20.5471
      vertex -14.2 -56.3832 20.3303
      vertex -10.2 -56.3832 20.3303
    endloop
  endfacet
  facet normal 0 -0.321464 -0.946922
    outer loop
      vertex -14.2 -57.5471 22.6904
      vertex -10.2 -57.3303 22.6168
      vertex -10.2 -57.5471 22.6904
    endloop
  endfacet
  facet normal -0 -0.321464 -0.946922
    outer loop
      vertex -10.2 -57.3303 22.6168
      vertex -14.2 -57.5471 22.6904
      vertex -14.2 -57.3303 22.6168
    endloop
  endfacet
  facet normal 0 -0.194856 -0.980832
    outer loop
      vertex -14.2 -57.7716 22.735
      vertex -10.2 -57.5471 22.6904
      vertex -10.2 -57.7716 22.735
    endloop
  endfacet
  facet normal -0 -0.194856 -0.980832
    outer loop
      vertex -10.2 -57.5471 22.6904
      vertex -14.2 -57.7716 22.735
      vertex -14.2 -57.5471 22.6904
    endloop
  endfacet
  facet normal 0 -0.980832 -0.194856
    outer loop
      vertex -14.2 -56.265 21.2284
      vertex -10.2 -56.3096 21.4529
      vertex -14.2 -56.3096 21.4529
    endloop
  endfacet
  facet normal 0 -0.980832 -0.194856
    outer loop
      vertex -10.2 -56.3096 21.4529
      vertex -14.2 -56.265 21.2284
      vertex -10.2 -56.265 21.2284
    endloop
  endfacet
  facet normal 0 -0.751683 -0.659524
    outer loop
      vertex -14.2 -56.6116 22.0653
      vertex -10.2 -56.7626 22.2374
      vertex -14.2 -56.7626 22.2374
    endloop
  endfacet
  facet normal 0 -0.751683 -0.659524
    outer loop
      vertex -10.2 -56.7626 22.2374
      vertex -14.2 -56.6116 22.0653
      vertex -10.2 -56.6116 22.0653
    endloop
  endfacet
  facet normal 0 -0.659524 -0.751683
    outer loop
      vertex -14.2 -56.9347 22.3884
      vertex -10.2 -56.7626 22.2374
      vertex -10.2 -56.9347 22.3884
    endloop
  endfacet
  facet normal -0 -0.659524 -0.751683
    outer loop
      vertex -10.2 -56.7626 22.2374
      vertex -14.2 -56.9347 22.3884
      vertex -14.2 -56.7626 22.2374
    endloop
  endfacet
  facet normal 0 -0.0655331 0.99785
    outer loop
      vertex -14.2 -57.7716 19.265
      vertex -10.2 -58 19.25
      vertex -10.2 -57.7716 19.265
    endloop
  endfacet
  facet normal 0 -0.0655331 0.99785
    outer loop
      vertex -10.2 -58 19.25
      vertex -14.2 -57.7716 19.265
      vertex -14.2 -58 19.25
    endloop
  endfacet
  facet normal 0 0.980832 0.194856
    outer loop
      vertex -10.2 -59.6904 20.5471
      vertex -14.2 -59.735 20.7716
      vertex -10.2 -59.735 20.7716
    endloop
  endfacet
  facet normal 0 0.980832 0.194856
    outer loop
      vertex -14.2 -59.735 20.7716
      vertex -10.2 -59.6904 20.5471
      vertex -14.2 -59.6904 20.5471
    endloop
  endfacet
  facet normal -0 0.659524 0.751683
    outer loop
      vertex -14.2 -59.0653 19.6116
      vertex -10.2 -59.2374 19.7626
      vertex -10.2 -59.0653 19.6116
    endloop
  endfacet
  facet normal 0 0.659524 0.751683
    outer loop
      vertex -10.2 -59.2374 19.7626
      vertex -14.2 -59.0653 19.6116
      vertex -14.2 -59.2374 19.7626
    endloop
  endfacet
  facet normal 0 0.751683 0.659524
    outer loop
      vertex -10.2 -59.2374 19.7626
      vertex -14.2 -59.3884 19.9347
      vertex -10.2 -59.3884 19.9347
    endloop
  endfacet
  facet normal 0 0.751683 0.659524
    outer loop
      vertex -14.2 -59.3884 19.9347
      vertex -10.2 -59.2374 19.7626
      vertex -14.2 -59.2374 19.7626
    endloop
  endfacet
  facet normal 0 0.896774 0.44249
    outer loop
      vertex -10.2 -59.5155 20.125
      vertex -14.2 -59.6168 20.3303
      vertex -10.2 -59.6168 20.3303
    endloop
  endfacet
  facet normal 0 0.896774 0.44249
    outer loop
      vertex -14.2 -59.6168 20.3303
      vertex -10.2 -59.5155 20.125
      vertex -14.2 -59.5155 20.125
    endloop
  endfacet
  facet normal 0 0.946922 -0.321464
    outer loop
      vertex -10.2 -59.6904 21.4529
      vertex -14.2 -59.6168 21.6697
      vertex -10.2 -59.6168 21.6697
    endloop
  endfacet
  facet normal 0 0.946922 -0.321464
    outer loop
      vertex -14.2 -59.6168 21.6697
      vertex -10.2 -59.6904 21.4529
      vertex -14.2 -59.6904 21.4529
    endloop
  endfacet
  facet normal 0 0.980832 -0.194856
    outer loop
      vertex -10.2 -59.735 21.2284
      vertex -14.2 -59.6904 21.4529
      vertex -10.2 -59.6904 21.4529
    endloop
  endfacet
  facet normal 0 0.980832 -0.194856
    outer loop
      vertex -14.2 -59.6904 21.4529
      vertex -10.2 -59.735 21.2284
      vertex -14.2 -59.735 21.2284
    endloop
  endfacet
  facet normal 0 0.831579 -0.555406
    outer loop
      vertex -10.2 -59.5155 21.875
      vertex -14.2 -59.3884 22.0653
      vertex -10.2 -59.3884 22.0653
    endloop
  endfacet
  facet normal 0 0.831579 -0.555406
    outer loop
      vertex -14.2 -59.3884 22.0653
      vertex -10.2 -59.5155 21.875
      vertex -14.2 -59.5155 21.875
    endloop
  endfacet
  facet normal 0 0.194856 -0.980832
    outer loop
      vertex -14.2 -58.4529 22.6904
      vertex -10.2 -58.2284 22.735
      vertex -10.2 -58.4529 22.6904
    endloop
  endfacet
  facet normal 0 0.194856 -0.980832
    outer loop
      vertex -10.2 -58.2284 22.735
      vertex -14.2 -58.4529 22.6904
      vertex -14.2 -58.2284 22.735
    endloop
  endfacet
  facet normal 0 0.555406 -0.831579
    outer loop
      vertex -14.2 -59.0653 22.3884
      vertex -10.2 -58.875 22.5155
      vertex -10.2 -59.0653 22.3884
    endloop
  endfacet
  facet normal 0 0.555406 -0.831579
    outer loop
      vertex -10.2 -58.875 22.5155
      vertex -14.2 -59.0653 22.3884
      vertex -14.2 -58.875 22.5155
    endloop
  endfacet
  facet normal 0 0.659524 -0.751683
    outer loop
      vertex -14.2 -59.2374 22.2374
      vertex -10.2 -59.0653 22.3884
      vertex -10.2 -59.2374 22.2374
    endloop
  endfacet
  facet normal 0 0.659524 -0.751683
    outer loop
      vertex -10.2 -59.0653 22.3884
      vertex -14.2 -59.2374 22.2374
      vertex -14.2 -59.0653 22.3884
    endloop
  endfacet
  facet normal 0 -0.321464 0.946922
    outer loop
      vertex -14.2 -57.3303 19.3832
      vertex -10.2 -57.5471 19.3096
      vertex -10.2 -57.3303 19.3832
    endloop
  endfacet
  facet normal 0 -0.321464 0.946922
    outer loop
      vertex -10.2 -57.5471 19.3096
      vertex -14.2 -57.3303 19.3832
      vertex -14.2 -57.5471 19.3096
    endloop
  endfacet
  facet normal 0 -0.751683 0.659524
    outer loop
      vertex -14.2 -56.7626 19.7626
      vertex -10.2 -56.6116 19.9347
      vertex -14.2 -56.6116 19.9347
    endloop
  endfacet
  facet normal 0 -0.751683 0.659524
    outer loop
      vertex -10.2 -56.6116 19.9347
      vertex -14.2 -56.7626 19.7626
      vertex -10.2 -56.7626 19.7626
    endloop
  endfacet
  facet normal 0 -0.896774 0.44249
    outer loop
      vertex -14.2 -56.4845 20.125
      vertex -10.2 -56.3832 20.3303
      vertex -14.2 -56.3832 20.3303
    endloop
  endfacet
  facet normal 0 -0.896774 0.44249
    outer loop
      vertex -10.2 -56.3832 20.3303
      vertex -14.2 -56.4845 20.125
      vertex -10.2 -56.4845 20.125
    endloop
  endfacet
  facet normal -0 0.44249 0.896774
    outer loop
      vertex -14.2 -58.6697 19.3832
      vertex -10.2 -58.875 19.4845
      vertex -10.2 -58.6697 19.3832
    endloop
  endfacet
  facet normal 0 0.44249 0.896774
    outer loop
      vertex -10.2 -58.875 19.4845
      vertex -14.2 -58.6697 19.3832
      vertex -14.2 -58.875 19.4845
    endloop
  endfacet
  facet normal -0 0.555406 0.831579
    outer loop
      vertex -14.2 -58.875 19.4845
      vertex -10.2 -59.0653 19.6116
      vertex -10.2 -58.875 19.4845
    endloop
  endfacet
  facet normal 0 0.555406 0.831579
    outer loop
      vertex -10.2 -59.0653 19.6116
      vertex -14.2 -58.875 19.4845
      vertex -14.2 -59.0653 19.6116
    endloop
  endfacet
  facet normal 0 0.946922 0.321464
    outer loop
      vertex -10.2 -59.6168 20.3303
      vertex -14.2 -59.6904 20.5471
      vertex -10.2 -59.6904 20.5471
    endloop
  endfacet
  facet normal 0 0.946922 0.321464
    outer loop
      vertex -14.2 -59.6904 20.5471
      vertex -10.2 -59.6168 20.3303
      vertex -14.2 -59.6168 20.3303
    endloop
  endfacet
  facet normal 0 0.831579 0.555406
    outer loop
      vertex -10.2 -59.3884 19.9347
      vertex -14.2 -59.5155 20.125
      vertex -10.2 -59.5155 20.125
    endloop
  endfacet
  facet normal 0 0.831579 0.555406
    outer loop
      vertex -14.2 -59.5155 20.125
      vertex -10.2 -59.3884 19.9347
      vertex -14.2 -59.3884 19.9347
    endloop
  endfacet
  facet normal 0 -0.0655331 0.99785
    outer loop
      vertex 44 -57.7716 19.265
      vertex 48 -58 19.25
      vertex 48 -57.7716 19.265
    endloop
  endfacet
  facet normal 0 -0.0655331 0.99785
    outer loop
      vertex 48 -58 19.25
      vertex 44 -57.7716 19.265
      vertex 44 -58 19.25
    endloop
  endfacet
  facet normal 0 -0.0655331 -0.99785
    outer loop
      vertex 44 -58 22.75
      vertex 48 -57.7716 22.735
      vertex 48 -58 22.75
    endloop
  endfacet
  facet normal -0 -0.0655331 -0.99785
    outer loop
      vertex 48 -57.7716 22.735
      vertex 44 -58 22.75
      vertex 44 -57.7716 22.735
    endloop
  endfacet
  facet normal 0 -0.99785 -0.0655331
    outer loop
      vertex 44 -56.25 21
      vertex 48 -56.265 21.2284
      vertex 44 -56.265 21.2284
    endloop
  endfacet
  facet normal 0 -0.99785 -0.0655331
    outer loop
      vertex 48 -56.265 21.2284
      vertex 44 -56.25 21
      vertex 48 -56.25 21
    endloop
  endfacet
  facet normal 0 0.99785 -0.0655331
    outer loop
      vertex 48 -59.75 21
      vertex 44 -59.735 21.2284
      vertex 48 -59.735 21.2284
    endloop
  endfacet
  facet normal 0 0.99785 -0.0655331
    outer loop
      vertex 44 -59.735 21.2284
      vertex 48 -59.75 21
      vertex 44 -59.75 21
    endloop
  endfacet
  facet normal 0 0.659524 -0.751683
    outer loop
      vertex 44 -59.2374 22.2374
      vertex 48 -59.0653 22.3884
      vertex 48 -59.2374 22.2374
    endloop
  endfacet
  facet normal 0 0.659524 -0.751683
    outer loop
      vertex 48 -59.0653 22.3884
      vertex 44 -59.2374 22.2374
      vertex 44 -59.0653 22.3884
    endloop
  endfacet
  facet normal 0 -0.659524 -0.751683
    outer loop
      vertex 44 -56.9347 22.3884
      vertex 48 -56.7626 22.2374
      vertex 48 -56.9347 22.3884
    endloop
  endfacet
  facet normal -0 -0.659524 -0.751683
    outer loop
      vertex 48 -56.7626 22.2374
      vertex 44 -56.9347 22.3884
      vertex 44 -56.7626 22.2374
    endloop
  endfacet
  facet normal 0 -0.896774 -0.44249
    outer loop
      vertex 44 -56.3832 21.6697
      vertex 48 -56.4845 21.875
      vertex 44 -56.4845 21.875
    endloop
  endfacet
  facet normal 0 -0.896774 -0.44249
    outer loop
      vertex 48 -56.4845 21.875
      vertex 44 -56.3832 21.6697
      vertex 48 -56.3832 21.6697
    endloop
  endfacet
  facet normal 0 0.321464 -0.946922
    outer loop
      vertex 44 -58.6697 22.6168
      vertex 48 -58.4529 22.6904
      vertex 48 -58.6697 22.6168
    endloop
  endfacet
  facet normal 0 0.321464 -0.946922
    outer loop
      vertex 48 -58.4529 22.6904
      vertex 44 -58.6697 22.6168
      vertex 44 -58.4529 22.6904
    endloop
  endfacet
  facet normal 0 -0.555406 0.831579
    outer loop
      vertex 44 -56.9347 19.6116
      vertex 48 -57.125 19.4845
      vertex 48 -56.9347 19.6116
    endloop
  endfacet
  facet normal 0 -0.555406 0.831579
    outer loop
      vertex 48 -57.125 19.4845
      vertex 44 -56.9347 19.6116
      vertex 44 -57.125 19.4845
    endloop
  endfacet
  facet normal 0 -0.980832 0.194856
    outer loop
      vertex 44 -56.3096 20.5471
      vertex 48 -56.265 20.7716
      vertex 44 -56.265 20.7716
    endloop
  endfacet
  facet normal 0 -0.980832 0.194856
    outer loop
      vertex 48 -56.265 20.7716
      vertex 44 -56.3096 20.5471
      vertex 48 -56.3096 20.5471
    endloop
  endfacet
  facet normal 0 -0.44249 -0.896774
    outer loop
      vertex 44 -57.3303 22.6168
      vertex 48 -57.125 22.5155
      vertex 48 -57.3303 22.6168
    endloop
  endfacet
  facet normal -0 -0.44249 -0.896774
    outer loop
      vertex 48 -57.125 22.5155
      vertex 44 -57.3303 22.6168
      vertex 44 -57.125 22.5155
    endloop
  endfacet
  facet normal 0 -0.555406 -0.831579
    outer loop
      vertex 44 -57.125 22.5155
      vertex 48 -56.9347 22.3884
      vertex 48 -57.125 22.5155
    endloop
  endfacet
  facet normal -0 -0.555406 -0.831579
    outer loop
      vertex 48 -56.9347 22.3884
      vertex 44 -57.125 22.5155
      vertex 44 -56.9347 22.3884
    endloop
  endfacet
  facet normal 0 -0.831579 -0.555406
    outer loop
      vertex 44 -56.4845 21.875
      vertex 48 -56.6116 22.0653
      vertex 44 -56.6116 22.0653
    endloop
  endfacet
  facet normal 0 -0.831579 -0.555406
    outer loop
      vertex 48 -56.6116 22.0653
      vertex 44 -56.4845 21.875
      vertex 48 -56.4845 21.875
    endloop
  endfacet
  facet normal 0 -0.946922 -0.321464
    outer loop
      vertex 44 -56.3096 21.4529
      vertex 48 -56.3832 21.6697
      vertex 44 -56.3832 21.6697
    endloop
  endfacet
  facet normal 0 -0.946922 -0.321464
    outer loop
      vertex 48 -56.3832 21.6697
      vertex 44 -56.3096 21.4529
      vertex 48 -56.3096 21.4529
    endloop
  endfacet
  facet normal 0 0.99785 0.0655331
    outer loop
      vertex 48 -59.735 20.7716
      vertex 44 -59.75 21
      vertex 48 -59.75 21
    endloop
  endfacet
  facet normal 0 0.99785 0.0655331
    outer loop
      vertex 44 -59.75 21
      vertex 48 -59.735 20.7716
      vertex 44 -59.735 20.7716
    endloop
  endfacet
  facet normal -0 0.194856 0.980832
    outer loop
      vertex 44 -58.2284 19.265
      vertex 48 -58.4529 19.3096
      vertex 48 -58.2284 19.265
    endloop
  endfacet
  facet normal 0 0.194856 0.980832
    outer loop
      vertex 48 -58.4529 19.3096
      vertex 44 -58.2284 19.265
      vertex 44 -58.4529 19.3096
    endloop
  endfacet
  facet normal 0 0.896774 -0.44249
    outer loop
      vertex 48 -59.6168 21.6697
      vertex 44 -59.5155 21.875
      vertex 48 -59.5155 21.875
    endloop
  endfacet
  facet normal 0 0.896774 -0.44249
    outer loop
      vertex 44 -59.5155 21.875
      vertex 48 -59.6168 21.6697
      vertex 44 -59.6168 21.6697
    endloop
  endfacet
  facet normal 0 0.44249 -0.896774
    outer loop
      vertex 44 -58.875 22.5155
      vertex 48 -58.6697 22.6168
      vertex 48 -58.875 22.5155
    endloop
  endfacet
  facet normal 0 0.44249 -0.896774
    outer loop
      vertex 48 -58.6697 22.6168
      vertex 44 -58.875 22.5155
      vertex 44 -58.6697 22.6168
    endloop
  endfacet
  facet normal 0 0.0655331 -0.99785
    outer loop
      vertex 44 -58.2284 22.735
      vertex 48 -58 22.75
      vertex 48 -58.2284 22.735
    endloop
  endfacet
  facet normal 0 0.0655331 -0.99785
    outer loop
      vertex 48 -58 22.75
      vertex 44 -58.2284 22.735
      vertex 44 -58 22.75
    endloop
  endfacet
  facet normal 0 -0.194856 0.980832
    outer loop
      vertex 44 -57.5471 19.3096
      vertex 48 -57.7716 19.265
      vertex 48 -57.5471 19.3096
    endloop
  endfacet
  facet normal 0 -0.194856 0.980832
    outer loop
      vertex 48 -57.7716 19.265
      vertex 44 -57.5471 19.3096
      vertex 44 -57.7716 19.265
    endloop
  endfacet
  facet normal 0 -0.44249 0.896774
    outer loop
      vertex 44 -57.125 19.4845
      vertex 48 -57.3303 19.3832
      vertex 48 -57.125 19.4845
    endloop
  endfacet
  facet normal 0 -0.44249 0.896774
    outer loop
      vertex 48 -57.3303 19.3832
      vertex 44 -57.125 19.4845
      vertex 44 -57.3303 19.3832
    endloop
  endfacet
  facet normal 0 -0.659524 0.751683
    outer loop
      vertex 44 -56.7626 19.7626
      vertex 48 -56.9347 19.6116
      vertex 48 -56.7626 19.7626
    endloop
  endfacet
  facet normal 0 -0.659524 0.751683
    outer loop
      vertex 48 -56.9347 19.6116
      vertex 44 -56.7626 19.7626
      vertex 44 -56.9347 19.6116
    endloop
  endfacet
  facet normal 0 -0.99785 0.0655331
    outer loop
      vertex 44 -56.265 20.7716
      vertex 48 -56.25 21
      vertex 44 -56.25 21
    endloop
  endfacet
  facet normal 0 -0.99785 0.0655331
    outer loop
      vertex 48 -56.25 21
      vertex 44 -56.265 20.7716
      vertex 48 -56.265 20.7716
    endloop
  endfacet
  facet normal 0 -0.946922 0.321464
    outer loop
      vertex 44 -56.3832 20.3303
      vertex 48 -56.3096 20.5471
      vertex 44 -56.3096 20.5471
    endloop
  endfacet
  facet normal 0 -0.946922 0.321464
    outer loop
      vertex 48 -56.3096 20.5471
      vertex 44 -56.3832 20.3303
      vertex 48 -56.3832 20.3303
    endloop
  endfacet
  facet normal 0 -0.831579 0.555406
    outer loop
      vertex 44 -56.6116 19.9347
      vertex 48 -56.4845 20.125
      vertex 44 -56.4845 20.125
    endloop
  endfacet
  facet normal 0 -0.831579 0.555406
    outer loop
      vertex 48 -56.4845 20.125
      vertex 44 -56.6116 19.9347
      vertex 48 -56.6116 19.9347
    endloop
  endfacet
  facet normal 0 -0.321464 -0.946922
    outer loop
      vertex 44 -57.5471 22.6904
      vertex 48 -57.3303 22.6168
      vertex 48 -57.5471 22.6904
    endloop
  endfacet
  facet normal -0 -0.321464 -0.946922
    outer loop
      vertex 48 -57.3303 22.6168
      vertex 44 -57.5471 22.6904
      vertex 44 -57.3303 22.6168
    endloop
  endfacet
  facet normal 0 -0.194856 -0.980832
    outer loop
      vertex 44 -57.7716 22.735
      vertex 48 -57.5471 22.6904
      vertex 48 -57.7716 22.735
    endloop
  endfacet
  facet normal -0 -0.194856 -0.980832
    outer loop
      vertex 48 -57.5471 22.6904
      vertex 44 -57.7716 22.735
      vertex 44 -57.5471 22.6904
    endloop
  endfacet
  facet normal 0 -0.751683 -0.659524
    outer loop
      vertex 44 -56.6116 22.0653
      vertex 48 -56.7626 22.2374
      vertex 44 -56.7626 22.2374
    endloop
  endfacet
  facet normal 0 -0.751683 -0.659524
    outer loop
      vertex 48 -56.7626 22.2374
      vertex 44 -56.6116 22.0653
      vertex 48 -56.6116 22.0653
    endloop
  endfacet
  facet normal 0 -0.980832 -0.194856
    outer loop
      vertex 44 -56.265 21.2284
      vertex 48 -56.3096 21.4529
      vertex 44 -56.3096 21.4529
    endloop
  endfacet
  facet normal 0 -0.980832 -0.194856
    outer loop
      vertex 48 -56.3096 21.4529
      vertex 44 -56.265 21.2284
      vertex 48 -56.265 21.2284
    endloop
  endfacet
  facet normal -0 0.0655331 0.99785
    outer loop
      vertex 44 -58 19.25
      vertex 48 -58.2284 19.265
      vertex 48 -58 19.25
    endloop
  endfacet
  facet normal 0 0.0655331 0.99785
    outer loop
      vertex 48 -58.2284 19.265
      vertex 44 -58 19.25
      vertex 44 -58.2284 19.265
    endloop
  endfacet
  facet normal 0 0.980832 0.194856
    outer loop
      vertex 48 -59.6904 20.5471
      vertex 44 -59.735 20.7716
      vertex 48 -59.735 20.7716
    endloop
  endfacet
  facet normal 0 0.980832 0.194856
    outer loop
      vertex 44 -59.735 20.7716
      vertex 48 -59.6904 20.5471
      vertex 44 -59.6904 20.5471
    endloop
  endfacet
  facet normal 0 0.751683 0.659524
    outer loop
      vertex 48 -59.2374 19.7626
      vertex 44 -59.3884 19.9347
      vertex 48 -59.3884 19.9347
    endloop
  endfacet
  facet normal 0 0.751683 0.659524
    outer loop
      vertex 44 -59.3884 19.9347
      vertex 48 -59.2374 19.7626
      vertex 44 -59.2374 19.7626
    endloop
  endfacet
  facet normal 0 0.896774 0.44249
    outer loop
      vertex 48 -59.5155 20.125
      vertex 44 -59.6168 20.3303
      vertex 48 -59.6168 20.3303
    endloop
  endfacet
  facet normal 0 0.896774 0.44249
    outer loop
      vertex 44 -59.6168 20.3303
      vertex 48 -59.5155 20.125
      vertex 44 -59.5155 20.125
    endloop
  endfacet
  facet normal -0 0.555406 0.831579
    outer loop
      vertex 44 -58.875 19.4845
      vertex 48 -59.0653 19.6116
      vertex 48 -58.875 19.4845
    endloop
  endfacet
  facet normal 0 0.555406 0.831579
    outer loop
      vertex 48 -59.0653 19.6116
      vertex 44 -58.875 19.4845
      vertex 44 -59.0653 19.6116
    endloop
  endfacet
  facet normal 0 0.831579 -0.555406
    outer loop
      vertex 48 -59.5155 21.875
      vertex 44 -59.3884 22.0653
      vertex 48 -59.3884 22.0653
    endloop
  endfacet
  facet normal 0 0.831579 -0.555406
    outer loop
      vertex 44 -59.3884 22.0653
      vertex 48 -59.5155 21.875
      vertex 44 -59.5155 21.875
    endloop
  endfacet
  facet normal 0 0.751683 -0.659524
    outer loop
      vertex 48 -59.3884 22.0653
      vertex 44 -59.2374 22.2374
      vertex 48 -59.2374 22.2374
    endloop
  endfacet
  facet normal 0 0.751683 -0.659524
    outer loop
      vertex 44 -59.2374 22.2374
      vertex 48 -59.3884 22.0653
      vertex 44 -59.3884 22.0653
    endloop
  endfacet
  facet normal 0 0.946922 -0.321464
    outer loop
      vertex 48 -59.6904 21.4529
      vertex 44 -59.6168 21.6697
      vertex 48 -59.6168 21.6697
    endloop
  endfacet
  facet normal 0 0.946922 -0.321464
    outer loop
      vertex 44 -59.6168 21.6697
      vertex 48 -59.6904 21.4529
      vertex 44 -59.6904 21.4529
    endloop
  endfacet
  facet normal 0 0.980832 -0.194856
    outer loop
      vertex 48 -59.735 21.2284
      vertex 44 -59.6904 21.4529
      vertex 48 -59.6904 21.4529
    endloop
  endfacet
  facet normal 0 0.980832 -0.194856
    outer loop
      vertex 44 -59.6904 21.4529
      vertex 48 -59.735 21.2284
      vertex 44 -59.735 21.2284
    endloop
  endfacet
  facet normal 0 0.555406 -0.831579
    outer loop
      vertex 44 -59.0653 22.3884
      vertex 48 -58.875 22.5155
      vertex 48 -59.0653 22.3884
    endloop
  endfacet
  facet normal 0 0.555406 -0.831579
    outer loop
      vertex 48 -58.875 22.5155
      vertex 44 -59.0653 22.3884
      vertex 44 -58.875 22.5155
    endloop
  endfacet
  facet normal 0 0.194856 -0.980832
    outer loop
      vertex 44 -58.4529 22.6904
      vertex 48 -58.2284 22.735
      vertex 48 -58.4529 22.6904
    endloop
  endfacet
  facet normal 0 0.194856 -0.980832
    outer loop
      vertex 48 -58.2284 22.735
      vertex 44 -58.4529 22.6904
      vertex 44 -58.2284 22.735
    endloop
  endfacet
  facet normal 0 -0.321464 0.946922
    outer loop
      vertex 44 -57.3303 19.3832
      vertex 48 -57.5471 19.3096
      vertex 48 -57.3303 19.3832
    endloop
  endfacet
  facet normal 0 -0.321464 0.946922
    outer loop
      vertex 48 -57.5471 19.3096
      vertex 44 -57.3303 19.3832
      vertex 44 -57.5471 19.3096
    endloop
  endfacet
  facet normal 0 -0.751683 0.659524
    outer loop
      vertex 44 -56.7626 19.7626
      vertex 48 -56.6116 19.9347
      vertex 44 -56.6116 19.9347
    endloop
  endfacet
  facet normal 0 -0.751683 0.659524
    outer loop
      vertex 48 -56.6116 19.9347
      vertex 44 -56.7626 19.7626
      vertex 48 -56.7626 19.7626
    endloop
  endfacet
  facet normal 0 -0.896774 0.44249
    outer loop
      vertex 44 -56.4845 20.125
      vertex 48 -56.3832 20.3303
      vertex 44 -56.3832 20.3303
    endloop
  endfacet
  facet normal 0 -0.896774 0.44249
    outer loop
      vertex 48 -56.3832 20.3303
      vertex 44 -56.4845 20.125
      vertex 48 -56.4845 20.125
    endloop
  endfacet
  facet normal -0 0.321464 0.946922
    outer loop
      vertex 44 -58.4529 19.3096
      vertex 48 -58.6697 19.3832
      vertex 48 -58.4529 19.3096
    endloop
  endfacet
  facet normal 0 0.321464 0.946922
    outer loop
      vertex 48 -58.6697 19.3832
      vertex 44 -58.4529 19.3096
      vertex 44 -58.6697 19.3832
    endloop
  endfacet
  facet normal 0 0.946922 0.321464
    outer loop
      vertex 48 -59.6168 20.3303
      vertex 44 -59.6904 20.5471
      vertex 48 -59.6904 20.5471
    endloop
  endfacet
  facet normal 0 0.946922 0.321464
    outer loop
      vertex 44 -59.6904 20.5471
      vertex 48 -59.6168 20.3303
      vertex 44 -59.6168 20.3303
    endloop
  endfacet
  facet normal -0 0.659524 0.751683
    outer loop
      vertex 44 -59.0653 19.6116
      vertex 48 -59.2374 19.7626
      vertex 48 -59.0653 19.6116
    endloop
  endfacet
  facet normal 0 0.659524 0.751683
    outer loop
      vertex 48 -59.2374 19.7626
      vertex 44 -59.0653 19.6116
      vertex 44 -59.2374 19.7626
    endloop
  endfacet
  facet normal 0 0.831579 0.555406
    outer loop
      vertex 48 -59.3884 19.9347
      vertex 44 -59.5155 20.125
      vertex 48 -59.5155 20.125
    endloop
  endfacet
  facet normal 0 0.831579 0.555406
    outer loop
      vertex 44 -59.5155 20.125
      vertex 48 -59.3884 19.9347
      vertex 44 -59.3884 19.9347
    endloop
  endfacet
  facet normal -0 0.44249 0.896774
    outer loop
      vertex 44 -58.6697 19.3832
      vertex 48 -58.875 19.4845
      vertex 48 -58.6697 19.3832
    endloop
  endfacet
  facet normal 0 0.44249 0.896774
    outer loop
      vertex 48 -58.875 19.4845
      vertex 44 -58.6697 19.3832
      vertex 44 -58.875 19.4845
    endloop
  endfacet
  facet normal -0.99785 -0.0655402 0
    outer loop
      vertex 95.9059 1.43579 0
      vertex 95.9071 1.41752 2.50203
      vertex 95.9059 1.43579 2.51011
    endloop
  endfacet
  facet normal -0.997817 -0.0660378 -3.64872e-06
    outer loop
      vertex 95.9059 1.43579 0
      vertex 95.9092 1.38579 2.4916
      vertex 95.9071 1.41752 2.50203
    endloop
  endfacet
  facet normal -0.998019 -0.0629198 5.91873e-05
    outer loop
      vertex 95.9059 1.43579 0
      vertex 95.9107 1.36199 2.48377
      vertex 95.9092 1.38579 2.4916
    endloop
  endfacet
  facet normal -0.997726 -0.0674075 -7.47229e-05
    outer loop
      vertex 95.9059 1.43579 0
      vertex 95.9132 1.325 2.47161
      vertex 95.9107 1.36199 2.48377
    endloop
  endfacet
  facet normal -0.997854 -0.0654827 1.19368e-05
    outer loop
      vertex 95.9059 1.43579 0
      vertex 95.9193 1.23204 2.44106
      vertex 95.9132 1.325 2.47161
    endloop
  endfacet
  facet normal -0.998052 -0.0623895 0.000271208
    outer loop
      vertex 95.9059 1.43579 0
      vertex 95.9213 1.2 2.43053
      vertex 95.9193 1.23204 2.44106
    endloop
  endfacet
  facet normal -0.997841 -0.0656737 -4.8729e-05
    outer loop
      vertex 95.9059 1.43579 0
      vertex 95.9236 1.16506 2.42238
      vertex 95.9213 1.2 2.43053
    endloop
  endfacet
  facet normal -0.997809 -0.0661638 -0.000103751
    outer loop
      vertex 95.9059 1.43579 0
      vertex 95.9305 1.06104 2.39812
      vertex 95.9236 1.16506 2.42238
    endloop
  endfacet
  facet normal -0.997854 -0.0654848 2.81621e-06
    outer loop
      vertex 95.9059 1.43579 0
      vertex 95.9352 0.989421 2.38141
      vertex 95.9305 1.06104 2.39812
    endloop
  endfacet
  facet normal -0.998053 -0.0623729 0.000588559
    outer loop
      vertex 95.9059 1.43579 0
      vertex 95.9367 0.965366 2.3758
      vertex 95.9352 0.989421 2.38141
    endloop
  endfacet
  facet normal -0.997858 -0.0654216 -1.76253e-05
    outer loop
      vertex 95.9059 1.43579 0
      vertex 95.9457 0.828097 2.35529
      vertex 95.9367 0.965366 2.3758
    endloop
  endfacet
  facet normal -0.997858 -0.0654248 -1.84549e-05
    outer loop
      vertex 95.9059 1.43579 0
      vertex 95.9487 0.782343 2.34846
      vertex 95.9457 0.828097 2.35529
    endloop
  endfacet
  facet normal -0.99766 -0.0683648 -0.000840103
    outer loop
      vertex 95.9059 1.43579 0
      vertex 95.9498 0.76632 2.34606
      vertex 95.9487 0.782343 2.34846
    endloop
  endfacet
  facet normal -0.997847 -0.0655847 -4.32749e-05
    outer loop
      vertex 95.9059 1.43579 0
      vertex 95.953 0.717638 2.33879
      vertex 95.9498 0.76632 2.34606
    endloop
  endfacet
  facet normal -0.997875 -0.0651517 9.0263e-05
    outer loop
      vertex 95.9059 1.43579 0
      vertex 95.964 0.549143 2.32653
      vertex 95.953 0.717638 2.33879
    endloop
  endfacet
  facet normal -0.997859 -0.0653985 -4.20714e-06
    outer loop
      vertex 96 0 0
      vertex 95.964 0.549143 2.32653
      vertex 95.9059 1.43579 0
    endloop
  endfacet
  facet normal -0.997901 -0.0647653 -0.000154305
    outer loop
      vertex 95.964 0.549143 2.32653
      vertex 96 0 0
      vertex 95.9676 0.493684 2.3225
    endloop
  endfacet
  facet normal -0.997217 -0.0745331 0.00193153
    outer loop
      vertex 95.9676 0.493684 2.3225
      vertex 96 0 0
      vertex 95.9682 0.485641 2.32191
    endloop
  endfacet
  facet normal -0.99789 -0.0649261 -8.70489e-05
    outer loop
      vertex 95.9682 0.485641 2.32191
      vertex 96 0 0
      vertex 95.9698 0.461052 2.32012
    endloop
  endfacet
  facet normal -0.997861 -0.0653641 3.60479e-07
    outer loop
      vertex 95.9698 0.461052 2.32012
      vertex 96 0 0
      vertex 95.9869 0.2 2.32012
    endloop
  endfacet
  facet normal -0.997862 -0.0653599 0
    outer loop
      vertex 95.9869 0.2 2.32012
      vertex 96 0 0
      vertex 96 0 2.32727
    endloop
  endfacet
  facet normal -0.997724 -0.067432 0
    outer loop
      vertex 95.9107 1.36199 2.48377
      vertex 95.9132 1.325 2.47161
      vertex 95.9132 1.325 2.47162
    endloop
  endfacet
  facet normal 0.997862 0.0653603 0
    outer loop
      vertex 74.0131 -0.199999 2.32012
      vertex 74 0 0
      vertex 74 0 2.32727
    endloop
  endfacet
  facet normal 0.997857 0.0654379 6.7188e-06
    outer loop
      vertex 74.026 -0.39671 2.32012
      vertex 74 0 0
      vertex 74.0131 -0.199999 2.32012
    endloop
  endfacet
  facet normal 0.997876 0.0651386 -4.46802e-05
    outer loop
      vertex 74.0302 -0.461051 2.32012
      vertex 74 0 0
      vertex 74.026 -0.39671 2.32012
    endloop
  endfacet
  facet normal 0.998079 0.0619581 -0.000679338
    outer loop
      vertex 74.0307 -0.469099 2.32071
      vertex 74 0 0
      vertex 74.0302 -0.461051 2.32012
    endloop
  endfacet
  facet normal 0.997614 0.0690409 0.000758504
    outer loop
      vertex 74.0324 -0.493683 2.3225
      vertex 74 0 0
      vertex 74.0307 -0.469099 2.32071
    endloop
  endfacet
  facet normal 0.997962 0.0638153 -0.000357135
    outer loop
      vertex 74.0355 -0.542142 2.32602
      vertex 74 0 0
      vertex 74.0324 -0.493683 2.3225
    endloop
  endfacet
  facet normal 0.997837 0.0657302 9.10827e-05
    outer loop
      vertex 74.0466 -0.710666 2.33828
      vertex 74 0 0
      vertex 74.0355 -0.542142 2.32602
    endloop
  endfacet
  facet normal 0.998344 0.0574655 0.00245981
    outer loop
      vertex 74.0941 -1.43579 0
      vertex 74.0466 -0.710666 2.33828
      vertex 74.047 -0.717637 2.33879
    endloop
  endfacet
  facet normal 0.997847 0.0655847 -4.33017e-05
    outer loop
      vertex 74.0941 -1.43579 0
      vertex 74.047 -0.717637 2.33879
      vertex 74.0502 -0.766319 2.34606
    endloop
  endfacet
  facet normal 0.99766 0.0683648 -0.000840131
    outer loop
      vertex 74.0941 -1.43579 0
      vertex 74.0502 -0.766319 2.34606
      vertex 74.0513 -0.782342 2.34846
    endloop
  endfacet
  facet normal 0.997867 0.0652761 2.30593e-05
    outer loop
      vertex 74.0941 -1.43579 0
      vertex 74.0513 -0.782342 2.34846
      vertex 74.0603 -0.919931 2.36901
    endloop
  endfacet
  facet normal 0.997828 0.0658705 -0.000106913
    outer loop
      vertex 74.0941 -1.43579 0
      vertex 74.0603 -0.919931 2.36901
      vertex 74.0633 -0.965365 2.3758
    endloop
  endfacet
  facet normal 0.998053 0.0623729 0.000588534
    outer loop
      vertex 74.0941 -1.43579 0
      vertex 74.0633 -0.965365 2.3758
      vertex 74.0648 -0.98942 2.38141
    endloop
  endfacet
  facet normal 0.997854 0.065484 2.95406e-06
    outer loop
      vertex 74.0941 -1.43579 0
      vertex 74.0648 -0.98942 2.38141
      vertex 74.0695 -1.06104 2.39812
    endloop
  endfacet
  facet normal 0.997809 0.0661638 -0.000103751
    outer loop
      vertex 74.0941 -1.43579 0
      vertex 74.0695 -1.06104 2.39812
      vertex 74.0764 -1.16506 2.42238
    endloop
  endfacet
  facet normal 0.997863 0.0653359 -1.08218e-05
    outer loop
      vertex 74.0941 -1.43579 0
      vertex 74.0764 -1.16506 2.42238
      vertex 74.0782 -1.19255 2.42879
    endloop
  endfacet
  facet normal 0.997758 0.0669238 -0.000170534
    outer loop
      vertex 74.0941 -1.43579 0
      vertex 74.0782 -1.19255 2.42879
      vertex 74.0787 -1.2 2.43053
    endloop
  endfacet
  facet normal 0.998051 0.0624083 0.000269376
    outer loop
      vertex 74.0941 -1.43579 0
      vertex 74.0787 -1.2 2.43053
      vertex 74.0807 -1.23203 2.44106
    endloop
  endfacet
  facet normal 0.997854 0.0654758 1.2248e-05
    outer loop
      vertex 74.0941 -1.43579 0
      vertex 74.0807 -1.23203 2.44106
      vertex 74.0868 -1.325 2.47161
    endloop
  endfacet
  facet normal 0.997774 0.066688 -4.23271e-05
    outer loop
      vertex 74.0941 -1.43579 0
      vertex 74.0868 -1.325 2.47161
      vertex 74.0914 -1.39381 2.49423
    endloop
  endfacet
  facet normal 0.998004 0.063144 1.75717e-05
    outer loop
      vertex 74.0941 -1.43579 0
      vertex 74.0914 -1.39381 2.49423
      vertex 74.0929 -1.41752 2.50203
    endloop
  endfacet
  facet normal 0.99785 0.0655402 -0
    outer loop
      vertex 74.0941 -1.43579 0
      vertex 74.0929 -1.41752 2.50203
      vertex 74.0941 -1.43579 2.51011
    endloop
  endfacet
  facet normal 0.997859 0.0653985 -1.01482e-05
    outer loop
      vertex 74.0466 -0.710666 2.33828
      vertex 74.0941 -1.43579 0
      vertex 74 0 0
    endloop
  endfacet
  facet normal 0.0653981 -0.997859 0
    outer loop
      vertex 83.5642 10.9059 0
      vertex 85 11 7
      vertex 83.5642 10.9059 7
    endloop
  endfacet
  facet normal 0.0653981 -0.997859 0
    outer loop
      vertex 85 11 7
      vertex 83.5642 10.9059 0
      vertex 85 11 0
    endloop
  endfacet
  facet normal -0.0653981 0.997859 0
    outer loop
      vertex 86.4358 -10.9059 0
      vertex 85 -11 7
      vertex 86.4358 -10.9059 7
    endloop
  endfacet
  facet normal -0.0653981 0.997859 0
    outer loop
      vertex 85 -11 7
      vertex 86.4358 -10.9059 0
      vertex 85 -11 0
    endloop
  endfacet
  facet normal -0.659349 -0.751837 0
    outer loop
      vertex 91.6964 8.72689 0
      vertex 92.7782 7.77817 7
      vertex 91.6964 8.72689 7
    endloop
  endfacet
  facet normal -0.659349 -0.751837 -0
    outer loop
      vertex 92.7782 7.77817 7
      vertex 91.6964 8.72689 0
      vertex 92.7782 7.77817 0
    endloop
  endfacet
  facet normal 0.751844 -0.659341 0
    outer loop
      vertex 76.2731 6.69637 7
      vertex 77.2218 7.77817 0
      vertex 77.2218 7.77817 7
    endloop
  endfacet
  facet normal 0.751844 -0.659341 0
    outer loop
      vertex 77.2218 7.77817 0
      vertex 76.2731 6.69637 7
      vertex 76.2731 6.69637 0
    endloop
  endfacet
  facet normal 0.442298 -0.896868 0
    outer loop
      vertex 79.5 9.52628 0
      vertex 80.7905 10.1627 7
      vertex 79.5 9.52628 7
    endloop
  endfacet
  facet normal 0.442298 -0.896868 0
    outer loop
      vertex 80.7905 10.1627 7
      vertex 79.5 9.52628 0
      vertex 80.7905 10.1627 0
    endloop
  endfacet
  facet normal -0.946932 0.321433 0
    outer loop
      vertex 95.1627 -4.20952 0
      vertex 95.6252 -2.84701 7
      vertex 95.6252 -2.84701 0
    endloop
  endfacet
  facet normal -0.946932 0.321433 0
    outer loop
      vertex 95.6252 -2.84701 7
      vertex 95.1627 -4.20952 0
      vertex 95.1627 -4.20952 7
    endloop
  endfacet
  facet normal -0.896871 -0.442292 0
    outer loop
      vertex 95.1627 4.20952 0
      vertex 94.5263 5.5 7
      vertex 94.5263 5.5 0
    endloop
  endfacet
  facet normal -0.896871 -0.442292 0
    outer loop
      vertex 94.5263 5.5 7
      vertex 95.1627 4.20952 0
      vertex 95.1627 4.20952 7
    endloop
  endfacet
  facet normal -0.980785 -0.195093 0
    outer loop
      vertex 95.6252 2.84701 0
      vertex 95.7539 2.2 3.28394
      vertex 95.6252 2.84701 7
    endloop
  endfacet
  facet normal -0.981611 -0.190892 0.00086011
    outer loop
      vertex 95.6252 2.84701 0
      vertex 95.7549 2.19466 3.24005
      vertex 95.7539 2.2 3.28394
    endloop
  endfacet
  facet normal -0.980441 -0.196811 -0.000378582
    outer loop
      vertex 95.6252 2.84701 0
      vertex 95.7573 2.18289 3.1434
      vertex 95.7549 2.19466 3.24005
    endloop
  endfacet
  facet normal -0.980767 -0.195184 -2.10812e-05
    outer loop
      vertex 95.6252 2.84701 0
      vertex 95.762 2.15928 3.08121
      vertex 95.7573 2.18289 3.1434
    endloop
  endfacet
  facet normal -0.98114 -0.193298 0.000416494
    outer loop
      vertex 95.6252 2.84701 0
      vertex 95.7641 2.14856 3.05298
      vertex 95.762 2.15928 3.08121
    endloop
  endfacet
  facet normal -0.980708 -0.19548 -0.000102539
    outer loop
      vertex 95.6252 2.84701 0
      vertex 95.7651 2.14355 3.03981
      vertex 95.7641 2.14856 3.05298
    endloop
  endfacet
  facet normal -0.981059 -0.19371 0.000323379
    outer loop
      vertex 95.6252 2.84701 0
      vertex 95.7674 2.13185 3.00898
      vertex 95.7651 2.14355 3.03981
    endloop
  endfacet
  facet normal -0.980596 -0.196041 -0.000252449
    outer loop
      vertex 95.6252 2.84701 0
      vertex 95.7792 2.07294 2.92071
      vertex 95.7674 2.13185 3.00898
    endloop
  endfacet
  facet normal -0.980829 -0.194869 7.0353e-05
    outer loop
      vertex 95.6252 2.84701 0
      vertex 95.7842 2.04776 2.88298
      vertex 95.7792 2.07294 2.92071
    endloop
  endfacet
  facet normal -0.981038 -0.193817 0.000373553
    outer loop
      vertex 95.6252 2.84701 0
      vertex 95.7877 2.03001 2.86527
      vertex 95.7842 2.04776 2.88298
    endloop
  endfacet
  facet normal -0.980932 -0.194351 0.00021531
    outer loop
      vertex 95.6252 2.84701 0
      vertex 95.7966 1.98504 2.82042
      vertex 95.7877 2.03001 2.86527
    endloop
  endfacet
  facet normal -0.980624 -0.1959 -0.000276941
    outer loop
      vertex 95.6252 2.84701 0
      vertex 95.8042 1.94705 2.78252
      vertex 95.7966 1.98504 2.82042
    endloop
  endfacet
  facet normal -0.980631 -0.195862 -0.000264295
    outer loop
      vertex 95.6252 2.84701 0
      vertex 95.8072 1.93205 2.76755
      vertex 95.8042 1.94705 2.78252
    endloop
  endfacet
  facet normal -0.980811 -0.194963 4.49404e-05
    outer loop
      vertex 95.6252 2.84701 0
      vertex 95.8148 1.89381 2.74048
      vertex 95.8072 1.93205 2.76755
    endloop
  endfacet
  facet normal -0.980862 -0.194705 0.00013797
    outer loop
      vertex 95.6252 2.84701 0
      vertex 95.8352 1.79099 2.66771
      vertex 95.8148 1.89381 2.74048
    endloop
  endfacet
  facet normal -0.976866 -0.213714 -0.00770104
    outer loop
      vertex 95.6252 2.84701 0
      vertex 95.8359 1.78787 2.6655
      vertex 95.8352 1.79099 2.66771
    endloop
  endfacet
  facet normal -0.984444 -0.175512 0.00807771
    outer loop
      vertex 95.6252 2.84701 0
      vertex 95.8361 1.78671 2.66467
      vertex 95.8359 1.78787 2.6655
    endloop
  endfacet
  facet normal -0.980807 -0.194982 4.22676e-05
    outer loop
      vertex 95.6252 2.84701 0
      vertex 95.8611 1.66094 2.6001
      vertex 95.8361 1.78671 2.66467
    endloop
  endfacet
  facet normal -0.98077 -0.195166 -4.47587e-05
    outer loop
      vertex 95.6252 2.84701 0
      vertex 95.8704 1.61421 2.5761
      vertex 95.8611 1.66094 2.6001
    endloop
  endfacet
  facet normal -0.980786 -0.195084 -4.26691e-06
    outer loop
      vertex 95.9059 1.43579 0
      vertex 95.8704 1.61421 2.5761
      vertex 95.6252 2.84701 0
    endloop
  endfacet
  facet normal -0.981264 -0.192667 -0.000178235
    outer loop
      vertex 95.8704 1.61421 2.5761
      vertex 95.9059 1.43579 0
      vertex 95.8727 1.6025 2.57177
    endloop
  endfacet
  facet normal -0.980329 -0.197373 0.000138856
    outer loop
      vertex 95.8727 1.6025 2.57177
      vertex 95.9059 1.43579 0
      vertex 95.8793 1.56971 2.55964
    endloop
  endfacet
  facet normal -0.981022 -0.193899 -5.0116e-05
    outer loop
      vertex 95.8793 1.56971 2.55964
      vertex 95.9059 1.43579 0
      vertex 95.8871 1.53025 2.54505
    endloop
  endfacet
  facet normal -0.980764 -0.195198 0
    outer loop
      vertex 95.8871 1.53025 2.54505
      vertex 95.9059 1.43579 0
      vertex 95.9059 1.43579 2.51011
    endloop
  endfacet
  facet normal -0.980785 -0.195093 0
    outer loop
      vertex 95.6252 2.84701 7
      vertex 95.7539 2.2 3.28394
      vertex 95.7539 2.2 7
    endloop
  endfacet
  facet normal -0.321435 -0.946931 0
    outer loop
      vertex 87.847 10.6252 0
      vertex 89.2095 10.1627 7
      vertex 87.847 10.6252 7
    endloop
  endfacet
  facet normal -0.321435 -0.946931 -0
    outer loop
      vertex 89.2095 10.1627 7
      vertex 87.847 10.6252 0
      vertex 89.2095 10.1627 0
    endloop
  endfacet
  facet normal -0.555561 -0.831476 0
    outer loop
      vertex 90.5 9.52628 0
      vertex 91.6964 8.72689 7
      vertex 90.5 9.52628 7
    endloop
  endfacet
  facet normal -0.555561 -0.831476 -0
    outer loop
      vertex 91.6964 8.72689 7
      vertex 90.5 9.52628 0
      vertex 91.6964 8.72689 0
    endloop
  endfacet
  facet normal 0.946932 -0.321433 0
    outer loop
      vertex 74.3748 2.84701 7
      vertex 74.8373 4.20952 0
      vertex 74.8373 4.20952 7
    endloop
  endfacet
  facet normal 0.946932 -0.321433 0
    outer loop
      vertex 74.8373 4.20952 0
      vertex 74.3748 2.84701 7
      vertex 74.3748 2.84701 0
    endloop
  endfacet
  facet normal 0.831466 -0.555576 0
    outer loop
      vertex 75.4737 5.5 7
      vertex 76.2731 6.69637 0
      vertex 76.2731 6.69637 7
    endloop
  endfacet
  facet normal 0.831466 -0.555576 0
    outer loop
      vertex 76.2731 6.69637 0
      vertex 75.4737 5.5 7
      vertex 75.4737 5.5 0
    endloop
  endfacet
  facet normal 0.980785 -0.195093 0
    outer loop
      vertex 74.2461 2.2 3.28394
      vertex 74.3748 2.84701 7
      vertex 74.2461 2.2 7
    endloop
  endfacet
  facet normal 0.980785 -0.195093 0
    outer loop
      vertex 74.3748 2.84701 7
      vertex 74.2461 2.2 3.28394
      vertex 74.3748 2.84701 0
    endloop
  endfacet
  facet normal 0.981611 -0.190892 0.00086011
    outer loop
      vertex 74.2451 2.19466 3.24005
      vertex 74.3748 2.84701 0
      vertex 74.2461 2.2 3.28394
    endloop
  endfacet
  facet normal 0.980441 -0.196811 -0.000378582
    outer loop
      vertex 74.2427 2.18289 3.1434
      vertex 74.3748 2.84701 0
      vertex 74.2451 2.19466 3.24005
    endloop
  endfacet
  facet normal 0.980468 -0.196679 -0.000349469
    outer loop
      vertex 74.2406 2.17247 3.11596
      vertex 74.3748 2.84701 0
      vertex 74.2427 2.18289 3.1434
    endloop
  endfacet
  facet normal 0.981062 -0.193696 0.000321896
    outer loop
      vertex 74.2359 2.14856 3.05298
      vertex 74.3748 2.84701 0
      vertex 74.2406 2.17247 3.11596
    endloop
  endfacet
  facet normal 0.980942 -0.194299 0.000178504
    outer loop
      vertex 74.2336 2.13692 3.02234
      vertex 74.3748 2.84701 0
      vertex 74.2359 2.14856 3.05298
    endloop
  endfacet
  facet normal 0.980983 -0.194092 0.000229093
    outer loop
      vertex 74.2326 2.13185 3.00898
      vertex 74.3748 2.84701 0
      vertex 74.2336 2.13692 3.02234
    endloop
  endfacet
  facet normal 0.980789 -0.195073 -1.34736e-05
    outer loop
      vertex 74.2293 2.11526 2.98412
      vertex 74.3748 2.84701 0
      vertex 74.2326 2.13185 3.00898
    endloop
  endfacet
  facet normal 0.980663 -0.195706 -0.000174745
    outer loop
      vertex 74.2174 2.05571 2.89489
      vertex 74.3748 2.84701 0
      vertex 74.2293 2.11526 2.98412
    endloop
  endfacet
  facet normal 0.980472 -0.19666 -0.000445823
    outer loop
      vertex 74.2158 2.04776 2.88298
      vertex 74.3748 2.84701 0
      vertex 74.2174 2.05571 2.89489
    endloop
  endfacet
  facet normal 0.981038 -0.193817 0.000373553
    outer loop
      vertex 74.2123 2.03001 2.86527
      vertex 74.3748 2.84701 0
      vertex 74.2158 2.04776 2.88298
    endloop
  endfacet
  facet normal 0.980932 -0.194351 0.00021531
    outer loop
      vertex 74.2034 1.98504 2.82042
      vertex 74.3748 2.84701 0
      vertex 74.2123 2.03001 2.86527
    endloop
  endfacet
  facet normal 0.980624 -0.1959 -0.000276941
    outer loop
      vertex 74.1958 1.94705 2.78252
      vertex 74.3748 2.84701 0
      vertex 74.2034 1.98504 2.82042
    endloop
  endfacet
  facet normal 0.980631 -0.195862 -0.000264295
    outer loop
      vertex 74.1928 1.93205 2.76755
      vertex 74.3748 2.84701 0
      vertex 74.1958 1.94705 2.78252
    endloop
  endfacet
  facet normal 0.980811 -0.194963 4.49404e-05
    outer loop
      vertex 74.1852 1.89381 2.74048
      vertex 74.3748 2.84701 0
      vertex 74.1928 1.93205 2.76755
    endloop
  endfacet
  facet normal 0.980862 -0.194705 0.00013797
    outer loop
      vertex 74.1648 1.79099 2.66771
      vertex 74.3748 2.84701 0
      vertex 74.1852 1.89381 2.74048
    endloop
  endfacet
  facet normal 0.976866 -0.213714 -0.00770104
    outer loop
      vertex 74.1641 1.78787 2.6655
      vertex 74.3748 2.84701 0
      vertex 74.1648 1.79099 2.66771
    endloop
  endfacet
  facet normal 0.984444 -0.175512 0.00807771
    outer loop
      vertex 74.1639 1.78671 2.66467
      vertex 74.3748 2.84701 0
      vertex 74.1641 1.78787 2.6655
    endloop
  endfacet
  facet normal 0.980786 -0.195084 -1.51992e-08
    outer loop
      vertex 74.1559 1.74649 2.64403
      vertex 74.3748 2.84701 0
      vertex 74.1639 1.78671 2.66467
    endloop
  endfacet
  facet normal 0.9808 -0.195015 3.00704e-05
    outer loop
      vertex 74.1307 1.61974 2.57894
      vertex 74.3748 2.84701 0
      vertex 74.1559 1.74649 2.64403
    endloop
  endfacet
  facet normal 0.980785 -0.195089 -6.85285e-06
    outer loop
      vertex 74.1296 1.61421 2.5761
      vertex 74.3748 2.84701 0
      vertex 74.1307 1.61974 2.57894
    endloop
  endfacet
  facet normal 0.981264 -0.192667 -0.000178235
    outer loop
      vertex 74.0941 1.43579 0
      vertex 74.1296 1.61421 2.5761
      vertex 74.1273 1.6025 2.57177
    endloop
  endfacet
  facet normal 0.980329 -0.197373 0.000138856
    outer loop
      vertex 74.0941 1.43579 0
      vertex 74.1273 1.6025 2.57177
      vertex 74.1207 1.56971 2.55964
    endloop
  endfacet
  facet normal 0.981022 -0.193899 -5.0116e-05
    outer loop
      vertex 74.0941 1.43579 0
      vertex 74.1207 1.56971 2.55964
      vertex 74.1129 1.53025 2.54505
    endloop
  endfacet
  facet normal 0.980764 -0.195198 0
    outer loop
      vertex 74.0941 1.43579 0
      vertex 74.1129 1.53025 2.54505
      vertex 74.0941 1.43579 2.51011
    endloop
  endfacet
  facet normal 0.980786 -0.195084 -4.26691e-06
    outer loop
      vertex 74.1296 1.61421 2.5761
      vertex 74.0941 1.43579 0
      vertex 74.3748 2.84701 0
    endloop
  endfacet
  facet normal 0.195087 -0.980786 0
    outer loop
      vertex 82.153 10.6252 0
      vertex 83.5642 10.9059 7
      vertex 82.153 10.6252 7
    endloop
  endfacet
  facet normal 0.195087 -0.980786 0
    outer loop
      vertex 83.5642 10.9059 7
      vertex 82.153 10.6252 0
      vertex 83.5642 10.9059 0
    endloop
  endfacet
  facet normal 0.831466 0.555576 0
    outer loop
      vertex 76.2731 -6.69637 7
      vertex 75.4737 -5.5 0
      vertex 75.4737 -5.5 7
    endloop
  endfacet
  facet normal 0.831466 0.555576 0
    outer loop
      vertex 75.4737 -5.5 0
      vertex 76.2731 -6.69637 7
      vertex 76.2731 -6.69637 0
    endloop
  endfacet
  facet normal -0.442298 0.896868 0
    outer loop
      vertex 90.5 -9.52628 0
      vertex 89.2095 -10.1627 7
      vertex 90.5 -9.52628 7
    endloop
  endfacet
  facet normal -0.442298 0.896868 0
    outer loop
      vertex 89.2095 -10.1627 7
      vertex 90.5 -9.52628 0
      vertex 89.2095 -10.1627 0
    endloop
  endfacet
  facet normal -0.946932 -0.321433 0
    outer loop
      vertex 95.6252 2.84701 0
      vertex 95.1627 4.20952 7
      vertex 95.1627 4.20952 0
    endloop
  endfacet
  facet normal -0.946932 -0.321433 0
    outer loop
      vertex 95.1627 4.20952 7
      vertex 95.6252 2.84701 0
      vertex 95.6252 2.84701 7
    endloop
  endfacet
  facet normal -0.751844 -0.659341 0
    outer loop
      vertex 93.7269 6.69637 0
      vertex 92.7782 7.77817 7
      vertex 92.7782 7.77817 0
    endloop
  endfacet
  facet normal -0.751844 -0.659341 0
    outer loop
      vertex 92.7782 7.77817 7
      vertex 93.7269 6.69637 0
      vertex 93.7269 6.69637 7
    endloop
  endfacet
  facet normal -0.831466 -0.555576 0
    outer loop
      vertex 94.5263 5.5 0
      vertex 93.7269 6.69637 7
      vertex 93.7269 6.69637 0
    endloop
  endfacet
  facet normal -0.831466 -0.555576 0
    outer loop
      vertex 93.7269 6.69637 7
      vertex 94.5263 5.5 0
      vertex 94.5263 5.5 7
    endloop
  endfacet
  facet normal -0.195087 -0.980786 0
    outer loop
      vertex 86.4358 10.9059 0
      vertex 87.847 10.6252 7
      vertex 86.4358 10.9059 7
    endloop
  endfacet
  facet normal -0.195087 -0.980786 -0
    outer loop
      vertex 87.847 10.6252 7
      vertex 86.4358 10.9059 0
      vertex 87.847 10.6252 0
    endloop
  endfacet
  facet normal -0.0653981 -0.997859 0
    outer loop
      vertex 85 11 0
      vertex 86.4358 10.9059 7
      vertex 85 11 7
    endloop
  endfacet
  facet normal -0.0653981 -0.997859 -0
    outer loop
      vertex 86.4358 10.9059 7
      vertex 85 11 0
      vertex 86.4358 10.9059 0
    endloop
  endfacet
  facet normal -0.442298 -0.896868 0
    outer loop
      vertex 89.2095 10.1627 0
      vertex 90.5 9.52628 7
      vertex 89.2095 10.1627 7
    endloop
  endfacet
  facet normal -0.442298 -0.896868 -0
    outer loop
      vertex 90.5 9.52628 7
      vertex 89.2095 10.1627 0
      vertex 90.5 9.52628 0
    endloop
  endfacet
  facet normal 0.896871 -0.442292 0
    outer loop
      vertex 74.8373 4.20952 7
      vertex 75.4737 5.5 0
      vertex 75.4737 5.5 7
    endloop
  endfacet
  facet normal 0.896871 -0.442292 0
    outer loop
      vertex 75.4737 5.5 0
      vertex 74.8373 4.20952 7
      vertex 74.8373 4.20952 0
    endloop
  endfacet
  facet normal 0.99785 -0.0655402 0
    outer loop
      vertex 74.0929 1.41752 2.50203
      vertex 74.0941 1.43579 0
      vertex 74.0941 1.43579 2.51011
    endloop
  endfacet
  facet normal 0.99786 -0.0653814 1.1644e-06
    outer loop
      vertex 74.0884 1.34884 2.47945
      vertex 74.0941 1.43579 0
      vertex 74.0929 1.41752 2.50203
    endloop
  endfacet
  facet normal 0.997755 -0.0669635 0
    outer loop
      vertex 74.0868 1.325 2.47161
      vertex 74.0884 1.34884 2.47945
      vertex 74.0868 1.325 2.47162
    endloop
  endfacet
  facet normal 0.997757 -0.0669458 -5.3933e-05
    outer loop
      vertex 74.0884 1.34884 2.47945
      vertex 74.0868 1.325 2.47161
      vertex 74.0941 1.43579 0
    endloop
  endfacet
  facet normal 0.997854 -0.0654827 1.19368e-05
    outer loop
      vertex 74.0807 1.23204 2.44106
      vertex 74.0941 1.43579 0
      vertex 74.0868 1.325 2.47161
    endloop
  endfacet
  facet normal 0.998052 -0.0623895 0.000271208
    outer loop
      vertex 74.0787 1.2 2.43053
      vertex 74.0941 1.43579 0
      vertex 74.0807 1.23204 2.44106
    endloop
  endfacet
  facet normal 0.997841 -0.0656737 -4.8729e-05
    outer loop
      vertex 74.0764 1.16506 2.42238
      vertex 74.0941 1.43579 0
      vertex 74.0787 1.2 2.43053
    endloop
  endfacet
  facet normal 0.997809 -0.0661638 -0.000103751
    outer loop
      vertex 74.0695 1.06104 2.39812
      vertex 74.0941 1.43579 0
      vertex 74.0764 1.16506 2.42238
    endloop
  endfacet
  facet normal 0.997854 -0.0654848 2.81621e-06
    outer loop
      vertex 74.0648 0.989421 2.38141
      vertex 74.0941 1.43579 0
      vertex 74.0695 1.06104 2.39812
    endloop
  endfacet
  facet normal 0.998053 -0.0623729 0.000588559
    outer loop
      vertex 74.0633 0.965366 2.3758
      vertex 74.0941 1.43579 0
      vertex 74.0648 0.989421 2.38141
    endloop
  endfacet
  facet normal 0.997828 -0.0658691 -0.000106607
    outer loop
      vertex 74.0603 0.919931 2.36901
      vertex 74.0941 1.43579 0
      vertex 74.0633 0.965366 2.3758
    endloop
  endfacet
  facet normal 0.997867 -0.0652766 2.29592e-05
    outer loop
      vertex 74.0513 0.782343 2.34846
      vertex 74.0941 1.43579 0
      vertex 74.0603 0.919931 2.36901
    endloop
  endfacet
  facet normal 0.99766 -0.0683648 -0.000840103
    outer loop
      vertex 74.0502 0.76632 2.34606
      vertex 74.0941 1.43579 0
      vertex 74.0513 0.782343 2.34846
    endloop
  endfacet
  facet normal 0.997847 -0.0655847 -4.32749e-05
    outer loop
      vertex 74.047 0.717638 2.33879
      vertex 74.0941 1.43579 0
      vertex 74.0502 0.76632 2.34606
    endloop
  endfacet
  facet normal 0.998344 -0.0574655 0.00245983
    outer loop
      vertex 74.0466 0.710667 2.33828
      vertex 74.0941 1.43579 0
      vertex 74.047 0.717638 2.33879
    endloop
  endfacet
  facet normal 0.997838 -0.0657157 -0.000108898
    outer loop
      vertex 74.0355 0.542143 2.32602
      vertex 74.0941 1.43579 0
      vertex 74.0466 0.710667 2.33828
    endloop
  endfacet
  facet normal 0.997962 -0.0638153 -0.000357107
    outer loop
      vertex 74 0 0
      vertex 74.0355 0.542143 2.32602
      vertex 74.0324 0.493684 2.3225
    endloop
  endfacet
  facet normal 0.997614 -0.069038 0.000757928
    outer loop
      vertex 74 0 0
      vertex 74.0324 0.493684 2.3225
      vertex 74.0307 0.469099 2.32071
    endloop
  endfacet
  facet normal 0.998078 -0.0619658 -0.000677758
    outer loop
      vertex 74 0 0
      vertex 74.0307 0.469099 2.32071
      vertex 74.0302 0.461052 2.32012
    endloop
  endfacet
  facet normal 0.997876 -0.0651386 -4.46521e-05
    outer loop
      vertex 74 0 0
      vertex 74.0302 0.461052 2.32012
      vertex 74.026 0.396711 2.32012
    endloop
  endfacet
  facet normal 0.997857 -0.0654379 6.747e-06
    outer loop
      vertex 74 0 0
      vertex 74.026 0.396711 2.32012
      vertex 74.0131 0.2 2.32012
    endloop
  endfacet
  facet normal 0.997862 -0.0653599 0
    outer loop
      vertex 74 0 0
      vertex 74.0131 0.2 2.32012
      vertex 74 0 2.32727
    endloop
  endfacet
  facet normal 0.997859 -0.0653985 1.34788e-05
    outer loop
      vertex 74.0355 0.542143 2.32602
      vertex 74 0 0
      vertex 74.0941 1.43579 0
    endloop
  endfacet
  facet normal 0.555561 -0.831476 0
    outer loop
      vertex 78.3036 8.72689 0
      vertex 79.5 9.52628 7
      vertex 78.3036 8.72689 7
    endloop
  endfacet
  facet normal 0.555561 -0.831476 0
    outer loop
      vertex 79.5 9.52628 7
      vertex 78.3036 8.72689 0
      vertex 79.5 9.52628 0
    endloop
  endfacet
  facet normal 0.659349 -0.751837 0
    outer loop
      vertex 77.2218 7.77817 0
      vertex 78.3036 8.72689 7
      vertex 77.2218 7.77817 7
    endloop
  endfacet
  facet normal 0.659349 -0.751837 0
    outer loop
      vertex 78.3036 8.72689 7
      vertex 77.2218 7.77817 0
      vertex 78.3036 8.72689 0
    endloop
  endfacet
  facet normal 0.321435 -0.946931 0
    outer loop
      vertex 80.7905 10.1627 0
      vertex 82.153 10.6252 7
      vertex 80.7905 10.1627 7
    endloop
  endfacet
  facet normal 0.321435 -0.946931 0
    outer loop
      vertex 82.153 10.6252 7
      vertex 80.7905 10.1627 0
      vertex 82.153 10.6252 0
    endloop
  endfacet
  facet normal -0.997862 0.0653603 0
    outer loop
      vertex 96 0 0
      vertex 95.9869 -0.199999 2.32012
      vertex 96 0 2.32727
    endloop
  endfacet
  facet normal -0.997861 0.0653641 3.32306e-07
    outer loop
      vertex 96 0 0
      vertex 95.9698 -0.461051 2.32012
      vertex 95.9869 -0.199999 2.32012
    endloop
  endfacet
  facet normal -0.99789 0.0649261 -8.70773e-05
    outer loop
      vertex 96 0 0
      vertex 95.9682 -0.48564 2.32191
      vertex 95.9698 -0.461051 2.32012
    endloop
  endfacet
  facet normal -0.997217 0.0745331 0.00193149
    outer loop
      vertex 96 0 0
      vertex 95.9676 -0.493683 2.3225
      vertex 95.9682 -0.48564 2.32191
    endloop
  endfacet
  facet normal -0.997901 0.0647653 -0.000154333
    outer loop
      vertex 96 0 0
      vertex 95.964 -0.549142 2.32653
      vertex 95.9676 -0.493683 2.3225
    endloop
  endfacet
  facet normal -0.997876 0.0651404 -6.54189e-05
    outer loop
      vertex 96 0 0
      vertex 95.953 -0.717637 2.33879
      vertex 95.964 -0.549142 2.32653
    endloop
  endfacet
  facet normal -0.997859 0.0653985 1.41185e-05
    outer loop
      vertex 95.9059 -1.43579 0
      vertex 95.953 -0.717637 2.33879
      vertex 96 0 0
    endloop
  endfacet
  facet normal -0.997847 0.0655847 -4.33017e-05
    outer loop
      vertex 95.953 -0.717637 2.33879
      vertex 95.9059 -1.43579 0
      vertex 95.9498 -0.766319 2.34606
    endloop
  endfacet
  facet normal -0.99766 0.0683648 -0.000840131
    outer loop
      vertex 95.9498 -0.766319 2.34606
      vertex 95.9059 -1.43579 0
      vertex 95.9487 -0.782342 2.34846
    endloop
  endfacet
  facet normal -0.997858 0.0654248 -1.84816e-05
    outer loop
      vertex 95.9487 -0.782342 2.34846
      vertex 95.9059 -1.43579 0
      vertex 95.9457 -0.828096 2.35529
    endloop
  endfacet
  facet normal -0.997858 0.0654216 -1.76521e-05
    outer loop
      vertex 95.9457 -0.828096 2.35529
      vertex 95.9059 -1.43579 0
      vertex 95.9367 -0.965365 2.3758
    endloop
  endfacet
  facet normal -0.998053 0.0623729 0.000588534
    outer loop
      vertex 95.9367 -0.965365 2.3758
      vertex 95.9059 -1.43579 0
      vertex 95.9352 -0.98942 2.38141
    endloop
  endfacet
  facet normal -0.997854 0.065484 2.95406e-06
    outer loop
      vertex 95.9352 -0.98942 2.38141
      vertex 95.9059 -1.43579 0
      vertex 95.9305 -1.06104 2.39812
    endloop
  endfacet
  facet normal -0.997809 0.0661638 -0.000103751
    outer loop
      vertex 95.9305 -1.06104 2.39812
      vertex 95.9059 -1.43579 0
      vertex 95.9236 -1.16506 2.42238
    endloop
  endfacet
  facet normal -0.997841 0.0656737 -4.8729e-05
    outer loop
      vertex 95.9236 -1.16506 2.42238
      vertex 95.9059 -1.43579 0
      vertex 95.9213 -1.2 2.43053
    endloop
  endfacet
  facet normal -0.998051 0.0624083 0.000269376
    outer loop
      vertex 95.9213 -1.2 2.43053
      vertex 95.9059 -1.43579 0
      vertex 95.9193 -1.23203 2.44106
    endloop
  endfacet
  facet normal -0.997854 0.0654758 1.2248e-05
    outer loop
      vertex 95.9193 -1.23203 2.44106
      vertex 95.9059 -1.43579 0
      vertex 95.9132 -1.325 2.47161
    endloop
  endfacet
  facet normal -0.997774 0.066688 -4.23271e-05
    outer loop
      vertex 95.9132 -1.325 2.47161
      vertex 95.9059 -1.43579 0
      vertex 95.9086 -1.39381 2.49423
    endloop
  endfacet
  facet normal -0.998004 0.063144 1.75717e-05
    outer loop
      vertex 95.9086 -1.39381 2.49423
      vertex 95.9059 -1.43579 0
      vertex 95.9071 -1.41752 2.50203
    endloop
  endfacet
  facet normal -0.99785 0.0655402 0
    outer loop
      vertex 95.9071 -1.41752 2.50203
      vertex 95.9059 -1.43579 0
      vertex 95.9059 -1.43579 2.51011
    endloop
  endfacet
  facet normal -0.555561 0.831476 0
    outer loop
      vertex 91.6964 -8.72689 0
      vertex 90.5 -9.52628 7
      vertex 91.6964 -8.72689 7
    endloop
  endfacet
  facet normal -0.555561 0.831476 0
    outer loop
      vertex 90.5 -9.52628 7
      vertex 91.6964 -8.72689 0
      vertex 90.5 -9.52628 0
    endloop
  endfacet
  facet normal -0.751844 0.659341 0
    outer loop
      vertex 92.7782 -7.77817 0
      vertex 93.7269 -6.69637 7
      vertex 93.7269 -6.69637 0
    endloop
  endfacet
  facet normal -0.751844 0.659341 0
    outer loop
      vertex 93.7269 -6.69637 7
      vertex 92.7782 -7.77817 0
      vertex 92.7782 -7.77817 7
    endloop
  endfacet
  facet normal -0.896871 0.442292 0
    outer loop
      vertex 94.5263 -5.5 0
      vertex 95.1627 -4.20952 7
      vertex 95.1627 -4.20952 0
    endloop
  endfacet
  facet normal -0.896871 0.442292 0
    outer loop
      vertex 95.1627 -4.20952 7
      vertex 94.5263 -5.5 0
      vertex 94.5263 -5.5 7
    endloop
  endfacet
  facet normal -0.980927 0.194377 0
    outer loop
      vertex 95.9059 -1.43579 0
      vertex 95.9016 -1.45749 2.51814
      vertex 95.9059 -1.43579 2.51011
    endloop
  endfacet
  facet normal -0.980822 0.194907 4.74942e-06
    outer loop
      vertex 95.9059 -1.43579 0
      vertex 95.8793 -1.56971 2.55964
      vertex 95.9016 -1.45749 2.51814
    endloop
  endfacet
  facet normal -0.979817 0.199895 0.000276138
    outer loop
      vertex 95.9059 -1.43579 0
      vertex 95.8769 -1.58148 2.564
      vertex 95.8793 -1.56971 2.55964
    endloop
  endfacet
  facet normal -0.980847 0.194781 -2.60861e-05
    outer loop
      vertex 95.9059 -1.43579 0
      vertex 95.8704 -1.61421 2.5761
      vertex 95.8769 -1.58148 2.564
    endloop
  endfacet
  facet normal -0.980786 0.195084 -4.26691e-06
    outer loop
      vertex 95.6252 -2.84701 0
      vertex 95.8704 -1.61421 2.5761
      vertex 95.9059 -1.43579 0
    endloop
  endfacet
  facet normal -0.980833 0.194849 0.000112893
    outer loop
      vertex 95.8704 -1.61421 2.5761
      vertex 95.6252 -2.84701 0
      vertex 95.8452 -1.7411 2.64125
    endloop
  endfacet
  facet normal -0.980691 0.195563 -0.000198198
    outer loop
      vertex 95.8452 -1.7411 2.64125
      vertex 95.6252 -2.84701 0
      vertex 95.8361 -1.78671 2.66467
    endloop
  endfacet
  facet normal -0.984444 0.175512 0.00807771
    outer loop
      vertex 95.8361 -1.78671 2.66467
      vertex 95.6252 -2.84701 0
      vertex 95.8359 -1.78787 2.6655
    endloop
  endfacet
  facet normal -0.976866 0.213714 -0.00770104
    outer loop
      vertex 95.8359 -1.78787 2.6655
      vertex 95.6252 -2.84701 0
      vertex 95.8352 -1.79099 2.66771
    endloop
  endfacet
  facet normal -0.980874 0.194644 0.000163167
    outer loop
      vertex 95.8352 -1.79099 2.66771
      vertex 95.6252 -2.84701 0
      vertex 95.8274 -1.83032 2.69555
    endloop
  endfacet
  facet normal -0.980838 0.194825 9.22285e-05
    outer loop
      vertex 95.8274 -1.83032 2.69555
      vertex 95.6252 -2.84701 0
      vertex 95.8072 -1.93205 2.76755
    endloop
  endfacet
  facet normal -0.980631 0.195862 -0.000264295
    outer loop
      vertex 95.8072 -1.93205 2.76755
      vertex 95.6252 -2.84701 0
      vertex 95.8042 -1.94705 2.78252
    endloop
  endfacet
  facet normal -0.980624 0.1959 -0.000276941
    outer loop
      vertex 95.8042 -1.94705 2.78252
      vertex 95.6252 -2.84701 0
      vertex 95.7966 -1.98504 2.82042
    endloop
  endfacet
  facet normal -0.980926 0.194383 0.000205184
    outer loop
      vertex 95.7966 -1.98504 2.82042
      vertex 95.6252 -2.84701 0
      vertex 95.7877 -2.03 2.86527
    endloop
  endfacet
  facet normal -0.981054 0.193734 0.000397261
    outer loop
      vertex 95.7877 -2.03 2.86527
      vertex 95.6252 -2.84701 0
      vertex 95.7842 -2.04776 2.88298
    endloop
  endfacet
  facet normal -0.980829 0.194869 7.0353e-05
    outer loop
      vertex 95.7842 -2.04776 2.88298
      vertex 95.6252 -2.84701 0
      vertex 95.7792 -2.07294 2.92071
    endloop
  endfacet
  facet normal -0.980596 0.196041 -0.000252449
    outer loop
      vertex 95.7792 -2.07294 2.92071
      vertex 95.6252 -2.84701 0
      vertex 95.7674 -2.13185 3.00898
    endloop
  endfacet
  facet normal -0.981059 0.19371 0.000323379
    outer loop
      vertex 95.7674 -2.13185 3.00898
      vertex 95.6252 -2.84701 0
      vertex 95.7651 -2.14355 3.03981
    endloop
  endfacet
  facet normal -0.980708 0.19548 -0.000102539
    outer loop
      vertex 95.7651 -2.14355 3.03981
      vertex 95.6252 -2.84701 0
      vertex 95.7641 -2.14856 3.05298
    endloop
  endfacet
  facet normal -0.98114 0.193298 0.000416494
    outer loop
      vertex 95.7641 -2.14856 3.05298
      vertex 95.6252 -2.84701 0
      vertex 95.762 -2.15928 3.08121
    endloop
  endfacet
  facet normal -0.980767 0.195184 -2.10812e-05
    outer loop
      vertex 95.762 -2.15928 3.08121
      vertex 95.6252 -2.84701 0
      vertex 95.7573 -2.18289 3.1434
    endloop
  endfacet
  facet normal -0.980441 0.196811 -0.000378582
    outer loop
      vertex 95.6252 -2.84701 0
      vertex 95.7549 -2.19466 3.24005
      vertex 95.7573 -2.18289 3.1434
    endloop
  endfacet
  facet normal -0.981611 0.190892 0.00086011
    outer loop
      vertex 95.6252 -2.84701 0
      vertex 95.7539 -2.2 3.28394
      vertex 95.7549 -2.19466 3.24005
    endloop
  endfacet
  facet normal -0.980785 0.195093 0
    outer loop
      vertex 95.6252 -2.84701 7
      vertex 95.7539 -2.2 3.28394
      vertex 95.6252 -2.84701 0
    endloop
  endfacet
  facet normal -0.980785 0.195093 0
    outer loop
      vertex 95.7539 -2.2 3.28394
      vertex 95.6252 -2.84701 7
      vertex 95.7539 -2.2 7
    endloop
  endfacet
  facet normal -0.831466 0.555576 0
    outer loop
      vertex 93.7269 -6.69637 0
      vertex 94.5263 -5.5 7
      vertex 94.5263 -5.5 0
    endloop
  endfacet
  facet normal -0.831466 0.555576 0
    outer loop
      vertex 94.5263 -5.5 7
      vertex 93.7269 -6.69637 0
      vertex 93.7269 -6.69637 7
    endloop
  endfacet
  facet normal 0.659349 0.751837 -0
    outer loop
      vertex 78.3036 -8.72689 0
      vertex 77.2218 -7.77817 7
      vertex 78.3036 -8.72689 7
    endloop
  endfacet
  facet normal 0.659349 0.751837 0
    outer loop
      vertex 77.2218 -7.77817 7
      vertex 78.3036 -8.72689 0
      vertex 77.2218 -7.77817 0
    endloop
  endfacet
  facet normal 0.946932 0.321433 0
    outer loop
      vertex 74.8373 -4.20952 7
      vertex 74.3748 -2.84701 0
      vertex 74.3748 -2.84701 7
    endloop
  endfacet
  facet normal 0.946932 0.321433 0
    outer loop
      vertex 74.3748 -2.84701 0
      vertex 74.8373 -4.20952 7
      vertex 74.8373 -4.20952 0
    endloop
  endfacet
  facet normal 0.980785 0.195093 0
    outer loop
      vertex 74.2461 -2.2 7
      vertex 74.3748 -2.84701 7
      vertex 74.2461 -2.2 3.28394
    endloop
  endfacet
  facet normal 0.980927 0.194377 0
    outer loop
      vertex 74.0984 -1.45749 2.51814
      vertex 74.0941 -1.43579 0
      vertex 74.0941 -1.43579 2.51011
    endloop
  endfacet
  facet normal 0.980822 0.194907 4.74942e-06
    outer loop
      vertex 74.1207 -1.56971 2.55964
      vertex 74.0941 -1.43579 0
      vertex 74.0984 -1.45749 2.51814
    endloop
  endfacet
  facet normal 0.980329 0.197373 0.000138856
    outer loop
      vertex 74.1273 -1.6025 2.57177
      vertex 74.0941 -1.43579 0
      vertex 74.1207 -1.56971 2.55964
    endloop
  endfacet
  facet normal 0.981264 0.192667 -0.000178235
    outer loop
      vertex 74.1296 -1.61421 2.5761
      vertex 74.0941 -1.43579 0
      vertex 74.1273 -1.6025 2.57177
    endloop
  endfacet
  facet normal 0.980785 0.195089 -6.85285e-06
    outer loop
      vertex 74.3748 -2.84701 0
      vertex 74.1296 -1.61421 2.5761
      vertex 74.1307 -1.61974 2.57894
    endloop
  endfacet
  facet normal 0.9808 0.195015 3.00704e-05
    outer loop
      vertex 74.3748 -2.84701 0
      vertex 74.1307 -1.61974 2.57894
      vertex 74.1559 -1.74649 2.64403
    endloop
  endfacet
  facet normal 0.980786 0.195084 -1.51992e-08
    outer loop
      vertex 74.3748 -2.84701 0
      vertex 74.1559 -1.74649 2.64403
      vertex 74.1639 -1.78671 2.66467
    endloop
  endfacet
  facet normal 0.984444 0.175512 0.00807771
    outer loop
      vertex 74.3748 -2.84701 0
      vertex 74.1639 -1.78671 2.66467
      vertex 74.1641 -1.78787 2.6655
    endloop
  endfacet
  facet normal 0.976866 0.213714 -0.00770104
    outer loop
      vertex 74.3748 -2.84701 0
      vertex 74.1641 -1.78787 2.6655
      vertex 74.1648 -1.79099 2.66771
    endloop
  endfacet
  facet normal 0.980862 0.194705 0.00013797
    outer loop
      vertex 74.3748 -2.84701 0
      vertex 74.1648 -1.79099 2.66771
      vertex 74.1852 -1.89381 2.74048
    endloop
  endfacet
  facet normal 0.980811 0.194963 4.49404e-05
    outer loop
      vertex 74.3748 -2.84701 0
      vertex 74.1852 -1.89381 2.74048
      vertex 74.1928 -1.93205 2.76755
    endloop
  endfacet
  facet normal 0.980631 0.195862 -0.000264295
    outer loop
      vertex 74.3748 -2.84701 0
      vertex 74.1928 -1.93205 2.76755
      vertex 74.1958 -1.94705 2.78252
    endloop
  endfacet
  facet normal 0.980624 0.1959 -0.000276941
    outer loop
      vertex 74.3748 -2.84701 0
      vertex 74.1958 -1.94705 2.78252
      vertex 74.2034 -1.98504 2.82042
    endloop
  endfacet
  facet normal 0.980926 0.194383 0.000205184
    outer loop
      vertex 74.3748 -2.84701 0
      vertex 74.2034 -1.98504 2.82042
      vertex 74.2123 -2.03 2.86527
    endloop
  endfacet
  facet normal 0.981054 0.193734 0.000397261
    outer loop
      vertex 74.3748 -2.84701 0
      vertex 74.2123 -2.03 2.86527
      vertex 74.2158 -2.04776 2.88298
    endloop
  endfacet
  facet normal 0.980484 0.1966 -0.000428508
    outer loop
      vertex 74.3748 -2.84701 0
      vertex 74.2158 -2.04776 2.88298
      vertex 74.2189 -2.06317 2.90608
    endloop
  endfacet
  facet normal 0.980767 0.195181 -3.06524e-05
    outer loop
      vertex 74.3748 -2.84701 0
      vertex 74.2189 -2.06317 2.90608
      vertex 74.2307 -2.12245 2.9949
    endloop
  endfacet
  facet normal 0.980342 0.197307 -0.000565499
    outer loop
      vertex 74.3748 -2.84701 0
      vertex 74.2307 -2.12245 2.9949
      vertex 74.2326 -2.13185 3.00898
    endloop
  endfacet
  facet normal 0.980983 0.194091 0.000229159
    outer loop
      vertex 74.3748 -2.84701 0
      vertex 74.2326 -2.13185 3.00898
      vertex 74.2336 -2.13692 3.02233
    endloop
  endfacet
  facet normal 0.980942 0.194299 0.000178483
    outer loop
      vertex 74.3748 -2.84701 0
      vertex 74.2336 -2.13692 3.02233
      vertex 74.2359 -2.14856 3.05298
    endloop
  endfacet
  facet normal 0.981062 0.193696 0.000321896
    outer loop
      vertex 74.3748 -2.84701 0
      vertex 74.2359 -2.14856 3.05298
      vertex 74.2406 -2.17247 3.11596
    endloop
  endfacet
  facet normal 0.980468 0.196679 -0.000349469
    outer loop
      vertex 74.3748 -2.84701 0
      vertex 74.2406 -2.17247 3.11596
      vertex 74.2427 -2.18289 3.1434
    endloop
  endfacet
  facet normal 0.981611 0.190892 0.00086011
    outer loop
      vertex 74.3748 -2.84701 0
      vertex 74.2451 -2.19466 3.24005
      vertex 74.2461 -2.2 3.28394
    endloop
  endfacet
  facet normal 0.980785 0.195093 -0
    outer loop
      vertex 74.3748 -2.84701 0
      vertex 74.2461 -2.2 3.28394
      vertex 74.3748 -2.84701 7
    endloop
  endfacet
  facet normal 0.980786 0.195084 -4.26691e-06
    outer loop
      vertex 74.1296 -1.61421 2.5761
      vertex 74.3748 -2.84701 0
      vertex 74.0941 -1.43579 0
    endloop
  endfacet
  facet normal 0.980441 0.196811 -0.000378582
    outer loop
      vertex 74.2451 -2.19466 3.24005
      vertex 74.3748 -2.84701 0
      vertex 74.2427 -2.18289 3.1434
    endloop
  endfacet
  facet normal 0.896871 0.442292 0
    outer loop
      vertex 75.4737 -5.5 7
      vertex 74.8373 -4.20952 0
      vertex 74.8373 -4.20952 7
    endloop
  endfacet
  facet normal 0.896871 0.442292 0
    outer loop
      vertex 74.8373 -4.20952 0
      vertex 75.4737 -5.5 7
      vertex 75.4737 -5.5 0
    endloop
  endfacet
  facet normal -0.321435 0.946931 0
    outer loop
      vertex 89.2095 -10.1627 0
      vertex 87.847 -10.6252 7
      vertex 89.2095 -10.1627 7
    endloop
  endfacet
  facet normal -0.321435 0.946931 0
    outer loop
      vertex 87.847 -10.6252 7
      vertex 89.2095 -10.1627 0
      vertex 87.847 -10.6252 0
    endloop
  endfacet
  facet normal -0.195087 0.980786 0
    outer loop
      vertex 87.847 -10.6252 0
      vertex 86.4358 -10.9059 7
      vertex 87.847 -10.6252 7
    endloop
  endfacet
  facet normal -0.195087 0.980786 0
    outer loop
      vertex 86.4358 -10.9059 7
      vertex 87.847 -10.6252 0
      vertex 86.4358 -10.9059 0
    endloop
  endfacet
  facet normal -0.659349 0.751837 0
    outer loop
      vertex 92.7782 -7.77817 0
      vertex 91.6964 -8.72689 7
      vertex 92.7782 -7.77817 7
    endloop
  endfacet
  facet normal -0.659349 0.751837 0
    outer loop
      vertex 91.6964 -8.72689 7
      vertex 92.7782 -7.77817 0
      vertex 91.6964 -8.72689 0
    endloop
  endfacet
  facet normal 0.321435 0.946931 -0
    outer loop
      vertex 82.153 -10.6252 0
      vertex 80.7905 -10.1627 7
      vertex 82.153 -10.6252 7
    endloop
  endfacet
  facet normal 0.321435 0.946931 0
    outer loop
      vertex 80.7905 -10.1627 7
      vertex 82.153 -10.6252 0
      vertex 80.7905 -10.1627 0
    endloop
  endfacet
  facet normal 0.195087 0.980786 -0
    outer loop
      vertex 83.5642 -10.9059 0
      vertex 82.153 -10.6252 7
      vertex 83.5642 -10.9059 7
    endloop
  endfacet
  facet normal 0.195087 0.980786 0
    outer loop
      vertex 82.153 -10.6252 7
      vertex 83.5642 -10.9059 0
      vertex 82.153 -10.6252 0
    endloop
  endfacet
  facet normal 0.751844 0.659341 0
    outer loop
      vertex 77.2218 -7.77817 7
      vertex 76.2731 -6.69637 0
      vertex 76.2731 -6.69637 7
    endloop
  endfacet
  facet normal 0.751844 0.659341 0
    outer loop
      vertex 76.2731 -6.69637 0
      vertex 77.2218 -7.77817 7
      vertex 77.2218 -7.77817 0
    endloop
  endfacet
  facet normal 0.442298 0.896868 -0
    outer loop
      vertex 80.7905 -10.1627 0
      vertex 79.5 -9.52628 7
      vertex 80.7905 -10.1627 7
    endloop
  endfacet
  facet normal 0.442298 0.896868 0
    outer loop
      vertex 79.5 -9.52628 7
      vertex 80.7905 -10.1627 0
      vertex 79.5 -9.52628 0
    endloop
  endfacet
  facet normal 0.555561 0.831476 -0
    outer loop
      vertex 79.5 -9.52628 0
      vertex 78.3036 -8.72689 7
      vertex 79.5 -9.52628 7
    endloop
  endfacet
  facet normal 0.555561 0.831476 0
    outer loop
      vertex 78.3036 -8.72689 7
      vertex 79.5 -9.52628 0
      vertex 78.3036 -8.72689 0
    endloop
  endfacet
  facet normal 0.0653981 0.997859 -0
    outer loop
      vertex 85 -11 0
      vertex 83.5642 -10.9059 7
      vertex 85 -11 7
    endloop
  endfacet
  facet normal 0.0653981 0.997859 0
    outer loop
      vertex 83.5642 -10.9059 7
      vertex 85 -11 0
      vertex 83.5642 -10.9059 0
    endloop
  endfacet
  facet normal -0 0 1
    outer loop
      vertex -16.2 -52 28
      vertex -10.2 -64 28
      vertex -10.2 -52 28
    endloop
  endfacet
  facet normal 0 0 1
    outer loop
      vertex -10.2 -64 28
      vertex -16.2 -52 28
      vertex -16.2 -64 28
    endloop
  endfacet
  facet normal -0 0 1
    outer loop
      vertex 44 -52 28
      vertex 50 -64 28
      vertex 50 -52 28
    endloop
  endfacet
  facet normal 0 0 1
    outer loop
      vertex 50 -64 28
      vertex 44 -52 28
      vertex 44 -64 28
    endloop
  endfacet
  facet normal -0 0.321123 0.947038
    outer loop
      vertex 50 6.67648 26.7926
      vertex 55 6.52165 26.8451
      vertex 55 6.67648 26.7926
    endloop
  endfacet
  facet normal 0 0.321123 0.947038
    outer loop
      vertex 55 6.52165 26.8451
      vertex 50 6.67648 26.7926
      vertex 50 6.52165 26.8451
    endloop
  endfacet
  facet normal 0 0.555406 -0.831579
    outer loop
      vertex 50 6.23905 28.9917
      vertex 55 6.375 29.0825
      vertex 55 6.23905 28.9917
    endloop
  endfacet
  facet normal 0 0.555406 -0.831579
    outer loop
      vertex 55 6.375 29.0825
      vertex 50 6.23905 28.9917
      vertex 50 6.375 29.0825
    endloop
  endfacet
  facet normal -0 0.555406 0.831579
    outer loop
      vertex 50 6.375 26.9175
      vertex 55 6.23905 27.0083
      vertex 55 6.375 26.9175
    endloop
  endfacet
  facet normal 0 0.555406 0.831579
    outer loop
      vertex 55 6.23905 27.0083
      vertex 50 6.375 26.9175
      vertex 50 6.23905 27.0083
    endloop
  endfacet
  facet normal -0 0 1
    outer loop
      vertex 50 11 26.75
      vertex 55 7 26.75
      vertex 55 11 26.75
    endloop
  endfacet
  facet normal 0 0 1
    outer loop
      vertex 55 7 26.75
      vertex 50 11 26.75
      vertex 50 7 26.75
    endloop
  endfacet
  facet normal 0 0.195105 -0.980782
    outer loop
      vertex 50 6.67648 29.2074
      vertex 55 6.83684 29.2393
      vertex 55 6.67648 29.2074
    endloop
  endfacet
  facet normal 0 0.195105 -0.980782
    outer loop
      vertex 55 6.83684 29.2393
      vertex 50 6.67648 29.2074
      vertex 50 6.83684 29.2393
    endloop
  endfacet
  facet normal 0 0.896812 -0.442411
    outer loop
      vertex 55 5.84515 28.4784
      vertex 50 5.91747 28.625
      vertex 55 5.91747 28.625
    endloop
  endfacet
  facet normal 0 0.896812 -0.442411
    outer loop
      vertex 50 5.91747 28.625
      vertex 55 5.84515 28.4784
      vertex 50 5.84515 28.4784
    endloop
  endfacet
  facet normal 0 -0.320993 -0.947082
    outer loop
      vertex 50 11.3235 29.2074
      vertex 55 11.4784 29.1549
      vertex 55 11.3235 29.2074
    endloop
  endfacet
  facet normal -0 -0.320993 -0.947082
    outer loop
      vertex 55 11.4784 29.1549
      vertex 50 11.3235 29.2074
      vertex 50 11.4784 29.1549
    endloop
  endfacet
  facet normal 0 0 -1
    outer loop
      vertex 50 7 29.25
      vertex 55 11 29.25
      vertex 55 7 29.25
    endloop
  endfacet
  facet normal -0 0 -1
    outer loop
      vertex 55 11 29.25
      vertex 50 7 29.25
      vertex 50 11 29.25
    endloop
  endfacet
  facet normal 0 -0.946896 0.321541
    outer loop
      vertex 50 12.1548 27.5216
      vertex 55 12.2074 27.6765
      vertex 50 12.2074 27.6765
    endloop
  endfacet
  facet normal 0 -0.946896 0.321541
    outer loop
      vertex 55 12.2074 27.6765
      vertex 50 12.1548 27.5216
      vertex 55 12.1548 27.5216
    endloop
  endfacet
  facet normal 0 -0.442805 -0.896618
    outer loop
      vertex 50 11.4784 29.1549
      vertex 55 11.625 29.0825
      vertex 55 11.4784 29.1549
    endloop
  endfacet
  facet normal -0 -0.442805 -0.896618
    outer loop
      vertex 55 11.625 29.0825
      vertex 50 11.4784 29.1549
      vertex 50 11.625 29.0825
    endloop
  endfacet
  facet normal 0 -0.0654233 0.997858
    outer loop
      vertex 50 11.1632 26.7607
      vertex 55 11 26.75
      vertex 55 11.1632 26.7607
    endloop
  endfacet
  facet normal 0 -0.0654233 0.997858
    outer loop
      vertex 55 11 26.75
      vertex 50 11.1632 26.7607
      vertex 50 11 26.75
    endloop
  endfacet
  facet normal 0 -0.0654233 -0.997858
    outer loop
      vertex 50 11 29.25
      vertex 55 11.1632 29.2393
      vertex 55 11 29.25
    endloop
  endfacet
  facet normal -0 -0.0654233 -0.997858
    outer loop
      vertex 55 11.1632 29.2393
      vertex 50 11 29.25
      vertex 50 11.1632 29.2393
    endloop
  endfacet
  facet normal 0 -0.980768 0.195175
    outer loop
      vertex 50 12.2074 27.6765
      vertex 55 12.2393 27.8368
      vertex 50 12.2393 27.8368
    endloop
  endfacet
  facet normal 0 -0.980768 0.195175
    outer loop
      vertex 55 12.2393 27.8368
      vertex 50 12.2074 27.6765
      vertex 55 12.2074 27.6765
    endloop
  endfacet
  facet normal 0 -0.980768 -0.195175
    outer loop
      vertex 50 12.2393 28.1632
      vertex 55 12.2074 28.3235
      vertex 50 12.2074 28.3235
    endloop
  endfacet
  facet normal 0 -0.980768 -0.195175
    outer loop
      vertex 55 12.2074 28.3235
      vertex 50 12.2393 28.1632
      vertex 55 12.2393 28.1632
    endloop
  endfacet
  facet normal 0 0.0654392 -0.997857
    outer loop
      vertex 50 6.83684 29.2393
      vertex 55 7 29.25
      vertex 55 6.83684 29.2393
    endloop
  endfacet
  facet normal 0 0.0654392 -0.997857
    outer loop
      vertex 55 7 29.25
      vertex 50 6.83684 29.2393
      vertex 50 7 29.25
    endloop
  endfacet
  facet normal 0 0.831561 -0.555434
    outer loop
      vertex 55 5.91747 28.625
      vertex 50 6.00831 28.761
      vertex 55 6.00831 28.761
    endloop
  endfacet
  facet normal 0 0.831561 -0.555434
    outer loop
      vertex 50 6.00831 28.761
      vertex 55 5.91747 28.625
      vertex 50 5.91747 28.625
    endloop
  endfacet
  facet normal 0 0.442683 -0.896678
    outer loop
      vertex 50 6.375 29.0825
      vertex 55 6.52165 29.1549
      vertex 55 6.375 29.0825
    endloop
  endfacet
  facet normal 0 0.442683 -0.896678
    outer loop
      vertex 55 6.52165 29.1549
      vertex 50 6.375 29.0825
      vertex 50 6.52165 29.1549
    endloop
  endfacet
  facet normal -0 0.0654392 0.997857
    outer loop
      vertex 50 7 26.75
      vertex 55 6.83684 26.7607
      vertex 55 7 26.75
    endloop
  endfacet
  facet normal 0 0.0654392 0.997857
    outer loop
      vertex 55 6.83684 26.7607
      vertex 50 7 26.75
      vertex 50 6.83684 26.7607
    endloop
  endfacet
  facet normal -0 0.195105 0.980782
    outer loop
      vertex 50 6.83684 26.7607
      vertex 55 6.67648 26.7926
      vertex 55 6.83684 26.7607
    endloop
  endfacet
  facet normal 0 0.195105 0.980782
    outer loop
      vertex 55 6.67648 26.7926
      vertex 50 6.83684 26.7607
      vertex 50 6.67648 26.7926
    endloop
  endfacet
  facet normal 0 -0.195175 0.980768
    outer loop
      vertex 50 11.3235 26.7926
      vertex 55 11.1632 26.7607
      vertex 55 11.3235 26.7926
    endloop
  endfacet
  facet normal 0 -0.195175 0.980768
    outer loop
      vertex 55 11.1632 26.7607
      vertex 50 11.3235 26.7926
      vertex 50 11.1632 26.7607
    endloop
  endfacet
  facet normal 0 -0.320993 0.947082
    outer loop
      vertex 50 11.4784 26.8451
      vertex 55 11.3235 26.7926
      vertex 55 11.4784 26.8451
    endloop
  endfacet
  facet normal 0 -0.320993 0.947082
    outer loop
      vertex 55 11.3235 26.7926
      vertex 50 11.4784 26.8451
      vertex 50 11.3235 26.7926
    endloop
  endfacet
  facet normal 0 -0.442805 0.896618
    outer loop
      vertex 50 11.625 26.9175
      vertex 55 11.4784 26.8451
      vertex 55 11.625 26.9175
    endloop
  endfacet
  facet normal 0 -0.442805 0.896618
    outer loop
      vertex 55 11.4784 26.8451
      vertex 50 11.625 26.9175
      vertex 50 11.4784 26.8451
    endloop
  endfacet
  facet normal 0 -0.555265 0.831674
    outer loop
      vertex 50 11.761 27.0083
      vertex 55 11.625 26.9175
      vertex 55 11.761 27.0083
    endloop
  endfacet
  facet normal 0 -0.555265 0.831674
    outer loop
      vertex 55 11.625 26.9175
      vertex 50 11.761 27.0083
      vertex 50 11.625 26.9175
    endloop
  endfacet
  facet normal 0 -0.896861 0.442313
    outer loop
      vertex 50 12.0825 27.375
      vertex 55 12.1548 27.5216
      vertex 50 12.1548 27.5216
    endloop
  endfacet
  facet normal 0 -0.896861 0.442313
    outer loop
      vertex 55 12.1548 27.5216
      vertex 50 12.0825 27.375
      vertex 55 12.0825 27.375
    endloop
  endfacet
  facet normal 0 -0.831674 0.555265
    outer loop
      vertex 50 11.9917 27.239
      vertex 55 12.0825 27.375
      vertex 50 12.0825 27.375
    endloop
  endfacet
  facet normal 0 -0.831674 0.555265
    outer loop
      vertex 55 12.0825 27.375
      vertex 50 11.9917 27.239
      vertex 55 11.9917 27.239
    endloop
  endfacet
  facet normal 0 -0.896861 -0.442313
    outer loop
      vertex 50 12.1548 28.4784
      vertex 55 12.0825 28.625
      vertex 50 12.0825 28.625
    endloop
  endfacet
  facet normal 0 -0.896861 -0.442313
    outer loop
      vertex 55 12.0825 28.625
      vertex 50 12.1548 28.4784
      vertex 55 12.1548 28.4784
    endloop
  endfacet
  facet normal 0 -0.555265 -0.831674
    outer loop
      vertex 50 11.625 29.0825
      vertex 55 11.761 28.9917
      vertex 55 11.625 29.0825
    endloop
  endfacet
  facet normal -0 -0.555265 -0.831674
    outer loop
      vertex 55 11.761 28.9917
      vertex 50 11.625 29.0825
      vertex 50 11.761 28.9917
    endloop
  endfacet
  facet normal 0 -0.946896 -0.321541
    outer loop
      vertex 50 12.2074 28.3235
      vertex 55 12.1548 28.4784
      vertex 50 12.1548 28.4784
    endloop
  endfacet
  facet normal 0 -0.946896 -0.321541
    outer loop
      vertex 55 12.1548 28.4784
      vertex 50 12.2074 28.3235
      vertex 55 12.2074 28.3235
    endloop
  endfacet
  facet normal 0 -0.195175 -0.980768
    outer loop
      vertex 50 11.1632 29.2393
      vertex 55 11.3235 29.2074
      vertex 55 11.1632 29.2393
    endloop
  endfacet
  facet normal -0 -0.195175 -0.980768
    outer loop
      vertex 55 11.3235 29.2074
      vertex 50 11.1632 29.2393
      vertex 50 11.3235 29.2074
    endloop
  endfacet
  facet normal 0 0.75175 0.659448
    outer loop
      vertex 55 6.11612 27.1161
      vertex 50 6.00831 27.239
      vertex 55 6.00831 27.239
    endloop
  endfacet
  facet normal 0 0.75175 0.659448
    outer loop
      vertex 50 6.00831 27.239
      vertex 55 6.11612 27.1161
      vertex 50 6.11612 27.1161
    endloop
  endfacet
  facet normal 0 0.997862 -0.0653624
    outer loop
      vertex 55 5.75 28
      vertex 50 5.76069 28.1632
      vertex 55 5.76069 28.1632
    endloop
  endfacet
  facet normal 0 0.997862 -0.0653624
    outer loop
      vertex 50 5.76069 28.1632
      vertex 55 5.75 28
      vertex 50 5.75 28
    endloop
  endfacet
  facet normal 0 0.75175 -0.659448
    outer loop
      vertex 55 6.00831 28.761
      vertex 50 6.11612 28.8839
      vertex 55 6.11612 28.8839
    endloop
  endfacet
  facet normal 0 0.75175 -0.659448
    outer loop
      vertex 50 6.11612 28.8839
      vertex 55 6.00831 28.761
      vertex 50 6.00831 28.761
    endloop
  endfacet
  facet normal 0 0.659323 -0.75186
    outer loop
      vertex 50 6.11612 28.8839
      vertex 55 6.23905 28.9917
      vertex 55 6.11612 28.8839
    endloop
  endfacet
  facet normal 0 0.659323 -0.75186
    outer loop
      vertex 55 6.23905 28.9917
      vertex 50 6.11612 28.8839
      vertex 50 6.23905 28.9917
    endloop
  endfacet
  facet normal 0 0.321123 -0.947038
    outer loop
      vertex 50 6.52165 29.1549
      vertex 55 6.67648 29.2074
      vertex 55 6.52165 29.1549
    endloop
  endfacet
  facet normal 0 0.321123 -0.947038
    outer loop
      vertex 55 6.67648 29.2074
      vertex 50 6.52165 29.1549
      vertex 50 6.67648 29.2074
    endloop
  endfacet
  facet normal -0 0.442683 0.896678
    outer loop
      vertex 50 6.52165 26.8451
      vertex 55 6.375 26.9175
      vertex 55 6.52165 26.8451
    endloop
  endfacet
  facet normal 0 0.442683 0.896678
    outer loop
      vertex 55 6.375 26.9175
      vertex 50 6.52165 26.8451
      vertex 50 6.375 26.9175
    endloop
  endfacet
  facet normal 0 -0.997858 0.0654233
    outer loop
      vertex 50 12.2393 27.8368
      vertex 55 12.25 28
      vertex 50 12.25 28
    endloop
  endfacet
  facet normal 0 -0.997858 0.0654233
    outer loop
      vertex 55 12.25 28
      vertex 50 12.2393 27.8368
      vertex 55 12.2393 27.8368
    endloop
  endfacet
  facet normal 0 -0.75178 0.659414
    outer loop
      vertex 50 11.8839 27.1161
      vertex 55 11.9917 27.239
      vertex 50 11.9917 27.239
    endloop
  endfacet
  facet normal 0 -0.75178 0.659414
    outer loop
      vertex 55 11.9917 27.239
      vertex 50 11.8839 27.1161
      vertex 55 11.8839 27.1161
    endloop
  endfacet
  facet normal 0 -0.997858 -0.0654233
    outer loop
      vertex 50 12.25 28
      vertex 55 12.2393 28.1632
      vertex 50 12.2393 28.1632
    endloop
  endfacet
  facet normal 0 -0.997858 -0.0654233
    outer loop
      vertex 55 12.2393 28.1632
      vertex 50 12.25 28
      vertex 55 12.25 28
    endloop
  endfacet
  facet normal 0 -0.75178 -0.659414
    outer loop
      vertex 50 11.9917 28.761
      vertex 55 11.8839 28.8839
      vertex 50 11.8839 28.8839
    endloop
  endfacet
  facet normal 0 -0.75178 -0.659414
    outer loop
      vertex 55 11.8839 28.8839
      vertex 50 11.9917 28.761
      vertex 55 11.9917 28.761
    endloop
  endfacet
  facet normal 0 -0.831674 -0.555265
    outer loop
      vertex 50 12.0825 28.625
      vertex 55 11.9917 28.761
      vertex 50 11.9917 28.761
    endloop
  endfacet
  facet normal 0 -0.831674 -0.555265
    outer loop
      vertex 55 11.9917 28.761
      vertex 50 12.0825 28.625
      vertex 55 12.0825 28.625
    endloop
  endfacet
  facet normal 0 0.94697 0.321322
    outer loop
      vertex 55 5.84515 27.5216
      vertex 50 5.79259 27.6765
      vertex 55 5.79259 27.6765
    endloop
  endfacet
  facet normal 0 0.94697 0.321322
    outer loop
      vertex 50 5.79259 27.6765
      vertex 55 5.84515 27.5216
      vertex 50 5.84515 27.5216
    endloop
  endfacet
  facet normal -0 0.659323 0.75186
    outer loop
      vertex 50 6.23905 27.0083
      vertex 55 6.11612 27.1161
      vertex 55 6.23905 27.0083
    endloop
  endfacet
  facet normal 0 0.659323 0.75186
    outer loop
      vertex 55 6.11612 27.1161
      vertex 50 6.23905 27.0083
      vertex 50 6.11612 27.1161
    endloop
  endfacet
  facet normal 0 0.94697 -0.321322
    outer loop
      vertex 55 5.79259 28.3235
      vertex 50 5.84515 28.4784
      vertex 55 5.84515 28.4784
    endloop
  endfacet
  facet normal 0 0.94697 -0.321322
    outer loop
      vertex 50 5.84515 28.4784
      vertex 55 5.79259 28.3235
      vertex 50 5.79259 28.3235
    endloop
  endfacet
  facet normal 0 0.980768 0.195175
    outer loop
      vertex 55 5.79259 27.6765
      vertex 50 5.76069 27.8368
      vertex 55 5.76069 27.8368
    endloop
  endfacet
  facet normal 0 0.980768 0.195175
    outer loop
      vertex 50 5.76069 27.8368
      vertex 55 5.79259 27.6765
      vertex 50 5.79259 27.6765
    endloop
  endfacet
  facet normal 0 -0.659414 0.75178
    outer loop
      vertex 50 11.8839 27.1161
      vertex 55 11.761 27.0083
      vertex 55 11.8839 27.1161
    endloop
  endfacet
  facet normal 0 -0.659414 0.75178
    outer loop
      vertex 55 11.761 27.0083
      vertex 50 11.8839 27.1161
      vertex 50 11.761 27.0083
    endloop
  endfacet
  facet normal 0 -0.659414 -0.75178
    outer loop
      vertex 50 11.761 28.9917
      vertex 55 11.8839 28.8839
      vertex 55 11.761 28.9917
    endloop
  endfacet
  facet normal -0 -0.659414 -0.75178
    outer loop
      vertex 55 11.8839 28.8839
      vertex 50 11.761 28.9917
      vertex 50 11.8839 28.8839
    endloop
  endfacet
  facet normal 0 0.896812 0.442411
    outer loop
      vertex 55 5.91747 27.375
      vertex 50 5.84515 27.5216
      vertex 55 5.84515 27.5216
    endloop
  endfacet
  facet normal 0 0.896812 0.442411
    outer loop
      vertex 50 5.84515 27.5216
      vertex 55 5.91747 27.375
      vertex 50 5.91747 27.375
    endloop
  endfacet
  facet normal 0 0.831561 0.555434
    outer loop
      vertex 55 6.00831 27.239
      vertex 50 5.91747 27.375
      vertex 55 5.91747 27.375
    endloop
  endfacet
  facet normal 0 0.831561 0.555434
    outer loop
      vertex 50 5.91747 27.375
      vertex 55 6.00831 27.239
      vertex 50 6.00831 27.239
    endloop
  endfacet
  facet normal 0 0.980768 -0.195175
    outer loop
      vertex 55 5.76069 28.1632
      vertex 50 5.79259 28.3235
      vertex 55 5.79259 28.3235
    endloop
  endfacet
  facet normal 0 0.980768 -0.195175
    outer loop
      vertex 50 5.79259 28.3235
      vertex 55 5.76069 28.1632
      vertex 50 5.76069 28.1632
    endloop
  endfacet
  facet normal 0 0.997862 0.0653624
    outer loop
      vertex 55 5.76069 27.8368
      vertex 50 5.75 28
      vertex 55 5.75 28
    endloop
  endfacet
  facet normal 0 0.997862 0.0653624
    outer loop
      vertex 50 5.75 28
      vertex 55 5.76069 27.8368
      vertex 50 5.76069 27.8368
    endloop
  endfacet
  facet normal 0 -0.896812 0.442411
    outer loop
      vertex 50 1.08253 16.375
      vertex 55 1.15485 16.5216
      vertex 50 1.15485 16.5216
    endloop
  endfacet
  facet normal 0 -0.896812 0.442411
    outer loop
      vertex 55 1.15485 16.5216
      vertex 50 1.08253 16.375
      vertex 55 1.08253 16.375
    endloop
  endfacet
  facet normal 0 -0.831566 -0.555425
    outer loop
      vertex 50 1.08253 21.625
      vertex 55 0.991692 21.761
      vertex 50 0.991692 21.761
    endloop
  endfacet
  facet normal 0 -0.831566 -0.555425
    outer loop
      vertex 55 0.991692 21.761
      vertex 50 1.08253 21.625
      vertex 55 1.08253 21.625
    endloop
  endfacet
  facet normal 0 0.831566 -0.555425
    outer loop
      vertex 55 -1.08253 21.625
      vertex 50 -0.991692 21.761
      vertex 55 -0.991692 21.761
    endloop
  endfacet
  facet normal 0 0.831566 -0.555425
    outer loop
      vertex 50 -0.991692 21.761
      vertex 55 -1.08253 21.625
      vertex 50 -1.08253 21.625
    endloop
  endfacet
  facet normal 0 1 -0
    outer loop
      vertex 55 -1.25 17
      vertex 50 -1.25 21
      vertex 55 -1.25 21
    endloop
  endfacet
  facet normal 0 1 0
    outer loop
      vertex 50 -1.25 21
      vertex 55 -1.25 17
      vertex 50 -1.25 17
    endloop
  endfacet
  facet normal 0 -0.980768 -0.195175
    outer loop
      vertex 50 1.23931 21.1632
      vertex 55 1.20741 21.3235
      vertex 50 1.20741 21.3235
    endloop
  endfacet
  facet normal 0 -0.980768 -0.195175
    outer loop
      vertex 55 1.20741 21.3235
      vertex 50 1.23931 21.1632
      vertex 55 1.23931 21.1632
    endloop
  endfacet
  facet normal 0 -0.442693 -0.896673
    outer loop
      vertex 50 0.478354 22.1549
      vertex 55 0.625 22.0825
      vertex 55 0.478354 22.1549
    endloop
  endfacet
  facet normal -0 -0.442693 -0.896673
    outer loop
      vertex 55 0.625 22.0825
      vertex 50 0.478354 22.1549
      vertex 50 0.625 22.0825
    endloop
  endfacet
  facet normal 0 -0.94697 0.321322
    outer loop
      vertex 50 1.15485 16.5216
      vertex 55 1.20741 16.6765
      vertex 50 1.20741 16.6765
    endloop
  endfacet
  facet normal 0 -0.94697 0.321322
    outer loop
      vertex 55 1.20741 16.6765
      vertex 50 1.15485 16.5216
      vertex 55 1.15485 16.5216
    endloop
  endfacet
  facet normal 0 -1 0
    outer loop
      vertex 50 1.25 17
      vertex 55 1.25 21
      vertex 50 1.25 21
    endloop
  endfacet
  facet normal 0 -1 -0
    outer loop
      vertex 55 1.25 21
      vertex 50 1.25 17
      vertex 55 1.25 17
    endloop
  endfacet
  facet normal -0 0.321671 0.946851
    outer loop
      vertex 50 -0.323524 15.7926
      vertex 55 -0.478354 15.8452
      vertex 55 -0.323524 15.7926
    endloop
  endfacet
  facet normal 0 0.321671 0.946851
    outer loop
      vertex 55 -0.478354 15.8452
      vertex 50 -0.323524 15.7926
      vertex 50 -0.478354 15.8452
    endloop
  endfacet
  facet normal 0 0.997862 0.0653624
    outer loop
      vertex 55 -1.23931 16.8368
      vertex 50 -1.25 17
      vertex 55 -1.25 17
    endloop
  endfacet
  facet normal 0 0.997862 0.0653624
    outer loop
      vertex 50 -1.25 17
      vertex 55 -1.23931 16.8368
      vertex 50 -1.23931 16.8368
    endloop
  endfacet
  facet normal -0 0.195096 0.980784
    outer loop
      vertex 50 -0.163157 15.7607
      vertex 55 -0.323524 15.7926
      vertex 55 -0.163157 15.7607
    endloop
  endfacet
  facet normal 0 0.195096 0.980784
    outer loop
      vertex 55 -0.323524 15.7926
      vertex 50 -0.163157 15.7607
      vertex 50 -0.323524 15.7926
    endloop
  endfacet
  facet normal 0 -0.997862 -0.0653624
    outer loop
      vertex 50 1.25 21
      vertex 55 1.23931 21.1632
      vertex 50 1.23931 21.1632
    endloop
  endfacet
  facet normal 0 -0.997862 -0.0653624
    outer loop
      vertex 55 1.23931 21.1632
      vertex 50 1.25 21
      vertex 55 1.25 21
    endloop
  endfacet
  facet normal 0 -0.555403 -0.831581
    outer loop
      vertex 50 0.625 22.0825
      vertex 55 0.760951 21.9917
      vertex 55 0.625 22.0825
    endloop
  endfacet
  facet normal -0 -0.555403 -0.831581
    outer loop
      vertex 55 0.760951 21.9917
      vertex 50 0.625 22.0825
      vertex 50 0.760951 21.9917
    endloop
  endfacet
  facet normal 0 -0.896812 -0.442411
    outer loop
      vertex 50 1.15485 21.4784
      vertex 55 1.08253 21.625
      vertex 50 1.08253 21.625
    endloop
  endfacet
  facet normal 0 -0.896812 -0.442411
    outer loop
      vertex 55 1.08253 21.625
      vertex 50 1.15485 21.4784
      vertex 55 1.15485 21.4784
    endloop
  endfacet
  facet normal 0 0.997862 -0.0653624
    outer loop
      vertex 55 -1.25 21
      vertex 50 -1.23931 21.1632
      vertex 55 -1.23931 21.1632
    endloop
  endfacet
  facet normal 0 0.997862 -0.0653624
    outer loop
      vertex 50 -1.23931 21.1632
      vertex 55 -1.25 21
      vertex 50 -1.25 21
    endloop
  endfacet
  facet normal 0 0.94697 -0.321322
    outer loop
      vertex 55 -1.20741 21.3235
      vertex 50 -1.15485 21.4784
      vertex 55 -1.15485 21.4784
    endloop
  endfacet
  facet normal 0 0.94697 -0.321322
    outer loop
      vertex 50 -1.15485 21.4784
      vertex 55 -1.20741 21.3235
      vertex 50 -1.20741 21.3235
    endloop
  endfacet
  facet normal 0 0.980768 -0.195175
    outer loop
      vertex 55 -1.23931 21.1632
      vertex 50 -1.20741 21.3235
      vertex 55 -1.20741 21.3235
    endloop
  endfacet
  facet normal 0 0.980768 -0.195175
    outer loop
      vertex 50 -1.20741 21.3235
      vertex 55 -1.23931 21.1632
      vertex 50 -1.23931 21.1632
    endloop
  endfacet
  facet normal 0 0.980768 0.195175
    outer loop
      vertex 55 -1.20741 16.6765
      vertex 50 -1.23931 16.8368
      vertex 55 -1.23931 16.8368
    endloop
  endfacet
  facet normal 0 0.980768 0.195175
    outer loop
      vertex 50 -1.23931 16.8368
      vertex 55 -1.20741 16.6765
      vertex 50 -1.20741 16.6765
    endloop
  endfacet
  facet normal 0 0.94697 0.321322
    outer loop
      vertex 55 -1.15485 16.5216
      vertex 50 -1.20741 16.6765
      vertex 55 -1.20741 16.6765
    endloop
  endfacet
  facet normal 0 0.94697 0.321322
    outer loop
      vertex 50 -1.20741 16.6765
      vertex 55 -1.15485 16.5216
      vertex 50 -1.15485 16.5216
    endloop
  endfacet
  facet normal 0 0.896812 0.442411
    outer loop
      vertex 55 -1.08253 16.375
      vertex 50 -1.15485 16.5216
      vertex 55 -1.15485 16.5216
    endloop
  endfacet
  facet normal 0 0.896812 0.442411
    outer loop
      vertex 50 -1.15485 16.5216
      vertex 55 -1.08253 16.375
      vertex 50 -1.08253 16.375
    endloop
  endfacet
  facet normal 0 0.831566 0.555425
    outer loop
      vertex 55 -0.991692 16.239
      vertex 50 -1.08253 16.375
      vertex 55 -1.08253 16.375
    endloop
  endfacet
  facet normal 0 0.831566 0.555425
    outer loop
      vertex 50 -1.08253 16.375
      vertex 55 -0.991692 16.239
      vertex 50 -0.991692 16.239
    endloop
  endfacet
  facet normal -0 0.442201 0.896916
    outer loop
      vertex 50 -0.478354 15.8452
      vertex 55 -0.625 15.9175
      vertex 55 -0.478354 15.8452
    endloop
  endfacet
  facet normal 0 0.442201 0.896916
    outer loop
      vertex 55 -0.625 15.9175
      vertex 50 -0.478354 15.8452
      vertex 50 -0.625 15.9175
    endloop
  endfacet
  facet normal -0 0.555403 0.831581
    outer loop
      vertex 50 -0.625 15.9175
      vertex 55 -0.760951 16.0083
      vertex 55 -0.625 15.9175
    endloop
  endfacet
  facet normal 0 0.555403 0.831581
    outer loop
      vertex 55 -0.760951 16.0083
      vertex 50 -0.625 15.9175
      vertex 50 -0.760951 16.0083
    endloop
  endfacet
  facet normal 0 -0.442201 0.896916
    outer loop
      vertex 50 0.625 15.9175
      vertex 55 0.478354 15.8452
      vertex 55 0.625 15.9175
    endloop
  endfacet
  facet normal 0 -0.442201 0.896916
    outer loop
      vertex 55 0.478354 15.8452
      vertex 50 0.625 15.9175
      vertex 50 0.478354 15.8452
    endloop
  endfacet
  facet normal 0 -0.980768 0.195175
    outer loop
      vertex 50 1.20741 16.6765
      vertex 55 1.23931 16.8368
      vertex 50 1.23931 16.8368
    endloop
  endfacet
  facet normal 0 -0.980768 0.195175
    outer loop
      vertex 55 1.23931 16.8368
      vertex 50 1.20741 16.6765
      vertex 55 1.20741 16.6765
    endloop
  endfacet
  facet normal 0 0.751753 -0.659445
    outer loop
      vertex 55 -0.991692 21.761
      vertex 50 -0.883883 21.8839
      vertex 55 -0.883883 21.8839
    endloop
  endfacet
  facet normal 0 0.751753 -0.659445
    outer loop
      vertex 50 -0.883883 21.8839
      vertex 55 -0.991692 21.761
      vertex 50 -0.991692 21.761
    endloop
  endfacet
  facet normal 0 0.659317 -0.751865
    outer loop
      vertex 50 -0.883883 21.8839
      vertex 55 -0.760951 21.9917
      vertex 55 -0.883883 21.8839
    endloop
  endfacet
  facet normal 0 0.659317 -0.751865
    outer loop
      vertex 55 -0.760951 21.9917
      vertex 50 -0.883883 21.8839
      vertex 50 -0.760951 21.9917
    endloop
  endfacet
  facet normal 0 -0.0654404 -0.997856
    outer loop
      vertex 50 0 22.25
      vertex 55 0.163157 22.2393
      vertex 55 0 22.25
    endloop
  endfacet
  facet normal -0 -0.0654404 -0.997856
    outer loop
      vertex 55 0.163157 22.2393
      vertex 50 0 22.25
      vertex 50 0.163157 22.2393
    endloop
  endfacet
  facet normal 0 -0.659317 -0.751865
    outer loop
      vertex 50 0.760951 21.9917
      vertex 55 0.883883 21.8839
      vertex 55 0.760951 21.9917
    endloop
  endfacet
  facet normal -0 -0.659317 -0.751865
    outer loop
      vertex 55 0.883883 21.8839
      vertex 50 0.760951 21.9917
      vertex 50 0.883883 21.8839
    endloop
  endfacet
  facet normal 0 -0.751753 -0.659445
    outer loop
      vertex 50 0.991692 21.761
      vertex 55 0.883883 21.8839
      vertex 50 0.883883 21.8839
    endloop
  endfacet
  facet normal 0 -0.751753 -0.659445
    outer loop
      vertex 55 0.883883 21.8839
      vertex 50 0.991692 21.761
      vertex 55 0.991692 21.761
    endloop
  endfacet
  facet normal 0 -0.94697 -0.321322
    outer loop
      vertex 50 1.20741 21.3235
      vertex 55 1.15485 21.4784
      vertex 50 1.15485 21.4784
    endloop
  endfacet
  facet normal 0 -0.94697 -0.321322
    outer loop
      vertex 55 1.15485 21.4784
      vertex 50 1.20741 21.3235
      vertex 55 1.20741 21.3235
    endloop
  endfacet
  facet normal 0 0.896812 -0.442411
    outer loop
      vertex 55 -1.15485 21.4784
      vertex 50 -1.08253 21.625
      vertex 55 -1.08253 21.625
    endloop
  endfacet
  facet normal 0 0.896812 -0.442411
    outer loop
      vertex 50 -1.08253 21.625
      vertex 55 -1.15485 21.4784
      vertex 50 -1.15485 21.4784
    endloop
  endfacet
  facet normal -0 0.0654404 0.997856
    outer loop
      vertex 50 0 15.75
      vertex 55 -0.163157 15.7607
      vertex 55 0 15.75
    endloop
  endfacet
  facet normal 0 0.0654404 0.997856
    outer loop
      vertex 55 -0.163157 15.7607
      vertex 50 0 15.75
      vertex 50 -0.163157 15.7607
    endloop
  endfacet
  facet normal -0 0.659317 0.751865
    outer loop
      vertex 50 -0.760951 16.0083
      vertex 55 -0.883883 16.1161
      vertex 55 -0.760951 16.0083
    endloop
  endfacet
  facet normal 0 0.659317 0.751865
    outer loop
      vertex 55 -0.883883 16.1161
      vertex 50 -0.760951 16.0083
      vertex 50 -0.883883 16.1161
    endloop
  endfacet
  facet normal 0 -0.0654404 0.997856
    outer loop
      vertex 50 0.163157 15.7607
      vertex 55 0 15.75
      vertex 55 0.163157 15.7607
    endloop
  endfacet
  facet normal 0 -0.0654404 0.997856
    outer loop
      vertex 55 0 15.75
      vertex 50 0.163157 15.7607
      vertex 50 0 15.75
    endloop
  endfacet
  facet normal 0 -0.321671 0.946851
    outer loop
      vertex 50 0.478354 15.8452
      vertex 55 0.323524 15.7926
      vertex 55 0.478354 15.8452
    endloop
  endfacet
  facet normal 0 -0.321671 0.946851
    outer loop
      vertex 55 0.323524 15.7926
      vertex 50 0.478354 15.8452
      vertex 50 0.323524 15.7926
    endloop
  endfacet
  facet normal 0 -0.555403 0.831581
    outer loop
      vertex 50 0.760951 16.0083
      vertex 55 0.625 15.9175
      vertex 55 0.760951 16.0083
    endloop
  endfacet
  facet normal 0 -0.555403 0.831581
    outer loop
      vertex 55 0.625 15.9175
      vertex 50 0.760951 16.0083
      vertex 50 0.625 15.9175
    endloop
  endfacet
  facet normal 0 -0.997862 0.0653624
    outer loop
      vertex 50 1.23931 16.8368
      vertex 55 1.25 17
      vertex 50 1.25 17
    endloop
  endfacet
  facet normal 0 -0.997862 0.0653624
    outer loop
      vertex 55 1.25 17
      vertex 50 1.23931 16.8368
      vertex 55 1.23931 16.8368
    endloop
  endfacet
  facet normal 0 0.321123 -0.947038
    outer loop
      vertex 50 -0.478354 22.1549
      vertex 55 -0.323524 22.2074
      vertex 55 -0.478354 22.1549
    endloop
  endfacet
  facet normal 0 0.321123 -0.947038
    outer loop
      vertex 55 -0.323524 22.2074
      vertex 50 -0.478354 22.1549
      vertex 50 -0.323524 22.2074
    endloop
  endfacet
  facet normal 0 0.555403 -0.831581
    outer loop
      vertex 50 -0.760951 21.9917
      vertex 55 -0.625 22.0825
      vertex 55 -0.760951 21.9917
    endloop
  endfacet
  facet normal 0 0.555403 -0.831581
    outer loop
      vertex 55 -0.625 22.0825
      vertex 50 -0.760951 21.9917
      vertex 50 -0.625 22.0825
    endloop
  endfacet
  facet normal 0 -0.321123 -0.947038
    outer loop
      vertex 50 0.323524 22.2074
      vertex 55 0.478354 22.1549
      vertex 55 0.323524 22.2074
    endloop
  endfacet
  facet normal -0 -0.321123 -0.947038
    outer loop
      vertex 55 0.478354 22.1549
      vertex 50 0.323524 22.2074
      vertex 50 0.478354 22.1549
    endloop
  endfacet
  facet normal 0 0.195096 -0.980784
    outer loop
      vertex 50 -0.323524 22.2074
      vertex 55 -0.163157 22.2393
      vertex 55 -0.323524 22.2074
    endloop
  endfacet
  facet normal 0 0.195096 -0.980784
    outer loop
      vertex 55 -0.163157 22.2393
      vertex 50 -0.323524 22.2074
      vertex 50 -0.163157 22.2393
    endloop
  endfacet
  facet normal 0 0.751753 0.659445
    outer loop
      vertex 55 -0.883883 16.1161
      vertex 50 -0.991692 16.239
      vertex 55 -0.991692 16.239
    endloop
  endfacet
  facet normal 0 0.751753 0.659445
    outer loop
      vertex 50 -0.991692 16.239
      vertex 55 -0.883883 16.1161
      vertex 50 -0.883883 16.1161
    endloop
  endfacet
  facet normal 0 -0.751753 0.659445
    outer loop
      vertex 50 0.883883 16.1161
      vertex 55 0.991692 16.239
      vertex 50 0.991692 16.239
    endloop
  endfacet
  facet normal 0 -0.751753 0.659445
    outer loop
      vertex 55 0.991692 16.239
      vertex 50 0.883883 16.1161
      vertex 55 0.883883 16.1161
    endloop
  endfacet
  facet normal 0 -0.831566 0.555425
    outer loop
      vertex 50 0.991692 16.239
      vertex 55 1.08253 16.375
      vertex 50 1.08253 16.375
    endloop
  endfacet
  facet normal 0 -0.831566 0.555425
    outer loop
      vertex 55 1.08253 16.375
      vertex 50 0.991692 16.239
      vertex 55 0.991692 16.239
    endloop
  endfacet
  facet normal 0 -0.195096 0.980784
    outer loop
      vertex 50 0.323524 15.7926
      vertex 55 0.163157 15.7607
      vertex 55 0.323524 15.7926
    endloop
  endfacet
  facet normal 0 -0.195096 0.980784
    outer loop
      vertex 55 0.163157 15.7607
      vertex 50 0.323524 15.7926
      vertex 50 0.163157 15.7607
    endloop
  endfacet
  facet normal 0 -0.659317 0.751865
    outer loop
      vertex 50 0.883883 16.1161
      vertex 55 0.760951 16.0083
      vertex 55 0.883883 16.1161
    endloop
  endfacet
  facet normal 0 -0.659317 0.751865
    outer loop
      vertex 55 0.760951 16.0083
      vertex 50 0.883883 16.1161
      vertex 50 0.760951 16.0083
    endloop
  endfacet
  facet normal 0 0.442693 -0.896673
    outer loop
      vertex 50 -0.625 22.0825
      vertex 55 -0.478354 22.1549
      vertex 55 -0.625 22.0825
    endloop
  endfacet
  facet normal 0 0.442693 -0.896673
    outer loop
      vertex 55 -0.478354 22.1549
      vertex 50 -0.625 22.0825
      vertex 50 -0.478354 22.1549
    endloop
  endfacet
  facet normal 0 -0.195096 -0.980784
    outer loop
      vertex 50 0.163157 22.2393
      vertex 55 0.323524 22.2074
      vertex 55 0.163157 22.2393
    endloop
  endfacet
  facet normal -0 -0.195096 -0.980784
    outer loop
      vertex 55 0.323524 22.2074
      vertex 50 0.163157 22.2393
      vertex 50 0.323524 22.2074
    endloop
  endfacet
  facet normal 0 0.0654404 -0.997856
    outer loop
      vertex 50 -0.163157 22.2393
      vertex 55 0 22.25
      vertex 55 -0.163157 22.2393
    endloop
  endfacet
  facet normal 0 0.0654404 -0.997856
    outer loop
      vertex 55 0 22.25
      vertex 50 -0.163157 22.2393
      vertex 50 0 22.25
    endloop
  endfacet
  facet normal -0 0.442805 0.896618
    outer loop
      vertex 50 -11.4784 26.8451
      vertex 55 -11.625 26.9175
      vertex 55 -11.4784 26.8451
    endloop
  endfacet
  facet normal 0 0.442805 0.896618
    outer loop
      vertex 55 -11.625 26.9175
      vertex 50 -11.4784 26.8451
      vertex 50 -11.625 26.9175
    endloop
  endfacet
  facet normal 0 -0.555406 0.831579
    outer loop
      vertex 50 -6.23905 27.0083
      vertex 55 -6.375 26.9175
      vertex 55 -6.23905 27.0083
    endloop
  endfacet
  facet normal 0 -0.555406 0.831579
    outer loop
      vertex 55 -6.375 26.9175
      vertex 50 -6.23905 27.0083
      vertex 50 -6.375 26.9175
    endloop
  endfacet
  facet normal 0 -0.555406 -0.831579
    outer loop
      vertex 50 -6.375 29.0825
      vertex 55 -6.23905 28.9917
      vertex 55 -6.375 29.0825
    endloop
  endfacet
  facet normal -0 -0.555406 -0.831579
    outer loop
      vertex 55 -6.23905 28.9917
      vertex 50 -6.375 29.0825
      vertex 50 -6.23905 28.9917
    endloop
  endfacet
  facet normal 0 0.442805 -0.896618
    outer loop
      vertex 50 -11.625 29.0825
      vertex 55 -11.4784 29.1549
      vertex 55 -11.625 29.0825
    endloop
  endfacet
  facet normal 0 0.442805 -0.896618
    outer loop
      vertex 55 -11.4784 29.1549
      vertex 50 -11.625 29.0825
      vertex 50 -11.4784 29.1549
    endloop
  endfacet
  facet normal 0 0 -1
    outer loop
      vertex 50 -11 29.25
      vertex 55 -7 29.25
      vertex 55 -11 29.25
    endloop
  endfacet
  facet normal -0 0 -1
    outer loop
      vertex 55 -7 29.25
      vertex 50 -11 29.25
      vertex 50 -7 29.25
    endloop
  endfacet
  facet normal -0 0 1
    outer loop
      vertex 50 -7 26.75
      vertex 55 -11 26.75
      vertex 55 -7 26.75
    endloop
  endfacet
  facet normal 0 0 1
    outer loop
      vertex 55 -11 26.75
      vertex 50 -7 26.75
      vertex 50 -11 26.75
    endloop
  endfacet
  facet normal 0 -0.195105 0.980782
    outer loop
      vertex 50 -6.67648 26.7926
      vertex 55 -6.83684 26.7607
      vertex 55 -6.67648 26.7926
    endloop
  endfacet
  facet normal 0 -0.195105 0.980782
    outer loop
      vertex 55 -6.83684 26.7607
      vertex 50 -6.67648 26.7926
      vertex 50 -6.83684 26.7607
    endloop
  endfacet
  facet normal -0 0.320993 0.947082
    outer loop
      vertex 50 -11.3235 26.7926
      vertex 55 -11.4784 26.8451
      vertex 55 -11.3235 26.7926
    endloop
  endfacet
  facet normal 0 0.320993 0.947082
    outer loop
      vertex 55 -11.4784 26.8451
      vertex 50 -11.3235 26.7926
      vertex 50 -11.4784 26.8451
    endloop
  endfacet
  facet normal 0 0.946896 -0.321541
    outer loop
      vertex 55 -12.2074 28.3235
      vertex 50 -12.1548 28.4784
      vertex 55 -12.1548 28.4784
    endloop
  endfacet
  facet normal 0 0.946896 -0.321541
    outer loop
      vertex 50 -12.1548 28.4784
      vertex 55 -12.2074 28.3235
      vertex 50 -12.2074 28.3235
    endloop
  endfacet
  facet normal 0 -0.321123 0.947038
    outer loop
      vertex 50 -6.52165 26.8451
      vertex 55 -6.67648 26.7926
      vertex 55 -6.52165 26.8451
    endloop
  endfacet
  facet normal 0 -0.321123 0.947038
    outer loop
      vertex 55 -6.67648 26.7926
      vertex 50 -6.52165 26.8451
      vertex 50 -6.67648 26.7926
    endloop
  endfacet
  facet normal 0 -0.0654392 0.997857
    outer loop
      vertex 50 -6.83684 26.7607
      vertex 55 -7 26.75
      vertex 55 -6.83684 26.7607
    endloop
  endfacet
  facet normal 0 -0.0654392 0.997857
    outer loop
      vertex 55 -7 26.75
      vertex 50 -6.83684 26.7607
      vertex 50 -7 26.75
    endloop
  endfacet
  facet normal 0 -0.896812 0.442411
    outer loop
      vertex 50 -5.91747 27.375
      vertex 55 -5.84515 27.5216
      vertex 50 -5.84515 27.5216
    endloop
  endfacet
  facet normal 0 -0.896812 0.442411
    outer loop
      vertex 55 -5.84515 27.5216
      vertex 50 -5.91747 27.375
      vertex 55 -5.91747 27.375
    endloop
  endfacet
  facet normal 0 0.195175 -0.980768
    outer loop
      vertex 50 -11.3235 29.2074
      vertex 55 -11.1632 29.2393
      vertex 55 -11.3235 29.2074
    endloop
  endfacet
  facet normal 0 0.195175 -0.980768
    outer loop
      vertex 55 -11.1632 29.2393
      vertex 50 -11.3235 29.2074
      vertex 50 -11.1632 29.2393
    endloop
  endfacet
  facet normal 0 0.0654233 -0.997858
    outer loop
      vertex 50 -11.1632 29.2393
      vertex 55 -11 29.25
      vertex 55 -11.1632 29.2393
    endloop
  endfacet
  facet normal 0 0.0654233 -0.997858
    outer loop
      vertex 55 -11 29.25
      vertex 50 -11.1632 29.2393
      vertex 50 -11 29.25
    endloop
  endfacet
  facet normal 0 0.831674 -0.555265
    outer loop
      vertex 55 -12.0825 28.625
      vertex 50 -11.9917 28.761
      vertex 55 -11.9917 28.761
    endloop
  endfacet
  facet normal 0 0.831674 -0.555265
    outer loop
      vertex 50 -11.9917 28.761
      vertex 55 -12.0825 28.625
      vertex 50 -12.0825 28.625
    endloop
  endfacet
  facet normal 0 -0.442683 0.896678
    outer loop
      vertex 50 -6.375 26.9175
      vertex 55 -6.52165 26.8451
      vertex 55 -6.375 26.9175
    endloop
  endfacet
  facet normal 0 -0.442683 0.896678
    outer loop
      vertex 55 -6.52165 26.8451
      vertex 50 -6.375 26.9175
      vertex 50 -6.52165 26.8451
    endloop
  endfacet
  facet normal 0 -0.0654392 -0.997857
    outer loop
      vertex 50 -7 29.25
      vertex 55 -6.83684 29.2393
      vertex 55 -7 29.25
    endloop
  endfacet
  facet normal -0 -0.0654392 -0.997857
    outer loop
      vertex 55 -6.83684 29.2393
      vertex 50 -7 29.25
      vertex 50 -6.83684 29.2393
    endloop
  endfacet
  facet normal 0 -0.321123 -0.947038
    outer loop
      vertex 50 -6.67648 29.2074
      vertex 55 -6.52165 29.1549
      vertex 55 -6.67648 29.2074
    endloop
  endfacet
  facet normal -0 -0.321123 -0.947038
    outer loop
      vertex 55 -6.52165 29.1549
      vertex 50 -6.67648 29.2074
      vertex 50 -6.52165 29.1549
    endloop
  endfacet
  facet normal 0 -0.195105 -0.980782
    outer loop
      vertex 50 -6.83684 29.2393
      vertex 55 -6.67648 29.2074
      vertex 55 -6.83684 29.2393
    endloop
  endfacet
  facet normal -0 -0.195105 -0.980782
    outer loop
      vertex 55 -6.67648 29.2074
      vertex 50 -6.83684 29.2393
      vertex 50 -6.67648 29.2074
    endloop
  endfacet
  facet normal 0 0.320993 -0.947082
    outer loop
      vertex 50 -11.4784 29.1549
      vertex 55 -11.3235 29.2074
      vertex 55 -11.4784 29.1549
    endloop
  endfacet
  facet normal 0 0.320993 -0.947082
    outer loop
      vertex 55 -11.3235 29.2074
      vertex 50 -11.4784 29.1549
      vertex 50 -11.3235 29.2074
    endloop
  endfacet
  facet normal 0 0.997858 -0.0654233
    outer loop
      vertex 55 -12.25 28
      vertex 50 -12.2393 28.1632
      vertex 55 -12.2393 28.1632
    endloop
  endfacet
  facet normal 0 0.997858 -0.0654233
    outer loop
      vertex 50 -12.2393 28.1632
      vertex 55 -12.25 28
      vertex 50 -12.25 28
    endloop
  endfacet
  facet normal 0 0.980768 -0.195175
    outer loop
      vertex 55 -12.2393 28.1632
      vertex 50 -12.2074 28.3235
      vertex 55 -12.2074 28.3235
    endloop
  endfacet
  facet normal 0 0.980768 -0.195175
    outer loop
      vertex 50 -12.2074 28.3235
      vertex 55 -12.2393 28.1632
      vertex 50 -12.2393 28.1632
    endloop
  endfacet
  facet normal 0 0.555265 -0.831674
    outer loop
      vertex 50 -11.761 28.9917
      vertex 55 -11.625 29.0825
      vertex 55 -11.761 28.9917
    endloop
  endfacet
  facet normal 0 0.555265 -0.831674
    outer loop
      vertex 55 -11.625 29.0825
      vertex 50 -11.761 28.9917
      vertex 50 -11.625 29.0825
    endloop
  endfacet
  facet normal 0 0.896861 0.442313
    outer loop
      vertex 55 -12.0825 27.375
      vertex 50 -12.1548 27.5216
      vertex 55 -12.1548 27.5216
    endloop
  endfacet
  facet normal 0 0.896861 0.442313
    outer loop
      vertex 50 -12.1548 27.5216
      vertex 55 -12.0825 27.375
      vertex 50 -12.0825 27.375
    endloop
  endfacet
  facet normal -0 0.195175 0.980768
    outer loop
      vertex 50 -11.1632 26.7607
      vertex 55 -11.3235 26.7926
      vertex 55 -11.1632 26.7607
    endloop
  endfacet
  facet normal 0 0.195175 0.980768
    outer loop
      vertex 55 -11.3235 26.7926
      vertex 50 -11.1632 26.7607
      vertex 50 -11.3235 26.7926
    endloop
  endfacet
  facet normal 0 -0.659323 -0.75186
    outer loop
      vertex 50 -6.23905 28.9917
      vertex 55 -6.11612 28.8839
      vertex 55 -6.23905 28.9917
    endloop
  endfacet
  facet normal -0 -0.659323 -0.75186
    outer loop
      vertex 55 -6.11612 28.8839
      vertex 50 -6.23905 28.9917
      vertex 50 -6.11612 28.8839
    endloop
  endfacet
  facet normal 0 -0.75175 -0.659448
    outer loop
      vertex 50 -6.00831 28.761
      vertex 55 -6.11612 28.8839
      vertex 50 -6.11612 28.8839
    endloop
  endfacet
  facet normal 0 -0.75175 -0.659448
    outer loop
      vertex 55 -6.11612 28.8839
      vertex 50 -6.00831 28.761
      vertex 55 -6.00831 28.761
    endloop
  endfacet
  facet normal 0 -0.94697 0.321322
    outer loop
      vertex 50 -5.84515 27.5216
      vertex 55 -5.79259 27.6765
      vertex 50 -5.79259 27.6765
    endloop
  endfacet
  facet normal 0 -0.94697 0.321322
    outer loop
      vertex 55 -5.79259 27.6765
      vertex 50 -5.84515 27.5216
      vertex 55 -5.84515 27.5216
    endloop
  endfacet
  facet normal 0 -0.997862 0.0653624
    outer loop
      vertex 50 -5.76069 27.8368
      vertex 55 -5.75 28
      vertex 50 -5.75 28
    endloop
  endfacet
  facet normal 0 -0.997862 0.0653624
    outer loop
      vertex 55 -5.75 28
      vertex 50 -5.76069 27.8368
      vertex 55 -5.76069 27.8368
    endloop
  endfacet
  facet normal 0 -0.75175 0.659448
    outer loop
      vertex 50 -6.11612 27.1161
      vertex 55 -6.00831 27.239
      vertex 50 -6.00831 27.239
    endloop
  endfacet
  facet normal 0 -0.75175 0.659448
    outer loop
      vertex 55 -6.00831 27.239
      vertex 50 -6.11612 27.1161
      vertex 55 -6.11612 27.1161
    endloop
  endfacet
  facet normal 0 -0.659323 0.75186
    outer loop
      vertex 50 -6.11612 27.1161
      vertex 55 -6.23905 27.0083
      vertex 55 -6.11612 27.1161
    endloop
  endfacet
  facet normal 0 -0.659323 0.75186
    outer loop
      vertex 55 -6.23905 27.0083
      vertex 50 -6.11612 27.1161
      vertex 50 -6.23905 27.0083
    endloop
  endfacet
  facet normal 0 -0.442683 -0.896678
    outer loop
      vertex 50 -6.52165 29.1549
      vertex 55 -6.375 29.0825
      vertex 55 -6.52165 29.1549
    endloop
  endfacet
  facet normal -0 -0.442683 -0.896678
    outer loop
      vertex 55 -6.375 29.0825
      vertex 50 -6.52165 29.1549
      vertex 50 -6.375 29.0825
    endloop
  endfacet
  facet normal 0 0.896861 -0.442313
    outer loop
      vertex 55 -12.1548 28.4784
      vertex 50 -12.0825 28.625
      vertex 55 -12.0825 28.625
    endloop
  endfacet
  facet normal 0 0.896861 -0.442313
    outer loop
      vertex 50 -12.0825 28.625
      vertex 55 -12.1548 28.4784
      vertex 50 -12.1548 28.4784
    endloop
  endfacet
  facet normal 0 0.75178 -0.659414
    outer loop
      vertex 55 -11.9917 28.761
      vertex 50 -11.8839 28.8839
      vertex 55 -11.8839 28.8839
    endloop
  endfacet
  facet normal 0 0.75178 -0.659414
    outer loop
      vertex 50 -11.8839 28.8839
      vertex 55 -11.9917 28.761
      vertex 50 -11.9917 28.761
    endloop
  endfacet
  facet normal 0 0.659414 -0.75178
    outer loop
      vertex 50 -11.8839 28.8839
      vertex 55 -11.761 28.9917
      vertex 55 -11.8839 28.8839
    endloop
  endfacet
  facet normal 0 0.659414 -0.75178
    outer loop
      vertex 55 -11.761 28.9917
      vertex 50 -11.8839 28.8839
      vertex 50 -11.761 28.9917
    endloop
  endfacet
  facet normal 0 0.997858 0.0654233
    outer loop
      vertex 55 -12.2393 27.8368
      vertex 50 -12.25 28
      vertex 55 -12.25 28
    endloop
  endfacet
  facet normal 0 0.997858 0.0654233
    outer loop
      vertex 50 -12.25 28
      vertex 55 -12.2393 27.8368
      vertex 50 -12.2393 27.8368
    endloop
  endfacet
  facet normal 0 0.75178 0.659414
    outer loop
      vertex 55 -11.8839 27.1161
      vertex 50 -11.9917 27.239
      vertex 55 -11.9917 27.239
    endloop
  endfacet
  facet normal 0 0.75178 0.659414
    outer loop
      vertex 50 -11.9917 27.239
      vertex 55 -11.8839 27.1161
      vertex 50 -11.8839 27.1161
    endloop
  endfacet
  facet normal 0 0.946896 0.321541
    outer loop
      vertex 55 -12.1548 27.5216
      vertex 50 -12.2074 27.6765
      vertex 55 -12.2074 27.6765
    endloop
  endfacet
  facet normal 0 0.946896 0.321541
    outer loop
      vertex 50 -12.2074 27.6765
      vertex 55 -12.1548 27.5216
      vertex 50 -12.1548 27.5216
    endloop
  endfacet
  facet normal 0 0.831674 0.555265
    outer loop
      vertex 55 -11.9917 27.239
      vertex 50 -12.0825 27.375
      vertex 55 -12.0825 27.375
    endloop
  endfacet
  facet normal 0 0.831674 0.555265
    outer loop
      vertex 50 -12.0825 27.375
      vertex 55 -11.9917 27.239
      vertex 50 -11.9917 27.239
    endloop
  endfacet
  facet normal -0 0.0654233 0.997858
    outer loop
      vertex 50 -11 26.75
      vertex 55 -11.1632 26.7607
      vertex 55 -11 26.75
    endloop
  endfacet
  facet normal 0 0.0654233 0.997858
    outer loop
      vertex 55 -11.1632 26.7607
      vertex 50 -11 26.75
      vertex 50 -11.1632 26.7607
    endloop
  endfacet
  facet normal 0 -0.94697 -0.321322
    outer loop
      vertex 50 -5.79259 28.3235
      vertex 55 -5.84515 28.4784
      vertex 50 -5.84515 28.4784
    endloop
  endfacet
  facet normal 0 -0.94697 -0.321322
    outer loop
      vertex 55 -5.84515 28.4784
      vertex 50 -5.79259 28.3235
      vertex 55 -5.79259 28.3235
    endloop
  endfacet
  facet normal 0 -0.831561 -0.555434
    outer loop
      vertex 50 -5.91747 28.625
      vertex 55 -6.00831 28.761
      vertex 50 -6.00831 28.761
    endloop
  endfacet
  facet normal 0 -0.831561 -0.555434
    outer loop
      vertex 55 -6.00831 28.761
      vertex 50 -5.91747 28.625
      vertex 55 -5.91747 28.625
    endloop
  endfacet
  facet normal 0 -0.980768 0.195175
    outer loop
      vertex 50 -5.79259 27.6765
      vertex 55 -5.76069 27.8368
      vertex 50 -5.76069 27.8368
    endloop
  endfacet
  facet normal 0 -0.980768 0.195175
    outer loop
      vertex 55 -5.76069 27.8368
      vertex 50 -5.79259 27.6765
      vertex 55 -5.79259 27.6765
    endloop
  endfacet
  facet normal 0 -0.980768 -0.195175
    outer loop
      vertex 50 -5.76069 28.1632
      vertex 55 -5.79259 28.3235
      vertex 50 -5.79259 28.3235
    endloop
  endfacet
  facet normal 0 -0.980768 -0.195175
    outer loop
      vertex 55 -5.79259 28.3235
      vertex 50 -5.76069 28.1632
      vertex 55 -5.76069 28.1632
    endloop
  endfacet
  facet normal 0 -0.831561 0.555434
    outer loop
      vertex 50 -6.00831 27.239
      vertex 55 -5.91747 27.375
      vertex 50 -5.91747 27.375
    endloop
  endfacet
  facet normal 0 -0.831561 0.555434
    outer loop
      vertex 55 -5.91747 27.375
      vertex 50 -6.00831 27.239
      vertex 55 -6.00831 27.239
    endloop
  endfacet
  facet normal -0 0.659414 0.75178
    outer loop
      vertex 50 -11.761 27.0083
      vertex 55 -11.8839 27.1161
      vertex 55 -11.761 27.0083
    endloop
  endfacet
  facet normal 0 0.659414 0.75178
    outer loop
      vertex 55 -11.8839 27.1161
      vertex 50 -11.761 27.0083
      vertex 50 -11.8839 27.1161
    endloop
  endfacet
  facet normal -0 0.555265 0.831674
    outer loop
      vertex 50 -11.625 26.9175
      vertex 55 -11.761 27.0083
      vertex 55 -11.625 26.9175
    endloop
  endfacet
  facet normal 0 0.555265 0.831674
    outer loop
      vertex 55 -11.761 27.0083
      vertex 50 -11.625 26.9175
      vertex 50 -11.761 27.0083
    endloop
  endfacet
  facet normal 0 0.980768 0.195175
    outer loop
      vertex 55 -12.2074 27.6765
      vertex 50 -12.2393 27.8368
      vertex 55 -12.2393 27.8368
    endloop
  endfacet
  facet normal 0 0.980768 0.195175
    outer loop
      vertex 50 -12.2393 27.8368
      vertex 55 -12.2074 27.6765
      vertex 50 -12.2074 27.6765
    endloop
  endfacet
  facet normal 0 -0.896812 -0.442411
    outer loop
      vertex 50 -5.84515 28.4784
      vertex 55 -5.91747 28.625
      vertex 50 -5.91747 28.625
    endloop
  endfacet
  facet normal 0 -0.896812 -0.442411
    outer loop
      vertex 55 -5.91747 28.625
      vertex 50 -5.84515 28.4784
      vertex 55 -5.84515 28.4784
    endloop
  endfacet
  facet normal 0 -0.997862 -0.0653624
    outer loop
      vertex 50 -5.75 28
      vertex 55 -5.76069 28.1632
      vertex 50 -5.76069 28.1632
    endloop
  endfacet
  facet normal 0 -0.997862 -0.0653624
    outer loop
      vertex 55 -5.76069 28.1632
      vertex 50 -5.75 28
      vertex 55 -5.75 28
    endloop
  endfacet
  facet normal 0 -0.94697 0.321322
    outer loop
      vertex 50 1.15485 34.5216
      vertex 55 1.20741 34.6765
      vertex 50 1.20741 34.6765
    endloop
  endfacet
  facet normal 0 -0.94697 0.321322
    outer loop
      vertex 55 1.20741 34.6765
      vertex 50 1.15485 34.5216
      vertex 55 1.15485 34.5216
    endloop
  endfacet
  facet normal 0 0.831566 0.555425
    outer loop
      vertex 55 -0.991692 34.239
      vertex 50 -1.08253 34.375
      vertex 55 -1.08253 34.375
    endloop
  endfacet
  facet normal 0 0.831566 0.555425
    outer loop
      vertex 50 -1.08253 34.375
      vertex 55 -0.991692 34.239
      vertex 50 -0.991692 34.239
    endloop
  endfacet
  facet normal 0 -0.831566 0.555425
    outer loop
      vertex 50 0.991692 34.239
      vertex 55 1.08253 34.375
      vertex 50 1.08253 34.375
    endloop
  endfacet
  facet normal 0 -0.831566 0.555425
    outer loop
      vertex 55 1.08253 34.375
      vertex 50 0.991692 34.239
      vertex 55 0.991692 34.239
    endloop
  endfacet
  facet normal 0 -0.896812 -0.442411
    outer loop
      vertex 50 1.15485 39.4784
      vertex 55 1.08253 39.625
      vertex 50 1.08253 39.625
    endloop
  endfacet
  facet normal 0 -0.896812 -0.442411
    outer loop
      vertex 55 1.08253 39.625
      vertex 50 1.15485 39.4784
      vertex 55 1.15485 39.4784
    endloop
  endfacet
  facet normal 0 -1 0
    outer loop
      vertex 50 1.25 35
      vertex 55 1.25 39
      vertex 50 1.25 39
    endloop
  endfacet
  facet normal 0 -1 -0
    outer loop
      vertex 55 1.25 39
      vertex 50 1.25 35
      vertex 55 1.25 35
    endloop
  endfacet
  facet normal 0 1 -0
    outer loop
      vertex 55 -1.25 35
      vertex 50 -1.25 39
      vertex 55 -1.25 39
    endloop
  endfacet
  facet normal 0 1 0
    outer loop
      vertex 50 -1.25 39
      vertex 55 -1.25 35
      vertex 50 -1.25 35
    endloop
  endfacet
  facet normal 0 0.980768 0.195175
    outer loop
      vertex 55 -1.20741 34.6765
      vertex 50 -1.23931 34.8368
      vertex 55 -1.23931 34.8368
    endloop
  endfacet
  facet normal 0 0.980768 0.195175
    outer loop
      vertex 50 -1.23931 34.8368
      vertex 55 -1.20741 34.6765
      vertex 50 -1.20741 34.6765
    endloop
  endfacet
  facet normal 0 0.94697 -0.321322
    outer loop
      vertex 55 -1.20741 39.3235
      vertex 50 -1.15485 39.4784
      vertex 55 -1.15485 39.4784
    endloop
  endfacet
  facet normal 0 0.94697 -0.321322
    outer loop
      vertex 50 -1.15485 39.4784
      vertex 55 -1.20741 39.3235
      vertex 50 -1.20741 39.3235
    endloop
  endfacet
  facet normal 0 -0.321123 -0.947038
    outer loop
      vertex 50 0.323524 40.2074
      vertex 55 0.478354 40.1549
      vertex 55 0.323524 40.2074
    endloop
  endfacet
  facet normal -0 -0.321123 -0.947038
    outer loop
      vertex 55 0.478354 40.1549
      vertex 50 0.323524 40.2074
      vertex 50 0.478354 40.1549
    endloop
  endfacet
  facet normal 0 0.896812 -0.442411
    outer loop
      vertex 55 -1.15485 39.4784
      vertex 50 -1.08253 39.625
      vertex 55 -1.08253 39.625
    endloop
  endfacet
  facet normal 0 0.896812 -0.442411
    outer loop
      vertex 50 -1.08253 39.625
      vertex 55 -1.15485 39.4784
      vertex 50 -1.15485 39.4784
    endloop
  endfacet
  facet normal 0 0.94697 0.321322
    outer loop
      vertex 55 -1.15485 34.5216
      vertex 50 -1.20741 34.6765
      vertex 55 -1.20741 34.6765
    endloop
  endfacet
  facet normal 0 0.94697 0.321322
    outer loop
      vertex 50 -1.20741 34.6765
      vertex 55 -1.15485 34.5216
      vertex 50 -1.15485 34.5216
    endloop
  endfacet
  facet normal 0 0.997862 0.0653624
    outer loop
      vertex 55 -1.23931 34.8368
      vertex 50 -1.25 35
      vertex 55 -1.25 35
    endloop
  endfacet
  facet normal 0 0.997862 0.0653624
    outer loop
      vertex 50 -1.25 35
      vertex 55 -1.23931 34.8368
      vertex 50 -1.23931 34.8368
    endloop
  endfacet
  facet normal -0 0.442693 0.896673
    outer loop
      vertex 50 -0.478354 33.8451
      vertex 55 -0.625 33.9175
      vertex 55 -0.478354 33.8451
    endloop
  endfacet
  facet normal 0 0.442693 0.896673
    outer loop
      vertex 55 -0.625 33.9175
      vertex 50 -0.478354 33.8451
      vertex 50 -0.625 33.9175
    endloop
  endfacet
  facet normal 0 -0.980768 -0.195175
    outer loop
      vertex 50 1.23931 39.1632
      vertex 55 1.20741 39.3235
      vertex 50 1.20741 39.3235
    endloop
  endfacet
  facet normal 0 -0.980768 -0.195175
    outer loop
      vertex 55 1.20741 39.3235
      vertex 50 1.23931 39.1632
      vertex 55 1.23931 39.1632
    endloop
  endfacet
  facet normal 0 -0.997862 -0.0653624
    outer loop
      vertex 50 1.25 39
      vertex 55 1.23931 39.1632
      vertex 50 1.23931 39.1632
    endloop
  endfacet
  facet normal 0 -0.997862 -0.0653624
    outer loop
      vertex 55 1.23931 39.1632
      vertex 50 1.25 39
      vertex 55 1.25 39
    endloop
  endfacet
  facet normal 0 0.997862 -0.0653624
    outer loop
      vertex 55 -1.25 39
      vertex 50 -1.23931 39.1632
      vertex 55 -1.23931 39.1632
    endloop
  endfacet
  facet normal 0 0.997862 -0.0653624
    outer loop
      vertex 50 -1.23931 39.1632
      vertex 55 -1.25 39
      vertex 50 -1.25 39
    endloop
  endfacet
  facet normal 0 -0.555403 -0.831581
    outer loop
      vertex 50 0.625 40.0825
      vertex 55 0.760951 39.9917
      vertex 55 0.625 40.0825
    endloop
  endfacet
  facet normal -0 -0.555403 -0.831581
    outer loop
      vertex 55 0.760951 39.9917
      vertex 50 0.625 40.0825
      vertex 50 0.760951 39.9917
    endloop
  endfacet
  facet normal 0 0.195096 -0.980784
    outer loop
      vertex 50 -0.323524 40.2074
      vertex 55 -0.163157 40.2393
      vertex 55 -0.323524 40.2074
    endloop
  endfacet
  facet normal 0 0.195096 -0.980784
    outer loop
      vertex 55 -0.163157 40.2393
      vertex 50 -0.323524 40.2074
      vertex 50 -0.163157 40.2393
    endloop
  endfacet
  facet normal 0 0.896812 0.442411
    outer loop
      vertex 55 -1.08253 34.375
      vertex 50 -1.15485 34.5216
      vertex 55 -1.15485 34.5216
    endloop
  endfacet
  facet normal 0 0.896812 0.442411
    outer loop
      vertex 50 -1.15485 34.5216
      vertex 55 -1.08253 34.375
      vertex 50 -1.08253 34.375
    endloop
  endfacet
  facet normal 0 -0.997862 0.0653624
    outer loop
      vertex 50 1.23931 34.8368
      vertex 55 1.25 35
      vertex 50 1.25 35
    endloop
  endfacet
  facet normal 0 -0.997862 0.0653624
    outer loop
      vertex 55 1.25 35
      vertex 50 1.23931 34.8368
      vertex 55 1.23931 34.8368
    endloop
  endfacet
  facet normal 0 -0.980768 0.195175
    outer loop
      vertex 50 1.20741 34.6765
      vertex 55 1.23931 34.8368
      vertex 50 1.23931 34.8368
    endloop
  endfacet
  facet normal 0 -0.980768 0.195175
    outer loop
      vertex 55 1.23931 34.8368
      vertex 50 1.20741 34.6765
      vertex 55 1.20741 34.6765
    endloop
  endfacet
  facet normal 0 -0.94697 -0.321322
    outer loop
      vertex 50 1.20741 39.3235
      vertex 55 1.15485 39.4784
      vertex 50 1.15485 39.4784
    endloop
  endfacet
  facet normal 0 -0.94697 -0.321322
    outer loop
      vertex 55 1.15485 39.4784
      vertex 50 1.20741 39.3235
      vertex 55 1.20741 39.3235
    endloop
  endfacet
  facet normal 0 -0.0654404 -0.997856
    outer loop
      vertex 50 0 40.25
      vertex 55 0.163157 40.2393
      vertex 55 0 40.25
    endloop
  endfacet
  facet normal -0 -0.0654404 -0.997856
    outer loop
      vertex 55 0.163157 40.2393
      vertex 50 0 40.25
      vertex 50 0.163157 40.2393
    endloop
  endfacet
  facet normal 0 -0.195096 -0.980784
    outer loop
      vertex 50 0.163157 40.2393
      vertex 55 0.323524 40.2074
      vertex 55 0.163157 40.2393
    endloop
  endfacet
  facet normal -0 -0.195096 -0.980784
    outer loop
      vertex 55 0.323524 40.2074
      vertex 50 0.163157 40.2393
      vertex 50 0.323524 40.2074
    endloop
  endfacet
  facet normal 0 -0.831566 -0.555425
    outer loop
      vertex 50 1.08253 39.625
      vertex 55 0.991692 39.761
      vertex 50 0.991692 39.761
    endloop
  endfacet
  facet normal 0 -0.831566 -0.555425
    outer loop
      vertex 55 0.991692 39.761
      vertex 50 1.08253 39.625
      vertex 55 1.08253 39.625
    endloop
  endfacet
  facet normal 0 0.442693 -0.896673
    outer loop
      vertex 50 -0.625 40.0825
      vertex 55 -0.478354 40.1549
      vertex 55 -0.625 40.0825
    endloop
  endfacet
  facet normal 0 0.442693 -0.896673
    outer loop
      vertex 55 -0.478354 40.1549
      vertex 50 -0.625 40.0825
      vertex 50 -0.478354 40.1549
    endloop
  endfacet
  facet normal 0 0.321123 -0.947038
    outer loop
      vertex 50 -0.478354 40.1549
      vertex 55 -0.323524 40.2074
      vertex 55 -0.478354 40.1549
    endloop
  endfacet
  facet normal 0 0.321123 -0.947038
    outer loop
      vertex 55 -0.323524 40.2074
      vertex 50 -0.478354 40.1549
      vertex 50 -0.323524 40.2074
    endloop
  endfacet
  facet normal 0 0.980768 -0.195175
    outer loop
      vertex 55 -1.23931 39.1632
      vertex 50 -1.20741 39.3235
      vertex 55 -1.20741 39.3235
    endloop
  endfacet
  facet normal 0 0.980768 -0.195175
    outer loop
      vertex 50 -1.20741 39.3235
      vertex 55 -1.23931 39.1632
      vertex 50 -1.23931 39.1632
    endloop
  endfacet
  facet normal -0 0.321123 0.947038
    outer loop
      vertex 50 -0.323524 33.7926
      vertex 55 -0.478354 33.8451
      vertex 55 -0.323524 33.7926
    endloop
  endfacet
  facet normal 0 0.321123 0.947038
    outer loop
      vertex 55 -0.478354 33.8451
      vertex 50 -0.323524 33.7926
      vertex 50 -0.478354 33.8451
    endloop
  endfacet
  facet normal -0 0.659317 0.751865
    outer loop
      vertex 50 -0.760951 34.0083
      vertex 55 -0.883883 34.1161
      vertex 55 -0.760951 34.0083
    endloop
  endfacet
  facet normal 0 0.659317 0.751865
    outer loop
      vertex 55 -0.883883 34.1161
      vertex 50 -0.760951 34.0083
      vertex 50 -0.883883 34.1161
    endloop
  endfacet
  facet normal 0 0.751753 0.659445
    outer loop
      vertex 55 -0.883883 34.1161
      vertex 50 -0.991692 34.239
      vertex 55 -0.991692 34.239
    endloop
  endfacet
  facet normal 0 0.751753 0.659445
    outer loop
      vertex 50 -0.991692 34.239
      vertex 55 -0.883883 34.1161
      vertex 50 -0.883883 34.1161
    endloop
  endfacet
  facet normal 0 -0.896812 0.442411
    outer loop
      vertex 50 1.08253 34.375
      vertex 55 1.15485 34.5216
      vertex 50 1.15485 34.5216
    endloop
  endfacet
  facet normal 0 -0.896812 0.442411
    outer loop
      vertex 55 1.15485 34.5216
      vertex 50 1.08253 34.375
      vertex 55 1.08253 34.375
    endloop
  endfacet
  facet normal 0 -0.442693 -0.896673
    outer loop
      vertex 50 0.478354 40.1549
      vertex 55 0.625 40.0825
      vertex 55 0.478354 40.1549
    endloop
  endfacet
  facet normal -0 -0.442693 -0.896673
    outer loop
      vertex 55 0.625 40.0825
      vertex 50 0.478354 40.1549
      vertex 50 0.625 40.0825
    endloop
  endfacet
  facet normal 0 -0.659317 -0.751865
    outer loop
      vertex 50 0.760951 39.9917
      vertex 55 0.883883 39.8839
      vertex 55 0.760951 39.9917
    endloop
  endfacet
  facet normal -0 -0.659317 -0.751865
    outer loop
      vertex 55 0.883883 39.8839
      vertex 50 0.760951 39.9917
      vertex 50 0.883883 39.8839
    endloop
  endfacet
  facet normal 0 -0.751753 -0.659445
    outer loop
      vertex 50 0.991692 39.761
      vertex 55 0.883883 39.8839
      vertex 50 0.883883 39.8839
    endloop
  endfacet
  facet normal 0 -0.751753 -0.659445
    outer loop
      vertex 55 0.883883 39.8839
      vertex 50 0.991692 39.761
      vertex 55 0.991692 39.761
    endloop
  endfacet
  facet normal 0 0.0654404 -0.997856
    outer loop
      vertex 50 -0.163157 40.2393
      vertex 55 0 40.25
      vertex 55 -0.163157 40.2393
    endloop
  endfacet
  facet normal 0 0.0654404 -0.997856
    outer loop
      vertex 55 0 40.25
      vertex 50 -0.163157 40.2393
      vertex 50 0 40.25
    endloop
  endfacet
  facet normal 0 0.659317 -0.751865
    outer loop
      vertex 50 -0.883883 39.8839
      vertex 55 -0.760951 39.9917
      vertex 55 -0.883883 39.8839
    endloop
  endfacet
  facet normal 0 0.659317 -0.751865
    outer loop
      vertex 55 -0.760951 39.9917
      vertex 50 -0.883883 39.8839
      vertex 50 -0.760951 39.9917
    endloop
  endfacet
  facet normal 0 0.555403 -0.831581
    outer loop
      vertex 50 -0.760951 39.9917
      vertex 55 -0.625 40.0825
      vertex 55 -0.760951 39.9917
    endloop
  endfacet
  facet normal 0 0.555403 -0.831581
    outer loop
      vertex 55 -0.625 40.0825
      vertex 50 -0.760951 39.9917
      vertex 50 -0.625 40.0825
    endloop
  endfacet
  facet normal 0 -0.321123 0.947038
    outer loop
      vertex 50 0.478354 33.8451
      vertex 55 0.323524 33.7926
      vertex 55 0.478354 33.8451
    endloop
  endfacet
  facet normal 0 -0.321123 0.947038
    outer loop
      vertex 55 0.323524 33.7926
      vertex 50 0.478354 33.8451
      vertex 50 0.323524 33.7926
    endloop
  endfacet
  facet normal 0 -0.751753 0.659445
    outer loop
      vertex 50 0.883883 34.1161
      vertex 55 0.991692 34.239
      vertex 50 0.991692 34.239
    endloop
  endfacet
  facet normal 0 -0.751753 0.659445
    outer loop
      vertex 55 0.991692 34.239
      vertex 50 0.883883 34.1161
      vertex 55 0.883883 34.1161
    endloop
  endfacet
  facet normal -0 0.195096 0.980784
    outer loop
      vertex 50 -0.163157 33.7607
      vertex 55 -0.323524 33.7926
      vertex 55 -0.163157 33.7607
    endloop
  endfacet
  facet normal 0 0.195096 0.980784
    outer loop
      vertex 55 -0.323524 33.7926
      vertex 50 -0.163157 33.7607
      vertex 50 -0.323524 33.7926
    endloop
  endfacet
  facet normal 0 -0.195096 0.980784
    outer loop
      vertex 50 0.323524 33.7926
      vertex 55 0.163157 33.7607
      vertex 55 0.323524 33.7926
    endloop
  endfacet
  facet normal 0 -0.195096 0.980784
    outer loop
      vertex 55 0.163157 33.7607
      vertex 50 0.323524 33.7926
      vertex 50 0.163157 33.7607
    endloop
  endfacet
  facet normal -0 0.555403 0.831581
    outer loop
      vertex 50 -0.625 33.9175
      vertex 55 -0.760951 34.0083
      vertex 55 -0.625 33.9175
    endloop
  endfacet
  facet normal 0 0.555403 0.831581
    outer loop
      vertex 55 -0.760951 34.0083
      vertex 50 -0.625 33.9175
      vertex 50 -0.760951 34.0083
    endloop
  endfacet
  facet normal 0 0.751753 -0.659445
    outer loop
      vertex 55 -0.991692 39.761
      vertex 50 -0.883883 39.8839
      vertex 55 -0.883883 39.8839
    endloop
  endfacet
  facet normal 0 0.751753 -0.659445
    outer loop
      vertex 50 -0.883883 39.8839
      vertex 55 -0.991692 39.761
      vertex 50 -0.991692 39.761
    endloop
  endfacet
  facet normal 0 0.831566 -0.555425
    outer loop
      vertex 55 -1.08253 39.625
      vertex 50 -0.991692 39.761
      vertex 55 -0.991692 39.761
    endloop
  endfacet
  facet normal 0 0.831566 -0.555425
    outer loop
      vertex 50 -0.991692 39.761
      vertex 55 -1.08253 39.625
      vertex 50 -1.08253 39.625
    endloop
  endfacet
  facet normal 0 -0.442693 0.896673
    outer loop
      vertex 50 0.625 33.9175
      vertex 55 0.478354 33.8451
      vertex 55 0.625 33.9175
    endloop
  endfacet
  facet normal 0 -0.442693 0.896673
    outer loop
      vertex 55 0.478354 33.8451
      vertex 50 0.625 33.9175
      vertex 50 0.478354 33.8451
    endloop
  endfacet
  facet normal 0 -0.555403 0.831581
    outer loop
      vertex 50 0.760951 34.0083
      vertex 55 0.625 33.9175
      vertex 55 0.760951 34.0083
    endloop
  endfacet
  facet normal 0 -0.555403 0.831581
    outer loop
      vertex 55 0.625 33.9175
      vertex 50 0.760951 34.0083
      vertex 50 0.625 33.9175
    endloop
  endfacet
  facet normal 0 -0.659317 0.751865
    outer loop
      vertex 50 0.883883 34.1161
      vertex 55 0.760951 34.0083
      vertex 55 0.883883 34.1161
    endloop
  endfacet
  facet normal 0 -0.659317 0.751865
    outer loop
      vertex 55 0.760951 34.0083
      vertex 50 0.883883 34.1161
      vertex 50 0.760951 34.0083
    endloop
  endfacet
  facet normal 0 -0.0654404 0.997856
    outer loop
      vertex 50 0.163157 33.7607
      vertex 55 0 33.75
      vertex 55 0.163157 33.7607
    endloop
  endfacet
  facet normal 0 -0.0654404 0.997856
    outer loop
      vertex 55 0 33.75
      vertex 50 0.163157 33.7607
      vertex 50 0 33.75
    endloop
  endfacet
  facet normal -0 0.0654404 0.997856
    outer loop
      vertex 50 0 33.75
      vertex 55 -0.163157 33.7607
      vertex 55 0 33.75
    endloop
  endfacet
  facet normal 0 0.0654404 0.997856
    outer loop
      vertex 55 -0.163157 33.7607
      vertex 50 0 33.75
      vertex 50 -0.163157 33.7607
    endloop
  endfacet
  facet normal 0 -0.946922 0.321464
    outer loop
      vertex 50 -56.3832 34.3303
      vertex 55 -56.3096 34.5471
      vertex 50 -56.3096 34.5471
    endloop
  endfacet
  facet normal 0 -0.946922 0.321464
    outer loop
      vertex 55 -56.3096 34.5471
      vertex 50 -56.3832 34.3303
      vertex 55 -56.3832 34.3303
    endloop
  endfacet
  facet normal 0 -0.99785 0.0655331
    outer loop
      vertex 50 -56.265 34.7716
      vertex 55 -56.25 35
      vertex 50 -56.25 35
    endloop
  endfacet
  facet normal 0 -0.99785 0.0655331
    outer loop
      vertex 55 -56.25 35
      vertex 50 -56.265 34.7716
      vertex 55 -56.265 34.7716
    endloop
  endfacet
  facet normal 0 0.99785 0.0655331
    outer loop
      vertex 55 -59.735 34.7716
      vertex 50 -59.75 35
      vertex 55 -59.75 35
    endloop
  endfacet
  facet normal 0 0.99785 0.0655331
    outer loop
      vertex 50 -59.75 35
      vertex 55 -59.735 34.7716
      vertex 50 -59.735 34.7716
    endloop
  endfacet
  facet normal -0 0.0655331 0.99785
    outer loop
      vertex 50 -58 33.25
      vertex 55 -58.2284 33.265
      vertex 55 -58 33.25
    endloop
  endfacet
  facet normal 0 0.0655331 0.99785
    outer loop
      vertex 55 -58.2284 33.265
      vertex 50 -58 33.25
      vertex 50 -58.2284 33.265
    endloop
  endfacet
  facet normal 0 -0.659524 0.751683
    outer loop
      vertex 50 -56.7626 33.7626
      vertex 55 -56.9347 33.6116
      vertex 55 -56.7626 33.7626
    endloop
  endfacet
  facet normal 0 -0.659524 0.751683
    outer loop
      vertex 55 -56.9347 33.6116
      vertex 50 -56.7626 33.7626
      vertex 50 -56.9347 33.6116
    endloop
  endfacet
  facet normal 0 0.751683 0.659524
    outer loop
      vertex 55 -59.2374 33.7626
      vertex 50 -59.3884 33.9347
      vertex 55 -59.3884 33.9347
    endloop
  endfacet
  facet normal 0 0.751683 0.659524
    outer loop
      vertex 50 -59.3884 33.9347
      vertex 55 -59.2374 33.7626
      vertex 50 -59.2374 33.7626
    endloop
  endfacet
  facet normal -0 0.44249 0.896774
    outer loop
      vertex 50 -58.6697 33.3832
      vertex 55 -58.875 33.4845
      vertex 55 -58.6697 33.3832
    endloop
  endfacet
  facet normal 0 0.44249 0.896774
    outer loop
      vertex 55 -58.875 33.4845
      vertex 50 -58.6697 33.3832
      vertex 50 -58.875 33.4845
    endloop
  endfacet
  facet normal 0 -0.896774 -0.44249
    outer loop
      vertex 50 -56.3832 35.6697
      vertex 55 -56.4845 35.875
      vertex 50 -56.4845 35.875
    endloop
  endfacet
  facet normal 0 -0.896774 -0.44249
    outer loop
      vertex 55 -56.4845 35.875
      vertex 50 -56.3832 35.6697
      vertex 55 -56.3832 35.6697
    endloop
  endfacet
  facet normal 0 0.831579 -0.555406
    outer loop
      vertex 55 -59.5155 35.875
      vertex 50 -59.3884 36.0653
      vertex 55 -59.3884 36.0653
    endloop
  endfacet
  facet normal 0 0.831579 -0.555406
    outer loop
      vertex 50 -59.3884 36.0653
      vertex 55 -59.5155 35.875
      vertex 50 -59.5155 35.875
    endloop
  endfacet
  facet normal 0 -0.896774 0.44249
    outer loop
      vertex 50 -56.4845 34.125
      vertex 55 -56.3832 34.3303
      vertex 50 -56.3832 34.3303
    endloop
  endfacet
  facet normal 0 -0.896774 0.44249
    outer loop
      vertex 55 -56.3832 34.3303
      vertex 50 -56.4845 34.125
      vertex 55 -56.4845 34.125
    endloop
  endfacet
  facet normal 0 -0.831579 0.555406
    outer loop
      vertex 50 -56.6116 33.9347
      vertex 55 -56.4845 34.125
      vertex 50 -56.4845 34.125
    endloop
  endfacet
  facet normal 0 -0.831579 0.555406
    outer loop
      vertex 55 -56.4845 34.125
      vertex 50 -56.6116 33.9347
      vertex 55 -56.6116 33.9347
    endloop
  endfacet
  facet normal 0 -0.321464 0.946922
    outer loop
      vertex 50 -57.3303 33.3832
      vertex 55 -57.5471 33.3096
      vertex 55 -57.3303 33.3832
    endloop
  endfacet
  facet normal 0 -0.321464 0.946922
    outer loop
      vertex 55 -57.5471 33.3096
      vertex 50 -57.3303 33.3832
      vertex 50 -57.5471 33.3096
    endloop
  endfacet
  facet normal 0 -0.194856 0.980832
    outer loop
      vertex 50 -57.5471 33.3096
      vertex 55 -57.7716 33.265
      vertex 55 -57.5471 33.3096
    endloop
  endfacet
  facet normal 0 -0.194856 0.980832
    outer loop
      vertex 55 -57.7716 33.265
      vertex 50 -57.5471 33.3096
      vertex 50 -57.7716 33.265
    endloop
  endfacet
  facet normal 0 -0.555406 0.831579
    outer loop
      vertex 50 -56.9347 33.6116
      vertex 55 -57.125 33.4845
      vertex 55 -56.9347 33.6116
    endloop
  endfacet
  facet normal 0 -0.555406 0.831579
    outer loop
      vertex 55 -57.125 33.4845
      vertex 50 -56.9347 33.6116
      vertex 50 -57.125 33.4845
    endloop
  endfacet
  facet normal 0 0.896774 0.44249
    outer loop
      vertex 55 -59.5155 34.125
      vertex 50 -59.6168 34.3303
      vertex 55 -59.6168 34.3303
    endloop
  endfacet
  facet normal 0 0.896774 0.44249
    outer loop
      vertex 50 -59.6168 34.3303
      vertex 55 -59.5155 34.125
      vertex 50 -59.5155 34.125
    endloop
  endfacet
  facet normal 0 0.831579 0.555406
    outer loop
      vertex 55 -59.3884 33.9347
      vertex 50 -59.5155 34.125
      vertex 55 -59.5155 34.125
    endloop
  endfacet
  facet normal 0 0.831579 0.555406
    outer loop
      vertex 50 -59.5155 34.125
      vertex 55 -59.3884 33.9347
      vertex 50 -59.3884 33.9347
    endloop
  endfacet
  facet normal 0 0.980832 0.194856
    outer loop
      vertex 55 -59.6904 34.5471
      vertex 50 -59.735 34.7716
      vertex 55 -59.735 34.7716
    endloop
  endfacet
  facet normal 0 0.980832 0.194856
    outer loop
      vertex 50 -59.735 34.7716
      vertex 55 -59.6904 34.5471
      vertex 50 -59.6904 34.5471
    endloop
  endfacet
  facet normal -0 0.555406 0.831579
    outer loop
      vertex 50 -58.875 33.4845
      vertex 55 -59.0653 33.6116
      vertex 55 -58.875 33.4845
    endloop
  endfacet
  facet normal 0 0.555406 0.831579
    outer loop
      vertex 55 -59.0653 33.6116
      vertex 50 -58.875 33.4845
      vertex 50 -59.0653 33.6116
    endloop
  endfacet
  facet normal -0 0.194856 0.980832
    outer loop
      vertex 50 -58.2284 33.265
      vertex 55 -58.4529 33.3096
      vertex 55 -58.2284 33.265
    endloop
  endfacet
  facet normal 0 0.194856 0.980832
    outer loop
      vertex 55 -58.4529 33.3096
      vertex 50 -58.2284 33.265
      vertex 50 -58.4529 33.3096
    endloop
  endfacet
  facet normal 0 -0.194856 -0.980832
    outer loop
      vertex 50 -57.7716 36.735
      vertex 55 -57.5471 36.6904
      vertex 55 -57.7716 36.735
    endloop
  endfacet
  facet normal -0 -0.194856 -0.980832
    outer loop
      vertex 55 -57.5471 36.6904
      vertex 50 -57.7716 36.735
      vertex 50 -57.5471 36.6904
    endloop
  endfacet
  facet normal 0 -0.0655331 -0.99785
    outer loop
      vertex 50 -58 36.75
      vertex 55 -57.7716 36.735
      vertex 55 -58 36.75
    endloop
  endfacet
  facet normal -0 -0.0655331 -0.99785
    outer loop
      vertex 55 -57.7716 36.735
      vertex 50 -58 36.75
      vertex 50 -57.7716 36.735
    endloop
  endfacet
  facet normal 0 -0.751683 -0.659524
    outer loop
      vertex 50 -56.6116 36.0653
      vertex 55 -56.7626 36.2374
      vertex 50 -56.7626 36.2374
    endloop
  endfacet
  facet normal 0 -0.751683 -0.659524
    outer loop
      vertex 55 -56.7626 36.2374
      vertex 50 -56.6116 36.0653
      vertex 55 -56.6116 36.0653
    endloop
  endfacet
  facet normal 0 0.321464 -0.946922
    outer loop
      vertex 50 -58.6697 36.6168
      vertex 55 -58.4529 36.6904
      vertex 55 -58.6697 36.6168
    endloop
  endfacet
  facet normal 0 0.321464 -0.946922
    outer loop
      vertex 55 -58.4529 36.6904
      vertex 50 -58.6697 36.6168
      vertex 50 -58.4529 36.6904
    endloop
  endfacet
  facet normal 0 0.99785 -0.0655331
    outer loop
      vertex 55 -59.75 35
      vertex 50 -59.735 35.2284
      vertex 55 -59.735 35.2284
    endloop
  endfacet
  facet normal 0 0.99785 -0.0655331
    outer loop
      vertex 50 -59.735 35.2284
      vertex 55 -59.75 35
      vertex 50 -59.75 35
    endloop
  endfacet
  facet normal 0 0.896774 -0.44249
    outer loop
      vertex 55 -59.6168 35.6697
      vertex 50 -59.5155 35.875
      vertex 55 -59.5155 35.875
    endloop
  endfacet
  facet normal 0 0.896774 -0.44249
    outer loop
      vertex 50 -59.5155 35.875
      vertex 55 -59.6168 35.6697
      vertex 50 -59.6168 35.6697
    endloop
  endfacet
  facet normal 0 -0.44249 0.896774
    outer loop
      vertex 50 -57.125 33.4845
      vertex 55 -57.3303 33.3832
      vertex 55 -57.125 33.4845
    endloop
  endfacet
  facet normal 0 -0.44249 0.896774
    outer loop
      vertex 55 -57.3303 33.3832
      vertex 50 -57.125 33.4845
      vertex 50 -57.3303 33.3832
    endloop
  endfacet
  facet normal 0 0.946922 0.321464
    outer loop
      vertex 55 -59.6168 34.3303
      vertex 50 -59.6904 34.5471
      vertex 55 -59.6904 34.5471
    endloop
  endfacet
  facet normal 0 0.946922 0.321464
    outer loop
      vertex 50 -59.6904 34.5471
      vertex 55 -59.6168 34.3303
      vertex 50 -59.6168 34.3303
    endloop
  endfacet
  facet normal -0 0.321464 0.946922
    outer loop
      vertex 50 -58.4529 33.3096
      vertex 55 -58.6697 33.3832
      vertex 55 -58.4529 33.3096
    endloop
  endfacet
  facet normal 0 0.321464 0.946922
    outer loop
      vertex 55 -58.6697 33.3832
      vertex 50 -58.4529 33.3096
      vertex 50 -58.6697 33.3832
    endloop
  endfacet
  facet normal 0 -0.99785 -0.0655331
    outer loop
      vertex 50 -56.25 35
      vertex 55 -56.265 35.2284
      vertex 50 -56.265 35.2284
    endloop
  endfacet
  facet normal 0 -0.99785 -0.0655331
    outer loop
      vertex 55 -56.265 35.2284
      vertex 50 -56.25 35
      vertex 55 -56.25 35
    endloop
  endfacet
  facet normal 0 -0.980832 -0.194856
    outer loop
      vertex 50 -56.265 35.2284
      vertex 55 -56.3096 35.4529
      vertex 50 -56.3096 35.4529
    endloop
  endfacet
  facet normal 0 -0.980832 -0.194856
    outer loop
      vertex 55 -56.3096 35.4529
      vertex 50 -56.265 35.2284
      vertex 55 -56.265 35.2284
    endloop
  endfacet
  facet normal 0 -0.44249 -0.896774
    outer loop
      vertex 50 -57.3303 36.6168
      vertex 55 -57.125 36.5155
      vertex 55 -57.3303 36.6168
    endloop
  endfacet
  facet normal -0 -0.44249 -0.896774
    outer loop
      vertex 55 -57.125 36.5155
      vertex 50 -57.3303 36.6168
      vertex 50 -57.125 36.5155
    endloop
  endfacet
  facet normal 0 -0.659524 -0.751683
    outer loop
      vertex 50 -56.9347 36.3884
      vertex 55 -56.7626 36.2374
      vertex 55 -56.9347 36.3884
    endloop
  endfacet
  facet normal -0 -0.659524 -0.751683
    outer loop
      vertex 55 -56.7626 36.2374
      vertex 50 -56.9347 36.3884
      vertex 50 -56.7626 36.2374
    endloop
  endfacet
  facet normal 0 -0.555406 -0.831579
    outer loop
      vertex 50 -57.125 36.5155
      vertex 55 -56.9347 36.3884
      vertex 55 -57.125 36.5155
    endloop
  endfacet
  facet normal -0 -0.555406 -0.831579
    outer loop
      vertex 55 -56.9347 36.3884
      vertex 50 -57.125 36.5155
      vertex 50 -56.9347 36.3884
    endloop
  endfacet
  facet normal 0 -0.831579 -0.555406
    outer loop
      vertex 50 -56.4845 35.875
      vertex 55 -56.6116 36.0653
      vertex 50 -56.6116 36.0653
    endloop
  endfacet
  facet normal 0 -0.831579 -0.555406
    outer loop
      vertex 55 -56.6116 36.0653
      vertex 50 -56.4845 35.875
      vertex 55 -56.4845 35.875
    endloop
  endfacet
  facet normal 0 0.555406 -0.831579
    outer loop
      vertex 50 -59.0653 36.3884
      vertex 55 -58.875 36.5155
      vertex 55 -59.0653 36.3884
    endloop
  endfacet
  facet normal 0 0.555406 -0.831579
    outer loop
      vertex 55 -58.875 36.5155
      vertex 50 -59.0653 36.3884
      vertex 50 -58.875 36.5155
    endloop
  endfacet
  facet normal 0 0.659524 -0.751683
    outer loop
      vertex 50 -59.2374 36.2374
      vertex 55 -59.0653 36.3884
      vertex 55 -59.2374 36.2374
    endloop
  endfacet
  facet normal 0 0.659524 -0.751683
    outer loop
      vertex 55 -59.0653 36.3884
      vertex 50 -59.2374 36.2374
      vertex 50 -59.0653 36.3884
    endloop
  endfacet
  facet normal 0 0.44249 -0.896774
    outer loop
      vertex 50 -58.875 36.5155
      vertex 55 -58.6697 36.6168
      vertex 55 -58.875 36.5155
    endloop
  endfacet
  facet normal 0 0.44249 -0.896774
    outer loop
      vertex 55 -58.6697 36.6168
      vertex 50 -58.875 36.5155
      vertex 50 -58.6697 36.6168
    endloop
  endfacet
  facet normal 0 0.0655331 -0.99785
    outer loop
      vertex 50 -58.2284 36.735
      vertex 55 -58 36.75
      vertex 55 -58.2284 36.735
    endloop
  endfacet
  facet normal 0 0.0655331 -0.99785
    outer loop
      vertex 55 -58 36.75
      vertex 50 -58.2284 36.735
      vertex 50 -58 36.75
    endloop
  endfacet
  facet normal 0 0.751683 -0.659524
    outer loop
      vertex 55 -59.3884 36.0653
      vertex 50 -59.2374 36.2374
      vertex 55 -59.2374 36.2374
    endloop
  endfacet
  facet normal 0 0.751683 -0.659524
    outer loop
      vertex 50 -59.2374 36.2374
      vertex 55 -59.3884 36.0653
      vertex 50 -59.3884 36.0653
    endloop
  endfacet
  facet normal 0 0.980832 -0.194856
    outer loop
      vertex 55 -59.735 35.2284
      vertex 50 -59.6904 35.4529
      vertex 55 -59.6904 35.4529
    endloop
  endfacet
  facet normal 0 0.980832 -0.194856
    outer loop
      vertex 50 -59.6904 35.4529
      vertex 55 -59.735 35.2284
      vertex 50 -59.735 35.2284
    endloop
  endfacet
  facet normal 0 0.946922 -0.321464
    outer loop
      vertex 55 -59.6904 35.4529
      vertex 50 -59.6168 35.6697
      vertex 55 -59.6168 35.6697
    endloop
  endfacet
  facet normal 0 0.946922 -0.321464
    outer loop
      vertex 50 -59.6168 35.6697
      vertex 55 -59.6904 35.4529
      vertex 50 -59.6904 35.4529
    endloop
  endfacet
  facet normal 0 -0.980832 0.194856
    outer loop
      vertex 50 -56.3096 34.5471
      vertex 55 -56.265 34.7716
      vertex 50 -56.265 34.7716
    endloop
  endfacet
  facet normal 0 -0.980832 0.194856
    outer loop
      vertex 55 -56.265 34.7716
      vertex 50 -56.3096 34.5471
      vertex 55 -56.3096 34.5471
    endloop
  endfacet
  facet normal 0 -0.751683 0.659524
    outer loop
      vertex 50 -56.7626 33.7626
      vertex 55 -56.6116 33.9347
      vertex 50 -56.6116 33.9347
    endloop
  endfacet
  facet normal 0 -0.751683 0.659524
    outer loop
      vertex 55 -56.6116 33.9347
      vertex 50 -56.7626 33.7626
      vertex 55 -56.7626 33.7626
    endloop
  endfacet
  facet normal 0 -0.0655331 0.99785
    outer loop
      vertex 50 -57.7716 33.265
      vertex 55 -58 33.25
      vertex 55 -57.7716 33.265
    endloop
  endfacet
  facet normal 0 -0.0655331 0.99785
    outer loop
      vertex 55 -58 33.25
      vertex 50 -57.7716 33.265
      vertex 50 -58 33.25
    endloop
  endfacet
  facet normal -0 0.659524 0.751683
    outer loop
      vertex 50 -59.0653 33.6116
      vertex 55 -59.2374 33.7626
      vertex 55 -59.0653 33.6116
    endloop
  endfacet
  facet normal 0 0.659524 0.751683
    outer loop
      vertex 55 -59.2374 33.7626
      vertex 50 -59.0653 33.6116
      vertex 50 -59.2374 33.7626
    endloop
  endfacet
  facet normal 0 -0.946922 -0.321464
    outer loop
      vertex 50 -56.3096 35.4529
      vertex 55 -56.3832 35.6697
      vertex 50 -56.3832 35.6697
    endloop
  endfacet
  facet normal 0 -0.946922 -0.321464
    outer loop
      vertex 55 -56.3832 35.6697
      vertex 50 -56.3096 35.4529
      vertex 55 -56.3096 35.4529
    endloop
  endfacet
  facet normal 0 -0.321464 -0.946922
    outer loop
      vertex 50 -57.5471 36.6904
      vertex 55 -57.3303 36.6168
      vertex 55 -57.5471 36.6904
    endloop
  endfacet
  facet normal -0 -0.321464 -0.946922
    outer loop
      vertex 55 -57.3303 36.6168
      vertex 50 -57.5471 36.6904
      vertex 50 -57.3303 36.6168
    endloop
  endfacet
  facet normal 0 0.194856 -0.980832
    outer loop
      vertex 50 -58.4529 36.6904
      vertex 55 -58.2284 36.735
      vertex 55 -58.4529 36.6904
    endloop
  endfacet
  facet normal 0 0.194856 -0.980832
    outer loop
      vertex 55 -58.2284 36.735
      vertex 50 -58.4529 36.6904
      vertex 50 -58.2284 36.735
    endloop
  endfacet
  facet normal 0 -0.99785 0.0655331
    outer loop
      vertex 52 -56.265 20.7716
      vertex 55 -56.25 21
      vertex 52 -56.25 21
    endloop
  endfacet
  facet normal 0 -0.99785 0.0655331
    outer loop
      vertex 55 -56.25 21
      vertex 52 -56.265 20.7716
      vertex 55 -56.265 20.7716
    endloop
  endfacet
  facet normal 0 0.99785 0.0655331
    outer loop
      vertex 55 -59.735 20.7716
      vertex 52 -59.75 21
      vertex 55 -59.75 21
    endloop
  endfacet
  facet normal 0 0.99785 0.0655331
    outer loop
      vertex 52 -59.75 21
      vertex 55 -59.735 20.7716
      vertex 52 -59.735 20.7716
    endloop
  endfacet
  facet normal 0 -0.0655331 0.99785
    outer loop
      vertex 52 -57.7716 19.265
      vertex 55 -58 19.25
      vertex 55 -57.7716 19.265
    endloop
  endfacet
  facet normal 0 -0.0655331 0.99785
    outer loop
      vertex 55 -58 19.25
      vertex 52 -57.7716 19.265
      vertex 52 -58 19.25
    endloop
  endfacet
  facet normal 0 -0.659524 0.751683
    outer loop
      vertex 52 -56.7626 19.7626
      vertex 55 -56.9347 19.6116
      vertex 55 -56.7626 19.7626
    endloop
  endfacet
  facet normal 0 -0.659524 0.751683
    outer loop
      vertex 55 -56.9347 19.6116
      vertex 52 -56.7626 19.7626
      vertex 52 -56.9347 19.6116
    endloop
  endfacet
  facet normal -0 0.659524 0.751683
    outer loop
      vertex 52 -59.0653 19.6116
      vertex 55 -59.2374 19.7626
      vertex 55 -59.0653 19.6116
    endloop
  endfacet
  facet normal 0 0.659524 0.751683
    outer loop
      vertex 55 -59.2374 19.7626
      vertex 52 -59.0653 19.6116
      vertex 52 -59.2374 19.7626
    endloop
  endfacet
  facet normal -0 0.321464 0.946922
    outer loop
      vertex 52 -58.4529 19.3096
      vertex 55 -58.6697 19.3832
      vertex 55 -58.4529 19.3096
    endloop
  endfacet
  facet normal 0 0.321464 0.946922
    outer loop
      vertex 55 -58.6697 19.3832
      vertex 52 -58.4529 19.3096
      vertex 52 -58.6697 19.3832
    endloop
  endfacet
  facet normal 0 -0.896774 0.44249
    outer loop
      vertex 52 -56.4845 20.125
      vertex 55 -56.3832 20.3303
      vertex 52 -56.3832 20.3303
    endloop
  endfacet
  facet normal 0 -0.896774 0.44249
    outer loop
      vertex 55 -56.3832 20.3303
      vertex 52 -56.4845 20.125
      vertex 55 -56.4845 20.125
    endloop
  endfacet
  facet normal 0 -0.831579 0.555406
    outer loop
      vertex 52 -56.6116 19.9347
      vertex 55 -56.4845 20.125
      vertex 52 -56.4845 20.125
    endloop
  endfacet
  facet normal 0 -0.831579 0.555406
    outer loop
      vertex 55 -56.4845 20.125
      vertex 52 -56.6116 19.9347
      vertex 55 -56.6116 19.9347
    endloop
  endfacet
  facet normal 0 -0.44249 0.896774
    outer loop
      vertex 52 -57.125 19.4845
      vertex 55 -57.3303 19.3832
      vertex 55 -57.125 19.4845
    endloop
  endfacet
  facet normal 0 -0.44249 0.896774
    outer loop
      vertex 55 -57.3303 19.3832
      vertex 52 -57.125 19.4845
      vertex 52 -57.3303 19.3832
    endloop
  endfacet
  facet normal 0 -0.555406 0.831579
    outer loop
      vertex 52 -56.9347 19.6116
      vertex 55 -57.125 19.4845
      vertex 55 -56.9347 19.6116
    endloop
  endfacet
  facet normal 0 -0.555406 0.831579
    outer loop
      vertex 55 -57.125 19.4845
      vertex 52 -56.9347 19.6116
      vertex 52 -57.125 19.4845
    endloop
  endfacet
  facet normal 0 0.896774 0.44249
    outer loop
      vertex 55 -59.5155 20.125
      vertex 52 -59.6168 20.3303
      vertex 55 -59.6168 20.3303
    endloop
  endfacet
  facet normal 0 0.896774 0.44249
    outer loop
      vertex 52 -59.6168 20.3303
      vertex 55 -59.5155 20.125
      vertex 52 -59.5155 20.125
    endloop
  endfacet
  facet normal 0 0.831579 0.555406
    outer loop
      vertex 55 -59.3884 19.9347
      vertex 52 -59.5155 20.125
      vertex 55 -59.5155 20.125
    endloop
  endfacet
  facet normal 0 0.831579 0.555406
    outer loop
      vertex 52 -59.5155 20.125
      vertex 55 -59.3884 19.9347
      vertex 52 -59.3884 19.9347
    endloop
  endfacet
  facet normal 0 0.980832 0.194856
    outer loop
      vertex 55 -59.6904 20.5471
      vertex 52 -59.735 20.7716
      vertex 55 -59.735 20.7716
    endloop
  endfacet
  facet normal 0 0.980832 0.194856
    outer loop
      vertex 52 -59.735 20.7716
      vertex 55 -59.6904 20.5471
      vertex 52 -59.6904 20.5471
    endloop
  endfacet
  facet normal -0 0.44249 0.896774
    outer loop
      vertex 52 -58.6697 19.3832
      vertex 55 -58.875 19.4845
      vertex 55 -58.6697 19.3832
    endloop
  endfacet
  facet normal 0 0.44249 0.896774
    outer loop
      vertex 55 -58.875 19.4845
      vertex 52 -58.6697 19.3832
      vertex 52 -58.875 19.4845
    endloop
  endfacet
  facet normal -0 0.0655331 0.99785
    outer loop
      vertex 52 -58 19.25
      vertex 55 -58.2284 19.265
      vertex 55 -58 19.25
    endloop
  endfacet
  facet normal 0 0.0655331 0.99785
    outer loop
      vertex 55 -58.2284 19.265
      vertex 52 -58 19.25
      vertex 52 -58.2284 19.265
    endloop
  endfacet
  facet normal 0 -0.831579 -0.555406
    outer loop
      vertex 52 -56.4845 21.875
      vertex 55 -56.6116 22.0653
      vertex 52 -56.6116 22.0653
    endloop
  endfacet
  facet normal 0 -0.831579 -0.555406
    outer loop
      vertex 55 -56.6116 22.0653
      vertex 52 -56.4845 21.875
      vertex 55 -56.4845 21.875
    endloop
  endfacet
  facet normal 0 0.194856 -0.980832
    outer loop
      vertex 52 -58.4529 22.6904
      vertex 55 -58.2284 22.735
      vertex 55 -58.4529 22.6904
    endloop
  endfacet
  facet normal 0 0.194856 -0.980832
    outer loop
      vertex 55 -58.2284 22.735
      vertex 52 -58.4529 22.6904
      vertex 52 -58.2284 22.735
    endloop
  endfacet
  facet normal 0 -0.194856 -0.980832
    outer loop
      vertex 52 -57.7716 22.735
      vertex 55 -57.5471 22.6904
      vertex 55 -57.7716 22.735
    endloop
  endfacet
  facet normal -0 -0.194856 -0.980832
    outer loop
      vertex 55 -57.5471 22.6904
      vertex 52 -57.7716 22.735
      vertex 52 -57.5471 22.6904
    endloop
  endfacet
  facet normal 0 -0.946922 0.321464
    outer loop
      vertex 52 -56.3832 20.3303
      vertex 55 -56.3096 20.5471
      vertex 52 -56.3096 20.5471
    endloop
  endfacet
  facet normal 0 -0.946922 0.321464
    outer loop
      vertex 55 -56.3096 20.5471
      vertex 52 -56.3832 20.3303
      vertex 55 -56.3832 20.3303
    endloop
  endfacet
  facet normal 0 -0.980832 0.194856
    outer loop
      vertex 52 -56.3096 20.5471
      vertex 55 -56.265 20.7716
      vertex 52 -56.265 20.7716
    endloop
  endfacet
  facet normal 0 -0.980832 0.194856
    outer loop
      vertex 55 -56.265 20.7716
      vertex 52 -56.3096 20.5471
      vertex 55 -56.3096 20.5471
    endloop
  endfacet
  facet normal 0 -0.751683 0.659524
    outer loop
      vertex 52 -56.7626 19.7626
      vertex 55 -56.6116 19.9347
      vertex 52 -56.6116 19.9347
    endloop
  endfacet
  facet normal 0 -0.751683 0.659524
    outer loop
      vertex 55 -56.6116 19.9347
      vertex 52 -56.7626 19.7626
      vertex 55 -56.7626 19.7626
    endloop
  endfacet
  facet normal 0 -0.321464 0.946922
    outer loop
      vertex 52 -57.3303 19.3832
      vertex 55 -57.5471 19.3096
      vertex 55 -57.3303 19.3832
    endloop
  endfacet
  facet normal 0 -0.321464 0.946922
    outer loop
      vertex 55 -57.5471 19.3096
      vertex 52 -57.3303 19.3832
      vertex 52 -57.5471 19.3096
    endloop
  endfacet
  facet normal 0 -0.194856 0.980832
    outer loop
      vertex 52 -57.5471 19.3096
      vertex 55 -57.7716 19.265
      vertex 55 -57.5471 19.3096
    endloop
  endfacet
  facet normal 0 -0.194856 0.980832
    outer loop
      vertex 55 -57.7716 19.265
      vertex 52 -57.5471 19.3096
      vertex 52 -57.7716 19.265
    endloop
  endfacet
  facet normal 0 0.946922 0.321464
    outer loop
      vertex 55 -59.6168 20.3303
      vertex 52 -59.6904 20.5471
      vertex 55 -59.6904 20.5471
    endloop
  endfacet
  facet normal 0 0.946922 0.321464
    outer loop
      vertex 52 -59.6904 20.5471
      vertex 55 -59.6168 20.3303
      vertex 52 -59.6168 20.3303
    endloop
  endfacet
  facet normal 0 -0.555406 -0.831579
    outer loop
      vertex 52 -57.125 22.5155
      vertex 55 -56.9347 22.3884
      vertex 55 -57.125 22.5155
    endloop
  endfacet
  facet normal -0 -0.555406 -0.831579
    outer loop
      vertex 55 -56.9347 22.3884
      vertex 52 -57.125 22.5155
      vertex 52 -56.9347 22.3884
    endloop
  endfacet
  facet normal 0 -0.946922 -0.321464
    outer loop
      vertex 52 -56.3096 21.4529
      vertex 55 -56.3832 21.6697
      vertex 52 -56.3832 21.6697
    endloop
  endfacet
  facet normal 0 -0.946922 -0.321464
    outer loop
      vertex 55 -56.3832 21.6697
      vertex 52 -56.3096 21.4529
      vertex 55 -56.3096 21.4529
    endloop
  endfacet
  facet normal 0 -0.896774 -0.44249
    outer loop
      vertex 52 -56.3832 21.6697
      vertex 55 -56.4845 21.875
      vertex 52 -56.4845 21.875
    endloop
  endfacet
  facet normal 0 -0.896774 -0.44249
    outer loop
      vertex 55 -56.4845 21.875
      vertex 52 -56.3832 21.6697
      vertex 55 -56.3832 21.6697
    endloop
  endfacet
  facet normal 0 -0.980832 -0.194856
    outer loop
      vertex 52 -56.265 21.2284
      vertex 55 -56.3096 21.4529
      vertex 52 -56.3096 21.4529
    endloop
  endfacet
  facet normal 0 -0.980832 -0.194856
    outer loop
      vertex 55 -56.3096 21.4529
      vertex 52 -56.265 21.2284
      vertex 55 -56.265 21.2284
    endloop
  endfacet
  facet normal 0 0.0655331 -0.99785
    outer loop
      vertex 52 -58.2284 22.735
      vertex 55 -58 22.75
      vertex 55 -58.2284 22.735
    endloop
  endfacet
  facet normal 0 0.0655331 -0.99785
    outer loop
      vertex 55 -58 22.75
      vertex 52 -58.2284 22.735
      vertex 52 -58 22.75
    endloop
  endfacet
  facet normal 0 0.99785 -0.0655331
    outer loop
      vertex 55 -59.75 21
      vertex 52 -59.735 21.2284
      vertex 55 -59.735 21.2284
    endloop
  endfacet
  facet normal 0 0.99785 -0.0655331
    outer loop
      vertex 52 -59.735 21.2284
      vertex 55 -59.75 21
      vertex 52 -59.75 21
    endloop
  endfacet
  facet normal 0 0.946922 -0.321464
    outer loop
      vertex 55 -59.6904 21.4529
      vertex 52 -59.6168 21.6697
      vertex 55 -59.6168 21.6697
    endloop
  endfacet
  facet normal 0 0.946922 -0.321464
    outer loop
      vertex 52 -59.6168 21.6697
      vertex 55 -59.6904 21.4529
      vertex 52 -59.6904 21.4529
    endloop
  endfacet
  facet normal 0 -0.44249 -0.896774
    outer loop
      vertex 52 -57.3303 22.6168
      vertex 55 -57.125 22.5155
      vertex 55 -57.3303 22.6168
    endloop
  endfacet
  facet normal -0 -0.44249 -0.896774
    outer loop
      vertex 55 -57.125 22.5155
      vertex 52 -57.3303 22.6168
      vertex 52 -57.125 22.5155
    endloop
  endfacet
  facet normal 0 -0.321464 -0.946922
    outer loop
      vertex 52 -57.5471 22.6904
      vertex 55 -57.3303 22.6168
      vertex 55 -57.5471 22.6904
    endloop
  endfacet
  facet normal -0 -0.321464 -0.946922
    outer loop
      vertex 55 -57.3303 22.6168
      vertex 52 -57.5471 22.6904
      vertex 52 -57.3303 22.6168
    endloop
  endfacet
  facet normal 0 0.751683 0.659524
    outer loop
      vertex 55 -59.2374 19.7626
      vertex 52 -59.3884 19.9347
      vertex 55 -59.3884 19.9347
    endloop
  endfacet
  facet normal 0 0.751683 0.659524
    outer loop
      vertex 52 -59.3884 19.9347
      vertex 55 -59.2374 19.7626
      vertex 52 -59.2374 19.7626
    endloop
  endfacet
  facet normal -0 0.555406 0.831579
    outer loop
      vertex 52 -58.875 19.4845
      vertex 55 -59.0653 19.6116
      vertex 55 -58.875 19.4845
    endloop
  endfacet
  facet normal 0 0.555406 0.831579
    outer loop
      vertex 55 -59.0653 19.6116
      vertex 52 -58.875 19.4845
      vertex 52 -59.0653 19.6116
    endloop
  endfacet
  facet normal -0 0.194856 0.980832
    outer loop
      vertex 52 -58.2284 19.265
      vertex 55 -58.4529 19.3096
      vertex 55 -58.2284 19.265
    endloop
  endfacet
  facet normal 0 0.194856 0.980832
    outer loop
      vertex 55 -58.4529 19.3096
      vertex 52 -58.2284 19.265
      vertex 52 -58.4529 19.3096
    endloop
  endfacet
  facet normal 0 -0.99785 -0.0655331
    outer loop
      vertex 52 -56.25 21
      vertex 55 -56.265 21.2284
      vertex 52 -56.265 21.2284
    endloop
  endfacet
  facet normal 0 -0.99785 -0.0655331
    outer loop
      vertex 55 -56.265 21.2284
      vertex 52 -56.25 21
      vertex 55 -56.25 21
    endloop
  endfacet
  facet normal 0 0.321464 -0.946922
    outer loop
      vertex 52 -58.6697 22.6168
      vertex 55 -58.4529 22.6904
      vertex 55 -58.6697 22.6168
    endloop
  endfacet
  facet normal 0 0.321464 -0.946922
    outer loop
      vertex 55 -58.4529 22.6904
      vertex 52 -58.6697 22.6168
      vertex 52 -58.4529 22.6904
    endloop
  endfacet
  facet normal 0 0.751683 -0.659524
    outer loop
      vertex 55 -59.3884 22.0653
      vertex 52 -59.2374 22.2374
      vertex 55 -59.2374 22.2374
    endloop
  endfacet
  facet normal 0 0.751683 -0.659524
    outer loop
      vertex 52 -59.2374 22.2374
      vertex 55 -59.3884 22.0653
      vertex 52 -59.3884 22.0653
    endloop
  endfacet
  facet normal 0 0.980832 -0.194856
    outer loop
      vertex 55 -59.735 21.2284
      vertex 52 -59.6904 21.4529
      vertex 55 -59.6904 21.4529
    endloop
  endfacet
  facet normal 0 0.980832 -0.194856
    outer loop
      vertex 52 -59.6904 21.4529
      vertex 55 -59.735 21.2284
      vertex 52 -59.735 21.2284
    endloop
  endfacet
  facet normal 0 -0.659524 -0.751683
    outer loop
      vertex 52 -56.9347 22.3884
      vertex 55 -56.7626 22.2374
      vertex 55 -56.9347 22.3884
    endloop
  endfacet
  facet normal -0 -0.659524 -0.751683
    outer loop
      vertex 55 -56.7626 22.2374
      vertex 52 -56.9347 22.3884
      vertex 52 -56.7626 22.2374
    endloop
  endfacet
  facet normal 0 -0.751683 -0.659524
    outer loop
      vertex 52 -56.6116 22.0653
      vertex 55 -56.7626 22.2374
      vertex 52 -56.7626 22.2374
    endloop
  endfacet
  facet normal 0 -0.751683 -0.659524
    outer loop
      vertex 55 -56.7626 22.2374
      vertex 52 -56.6116 22.0653
      vertex 55 -56.6116 22.0653
    endloop
  endfacet
  facet normal 0 -0.0655331 -0.99785
    outer loop
      vertex 52 -58 22.75
      vertex 55 -57.7716 22.735
      vertex 55 -58 22.75
    endloop
  endfacet
  facet normal -0 -0.0655331 -0.99785
    outer loop
      vertex 55 -57.7716 22.735
      vertex 52 -58 22.75
      vertex 52 -57.7716 22.735
    endloop
  endfacet
  facet normal 0 0.659524 -0.751683
    outer loop
      vertex 52 -59.2374 22.2374
      vertex 55 -59.0653 22.3884
      vertex 55 -59.2374 22.2374
    endloop
  endfacet
  facet normal 0 0.659524 -0.751683
    outer loop
      vertex 55 -59.0653 22.3884
      vertex 52 -59.2374 22.2374
      vertex 52 -59.0653 22.3884
    endloop
  endfacet
  facet normal 0 0.831579 -0.555406
    outer loop
      vertex 55 -59.5155 21.875
      vertex 52 -59.3884 22.0653
      vertex 55 -59.3884 22.0653
    endloop
  endfacet
  facet normal 0 0.831579 -0.555406
    outer loop
      vertex 52 -59.3884 22.0653
      vertex 55 -59.5155 21.875
      vertex 52 -59.5155 21.875
    endloop
  endfacet
  facet normal 0 0.896774 -0.44249
    outer loop
      vertex 55 -59.6168 21.6697
      vertex 52 -59.5155 21.875
      vertex 55 -59.5155 21.875
    endloop
  endfacet
  facet normal 0 0.896774 -0.44249
    outer loop
      vertex 52 -59.5155 21.875
      vertex 55 -59.6168 21.6697
      vertex 52 -59.6168 21.6697
    endloop
  endfacet
  facet normal 0 0.555406 -0.831579
    outer loop
      vertex 52 -59.0653 22.3884
      vertex 55 -58.875 22.5155
      vertex 55 -59.0653 22.3884
    endloop
  endfacet
  facet normal 0 0.555406 -0.831579
    outer loop
      vertex 55 -58.875 22.5155
      vertex 52 -59.0653 22.3884
      vertex 52 -58.875 22.5155
    endloop
  endfacet
  facet normal 0 0.44249 -0.896774
    outer loop
      vertex 52 -58.875 22.5155
      vertex 55 -58.6697 22.6168
      vertex 55 -58.875 22.5155
    endloop
  endfacet
  facet normal 0 0.44249 -0.896774
    outer loop
      vertex 55 -58.6697 22.6168
      vertex 52 -58.875 22.5155
      vertex 52 -58.6697 22.6168
    endloop
  endfacet
  facet normal 0 -0.0468236 -0.998903
    outer loop
      vertex 50 -52 14.4375
      vertex 55 -64 15
      vertex 50 -64 15
    endloop
  endfacet
  facet normal 0 -0.0468236 -0.998903
    outer loop
      vertex 55 -64 15
      vertex 50 -52 14.4375
      vertex 55 0 12
    endloop
  endfacet
  facet normal -0 -0.0468236 -0.998903
    outer loop
      vertex 55 0 12
      vertex 50 -52 14.4375
      vertex 50 0 12
    endloop
  endfacet
  facet normal 0 -0.0468236 0.998903
    outer loop
      vertex 50 0 44
      vertex 55 -64 41
      vertex 55 0 44
    endloop
  endfacet
  facet normal 0 -0.0468236 0.998903
    outer loop
      vertex 55 -64 41
      vertex 50 0 44
      vertex 50 -64 41
    endloop
  endfacet
  facet normal 1 0 0
    outer loop
      vertex 55 2.5 23.6699
      vertex 55 1.23931 21.1632
      vertex 55 1.25 21
    endloop
  endfacet
  facet normal 1 0 0
    outer loop
      vertex 55 1.91342 23.3806
      vertex 55 1.20741 21.3235
      vertex 55 1.23931 21.1632
    endloop
  endfacet
  facet normal 1 0 0
    outer loop
      vertex 55 1.91342 23.3806
      vertex 55 1.15485 21.4784
      vertex 55 1.20741 21.3235
    endloop
  endfacet
  facet normal 1 0 0
    outer loop
      vertex 55 1.91342 23.3806
      vertex 55 1.08253 21.625
      vertex 55 1.15485 21.4784
    endloop
  endfacet
  facet normal 1 0 0
    outer loop
      vertex 55 1.2941 23.1704
      vertex 55 0.991692 21.761
      vertex 55 1.08253 21.625
    endloop
  endfacet
  facet normal 1 0 0
    outer loop
      vertex 55 1.2941 23.1704
      vertex 55 0.883883 21.8839
      vertex 55 0.991692 21.761
    endloop
  endfacet
  facet normal 1 0 0
    outer loop
      vertex 55 1.2941 23.1704
      vertex 55 0.760951 21.9917
      vertex 55 0.883883 21.8839
    endloop
  endfacet
  facet normal 1 -0 0
    outer loop
      vertex 55 0.652631 23.0428
      vertex 55 0.760951 21.9917
      vertex 55 1.2941 23.1704
    endloop
  endfacet
  facet normal 1 0 0
    outer loop
      vertex 55 0.652631 23.0428
      vertex 55 0.625 22.0825
      vertex 55 0.760951 21.9917
    endloop
  endfacet
  facet normal 1 0 0
    outer loop
      vertex 55 0.652631 23.0428
      vertex 55 0.478354 22.1549
      vertex 55 0.625 22.0825
    endloop
  endfacet
  facet normal 1 0 0
    outer loop
      vertex 55 0.652631 23.0428
      vertex 55 0.323524 22.2074
      vertex 55 0.478354 22.1549
    endloop
  endfacet
  facet normal 1 -0 0
    outer loop
      vertex 55 0 23
      vertex 55 0.323524 22.2074
      vertex 55 0.652631 23.0428
    endloop
  endfacet
  facet normal 1 0 0
    outer loop
      vertex 55 0.323524 22.2074
      vertex 55 0 23
      vertex 55 0.163157 22.2393
    endloop
  endfacet
  facet normal 1 0 0
    outer loop
      vertex 55 0 23
      vertex 55 0 22.25
      vertex 55 0.163157 22.2393
    endloop
  endfacet
  facet normal 1 0 0
    outer loop
      vertex 55 0 23
      vertex 55 -0.163157 22.2393
      vertex 55 0 22.25
    endloop
  endfacet
  facet normal 1 0 0
    outer loop
      vertex 55 0 23
      vertex 55 -0.323524 22.2074
      vertex 55 -0.163157 22.2393
    endloop
  endfacet
  facet normal 1 0 0
    outer loop
      vertex 55 -0.652631 23.0428
      vertex 55 -0.323524 22.2074
      vertex 55 0 23
    endloop
  endfacet
  facet normal 1 0 0
    outer loop
      vertex 55 -0.323524 22.2074
      vertex 55 -0.652631 23.0428
      vertex 55 -0.478354 22.1549
    endloop
  endfacet
  facet normal 1 0 0
    outer loop
      vertex 55 -0.478354 22.1549
      vertex 55 -0.652631 23.0428
      vertex 55 -0.625 22.0825
    endloop
  endfacet
  facet normal 1 0 0
    outer loop
      vertex 55 -0.652631 23.0428
      vertex 55 -0.760951 21.9917
      vertex 55 -0.625 22.0825
    endloop
  endfacet
  facet normal 1 0 0
    outer loop
      vertex 55 -1.2941 23.1704
      vertex 55 -0.760951 21.9917
      vertex 55 -0.652631 23.0428
    endloop
  endfacet
  facet normal 1 0 0
    outer loop
      vertex 55 -0.760951 21.9917
      vertex 55 -1.2941 23.1704
      vertex 55 -0.883883 21.8839
    endloop
  endfacet
  facet normal 1 0 0
    outer loop
      vertex 55 -0.883883 21.8839
      vertex 55 -1.2941 23.1704
      vertex 55 -0.991692 21.761
    endloop
  endfacet
  facet normal 1 0 0
    outer loop
      vertex 55 -0.991692 21.761
      vertex 55 -1.2941 23.1704
      vertex 55 -1.08253 21.625
    endloop
  endfacet
  facet normal 1 0 0
    outer loop
      vertex 55 -1.91342 23.3806
      vertex 55 -1.08253 21.625
      vertex 55 -1.2941 23.1704
    endloop
  endfacet
  facet normal 1 0 0
    outer loop
      vertex 55 -1.20741 21.3235
      vertex 55 -2.5 23.6699
      vertex 55 -1.23931 21.1632
    endloop
  endfacet
  facet normal 1 0 0
    outer loop
      vertex 55 -2.5 23.6699
      vertex 55 -1.20741 21.3235
      vertex 55 -1.91342 23.3806
    endloop
  endfacet
  facet normal 1 0 0
    outer loop
      vertex 55 -1.15485 21.4784
      vertex 55 -1.91342 23.3806
      vertex 55 -1.20741 21.3235
    endloop
  endfacet
  facet normal 1 0 0
    outer loop
      vertex 55 -1.08253 21.625
      vertex 55 -1.91342 23.3806
      vertex 55 -1.15485 21.4784
    endloop
  endfacet
  facet normal 1 -0 0
    outer loop
      vertex 55 12.2074 28.3235
      vertex 55 16 28
      vertex 55 15.8631 30.0884
    endloop
  endfacet
  facet normal 1 0 0
    outer loop
      vertex 55 11.8839 28.8839
      vertex 55 15.8631 30.0884
      vertex 55 15.4548 32.1411
    endloop
  endfacet
  facet normal 1 0 0
    outer loop
      vertex 55 16 28
      vertex 55 12.2074 28.3235
      vertex 55 12.2393 28.1632
    endloop
  endfacet
  facet normal 1 0 0
    outer loop
      vertex 55 11.3235 29.2074
      vertex 55 15.4548 32.1411
      vertex 55 14.7821 34.1229
    endloop
  endfacet
  facet normal 1 0 0
    outer loop
      vertex 55 12.2393 27.8368
      vertex 55 16 28
      vertex 55 12.25 28
    endloop
  endfacet
  facet normal 1 0 0
    outer loop
      vertex 55 11 29.25
      vertex 55 14.7821 34.1229
      vertex 55 13.8564 36
    endloop
  endfacet
  facet normal 1 0 0
    outer loop
      vertex 55 12.2074 27.6765
      vertex 55 16 28
      vertex 55 12.2393 27.8368
    endloop
  endfacet
  facet normal 1 0 0
    outer loop
      vertex 55 11 29.25
      vertex 55 13.8564 36
      vertex 55 12.6937 37.7402
    endloop
  endfacet
  facet normal 1 0 0
    outer loop
      vertex 55 16 28
      vertex 55 12.2074 27.6765
      vertex 55 15.8631 25.9116
    endloop
  endfacet
  facet normal 1 -0 0
    outer loop
      vertex 55 12.0825 27.375
      vertex 55 15.8631 25.9116
      vertex 55 12.1548 27.5216
    endloop
  endfacet
  facet normal 1 -0 0
    outer loop
      vertex 55 12.1548 27.5216
      vertex 55 15.8631 25.9116
      vertex 55 12.2074 27.6765
    endloop
  endfacet
  facet normal 1 0 0
    outer loop
      vertex 55 16 28
      vertex 55 12.2393 28.1632
      vertex 55 12.25 28
    endloop
  endfacet
  facet normal 1 0 0
    outer loop
      vertex 55 15.8631 30.0884
      vertex 55 12.1548 28.4784
      vertex 55 12.2074 28.3235
    endloop
  endfacet
  facet normal 1 0 0
    outer loop
      vertex 55 15.8631 30.0884
      vertex 55 12.0825 28.625
      vertex 55 12.1548 28.4784
    endloop
  endfacet
  facet normal 1 0 0
    outer loop
      vertex 55 15.8631 30.0884
      vertex 55 11.9917 28.761
      vertex 55 12.0825 28.625
    endloop
  endfacet
  facet normal 1 0 0
    outer loop
      vertex 55 15.8631 30.0884
      vertex 55 11.8839 28.8839
      vertex 55 11.9917 28.761
    endloop
  endfacet
  facet normal 1 0 0
    outer loop
      vertex 55 15.4548 32.1411
      vertex 55 11.761 28.9917
      vertex 55 11.8839 28.8839
    endloop
  endfacet
  facet normal 1 0 0
    outer loop
      vertex 55 15.4548 32.1411
      vertex 55 11.625 29.0825
      vertex 55 11.761 28.9917
    endloop
  endfacet
  facet normal 1 0 0
    outer loop
      vertex 55 15.4548 32.1411
      vertex 55 11.4784 29.1549
      vertex 55 11.625 29.0825
    endloop
  endfacet
  facet normal 1 0 0
    outer loop
      vertex 55 15.4548 32.1411
      vertex 55 11.3235 29.2074
      vertex 55 11.4784 29.1549
    endloop
  endfacet
  facet normal 1 0 0
    outer loop
      vertex 55 3.96677 31.0438
      vertex 55 12.6937 37.7402
      vertex 55 11.3137 39.3137
    endloop
  endfacet
  facet normal 1 0 0
    outer loop
      vertex 55 14.7821 34.1229
      vertex 55 11.1632 29.2393
      vertex 55 11.3235 29.2074
    endloop
  endfacet
  facet normal 1 0 0
    outer loop
      vertex 55 14.7821 34.1229
      vertex 55 11 29.25
      vertex 55 11.1632 29.2393
    endloop
  endfacet
  facet normal 1 0 0
    outer loop
      vertex 55 3.53553 31.5355
      vertex 55 11.3137 39.3137
      vertex 55 9.74018 40.6937
    endloop
  endfacet
  facet normal 1 0 0
    outer loop
      vertex 55 1.25 35
      vertex 55 9.74018 40.6937
      vertex 55 8 41.8564
    endloop
  endfacet
  facet normal 1 0 0
    outer loop
      vertex 55 12.6937 37.7402
      vertex 55 7 29.25
      vertex 55 11 29.25
    endloop
  endfacet
  facet normal 1 0 0
    outer loop
      vertex 55 12.6937 37.7402
      vertex 55 3.96677 31.0438
      vertex 55 7 29.25
    endloop
  endfacet
  facet normal 1 -0 -0
    outer loop
      vertex 55 4.33013 30.5
      vertex 55 7 29.25
      vertex 55 3.96677 31.0438
    endloop
  endfacet
  facet normal 1 0 0
    outer loop
      vertex 55 7 29.25
      vertex 55 4.33013 30.5
      vertex 55 6.83684 29.2393
    endloop
  endfacet
  facet normal 1 0 0
    outer loop
      vertex 55 6.83684 29.2393
      vertex 55 4.33013 30.5
      vertex 55 6.67648 29.2074
    endloop
  endfacet
  facet normal 1 -0 -0
    outer loop
      vertex 55 4.6194 29.9134
      vertex 55 6.67648 29.2074
      vertex 55 4.33013 30.5
    endloop
  endfacet
  facet normal 1 0 0
    outer loop
      vertex 55 1.25 39
      vertex 55 8 41.8564
      vertex 55 6.12293 42.7821
    endloop
  endfacet
  facet normal 1 0 0
    outer loop
      vertex 55 6.67648 29.2074
      vertex 55 4.6194 29.9134
      vertex 55 6.52165 29.1549
    endloop
  endfacet
  facet normal 1 0 0
    outer loop
      vertex 55 6.52165 29.1549
      vertex 55 4.6194 29.9134
      vertex 55 6.375 29.0825
    endloop
  endfacet
  facet normal 1 -0 -0
    outer loop
      vertex 55 4.82963 29.2941
      vertex 55 6.23905 28.9917
      vertex 55 4.6194 29.9134
    endloop
  endfacet
  facet normal 1 0 0
    outer loop
      vertex 55 6.23905 28.9917
      vertex 55 4.82963 29.2941
      vertex 55 6.11612 28.8839
    endloop
  endfacet
  facet normal 1 0 0
    outer loop
      vertex 55 6.11612 28.8839
      vertex 55 4.82963 29.2941
      vertex 55 6.00831 28.761
    endloop
  endfacet
  facet normal 1 0 -0
    outer loop
      vertex 55 4.95722 28.6526
      vertex 55 6.00831 28.761
      vertex 55 4.82963 29.2941
    endloop
  endfacet
  facet normal 1 0 0
    outer loop
      vertex 55 5.91747 28.625
      vertex 55 4.95722 28.6526
      vertex 55 5.84515 28.4784
    endloop
  endfacet
  facet normal 1 0 0
    outer loop
      vertex 55 5.84515 28.4784
      vertex 55 4.95722 28.6526
      vertex 55 5.79259 28.3235
    endloop
  endfacet
  facet normal 1 0 0
    outer loop
      vertex 55 5.76069 28.1632
      vertex 55 5 28
      vertex 55 5.75 28
    endloop
  endfacet
  facet normal 1 0 0
    outer loop
      vertex 55 5.79259 28.3235
      vertex 55 5 28
      vertex 55 5.76069 28.1632
    endloop
  endfacet
  facet normal 1 0 -0
    outer loop
      vertex 55 5 28
      vertex 55 5.79259 28.3235
      vertex 55 4.95722 28.6526
    endloop
  endfacet
  facet normal 1 0 0
    outer loop
      vertex 55 6.00831 28.761
      vertex 55 4.95722 28.6526
      vertex 55 5.91747 28.625
    endloop
  endfacet
  facet normal 1 0 0
    outer loop
      vertex 55 1.20741 39.3235
      vertex 55 6.12293 42.7821
      vertex 55 4.1411 43.4548
    endloop
  endfacet
  facet normal 1 0 0
    outer loop
      vertex 55 6.375 29.0825
      vertex 55 4.6194 29.9134
      vertex 55 6.23905 28.9917
    endloop
  endfacet
  facet normal 1 0 0
    outer loop
      vertex 55 11.3137 39.3137
      vertex 55 3.53553 31.5355
      vertex 55 3.96677 31.0438
    endloop
  endfacet
  facet normal 1 0 0
    outer loop
      vertex 55 8 41.8564
      vertex 55 1.25 39
      vertex 55 1.25 35
    endloop
  endfacet
  facet normal 1 0 0
    outer loop
      vertex 55 9.74018 40.6937
      vertex 55 1.25 35
      vertex 55 3.04381 31.9668
    endloop
  endfacet
  facet normal 1 0 0
    outer loop
      vertex 55 0.883883 39.8839
      vertex 55 4.1411 43.4548
      vertex 55 2.08842 43.8631
    endloop
  endfacet
  facet normal 1 0 0
    outer loop
      vertex 55 9.74018 40.6937
      vertex 55 3.04381 31.9668
      vertex 55 3.53553 31.5355
    endloop
  endfacet
  facet normal 1 0 0
    outer loop
      vertex 55 3.04381 31.9668
      vertex 55 1.25 35
      vertex 55 2.5 32.3301
    endloop
  endfacet
  facet normal 1 -0 0
    outer loop
      vertex 55 1.23931 34.8368
      vertex 55 2.5 32.3301
      vertex 55 1.25 35
    endloop
  endfacet
  facet normal 1 0 0
    outer loop
      vertex 55 6.12293 42.7821
      vertex 55 1.23931 39.1632
      vertex 55 1.25 39
    endloop
  endfacet
  facet normal 1 0 0
    outer loop
      vertex 55 6.12293 42.7821
      vertex 55 1.20741 39.3235
      vertex 55 1.23931 39.1632
    endloop
  endfacet
  facet normal 1 0 0
    outer loop
      vertex 55 4.1411 43.4548
      vertex 55 1.15485 39.4784
      vertex 55 1.20741 39.3235
    endloop
  endfacet
  facet normal 1 0 0
    outer loop
      vertex 55 4.1411 43.4548
      vertex 55 1.08253 39.625
      vertex 55 1.15485 39.4784
    endloop
  endfacet
  facet normal 1 0 0
    outer loop
      vertex 55 4.1411 43.4548
      vertex 55 0.991692 39.761
      vertex 55 1.08253 39.625
    endloop
  endfacet
  facet normal 1 0 0
    outer loop
      vertex 55 4.1411 43.4548
      vertex 55 0.883883 39.8839
      vertex 55 0.991692 39.761
    endloop
  endfacet
  facet normal 1 0 0
    outer loop
      vertex 55 2.08842 43.8631
      vertex 55 0.760951 39.9917
      vertex 55 0.883883 39.8839
    endloop
  endfacet
  facet normal 1 0 0
    outer loop
      vertex 55 2.08842 43.8631
      vertex 55 0.625 40.0825
      vertex 55 0.760951 39.9917
    endloop
  endfacet
  facet normal 1 0 0
    outer loop
      vertex 55 2.08842 43.8631
      vertex 55 0.478354 40.1549
      vertex 55 0.625 40.0825
    endloop
  endfacet
  facet normal 1 0 0
    outer loop
      vertex 55 2.08842 43.8631
      vertex 55 0.323524 40.2074
      vertex 55 0.478354 40.1549
    endloop
  endfacet
  facet normal 1 0 0
    outer loop
      vertex 55 0 44
      vertex 55 0.323524 40.2074
      vertex 55 2.08842 43.8631
    endloop
  endfacet
  facet normal 1 0 0
    outer loop
      vertex 55 0.323524 40.2074
      vertex 55 0 44
      vertex 55 0.163157 40.2393
    endloop
  endfacet
  facet normal 1 0 0
    outer loop
      vertex 55 0 44
      vertex 55 0 40.25
      vertex 55 0.163157 40.2393
    endloop
  endfacet
  facet normal 1 0 0
    outer loop
      vertex 55 0 44
      vertex 55 -0.163157 40.2393
      vertex 55 0 40.25
    endloop
  endfacet
  facet normal 1 0 0
    outer loop
      vertex 55 0 44
      vertex 55 -0.323524 40.2074
      vertex 55 -0.163157 40.2393
    endloop
  endfacet
  facet normal 1 0 0
    outer loop
      vertex 55 0 44
      vertex 55 -0.478354 40.1549
      vertex 55 -0.323524 40.2074
    endloop
  endfacet
  facet normal 1 0 0
    outer loop
      vertex 55 0 44
      vertex 55 -0.625 40.0825
      vertex 55 -0.478354 40.1549
    endloop
  endfacet
  facet normal 1 0 0
    outer loop
      vertex 55 0 44
      vertex 55 -0.760951 39.9917
      vertex 55 -0.625 40.0825
    endloop
  endfacet
  facet normal 1 0 0
    outer loop
      vertex 55 0 44
      vertex 55 -0.883883 39.8839
      vertex 55 -0.760951 39.9917
    endloop
  endfacet
  facet normal 1 0 0
    outer loop
      vertex 55 0 44
      vertex 55 -0.991692 39.761
      vertex 55 -0.883883 39.8839
    endloop
  endfacet
  facet normal 1 0 0
    outer loop
      vertex 55 0 44
      vertex 55 -1.08253 39.625
      vertex 55 -0.991692 39.761
    endloop
  endfacet
  facet normal 1 0 0
    outer loop
      vertex 55 0 44
      vertex 55 -1.15485 39.4784
      vertex 55 -1.08253 39.625
    endloop
  endfacet
  facet normal 1 0 0
    outer loop
      vertex 55 -22.5 32.3301
      vertex 55 -1.15485 39.4784
      vertex 55 0 44
    endloop
  endfacet
  facet normal 1 0 0
    outer loop
      vertex 55 -3.53553 31.5355
      vertex 55 -1.25 35
      vertex 55 -1.25 39
    endloop
  endfacet
  facet normal 1 0 0
    outer loop
      vertex 55 -1.25 35
      vertex 55 -1.91342 32.6194
      vertex 55 -1.2941 32.8296
    endloop
  endfacet
  facet normal 1 0 0
    outer loop
      vertex 55 -11 29.25
      vertex 55 -1.25 39
      vertex 55 -1.23931 39.1632
    endloop
  endfacet
  facet normal 1 0 0
    outer loop
      vertex 55 -1.25 35
      vertex 55 -2.5 32.3301
      vertex 55 -1.91342 32.6194
    endloop
  endfacet
  facet normal 1 0 0
    outer loop
      vertex 55 -1.25 35
      vertex 55 -3.04381 31.9668
      vertex 55 -2.5 32.3301
    endloop
  endfacet
  facet normal 1 0 0
    outer loop
      vertex 55 -11.1632 29.2393
      vertex 55 -1.23931 39.1632
      vertex 55 -1.20741 39.3235
    endloop
  endfacet
  facet normal 1 0 0
    outer loop
      vertex 55 -1.25 35
      vertex 55 -3.53553 31.5355
      vertex 55 -3.04381 31.9668
    endloop
  endfacet
  facet normal 1 0 0
    outer loop
      vertex 55 -1.15485 39.4784
      vertex 55 -22.5 32.3301
      vertex 55 -1.20741 39.3235
    endloop
  endfacet
  facet normal 1 0 0
    outer loop
      vertex 55 -1.25 39
      vertex 55 -11 29.25
      vertex 55 -3.53553 31.5355
    endloop
  endfacet
  facet normal 1 0 -0
    outer loop
      vertex 55 -7 29.25
      vertex 55 -3.53553 31.5355
      vertex 55 -11 29.25
    endloop
  endfacet
  facet normal 1 0 0
    outer loop
      vertex 55 -3.53553 31.5355
      vertex 55 -7 29.25
      vertex 55 -3.96677 31.0438
    endloop
  endfacet
  facet normal 1 0 -0
    outer loop
      vertex 55 -6.83684 29.2393
      vertex 55 -4.33013 30.5
      vertex 55 -7 29.25
    endloop
  endfacet
  facet normal 1 -0 0
    outer loop
      vertex 55 -5.79259 28.3235
      vertex 55 -5 28
      vertex 55 -4.95722 28.6526
    endloop
  endfacet
  facet normal 1 -0 0
    outer loop
      vertex 55 -6.00831 28.761
      vertex 55 -4.95722 28.6526
      vertex 55 -4.82963 29.2941
    endloop
  endfacet
  facet normal 1 0 0
    outer loop
      vertex 55 -4.33013 30.5
      vertex 55 -6.67648 29.2074
      vertex 55 -4.6194 29.9134
    endloop
  endfacet
  facet normal 1 0 0
    outer loop
      vertex 55 -5 28
      vertex 55 -5.76069 28.1632
      vertex 55 -5.75 28
    endloop
  endfacet
  facet normal 1 0 0
    outer loop
      vertex 55 -5 28
      vertex 55 -5.79259 28.3235
      vertex 55 -5.76069 28.1632
    endloop
  endfacet
  facet normal 1 0 0
    outer loop
      vertex 55 -4.95722 28.6526
      vertex 55 -5.84515 28.4784
      vertex 55 -5.79259 28.3235
    endloop
  endfacet
  facet normal 1 0 0
    outer loop
      vertex 55 -4.95722 28.6526
      vertex 55 -5.91747 28.625
      vertex 55 -5.84515 28.4784
    endloop
  endfacet
  facet normal 1 0 0
    outer loop
      vertex 55 -4.95722 28.6526
      vertex 55 -6.00831 28.761
      vertex 55 -5.91747 28.625
    endloop
  endfacet
  facet normal 1 0 0
    outer loop
      vertex 55 -4.82963 29.2941
      vertex 55 -6.11612 28.8839
      vertex 55 -6.00831 28.761
    endloop
  endfacet
  facet normal 1 0 0
    outer loop
      vertex 55 -4.82963 29.2941
      vertex 55 -6.23905 28.9917
      vertex 55 -6.11612 28.8839
    endloop
  endfacet
  facet normal 1 0 0
    outer loop
      vertex 55 -4.82963 29.2941
      vertex 55 -6.375 29.0825
      vertex 55 -6.23905 28.9917
    endloop
  endfacet
  facet normal 1 0 0
    outer loop
      vertex 55 -4.6194 29.9134
      vertex 55 -6.375 29.0825
      vertex 55 -4.82963 29.2941
    endloop
  endfacet
  facet normal 1 0 -0
    outer loop
      vertex 55 -6.375 29.0825
      vertex 55 -4.6194 29.9134
      vertex 55 -6.52165 29.1549
    endloop
  endfacet
  facet normal 1 0 -0
    outer loop
      vertex 55 -6.52165 29.1549
      vertex 55 -4.6194 29.9134
      vertex 55 -6.67648 29.2074
    endloop
  endfacet
  facet normal 1 0 -0
    outer loop
      vertex 55 -6.67648 29.2074
      vertex 55 -4.33013 30.5
      vertex 55 -6.83684 29.2393
    endloop
  endfacet
  facet normal 1 0 0
    outer loop
      vertex 55 -3.96677 31.0438
      vertex 55 -7 29.25
      vertex 55 -4.33013 30.5
    endloop
  endfacet
  facet normal 1 0 0
    outer loop
      vertex 55 -1.23931 39.1632
      vertex 55 -11.1632 29.2393
      vertex 55 -11 29.25
    endloop
  endfacet
  facet normal 1 0 0
    outer loop
      vertex 55 -1.20741 39.3235
      vertex 55 -21.9562 31.9668
      vertex 55 -11.1632 29.2393
    endloop
  endfacet
  facet normal 1 0 0
    outer loop
      vertex 55 -11.1632 29.2393
      vertex 55 -21.9562 31.9668
      vertex 55 -11.3235 29.2074
    endloop
  endfacet
  facet normal 1 -0 -0
    outer loop
      vertex 55 -21.4645 31.5355
      vertex 55 -11.3235 29.2074
      vertex 55 -21.9562 31.9668
    endloop
  endfacet
  facet normal 1 0 0
    outer loop
      vertex 55 -11.3235 29.2074
      vertex 55 -21.4645 31.5355
      vertex 55 -11.4784 29.1549
    endloop
  endfacet
  facet normal 1 -0 -0
    outer loop
      vertex 55 -21.0332 31.0438
      vertex 55 -11.4784 29.1549
      vertex 55 -21.4645 31.5355
    endloop
  endfacet
  facet normal 1 0 0
    outer loop
      vertex 55 -11.4784 29.1549
      vertex 55 -21.0332 31.0438
      vertex 55 -11.625 29.0825
    endloop
  endfacet
  facet normal 1 0 0
    outer loop
      vertex 55 -12.2393 28.1632
      vertex 55 -20 28
      vertex 55 -12.25 28
    endloop
  endfacet
  facet normal 1 0 0
    outer loop
      vertex 55 -20.0428 28.6526
      vertex 55 -12.2393 28.1632
      vertex 55 -12.2074 28.3235
    endloop
  endfacet
  facet normal 1 0 0
    outer loop
      vertex 55 -20.0428 28.6526
      vertex 55 -12.2074 28.3235
      vertex 55 -12.1548 28.4784
    endloop
  endfacet
  facet normal 1 0 0
    outer loop
      vertex 55 -20.1704 29.2941
      vertex 55 -12.1548 28.4784
      vertex 55 -12.0825 28.625
    endloop
  endfacet
  facet normal 1 0 0
    outer loop
      vertex 55 -20.3806 29.9134
      vertex 55 -12.0825 28.625
      vertex 55 -11.9917 28.761
    endloop
  endfacet
  facet normal 1 0 0
    outer loop
      vertex 55 -11.625 29.0825
      vertex 55 -21.0332 31.0438
      vertex 55 -11.761 28.9917
    endloop
  endfacet
  facet normal 1 0 0
    outer loop
      vertex 55 -12.2393 28.1632
      vertex 55 -20.0428 28.6526
      vertex 55 -20 28
    endloop
  endfacet
  facet normal 1 0 0
    outer loop
      vertex 55 -12.1548 28.4784
      vertex 55 -20.1704 29.2941
      vertex 55 -20.0428 28.6526
    endloop
  endfacet
  facet normal 1 0 0
    outer loop
      vertex 55 -12.0825 28.625
      vertex 55 -20.3806 29.9134
      vertex 55 -20.1704 29.2941
    endloop
  endfacet
  facet normal 1 0 0
    outer loop
      vertex 55 -11.8839 28.8839
      vertex 55 -20.3806 29.9134
      vertex 55 -11.9917 28.761
    endloop
  endfacet
  facet normal 1 -0 -0
    outer loop
      vertex 55 -20.3806 29.9134
      vertex 55 -11.8839 28.8839
      vertex 55 -20.6699 30.5
    endloop
  endfacet
  facet normal 1 0 0
    outer loop
      vertex 55 -11.761 28.9917
      vertex 55 -20.6699 30.5
      vertex 55 -11.8839 28.8839
    endloop
  endfacet
  facet normal 1 -0 -0
    outer loop
      vertex 55 -20.6699 30.5
      vertex 55 -11.761 28.9917
      vertex 55 -21.0332 31.0438
    endloop
  endfacet
  facet normal 1 0 0
    outer loop
      vertex 55 -1.20741 39.3235
      vertex 55 -22.5 32.3301
      vertex 55 -21.9562 31.9668
    endloop
  endfacet
  facet normal 1 0 0
    outer loop
      vertex 55 0 44
      vertex 55 -23.0866 32.6194
      vertex 55 -22.5 32.3301
    endloop
  endfacet
  facet normal 1 0 0
    outer loop
      vertex 55 0 44
      vertex 55 -23.7059 32.8296
      vertex 55 -23.0866 32.6194
    endloop
  endfacet
  facet normal 1 0 0
    outer loop
      vertex 55 0 44
      vertex 55 -24.3474 32.9572
      vertex 55 -23.7059 32.8296
    endloop
  endfacet
  facet normal 1 0 0
    outer loop
      vertex 55 0 44
      vertex 55 -25 33
      vertex 55 -24.3474 32.9572
    endloop
  endfacet
  facet normal 1 0 0
    outer loop
      vertex 55 0 44
      vertex 55 -40 33
      vertex 55 -25 33
    endloop
  endfacet
  facet normal 1 -0 0
    outer loop
      vertex 55 -64 41
      vertex 55 -40 33
      vertex 55 0 44
    endloop
  endfacet
  facet normal 1 -0 -0
    outer loop
      vertex 55 -57.125 36.5155
      vertex 55 -40 33
      vertex 55 -64 41
    endloop
  endfacet
  facet normal 1 -0 0
    outer loop
      vertex 55 -56.3832 34.3303
      vertex 55 -44.6194 29.9134
      vertex 55 -56.3096 34.5471
    endloop
  endfacet
  facet normal 1 0 0
    outer loop
      vertex 55 -44.3301 30.5
      vertex 55 -56.3096 34.5471
      vertex 55 -44.6194 29.9134
    endloop
  endfacet
  facet normal 1 -0 0
    outer loop
      vertex 55 -56.3096 34.5471
      vertex 55 -44.3301 30.5
      vertex 55 -56.265 34.7716
    endloop
  endfacet
  facet normal 1 -0 0
    outer loop
      vertex 55 -56.265 34.7716
      vertex 55 -44.3301 30.5
      vertex 55 -56.25 35
    endloop
  endfacet
  facet normal 1 0 0
    outer loop
      vertex 55 -43.9668 31.0438
      vertex 55 -56.25 35
      vertex 55 -44.3301 30.5
    endloop
  endfacet
  facet normal 1 0 0
    outer loop
      vertex 55 -56.265 35.2284
      vertex 55 -43.9668 31.0438
      vertex 55 -43.5355 31.5355
    endloop
  endfacet
  facet normal 1 0 0
    outer loop
      vertex 55 -56.3096 35.4529
      vertex 55 -43.5355 31.5355
      vertex 55 -43.0438 31.9668
    endloop
  endfacet
  facet normal 1 0 0
    outer loop
      vertex 55 -56.3832 35.6697
      vertex 55 -43.0438 31.9668
      vertex 55 -42.5 32.3301
    endloop
  endfacet
  facet normal 1 0 0
    outer loop
      vertex 55 -56.6116 36.0653
      vertex 55 -42.5 32.3301
      vertex 55 -41.9134 32.6194
    endloop
  endfacet
  facet normal 1 0 0
    outer loop
      vertex 55 -56.7626 36.2374
      vertex 55 -41.9134 32.6194
      vertex 55 -41.2941 32.8296
    endloop
  endfacet
  facet normal 1 0 0
    outer loop
      vertex 55 -40 33
      vertex 55 -57.125 36.5155
      vertex 55 -40.6526 32.9572
    endloop
  endfacet
  facet normal 1 0 0
    outer loop
      vertex 55 -43.9668 31.0438
      vertex 55 -56.265 35.2284
      vertex 55 -56.25 35
    endloop
  endfacet
  facet normal 1 0 0
    outer loop
      vertex 55 -43.5355 31.5355
      vertex 55 -56.3096 35.4529
      vertex 55 -56.265 35.2284
    endloop
  endfacet
  facet normal 1 0 0
    outer loop
      vertex 55 -43.0438 31.9668
      vertex 55 -56.3832 35.6697
      vertex 55 -56.3096 35.4529
    endloop
  endfacet
  facet normal 1 0 0
    outer loop
      vertex 55 -42.5 32.3301
      vertex 55 -56.4845 35.875
      vertex 55 -56.3832 35.6697
    endloop
  endfacet
  facet normal 1 0 0
    outer loop
      vertex 55 -42.5 32.3301
      vertex 55 -56.6116 36.0653
      vertex 55 -56.4845 35.875
    endloop
  endfacet
  facet normal 1 0 0
    outer loop
      vertex 55 -41.9134 32.6194
      vertex 55 -56.7626 36.2374
      vertex 55 -56.6116 36.0653
    endloop
  endfacet
  facet normal 1 0 0
    outer loop
      vertex 55 -41.2941 32.8296
      vertex 55 -56.9347 36.3884
      vertex 55 -56.7626 36.2374
    endloop
  endfacet
  facet normal 1 0 0
    outer loop
      vertex 55 -40.6526 32.9572
      vertex 55 -56.9347 36.3884
      vertex 55 -41.2941 32.8296
    endloop
  endfacet
  facet normal 1 -0 -0
    outer loop
      vertex 55 -56.9347 36.3884
      vertex 55 -40.6526 32.9572
      vertex 55 -57.125 36.5155
    endloop
  endfacet
  facet normal 1 0 0
    outer loop
      vertex 55 -57.125 36.5155
      vertex 55 -64 41
      vertex 55 -57.3303 36.6168
    endloop
  endfacet
  facet normal 1 0 0
    outer loop
      vertex 55 -57.3303 36.6168
      vertex 55 -64 41
      vertex 55 -57.5471 36.6904
    endloop
  endfacet
  facet normal 1 0 0
    outer loop
      vertex 55 -57.5471 36.6904
      vertex 55 -64 41
      vertex 55 -57.7716 36.735
    endloop
  endfacet
  facet normal 1 0 0
    outer loop
      vertex 55 -57.7716 36.735
      vertex 55 -64 41
      vertex 55 -58 36.75
    endloop
  endfacet
  facet normal 1 0 0
    outer loop
      vertex 55 -59.6904 21.4529
      vertex 55 -64 15
      vertex 55 -59.735 21.2284
    endloop
  endfacet
  facet normal 1 0 0
    outer loop
      vertex 55 -59.735 35.2284
      vertex 55 -64 41
      vertex 55 -59.75 35
    endloop
  endfacet
  facet normal 1 0 0
    outer loop
      vertex 55 -59.6904 35.4529
      vertex 55 -64 41
      vertex 55 -59.735 35.2284
    endloop
  endfacet
  facet normal 1 0 0
    outer loop
      vertex 55 -59.6168 35.6697
      vertex 55 -64 41
      vertex 55 -59.6904 35.4529
    endloop
  endfacet
  facet normal 1 0 0
    outer loop
      vertex 55 -59.5155 35.875
      vertex 55 -64 41
      vertex 55 -59.6168 35.6697
    endloop
  endfacet
  facet normal 1 0 0
    outer loop
      vertex 55 -59.3884 36.0653
      vertex 55 -64 41
      vertex 55 -59.5155 35.875
    endloop
  endfacet
  facet normal 1 0 0
    outer loop
      vertex 55 -59.2374 36.2374
      vertex 55 -64 41
      vertex 55 -59.3884 36.0653
    endloop
  endfacet
  facet normal 1 0 0
    outer loop
      vertex 55 -59.0653 36.3884
      vertex 55 -64 41
      vertex 55 -59.2374 36.2374
    endloop
  endfacet
  facet normal 1 0 0
    outer loop
      vertex 55 -58.875 36.5155
      vertex 55 -64 41
      vertex 55 -59.0653 36.3884
    endloop
  endfacet
  facet normal 1 0 0
    outer loop
      vertex 55 -58.6697 36.6168
      vertex 55 -64 41
      vertex 55 -58.875 36.5155
    endloop
  endfacet
  facet normal 1 0 0
    outer loop
      vertex 55 -58.4529 36.6904
      vertex 55 -64 41
      vertex 55 -58.6697 36.6168
    endloop
  endfacet
  facet normal 1 0 0
    outer loop
      vertex 55 -58.2284 36.735
      vertex 55 -64 41
      vertex 55 -58.4529 36.6904
    endloop
  endfacet
  facet normal 1 0 0
    outer loop
      vertex 55 -58 36.75
      vertex 55 -64 41
      vertex 55 -58.2284 36.735
    endloop
  endfacet
  facet normal 1 -0 0
    outer loop
      vertex 55 11.9917 27.239
      vertex 55 15.8631 25.9116
      vertex 55 12.0825 27.375
    endloop
  endfacet
  facet normal 1 -0 0
    outer loop
      vertex 55 11.8839 27.1161
      vertex 55 15.8631 25.9116
      vertex 55 11.9917 27.239
    endloop
  endfacet
  facet normal 1 0 0
    outer loop
      vertex 55 15.8631 25.9116
      vertex 55 11.8839 27.1161
      vertex 55 15.4548 23.8589
    endloop
  endfacet
  facet normal 1 -0 0
    outer loop
      vertex 55 11.761 27.0083
      vertex 55 15.4548 23.8589
      vertex 55 11.8839 27.1161
    endloop
  endfacet
  facet normal 1 -0 0
    outer loop
      vertex 55 11.625 26.9175
      vertex 55 15.4548 23.8589
      vertex 55 11.761 27.0083
    endloop
  endfacet
  facet normal 1 -0 0
    outer loop
      vertex 55 11.4784 26.8451
      vertex 55 15.4548 23.8589
      vertex 55 11.625 26.9175
    endloop
  endfacet
  facet normal 1 -0 0
    outer loop
      vertex 55 11.3235 26.7926
      vertex 55 15.4548 23.8589
      vertex 55 11.4784 26.8451
    endloop
  endfacet
  facet normal 1 0 0
    outer loop
      vertex 55 15.4548 23.8589
      vertex 55 11.3235 26.7926
      vertex 55 14.7821 21.8771
    endloop
  endfacet
  facet normal 1 -0 0
    outer loop
      vertex 55 11.1632 26.7607
      vertex 55 14.7821 21.8771
      vertex 55 11.3235 26.7926
    endloop
  endfacet
  facet normal 1 -0 0
    outer loop
      vertex 55 11 26.75
      vertex 55 14.7821 21.8771
      vertex 55 11.1632 26.7607
    endloop
  endfacet
  facet normal 1 0 0
    outer loop
      vertex 55 14.7821 21.8771
      vertex 55 11 26.75
      vertex 55 13.8564 20
    endloop
  endfacet
  facet normal 1 0 0
    outer loop
      vertex 55 13.8564 20
      vertex 55 11 26.75
      vertex 55 12.6937 18.2598
    endloop
  endfacet
  facet normal 1 -0 0
    outer loop
      vertex 55 7 26.75
      vertex 55 12.6937 18.2598
      vertex 55 11 26.75
    endloop
  endfacet
  facet normal 1 -0 0
    outer loop
      vertex 55 3.96677 24.9562
      vertex 55 12.6937 18.2598
      vertex 55 7 26.75
    endloop
  endfacet
  facet normal 1 0 0
    outer loop
      vertex 55 12.6937 18.2598
      vertex 55 3.96677 24.9562
      vertex 55 11.3137 16.6863
    endloop
  endfacet
  facet normal 1 -0 0
    outer loop
      vertex 55 3.53553 24.4645
      vertex 55 11.3137 16.6863
      vertex 55 3.96677 24.9562
    endloop
  endfacet
  facet normal 1 0 0
    outer loop
      vertex 55 4.33013 25.5
      vertex 55 7 26.75
      vertex 55 6.83684 26.7607
    endloop
  endfacet
  facet normal 1 0 0
    outer loop
      vertex 55 4.33013 25.5
      vertex 55 6.83684 26.7607
      vertex 55 6.67648 26.7926
    endloop
  endfacet
  facet normal 1 0 0
    outer loop
      vertex 55 4.6194 26.0866
      vertex 55 6.67648 26.7926
      vertex 55 6.52165 26.8451
    endloop
  endfacet
  facet normal 1 0 0
    outer loop
      vertex 55 4.6194 26.0866
      vertex 55 6.52165 26.8451
      vertex 55 6.375 26.9175
    endloop
  endfacet
  facet normal 1 0 0
    outer loop
      vertex 55 4.6194 26.0866
      vertex 55 6.375 26.9175
      vertex 55 6.23905 27.0083
    endloop
  endfacet
  facet normal 1 0 0
    outer loop
      vertex 55 11.3137 16.6863
      vertex 55 3.53553 24.4645
      vertex 55 9.74018 15.3063
    endloop
  endfacet
  facet normal 1 0 0
    outer loop
      vertex 55 4.82963 26.7059
      vertex 55 6.23905 27.0083
      vertex 55 6.11612 27.1161
    endloop
  endfacet
  facet normal 1 0 0
    outer loop
      vertex 55 4.82963 26.7059
      vertex 55 6.11612 27.1161
      vertex 55 6.00831 27.239
    endloop
  endfacet
  facet normal 1 -0 0
    outer loop
      vertex 55 4.95722 27.3474
      vertex 55 6.00831 27.239
      vertex 55 5.91747 27.375
    endloop
  endfacet
  facet normal 1 0 0
    outer loop
      vertex 55 4.95722 27.3474
      vertex 55 5.91747 27.375
      vertex 55 5.84515 27.5216
    endloop
  endfacet
  facet normal 1 0 0
    outer loop
      vertex 55 4.95722 27.3474
      vertex 55 5.84515 27.5216
      vertex 55 5.79259 27.6765
    endloop
  endfacet
  facet normal 1 0 0
    outer loop
      vertex 55 5 28
      vertex 55 5.79259 27.6765
      vertex 55 5.76069 27.8368
    endloop
  endfacet
  facet normal 1 -0 0
    outer loop
      vertex 55 5 28
      vertex 55 5.76069 27.8368
      vertex 55 5.75 28
    endloop
  endfacet
  facet normal 1 0 0
    outer loop
      vertex 55 5.79259 27.6765
      vertex 55 5 28
      vertex 55 4.95722 27.3474
    endloop
  endfacet
  facet normal 1 0 0
    outer loop
      vertex 55 6.00831 27.239
      vertex 55 4.95722 27.3474
      vertex 55 4.82963 26.7059
    endloop
  endfacet
  facet normal 1 0 0
    outer loop
      vertex 55 6.23905 27.0083
      vertex 55 4.82963 26.7059
      vertex 55 4.6194 26.0866
    endloop
  endfacet
  facet normal 1 0 0
    outer loop
      vertex 55 6.67648 26.7926
      vertex 55 4.6194 26.0866
      vertex 55 4.33013 25.5
    endloop
  endfacet
  facet normal 1 0 0
    outer loop
      vertex 55 7 26.75
      vertex 55 4.33013 25.5
      vertex 55 3.96677 24.9562
    endloop
  endfacet
  facet normal 1 -0 0
    outer loop
      vertex 55 3.04381 24.0332
      vertex 55 9.74018 15.3063
      vertex 55 3.53553 24.4645
    endloop
  endfacet
  facet normal 1 -0 0
    outer loop
      vertex 55 1.25 21
      vertex 55 9.74018 15.3063
      vertex 55 3.04381 24.0332
    endloop
  endfacet
  facet normal 1 0 0
    outer loop
      vertex 55 9.74018 15.3063
      vertex 55 1.25 21
      vertex 55 8 14.1436
    endloop
  endfacet
  facet normal 1 -0 0
    outer loop
      vertex 55 1.25 17
      vertex 55 8 14.1436
      vertex 55 1.25 21
    endloop
  endfacet
  facet normal 1 0 0
    outer loop
      vertex 55 1.25 21
      vertex 55 3.04381 24.0332
      vertex 55 2.5 23.6699
    endloop
  endfacet
  facet normal 1 -0 0
    outer loop
      vertex 55 1.23931 16.8368
      vertex 55 6.12293 13.2179
      vertex 55 1.25 17
    endloop
  endfacet
  facet normal 1 0 0
    outer loop
      vertex 55 1.23931 21.1632
      vertex 55 2.5 23.6699
      vertex 55 1.91342 23.3806
    endloop
  endfacet
  facet normal 1 0 0
    outer loop
      vertex 55 1.08253 21.625
      vertex 55 1.91342 23.3806
      vertex 55 1.2941 23.1704
    endloop
  endfacet
  facet normal 1 0 0
    outer loop
      vertex 55 8 14.1436
      vertex 55 1.25 17
      vertex 55 6.12293 13.2179
    endloop
  endfacet
  facet normal 1 -0 0
    outer loop
      vertex 55 1.20741 16.6765
      vertex 55 6.12293 13.2179
      vertex 55 1.23931 16.8368
    endloop
  endfacet
  facet normal 1 0 0
    outer loop
      vertex 55 6.12293 13.2179
      vertex 55 1.20741 16.6765
      vertex 55 4.1411 12.5452
    endloop
  endfacet
  facet normal 1 -0 0
    outer loop
      vertex 55 1.15485 16.5216
      vertex 55 4.1411 12.5452
      vertex 55 1.20741 16.6765
    endloop
  endfacet
  facet normal 1 -0 0
    outer loop
      vertex 55 1.08253 16.375
      vertex 55 4.1411 12.5452
      vertex 55 1.15485 16.5216
    endloop
  endfacet
  facet normal 1 -0 0
    outer loop
      vertex 55 0.991692 16.239
      vertex 55 4.1411 12.5452
      vertex 55 1.08253 16.375
    endloop
  endfacet
  facet normal 1 -0 0
    outer loop
      vertex 55 0.883883 16.1161
      vertex 55 4.1411 12.5452
      vertex 55 0.991692 16.239
    endloop
  endfacet
  facet normal 1 0 0
    outer loop
      vertex 55 4.1411 12.5452
      vertex 55 0.883883 16.1161
      vertex 55 2.08842 12.1369
    endloop
  endfacet
  facet normal 1 -0 0
    outer loop
      vertex 55 0.760951 16.0083
      vertex 55 2.08842 12.1369
      vertex 55 0.883883 16.1161
    endloop
  endfacet
  facet normal 1 -0 0
    outer loop
      vertex 55 0.625 15.9175
      vertex 55 2.08842 12.1369
      vertex 55 0.760951 16.0083
    endloop
  endfacet
  facet normal 1 -0 0
    outer loop
      vertex 55 0.478354 15.8452
      vertex 55 2.08842 12.1369
      vertex 55 0.625 15.9175
    endloop
  endfacet
  facet normal 1 -0 0
    outer loop
      vertex 55 0.323524 15.7926
      vertex 55 2.08842 12.1369
      vertex 55 0.478354 15.8452
    endloop
  endfacet
  facet normal 1 0 0
    outer loop
      vertex 55 0 12
      vertex 55 0.323524 15.7926
      vertex 55 0.163157 15.7607
    endloop
  endfacet
  facet normal 1 0 0
    outer loop
      vertex 55 0 12
      vertex 55 0.163157 15.7607
      vertex 55 0 15.75
    endloop
  endfacet
  facet normal 1 0 0
    outer loop
      vertex 55 0.323524 15.7926
      vertex 55 0 12
      vertex 55 2.08842 12.1369
    endloop
  endfacet
  facet normal 1 0 0
    outer loop
      vertex 55 -0.163157 15.7607
      vertex 55 0 12
      vertex 55 0 15.75
    endloop
  endfacet
  facet normal 1 0 0
    outer loop
      vertex 55 -0.323524 15.7926
      vertex 55 0 12
      vertex 55 -0.163157 15.7607
    endloop
  endfacet
  facet normal 1 0 0
    outer loop
      vertex 55 -0.478354 15.8452
      vertex 55 0 12
      vertex 55 -0.323524 15.7926
    endloop
  endfacet
  facet normal 1 0 0
    outer loop
      vertex 55 -0.625 15.9175
      vertex 55 0 12
      vertex 55 -0.478354 15.8452
    endloop
  endfacet
  facet normal 1 0 0
    outer loop
      vertex 55 -0.760951 16.0083
      vertex 55 0 12
      vertex 55 -0.625 15.9175
    endloop
  endfacet
  facet normal 1 0 0
    outer loop
      vertex 55 -0.883883 16.1161
      vertex 55 0 12
      vertex 55 -0.760951 16.0083
    endloop
  endfacet
  facet normal 1 0 0
    outer loop
      vertex 55 -0.991692 16.239
      vertex 55 0 12
      vertex 55 -0.883883 16.1161
    endloop
  endfacet
  facet normal 1 0 0
    outer loop
      vertex 55 -1.08253 16.375
      vertex 55 0 12
      vertex 55 -0.991692 16.239
    endloop
  endfacet
  facet normal 1 0 0
    outer loop
      vertex 55 -1.15485 16.5216
      vertex 55 0 12
      vertex 55 -1.08253 16.375
    endloop
  endfacet
  facet normal 1 0 0
    outer loop
      vertex 55 -22.5 23.6699
      vertex 55 -1.15485 16.5216
      vertex 55 -1.20741 16.6765
    endloop
  endfacet
  facet normal 1 0 0
    outer loop
      vertex 55 -1.23931 21.1632
      vertex 55 -2.5 23.6699
      vertex 55 -1.25 21
    endloop
  endfacet
  facet normal 1 0 0
    outer loop
      vertex 55 -3.04381 24.0332
      vertex 55 -1.25 21
      vertex 55 -2.5 23.6699
    endloop
  endfacet
  facet normal 1 0 0
    outer loop
      vertex 55 -3.53553 24.4645
      vertex 55 -1.25 21
      vertex 55 -3.04381 24.0332
    endloop
  endfacet
  facet normal 1 0 0
    outer loop
      vertex 55 -1.25 21
      vertex 55 -3.53553 24.4645
      vertex 55 -1.25 17
    endloop
  endfacet
  facet normal 1 0 0
    outer loop
      vertex 55 -11 26.75
      vertex 55 -1.25 17
      vertex 55 -3.53553 24.4645
    endloop
  endfacet
  facet normal 1 0 0
    outer loop
      vertex 55 -1.25 17
      vertex 55 -11 26.75
      vertex 55 -1.23931 16.8368
    endloop
  endfacet
  facet normal 1 0 0
    outer loop
      vertex 55 -11.1632 26.7607
      vertex 55 -1.23931 16.8368
      vertex 55 -11 26.75
    endloop
  endfacet
  facet normal 1 0 0
    outer loop
      vertex 55 -7 26.75
      vertex 55 -3.53553 24.4645
      vertex 55 -3.96677 24.9562
    endloop
  endfacet
  facet normal 1 0 0
    outer loop
      vertex 55 -7 26.75
      vertex 55 -3.96677 24.9562
      vertex 55 -4.33013 25.5
    endloop
  endfacet
  facet normal 1 0 0
    outer loop
      vertex 55 -6.67648 26.7926
      vertex 55 -4.33013 25.5
      vertex 55 -4.6194 26.0866
    endloop
  endfacet
  facet normal 1 0 0
    outer loop
      vertex 55 -6.375 26.9175
      vertex 55 -4.6194 26.0866
      vertex 55 -4.82963 26.7059
    endloop
  endfacet
  facet normal 1 0 0
    outer loop
      vertex 55 -5.76069 27.8368
      vertex 55 -5 28
      vertex 55 -5.75 28
    endloop
  endfacet
  facet normal 1 0 0
    outer loop
      vertex 55 -5.79259 27.6765
      vertex 55 -5 28
      vertex 55 -5.76069 27.8368
    endloop
  endfacet
  facet normal 1 0 0
    outer loop
      vertex 55 -5 28
      vertex 55 -5.79259 27.6765
      vertex 55 -4.95722 27.3474
    endloop
  endfacet
  facet normal 1 -0 0
    outer loop
      vertex 55 -5.84515 27.5216
      vertex 55 -4.95722 27.3474
      vertex 55 -5.79259 27.6765
    endloop
  endfacet
  facet normal 1 -0 0
    outer loop
      vertex 55 -5.91747 27.375
      vertex 55 -4.95722 27.3474
      vertex 55 -5.84515 27.5216
    endloop
  endfacet
  facet normal 1 0 0
    outer loop
      vertex 55 -6.00831 27.239
      vertex 55 -4.95722 27.3474
      vertex 55 -5.91747 27.375
    endloop
  endfacet
  facet normal 1 0 0
    outer loop
      vertex 55 -4.95722 27.3474
      vertex 55 -6.00831 27.239
      vertex 55 -4.82963 26.7059
    endloop
  endfacet
  facet normal 1 -0 0
    outer loop
      vertex 55 -6.11612 27.1161
      vertex 55 -4.82963 26.7059
      vertex 55 -6.00831 27.239
    endloop
  endfacet
  facet normal 1 -0 0
    outer loop
      vertex 55 -6.23905 27.0083
      vertex 55 -4.82963 26.7059
      vertex 55 -6.11612 27.1161
    endloop
  endfacet
  facet normal 1 -0 0
    outer loop
      vertex 55 -6.375 26.9175
      vertex 55 -4.82963 26.7059
      vertex 55 -6.23905 27.0083
    endloop
  endfacet
  facet normal 1 0 0
    outer loop
      vertex 55 -4.6194 26.0866
      vertex 55 -6.375 26.9175
      vertex 55 -6.52165 26.8451
    endloop
  endfacet
  facet normal 1 0 0
    outer loop
      vertex 55 -4.6194 26.0866
      vertex 55 -6.52165 26.8451
      vertex 55 -6.67648 26.7926
    endloop
  endfacet
  facet normal 1 0 0
    outer loop
      vertex 55 -4.33013 25.5
      vertex 55 -6.67648 26.7926
      vertex 55 -6.83684 26.7607
    endloop
  endfacet
  facet normal 1 0 0
    outer loop
      vertex 55 -4.33013 25.5
      vertex 55 -6.83684 26.7607
      vertex 55 -7 26.75
    endloop
  endfacet
  facet normal 1 0 0
    outer loop
      vertex 55 -3.53553 24.4645
      vertex 55 -7 26.75
      vertex 55 -11 26.75
    endloop
  endfacet
  facet normal 1 0 0
    outer loop
      vertex 55 -1.23931 16.8368
      vertex 55 -11.1632 26.7607
      vertex 55 -1.20741 16.6765
    endloop
  endfacet
  facet normal 1 -0 0
    outer loop
      vertex 55 -21.9562 24.0332
      vertex 55 -1.20741 16.6765
      vertex 55 -11.1632 26.7607
    endloop
  endfacet
  facet normal 1 0 0
    outer loop
      vertex 55 -21.9562 24.0332
      vertex 55 -11.1632 26.7607
      vertex 55 -11.3235 26.7926
    endloop
  endfacet
  facet normal 1 0 0
    outer loop
      vertex 55 -21.4645 24.4645
      vertex 55 -11.3235 26.7926
      vertex 55 -11.4784 26.8451
    endloop
  endfacet
  facet normal 1 0 0
    outer loop
      vertex 55 -21.0332 24.9562
      vertex 55 -11.4784 26.8451
      vertex 55 -11.625 26.9175
    endloop
  endfacet
  facet normal 1 0 0
    outer loop
      vertex 55 -21.0332 24.9562
      vertex 55 -11.625 26.9175
      vertex 55 -11.761 27.0083
    endloop
  endfacet
  facet normal 1 0 0
    outer loop
      vertex 55 -20.6699 25.5
      vertex 55 -11.761 27.0083
      vertex 55 -11.8839 27.1161
    endloop
  endfacet
  facet normal 1 0 0
    outer loop
      vertex 55 -20.3806 26.0866
      vertex 55 -11.8839 27.1161
      vertex 55 -11.9917 27.239
    endloop
  endfacet
  facet normal 1 -0 0
    outer loop
      vertex 55 -20 28
      vertex 55 -12.2393 27.8368
      vertex 55 -12.25 28
    endloop
  endfacet
  facet normal 1 0 0
    outer loop
      vertex 55 -20.0428 27.3474
      vertex 55 -12.2393 27.8368
      vertex 55 -20 28
    endloop
  endfacet
  facet normal 1 0 0
    outer loop
      vertex 55 -12.2393 27.8368
      vertex 55 -20.0428 27.3474
      vertex 55 -12.2074 27.6765
    endloop
  endfacet
  facet normal 1 0 0
    outer loop
      vertex 55 -12.2074 27.6765
      vertex 55 -20.0428 27.3474
      vertex 55 -12.1548 27.5216
    endloop
  endfacet
  facet normal 1 0 0
    outer loop
      vertex 55 -20.1704 26.7059
      vertex 55 -12.1548 27.5216
      vertex 55 -20.0428 27.3474
    endloop
  endfacet
  facet normal 1 0 0
    outer loop
      vertex 55 -12.1548 27.5216
      vertex 55 -20.1704 26.7059
      vertex 55 -12.0825 27.375
    endloop
  endfacet
  facet normal 1 0 0
    outer loop
      vertex 55 -20.3806 26.0866
      vertex 55 -12.0825 27.375
      vertex 55 -20.1704 26.7059
    endloop
  endfacet
  facet normal 1 0 0
    outer loop
      vertex 55 -12.0825 27.375
      vertex 55 -20.3806 26.0866
      vertex 55 -11.9917 27.239
    endloop
  endfacet
  facet normal 1 0 0
    outer loop
      vertex 55 -11.8839 27.1161
      vertex 55 -20.3806 26.0866
      vertex 55 -20.6699 25.5
    endloop
  endfacet
  facet normal 1 0 0
    outer loop
      vertex 55 -11.761 27.0083
      vertex 55 -20.6699 25.5
      vertex 55 -21.0332 24.9562
    endloop
  endfacet
  facet normal 1 0 0
    outer loop
      vertex 55 -11.4784 26.8451
      vertex 55 -21.0332 24.9562
      vertex 55 -21.4645 24.4645
    endloop
  endfacet
  facet normal 1 0 0
    outer loop
      vertex 55 -11.3235 26.7926
      vertex 55 -21.4645 24.4645
      vertex 55 -21.9562 24.0332
    endloop
  endfacet
  facet normal 1 -0 0
    outer loop
      vertex 55 -22.5 23.6699
      vertex 55 -1.20741 16.6765
      vertex 55 -21.9562 24.0332
    endloop
  endfacet
  facet normal 1 0 0
    outer loop
      vertex 55 -1.15485 16.5216
      vertex 55 -22.5 23.6699
      vertex 55 0 12
    endloop
  endfacet
  facet normal 1 -0 0
    outer loop
      vertex 55 -23.0866 23.3806
      vertex 55 0 12
      vertex 55 -22.5 23.6699
    endloop
  endfacet
  facet normal 1 -0 0
    outer loop
      vertex 55 -23.7059 23.1704
      vertex 55 0 12
      vertex 55 -23.0866 23.3806
    endloop
  endfacet
  facet normal 1 -0 0
    outer loop
      vertex 55 -24.3474 23.0428
      vertex 55 0 12
      vertex 55 -23.7059 23.1704
    endloop
  endfacet
  facet normal 1 -0 0
    outer loop
      vertex 55 -25 23
      vertex 55 0 12
      vertex 55 -24.3474 23.0428
    endloop
  endfacet
  facet normal 1 -0 0
    outer loop
      vertex 55 -40 23
      vertex 55 0 12
      vertex 55 -25 23
    endloop
  endfacet
  facet normal 1 0 0
    outer loop
      vertex 55 -57.125 19.4845
      vertex 55 -40 23
      vertex 55 -40.6526 23.0428
    endloop
  endfacet
  facet normal 1 0 0
    outer loop
      vertex 55 -56.9347 19.6116
      vertex 55 -40.6526 23.0428
      vertex 55 -41.2941 23.1704
    endloop
  endfacet
  facet normal 1 0 0
    outer loop
      vertex 55 -44.6194 29.9134
      vertex 55 -56.3832 34.3303
      vertex 55 -44.8296 29.2941
    endloop
  endfacet
  facet normal 1 -0 0
    outer loop
      vertex 55 -56.4845 34.125
      vertex 55 -44.8296 29.2941
      vertex 55 -56.3832 34.3303
    endloop
  endfacet
  facet normal 1 -0 0
    outer loop
      vertex 55 -56.6116 33.9347
      vertex 55 -44.8296 29.2941
      vertex 55 -56.4845 34.125
    endloop
  endfacet
  facet normal 1 0 0
    outer loop
      vertex 55 -44.8296 29.2941
      vertex 55 -56.6116 33.9347
      vertex 55 -44.9572 28.6526
    endloop
  endfacet
  facet normal 1 -0 0
    outer loop
      vertex 55 -56.7626 33.7626
      vertex 55 -44.9572 28.6526
      vertex 55 -56.6116 33.9347
    endloop
  endfacet
  facet normal 1 0 0
    outer loop
      vertex 55 -44.9572 28.6526
      vertex 55 -56.7626 33.7626
      vertex 55 -45 28
    endloop
  endfacet
  facet normal 1 -0 0
    outer loop
      vertex 55 -56.9347 33.6116
      vertex 55 -45 28
      vertex 55 -56.7626 33.7626
    endloop
  endfacet
  facet normal 1 0 0
    outer loop
      vertex 55 -56.9347 22.3884
      vertex 55 -45 28
      vertex 55 -56.9347 33.6116
    endloop
  endfacet
  facet normal 1 0 0
    outer loop
      vertex 55 -56.3096 20.5471
      vertex 55 -43.5355 24.4645
      vertex 55 -56.265 20.7716
    endloop
  endfacet
  facet normal 1 0 0
    outer loop
      vertex 55 -43.5355 24.4645
      vertex 55 -56.3096 20.5471
      vertex 55 -43.0438 24.0332
    endloop
  endfacet
  facet normal 1 0 0
    outer loop
      vertex 55 -56.3832 20.3303
      vertex 55 -43.0438 24.0332
      vertex 55 -56.3096 20.5471
    endloop
  endfacet
  facet normal 1 0 0
    outer loop
      vertex 55 -43.0438 24.0332
      vertex 55 -56.3832 20.3303
      vertex 55 -42.5 23.6699
    endloop
  endfacet
  facet normal 1 0 0
    outer loop
      vertex 55 -56.4845 20.125
      vertex 55 -42.5 23.6699
      vertex 55 -56.3832 20.3303
    endloop
  endfacet
  facet normal 1 0 0
    outer loop
      vertex 55 -56.6116 19.9347
      vertex 55 -42.5 23.6699
      vertex 55 -56.4845 20.125
    endloop
  endfacet
  facet normal 1 0 0
    outer loop
      vertex 55 -42.5 23.6699
      vertex 55 -56.6116 19.9347
      vertex 55 -41.9134 23.3806
    endloop
  endfacet
  facet normal 1 0 0
    outer loop
      vertex 55 -56.7626 19.7626
      vertex 55 -41.9134 23.3806
      vertex 55 -56.6116 19.9347
    endloop
  endfacet
  facet normal 1 0 0
    outer loop
      vertex 55 -41.9134 23.3806
      vertex 55 -56.7626 19.7626
      vertex 55 -41.2941 23.1704
    endloop
  endfacet
  facet normal 1 0 0
    outer loop
      vertex 55 -56.9347 19.6116
      vertex 55 -41.2941 23.1704
      vertex 55 -56.7626 19.7626
    endloop
  endfacet
  facet normal 1 0 0
    outer loop
      vertex 55 -40.6526 23.0428
      vertex 55 -56.9347 19.6116
      vertex 55 -57.125 19.4845
    endloop
  endfacet
  facet normal 1 0 0
    outer loop
      vertex 55 -40 23
      vertex 55 -57.125 19.4845
      vertex 55 -64 15
    endloop
  endfacet
  facet normal 1 0 0
    outer loop
      vertex 55 -64 15
      vertex 55 -57.125 19.4845
      vertex 55 -57.3303 19.3832
    endloop
  endfacet
  facet normal 1 0 0
    outer loop
      vertex 55 -64 15
      vertex 55 -57.3303 19.3832
      vertex 55 -57.5471 19.3096
    endloop
  endfacet
  facet normal 1 0 0
    outer loop
      vertex 55 -64 15
      vertex 55 -57.5471 19.3096
      vertex 55 -57.7716 19.265
    endloop
  endfacet
  facet normal 1 0 0
    outer loop
      vertex 55 -64 15
      vertex 55 -57.7716 19.265
      vertex 55 -58 19.25
    endloop
  endfacet
  facet normal 1 0 0
    outer loop
      vertex 55 -64 15
      vertex 55 -58 19.25
      vertex 55 -58.2284 19.265
    endloop
  endfacet
  facet normal 1 0 0
    outer loop
      vertex 55 -59.735 21.2284
      vertex 55 -64 15
      vertex 55 -59.75 21
    endloop
  endfacet
  facet normal 1 0 0
    outer loop
      vertex 55 -59.75 21
      vertex 55 -64 15
      vertex 55 -59.735 20.7716
    endloop
  endfacet
  facet normal 1 0 0
    outer loop
      vertex 55 -40 23
      vertex 55 -64 15
      vertex 55 0 12
    endloop
  endfacet
  facet normal 1 0 0
    outer loop
      vertex 55 -58.4529 19.3096
      vertex 55 -64 15
      vertex 55 -58.2284 19.265
    endloop
  endfacet
  facet normal 1 0 0
    outer loop
      vertex 55 -58.6697 19.3832
      vertex 55 -64 15
      vertex 55 -58.4529 19.3096
    endloop
  endfacet
  facet normal 1 0 0
    outer loop
      vertex 55 -58.875 19.4845
      vertex 55 -64 15
      vertex 55 -58.6697 19.3832
    endloop
  endfacet
  facet normal 1 0 0
    outer loop
      vertex 55 -59.0653 19.6116
      vertex 55 -64 15
      vertex 55 -58.875 19.4845
    endloop
  endfacet
  facet normal 1 0 0
    outer loop
      vertex 55 -59.2374 19.7626
      vertex 55 -64 15
      vertex 55 -59.0653 19.6116
    endloop
  endfacet
  facet normal 1 0 0
    outer loop
      vertex 55 -59.3884 19.9347
      vertex 55 -64 15
      vertex 55 -59.2374 19.7626
    endloop
  endfacet
  facet normal 1 0 0
    outer loop
      vertex 55 -59.5155 20.125
      vertex 55 -64 15
      vertex 55 -59.3884 19.9347
    endloop
  endfacet
  facet normal 1 0 0
    outer loop
      vertex 55 -59.6168 20.3303
      vertex 55 -64 15
      vertex 55 -59.5155 20.125
    endloop
  endfacet
  facet normal 1 0 0
    outer loop
      vertex 55 -59.6904 20.5471
      vertex 55 -64 15
      vertex 55 -59.6168 20.3303
    endloop
  endfacet
  facet normal 1 0 0
    outer loop
      vertex 55 -59.735 20.7716
      vertex 55 -64 15
      vertex 55 -59.6904 20.5471
    endloop
  endfacet
  facet normal 1 -0 0
    outer loop
      vertex 55 1.20741 34.6765
      vertex 55 2.5 32.3301
      vertex 55 1.23931 34.8368
    endloop
  endfacet
  facet normal 1 0 0
    outer loop
      vertex 55 2.5 32.3301
      vertex 55 1.20741 34.6765
      vertex 55 1.91342 32.6194
    endloop
  endfacet
  facet normal 1 -0 0
    outer loop
      vertex 55 1.15485 34.5216
      vertex 55 1.91342 32.6194
      vertex 55 1.20741 34.6765
    endloop
  endfacet
  facet normal 1 -0 0
    outer loop
      vertex 55 1.08253 34.375
      vertex 55 1.91342 32.6194
      vertex 55 1.15485 34.5216
    endloop
  endfacet
  facet normal 1 0 0
    outer loop
      vertex 55 1.91342 32.6194
      vertex 55 1.08253 34.375
      vertex 55 1.2941 32.8296
    endloop
  endfacet
  facet normal 1 -0 0
    outer loop
      vertex 55 0.991692 34.239
      vertex 55 1.2941 32.8296
      vertex 55 1.08253 34.375
    endloop
  endfacet
  facet normal 1 -0 0
    outer loop
      vertex 55 0.883883 34.1161
      vertex 55 1.2941 32.8296
      vertex 55 0.991692 34.239
    endloop
  endfacet
  facet normal 1 -0 0
    outer loop
      vertex 55 0.760951 34.0083
      vertex 55 1.2941 32.8296
      vertex 55 0.883883 34.1161
    endloop
  endfacet
  facet normal 1 0 0
    outer loop
      vertex 55 0.760951 34.0083
      vertex 55 0.652631 32.9572
      vertex 55 1.2941 32.8296
    endloop
  endfacet
  facet normal 1 -0 0
    outer loop
      vertex 55 0.625 33.9175
      vertex 55 0.652631 32.9572
      vertex 55 0.760951 34.0083
    endloop
  endfacet
  facet normal 1 -0 0
    outer loop
      vertex 55 0.478354 33.8451
      vertex 55 0.652631 32.9572
      vertex 55 0.625 33.9175
    endloop
  endfacet
  facet normal 1 -0 0
    outer loop
      vertex 55 0.323524 33.7926
      vertex 55 0.652631 32.9572
      vertex 55 0.478354 33.8451
    endloop
  endfacet
  facet normal 1 0 0
    outer loop
      vertex 55 0 33
      vertex 55 0.323524 33.7926
      vertex 55 0.163157 33.7607
    endloop
  endfacet
  facet normal 1 0 0
    outer loop
      vertex 55 0 33
      vertex 55 0.163157 33.7607
      vertex 55 0 33.75
    endloop
  endfacet
  facet normal 1 0 0
    outer loop
      vertex 55 0.323524 33.7926
      vertex 55 0 33
      vertex 55 0.652631 32.9572
    endloop
  endfacet
  facet normal 1 0 0
    outer loop
      vertex 55 -0.163157 33.7607
      vertex 55 0 33
      vertex 55 0 33.75
    endloop
  endfacet
  facet normal 1 0 0
    outer loop
      vertex 55 -0.323524 33.7926
      vertex 55 0 33
      vertex 55 -0.163157 33.7607
    endloop
  endfacet
  facet normal 1 0 0
    outer loop
      vertex 55 -0.652631 32.9572
      vertex 55 -0.323524 33.7926
      vertex 55 -0.478354 33.8451
    endloop
  endfacet
  facet normal 1 0 0
    outer loop
      vertex 55 -0.652631 32.9572
      vertex 55 -0.478354 33.8451
      vertex 55 -0.625 33.9175
    endloop
  endfacet
  facet normal 1 0 0
    outer loop
      vertex 55 -0.323524 33.7926
      vertex 55 -0.652631 32.9572
      vertex 55 0 33
    endloop
  endfacet
  facet normal 1 0 0
    outer loop
      vertex 55 -0.760951 34.0083
      vertex 55 -0.652631 32.9572
      vertex 55 -0.625 33.9175
    endloop
  endfacet
  facet normal 1 0 0
    outer loop
      vertex 55 -1.2941 32.8296
      vertex 55 -0.760951 34.0083
      vertex 55 -0.883883 34.1161
    endloop
  endfacet
  facet normal 1 0 0
    outer loop
      vertex 55 -1.2941 32.8296
      vertex 55 -0.883883 34.1161
      vertex 55 -0.991692 34.239
    endloop
  endfacet
  facet normal 1 0 0
    outer loop
      vertex 55 -1.2941 32.8296
      vertex 55 -0.991692 34.239
      vertex 55 -1.08253 34.375
    endloop
  endfacet
  facet normal 1 0 0
    outer loop
      vertex 55 -1.2941 32.8296
      vertex 55 -1.08253 34.375
      vertex 55 -1.15485 34.5216
    endloop
  endfacet
  facet normal 1 0 0
    outer loop
      vertex 55 -1.2941 32.8296
      vertex 55 -1.15485 34.5216
      vertex 55 -1.20741 34.6765
    endloop
  endfacet
  facet normal 1 0 0
    outer loop
      vertex 55 -0.760951 34.0083
      vertex 55 -1.2941 32.8296
      vertex 55 -0.652631 32.9572
    endloop
  endfacet
  facet normal 1 0 0
    outer loop
      vertex 55 -1.23931 34.8368
      vertex 55 -1.2941 32.8296
      vertex 55 -1.20741 34.6765
    endloop
  endfacet
  facet normal 1 0 0
    outer loop
      vertex 55 -1.2941 32.8296
      vertex 55 -1.23931 34.8368
      vertex 55 -1.25 35
    endloop
  endfacet
  facet normal 1 0 -0
    outer loop
      vertex 55 -56.7626 22.2374
      vertex 55 -45 28
      vertex 55 -56.9347 22.3884
    endloop
  endfacet
  facet normal 1 0 0
    outer loop
      vertex 55 -43.9668 24.9562
      vertex 55 -56.265 20.7716
      vertex 55 -43.5355 24.4645
    endloop
  endfacet
  facet normal 1 0 0
    outer loop
      vertex 55 -44.9572 27.3474
      vertex 55 -56.6116 22.0653
      vertex 55 -44.8296 26.7059
    endloop
  endfacet
  facet normal 1 0 0
    outer loop
      vertex 55 -56.265 20.7716
      vertex 55 -43.9668 24.9562
      vertex 55 -56.25 21
    endloop
  endfacet
  facet normal 1 0 -0
    outer loop
      vertex 55 -56.4845 21.875
      vertex 55 -44.8296 26.7059
      vertex 55 -56.6116 22.0653
    endloop
  endfacet
  facet normal 1 0 -0
    outer loop
      vertex 55 -56.25 21
      vertex 55 -43.9668 24.9562
      vertex 55 -56.265 21.2284
    endloop
  endfacet
  facet normal 1 0 -0
    outer loop
      vertex 55 -56.3832 21.6697
      vertex 55 -44.8296 26.7059
      vertex 55 -56.4845 21.875
    endloop
  endfacet
  facet normal 1 0 0
    outer loop
      vertex 55 -44.3301 25.5
      vertex 55 -56.265 21.2284
      vertex 55 -43.9668 24.9562
    endloop
  endfacet
  facet normal 1 0 0
    outer loop
      vertex 55 -44.8296 26.7059
      vertex 55 -56.3832 21.6697
      vertex 55 -44.6194 26.0866
    endloop
  endfacet
  facet normal 1 0 -0
    outer loop
      vertex 55 -56.265 21.2284
      vertex 55 -44.3301 25.5
      vertex 55 -56.3096 21.4529
    endloop
  endfacet
  facet normal 1 0 -0
    outer loop
      vertex 55 -56.3096 21.4529
      vertex 55 -44.6194 26.0866
      vertex 55 -56.3832 21.6697
    endloop
  endfacet
  facet normal 1 0 0
    outer loop
      vertex 55 -44.6194 26.0866
      vertex 55 -56.3096 21.4529
      vertex 55 -44.3301 25.5
    endloop
  endfacet
  facet normal 1 0 0
    outer loop
      vertex 55 -45 28
      vertex 55 -56.7626 22.2374
      vertex 55 -44.9572 27.3474
    endloop
  endfacet
  facet normal 1 0 -0
    outer loop
      vertex 55 -56.6116 22.0653
      vertex 55 -44.9572 27.3474
      vertex 55 -56.7626 22.2374
    endloop
  endfacet
  facet normal 1 -0 0
    outer loop
      vertex 55 -57.125 33.4845
      vertex 55 -56.9347 22.3884
      vertex 55 -56.9347 33.6116
    endloop
  endfacet
  facet normal 1 0 0
    outer loop
      vertex 55 -57.125 33.4845
      vertex 55 -57.125 22.5155
      vertex 55 -56.9347 22.3884
    endloop
  endfacet
  facet normal 1 -0 0
    outer loop
      vertex 55 -57.3303 33.3832
      vertex 55 -57.125 22.5155
      vertex 55 -57.125 33.4845
    endloop
  endfacet
  facet normal 1 0 0
    outer loop
      vertex 55 -57.3303 33.3832
      vertex 55 -57.3303 22.6168
      vertex 55 -57.125 22.5155
    endloop
  endfacet
  facet normal 1 -0 0
    outer loop
      vertex 55 -57.5471 33.3096
      vertex 55 -57.3303 22.6168
      vertex 55 -57.3303 33.3832
    endloop
  endfacet
  facet normal 1 0 0
    outer loop
      vertex 55 -57.5471 33.3096
      vertex 55 -57.5471 22.6904
      vertex 55 -57.3303 22.6168
    endloop
  endfacet
  facet normal 1 -0 0
    outer loop
      vertex 55 -57.7716 33.265
      vertex 55 -57.5471 22.6904
      vertex 55 -57.5471 33.3096
    endloop
  endfacet
  facet normal 1 0 0
    outer loop
      vertex 55 -57.7716 33.265
      vertex 55 -57.7716 22.735
      vertex 55 -57.5471 22.6904
    endloop
  endfacet
  facet normal 1 -0 0
    outer loop
      vertex 55 -58 33.25
      vertex 55 -57.7716 22.735
      vertex 55 -57.7716 33.265
    endloop
  endfacet
  facet normal 1 0 0
    outer loop
      vertex 55 -58 33.25
      vertex 55 -58 22.75
      vertex 55 -57.7716 22.735
    endloop
  endfacet
  facet normal 1 0 0
    outer loop
      vertex 55 -58.2284 33.265
      vertex 55 -58 22.75
      vertex 55 -58 33.25
    endloop
  endfacet
  facet normal 1 0 0
    outer loop
      vertex 55 -58.2284 33.265
      vertex 55 -58.2284 22.735
      vertex 55 -58 22.75
    endloop
  endfacet
  facet normal 1 0 0
    outer loop
      vertex 55 -58.4529 33.3096
      vertex 55 -58.2284 22.735
      vertex 55 -58.2284 33.265
    endloop
  endfacet
  facet normal 1 0 0
    outer loop
      vertex 55 -58.4529 33.3096
      vertex 55 -58.4529 22.6904
      vertex 55 -58.2284 22.735
    endloop
  endfacet
  facet normal 1 0 0
    outer loop
      vertex 55 -58.6697 33.3832
      vertex 55 -58.4529 22.6904
      vertex 55 -58.4529 33.3096
    endloop
  endfacet
  facet normal 1 0 0
    outer loop
      vertex 55 -58.6697 33.3832
      vertex 55 -58.6697 22.6168
      vertex 55 -58.4529 22.6904
    endloop
  endfacet
  facet normal 1 0 0
    outer loop
      vertex 55 -58.875 33.4845
      vertex 55 -58.6697 22.6168
      vertex 55 -58.6697 33.3832
    endloop
  endfacet
  facet normal 1 0 0
    outer loop
      vertex 55 -58.875 33.4845
      vertex 55 -58.875 22.5155
      vertex 55 -58.6697 22.6168
    endloop
  endfacet
  facet normal 1 0 0
    outer loop
      vertex 55 -59.0653 33.6116
      vertex 55 -58.875 22.5155
      vertex 55 -58.875 33.4845
    endloop
  endfacet
  facet normal 1 0 0
    outer loop
      vertex 55 -59.0653 33.6116
      vertex 55 -59.0653 22.3884
      vertex 55 -58.875 22.5155
    endloop
  endfacet
  facet normal 1 0 0
    outer loop
      vertex 55 -59.2374 33.7626
      vertex 55 -59.0653 22.3884
      vertex 55 -59.0653 33.6116
    endloop
  endfacet
  facet normal 1 0 0
    outer loop
      vertex 55 -59.2374 33.7626
      vertex 55 -59.2374 22.2374
      vertex 55 -59.0653 22.3884
    endloop
  endfacet
  facet normal 1 0 0
    outer loop
      vertex 55 -59.3884 33.9347
      vertex 55 -59.2374 22.2374
      vertex 55 -59.2374 33.7626
    endloop
  endfacet
  facet normal 1 0 0
    outer loop
      vertex 55 -59.3884 33.9347
      vertex 55 -59.3884 22.0653
      vertex 55 -59.2374 22.2374
    endloop
  endfacet
  facet normal 1 0 0
    outer loop
      vertex 55 -59.5155 34.125
      vertex 55 -59.3884 22.0653
      vertex 55 -59.3884 33.9347
    endloop
  endfacet
  facet normal 1 0 0
    outer loop
      vertex 55 -59.5155 34.125
      vertex 55 -59.5155 21.875
      vertex 55 -59.3884 22.0653
    endloop
  endfacet
  facet normal 1 0 0
    outer loop
      vertex 55 -59.6168 34.3303
      vertex 55 -59.5155 21.875
      vertex 55 -59.5155 34.125
    endloop
  endfacet
  facet normal 1 0 0
    outer loop
      vertex 55 -59.6168 34.3303
      vertex 55 -59.6168 21.6697
      vertex 55 -59.5155 21.875
    endloop
  endfacet
  facet normal 1 0 0
    outer loop
      vertex 55 -64 41
      vertex 55 -59.6168 34.3303
      vertex 55 -59.6904 34.5471
    endloop
  endfacet
  facet normal 1 0 0
    outer loop
      vertex 55 -59.6168 34.3303
      vertex 55 -64 41
      vertex 55 -59.6168 21.6697
    endloop
  endfacet
  facet normal 1 0 0
    outer loop
      vertex 55 -64 41
      vertex 55 -59.6904 34.5471
      vertex 55 -59.735 34.7716
    endloop
  endfacet
  facet normal 1 0 0
    outer loop
      vertex 55 -64 15
      vertex 55 -59.6168 21.6697
      vertex 55 -64 41
    endloop
  endfacet
  facet normal 1 0 0
    outer loop
      vertex 55 -64 41
      vertex 55 -59.735 34.7716
      vertex 55 -59.75 35
    endloop
  endfacet
  facet normal 1 0 0
    outer loop
      vertex 55 -59.6168 21.6697
      vertex 55 -64 15
      vertex 55 -59.6904 21.4529
    endloop
  endfacet
  facet normal -0 0.0654116 0.997858
    outer loop
      vertex 50 2.08842 43.8631
      vertex 55 0 44
      vertex 55 2.08842 43.8631
    endloop
  endfacet
  facet normal 0 0.0654116 0.997858
    outer loop
      vertex 55 0 44
      vertex 50 2.08842 43.8631
      vertex 50 0 44
    endloop
  endfacet
  facet normal 0 0.0654116 -0.997858
    outer loop
      vertex 50 0 12
      vertex 55 2.08842 12.1369
      vertex 55 0 12
    endloop
  endfacet
  facet normal 0 0.0654116 -0.997858
    outer loop
      vertex 55 2.08842 12.1369
      vertex 50 0 12
      vertex 50 2.08842 12.1369
    endloop
  endfacet
  facet normal 0 0.321422 -0.946936
    outer loop
      vertex 50 4.1411 12.5452
      vertex 55 6.12293 13.2179
      vertex 55 4.1411 12.5452
    endloop
  endfacet
  facet normal 0 0.321422 -0.946936
    outer loop
      vertex 55 6.12293 13.2179
      vertex 50 4.1411 12.5452
      vertex 50 6.12293 13.2179
    endloop
  endfacet
  facet normal 0 0.442301 -0.896867
    outer loop
      vertex 50 6.12293 13.2179
      vertex 55 8 14.1436
      vertex 55 6.12293 13.2179
    endloop
  endfacet
  facet normal 0 0.442301 -0.896867
    outer loop
      vertex 55 8 14.1436
      vertex 50 6.12293 13.2179
      vertex 50 8 14.1436
    endloop
  endfacet
  facet normal 0 0.89687 -0.442295
    outer loop
      vertex 55 13.8564 20
      vertex 50 14.7821 21.8771
      vertex 55 14.7821 21.8771
    endloop
  endfacet
  facet normal 0 0.89687 -0.442295
    outer loop
      vertex 50 14.7821 21.8771
      vertex 55 13.8564 20
      vertex 50 13.8564 20
    endloop
  endfacet
  facet normal 0 0.195089 -0.980786
    outer loop
      vertex 50 2.08842 12.1369
      vertex 55 4.1411 12.5452
      vertex 55 2.08842 12.1369
    endloop
  endfacet
  facet normal 0 0.195089 -0.980786
    outer loop
      vertex 55 4.1411 12.5452
      vertex 50 2.08842 12.1369
      vertex 50 4.1411 12.5452
    endloop
  endfacet
  facet normal -0 0.555553 0.831481
    outer loop
      vertex 50 9.74018 40.6937
      vertex 55 8 41.8564
      vertex 55 9.74018 40.6937
    endloop
  endfacet
  facet normal 0 0.555553 0.831481
    outer loop
      vertex 55 8 41.8564
      vertex 50 9.74018 40.6937
      vertex 50 8 41.8564
    endloop
  endfacet
  facet normal 0 0.751821 -0.659367
    outer loop
      vertex 55 11.3137 16.6863
      vertex 50 12.6937 18.2598
      vertex 55 12.6937 18.2598
    endloop
  endfacet
  facet normal 0 0.751821 -0.659367
    outer loop
      vertex 50 12.6937 18.2598
      vertex 55 11.3137 16.6863
      vertex 50 11.3137 16.6863
    endloop
  endfacet
  facet normal 0 0.997858 -0.0654122
    outer loop
      vertex 55 15.8631 25.9116
      vertex 50 16 28
      vertex 55 16 28
    endloop
  endfacet
  facet normal 0 0.997858 -0.0654122
    outer loop
      vertex 50 16 28
      vertex 55 15.8631 25.9116
      vertex 50 15.8631 25.9116
    endloop
  endfacet
  facet normal 0 0.980786 0.195087
    outer loop
      vertex 55 15.8631 30.0884
      vertex 50 15.4548 32.1411
      vertex 55 15.4548 32.1411
    endloop
  endfacet
  facet normal 0 0.980786 0.195087
    outer loop
      vertex 50 15.4548 32.1411
      vertex 55 15.8631 30.0884
      vertex 50 15.8631 30.0884
    endloop
  endfacet
  facet normal -0 0.195089 0.980786
    outer loop
      vertex 50 4.1411 43.4548
      vertex 55 2.08842 43.8631
      vertex 55 4.1411 43.4548
    endloop
  endfacet
  facet normal 0 0.195089 0.980786
    outer loop
      vertex 55 2.08842 43.8631
      vertex 50 4.1411 43.4548
      vertex 50 2.08842 43.8631
    endloop
  endfacet
  facet normal 0 0.831484 -0.555549
    outer loop
      vertex 55 12.6937 18.2598
      vertex 50 13.8564 20
      vertex 55 13.8564 20
    endloop
  endfacet
  facet normal 0 0.831484 -0.555549
    outer loop
      vertex 50 13.8564 20
      vertex 55 12.6937 18.2598
      vertex 50 12.6937 18.2598
    endloop
  endfacet
  facet normal 0 0.997858 0.0654122
    outer loop
      vertex 55 16 28
      vertex 50 15.8631 30.0884
      vertex 55 15.8631 30.0884
    endloop
  endfacet
  facet normal 0 0.997858 0.0654122
    outer loop
      vertex 50 15.8631 30.0884
      vertex 55 16 28
      vertex 50 16 28
    endloop
  endfacet
  facet normal -0 0.659362 0.751826
    outer loop
      vertex 50 11.3137 39.3137
      vertex 55 9.74018 40.6937
      vertex 55 11.3137 39.3137
    endloop
  endfacet
  facet normal 0 0.659362 0.751826
    outer loop
      vertex 55 9.74018 40.6937
      vertex 50 11.3137 39.3137
      vertex 50 9.74018 40.6937
    endloop
  endfacet
  facet normal 0 0.89687 0.442295
    outer loop
      vertex 55 14.7821 34.1229
      vertex 50 13.8564 36
      vertex 55 13.8564 36
    endloop
  endfacet
  facet normal 0 0.89687 0.442295
    outer loop
      vertex 50 13.8564 36
      vertex 55 14.7821 34.1229
      vertex 50 14.7821 34.1229
    endloop
  endfacet
  facet normal 0 0.980786 -0.195087
    outer loop
      vertex 55 15.4548 23.8589
      vertex 50 15.8631 25.9116
      vertex 55 15.8631 25.9116
    endloop
  endfacet
  facet normal 0 0.980786 -0.195087
    outer loop
      vertex 50 15.8631 25.9116
      vertex 55 15.4548 23.8589
      vertex 50 15.4548 23.8589
    endloop
  endfacet
  facet normal 0 0.555553 -0.831481
    outer loop
      vertex 50 8 14.1436
      vertex 55 9.74018 15.3063
      vertex 55 8 14.1436
    endloop
  endfacet
  facet normal 0 0.555553 -0.831481
    outer loop
      vertex 55 9.74018 15.3063
      vertex 50 8 14.1436
      vertex 50 9.74018 15.3063
    endloop
  endfacet
  facet normal 0 0.659362 -0.751826
    outer loop
      vertex 50 9.74018 15.3063
      vertex 55 11.3137 16.6863
      vertex 55 9.74018 15.3063
    endloop
  endfacet
  facet normal 0 0.659362 -0.751826
    outer loop
      vertex 55 11.3137 16.6863
      vertex 50 9.74018 15.3063
      vertex 50 11.3137 16.6863
    endloop
  endfacet
  facet normal -0 0.321422 0.946936
    outer loop
      vertex 50 6.12293 42.7821
      vertex 55 4.1411 43.4548
      vertex 55 6.12293 42.7821
    endloop
  endfacet
  facet normal 0 0.321422 0.946936
    outer loop
      vertex 55 4.1411 43.4548
      vertex 50 6.12293 42.7821
      vertex 50 4.1411 43.4548
    endloop
  endfacet
  facet normal 0 0.946935 0.321426
    outer loop
      vertex 55 15.4548 32.1411
      vertex 50 14.7821 34.1229
      vertex 55 14.7821 34.1229
    endloop
  endfacet
  facet normal 0 0.946935 0.321426
    outer loop
      vertex 50 14.7821 34.1229
      vertex 55 15.4548 32.1411
      vertex 50 15.4548 32.1411
    endloop
  endfacet
  facet normal 0 0.946935 -0.321426
    outer loop
      vertex 55 14.7821 21.8771
      vertex 50 15.4548 23.8589
      vertex 55 15.4548 23.8589
    endloop
  endfacet
  facet normal 0 0.946935 -0.321426
    outer loop
      vertex 50 15.4548 23.8589
      vertex 55 14.7821 21.8771
      vertex 50 14.7821 21.8771
    endloop
  endfacet
  facet normal -0 0.442301 0.896867
    outer loop
      vertex 50 8 41.8564
      vertex 55 6.12293 42.7821
      vertex 55 8 41.8564
    endloop
  endfacet
  facet normal 0 0.442301 0.896867
    outer loop
      vertex 55 6.12293 42.7821
      vertex 50 8 41.8564
      vertex 50 6.12293 42.7821
    endloop
  endfacet
  facet normal 0 0.831484 0.555549
    outer loop
      vertex 55 13.8564 36
      vertex 50 12.6937 37.7402
      vertex 55 12.6937 37.7402
    endloop
  endfacet
  facet normal 0 0.831484 0.555549
    outer loop
      vertex 50 12.6937 37.7402
      vertex 55 13.8564 36
      vertex 50 13.8564 36
    endloop
  endfacet
  facet normal 0 0.751821 0.659367
    outer loop
      vertex 55 12.6937 37.7402
      vertex 50 11.3137 39.3137
      vertex 55 11.3137 39.3137
    endloop
  endfacet
  facet normal 0 0.751821 0.659367
    outer loop
      vertex 50 11.3137 39.3137
      vertex 55 12.6937 37.7402
      vertex 50 12.6937 37.7402
    endloop
  endfacet
  facet normal 0 0.980786 0.195087
    outer loop
      vertex 55 -44.8296 26.7059
      vertex 50 -44.9572 27.3474
      vertex 55 -44.9572 27.3474
    endloop
  endfacet
  facet normal 0 0.980786 0.195087
    outer loop
      vertex 50 -44.9572 27.3474
      vertex 55 -44.8296 26.7059
      vertex 50 -44.8296 26.7059
    endloop
  endfacet
  facet normal 0 0.997856 0.0654432
    outer loop
      vertex 55 -44.9572 27.3474
      vertex 50 -45 28
      vertex 55 -45 28
    endloop
  endfacet
  facet normal 0 0.997856 0.0654432
    outer loop
      vertex 50 -45 28
      vertex 55 -44.9572 27.3474
      vertex 50 -44.9572 27.3474
    endloop
  endfacet
  facet normal 0 0.997856 -0.0654432
    outer loop
      vertex 55 -45 28
      vertex 50 -44.9572 28.6526
      vertex 55 -44.9572 28.6526
    endloop
  endfacet
  facet normal 0 0.997856 -0.0654432
    outer loop
      vertex 50 -44.9572 28.6526
      vertex 55 -45 28
      vertex 50 -45 28
    endloop
  endfacet
  facet normal 0 -0.997856 -0.0654432
    outer loop
      vertex 50 -20 28
      vertex 55 -20.0428 28.6526
      vertex 50 -20.0428 28.6526
    endloop
  endfacet
  facet normal 0 -0.997856 -0.0654432
    outer loop
      vertex 55 -20.0428 28.6526
      vertex 50 -20 28
      vertex 55 -20 28
    endloop
  endfacet
  facet normal 0 -0.0654432 -0.997856
    outer loop
      vertex 50 -25 33
      vertex 55 -24.3474 32.9572
      vertex 55 -25 33
    endloop
  endfacet
  facet normal -0 -0.0654432 -0.997856
    outer loop
      vertex 55 -24.3474 32.9572
      vertex 50 -25 33
      vertex 50 -24.3474 32.9572
    endloop
  endfacet
  facet normal 0 0 -1
    outer loop
      vertex 50 -40 33
      vertex 55 -25 33
      vertex 55 -40 33
    endloop
  endfacet
  facet normal -0 0 -1
    outer loop
      vertex 55 -25 33
      vertex 50 -40 33
      vertex 50 -25 33
    endloop
  endfacet
  facet normal 0 -0.946941 0.321407
    outer loop
      vertex 50 -20.3806 26.0866
      vertex 55 -20.1704 26.7059
      vertex 50 -20.1704 26.7059
    endloop
  endfacet
  facet normal 0 -0.946941 0.321407
    outer loop
      vertex 55 -20.1704 26.7059
      vertex 50 -20.3806 26.0866
      vertex 55 -20.3806 26.0866
    endloop
  endfacet
  facet normal 0 -0.659424 0.751771
    outer loop
      vertex 50 -21.4645 24.4645
      vertex 55 -21.9562 24.0332
      vertex 55 -21.4645 24.4645
    endloop
  endfacet
  facet normal 0 -0.659424 0.751771
    outer loop
      vertex 55 -21.9562 24.0332
      vertex 50 -21.4645 24.4645
      vertex 50 -21.9562 24.0332
    endloop
  endfacet
  facet normal 0 -0.0654432 0.997856
    outer loop
      vertex 50 -24.3474 23.0428
      vertex 55 -25 23
      vertex 55 -24.3474 23.0428
    endloop
  endfacet
  facet normal 0 -0.0654432 0.997856
    outer loop
      vertex 55 -25 23
      vertex 50 -24.3474 23.0428
      vertex 50 -25 23
    endloop
  endfacet
  facet normal -0 0 1
    outer loop
      vertex 50 -25 23
      vertex 55 -40 23
      vertex 55 -25 23
    endloop
  endfacet
  facet normal 0 0 1
    outer loop
      vertex 55 -40 23
      vertex 50 -25 23
      vertex 50 -40 23
    endloop
  endfacet
  facet normal 0 0.0654432 -0.997856
    outer loop
      vertex 50 -40.6526 32.9572
      vertex 55 -40 33
      vertex 55 -40.6526 32.9572
    endloop
  endfacet
  facet normal 0 0.0654432 -0.997856
    outer loop
      vertex 55 -40 33
      vertex 50 -40.6526 32.9572
      vertex 50 -40 33
    endloop
  endfacet
  facet normal 0 -0.442314 0.89686
    outer loop
      vertex 50 -22.5 23.6699
      vertex 55 -23.0866 23.3806
      vertex 55 -22.5 23.6699
    endloop
  endfacet
  facet normal 0 -0.442314 0.89686
    outer loop
      vertex 55 -23.0866 23.3806
      vertex 50 -22.5 23.6699
      vertex 50 -23.0866 23.3806
    endloop
  endfacet
  facet normal 0 -0.751771 0.659424
    outer loop
      vertex 50 -21.4645 24.4645
      vertex 55 -21.0332 24.9562
      vertex 50 -21.0332 24.9562
    endloop
  endfacet
  facet normal 0 -0.751771 0.659424
    outer loop
      vertex 55 -21.0332 24.9562
      vertex 50 -21.4645 24.4645
      vertex 55 -21.4645 24.4645
    endloop
  endfacet
  facet normal 0 -0.831509 0.555512
    outer loop
      vertex 50 -21.0332 24.9562
      vertex 55 -20.6699 25.5
      vertex 50 -20.6699 25.5
    endloop
  endfacet
  facet normal 0 -0.831509 0.555512
    outer loop
      vertex 55 -20.6699 25.5
      vertex 50 -21.0332 24.9562
      vertex 55 -21.0332 24.9562
    endloop
  endfacet
  facet normal 0 -0.321407 0.946941
    outer loop
      vertex 50 -23.0866 23.3806
      vertex 55 -23.7059 23.1704
      vertex 55 -23.0866 23.3806
    endloop
  endfacet
  facet normal 0 -0.321407 0.946941
    outer loop
      vertex 55 -23.7059 23.1704
      vertex 50 -23.0866 23.3806
      vertex 50 -23.7059 23.1704
    endloop
  endfacet
  facet normal -0 0.0654432 0.997856
    outer loop
      vertex 50 -40 23
      vertex 55 -40.6526 23.0428
      vertex 55 -40 23
    endloop
  endfacet
  facet normal 0 0.0654432 0.997856
    outer loop
      vertex 55 -40.6526 23.0428
      vertex 50 -40 23
      vertex 50 -40.6526 23.0428
    endloop
  endfacet
  facet normal -0 0.195087 0.980786
    outer loop
      vertex 50 -40.6526 23.0428
      vertex 55 -41.2941 23.1704
      vertex 55 -40.6526 23.0428
    endloop
  endfacet
  facet normal 0 0.195087 0.980786
    outer loop
      vertex 55 -41.2941 23.1704
      vertex 50 -40.6526 23.0428
      vertex 50 -41.2941 23.1704
    endloop
  endfacet
  facet normal -0 0.442314 0.89686
    outer loop
      vertex 50 -41.9134 23.3806
      vertex 55 -42.5 23.6699
      vertex 55 -41.9134 23.3806
    endloop
  endfacet
  facet normal 0 0.442314 0.89686
    outer loop
      vertex 55 -42.5 23.6699
      vertex 50 -41.9134 23.3806
      vertex 50 -42.5 23.6699
    endloop
  endfacet
  facet normal -0 0.659424 0.751771
    outer loop
      vertex 50 -43.0438 24.0332
      vertex 55 -43.5355 24.4645
      vertex 55 -43.0438 24.0332
    endloop
  endfacet
  facet normal 0 0.659424 0.751771
    outer loop
      vertex 55 -43.5355 24.4645
      vertex 50 -43.0438 24.0332
      vertex 50 -43.5355 24.4645
    endloop
  endfacet
  facet normal 0 0.89686 0.442314
    outer loop
      vertex 55 -44.3301 25.5
      vertex 50 -44.6194 26.0866
      vertex 55 -44.6194 26.0866
    endloop
  endfacet
  facet normal 0 0.89686 0.442314
    outer loop
      vertex 50 -44.6194 26.0866
      vertex 55 -44.3301 25.5
      vertex 50 -44.3301 25.5
    endloop
  endfacet
  facet normal 0 0.831509 0.555512
    outer loop
      vertex 55 -43.9668 24.9562
      vertex 50 -44.3301 25.5
      vertex 55 -44.3301 25.5
    endloop
  endfacet
  facet normal 0 0.831509 0.555512
    outer loop
      vertex 50 -44.3301 25.5
      vertex 55 -43.9668 24.9562
      vertex 50 -43.9668 24.9562
    endloop
  endfacet
  facet normal 0 0.946941 0.321407
    outer loop
      vertex 55 -44.6194 26.0866
      vertex 50 -44.8296 26.7059
      vertex 55 -44.8296 26.7059
    endloop
  endfacet
  facet normal 0 0.946941 0.321407
    outer loop
      vertex 50 -44.8296 26.7059
      vertex 55 -44.6194 26.0866
      vertex 50 -44.6194 26.0866
    endloop
  endfacet
  facet normal 0 -0.89686 -0.442314
    outer loop
      vertex 50 -20.3806 29.9134
      vertex 55 -20.6699 30.5
      vertex 50 -20.6699 30.5
    endloop
  endfacet
  facet normal 0 -0.89686 -0.442314
    outer loop
      vertex 55 -20.6699 30.5
      vertex 50 -20.3806 29.9134
      vertex 55 -20.3806 29.9134
    endloop
  endfacet
  facet normal 0 -0.831509 -0.555512
    outer loop
      vertex 50 -20.6699 30.5
      vertex 55 -21.0332 31.0438
      vertex 50 -21.0332 31.0438
    endloop
  endfacet
  facet normal 0 -0.831509 -0.555512
    outer loop
      vertex 55 -21.0332 31.0438
      vertex 50 -20.6699 30.5
      vertex 55 -20.6699 30.5
    endloop
  endfacet
  facet normal 0 -0.946941 -0.321407
    outer loop
      vertex 50 -20.1704 29.2941
      vertex 55 -20.3806 29.9134
      vertex 50 -20.3806 29.9134
    endloop
  endfacet
  facet normal 0 -0.946941 -0.321407
    outer loop
      vertex 55 -20.3806 29.9134
      vertex 50 -20.1704 29.2941
      vertex 55 -20.1704 29.2941
    endloop
  endfacet
  facet normal 0 -0.980786 0.195087
    outer loop
      vertex 50 -20.1704 26.7059
      vertex 55 -20.0428 27.3474
      vertex 50 -20.0428 27.3474
    endloop
  endfacet
  facet normal 0 -0.980786 0.195087
    outer loop
      vertex 55 -20.0428 27.3474
      vertex 50 -20.1704 26.7059
      vertex 55 -20.1704 26.7059
    endloop
  endfacet
  facet normal 0 -0.997856 0.0654432
    outer loop
      vertex 50 -20.0428 27.3474
      vertex 55 -20 28
      vertex 50 -20 28
    endloop
  endfacet
  facet normal 0 -0.997856 0.0654432
    outer loop
      vertex 55 -20 28
      vertex 50 -20.0428 27.3474
      vertex 55 -20.0428 27.3474
    endloop
  endfacet
  facet normal 0 -0.555512 0.831509
    outer loop
      vertex 50 -21.9562 24.0332
      vertex 55 -22.5 23.6699
      vertex 55 -21.9562 24.0332
    endloop
  endfacet
  facet normal 0 -0.555512 0.831509
    outer loop
      vertex 55 -22.5 23.6699
      vertex 50 -21.9562 24.0332
      vertex 50 -22.5 23.6699
    endloop
  endfacet
  facet normal 0 -0.195087 0.980786
    outer loop
      vertex 50 -23.7059 23.1704
      vertex 55 -24.3474 23.0428
      vertex 55 -23.7059 23.1704
    endloop
  endfacet
  facet normal 0 -0.195087 0.980786
    outer loop
      vertex 55 -24.3474 23.0428
      vertex 50 -23.7059 23.1704
      vertex 50 -24.3474 23.0428
    endloop
  endfacet
  facet normal -0 0.555512 0.831509
    outer loop
      vertex 50 -42.5 23.6699
      vertex 55 -43.0438 24.0332
      vertex 55 -42.5 23.6699
    endloop
  endfacet
  facet normal 0 0.555512 0.831509
    outer loop
      vertex 55 -43.0438 24.0332
      vertex 50 -42.5 23.6699
      vertex 50 -43.0438 24.0332
    endloop
  endfacet
  facet normal 0 -0.442314 -0.89686
    outer loop
      vertex 50 -23.0866 32.6194
      vertex 55 -22.5 32.3301
      vertex 55 -23.0866 32.6194
    endloop
  endfacet
  facet normal -0 -0.442314 -0.89686
    outer loop
      vertex 55 -22.5 32.3301
      vertex 50 -23.0866 32.6194
      vertex 50 -22.5 32.3301
    endloop
  endfacet
  facet normal 0 -0.659424 -0.751771
    outer loop
      vertex 50 -21.9562 31.9668
      vertex 55 -21.4645 31.5355
      vertex 55 -21.9562 31.9668
    endloop
  endfacet
  facet normal -0 -0.659424 -0.751771
    outer loop
      vertex 55 -21.4645 31.5355
      vertex 50 -21.9562 31.9668
      vertex 50 -21.4645 31.5355
    endloop
  endfacet
  facet normal 0 -0.980786 -0.195087
    outer loop
      vertex 50 -20.0428 28.6526
      vertex 55 -20.1704 29.2941
      vertex 50 -20.1704 29.2941
    endloop
  endfacet
  facet normal 0 -0.980786 -0.195087
    outer loop
      vertex 55 -20.1704 29.2941
      vertex 50 -20.0428 28.6526
      vertex 55 -20.0428 28.6526
    endloop
  endfacet
  facet normal 0 -0.321407 -0.946941
    outer loop
      vertex 50 -23.7059 32.8296
      vertex 55 -23.0866 32.6194
      vertex 55 -23.7059 32.8296
    endloop
  endfacet
  facet normal -0 -0.321407 -0.946941
    outer loop
      vertex 55 -23.0866 32.6194
      vertex 50 -23.7059 32.8296
      vertex 50 -23.0866 32.6194
    endloop
  endfacet
  facet normal 0 -0.195087 -0.980786
    outer loop
      vertex 50 -24.3474 32.9572
      vertex 55 -23.7059 32.8296
      vertex 55 -24.3474 32.9572
    endloop
  endfacet
  facet normal -0 -0.195087 -0.980786
    outer loop
      vertex 55 -23.7059 32.8296
      vertex 50 -24.3474 32.9572
      vertex 50 -23.7059 32.8296
    endloop
  endfacet
  facet normal 0 0.831509 -0.555512
    outer loop
      vertex 55 -44.3301 30.5
      vertex 50 -43.9668 31.0438
      vertex 55 -43.9668 31.0438
    endloop
  endfacet
  facet normal 0 0.831509 -0.555512
    outer loop
      vertex 50 -43.9668 31.0438
      vertex 55 -44.3301 30.5
      vertex 50 -44.3301 30.5
    endloop
  endfacet
  facet normal 0 0.195087 -0.980786
    outer loop
      vertex 50 -41.2941 32.8296
      vertex 55 -40.6526 32.9572
      vertex 55 -41.2941 32.8296
    endloop
  endfacet
  facet normal 0 0.195087 -0.980786
    outer loop
      vertex 55 -40.6526 32.9572
      vertex 50 -41.2941 32.8296
      vertex 50 -40.6526 32.9572
    endloop
  endfacet
  facet normal 0 -0.89686 0.442314
    outer loop
      vertex 50 -20.6699 25.5
      vertex 55 -20.3806 26.0866
      vertex 50 -20.3806 26.0866
    endloop
  endfacet
  facet normal 0 -0.89686 0.442314
    outer loop
      vertex 55 -20.3806 26.0866
      vertex 50 -20.6699 25.5
      vertex 55 -20.6699 25.5
    endloop
  endfacet
  facet normal -0 0.321407 0.946941
    outer loop
      vertex 50 -41.2941 23.1704
      vertex 55 -41.9134 23.3806
      vertex 55 -41.2941 23.1704
    endloop
  endfacet
  facet normal 0 0.321407 0.946941
    outer loop
      vertex 55 -41.9134 23.3806
      vertex 50 -41.2941 23.1704
      vertex 50 -41.9134 23.3806
    endloop
  endfacet
  facet normal 0 0.751771 0.659424
    outer loop
      vertex 55 -43.5355 24.4645
      vertex 50 -43.9668 24.9562
      vertex 55 -43.9668 24.9562
    endloop
  endfacet
  facet normal 0 0.751771 0.659424
    outer loop
      vertex 50 -43.9668 24.9562
      vertex 55 -43.5355 24.4645
      vertex 50 -43.5355 24.4645
    endloop
  endfacet
  facet normal 0 -0.751771 -0.659424
    outer loop
      vertex 50 -21.0332 31.0438
      vertex 55 -21.4645 31.5355
      vertex 50 -21.4645 31.5355
    endloop
  endfacet
  facet normal 0 -0.751771 -0.659424
    outer loop
      vertex 55 -21.4645 31.5355
      vertex 50 -21.0332 31.0438
      vertex 55 -21.0332 31.0438
    endloop
  endfacet
  facet normal 0 -0.555512 -0.831509
    outer loop
      vertex 50 -22.5 32.3301
      vertex 55 -21.9562 31.9668
      vertex 55 -22.5 32.3301
    endloop
  endfacet
  facet normal -0 -0.555512 -0.831509
    outer loop
      vertex 55 -21.9562 31.9668
      vertex 50 -22.5 32.3301
      vertex 50 -21.9562 31.9668
    endloop
  endfacet
  facet normal 0 0.89686 -0.442314
    outer loop
      vertex 55 -44.6194 29.9134
      vertex 50 -44.3301 30.5
      vertex 55 -44.3301 30.5
    endloop
  endfacet
  facet normal 0 0.89686 -0.442314
    outer loop
      vertex 50 -44.3301 30.5
      vertex 55 -44.6194 29.9134
      vertex 50 -44.6194 29.9134
    endloop
  endfacet
  facet normal 0 0.321407 -0.946941
    outer loop
      vertex 50 -41.9134 32.6194
      vertex 55 -41.2941 32.8296
      vertex 55 -41.9134 32.6194
    endloop
  endfacet
  facet normal 0 0.321407 -0.946941
    outer loop
      vertex 55 -41.2941 32.8296
      vertex 50 -41.9134 32.6194
      vertex 50 -41.2941 32.8296
    endloop
  endfacet
  facet normal 0 0.442314 -0.89686
    outer loop
      vertex 50 -42.5 32.3301
      vertex 55 -41.9134 32.6194
      vertex 55 -42.5 32.3301
    endloop
  endfacet
  facet normal 0 0.442314 -0.89686
    outer loop
      vertex 55 -41.9134 32.6194
      vertex 50 -42.5 32.3301
      vertex 50 -41.9134 32.6194
    endloop
  endfacet
  facet normal 0 0.980786 -0.195087
    outer loop
      vertex 55 -44.9572 28.6526
      vertex 50 -44.8296 29.2941
      vertex 55 -44.8296 29.2941
    endloop
  endfacet
  facet normal 0 0.980786 -0.195087
    outer loop
      vertex 50 -44.8296 29.2941
      vertex 55 -44.9572 28.6526
      vertex 50 -44.9572 28.6526
    endloop
  endfacet
  facet normal 0 0.946941 -0.321407
    outer loop
      vertex 55 -44.8296 29.2941
      vertex 50 -44.6194 29.9134
      vertex 55 -44.6194 29.9134
    endloop
  endfacet
  facet normal 0 0.946941 -0.321407
    outer loop
      vertex 50 -44.6194 29.9134
      vertex 55 -44.8296 29.2941
      vertex 50 -44.8296 29.2941
    endloop
  endfacet
  facet normal 0 0.555512 -0.831509
    outer loop
      vertex 50 -43.0438 31.9668
      vertex 55 -42.5 32.3301
      vertex 55 -43.0438 31.9668
    endloop
  endfacet
  facet normal 0 0.555512 -0.831509
    outer loop
      vertex 55 -42.5 32.3301
      vertex 50 -43.0438 31.9668
      vertex 50 -42.5 32.3301
    endloop
  endfacet
  facet normal 0 0.659424 -0.751771
    outer loop
      vertex 50 -43.5355 31.5355
      vertex 55 -43.0438 31.9668
      vertex 55 -43.5355 31.5355
    endloop
  endfacet
  facet normal 0 0.659424 -0.751771
    outer loop
      vertex 55 -43.0438 31.9668
      vertex 50 -43.5355 31.5355
      vertex 50 -43.0438 31.9668
    endloop
  endfacet
  facet normal 0 0.751771 -0.659424
    outer loop
      vertex 55 -43.9668 31.0438
      vertex 50 -43.5355 31.5355
      vertex 55 -43.5355 31.5355
    endloop
  endfacet
  facet normal 0 0.751771 -0.659424
    outer loop
      vertex 50 -43.5355 31.5355
      vertex 55 -43.9668 31.0438
      vertex 50 -43.9668 31.0438
    endloop
  endfacet
  facet normal 0 -0.997858 0.0654128
    outer loop
      vertex 50 4.95722 27.3474
      vertex 55 5 28
      vertex 50 5 28
    endloop
  endfacet
  facet normal 0 -0.997858 0.0654128
    outer loop
      vertex 55 5 28
      vertex 50 4.95722 27.3474
      vertex 55 4.95722 27.3474
    endloop
  endfacet
  facet normal 0 0.997858 0.0654128
    outer loop
      vertex 55 -4.95722 27.3474
      vertex 50 -5 28
      vertex 55 -5 28
    endloop
  endfacet
  facet normal 0 0.997858 0.0654128
    outer loop
      vertex 50 -5 28
      vertex 55 -4.95722 27.3474
      vertex 50 -4.95722 27.3474
    endloop
  endfacet
  facet normal 0 -0.0654401 0.997856
    outer loop
      vertex 50 0.652631 23.0428
      vertex 55 0 23
      vertex 55 0.652631 23.0428
    endloop
  endfacet
  facet normal 0 -0.0654401 0.997856
    outer loop
      vertex 55 0 23
      vertex 50 0.652631 23.0428
      vertex 50 0 23
    endloop
  endfacet
  facet normal 0 -0.751817 0.659372
    outer loop
      vertex 50 3.53553 24.4645
      vertex 55 3.96677 24.9562
      vertex 50 3.96677 24.9562
    endloop
  endfacet
  facet normal 0 -0.751817 0.659372
    outer loop
      vertex 55 3.96677 24.9562
      vertex 50 3.53553 24.4645
      vertex 55 3.53553 24.4645
    endloop
  endfacet
  facet normal -0 0.659409 0.751784
    outer loop
      vertex 50 -3.04381 24.0332
      vertex 55 -3.53553 24.4645
      vertex 55 -3.04381 24.0332
    endloop
  endfacet
  facet normal 0 0.659409 0.751784
    outer loop
      vertex 55 -3.53553 24.4645
      vertex 50 -3.04381 24.0332
      vertex 50 -3.53553 24.4645
    endloop
  endfacet
  facet normal -0 0.321397 0.946944
    outer loop
      vertex 50 -1.2941 23.1704
      vertex 55 -1.91342 23.3806
      vertex 55 -1.2941 23.1704
    endloop
  endfacet
  facet normal 0 0.321397 0.946944
    outer loop
      vertex 55 -1.91342 23.3806
      vertex 50 -1.2941 23.1704
      vertex 50 -1.91342 23.3806
    endloop
  endfacet
  facet normal 0 0.831466 -0.555575
    outer loop
      vertex 55 -4.33013 30.5
      vertex 50 -3.96677 31.0438
      vertex 55 -3.96677 31.0438
    endloop
  endfacet
  facet normal 0 0.831466 -0.555575
    outer loop
      vertex 50 -3.96677 31.0438
      vertex 55 -4.33013 30.5
      vertex 50 -4.33013 30.5
    endloop
  endfacet
  facet normal 0 -0.946927 0.321448
    outer loop
      vertex 50 4.6194 26.0866
      vertex 55 4.82963 26.7059
      vertex 50 4.82963 26.7059
    endloop
  endfacet
  facet normal 0 -0.946927 0.321448
    outer loop
      vertex 55 4.82963 26.7059
      vertex 50 4.6194 26.0866
      vertex 55 4.6194 26.0866
    endloop
  endfacet
  facet normal 0 -0.980789 0.195072
    outer loop
      vertex 50 4.82963 26.7059
      vertex 55 4.95722 27.3474
      vertex 50 4.95722 27.3474
    endloop
  endfacet
  facet normal 0 -0.980789 0.195072
    outer loop
      vertex 55 4.95722 27.3474
      vertex 50 4.82963 26.7059
      vertex 55 4.82963 26.7059
    endloop
  endfacet
  facet normal 0 -0.831466 0.555575
    outer loop
      vertex 50 3.96677 24.9562
      vertex 55 4.33013 25.5
      vertex 50 4.33013 25.5
    endloop
  endfacet
  facet normal 0 -0.831466 0.555575
    outer loop
      vertex 55 4.33013 25.5
      vertex 50 3.96677 24.9562
      vertex 55 3.96677 24.9562
    endloop
  endfacet
  facet normal 0 -0.442327 0.896854
    outer loop
      vertex 50 2.5 23.6699
      vertex 55 1.91342 23.3806
      vertex 55 2.5 23.6699
    endloop
  endfacet
  facet normal 0 -0.442327 0.896854
    outer loop
      vertex 55 1.91342 23.3806
      vertex 50 2.5 23.6699
      vertex 50 1.91342 23.3806
    endloop
  endfacet
  facet normal 0 -0.321397 0.946944
    outer loop
      vertex 50 1.91342 23.3806
      vertex 55 1.2941 23.1704
      vertex 55 1.91342 23.3806
    endloop
  endfacet
  facet normal 0 -0.321397 0.946944
    outer loop
      vertex 55 1.2941 23.1704
      vertex 50 1.91342 23.3806
      vertex 50 1.2941 23.1704
    endloop
  endfacet
  facet normal 0 -0.659409 0.751784
    outer loop
      vertex 50 3.53553 24.4645
      vertex 55 3.04381 24.0332
      vertex 55 3.53553 24.4645
    endloop
  endfacet
  facet normal 0 -0.659409 0.751784
    outer loop
      vertex 55 3.04381 24.0332
      vertex 50 3.53553 24.4645
      vertex 50 3.04381 24.0332
    endloop
  endfacet
  facet normal 0 0.896878 0.442277
    outer loop
      vertex 55 -4.33013 25.5
      vertex 50 -4.6194 26.0866
      vertex 55 -4.6194 26.0866
    endloop
  endfacet
  facet normal 0 0.896878 0.442277
    outer loop
      vertex 50 -4.6194 26.0866
      vertex 55 -4.33013 25.5
      vertex 50 -4.33013 25.5
    endloop
  endfacet
  facet normal 0 0.831466 0.555575
    outer loop
      vertex 55 -3.96677 24.9562
      vertex 50 -4.33013 25.5
      vertex 55 -4.33013 25.5
    endloop
  endfacet
  facet normal 0 0.831466 0.555575
    outer loop
      vertex 50 -4.33013 25.5
      vertex 55 -3.96677 24.9562
      vertex 50 -3.96677 24.9562
    endloop
  endfacet
  facet normal 0 0.946927 0.321448
    outer loop
      vertex 55 -4.6194 26.0866
      vertex 50 -4.82963 26.7059
      vertex 55 -4.82963 26.7059
    endloop
  endfacet
  facet normal 0 0.946927 0.321448
    outer loop
      vertex 50 -4.82963 26.7059
      vertex 55 -4.6194 26.0866
      vertex 50 -4.6194 26.0866
    endloop
  endfacet
  facet normal -0 0.442327 0.896854
    outer loop
      vertex 50 -1.91342 23.3806
      vertex 55 -2.5 23.6699
      vertex 55 -1.91342 23.3806
    endloop
  endfacet
  facet normal 0 0.442327 0.896854
    outer loop
      vertex 55 -2.5 23.6699
      vertex 50 -1.91342 23.3806
      vertex 50 -2.5 23.6699
    endloop
  endfacet
  facet normal -0 0.0654401 0.997856
    outer loop
      vertex 50 0 23
      vertex 55 -0.652631 23.0428
      vertex 55 0 23
    endloop
  endfacet
  facet normal 0 0.0654401 0.997856
    outer loop
      vertex 55 -0.652631 23.0428
      vertex 50 0 23
      vertex 50 -0.652631 23.0428
    endloop
  endfacet
  facet normal 0 -0.659409 -0.751784
    outer loop
      vertex 50 3.04381 31.9668
      vertex 55 3.53553 31.5355
      vertex 55 3.04381 31.9668
    endloop
  endfacet
  facet normal -0 -0.659409 -0.751784
    outer loop
      vertex 55 3.53553 31.5355
      vertex 50 3.04381 31.9668
      vertex 50 3.53553 31.5355
    endloop
  endfacet
  facet normal 0 -0.442327 -0.896854
    outer loop
      vertex 50 1.91342 32.6194
      vertex 55 2.5 32.3301
      vertex 55 1.91342 32.6194
    endloop
  endfacet
  facet normal -0 -0.442327 -0.896854
    outer loop
      vertex 55 2.5 32.3301
      vertex 50 1.91342 32.6194
      vertex 50 2.5 32.3301
    endloop
  endfacet
  facet normal 0 0.321397 -0.946944
    outer loop
      vertex 50 -1.91342 32.6194
      vertex 55 -1.2941 32.8296
      vertex 55 -1.91342 32.6194
    endloop
  endfacet
  facet normal 0 0.321397 -0.946944
    outer loop
      vertex 55 -1.2941 32.8296
      vertex 50 -1.91342 32.6194
      vertex 50 -1.2941 32.8296
    endloop
  endfacet
  facet normal 0 0.980789 -0.195072
    outer loop
      vertex 55 -4.95722 28.6526
      vertex 50 -4.82963 29.2941
      vertex 55 -4.82963 29.2941
    endloop
  endfacet
  facet normal 0 0.980789 -0.195072
    outer loop
      vertex 50 -4.82963 29.2941
      vertex 55 -4.95722 28.6526
      vertex 50 -4.95722 28.6526
    endloop
  endfacet
  facet normal 0 0.896878 -0.442277
    outer loop
      vertex 55 -4.6194 29.9134
      vertex 50 -4.33013 30.5
      vertex 55 -4.33013 30.5
    endloop
  endfacet
  facet normal 0 0.896878 -0.442277
    outer loop
      vertex 50 -4.33013 30.5
      vertex 55 -4.6194 29.9134
      vertex 50 -4.6194 29.9134
    endloop
  endfacet
  facet normal 0 -0.896878 0.442277
    outer loop
      vertex 50 4.33013 25.5
      vertex 55 4.6194 26.0866
      vertex 50 4.6194 26.0866
    endloop
  endfacet
  facet normal 0 -0.896878 0.442277
    outer loop
      vertex 55 4.6194 26.0866
      vertex 50 4.33013 25.5
      vertex 55 4.33013 25.5
    endloop
  endfacet
  facet normal 0 -0.555504 0.831514
    outer loop
      vertex 50 3.04381 24.0332
      vertex 55 2.5 23.6699
      vertex 55 3.04381 24.0332
    endloop
  endfacet
  facet normal 0 -0.555504 0.831514
    outer loop
      vertex 55 2.5 23.6699
      vertex 50 3.04381 24.0332
      vertex 50 2.5 23.6699
    endloop
  endfacet
  facet normal 0 0.751817 0.659372
    outer loop
      vertex 55 -3.53553 24.4645
      vertex 50 -3.96677 24.9562
      vertex 55 -3.96677 24.9562
    endloop
  endfacet
  facet normal 0 0.751817 0.659372
    outer loop
      vertex 50 -3.96677 24.9562
      vertex 55 -3.53553 24.4645
      vertex 50 -3.53553 24.4645
    endloop
  endfacet
  facet normal 0 0.980789 0.195072
    outer loop
      vertex 55 -4.82963 26.7059
      vertex 50 -4.95722 27.3474
      vertex 55 -4.95722 27.3474
    endloop
  endfacet
  facet normal 0 0.980789 0.195072
    outer loop
      vertex 50 -4.95722 27.3474
      vertex 55 -4.82963 26.7059
      vertex 50 -4.82963 26.7059
    endloop
  endfacet
  facet normal -0 0.555504 0.831514
    outer loop
      vertex 50 -2.5 23.6699
      vertex 55 -3.04381 24.0332
      vertex 55 -2.5 23.6699
    endloop
  endfacet
  facet normal 0 0.555504 0.831514
    outer loop
      vertex 55 -3.04381 24.0332
      vertex 50 -2.5 23.6699
      vertex 50 -3.04381 24.0332
    endloop
  endfacet
  facet normal -0 0.195096 0.980784
    outer loop
      vertex 50 -0.652631 23.0428
      vertex 55 -1.2941 23.1704
      vertex 55 -0.652631 23.0428
    endloop
  endfacet
  facet normal 0 0.195096 0.980784
    outer loop
      vertex 55 -1.2941 23.1704
      vertex 50 -0.652631 23.0428
      vertex 50 -1.2941 23.1704
    endloop
  endfacet
  facet normal 0 -0.321397 -0.946944
    outer loop
      vertex 50 1.2941 32.8296
      vertex 55 1.91342 32.6194
      vertex 55 1.2941 32.8296
    endloop
  endfacet
  facet normal -0 -0.321397 -0.946944
    outer loop
      vertex 55 1.91342 32.6194
      vertex 50 1.2941 32.8296
      vertex 50 1.91342 32.6194
    endloop
  endfacet
  facet normal 0 -0.0654401 -0.997856
    outer loop
      vertex 50 0 33
      vertex 55 0.652631 32.9572
      vertex 55 0 33
    endloop
  endfacet
  facet normal -0 -0.0654401 -0.997856
    outer loop
      vertex 55 0.652631 32.9572
      vertex 50 0 33
      vertex 50 0.652631 32.9572
    endloop
  endfacet
  facet normal 0 -0.195096 -0.980784
    outer loop
      vertex 50 0.652631 32.9572
      vertex 55 1.2941 32.8296
      vertex 55 0.652631 32.9572
    endloop
  endfacet
  facet normal -0 -0.195096 -0.980784
    outer loop
      vertex 55 1.2941 32.8296
      vertex 50 0.652631 32.9572
      vertex 50 1.2941 32.8296
    endloop
  endfacet
  facet normal 0 -0.555504 -0.831514
    outer loop
      vertex 50 2.5 32.3301
      vertex 55 3.04381 31.9668
      vertex 55 2.5 32.3301
    endloop
  endfacet
  facet normal -0 -0.555504 -0.831514
    outer loop
      vertex 55 3.04381 31.9668
      vertex 50 2.5 32.3301
      vertex 50 3.04381 31.9668
    endloop
  endfacet
  facet normal 0 -0.997858 -0.0654128
    outer loop
      vertex 50 5 28
      vertex 55 4.95722 28.6526
      vertex 50 4.95722 28.6526
    endloop
  endfacet
  facet normal 0 -0.997858 -0.0654128
    outer loop
      vertex 55 4.95722 28.6526
      vertex 50 5 28
      vertex 55 5 28
    endloop
  endfacet
  facet normal 0 -0.831466 -0.555575
    outer loop
      vertex 50 4.33013 30.5
      vertex 55 3.96677 31.0438
      vertex 50 3.96677 31.0438
    endloop
  endfacet
  facet normal 0 -0.831466 -0.555575
    outer loop
      vertex 55 3.96677 31.0438
      vertex 50 4.33013 30.5
      vertex 55 4.33013 30.5
    endloop
  endfacet
  facet normal 0 -0.751817 -0.659372
    outer loop
      vertex 50 3.96677 31.0438
      vertex 55 3.53553 31.5355
      vertex 50 3.53553 31.5355
    endloop
  endfacet
  facet normal 0 -0.751817 -0.659372
    outer loop
      vertex 55 3.53553 31.5355
      vertex 50 3.96677 31.0438
      vertex 55 3.96677 31.0438
    endloop
  endfacet
  facet normal 0 0.195096 -0.980784
    outer loop
      vertex 50 -1.2941 32.8296
      vertex 55 -0.652631 32.9572
      vertex 55 -1.2941 32.8296
    endloop
  endfacet
  facet normal 0 0.195096 -0.980784
    outer loop
      vertex 55 -0.652631 32.9572
      vertex 50 -1.2941 32.8296
      vertex 50 -0.652631 32.9572
    endloop
  endfacet
  facet normal 0 0.555504 -0.831514
    outer loop
      vertex 50 -3.04381 31.9668
      vertex 55 -2.5 32.3301
      vertex 55 -3.04381 31.9668
    endloop
  endfacet
  facet normal 0 0.555504 -0.831514
    outer loop
      vertex 55 -2.5 32.3301
      vertex 50 -3.04381 31.9668
      vertex 50 -2.5 32.3301
    endloop
  endfacet
  facet normal 0 0.659409 -0.751784
    outer loop
      vertex 50 -3.53553 31.5355
      vertex 55 -3.04381 31.9668
      vertex 55 -3.53553 31.5355
    endloop
  endfacet
  facet normal 0 0.659409 -0.751784
    outer loop
      vertex 55 -3.04381 31.9668
      vertex 50 -3.53553 31.5355
      vertex 50 -3.04381 31.9668
    endloop
  endfacet
  facet normal 0 0.442327 -0.896854
    outer loop
      vertex 50 -2.5 32.3301
      vertex 55 -1.91342 32.6194
      vertex 55 -2.5 32.3301
    endloop
  endfacet
  facet normal 0 0.442327 -0.896854
    outer loop
      vertex 55 -1.91342 32.6194
      vertex 50 -2.5 32.3301
      vertex 50 -1.91342 32.6194
    endloop
  endfacet
  facet normal 0 0.0654401 -0.997856
    outer loop
      vertex 50 -0.652631 32.9572
      vertex 55 0 33
      vertex 55 -0.652631 32.9572
    endloop
  endfacet
  facet normal 0 0.0654401 -0.997856
    outer loop
      vertex 55 0 33
      vertex 50 -0.652631 32.9572
      vertex 50 0 33
    endloop
  endfacet
  facet normal 0 0.751817 -0.659372
    outer loop
      vertex 55 -3.96677 31.0438
      vertex 50 -3.53553 31.5355
      vertex 55 -3.53553 31.5355
    endloop
  endfacet
  facet normal 0 0.751817 -0.659372
    outer loop
      vertex 50 -3.53553 31.5355
      vertex 55 -3.96677 31.0438
      vertex 50 -3.96677 31.0438
    endloop
  endfacet
  facet normal 0 0.946927 -0.321448
    outer loop
      vertex 55 -4.82963 29.2941
      vertex 50 -4.6194 29.9134
      vertex 55 -4.6194 29.9134
    endloop
  endfacet
  facet normal 0 0.946927 -0.321448
    outer loop
      vertex 50 -4.6194 29.9134
      vertex 55 -4.82963 29.2941
      vertex 50 -4.82963 29.2941
    endloop
  endfacet
  facet normal 0 0.997858 -0.0654128
    outer loop
      vertex 55 -5 28
      vertex 50 -4.95722 28.6526
      vertex 55 -4.95722 28.6526
    endloop
  endfacet
  facet normal 0 0.997858 -0.0654128
    outer loop
      vertex 50 -4.95722 28.6526
      vertex 55 -5 28
      vertex 50 -5 28
    endloop
  endfacet
  facet normal 0 -0.195096 0.980784
    outer loop
      vertex 50 1.2941 23.1704
      vertex 55 0.652631 23.0428
      vertex 55 1.2941 23.1704
    endloop
  endfacet
  facet normal 0 -0.195096 0.980784
    outer loop
      vertex 55 0.652631 23.0428
      vertex 50 1.2941 23.1704
      vertex 50 0.652631 23.0428
    endloop
  endfacet
  facet normal 0 -0.896878 -0.442277
    outer loop
      vertex 50 4.6194 29.9134
      vertex 55 4.33013 30.5
      vertex 50 4.33013 30.5
    endloop
  endfacet
  facet normal 0 -0.896878 -0.442277
    outer loop
      vertex 55 4.33013 30.5
      vertex 50 4.6194 29.9134
      vertex 55 4.6194 29.9134
    endloop
  endfacet
  facet normal 0 -0.946927 -0.321448
    outer loop
      vertex 50 4.82963 29.2941
      vertex 55 4.6194 29.9134
      vertex 50 4.6194 29.9134
    endloop
  endfacet
  facet normal 0 -0.946927 -0.321448
    outer loop
      vertex 55 4.6194 29.9134
      vertex 50 4.82963 29.2941
      vertex 55 4.82963 29.2941
    endloop
  endfacet
  facet normal 0 -0.980789 -0.195072
    outer loop
      vertex 50 4.95722 28.6526
      vertex 55 4.82963 29.2941
      vertex 50 4.82963 29.2941
    endloop
  endfacet
  facet normal 0 -0.980789 -0.195072
    outer loop
      vertex 55 4.82963 29.2941
      vertex 50 4.95722 28.6526
      vertex 55 4.95722 28.6526
    endloop
  endfacet
  facet normal 0 -0.997859 -0.0654026
    outer loop
      vertex -23.2 1.75 17
      vertex -16.2 1.73503 17.2284
      vertex -23.2 1.73503 17.2284
    endloop
  endfacet
  facet normal 0 -0.997859 -0.0654026
    outer loop
      vertex -16.2 1.73503 17.2284
      vertex -23.2 1.75 17
      vertex -16.2 1.75 17
    endloop
  endfacet
  facet normal 0 0.997859 -0.0654026
    outer loop
      vertex -16.2 -1.75 17
      vertex -23.2 -1.73503 17.2284
      vertex -16.2 -1.73503 17.2284
    endloop
  endfacet
  facet normal 0 0.997859 -0.0654026
    outer loop
      vertex -23.2 -1.73503 17.2284
      vertex -16.2 -1.75 17
      vertex -23.2 -1.75 17
    endloop
  endfacet
  facet normal 0 0.0655274 -0.997851
    outer loop
      vertex -23.2 -0.22842 18.735
      vertex -16.2 0 18.75
      vertex -16.2 -0.22842 18.735
    endloop
  endfacet
  facet normal 0 0.0655274 -0.997851
    outer loop
      vertex -16.2 0 18.75
      vertex -23.2 -0.22842 18.735
      vertex -23.2 0 18.75
    endloop
  endfacet
  facet normal 0 0.751835 0.659352
    outer loop
      vertex -16.2 -1.23744 15.7626
      vertex -23.2 -1.38837 15.9347
      vertex -16.2 -1.38837 15.9347
    endloop
  endfacet
  facet normal 0 0.751835 0.659352
    outer loop
      vertex -23.2 -1.38837 15.9347
      vertex -16.2 -1.23744 15.7626
      vertex -23.2 -1.23744 15.7626
    endloop
  endfacet
  facet normal 0 -0.659503 -0.751702
    outer loop
      vertex -23.2 1.06533 18.3884
      vertex -16.2 1.23744 18.2374
      vertex -16.2 1.06533 18.3884
    endloop
  endfacet
  facet normal -0 -0.659503 -0.751702
    outer loop
      vertex -16.2 1.23744 18.2374
      vertex -23.2 1.06533 18.3884
      vertex -23.2 1.23744 18.2374
    endloop
  endfacet
  facet normal 0 0.751835 -0.659352
    outer loop
      vertex -16.2 -1.38837 18.0653
      vertex -23.2 -1.23744 18.2374
      vertex -16.2 -1.23744 18.2374
    endloop
  endfacet
  facet normal 0 0.751835 -0.659352
    outer loop
      vertex -23.2 -1.23744 18.2374
      vertex -16.2 -1.38837 18.0653
      vertex -23.2 -1.38837 18.0653
    endloop
  endfacet
  facet normal 0 0.442483 -0.896777
    outer loop
      vertex -23.2 -0.875 18.5155
      vertex -16.2 -0.669696 18.6168
      vertex -16.2 -0.875 18.5155
    endloop
  endfacet
  facet normal 0 0.442483 -0.896777
    outer loop
      vertex -16.2 -0.669696 18.6168
      vertex -23.2 -0.875 18.5155
      vertex -23.2 -0.669696 18.6168
    endloop
  endfacet
  facet normal 0 0.946948 0.321386
    outer loop
      vertex -16.2 -1.61679 16.3303
      vertex -23.2 -1.69037 16.5471
      vertex -16.2 -1.69037 16.5471
    endloop
  endfacet
  facet normal 0 0.946948 0.321386
    outer loop
      vertex -23.2 -1.69037 16.5471
      vertex -16.2 -1.61679 16.3303
      vertex -23.2 -1.61679 16.3303
    endloop
  endfacet
  facet normal 0 -0.89686 -0.442314
    outer loop
      vertex -23.2 1.61679 17.6697
      vertex -16.2 1.51554 17.875
      vertex -23.2 1.51554 17.875
    endloop
  endfacet
  facet normal 0 -0.89686 -0.442314
    outer loop
      vertex -16.2 1.51554 17.875
      vertex -23.2 1.61679 17.6697
      vertex -16.2 1.61679 17.6697
    endloop
  endfacet
  facet normal 0 -0.831438 -0.555617
    outer loop
      vertex -23.2 1.51554 17.875
      vertex -16.2 1.38837 18.0653
      vertex -23.2 1.38837 18.0653
    endloop
  endfacet
  facet normal 0 -0.831438 -0.555617
    outer loop
      vertex -16.2 1.38837 18.0653
      vertex -23.2 1.51554 17.875
      vertex -16.2 1.51554 17.875
    endloop
  endfacet
  facet normal 0 -0.321513 -0.946905
    outer loop
      vertex -23.2 0.452933 18.6904
      vertex -16.2 0.669696 18.6168
      vertex -16.2 0.452933 18.6904
    endloop
  endfacet
  facet normal -0 -0.321513 -0.946905
    outer loop
      vertex -16.2 0.669696 18.6168
      vertex -23.2 0.452933 18.6904
      vertex -23.2 0.669696 18.6168
    endloop
  endfacet
  facet normal 0 -0.194845 -0.980834
    outer loop
      vertex -23.2 0.22842 18.735
      vertex -16.2 0.452933 18.6904
      vertex -16.2 0.22842 18.735
    endloop
  endfacet
  facet normal -0 -0.194845 -0.980834
    outer loop
      vertex -16.2 0.452933 18.6904
      vertex -23.2 0.22842 18.735
      vertex -23.2 0.452933 18.6904
    endloop
  endfacet
  facet normal 0 -0.442483 -0.896777
    outer loop
      vertex -23.2 0.669696 18.6168
      vertex -16.2 0.875 18.5155
      vertex -16.2 0.669696 18.6168
    endloop
  endfacet
  facet normal -0 -0.442483 -0.896777
    outer loop
      vertex -16.2 0.875 18.5155
      vertex -23.2 0.669696 18.6168
      vertex -23.2 0.875 18.5155
    endloop
  endfacet
  facet normal 0 0.89686 -0.442314
    outer loop
      vertex -16.2 -1.61679 17.6697
      vertex -23.2 -1.51554 17.875
      vertex -16.2 -1.51554 17.875
    endloop
  endfacet
  facet normal 0 0.89686 -0.442314
    outer loop
      vertex -23.2 -1.51554 17.875
      vertex -16.2 -1.61679 17.6697
      vertex -23.2 -1.61679 17.6697
    endloop
  endfacet
  facet normal 0 0.831438 -0.555617
    outer loop
      vertex -16.2 -1.51554 17.875
      vertex -23.2 -1.38837 18.0653
      vertex -16.2 -1.38837 18.0653
    endloop
  endfacet
  facet normal 0 0.831438 -0.555617
    outer loop
      vertex -23.2 -1.38837 18.0653
      vertex -16.2 -1.51554 17.875
      vertex -23.2 -1.51554 17.875
    endloop
  endfacet
  facet normal 0 0.555345 -0.83162
    outer loop
      vertex -23.2 -1.06533 18.3884
      vertex -16.2 -0.875 18.5155
      vertex -16.2 -1.06533 18.3884
    endloop
  endfacet
  facet normal 0 0.555345 -0.83162
    outer loop
      vertex -16.2 -0.875 18.5155
      vertex -23.2 -1.06533 18.3884
      vertex -23.2 -0.875 18.5155
    endloop
  endfacet
  facet normal 0 0.321513 -0.946905
    outer loop
      vertex -23.2 -0.669696 18.6168
      vertex -16.2 -0.452933 18.6904
      vertex -16.2 -0.669696 18.6168
    endloop
  endfacet
  facet normal 0 0.321513 -0.946905
    outer loop
      vertex -16.2 -0.452933 18.6904
      vertex -23.2 -0.669696 18.6168
      vertex -23.2 -0.452933 18.6904
    endloop
  endfacet
  facet normal 0 -0.946948 0.321386
    outer loop
      vertex -23.2 1.61679 16.3303
      vertex -16.2 1.69037 16.5471
      vertex -23.2 1.69037 16.5471
    endloop
  endfacet
  facet normal 0 -0.946948 0.321386
    outer loop
      vertex -16.2 1.69037 16.5471
      vertex -23.2 1.61679 16.3303
      vertex -16.2 1.61679 16.3303
    endloop
  endfacet
  facet normal 0 -0.0655274 0.997851
    outer loop
      vertex -23.2 0.22842 15.265
      vertex -16.2 0 15.25
      vertex -16.2 0.22842 15.265
    endloop
  endfacet
  facet normal 0 -0.0655274 0.997851
    outer loop
      vertex -16.2 0 15.25
      vertex -23.2 0.22842 15.265
      vertex -23.2 0 15.25
    endloop
  endfacet
  facet normal 0 0.89686 0.442314
    outer loop
      vertex -16.2 -1.51554 16.125
      vertex -23.2 -1.61679 16.3303
      vertex -16.2 -1.61679 16.3303
    endloop
  endfacet
  facet normal 0 0.89686 0.442314
    outer loop
      vertex -23.2 -1.61679 16.3303
      vertex -16.2 -1.51554 16.125
      vertex -23.2 -1.51554 16.125
    endloop
  endfacet
  facet normal 0 0.997859 0.0654026
    outer loop
      vertex -16.2 -1.73503 16.7716
      vertex -23.2 -1.75 17
      vertex -16.2 -1.75 17
    endloop
  endfacet
  facet normal 0 0.997859 0.0654026
    outer loop
      vertex -23.2 -1.75 17
      vertex -16.2 -1.73503 16.7716
      vertex -23.2 -1.73503 16.7716
    endloop
  endfacet
  facet normal 0 -0.946948 -0.321386
    outer loop
      vertex -23.2 1.69037 17.4529
      vertex -16.2 1.61679 17.6697
      vertex -23.2 1.61679 17.6697
    endloop
  endfacet
  facet normal 0 -0.946948 -0.321386
    outer loop
      vertex -16.2 1.61679 17.6697
      vertex -23.2 1.69037 17.4529
      vertex -16.2 1.69037 17.4529
    endloop
  endfacet
  facet normal 0 -0.980782 -0.195108
    outer loop
      vertex -23.2 1.73503 17.2284
      vertex -16.2 1.69037 17.4529
      vertex -23.2 1.69037 17.4529
    endloop
  endfacet
  facet normal 0 -0.980782 -0.195108
    outer loop
      vertex -16.2 1.69037 17.4529
      vertex -23.2 1.73503 17.2284
      vertex -16.2 1.73503 17.2284
    endloop
  endfacet
  facet normal 0 -0.751835 -0.659352
    outer loop
      vertex -23.2 1.38837 18.0653
      vertex -16.2 1.23744 18.2374
      vertex -23.2 1.23744 18.2374
    endloop
  endfacet
  facet normal 0 -0.751835 -0.659352
    outer loop
      vertex -16.2 1.23744 18.2374
      vertex -23.2 1.38837 18.0653
      vertex -16.2 1.38837 18.0653
    endloop
  endfacet
  facet normal 0 -0.0655274 -0.997851
    outer loop
      vertex -23.2 0 18.75
      vertex -16.2 0.22842 18.735
      vertex -16.2 0 18.75
    endloop
  endfacet
  facet normal -0 -0.0655274 -0.997851
    outer loop
      vertex -16.2 0.22842 18.735
      vertex -23.2 0 18.75
      vertex -23.2 0.22842 18.735
    endloop
  endfacet
  facet normal 0 -0.555345 -0.83162
    outer loop
      vertex -23.2 0.875 18.5155
      vertex -16.2 1.06533 18.3884
      vertex -16.2 0.875 18.5155
    endloop
  endfacet
  facet normal -0 -0.555345 -0.83162
    outer loop
      vertex -16.2 1.06533 18.3884
      vertex -23.2 0.875 18.5155
      vertex -23.2 1.06533 18.3884
    endloop
  endfacet
  facet normal 0 0.946948 -0.321386
    outer loop
      vertex -16.2 -1.69037 17.4529
      vertex -23.2 -1.61679 17.6697
      vertex -16.2 -1.61679 17.6697
    endloop
  endfacet
  facet normal 0 0.946948 -0.321386
    outer loop
      vertex -23.2 -1.61679 17.6697
      vertex -16.2 -1.69037 17.4529
      vertex -23.2 -1.69037 17.4529
    endloop
  endfacet
  facet normal 0 0.980782 -0.195108
    outer loop
      vertex -16.2 -1.73503 17.2284
      vertex -23.2 -1.69037 17.4529
      vertex -16.2 -1.69037 17.4529
    endloop
  endfacet
  facet normal 0 0.980782 -0.195108
    outer loop
      vertex -23.2 -1.69037 17.4529
      vertex -16.2 -1.73503 17.2284
      vertex -23.2 -1.73503 17.2284
    endloop
  endfacet
  facet normal 0 0.659503 -0.751702
    outer loop
      vertex -23.2 -1.23744 18.2374
      vertex -16.2 -1.06533 18.3884
      vertex -16.2 -1.23744 18.2374
    endloop
  endfacet
  facet normal 0 0.659503 -0.751702
    outer loop
      vertex -16.2 -1.06533 18.3884
      vertex -23.2 -1.23744 18.2374
      vertex -23.2 -1.06533 18.3884
    endloop
  endfacet
  facet normal 0 0.194845 -0.980834
    outer loop
      vertex -23.2 -0.452933 18.6904
      vertex -16.2 -0.22842 18.735
      vertex -16.2 -0.452933 18.6904
    endloop
  endfacet
  facet normal 0 0.194845 -0.980834
    outer loop
      vertex -16.2 -0.22842 18.735
      vertex -23.2 -0.452933 18.6904
      vertex -23.2 -0.22842 18.735
    endloop
  endfacet
  facet normal 0 -0.194845 0.980834
    outer loop
      vertex -23.2 0.452933 15.3096
      vertex -16.2 0.22842 15.265
      vertex -16.2 0.452933 15.3096
    endloop
  endfacet
  facet normal 0 -0.194845 0.980834
    outer loop
      vertex -16.2 0.22842 15.265
      vertex -23.2 0.452933 15.3096
      vertex -23.2 0.22842 15.265
    endloop
  endfacet
  facet normal 0 -0.659503 0.751702
    outer loop
      vertex -23.2 1.23744 15.7626
      vertex -16.2 1.06533 15.6116
      vertex -16.2 1.23744 15.7626
    endloop
  endfacet
  facet normal 0 -0.659503 0.751702
    outer loop
      vertex -16.2 1.06533 15.6116
      vertex -23.2 1.23744 15.7626
      vertex -23.2 1.06533 15.6116
    endloop
  endfacet
  facet normal 0 -0.442483 0.896777
    outer loop
      vertex -23.2 0.875 15.4845
      vertex -16.2 0.669696 15.3832
      vertex -16.2 0.875 15.4845
    endloop
  endfacet
  facet normal 0 -0.442483 0.896777
    outer loop
      vertex -16.2 0.669696 15.3832
      vertex -23.2 0.875 15.4845
      vertex -23.2 0.669696 15.3832
    endloop
  endfacet
  facet normal 0 -0.831438 0.555617
    outer loop
      vertex -23.2 1.38837 15.9347
      vertex -16.2 1.51554 16.125
      vertex -23.2 1.51554 16.125
    endloop
  endfacet
  facet normal 0 -0.831438 0.555617
    outer loop
      vertex -16.2 1.51554 16.125
      vertex -23.2 1.38837 15.9347
      vertex -16.2 1.38837 15.9347
    endloop
  endfacet
  facet normal -0 0.659503 0.751702
    outer loop
      vertex -23.2 -1.06533 15.6116
      vertex -16.2 -1.23744 15.7626
      vertex -16.2 -1.06533 15.6116
    endloop
  endfacet
  facet normal 0 0.659503 0.751702
    outer loop
      vertex -16.2 -1.23744 15.7626
      vertex -23.2 -1.06533 15.6116
      vertex -23.2 -1.23744 15.7626
    endloop
  endfacet
  facet normal -0 0.442483 0.896777
    outer loop
      vertex -23.2 -0.669696 15.3832
      vertex -16.2 -0.875 15.4845
      vertex -16.2 -0.669696 15.3832
    endloop
  endfacet
  facet normal 0 0.442483 0.896777
    outer loop
      vertex -16.2 -0.875 15.4845
      vertex -23.2 -0.669696 15.3832
      vertex -23.2 -0.875 15.4845
    endloop
  endfacet
  facet normal -0 0.321513 0.946905
    outer loop
      vertex -23.2 -0.452933 15.3096
      vertex -16.2 -0.669696 15.3832
      vertex -16.2 -0.452933 15.3096
    endloop
  endfacet
  facet normal 0 0.321513 0.946905
    outer loop
      vertex -16.2 -0.669696 15.3832
      vertex -23.2 -0.452933 15.3096
      vertex -23.2 -0.669696 15.3832
    endloop
  endfacet
  facet normal -0 0.0655274 0.997851
    outer loop
      vertex -23.2 0 15.25
      vertex -16.2 -0.22842 15.265
      vertex -16.2 0 15.25
    endloop
  endfacet
  facet normal 0 0.0655274 0.997851
    outer loop
      vertex -16.2 -0.22842 15.265
      vertex -23.2 0 15.25
      vertex -23.2 -0.22842 15.265
    endloop
  endfacet
  facet normal 0 0.831438 0.555617
    outer loop
      vertex -16.2 -1.38837 15.9347
      vertex -23.2 -1.51554 16.125
      vertex -16.2 -1.51554 16.125
    endloop
  endfacet
  facet normal 0 0.831438 0.555617
    outer loop
      vertex -23.2 -1.51554 16.125
      vertex -16.2 -1.38837 15.9347
      vertex -23.2 -1.38837 15.9347
    endloop
  endfacet
  facet normal 0 0.980782 0.195108
    outer loop
      vertex -16.2 -1.69037 16.5471
      vertex -23.2 -1.73503 16.7716
      vertex -16.2 -1.73503 16.7716
    endloop
  endfacet
  facet normal 0 0.980782 0.195108
    outer loop
      vertex -23.2 -1.73503 16.7716
      vertex -16.2 -1.69037 16.5471
      vertex -23.2 -1.69037 16.5471
    endloop
  endfacet
  facet normal 0 -0.321513 0.946905
    outer loop
      vertex -23.2 0.669696 15.3832
      vertex -16.2 0.452933 15.3096
      vertex -16.2 0.669696 15.3832
    endloop
  endfacet
  facet normal 0 -0.321513 0.946905
    outer loop
      vertex -16.2 0.452933 15.3096
      vertex -23.2 0.669696 15.3832
      vertex -23.2 0.452933 15.3096
    endloop
  endfacet
  facet normal 0 -0.751835 0.659352
    outer loop
      vertex -23.2 1.23744 15.7626
      vertex -16.2 1.38837 15.9347
      vertex -23.2 1.38837 15.9347
    endloop
  endfacet
  facet normal 0 -0.751835 0.659352
    outer loop
      vertex -16.2 1.38837 15.9347
      vertex -23.2 1.23744 15.7626
      vertex -16.2 1.23744 15.7626
    endloop
  endfacet
  facet normal 0 -0.555345 0.83162
    outer loop
      vertex -23.2 1.06533 15.6116
      vertex -16.2 0.875 15.4845
      vertex -16.2 1.06533 15.6116
    endloop
  endfacet
  facet normal 0 -0.555345 0.83162
    outer loop
      vertex -16.2 0.875 15.4845
      vertex -23.2 1.06533 15.6116
      vertex -23.2 0.875 15.4845
    endloop
  endfacet
  facet normal 0 -0.980782 0.195108
    outer loop
      vertex -23.2 1.69037 16.5471
      vertex -16.2 1.73503 16.7716
      vertex -23.2 1.73503 16.7716
    endloop
  endfacet
  facet normal 0 -0.980782 0.195108
    outer loop
      vertex -16.2 1.73503 16.7716
      vertex -23.2 1.69037 16.5471
      vertex -16.2 1.69037 16.5471
    endloop
  endfacet
  facet normal 0 -0.89686 0.442314
    outer loop
      vertex -23.2 1.51554 16.125
      vertex -16.2 1.61679 16.3303
      vertex -23.2 1.61679 16.3303
    endloop
  endfacet
  facet normal 0 -0.89686 0.442314
    outer loop
      vertex -16.2 1.61679 16.3303
      vertex -23.2 1.51554 16.125
      vertex -16.2 1.51554 16.125
    endloop
  endfacet
  facet normal -0 0.555345 0.83162
    outer loop
      vertex -23.2 -0.875 15.4845
      vertex -16.2 -1.06533 15.6116
      vertex -16.2 -0.875 15.4845
    endloop
  endfacet
  facet normal 0 0.555345 0.83162
    outer loop
      vertex -16.2 -1.06533 15.6116
      vertex -23.2 -0.875 15.4845
      vertex -23.2 -1.06533 15.6116
    endloop
  endfacet
  facet normal -0 0.194845 0.980834
    outer loop
      vertex -23.2 -0.22842 15.265
      vertex -16.2 -0.452933 15.3096
      vertex -16.2 -0.22842 15.265
    endloop
  endfacet
  facet normal 0 0.194845 0.980834
    outer loop
      vertex -16.2 -0.452933 15.3096
      vertex -23.2 -0.22842 15.265
      vertex -23.2 -0.452933 15.3096
    endloop
  endfacet
  facet normal 0 -0.997859 0.0654026
    outer loop
      vertex -23.2 1.73503 16.7716
      vertex -16.2 1.75 17
      vertex -23.2 1.75 17
    endloop
  endfacet
  facet normal 0 -0.997859 0.0654026
    outer loop
      vertex -16.2 1.75 17
      vertex -23.2 1.73503 16.7716
      vertex -16.2 1.73503 16.7716
    endloop
  endfacet
  facet normal 0 -0.997859 -0.0654026
    outer loop
      vertex -23.2 1.75 39
      vertex -16.2 1.73503 39.2284
      vertex -23.2 1.73503 39.2284
    endloop
  endfacet
  facet normal 0 -0.997859 -0.0654026
    outer loop
      vertex -16.2 1.73503 39.2284
      vertex -23.2 1.75 39
      vertex -16.2 1.75 39
    endloop
  endfacet
  facet normal 0 0.0655274 -0.997851
    outer loop
      vertex -23.2 -0.22842 40.735
      vertex -16.2 0 40.75
      vertex -16.2 -0.22842 40.735
    endloop
  endfacet
  facet normal 0 0.0655274 -0.997851
    outer loop
      vertex -16.2 0 40.75
      vertex -23.2 -0.22842 40.735
      vertex -23.2 0 40.75
    endloop
  endfacet
  facet normal 0 -0.659503 -0.751702
    outer loop
      vertex -23.2 1.06533 40.3884
      vertex -16.2 1.23744 40.2374
      vertex -16.2 1.06533 40.3884
    endloop
  endfacet
  facet normal -0 -0.659503 -0.751702
    outer loop
      vertex -16.2 1.23744 40.2374
      vertex -23.2 1.06533 40.3884
      vertex -23.2 1.23744 40.2374
    endloop
  endfacet
  facet normal 0 0.751835 -0.659352
    outer loop
      vertex -16.2 -1.38837 40.0653
      vertex -23.2 -1.23744 40.2374
      vertex -16.2 -1.23744 40.2374
    endloop
  endfacet
  facet normal 0 0.751835 -0.659352
    outer loop
      vertex -23.2 -1.23744 40.2374
      vertex -16.2 -1.38837 40.0653
      vertex -23.2 -1.38837 40.0653
    endloop
  endfacet
  facet normal 0 0.442483 -0.896777
    outer loop
      vertex -23.2 -0.875 40.5155
      vertex -16.2 -0.669696 40.6168
      vertex -16.2 -0.875 40.5155
    endloop
  endfacet
  facet normal 0 0.442483 -0.896777
    outer loop
      vertex -16.2 -0.669696 40.6168
      vertex -23.2 -0.875 40.5155
      vertex -23.2 -0.669696 40.6168
    endloop
  endfacet
  facet normal 0 -0.89686 -0.442314
    outer loop
      vertex -23.2 1.61679 39.6697
      vertex -16.2 1.51554 39.875
      vertex -23.2 1.51554 39.875
    endloop
  endfacet
  facet normal 0 -0.89686 -0.442314
    outer loop
      vertex -16.2 1.51554 39.875
      vertex -23.2 1.61679 39.6697
      vertex -16.2 1.61679 39.6697
    endloop
  endfacet
  facet normal 0 -0.831438 -0.555617
    outer loop
      vertex -23.2 1.51554 39.875
      vertex -16.2 1.38837 40.0653
      vertex -23.2 1.38837 40.0653
    endloop
  endfacet
  facet normal 0 -0.831438 -0.555617
    outer loop
      vertex -16.2 1.38837 40.0653
      vertex -23.2 1.51554 39.875
      vertex -16.2 1.51554 39.875
    endloop
  endfacet
  facet normal 0 -0.321513 -0.946905
    outer loop
      vertex -23.2 0.452933 40.6904
      vertex -16.2 0.669696 40.6168
      vertex -16.2 0.452933 40.6904
    endloop
  endfacet
  facet normal -0 -0.321513 -0.946905
    outer loop
      vertex -16.2 0.669696 40.6168
      vertex -23.2 0.452933 40.6904
      vertex -23.2 0.669696 40.6168
    endloop
  endfacet
  facet normal 0 -0.442483 -0.896777
    outer loop
      vertex -23.2 0.669696 40.6168
      vertex -16.2 0.875 40.5155
      vertex -16.2 0.669696 40.6168
    endloop
  endfacet
  facet normal -0 -0.442483 -0.896777
    outer loop
      vertex -16.2 0.875 40.5155
      vertex -23.2 0.669696 40.6168
      vertex -23.2 0.875 40.5155
    endloop
  endfacet
  facet normal 0 0.946948 -0.321386
    outer loop
      vertex -16.2 -1.69037 39.4529
      vertex -23.2 -1.61679 39.6697
      vertex -16.2 -1.61679 39.6697
    endloop
  endfacet
  facet normal 0 0.946948 -0.321386
    outer loop
      vertex -23.2 -1.61679 39.6697
      vertex -16.2 -1.69037 39.4529
      vertex -23.2 -1.69037 39.4529
    endloop
  endfacet
  facet normal 0 0.555345 -0.83162
    outer loop
      vertex -23.2 -1.06533 40.3884
      vertex -16.2 -0.875 40.5155
      vertex -16.2 -1.06533 40.3884
    endloop
  endfacet
  facet normal 0 0.555345 -0.83162
    outer loop
      vertex -16.2 -0.875 40.5155
      vertex -23.2 -1.06533 40.3884
      vertex -23.2 -0.875 40.5155
    endloop
  endfacet
  facet normal 0 0.321513 -0.946905
    outer loop
      vertex -23.2 -0.669696 40.6168
      vertex -16.2 -0.452933 40.6904
      vertex -16.2 -0.669696 40.6168
    endloop
  endfacet
  facet normal 0 0.321513 -0.946905
    outer loop
      vertex -16.2 -0.452933 40.6904
      vertex -23.2 -0.669696 40.6168
      vertex -23.2 -0.452933 40.6904
    endloop
  endfacet
  facet normal 0 -0.946948 0.321386
    outer loop
      vertex -23.2 1.61679 38.3303
      vertex -16.2 1.69037 38.5471
      vertex -23.2 1.69037 38.5471
    endloop
  endfacet
  facet normal 0 -0.946948 0.321386
    outer loop
      vertex -16.2 1.69037 38.5471
      vertex -23.2 1.61679 38.3303
      vertex -16.2 1.61679 38.3303
    endloop
  endfacet
  facet normal 0 -0.555345 0.83162
    outer loop
      vertex -23.2 1.06533 37.6116
      vertex -16.2 0.875 37.4845
      vertex -16.2 1.06533 37.6116
    endloop
  endfacet
  facet normal 0 -0.555345 0.83162
    outer loop
      vertex -16.2 0.875 37.4845
      vertex -23.2 1.06533 37.6116
      vertex -23.2 0.875 37.4845
    endloop
  endfacet
  facet normal -0 0.194845 0.980834
    outer loop
      vertex -23.2 -0.22842 37.265
      vertex -16.2 -0.452933 37.3096
      vertex -16.2 -0.22842 37.265
    endloop
  endfacet
  facet normal 0 0.194845 0.980834
    outer loop
      vertex -16.2 -0.452933 37.3096
      vertex -23.2 -0.22842 37.265
      vertex -23.2 -0.452933 37.3096
    endloop
  endfacet
  facet normal 0 0.831438 0.555617
    outer loop
      vertex -16.2 -1.38837 37.9347
      vertex -23.2 -1.51554 38.125
      vertex -16.2 -1.51554 38.125
    endloop
  endfacet
  facet normal 0 0.831438 0.555617
    outer loop
      vertex -23.2 -1.51554 38.125
      vertex -16.2 -1.38837 37.9347
      vertex -23.2 -1.38837 37.9347
    endloop
  endfacet
  facet normal 0 -0.946948 -0.321386
    outer loop
      vertex -23.2 1.69037 39.4529
      vertex -16.2 1.61679 39.6697
      vertex -23.2 1.61679 39.6697
    endloop
  endfacet
  facet normal 0 -0.946948 -0.321386
    outer loop
      vertex -16.2 1.61679 39.6697
      vertex -23.2 1.69037 39.4529
      vertex -16.2 1.69037 39.4529
    endloop
  endfacet
  facet normal 0 -0.980782 -0.195108
    outer loop
      vertex -23.2 1.73503 39.2284
      vertex -16.2 1.69037 39.4529
      vertex -23.2 1.69037 39.4529
    endloop
  endfacet
  facet normal 0 -0.980782 -0.195108
    outer loop
      vertex -16.2 1.69037 39.4529
      vertex -23.2 1.73503 39.2284
      vertex -16.2 1.73503 39.2284
    endloop
  endfacet
  facet normal 0 -0.751835 -0.659352
    outer loop
      vertex -23.2 1.38837 40.0653
      vertex -16.2 1.23744 40.2374
      vertex -23.2 1.23744 40.2374
    endloop
  endfacet
  facet normal 0 -0.751835 -0.659352
    outer loop
      vertex -16.2 1.23744 40.2374
      vertex -23.2 1.38837 40.0653
      vertex -16.2 1.38837 40.0653
    endloop
  endfacet
  facet normal 0 -0.194845 -0.980834
    outer loop
      vertex -23.2 0.22842 40.735
      vertex -16.2 0.452933 40.6904
      vertex -16.2 0.22842 40.735
    endloop
  endfacet
  facet normal -0 -0.194845 -0.980834
    outer loop
      vertex -16.2 0.452933 40.6904
      vertex -23.2 0.22842 40.735
      vertex -23.2 0.452933 40.6904
    endloop
  endfacet
  facet normal 0 -0.0655274 -0.997851
    outer loop
      vertex -23.2 0 40.75
      vertex -16.2 0.22842 40.735
      vertex -16.2 0 40.75
    endloop
  endfacet
  facet normal -0 -0.0655274 -0.997851
    outer loop
      vertex -16.2 0.22842 40.735
      vertex -23.2 0 40.75
      vertex -23.2 0.22842 40.735
    endloop
  endfacet
  facet normal 0 -0.555345 -0.83162
    outer loop
      vertex -23.2 0.875 40.5155
      vertex -16.2 1.06533 40.3884
      vertex -16.2 0.875 40.5155
    endloop
  endfacet
  facet normal -0 -0.555345 -0.83162
    outer loop
      vertex -16.2 1.06533 40.3884
      vertex -23.2 0.875 40.5155
      vertex -23.2 1.06533 40.3884
    endloop
  endfacet
  facet normal 0 0.89686 -0.442314
    outer loop
      vertex -16.2 -1.61679 39.6697
      vertex -23.2 -1.51554 39.875
      vertex -16.2 -1.51554 39.875
    endloop
  endfacet
  facet normal 0 0.89686 -0.442314
    outer loop
      vertex -23.2 -1.51554 39.875
      vertex -16.2 -1.61679 39.6697
      vertex -23.2 -1.61679 39.6697
    endloop
  endfacet
  facet normal 0 0.831438 -0.555617
    outer loop
      vertex -16.2 -1.51554 39.875
      vertex -23.2 -1.38837 40.0653
      vertex -16.2 -1.38837 40.0653
    endloop
  endfacet
  facet normal 0 0.831438 -0.555617
    outer loop
      vertex -23.2 -1.38837 40.0653
      vertex -16.2 -1.51554 39.875
      vertex -23.2 -1.51554 39.875
    endloop
  endfacet
  facet normal 0 0.980782 -0.195108
    outer loop
      vertex -16.2 -1.73503 39.2284
      vertex -23.2 -1.69037 39.4529
      vertex -16.2 -1.69037 39.4529
    endloop
  endfacet
  facet normal 0 0.980782 -0.195108
    outer loop
      vertex -23.2 -1.69037 39.4529
      vertex -16.2 -1.73503 39.2284
      vertex -23.2 -1.73503 39.2284
    endloop
  endfacet
  facet normal 0 0.997859 -0.0654026
    outer loop
      vertex -16.2 -1.75 39
      vertex -23.2 -1.73503 39.2284
      vertex -16.2 -1.73503 39.2284
    endloop
  endfacet
  facet normal 0 0.997859 -0.0654026
    outer loop
      vertex -23.2 -1.73503 39.2284
      vertex -16.2 -1.75 39
      vertex -23.2 -1.75 39
    endloop
  endfacet
  facet normal 0 0.997859 0.0654026
    outer loop
      vertex -16.2 -1.73503 38.7716
      vertex -23.2 -1.75 39
      vertex -16.2 -1.75 39
    endloop
  endfacet
  facet normal 0 0.997859 0.0654026
    outer loop
      vertex -23.2 -1.75 39
      vertex -16.2 -1.73503 38.7716
      vertex -23.2 -1.73503 38.7716
    endloop
  endfacet
  facet normal 0 0.659503 -0.751702
    outer loop
      vertex -23.2 -1.23744 40.2374
      vertex -16.2 -1.06533 40.3884
      vertex -16.2 -1.23744 40.2374
    endloop
  endfacet
  facet normal 0 0.659503 -0.751702
    outer loop
      vertex -16.2 -1.06533 40.3884
      vertex -23.2 -1.23744 40.2374
      vertex -23.2 -1.06533 40.3884
    endloop
  endfacet
  facet normal 0 0.194845 -0.980834
    outer loop
      vertex -23.2 -0.452933 40.6904
      vertex -16.2 -0.22842 40.735
      vertex -16.2 -0.452933 40.6904
    endloop
  endfacet
  facet normal 0 0.194845 -0.980834
    outer loop
      vertex -16.2 -0.22842 40.735
      vertex -23.2 -0.452933 40.6904
      vertex -23.2 -0.22842 40.735
    endloop
  endfacet
  facet normal 0 -0.194845 0.980834
    outer loop
      vertex -23.2 0.452933 37.3096
      vertex -16.2 0.22842 37.265
      vertex -16.2 0.452933 37.3096
    endloop
  endfacet
  facet normal 0 -0.194845 0.980834
    outer loop
      vertex -16.2 0.22842 37.265
      vertex -23.2 0.452933 37.3096
      vertex -23.2 0.22842 37.265
    endloop
  endfacet
  facet normal 0 -0.442483 0.896777
    outer loop
      vertex -23.2 0.875 37.4845
      vertex -16.2 0.669696 37.3832
      vertex -16.2 0.875 37.4845
    endloop
  endfacet
  facet normal 0 -0.442483 0.896777
    outer loop
      vertex -16.2 0.669696 37.3832
      vertex -23.2 0.875 37.4845
      vertex -23.2 0.669696 37.3832
    endloop
  endfacet
  facet normal 0 -0.659503 0.751702
    outer loop
      vertex -23.2 1.23744 37.7626
      vertex -16.2 1.06533 37.6116
      vertex -16.2 1.23744 37.7626
    endloop
  endfacet
  facet normal 0 -0.659503 0.751702
    outer loop
      vertex -16.2 1.06533 37.6116
      vertex -23.2 1.23744 37.7626
      vertex -23.2 1.06533 37.6116
    endloop
  endfacet
  facet normal 0 -0.831438 0.555617
    outer loop
      vertex -23.2 1.38837 37.9347
      vertex -16.2 1.51554 38.125
      vertex -23.2 1.51554 38.125
    endloop
  endfacet
  facet normal 0 -0.831438 0.555617
    outer loop
      vertex -16.2 1.51554 38.125
      vertex -23.2 1.38837 37.9347
      vertex -16.2 1.38837 37.9347
    endloop
  endfacet
  facet normal -0 0.555345 0.83162
    outer loop
      vertex -23.2 -0.875 37.4845
      vertex -16.2 -1.06533 37.6116
      vertex -16.2 -0.875 37.4845
    endloop
  endfacet
  facet normal 0 0.555345 0.83162
    outer loop
      vertex -16.2 -1.06533 37.6116
      vertex -23.2 -0.875 37.4845
      vertex -23.2 -1.06533 37.6116
    endloop
  endfacet
  facet normal -0 0.321513 0.946905
    outer loop
      vertex -23.2 -0.452933 37.3096
      vertex -16.2 -0.669696 37.3832
      vertex -16.2 -0.452933 37.3096
    endloop
  endfacet
  facet normal 0 0.321513 0.946905
    outer loop
      vertex -16.2 -0.669696 37.3832
      vertex -23.2 -0.452933 37.3096
      vertex -23.2 -0.669696 37.3832
    endloop
  endfacet
  facet normal -0 0.0655274 0.997851
    outer loop
      vertex -23.2 0 37.25
      vertex -16.2 -0.22842 37.265
      vertex -16.2 0 37.25
    endloop
  endfacet
  facet normal 0 0.0655274 0.997851
    outer loop
      vertex -16.2 -0.22842 37.265
      vertex -23.2 0 37.25
      vertex -23.2 -0.22842 37.265
    endloop
  endfacet
  facet normal 0 0.751835 0.659352
    outer loop
      vertex -16.2 -1.23744 37.7626
      vertex -23.2 -1.38837 37.9347
      vertex -16.2 -1.38837 37.9347
    endloop
  endfacet
  facet normal 0 0.751835 0.659352
    outer loop
      vertex -23.2 -1.38837 37.9347
      vertex -16.2 -1.23744 37.7626
      vertex -23.2 -1.23744 37.7626
    endloop
  endfacet
  facet normal 0 0.89686 0.442314
    outer loop
      vertex -16.2 -1.51554 38.125
      vertex -23.2 -1.61679 38.3303
      vertex -16.2 -1.61679 38.3303
    endloop
  endfacet
  facet normal 0 0.89686 0.442314
    outer loop
      vertex -23.2 -1.61679 38.3303
      vertex -16.2 -1.51554 38.125
      vertex -23.2 -1.51554 38.125
    endloop
  endfacet
  facet normal 0 0.980782 0.195108
    outer loop
      vertex -16.2 -1.69037 38.5471
      vertex -23.2 -1.73503 38.7716
      vertex -16.2 -1.73503 38.7716
    endloop
  endfacet
  facet normal 0 0.980782 0.195108
    outer loop
      vertex -23.2 -1.73503 38.7716
      vertex -16.2 -1.69037 38.5471
      vertex -23.2 -1.69037 38.5471
    endloop
  endfacet
  facet normal 0 -0.321513 0.946905
    outer loop
      vertex -23.2 0.669696 37.3832
      vertex -16.2 0.452933 37.3096
      vertex -16.2 0.669696 37.3832
    endloop
  endfacet
  facet normal 0 -0.321513 0.946905
    outer loop
      vertex -16.2 0.452933 37.3096
      vertex -23.2 0.669696 37.3832
      vertex -23.2 0.452933 37.3096
    endloop
  endfacet
  facet normal 0 -0.751835 0.659352
    outer loop
      vertex -23.2 1.23744 37.7626
      vertex -16.2 1.38837 37.9347
      vertex -23.2 1.38837 37.9347
    endloop
  endfacet
  facet normal 0 -0.751835 0.659352
    outer loop
      vertex -16.2 1.38837 37.9347
      vertex -23.2 1.23744 37.7626
      vertex -16.2 1.23744 37.7626
    endloop
  endfacet
  facet normal 0 -0.980782 0.195108
    outer loop
      vertex -23.2 1.69037 38.5471
      vertex -16.2 1.73503 38.7716
      vertex -23.2 1.73503 38.7716
    endloop
  endfacet
  facet normal 0 -0.980782 0.195108
    outer loop
      vertex -16.2 1.73503 38.7716
      vertex -23.2 1.69037 38.5471
      vertex -16.2 1.69037 38.5471
    endloop
  endfacet
  facet normal 0 -0.89686 0.442314
    outer loop
      vertex -23.2 1.51554 38.125
      vertex -16.2 1.61679 38.3303
      vertex -23.2 1.61679 38.3303
    endloop
  endfacet
  facet normal 0 -0.89686 0.442314
    outer loop
      vertex -16.2 1.61679 38.3303
      vertex -23.2 1.51554 38.125
      vertex -16.2 1.51554 38.125
    endloop
  endfacet
  facet normal -0 0.442483 0.896777
    outer loop
      vertex -23.2 -0.669696 37.3832
      vertex -16.2 -0.875 37.4845
      vertex -16.2 -0.669696 37.3832
    endloop
  endfacet
  facet normal 0 0.442483 0.896777
    outer loop
      vertex -16.2 -0.875 37.4845
      vertex -23.2 -0.669696 37.3832
      vertex -23.2 -0.875 37.4845
    endloop
  endfacet
  facet normal 0 -0.0655274 0.997851
    outer loop
      vertex -23.2 0.22842 37.265
      vertex -16.2 0 37.25
      vertex -16.2 0.22842 37.265
    endloop
  endfacet
  facet normal 0 -0.0655274 0.997851
    outer loop
      vertex -16.2 0 37.25
      vertex -23.2 0.22842 37.265
      vertex -23.2 0 37.25
    endloop
  endfacet
  facet normal -0 0.659503 0.751702
    outer loop
      vertex -23.2 -1.06533 37.6116
      vertex -16.2 -1.23744 37.7626
      vertex -16.2 -1.06533 37.6116
    endloop
  endfacet
  facet normal 0 0.659503 0.751702
    outer loop
      vertex -16.2 -1.23744 37.7626
      vertex -23.2 -1.06533 37.6116
      vertex -23.2 -1.23744 37.7626
    endloop
  endfacet
  facet normal 0 0.946948 0.321386
    outer loop
      vertex -16.2 -1.61679 38.3303
      vertex -23.2 -1.69037 38.5471
      vertex -16.2 -1.69037 38.5471
    endloop
  endfacet
  facet normal 0 0.946948 0.321386
    outer loop
      vertex -23.2 -1.69037 38.5471
      vertex -16.2 -1.61679 38.3303
      vertex -23.2 -1.61679 38.3303
    endloop
  endfacet
  facet normal 0 -0.997859 0.0654026
    outer loop
      vertex -23.2 1.73503 38.7716
      vertex -16.2 1.75 39
      vertex -23.2 1.75 39
    endloop
  endfacet
  facet normal 0 -0.997859 0.0654026
    outer loop
      vertex -16.2 1.75 39
      vertex -23.2 1.73503 38.7716
      vertex -16.2 1.73503 38.7716
    endloop
  endfacet
  facet normal 0 -0.99785 -0.0655331
    outer loop
      vertex -23.2 -56.25 21
      vertex -18.2 -56.265 21.2284
      vertex -23.2 -56.265 21.2284
    endloop
  endfacet
  facet normal 0 -0.99785 -0.0655331
    outer loop
      vertex -18.2 -56.265 21.2284
      vertex -23.2 -56.25 21
      vertex -18.2 -56.25 21
    endloop
  endfacet
  facet normal 0 0.99785 -0.0655331
    outer loop
      vertex -18.2 -59.75 21
      vertex -23.2 -59.735 21.2284
      vertex -18.2 -59.735 21.2284
    endloop
  endfacet
  facet normal 0 0.99785 -0.0655331
    outer loop
      vertex -23.2 -59.735 21.2284
      vertex -18.2 -59.75 21
      vertex -23.2 -59.75 21
    endloop
  endfacet
  facet normal 0 0.0655331 -0.99785
    outer loop
      vertex -23.2 -58.2284 22.735
      vertex -18.2 -58 22.75
      vertex -18.2 -58.2284 22.735
    endloop
  endfacet
  facet normal 0 0.0655331 -0.99785
    outer loop
      vertex -18.2 -58 22.75
      vertex -23.2 -58.2284 22.735
      vertex -23.2 -58 22.75
    endloop
  endfacet
  facet normal 0 -0.659524 -0.751683
    outer loop
      vertex -23.2 -56.9347 22.3884
      vertex -18.2 -56.7626 22.2374
      vertex -18.2 -56.9347 22.3884
    endloop
  endfacet
  facet normal -0 -0.659524 -0.751683
    outer loop
      vertex -18.2 -56.7626 22.2374
      vertex -23.2 -56.9347 22.3884
      vertex -23.2 -56.7626 22.2374
    endloop
  endfacet
  facet normal 0 0.751683 -0.659524
    outer loop
      vertex -18.2 -59.3884 22.0653
      vertex -23.2 -59.2374 22.2374
      vertex -18.2 -59.2374 22.2374
    endloop
  endfacet
  facet normal 0 0.751683 -0.659524
    outer loop
      vertex -23.2 -59.2374 22.2374
      vertex -18.2 -59.3884 22.0653
      vertex -23.2 -59.3884 22.0653
    endloop
  endfacet
  facet normal 0 0.44249 -0.896774
    outer loop
      vertex -23.2 -58.875 22.5155
      vertex -18.2 -58.6697 22.6168
      vertex -18.2 -58.875 22.5155
    endloop
  endfacet
  facet normal 0 0.44249 -0.896774
    outer loop
      vertex -18.2 -58.6697 22.6168
      vertex -23.2 -58.875 22.5155
      vertex -23.2 -58.6697 22.6168
    endloop
  endfacet
  facet normal 0 0.946922 0.321464
    outer loop
      vertex -18.2 -59.6168 20.3303
      vertex -23.2 -59.6904 20.5471
      vertex -18.2 -59.6904 20.5471
    endloop
  endfacet
  facet normal 0 0.946922 0.321464
    outer loop
      vertex -23.2 -59.6904 20.5471
      vertex -18.2 -59.6168 20.3303
      vertex -23.2 -59.6168 20.3303
    endloop
  endfacet
  facet normal 0 -0.896774 -0.44249
    outer loop
      vertex -23.2 -56.3832 21.6697
      vertex -18.2 -56.4845 21.875
      vertex -23.2 -56.4845 21.875
    endloop
  endfacet
  facet normal 0 -0.896774 -0.44249
    outer loop
      vertex -18.2 -56.4845 21.875
      vertex -23.2 -56.3832 21.6697
      vertex -18.2 -56.3832 21.6697
    endloop
  endfacet
  facet normal 0 -0.831579 -0.555406
    outer loop
      vertex -23.2 -56.4845 21.875
      vertex -18.2 -56.6116 22.0653
      vertex -23.2 -56.6116 22.0653
    endloop
  endfacet
  facet normal 0 -0.831579 -0.555406
    outer loop
      vertex -18.2 -56.6116 22.0653
      vertex -23.2 -56.4845 21.875
      vertex -18.2 -56.4845 21.875
    endloop
  endfacet
  facet normal 0 -0.321464 -0.946922
    outer loop
      vertex -23.2 -57.5471 22.6904
      vertex -18.2 -57.3303 22.6168
      vertex -18.2 -57.5471 22.6904
    endloop
  endfacet
  facet normal -0 -0.321464 -0.946922
    outer loop
      vertex -18.2 -57.3303 22.6168
      vertex -23.2 -57.5471 22.6904
      vertex -23.2 -57.3303 22.6168
    endloop
  endfacet
  facet normal 0 -0.194856 -0.980832
    outer loop
      vertex -23.2 -57.7716 22.735
      vertex -18.2 -57.5471 22.6904
      vertex -18.2 -57.7716 22.735
    endloop
  endfacet
  facet normal -0 -0.194856 -0.980832
    outer loop
      vertex -18.2 -57.5471 22.6904
      vertex -23.2 -57.7716 22.735
      vertex -23.2 -57.5471 22.6904
    endloop
  endfacet
  facet normal 0 -0.44249 -0.896774
    outer loop
      vertex -23.2 -57.3303 22.6168
      vertex -18.2 -57.125 22.5155
      vertex -18.2 -57.3303 22.6168
    endloop
  endfacet
  facet normal -0 -0.44249 -0.896774
    outer loop
      vertex -18.2 -57.125 22.5155
      vertex -23.2 -57.3303 22.6168
      vertex -23.2 -57.125 22.5155
    endloop
  endfacet
  facet normal 0 0.896774 -0.44249
    outer loop
      vertex -18.2 -59.6168 21.6697
      vertex -23.2 -59.5155 21.875
      vertex -18.2 -59.5155 21.875
    endloop
  endfacet
  facet normal 0 0.896774 -0.44249
    outer loop
      vertex -23.2 -59.5155 21.875
      vertex -18.2 -59.6168 21.6697
      vertex -23.2 -59.6168 21.6697
    endloop
  endfacet
  facet normal 0 0.831579 -0.555406
    outer loop
      vertex -18.2 -59.5155 21.875
      vertex -23.2 -59.3884 22.0653
      vertex -18.2 -59.3884 22.0653
    endloop
  endfacet
  facet normal 0 0.831579 -0.555406
    outer loop
      vertex -23.2 -59.3884 22.0653
      vertex -18.2 -59.5155 21.875
      vertex -23.2 -59.5155 21.875
    endloop
  endfacet
  facet normal 0 0.555406 -0.831579
    outer loop
      vertex -23.2 -59.0653 22.3884
      vertex -18.2 -58.875 22.5155
      vertex -18.2 -59.0653 22.3884
    endloop
  endfacet
  facet normal 0 0.555406 -0.831579
    outer loop
      vertex -18.2 -58.875 22.5155
      vertex -23.2 -59.0653 22.3884
      vertex -23.2 -58.875 22.5155
    endloop
  endfacet
  facet normal 0 0.321464 -0.946922
    outer loop
      vertex -23.2 -58.6697 22.6168
      vertex -18.2 -58.4529 22.6904
      vertex -18.2 -58.6697 22.6168
    endloop
  endfacet
  facet normal 0 0.321464 -0.946922
    outer loop
      vertex -18.2 -58.4529 22.6904
      vertex -23.2 -58.6697 22.6168
      vertex -23.2 -58.4529 22.6904
    endloop
  endfacet
  facet normal 0 -0.0655331 0.99785
    outer loop
      vertex -23.2 -57.7716 19.265
      vertex -18.2 -58 19.25
      vertex -18.2 -57.7716 19.265
    endloop
  endfacet
  facet normal 0 -0.0655331 0.99785
    outer loop
      vertex -18.2 -58 19.25
      vertex -23.2 -57.7716 19.265
      vertex -23.2 -58 19.25
    endloop
  endfacet
  facet normal 0 -0.980832 0.194856
    outer loop
      vertex -23.2 -56.3096 20.5471
      vertex -18.2 -56.265 20.7716
      vertex -23.2 -56.265 20.7716
    endloop
  endfacet
  facet normal 0 -0.980832 0.194856
    outer loop
      vertex -18.2 -56.265 20.7716
      vertex -23.2 -56.3096 20.5471
      vertex -18.2 -56.3096 20.5471
    endloop
  endfacet
  facet normal 0 0.896774 0.44249
    outer loop
      vertex -18.2 -59.5155 20.125
      vertex -23.2 -59.6168 20.3303
      vertex -18.2 -59.6168 20.3303
    endloop
  endfacet
  facet normal 0 0.896774 0.44249
    outer loop
      vertex -23.2 -59.6168 20.3303
      vertex -18.2 -59.5155 20.125
      vertex -23.2 -59.5155 20.125
    endloop
  endfacet
  facet normal 0 0.99785 0.0655331
    outer loop
      vertex -18.2 -59.735 20.7716
      vertex -23.2 -59.75 21
      vertex -18.2 -59.75 21
    endloop
  endfacet
  facet normal 0 0.99785 0.0655331
    outer loop
      vertex -23.2 -59.75 21
      vertex -18.2 -59.735 20.7716
      vertex -23.2 -59.735 20.7716
    endloop
  endfacet
  facet normal 0 -0.946922 -0.321464
    outer loop
      vertex -23.2 -56.3096 21.4529
      vertex -18.2 -56.3832 21.6697
      vertex -23.2 -56.3832 21.6697
    endloop
  endfacet
  facet normal 0 -0.946922 -0.321464
    outer loop
      vertex -18.2 -56.3832 21.6697
      vertex -23.2 -56.3096 21.4529
      vertex -18.2 -56.3096 21.4529
    endloop
  endfacet
  facet normal 0 -0.980832 -0.194856
    outer loop
      vertex -23.2 -56.265 21.2284
      vertex -18.2 -56.3096 21.4529
      vertex -23.2 -56.3096 21.4529
    endloop
  endfacet
  facet normal 0 -0.980832 -0.194856
    outer loop
      vertex -18.2 -56.3096 21.4529
      vertex -23.2 -56.265 21.2284
      vertex -18.2 -56.265 21.2284
    endloop
  endfacet
  facet normal 0 -0.751683 -0.659524
    outer loop
      vertex -23.2 -56.6116 22.0653
      vertex -18.2 -56.7626 22.2374
      vertex -23.2 -56.7626 22.2374
    endloop
  endfacet
  facet normal 0 -0.751683 -0.659524
    outer loop
      vertex -18.2 -56.7626 22.2374
      vertex -23.2 -56.6116 22.0653
      vertex -18.2 -56.6116 22.0653
    endloop
  endfacet
  facet normal 0 -0.0655331 -0.99785
    outer loop
      vertex -23.2 -58 22.75
      vertex -18.2 -57.7716 22.735
      vertex -18.2 -58 22.75
    endloop
  endfacet
  facet normal -0 -0.0655331 -0.99785
    outer loop
      vertex -18.2 -57.7716 22.735
      vertex -23.2 -58 22.75
      vertex -23.2 -57.7716 22.735
    endloop
  endfacet
  facet normal 0 -0.555406 -0.831579
    outer loop
      vertex -23.2 -57.125 22.5155
      vertex -18.2 -56.9347 22.3884
      vertex -18.2 -57.125 22.5155
    endloop
  endfacet
  facet normal -0 -0.555406 -0.831579
    outer loop
      vertex -18.2 -56.9347 22.3884
      vertex -23.2 -57.125 22.5155
      vertex -23.2 -56.9347 22.3884
    endloop
  endfacet
  facet normal 0 0.946922 -0.321464
    outer loop
      vertex -18.2 -59.6904 21.4529
      vertex -23.2 -59.6168 21.6697
      vertex -18.2 -59.6168 21.6697
    endloop
  endfacet
  facet normal 0 0.946922 -0.321464
    outer loop
      vertex -23.2 -59.6168 21.6697
      vertex -18.2 -59.6904 21.4529
      vertex -23.2 -59.6904 21.4529
    endloop
  endfacet
  facet normal 0 0.980832 -0.194856
    outer loop
      vertex -18.2 -59.735 21.2284
      vertex -23.2 -59.6904 21.4529
      vertex -18.2 -59.6904 21.4529
    endloop
  endfacet
  facet normal 0 0.980832 -0.194856
    outer loop
      vertex -23.2 -59.6904 21.4529
      vertex -18.2 -59.735 21.2284
      vertex -23.2 -59.735 21.2284
    endloop
  endfacet
  facet normal 0 0.659524 -0.751683
    outer loop
      vertex -23.2 -59.2374 22.2374
      vertex -18.2 -59.0653 22.3884
      vertex -18.2 -59.2374 22.2374
    endloop
  endfacet
  facet normal 0 0.659524 -0.751683
    outer loop
      vertex -18.2 -59.0653 22.3884
      vertex -23.2 -59.2374 22.2374
      vertex -23.2 -59.0653 22.3884
    endloop
  endfacet
  facet normal 0 0.194856 -0.980832
    outer loop
      vertex -23.2 -58.4529 22.6904
      vertex -18.2 -58.2284 22.735
      vertex -18.2 -58.4529 22.6904
    endloop
  endfacet
  facet normal 0 0.194856 -0.980832
    outer loop
      vertex -18.2 -58.2284 22.735
      vertex -23.2 -58.4529 22.6904
      vertex -23.2 -58.2284 22.735
    endloop
  endfacet
  facet normal 0 -0.99785 0.0655331
    outer loop
      vertex -23.2 -56.265 20.7716
      vertex -18.2 -56.25 21
      vertex -23.2 -56.25 21
    endloop
  endfacet
  facet normal 0 -0.99785 0.0655331
    outer loop
      vertex -18.2 -56.25 21
      vertex -23.2 -56.265 20.7716
      vertex -18.2 -56.265 20.7716
    endloop
  endfacet
  facet normal 0 -0.194856 0.980832
    outer loop
      vertex -23.2 -57.5471 19.3096
      vertex -18.2 -57.7716 19.265
      vertex -18.2 -57.5471 19.3096
    endloop
  endfacet
  facet normal 0 -0.194856 0.980832
    outer loop
      vertex -18.2 -57.7716 19.265
      vertex -23.2 -57.5471 19.3096
      vertex -23.2 -57.7716 19.265
    endloop
  endfacet
  facet normal 0 -0.659524 0.751683
    outer loop
      vertex -23.2 -56.7626 19.7626
      vertex -18.2 -56.9347 19.6116
      vertex -18.2 -56.7626 19.7626
    endloop
  endfacet
  facet normal 0 -0.659524 0.751683
    outer loop
      vertex -18.2 -56.9347 19.6116
      vertex -23.2 -56.7626 19.7626
      vertex -23.2 -56.9347 19.6116
    endloop
  endfacet
  facet normal 0 -0.44249 0.896774
    outer loop
      vertex -23.2 -57.125 19.4845
      vertex -18.2 -57.3303 19.3832
      vertex -18.2 -57.125 19.4845
    endloop
  endfacet
  facet normal 0 -0.44249 0.896774
    outer loop
      vertex -18.2 -57.3303 19.3832
      vertex -23.2 -57.125 19.4845
      vertex -23.2 -57.3303 19.3832
    endloop
  endfacet
  facet normal 0 -0.831579 0.555406
    outer loop
      vertex -23.2 -56.6116 19.9347
      vertex -18.2 -56.4845 20.125
      vertex -23.2 -56.4845 20.125
    endloop
  endfacet
  facet normal 0 -0.831579 0.555406
    outer loop
      vertex -18.2 -56.4845 20.125
      vertex -23.2 -56.6116 19.9347
      vertex -18.2 -56.6116 19.9347
    endloop
  endfacet
  facet normal -0 0.659524 0.751683
    outer loop
      vertex -23.2 -59.0653 19.6116
      vertex -18.2 -59.2374 19.7626
      vertex -18.2 -59.0653 19.6116
    endloop
  endfacet
  facet normal 0 0.659524 0.751683
    outer loop
      vertex -18.2 -59.2374 19.7626
      vertex -23.2 -59.0653 19.6116
      vertex -23.2 -59.2374 19.7626
    endloop
  endfacet
  facet normal -0 0.44249 0.896774
    outer loop
      vertex -23.2 -58.6697 19.3832
      vertex -18.2 -58.875 19.4845
      vertex -18.2 -58.6697 19.3832
    endloop
  endfacet
  facet normal 0 0.44249 0.896774
    outer loop
      vertex -18.2 -58.875 19.4845
      vertex -23.2 -58.6697 19.3832
      vertex -23.2 -58.875 19.4845
    endloop
  endfacet
  facet normal -0 0.321464 0.946922
    outer loop
      vertex -23.2 -58.4529 19.3096
      vertex -18.2 -58.6697 19.3832
      vertex -18.2 -58.4529 19.3096
    endloop
  endfacet
  facet normal 0 0.321464 0.946922
    outer loop
      vertex -18.2 -58.6697 19.3832
      vertex -23.2 -58.4529 19.3096
      vertex -23.2 -58.6697 19.3832
    endloop
  endfacet
  facet normal -0 0.0655331 0.99785
    outer loop
      vertex -23.2 -58 19.25
      vertex -18.2 -58.2284 19.265
      vertex -18.2 -58 19.25
    endloop
  endfacet
  facet normal 0 0.0655331 0.99785
    outer loop
      vertex -18.2 -58.2284 19.265
      vertex -23.2 -58 19.25
      vertex -23.2 -58.2284 19.265
    endloop
  endfacet
  facet normal 0 0.831579 0.555406
    outer loop
      vertex -18.2 -59.3884 19.9347
      vertex -23.2 -59.5155 20.125
      vertex -18.2 -59.5155 20.125
    endloop
  endfacet
  facet normal 0 0.831579 0.555406
    outer loop
      vertex -23.2 -59.5155 20.125
      vertex -18.2 -59.3884 19.9347
      vertex -23.2 -59.3884 19.9347
    endloop
  endfacet
  facet normal 0 0.980832 0.194856
    outer loop
      vertex -18.2 -59.6904 20.5471
      vertex -23.2 -59.735 20.7716
      vertex -18.2 -59.735 20.7716
    endloop
  endfacet
  facet normal 0 0.980832 0.194856
    outer loop
      vertex -23.2 -59.735 20.7716
      vertex -18.2 -59.6904 20.5471
      vertex -23.2 -59.6904 20.5471
    endloop
  endfacet
  facet normal 0 -0.946922 0.321464
    outer loop
      vertex -23.2 -56.3832 20.3303
      vertex -18.2 -56.3096 20.5471
      vertex -23.2 -56.3096 20.5471
    endloop
  endfacet
  facet normal 0 -0.946922 0.321464
    outer loop
      vertex -18.2 -56.3096 20.5471
      vertex -23.2 -56.3832 20.3303
      vertex -18.2 -56.3832 20.3303
    endloop
  endfacet
  facet normal 0 -0.321464 0.946922
    outer loop
      vertex -23.2 -57.3303 19.3832
      vertex -18.2 -57.5471 19.3096
      vertex -18.2 -57.3303 19.3832
    endloop
  endfacet
  facet normal 0 -0.321464 0.946922
    outer loop
      vertex -18.2 -57.5471 19.3096
      vertex -23.2 -57.3303 19.3832
      vertex -23.2 -57.5471 19.3096
    endloop
  endfacet
  facet normal 0 -0.751683 0.659524
    outer loop
      vertex -23.2 -56.7626 19.7626
      vertex -18.2 -56.6116 19.9347
      vertex -23.2 -56.6116 19.9347
    endloop
  endfacet
  facet normal 0 -0.751683 0.659524
    outer loop
      vertex -18.2 -56.6116 19.9347
      vertex -23.2 -56.7626 19.7626
      vertex -18.2 -56.7626 19.7626
    endloop
  endfacet
  facet normal 0 -0.555406 0.831579
    outer loop
      vertex -23.2 -56.9347 19.6116
      vertex -18.2 -57.125 19.4845
      vertex -18.2 -56.9347 19.6116
    endloop
  endfacet
  facet normal 0 -0.555406 0.831579
    outer loop
      vertex -18.2 -57.125 19.4845
      vertex -23.2 -56.9347 19.6116
      vertex -23.2 -57.125 19.4845
    endloop
  endfacet
  facet normal -0 0.555406 0.831579
    outer loop
      vertex -23.2 -58.875 19.4845
      vertex -18.2 -59.0653 19.6116
      vertex -18.2 -58.875 19.4845
    endloop
  endfacet
  facet normal 0 0.555406 0.831579
    outer loop
      vertex -18.2 -59.0653 19.6116
      vertex -23.2 -58.875 19.4845
      vertex -23.2 -59.0653 19.6116
    endloop
  endfacet
  facet normal -0 0.194856 0.980832
    outer loop
      vertex -23.2 -58.2284 19.265
      vertex -18.2 -58.4529 19.3096
      vertex -18.2 -58.2284 19.265
    endloop
  endfacet
  facet normal 0 0.194856 0.980832
    outer loop
      vertex -18.2 -58.4529 19.3096
      vertex -23.2 -58.2284 19.265
      vertex -23.2 -58.4529 19.3096
    endloop
  endfacet
  facet normal 0 0.751683 0.659524
    outer loop
      vertex -18.2 -59.2374 19.7626
      vertex -23.2 -59.3884 19.9347
      vertex -18.2 -59.3884 19.9347
    endloop
  endfacet
  facet normal 0 0.751683 0.659524
    outer loop
      vertex -23.2 -59.3884 19.9347
      vertex -18.2 -59.2374 19.7626
      vertex -23.2 -59.2374 19.7626
    endloop
  endfacet
  facet normal 0 -0.896774 0.44249
    outer loop
      vertex -23.2 -56.4845 20.125
      vertex -18.2 -56.3832 20.3303
      vertex -23.2 -56.3832 20.3303
    endloop
  endfacet
  facet normal 0 -0.896774 0.44249
    outer loop
      vertex -18.2 -56.3832 20.3303
      vertex -23.2 -56.4845 20.125
      vertex -18.2 -56.4845 20.125
    endloop
  endfacet
  facet normal 0 -0.99785 -0.0655331
    outer loop
      vertex -23.2 -56.25 35
      vertex -16.2 -56.265 35.2284
      vertex -23.2 -56.265 35.2284
    endloop
  endfacet
  facet normal 0 -0.99785 -0.0655331
    outer loop
      vertex -16.2 -56.265 35.2284
      vertex -23.2 -56.25 35
      vertex -16.2 -56.25 35
    endloop
  endfacet
  facet normal 0 0.99785 -0.0655331
    outer loop
      vertex -16.2 -59.75 35
      vertex -23.2 -59.735 35.2284
      vertex -16.2 -59.735 35.2284
    endloop
  endfacet
  facet normal 0 0.99785 -0.0655331
    outer loop
      vertex -23.2 -59.735 35.2284
      vertex -16.2 -59.75 35
      vertex -23.2 -59.75 35
    endloop
  endfacet
  facet normal 0 -0.0655331 -0.99785
    outer loop
      vertex -23.2 -58 36.75
      vertex -16.2 -57.7716 36.735
      vertex -16.2 -58 36.75
    endloop
  endfacet
  facet normal -0 -0.0655331 -0.99785
    outer loop
      vertex -16.2 -57.7716 36.735
      vertex -23.2 -58 36.75
      vertex -23.2 -57.7716 36.735
    endloop
  endfacet
  facet normal 0 -0.0655331 0.99785
    outer loop
      vertex -23.2 -57.7716 33.265
      vertex -16.2 -58 33.25
      vertex -16.2 -57.7716 33.265
    endloop
  endfacet
  facet normal 0 -0.0655331 0.99785
    outer loop
      vertex -16.2 -58 33.25
      vertex -23.2 -57.7716 33.265
      vertex -23.2 -58 33.25
    endloop
  endfacet
  facet normal 0 -0.751683 0.659524
    outer loop
      vertex -23.2 -56.7626 33.7626
      vertex -16.2 -56.6116 33.9347
      vertex -23.2 -56.6116 33.9347
    endloop
  endfacet
  facet normal 0 -0.751683 0.659524
    outer loop
      vertex -16.2 -56.6116 33.9347
      vertex -23.2 -56.7626 33.7626
      vertex -16.2 -56.7626 33.7626
    endloop
  endfacet
  facet normal 0 -0.659524 -0.751683
    outer loop
      vertex -23.2 -56.9347 36.3884
      vertex -16.2 -56.7626 36.2374
      vertex -16.2 -56.9347 36.3884
    endloop
  endfacet
  facet normal -0 -0.659524 -0.751683
    outer loop
      vertex -16.2 -56.7626 36.2374
      vertex -23.2 -56.9347 36.3884
      vertex -23.2 -56.7626 36.2374
    endloop
  endfacet
  facet normal 0 0.659524 -0.751683
    outer loop
      vertex -23.2 -59.2374 36.2374
      vertex -16.2 -59.0653 36.3884
      vertex -16.2 -59.2374 36.2374
    endloop
  endfacet
  facet normal 0 0.659524 -0.751683
    outer loop
      vertex -16.2 -59.0653 36.3884
      vertex -23.2 -59.2374 36.2374
      vertex -23.2 -59.0653 36.3884
    endloop
  endfacet
  facet normal 0 0.321464 -0.946922
    outer loop
      vertex -23.2 -58.6697 36.6168
      vertex -16.2 -58.4529 36.6904
      vertex -16.2 -58.6697 36.6168
    endloop
  endfacet
  facet normal 0 0.321464 -0.946922
    outer loop
      vertex -16.2 -58.4529 36.6904
      vertex -23.2 -58.6697 36.6168
      vertex -23.2 -58.4529 36.6904
    endloop
  endfacet
  facet normal 0 -0.896774 -0.44249
    outer loop
      vertex -23.2 -56.3832 35.6697
      vertex -16.2 -56.4845 35.875
      vertex -23.2 -56.4845 35.875
    endloop
  endfacet
  facet normal 0 -0.896774 -0.44249
    outer loop
      vertex -16.2 -56.4845 35.875
      vertex -23.2 -56.3832 35.6697
      vertex -16.2 -56.3832 35.6697
    endloop
  endfacet
  facet normal 0 -0.831579 -0.555406
    outer loop
      vertex -23.2 -56.4845 35.875
      vertex -16.2 -56.6116 36.0653
      vertex -23.2 -56.6116 36.0653
    endloop
  endfacet
  facet normal 0 -0.831579 -0.555406
    outer loop
      vertex -16.2 -56.6116 36.0653
      vertex -23.2 -56.4845 35.875
      vertex -16.2 -56.4845 35.875
    endloop
  endfacet
  facet normal 0 -0.44249 -0.896774
    outer loop
      vertex -23.2 -57.3303 36.6168
      vertex -16.2 -57.125 36.5155
      vertex -16.2 -57.3303 36.6168
    endloop
  endfacet
  facet normal -0 -0.44249 -0.896774
    outer loop
      vertex -16.2 -57.125 36.5155
      vertex -23.2 -57.3303 36.6168
      vertex -23.2 -57.125 36.5155
    endloop
  endfacet
  facet normal 0 -0.555406 -0.831579
    outer loop
      vertex -23.2 -57.125 36.5155
      vertex -16.2 -56.9347 36.3884
      vertex -16.2 -57.125 36.5155
    endloop
  endfacet
  facet normal -0 -0.555406 -0.831579
    outer loop
      vertex -16.2 -56.9347 36.3884
      vertex -23.2 -57.125 36.5155
      vertex -23.2 -56.9347 36.3884
    endloop
  endfacet
  facet normal 0 0.896774 -0.44249
    outer loop
      vertex -16.2 -59.6168 35.6697
      vertex -23.2 -59.5155 35.875
      vertex -16.2 -59.5155 35.875
    endloop
  endfacet
  facet normal 0 0.896774 -0.44249
    outer loop
      vertex -23.2 -59.5155 35.875
      vertex -16.2 -59.6168 35.6697
      vertex -23.2 -59.6168 35.6697
    endloop
  endfacet
  facet normal 0 0.44249 -0.896774
    outer loop
      vertex -23.2 -58.875 36.5155
      vertex -16.2 -58.6697 36.6168
      vertex -16.2 -58.875 36.5155
    endloop
  endfacet
  facet normal 0 0.44249 -0.896774
    outer loop
      vertex -16.2 -58.6697 36.6168
      vertex -23.2 -58.875 36.5155
      vertex -23.2 -58.6697 36.6168
    endloop
  endfacet
  facet normal 0 0.0655331 -0.99785
    outer loop
      vertex -23.2 -58.2284 36.735
      vertex -16.2 -58 36.75
      vertex -16.2 -58.2284 36.735
    endloop
  endfacet
  facet normal 0 0.0655331 -0.99785
    outer loop
      vertex -16.2 -58 36.75
      vertex -23.2 -58.2284 36.735
      vertex -23.2 -58 36.75
    endloop
  endfacet
  facet normal 0 -0.194856 0.980832
    outer loop
      vertex -23.2 -57.5471 33.3096
      vertex -16.2 -57.7716 33.265
      vertex -16.2 -57.5471 33.3096
    endloop
  endfacet
  facet normal 0 -0.194856 0.980832
    outer loop
      vertex -16.2 -57.7716 33.265
      vertex -23.2 -57.5471 33.3096
      vertex -23.2 -57.7716 33.265
    endloop
  endfacet
  facet normal 0 -0.946922 -0.321464
    outer loop
      vertex -23.2 -56.3096 35.4529
      vertex -16.2 -56.3832 35.6697
      vertex -23.2 -56.3832 35.6697
    endloop
  endfacet
  facet normal 0 -0.946922 -0.321464
    outer loop
      vertex -16.2 -56.3832 35.6697
      vertex -23.2 -56.3096 35.4529
      vertex -16.2 -56.3096 35.4529
    endloop
  endfacet
  facet normal 0 -0.980832 -0.194856
    outer loop
      vertex -23.2 -56.265 35.2284
      vertex -16.2 -56.3096 35.4529
      vertex -23.2 -56.3096 35.4529
    endloop
  endfacet
  facet normal 0 -0.980832 -0.194856
    outer loop
      vertex -16.2 -56.3096 35.4529
      vertex -23.2 -56.265 35.2284
      vertex -16.2 -56.265 35.2284
    endloop
  endfacet
  facet normal 0 -0.751683 -0.659524
    outer loop
      vertex -23.2 -56.6116 36.0653
      vertex -16.2 -56.7626 36.2374
      vertex -23.2 -56.7626 36.2374
    endloop
  endfacet
  facet normal 0 -0.751683 -0.659524
    outer loop
      vertex -16.2 -56.7626 36.2374
      vertex -23.2 -56.6116 36.0653
      vertex -16.2 -56.6116 36.0653
    endloop
  endfacet
  facet normal 0 -0.321464 -0.946922
    outer loop
      vertex -23.2 -57.5471 36.6904
      vertex -16.2 -57.3303 36.6168
      vertex -16.2 -57.5471 36.6904
    endloop
  endfacet
  facet normal -0 -0.321464 -0.946922
    outer loop
      vertex -16.2 -57.3303 36.6168
      vertex -23.2 -57.5471 36.6904
      vertex -23.2 -57.3303 36.6168
    endloop
  endfacet
  facet normal 0 -0.194856 -0.980832
    outer loop
      vertex -23.2 -57.7716 36.735
      vertex -16.2 -57.5471 36.6904
      vertex -16.2 -57.7716 36.735
    endloop
  endfacet
  facet normal -0 -0.194856 -0.980832
    outer loop
      vertex -16.2 -57.5471 36.6904
      vertex -23.2 -57.7716 36.735
      vertex -23.2 -57.5471 36.6904
    endloop
  endfacet
  facet normal 0 0.831579 -0.555406
    outer loop
      vertex -16.2 -59.5155 35.875
      vertex -23.2 -59.3884 36.0653
      vertex -16.2 -59.3884 36.0653
    endloop
  endfacet
  facet normal 0 0.831579 -0.555406
    outer loop
      vertex -23.2 -59.3884 36.0653
      vertex -16.2 -59.5155 35.875
      vertex -23.2 -59.5155 35.875
    endloop
  endfacet
  facet normal 0 0.751683 -0.659524
    outer loop
      vertex -16.2 -59.3884 36.0653
      vertex -23.2 -59.2374 36.2374
      vertex -16.2 -59.2374 36.2374
    endloop
  endfacet
  facet normal 0 0.751683 -0.659524
    outer loop
      vertex -23.2 -59.2374 36.2374
      vertex -16.2 -59.3884 36.0653
      vertex -23.2 -59.3884 36.0653
    endloop
  endfacet
  facet normal 0 0.946922 -0.321464
    outer loop
      vertex -16.2 -59.6904 35.4529
      vertex -23.2 -59.6168 35.6697
      vertex -16.2 -59.6168 35.6697
    endloop
  endfacet
  facet normal 0 0.946922 -0.321464
    outer loop
      vertex -23.2 -59.6168 35.6697
      vertex -16.2 -59.6904 35.4529
      vertex -23.2 -59.6904 35.4529
    endloop
  endfacet
  facet normal 0 0.980832 -0.194856
    outer loop
      vertex -16.2 -59.735 35.2284
      vertex -23.2 -59.6904 35.4529
      vertex -16.2 -59.6904 35.4529
    endloop
  endfacet
  facet normal 0 0.980832 -0.194856
    outer loop
      vertex -23.2 -59.6904 35.4529
      vertex -16.2 -59.735 35.2284
      vertex -23.2 -59.735 35.2284
    endloop
  endfacet
  facet normal 0 0.555406 -0.831579
    outer loop
      vertex -23.2 -59.0653 36.3884
      vertex -16.2 -58.875 36.5155
      vertex -16.2 -59.0653 36.3884
    endloop
  endfacet
  facet normal 0 0.555406 -0.831579
    outer loop
      vertex -16.2 -58.875 36.5155
      vertex -23.2 -59.0653 36.3884
      vertex -23.2 -58.875 36.5155
    endloop
  endfacet
  facet normal 0 0.194856 -0.980832
    outer loop
      vertex -23.2 -58.4529 36.6904
      vertex -16.2 -58.2284 36.735
      vertex -16.2 -58.4529 36.6904
    endloop
  endfacet
  facet normal 0 0.194856 -0.980832
    outer loop
      vertex -16.2 -58.2284 36.735
      vertex -23.2 -58.4529 36.6904
      vertex -23.2 -58.2284 36.735
    endloop
  endfacet
  facet normal 0 -0.946922 0.321464
    outer loop
      vertex -23.2 -56.3832 34.3303
      vertex -16.2 -56.3096 34.5471
      vertex -23.2 -56.3096 34.5471
    endloop
  endfacet
  facet normal 0 -0.946922 0.321464
    outer loop
      vertex -16.2 -56.3096 34.5471
      vertex -23.2 -56.3832 34.3303
      vertex -16.2 -56.3832 34.3303
    endloop
  endfacet
  facet normal 0 -0.980832 0.194856
    outer loop
      vertex -23.2 -56.3096 34.5471
      vertex -16.2 -56.265 34.7716
      vertex -23.2 -56.265 34.7716
    endloop
  endfacet
  facet normal 0 -0.980832 0.194856
    outer loop
      vertex -16.2 -56.265 34.7716
      vertex -23.2 -56.3096 34.5471
      vertex -16.2 -56.3096 34.5471
    endloop
  endfacet
  facet normal 0 0.896774 0.44249
    outer loop
      vertex -16.2 -59.5155 34.125
      vertex -23.2 -59.6168 34.3303
      vertex -16.2 -59.6168 34.3303
    endloop
  endfacet
  facet normal 0 0.896774 0.44249
    outer loop
      vertex -23.2 -59.6168 34.3303
      vertex -16.2 -59.5155 34.125
      vertex -23.2 -59.5155 34.125
    endloop
  endfacet
  facet normal 0 0.99785 0.0655331
    outer loop
      vertex -16.2 -59.735 34.7716
      vertex -23.2 -59.75 35
      vertex -16.2 -59.75 35
    endloop
  endfacet
  facet normal 0 0.99785 0.0655331
    outer loop
      vertex -23.2 -59.75 35
      vertex -16.2 -59.735 34.7716
      vertex -23.2 -59.735 34.7716
    endloop
  endfacet
  facet normal 0 -0.555406 0.831579
    outer loop
      vertex -23.2 -56.9347 33.6116
      vertex -16.2 -57.125 33.4845
      vertex -16.2 -56.9347 33.6116
    endloop
  endfacet
  facet normal 0 -0.555406 0.831579
    outer loop
      vertex -16.2 -57.125 33.4845
      vertex -23.2 -56.9347 33.6116
      vertex -23.2 -57.125 33.4845
    endloop
  endfacet
  facet normal 0 -0.831579 0.555406
    outer loop
      vertex -23.2 -56.6116 33.9347
      vertex -16.2 -56.4845 34.125
      vertex -23.2 -56.4845 34.125
    endloop
  endfacet
  facet normal 0 -0.831579 0.555406
    outer loop
      vertex -16.2 -56.4845 34.125
      vertex -23.2 -56.6116 33.9347
      vertex -16.2 -56.6116 33.9347
    endloop
  endfacet
  facet normal 0 -0.99785 0.0655331
    outer loop
      vertex -23.2 -56.265 34.7716
      vertex -16.2 -56.25 35
      vertex -23.2 -56.25 35
    endloop
  endfacet
  facet normal 0 -0.99785 0.0655331
    outer loop
      vertex -16.2 -56.25 35
      vertex -23.2 -56.265 34.7716
      vertex -16.2 -56.265 34.7716
    endloop
  endfacet
  facet normal 0 0.980832 0.194856
    outer loop
      vertex -16.2 -59.6904 34.5471
      vertex -23.2 -59.735 34.7716
      vertex -16.2 -59.735 34.7716
    endloop
  endfacet
  facet normal 0 0.980832 0.194856
    outer loop
      vertex -23.2 -59.735 34.7716
      vertex -16.2 -59.6904 34.5471
      vertex -23.2 -59.6904 34.5471
    endloop
  endfacet
  facet normal 0 0.946922 0.321464
    outer loop
      vertex -16.2 -59.6168 34.3303
      vertex -23.2 -59.6904 34.5471
      vertex -16.2 -59.6904 34.5471
    endloop
  endfacet
  facet normal 0 0.946922 0.321464
    outer loop
      vertex -23.2 -59.6904 34.5471
      vertex -16.2 -59.6168 34.3303
      vertex -23.2 -59.6168 34.3303
    endloop
  endfacet
  facet normal 0 -0.659524 0.751683
    outer loop
      vertex -23.2 -56.7626 33.7626
      vertex -16.2 -56.9347 33.6116
      vertex -16.2 -56.7626 33.7626
    endloop
  endfacet
  facet normal 0 -0.659524 0.751683
    outer loop
      vertex -16.2 -56.9347 33.6116
      vertex -23.2 -56.7626 33.7626
      vertex -23.2 -56.9347 33.6116
    endloop
  endfacet
  facet normal 0 -0.44249 0.896774
    outer loop
      vertex -23.2 -57.125 33.4845
      vertex -16.2 -57.3303 33.3832
      vertex -16.2 -57.125 33.4845
    endloop
  endfacet
  facet normal 0 -0.44249 0.896774
    outer loop
      vertex -16.2 -57.3303 33.3832
      vertex -23.2 -57.125 33.4845
      vertex -23.2 -57.3303 33.3832
    endloop
  endfacet
  facet normal 0 -0.321464 0.946922
    outer loop
      vertex -23.2 -57.3303 33.3832
      vertex -16.2 -57.5471 33.3096
      vertex -16.2 -57.3303 33.3832
    endloop
  endfacet
  facet normal 0 -0.321464 0.946922
    outer loop
      vertex -16.2 -57.5471 33.3096
      vertex -23.2 -57.3303 33.3832
      vertex -23.2 -57.5471 33.3096
    endloop
  endfacet
  facet normal 0 -0.896774 0.44249
    outer loop
      vertex -23.2 -56.4845 34.125
      vertex -16.2 -56.3832 34.3303
      vertex -23.2 -56.3832 34.3303
    endloop
  endfacet
  facet normal 0 -0.896774 0.44249
    outer loop
      vertex -16.2 -56.3832 34.3303
      vertex -23.2 -56.4845 34.125
      vertex -16.2 -56.4845 34.125
    endloop
  endfacet
  facet normal -0 0.321464 0.946922
    outer loop
      vertex -23.2 -58.4529 33.3096
      vertex -16.2 -58.6697 33.3832
      vertex -16.2 -58.4529 33.3096
    endloop
  endfacet
  facet normal 0 0.321464 0.946922
    outer loop
      vertex -16.2 -58.6697 33.3832
      vertex -23.2 -58.4529 33.3096
      vertex -23.2 -58.6697 33.3832
    endloop
  endfacet
  facet normal -0 0.194856 0.980832
    outer loop
      vertex -23.2 -58.2284 33.265
      vertex -16.2 -58.4529 33.3096
      vertex -16.2 -58.2284 33.265
    endloop
  endfacet
  facet normal 0 0.194856 0.980832
    outer loop
      vertex -16.2 -58.4529 33.3096
      vertex -23.2 -58.2284 33.265
      vertex -23.2 -58.4529 33.3096
    endloop
  endfacet
  facet normal 0 0.751683 0.659524
    outer loop
      vertex -16.2 -59.2374 33.7626
      vertex -23.2 -59.3884 33.9347
      vertex -16.2 -59.3884 33.9347
    endloop
  endfacet
  facet normal 0 0.751683 0.659524
    outer loop
      vertex -23.2 -59.3884 33.9347
      vertex -16.2 -59.2374 33.7626
      vertex -23.2 -59.2374 33.7626
    endloop
  endfacet
  facet normal -0 0.659524 0.751683
    outer loop
      vertex -23.2 -59.0653 33.6116
      vertex -16.2 -59.2374 33.7626
      vertex -16.2 -59.0653 33.6116
    endloop
  endfacet
  facet normal 0 0.659524 0.751683
    outer loop
      vertex -16.2 -59.2374 33.7626
      vertex -23.2 -59.0653 33.6116
      vertex -23.2 -59.2374 33.7626
    endloop
  endfacet
  facet normal -0 0.44249 0.896774
    outer loop
      vertex -23.2 -58.6697 33.3832
      vertex -16.2 -58.875 33.4845
      vertex -16.2 -58.6697 33.3832
    endloop
  endfacet
  facet normal 0 0.44249 0.896774
    outer loop
      vertex -16.2 -58.875 33.4845
      vertex -23.2 -58.6697 33.3832
      vertex -23.2 -58.875 33.4845
    endloop
  endfacet
  facet normal -0 0.555406 0.831579
    outer loop
      vertex -23.2 -58.875 33.4845
      vertex -16.2 -59.0653 33.6116
      vertex -16.2 -58.875 33.4845
    endloop
  endfacet
  facet normal 0 0.555406 0.831579
    outer loop
      vertex -16.2 -59.0653 33.6116
      vertex -23.2 -58.875 33.4845
      vertex -23.2 -59.0653 33.6116
    endloop
  endfacet
  facet normal -0 0.0655331 0.99785
    outer loop
      vertex -23.2 -58 33.25
      vertex -16.2 -58.2284 33.265
      vertex -16.2 -58 33.25
    endloop
  endfacet
  facet normal 0 0.0655331 0.99785
    outer loop
      vertex -16.2 -58.2284 33.265
      vertex -23.2 -58 33.25
      vertex -23.2 -58.2284 33.265
    endloop
  endfacet
  facet normal 0 0.831579 0.555406
    outer loop
      vertex -16.2 -59.3884 33.9347
      vertex -23.2 -59.5155 34.125
      vertex -16.2 -59.5155 34.125
    endloop
  endfacet
  facet normal 0 0.831579 0.555406
    outer loop
      vertex -23.2 -59.5155 34.125
      vertex -16.2 -59.3884 33.9347
      vertex -23.2 -59.3884 33.9347
    endloop
  endfacet
  facet normal 1 0 0
    outer loop
      vertex -16.2 8 14.1436
      vertex -16.2 1.73503 17.2284
      vertex -16.2 1.75 17
    endloop
  endfacet
  facet normal 1 0 0
    outer loop
      vertex -16.2 2.43505 24.8266
      vertex -16.2 1.69037 17.4529
      vertex -16.2 1.73503 17.2284
    endloop
  endfacet
  facet normal 1 0 0
    outer loop
      vertex -16.2 2.43505 24.8266
      vertex -16.2 1.61679 17.6697
      vertex -16.2 1.69037 17.4529
    endloop
  endfacet
  facet normal 1 0 0
    outer loop
      vertex -16.2 1.06533 18.3884
      vertex -16.2 2 24.5359
      vertex -16.2 1.53073 24.3045
    endloop
  endfacet
  facet normal 1 0 0
    outer loop
      vertex -16.2 2.43505 24.8266
      vertex -16.2 1.51554 17.875
      vertex -16.2 1.61679 17.6697
    endloop
  endfacet
  facet normal 1 0 0
    outer loop
      vertex -16.2 2.43505 24.8266
      vertex -16.2 1.38837 18.0653
      vertex -16.2 1.51554 17.875
    endloop
  endfacet
  facet normal 1 0 0
    outer loop
      vertex -16.2 2 24.5359
      vertex -16.2 1.23744 18.2374
      vertex -16.2 1.38837 18.0653
    endloop
  endfacet
  facet normal 1 0 0
    outer loop
      vertex -16.2 2 24.5359
      vertex -16.2 1.06533 18.3884
      vertex -16.2 1.23744 18.2374
    endloop
  endfacet
  facet normal 1 0 0
    outer loop
      vertex -16.2 0.875 18.5155
      vertex -16.2 1.53073 24.3045
      vertex -16.2 1.03528 24.1363
    endloop
  endfacet
  facet normal 1 0 0
    outer loop
      vertex -16.2 1.53073 24.3045
      vertex -16.2 0.875 18.5155
      vertex -16.2 1.06533 18.3884
    endloop
  endfacet
  facet normal 1 0 0
    outer loop
      vertex -16.2 1.03528 24.1363
      vertex -16.2 0.669696 18.6168
      vertex -16.2 0.875 18.5155
    endloop
  endfacet
  facet normal 1 0 0
    outer loop
      vertex -16.2 0.452933 18.6904
      vertex -16.2 1.03528 24.1363
      vertex -16.2 0.522104 24.0342
    endloop
  endfacet
  facet normal 1 0 0
    outer loop
      vertex -16.2 1.03528 24.1363
      vertex -16.2 0.452933 18.6904
      vertex -16.2 0.669696 18.6168
    endloop
  endfacet
  facet normal 1 0 0
    outer loop
      vertex -16.2 0.522104 24.0342
      vertex -16.2 0.22842 18.735
      vertex -16.2 0.452933 18.6904
    endloop
  endfacet
  facet normal 1 -0 0
    outer loop
      vertex -16.2 0 24
      vertex -16.2 0.22842 18.735
      vertex -16.2 0.522104 24.0342
    endloop
  endfacet
  facet normal 1 0 0
    outer loop
      vertex -16.2 0 24
      vertex -16.2 0 18.75
      vertex -16.2 0.22842 18.735
    endloop
  endfacet
  facet normal 1 0 0
    outer loop
      vertex -16.2 0 24
      vertex -16.2 -0.22842 18.735
      vertex -16.2 0 18.75
    endloop
  endfacet
  facet normal 1 0 0
    outer loop
      vertex -16.2 -0.522104 24.0342
      vertex -16.2 -0.22842 18.735
      vertex -16.2 0 24
    endloop
  endfacet
  facet normal 1 0 0
    outer loop
      vertex -16.2 -0.22842 18.735
      vertex -16.2 -0.522104 24.0342
      vertex -16.2 -0.452933 18.6904
    endloop
  endfacet
  facet normal 1 0 0
    outer loop
      vertex -16.2 -1.03528 24.1363
      vertex -16.2 -0.452933 18.6904
      vertex -16.2 -0.522104 24.0342
    endloop
  endfacet
  facet normal 1 0 0
    outer loop
      vertex -16.2 -0.452933 18.6904
      vertex -16.2 -1.03528 24.1363
      vertex -16.2 -0.669696 18.6168
    endloop
  endfacet
  facet normal 1 0 0
    outer loop
      vertex -16.2 -0.669696 18.6168
      vertex -16.2 -1.03528 24.1363
      vertex -16.2 -0.875 18.5155
    endloop
  endfacet
  facet normal 1 0 0
    outer loop
      vertex -16.2 -1.53073 24.3045
      vertex -16.2 -0.875 18.5155
      vertex -16.2 -1.03528 24.1363
    endloop
  endfacet
  facet normal 1 0 0
    outer loop
      vertex -16.2 -0.875 18.5155
      vertex -16.2 -1.53073 24.3045
      vertex -16.2 -1.06533 18.3884
    endloop
  endfacet
  facet normal 1 0 0
    outer loop
      vertex -16.2 -2 24.5359
      vertex -16.2 -1.06533 18.3884
      vertex -16.2 -1.53073 24.3045
    endloop
  endfacet
  facet normal 1 0 0
    outer loop
      vertex -16.2 -1.06533 18.3884
      vertex -16.2 -2 24.5359
      vertex -16.2 -1.23744 18.2374
    endloop
  endfacet
  facet normal 1 0 0
    outer loop
      vertex -16.2 -1.23744 18.2374
      vertex -16.2 -2 24.5359
      vertex -16.2 -1.38837 18.0653
    endloop
  endfacet
  facet normal 1 0 0
    outer loop
      vertex -16.2 -2.43505 24.8266
      vertex -16.2 -1.38837 18.0653
      vertex -16.2 -2 24.5359
    endloop
  endfacet
  facet normal 1 0 0
    outer loop
      vertex -16.2 -1.38837 18.0653
      vertex -16.2 -2.43505 24.8266
      vertex -16.2 -1.51554 17.875
    endloop
  endfacet
  facet normal 1 0 0
    outer loop
      vertex -16.2 -2.82843 25.1716
      vertex -16.2 -1.51554 17.875
      vertex -16.2 -2.43505 24.8266
    endloop
  endfacet
  facet normal 1 0 0
    outer loop
      vertex -16.2 -1.51554 17.875
      vertex -16.2 -2.82843 25.1716
      vertex -16.2 -1.61679 17.6697
    endloop
  endfacet
  facet normal 1 0 0
    outer loop
      vertex -16.2 -3.17341 25.565
      vertex -16.2 -1.61679 17.6697
      vertex -16.2 -2.82843 25.1716
    endloop
  endfacet
  facet normal 1 0 0
    outer loop
      vertex -16.2 4 28
      vertex -16.2 16 28
      vertex -16.2 15.8631 30.0884
    endloop
  endfacet
  facet normal 1 0 0
    outer loop
      vertex -16.2 3.96578 28.5221
      vertex -16.2 15.8631 30.0884
      vertex -16.2 15.4548 32.1411
    endloop
  endfacet
  facet normal 1 0 0
    outer loop
      vertex -16.2 16 28
      vertex -16.2 4 28
      vertex -16.2 15.8631 25.9116
    endloop
  endfacet
  facet normal 1 0 0
    outer loop
      vertex -16.2 3.8637 29.0353
      vertex -16.2 15.4548 32.1411
      vertex -16.2 14.7821 34.1229
    endloop
  endfacet
  facet normal 1 -0 0
    outer loop
      vertex -16.2 3.96578 27.4779
      vertex -16.2 15.8631 25.9116
      vertex -16.2 4 28
    endloop
  endfacet
  facet normal 1 0 0
    outer loop
      vertex -16.2 3.69552 29.5307
      vertex -16.2 14.7821 34.1229
      vertex -16.2 13.8564 36
    endloop
  endfacet
  facet normal 1 0 0
    outer loop
      vertex -16.2 15.8631 25.9116
      vertex -16.2 3.96578 27.4779
      vertex -16.2 15.4548 23.8589
    endloop
  endfacet
  facet normal 1 0 0
    outer loop
      vertex -16.2 3.4641 30
      vertex -16.2 13.8564 36
      vertex -16.2 12.6937 37.7402
    endloop
  endfacet
  facet normal 1 -0 0
    outer loop
      vertex -16.2 3.8637 26.9647
      vertex -16.2 15.4548 23.8589
      vertex -16.2 3.96578 27.4779
    endloop
  endfacet
  facet normal 1 0 0
    outer loop
      vertex -16.2 3.17341 30.435
      vertex -16.2 12.6937 37.7402
      vertex -16.2 11.3137 39.3137
    endloop
  endfacet
  facet normal 1 0 0
    outer loop
      vertex -16.2 15.4548 23.8589
      vertex -16.2 3.8637 26.9647
      vertex -16.2 14.7821 21.8771
    endloop
  endfacet
  facet normal 1 0 0
    outer loop
      vertex -16.2 1.61679 38.3303
      vertex -16.2 11.3137 39.3137
      vertex -16.2 9.74018 40.6937
    endloop
  endfacet
  facet normal 1 -0 0
    outer loop
      vertex -16.2 3.69552 26.4693
      vertex -16.2 14.7821 21.8771
      vertex -16.2 3.8637 26.9647
    endloop
  endfacet
  facet normal 1 0 0
    outer loop
      vertex -16.2 1.69037 38.5471
      vertex -16.2 9.74018 40.6937
      vertex -16.2 8 41.8564
    endloop
  endfacet
  facet normal 1 0 0
    outer loop
      vertex -16.2 14.7821 21.8771
      vertex -16.2 3.69552 26.4693
      vertex -16.2 13.8564 20
    endloop
  endfacet
  facet normal 1 0 0
    outer loop
      vertex -16.2 1.75 39
      vertex -16.2 8 41.8564
      vertex -16.2 6.12293 42.7821
    endloop
  endfacet
  facet normal 1 -0 0
    outer loop
      vertex -16.2 3.4641 26
      vertex -16.2 13.8564 20
      vertex -16.2 3.69552 26.4693
    endloop
  endfacet
  facet normal 1 0 0
    outer loop
      vertex -16.2 1.61679 39.6697
      vertex -16.2 6.12293 42.7821
      vertex -16.2 4.1411 43.4548
    endloop
  endfacet
  facet normal 1 0 0
    outer loop
      vertex -16.2 13.8564 20
      vertex -16.2 3.4641 26
      vertex -16.2 12.6937 18.2598
    endloop
  endfacet
  facet normal 1 -0 0
    outer loop
      vertex -16.2 3.17341 25.565
      vertex -16.2 12.6937 18.2598
      vertex -16.2 3.4641 26
    endloop
  endfacet
  facet normal 1 0 0
    outer loop
      vertex -16.2 15.8631 30.0884
      vertex -16.2 3.96578 28.5221
      vertex -16.2 4 28
    endloop
  endfacet
  facet normal 1 0 0
    outer loop
      vertex -16.2 15.4548 32.1411
      vertex -16.2 3.8637 29.0353
      vertex -16.2 3.96578 28.5221
    endloop
  endfacet
  facet normal 1 0 0
    outer loop
      vertex -16.2 14.7821 34.1229
      vertex -16.2 3.69552 29.5307
      vertex -16.2 3.8637 29.0353
    endloop
  endfacet
  facet normal 1 0 0
    outer loop
      vertex -16.2 13.8564 36
      vertex -16.2 3.4641 30
      vertex -16.2 3.69552 29.5307
    endloop
  endfacet
  facet normal 1 0 0
    outer loop
      vertex -16.2 12.6937 37.7402
      vertex -16.2 3.17341 30.435
      vertex -16.2 3.4641 30
    endloop
  endfacet
  facet normal 1 0 0
    outer loop
      vertex -16.2 9.74018 40.6937
      vertex -16.2 1.69037 38.5471
      vertex -16.2 1.61679 38.3303
    endloop
  endfacet
  facet normal 1 0 0
    outer loop
      vertex -16.2 11.3137 39.3137
      vertex -16.2 1.61679 38.3303
      vertex -16.2 1.51554 38.125
    endloop
  endfacet
  facet normal 1 0 0
    outer loop
      vertex -16.2 1.23744 40.2374
      vertex -16.2 4.1411 43.4548
      vertex -16.2 2.08842 43.8631
    endloop
  endfacet
  facet normal 1 0 0
    outer loop
      vertex -16.2 8 41.8564
      vertex -16.2 1.75 39
      vertex -16.2 1.73503 38.7716
    endloop
  endfacet
  facet normal 1 0 0
    outer loop
      vertex -16.2 8 41.8564
      vertex -16.2 1.73503 38.7716
      vertex -16.2 1.69037 38.5471
    endloop
  endfacet
  facet normal 1 0 0
    outer loop
      vertex -16.2 6.12293 42.7821
      vertex -16.2 1.73503 39.2284
      vertex -16.2 1.75 39
    endloop
  endfacet
  facet normal 1 0 0
    outer loop
      vertex -16.2 6.12293 42.7821
      vertex -16.2 1.69037 39.4529
      vertex -16.2 1.73503 39.2284
    endloop
  endfacet
  facet normal 1 0 0
    outer loop
      vertex -16.2 6.12293 42.7821
      vertex -16.2 1.61679 39.6697
      vertex -16.2 1.69037 39.4529
    endloop
  endfacet
  facet normal 1 0 0
    outer loop
      vertex -16.2 4.1411 43.4548
      vertex -16.2 1.51554 39.875
      vertex -16.2 1.61679 39.6697
    endloop
  endfacet
  facet normal 1 0 0
    outer loop
      vertex -16.2 4.1411 43.4548
      vertex -16.2 1.38837 40.0653
      vertex -16.2 1.51554 39.875
    endloop
  endfacet
  facet normal 1 0 0
    outer loop
      vertex -16.2 4.1411 43.4548
      vertex -16.2 1.23744 40.2374
      vertex -16.2 1.38837 40.0653
    endloop
  endfacet
  facet normal 1 0 0
    outer loop
      vertex -16.2 2.08842 43.8631
      vertex -16.2 1.06533 40.3884
      vertex -16.2 1.23744 40.2374
    endloop
  endfacet
  facet normal 1 0 0
    outer loop
      vertex -16.2 2.08842 43.8631
      vertex -16.2 0.875 40.5155
      vertex -16.2 1.06533 40.3884
    endloop
  endfacet
  facet normal 1 0 0
    outer loop
      vertex -16.2 2.08842 43.8631
      vertex -16.2 0.669696 40.6168
      vertex -16.2 0.875 40.5155
    endloop
  endfacet
  facet normal 1 0 0
    outer loop
      vertex -16.2 2.08842 43.8631
      vertex -16.2 0.452933 40.6904
      vertex -16.2 0.669696 40.6168
    endloop
  endfacet
  facet normal 1 0 0
    outer loop
      vertex -16.2 0 44
      vertex -16.2 0.452933 40.6904
      vertex -16.2 2.08842 43.8631
    endloop
  endfacet
  facet normal 1 0 0
    outer loop
      vertex -16.2 0.452933 40.6904
      vertex -16.2 0 44
      vertex -16.2 0.22842 40.735
    endloop
  endfacet
  facet normal 1 0 0
    outer loop
      vertex -16.2 0 44
      vertex -16.2 0 40.75
      vertex -16.2 0.22842 40.735
    endloop
  endfacet
  facet normal 1 0 0
    outer loop
      vertex -16.2 0 44
      vertex -16.2 -0.22842 40.735
      vertex -16.2 0 40.75
    endloop
  endfacet
  facet normal 1 0 0
    outer loop
      vertex -16.2 0 44
      vertex -16.2 -0.452933 40.6904
      vertex -16.2 -0.22842 40.735
    endloop
  endfacet
  facet normal 1 0 0
    outer loop
      vertex -16.2 0 44
      vertex -16.2 -0.669696 40.6168
      vertex -16.2 -0.452933 40.6904
    endloop
  endfacet
  facet normal 1 0 0
    outer loop
      vertex -16.2 0 44
      vertex -16.2 -0.875 40.5155
      vertex -16.2 -0.669696 40.6168
    endloop
  endfacet
  facet normal 1 0 0
    outer loop
      vertex -16.2 0 44
      vertex -16.2 -1.06533 40.3884
      vertex -16.2 -0.875 40.5155
    endloop
  endfacet
  facet normal 1 0 0
    outer loop
      vertex -16.2 0 44
      vertex -16.2 -1.23744 40.2374
      vertex -16.2 -1.06533 40.3884
    endloop
  endfacet
  facet normal 1 0 0
    outer loop
      vertex -16.2 0 44
      vertex -16.2 -1.38837 40.0653
      vertex -16.2 -1.23744 40.2374
    endloop
  endfacet
  facet normal 1 0 0
    outer loop
      vertex -16.2 0 44
      vertex -16.2 -1.51554 39.875
      vertex -16.2 -1.38837 40.0653
    endloop
  endfacet
  facet normal 1 0 0
    outer loop
      vertex -16.2 -23.0866 32.6194
      vertex -16.2 -1.51554 39.875
      vertex -16.2 0 44
    endloop
  endfacet
  facet normal 1 0 0
    outer loop
      vertex -16.2 -1.38837 37.9347
      vertex -16.2 -2.43505 31.1734
      vertex -16.2 -2 31.4641
    endloop
  endfacet
  facet normal 1 0 0
    outer loop
      vertex -16.2 -21.4645 31.5355
      vertex -16.2 -1.75 39
      vertex -16.2 -1.73503 39.2284
    endloop
  endfacet
  facet normal 1 0 0
    outer loop
      vertex -16.2 -1.73503 38.7716
      vertex -16.2 -2.82843 30.8284
      vertex -16.2 -2.43505 31.1734
    endloop
  endfacet
  facet normal 1 0 0
    outer loop
      vertex -16.2 -1.73503 38.7716
      vertex -16.2 -3.17341 30.435
      vertex -16.2 -2.82843 30.8284
    endloop
  endfacet
  facet normal 1 0 0
    outer loop
      vertex -16.2 -1.73503 38.7716
      vertex -16.2 -20.6699 30.5
      vertex -16.2 -3.17341 30.435
    endloop
  endfacet
  facet normal 1 0 0
    outer loop
      vertex -16.2 -3.17341 30.435
      vertex -16.2 -20.6699 30.5
      vertex -16.2 -3.4641 30
    endloop
  endfacet
  facet normal 1 0 0
    outer loop
      vertex -16.2 -21.9562 31.9668
      vertex -16.2 -1.73503 39.2284
      vertex -16.2 -1.69037 39.4529
    endloop
  endfacet
  facet normal 1 0 -0
    outer loop
      vertex -16.2 -20.3806 29.9134
      vertex -16.2 -3.4641 30
      vertex -16.2 -20.6699 30.5
    endloop
  endfacet
  facet normal 1 0 0
    outer loop
      vertex -16.2 -3.96578 28.5221
      vertex -16.2 -20 28
      vertex -16.2 -4 28
    endloop
  endfacet
  facet normal 1 -0 0
    outer loop
      vertex -16.2 -20.0428 28.6526
      vertex -16.2 -3.96578 28.5221
      vertex -16.2 -3.8637 29.0353
    endloop
  endfacet
  facet normal 1 0 0
    outer loop
      vertex -16.2 -3.4641 30
      vertex -16.2 -20.3806 29.9134
      vertex -16.2 -3.69552 29.5307
    endloop
  endfacet
  facet normal 1 0 0
    outer loop
      vertex -16.2 -22.5 32.3301
      vertex -16.2 -1.69037 39.4529
      vertex -16.2 -1.61679 39.6697
    endloop
  endfacet
  facet normal 1 0 0
    outer loop
      vertex -16.2 -1.51554 39.875
      vertex -16.2 -23.0866 32.6194
      vertex -16.2 -1.61679 39.6697
    endloop
  endfacet
  facet normal 1 0 0
    outer loop
      vertex -16.2 -3.96578 28.5221
      vertex -16.2 -20.0428 28.6526
      vertex -16.2 -20 28
    endloop
  endfacet
  facet normal 1 0 0
    outer loop
      vertex -16.2 -3.8637 29.0353
      vertex -16.2 -20.1704 29.2941
      vertex -16.2 -20.0428 28.6526
    endloop
  endfacet
  facet normal 1 0 0
    outer loop
      vertex -16.2 -3.69552 29.5307
      vertex -16.2 -20.1704 29.2941
      vertex -16.2 -3.8637 29.0353
    endloop
  endfacet
  facet normal 1 0 -0
    outer loop
      vertex -16.2 -20.1704 29.2941
      vertex -16.2 -3.69552 29.5307
      vertex -16.2 -20.3806 29.9134
    endloop
  endfacet
  facet normal 1 0 0
    outer loop
      vertex -16.2 -1.73503 38.7716
      vertex -16.2 -21.0332 31.0438
      vertex -16.2 -20.6699 30.5
    endloop
  endfacet
  facet normal 1 0 0
    outer loop
      vertex -16.2 -1.75 39
      vertex -16.2 -21.4645 31.5355
      vertex -16.2 -21.0332 31.0438
    endloop
  endfacet
  facet normal 1 0 0
    outer loop
      vertex -16.2 -1.73503 39.2284
      vertex -16.2 -21.9562 31.9668
      vertex -16.2 -21.4645 31.5355
    endloop
  endfacet
  facet normal 1 0 0
    outer loop
      vertex -16.2 -1.69037 39.4529
      vertex -16.2 -22.5 32.3301
      vertex -16.2 -21.9562 31.9668
    endloop
  endfacet
  facet normal 1 0 0
    outer loop
      vertex -16.2 -1.61679 39.6697
      vertex -16.2 -23.0866 32.6194
      vertex -16.2 -22.5 32.3301
    endloop
  endfacet
  facet normal 1 0 0
    outer loop
      vertex -16.2 0 44
      vertex -16.2 -23.7059 32.8296
      vertex -16.2 -23.0866 32.6194
    endloop
  endfacet
  facet normal 1 0 0
    outer loop
      vertex -16.2 0 44
      vertex -16.2 -24.3474 32.9572
      vertex -16.2 -23.7059 32.8296
    endloop
  endfacet
  facet normal 1 0 0
    outer loop
      vertex -16.2 0 44
      vertex -16.2 -25 33
      vertex -16.2 -24.3474 32.9572
    endloop
  endfacet
  facet normal 1 0 0
    outer loop
      vertex -16.2 0 44
      vertex -16.2 -40 33
      vertex -16.2 -25 33
    endloop
  endfacet
  facet normal 1 -0 0
    outer loop
      vertex -16.2 -64 41
      vertex -16.2 -40 33
      vertex -16.2 0 44
    endloop
  endfacet
  facet normal 1 -0 -0
    outer loop
      vertex -16.2 -57.125 36.5155
      vertex -16.2 -40 33
      vertex -16.2 -64 41
    endloop
  endfacet
  facet normal 1 0 0
    outer loop
      vertex -16.2 -44.9572 28.6526
      vertex -16.2 -52 28
      vertex -16.2 -45 28
    endloop
  endfacet
  facet normal 1 0 0
    outer loop
      vertex -16.2 -44.8296 29.2941
      vertex -16.2 -52 28
      vertex -16.2 -44.9572 28.6526
    endloop
  endfacet
  facet normal 1 0 0
    outer loop
      vertex -16.2 -44.6194 29.9134
      vertex -16.2 -52 28
      vertex -16.2 -44.8296 29.2941
    endloop
  endfacet
  facet normal 1 0 0
    outer loop
      vertex -16.2 -44.3301 30.5
      vertex -16.2 -52 28
      vertex -16.2 -44.6194 29.9134
    endloop
  endfacet
  facet normal 1 0 0
    outer loop
      vertex -16.2 -56.265 34.7716
      vertex -16.2 -44.3301 30.5
      vertex -16.2 -43.9668 31.0438
    endloop
  endfacet
  facet normal 1 0 0
    outer loop
      vertex -16.2 -56.265 35.2284
      vertex -16.2 -43.9668 31.0438
      vertex -16.2 -43.5355 31.5355
    endloop
  endfacet
  facet normal 1 0 0
    outer loop
      vertex -16.2 -56.3096 35.4529
      vertex -16.2 -43.5355 31.5355
      vertex -16.2 -43.0438 31.9668
    endloop
  endfacet
  facet normal 1 0 0
    outer loop
      vertex -16.2 -56.3832 35.6697
      vertex -16.2 -43.0438 31.9668
      vertex -16.2 -42.5 32.3301
    endloop
  endfacet
  facet normal 1 0 0
    outer loop
      vertex -16.2 -56.6116 36.0653
      vertex -16.2 -42.5 32.3301
      vertex -16.2 -41.9134 32.6194
    endloop
  endfacet
  facet normal 1 0 0
    outer loop
      vertex -16.2 -43.9668 31.0438
      vertex -16.2 -56.25 35
      vertex -16.2 -56.265 34.7716
    endloop
  endfacet
  facet normal 1 0 0
    outer loop
      vertex -16.2 -56.7626 36.2374
      vertex -16.2 -41.9134 32.6194
      vertex -16.2 -41.2941 32.8296
    endloop
  endfacet
  facet normal 1 0 0
    outer loop
      vertex -16.2 -40 33
      vertex -16.2 -57.125 36.5155
      vertex -16.2 -40.6526 32.9572
    endloop
  endfacet
  facet normal 1 0 0
    outer loop
      vertex -16.2 -43.9668 31.0438
      vertex -16.2 -56.265 35.2284
      vertex -16.2 -56.25 35
    endloop
  endfacet
  facet normal 1 0 0
    outer loop
      vertex -16.2 -43.5355 31.5355
      vertex -16.2 -56.3096 35.4529
      vertex -16.2 -56.265 35.2284
    endloop
  endfacet
  facet normal 1 0 0
    outer loop
      vertex -16.2 -43.0438 31.9668
      vertex -16.2 -56.3832 35.6697
      vertex -16.2 -56.3096 35.4529
    endloop
  endfacet
  facet normal 1 0 0
    outer loop
      vertex -16.2 -42.5 32.3301
      vertex -16.2 -56.4845 35.875
      vertex -16.2 -56.3832 35.6697
    endloop
  endfacet
  facet normal 1 0 0
    outer loop
      vertex -16.2 -42.5 32.3301
      vertex -16.2 -56.6116 36.0653
      vertex -16.2 -56.4845 35.875
    endloop
  endfacet
  facet normal 1 0 0
    outer loop
      vertex -16.2 -41.9134 32.6194
      vertex -16.2 -56.7626 36.2374
      vertex -16.2 -56.6116 36.0653
    endloop
  endfacet
  facet normal 1 0 0
    outer loop
      vertex -16.2 -41.2941 32.8296
      vertex -16.2 -56.9347 36.3884
      vertex -16.2 -56.7626 36.2374
    endloop
  endfacet
  facet normal 1 0 0
    outer loop
      vertex -16.2 -40.6526 32.9572
      vertex -16.2 -56.9347 36.3884
      vertex -16.2 -41.2941 32.8296
    endloop
  endfacet
  facet normal 1 -0 -0
    outer loop
      vertex -16.2 -56.9347 36.3884
      vertex -16.2 -40.6526 32.9572
      vertex -16.2 -57.125 36.5155
    endloop
  endfacet
  facet normal 1 0 0
    outer loop
      vertex -16.2 -57.125 36.5155
      vertex -16.2 -64 41
      vertex -16.2 -57.3303 36.6168
    endloop
  endfacet
  facet normal 1 0 0
    outer loop
      vertex -16.2 -57.3303 36.6168
      vertex -16.2 -64 41
      vertex -16.2 -57.5471 36.6904
    endloop
  endfacet
  facet normal 1 0 0
    outer loop
      vertex -16.2 -57.5471 36.6904
      vertex -16.2 -64 41
      vertex -16.2 -57.7716 36.735
    endloop
  endfacet
  facet normal 1 0 0
    outer loop
      vertex -16.2 -57.7716 36.735
      vertex -16.2 -64 41
      vertex -16.2 -58 36.75
    endloop
  endfacet
  facet normal 1 0 0
    outer loop
      vertex -16.2 -59.735 35.2284
      vertex -16.2 -64 41
      vertex -16.2 -59.75 35
    endloop
  endfacet
  facet normal 1 0 0
    outer loop
      vertex -16.2 -59.6904 35.4529
      vertex -16.2 -64 41
      vertex -16.2 -59.735 35.2284
    endloop
  endfacet
  facet normal 1 0 0
    outer loop
      vertex -16.2 -59.6168 35.6697
      vertex -16.2 -64 41
      vertex -16.2 -59.6904 35.4529
    endloop
  endfacet
  facet normal 1 0 0
    outer loop
      vertex -16.2 -59.5155 35.875
      vertex -16.2 -64 41
      vertex -16.2 -59.6168 35.6697
    endloop
  endfacet
  facet normal 1 0 0
    outer loop
      vertex -16.2 -59.3884 36.0653
      vertex -16.2 -64 41
      vertex -16.2 -59.5155 35.875
    endloop
  endfacet
  facet normal 1 0 0
    outer loop
      vertex -16.2 -59.2374 36.2374
      vertex -16.2 -64 41
      vertex -16.2 -59.3884 36.0653
    endloop
  endfacet
  facet normal 1 0 0
    outer loop
      vertex -16.2 -59.0653 36.3884
      vertex -16.2 -64 41
      vertex -16.2 -59.2374 36.2374
    endloop
  endfacet
  facet normal 1 0 0
    outer loop
      vertex -16.2 -58.875 36.5155
      vertex -16.2 -64 41
      vertex -16.2 -59.0653 36.3884
    endloop
  endfacet
  facet normal 1 0 0
    outer loop
      vertex -16.2 -58.6697 36.6168
      vertex -16.2 -64 41
      vertex -16.2 -58.875 36.5155
    endloop
  endfacet
  facet normal 1 0 0
    outer loop
      vertex -16.2 -58.4529 36.6904
      vertex -16.2 -64 41
      vertex -16.2 -58.6697 36.6168
    endloop
  endfacet
  facet normal 1 0 0
    outer loop
      vertex -16.2 -58.2284 36.735
      vertex -16.2 -64 41
      vertex -16.2 -58.4529 36.6904
    endloop
  endfacet
  facet normal 1 0 0
    outer loop
      vertex -16.2 -58 36.75
      vertex -16.2 -64 41
      vertex -16.2 -58.2284 36.735
    endloop
  endfacet
  facet normal 1 0 0
    outer loop
      vertex -16.2 12.6937 18.2598
      vertex -16.2 3.17341 25.565
      vertex -16.2 11.3137 16.6863
    endloop
  endfacet
  facet normal 1 -0 0
    outer loop
      vertex -16.2 2.82843 25.1716
      vertex -16.2 11.3137 16.6863
      vertex -16.2 3.17341 25.565
    endloop
  endfacet
  facet normal 1 -0 0
    outer loop
      vertex -16.2 1.73503 17.2284
      vertex -16.2 11.3137 16.6863
      vertex -16.2 2.82843 25.1716
    endloop
  endfacet
  facet normal 1 0 0
    outer loop
      vertex -16.2 1.73503 17.2284
      vertex -16.2 9.74018 15.3063
      vertex -16.2 11.3137 16.6863
    endloop
  endfacet
  facet normal 1 0 0
    outer loop
      vertex -16.2 1.73503 17.2284
      vertex -16.2 8 14.1436
      vertex -16.2 9.74018 15.3063
    endloop
  endfacet
  facet normal 1 0 0
    outer loop
      vertex -16.2 8 14.1436
      vertex -16.2 1.75 17
      vertex -16.2 6.12293 13.2179
    endloop
  endfacet
  facet normal 1 0 0
    outer loop
      vertex -16.2 1.73503 17.2284
      vertex -16.2 2.82843 25.1716
      vertex -16.2 2.43505 24.8266
    endloop
  endfacet
  facet normal 1 -0 0
    outer loop
      vertex -16.2 1.73503 16.7716
      vertex -16.2 6.12293 13.2179
      vertex -16.2 1.75 17
    endloop
  endfacet
  facet normal 1 0 0
    outer loop
      vertex -16.2 1.38837 18.0653
      vertex -16.2 2.43505 24.8266
      vertex -16.2 2 24.5359
    endloop
  endfacet
  facet normal 1 -0 0
    outer loop
      vertex -16.2 1.69037 16.5471
      vertex -16.2 6.12293 13.2179
      vertex -16.2 1.73503 16.7716
    endloop
  endfacet
  facet normal 1 -0 0
    outer loop
      vertex -16.2 1.61679 16.3303
      vertex -16.2 6.12293 13.2179
      vertex -16.2 1.69037 16.5471
    endloop
  endfacet
  facet normal 1 0 0
    outer loop
      vertex -16.2 6.12293 13.2179
      vertex -16.2 1.61679 16.3303
      vertex -16.2 4.1411 12.5452
    endloop
  endfacet
  facet normal 1 -0 0
    outer loop
      vertex -16.2 1.51554 16.125
      vertex -16.2 4.1411 12.5452
      vertex -16.2 1.61679 16.3303
    endloop
  endfacet
  facet normal 1 -0 0
    outer loop
      vertex -16.2 1.38837 15.9347
      vertex -16.2 4.1411 12.5452
      vertex -16.2 1.51554 16.125
    endloop
  endfacet
  facet normal 1 -0 0
    outer loop
      vertex -16.2 1.23744 15.7626
      vertex -16.2 4.1411 12.5452
      vertex -16.2 1.38837 15.9347
    endloop
  endfacet
  facet normal 1 0 0
    outer loop
      vertex -16.2 4.1411 12.5452
      vertex -16.2 1.23744 15.7626
      vertex -16.2 2.08842 12.1369
    endloop
  endfacet
  facet normal 1 -0 0
    outer loop
      vertex -16.2 1.06533 15.6116
      vertex -16.2 2.08842 12.1369
      vertex -16.2 1.23744 15.7626
    endloop
  endfacet
  facet normal 1 -0 0
    outer loop
      vertex -16.2 0.875 15.4845
      vertex -16.2 2.08842 12.1369
      vertex -16.2 1.06533 15.6116
    endloop
  endfacet
  facet normal 1 -0 0
    outer loop
      vertex -16.2 0.669696 15.3832
      vertex -16.2 2.08842 12.1369
      vertex -16.2 0.875 15.4845
    endloop
  endfacet
  facet normal 1 -0 0
    outer loop
      vertex -16.2 0.452933 15.3096
      vertex -16.2 2.08842 12.1369
      vertex -16.2 0.669696 15.3832
    endloop
  endfacet
  facet normal 1 0 0
    outer loop
      vertex -16.2 0 12
      vertex -16.2 0.452933 15.3096
      vertex -16.2 0.22842 15.265
    endloop
  endfacet
  facet normal 1 0 0
    outer loop
      vertex -16.2 0 12
      vertex -16.2 0.22842 15.265
      vertex -16.2 0 15.25
    endloop
  endfacet
  facet normal 1 0 0
    outer loop
      vertex -16.2 0.452933 15.3096
      vertex -16.2 0 12
      vertex -16.2 2.08842 12.1369
    endloop
  endfacet
  facet normal 1 0 0
    outer loop
      vertex -16.2 -0.22842 15.265
      vertex -16.2 0 12
      vertex -16.2 0 15.25
    endloop
  endfacet
  facet normal 1 0 0
    outer loop
      vertex -16.2 -0.452933 15.3096
      vertex -16.2 0 12
      vertex -16.2 -0.22842 15.265
    endloop
  endfacet
  facet normal 1 0 0
    outer loop
      vertex -16.2 -0.669696 15.3832
      vertex -16.2 0 12
      vertex -16.2 -0.452933 15.3096
    endloop
  endfacet
  facet normal 1 0 0
    outer loop
      vertex -16.2 -0.875 15.4845
      vertex -16.2 0 12
      vertex -16.2 -0.669696 15.3832
    endloop
  endfacet
  facet normal 1 0 0
    outer loop
      vertex -16.2 -1.06533 15.6116
      vertex -16.2 0 12
      vertex -16.2 -0.875 15.4845
    endloop
  endfacet
  facet normal 1 0 0
    outer loop
      vertex -16.2 -1.23744 15.7626
      vertex -16.2 0 12
      vertex -16.2 -1.06533 15.6116
    endloop
  endfacet
  facet normal 1 0 0
    outer loop
      vertex -16.2 -1.38837 15.9347
      vertex -16.2 0 12
      vertex -16.2 -1.23744 15.7626
    endloop
  endfacet
  facet normal 1 0 0
    outer loop
      vertex -16.2 -1.51554 16.125
      vertex -16.2 0 12
      vertex -16.2 -1.38837 15.9347
    endloop
  endfacet
  facet normal 1 0 0
    outer loop
      vertex -16.2 -23.0866 23.3806
      vertex -16.2 -1.51554 16.125
      vertex -16.2 -1.61679 16.3303
    endloop
  endfacet
  facet normal 1 0 0
    outer loop
      vertex -16.2 -1.61679 17.6697
      vertex -16.2 -3.17341 25.565
      vertex -16.2 -1.69037 17.4529
    endloop
  endfacet
  facet normal 1 -0 0
    outer loop
      vertex -16.2 -20.6699 25.5
      vertex -16.2 -1.69037 17.4529
      vertex -16.2 -3.17341 25.565
    endloop
  endfacet
  facet normal 1 0 0
    outer loop
      vertex -16.2 -1.69037 17.4529
      vertex -16.2 -20.6699 25.5
      vertex -16.2 -1.73503 17.2284
    endloop
  endfacet
  facet normal 1 -0 0
    outer loop
      vertex -16.2 -21.0332 24.9562
      vertex -16.2 -1.73503 17.2284
      vertex -16.2 -20.6699 25.5
    endloop
  endfacet
  facet normal 1 0 0
    outer loop
      vertex -16.2 -20.6699 25.5
      vertex -16.2 -3.17341 25.565
      vertex -16.2 -3.4641 26
    endloop
  endfacet
  facet normal 1 -0 0
    outer loop
      vertex -16.2 -20.3806 26.0866
      vertex -16.2 -3.4641 26
      vertex -16.2 -3.69552 26.4693
    endloop
  endfacet
  facet normal 1 0 0
    outer loop
      vertex -16.2 -1.73503 17.2284
      vertex -16.2 -21.0332 24.9562
      vertex -16.2 -1.75 17
    endloop
  endfacet
  facet normal 1 -0 0
    outer loop
      vertex -16.2 -20.1704 26.7059
      vertex -16.2 -3.69552 26.4693
      vertex -16.2 -3.8637 26.9647
    endloop
  endfacet
  facet normal 1 -0 0
    outer loop
      vertex -16.2 -20 28
      vertex -16.2 -3.96578 27.4779
      vertex -16.2 -4 28
    endloop
  endfacet
  facet normal 1 0 0
    outer loop
      vertex -16.2 -20.0428 27.3474
      vertex -16.2 -3.96578 27.4779
      vertex -16.2 -20 28
    endloop
  endfacet
  facet normal 1 0 0
    outer loop
      vertex -16.2 -3.96578 27.4779
      vertex -16.2 -20.0428 27.3474
      vertex -16.2 -3.8637 26.9647
    endloop
  endfacet
  facet normal 1 0 0
    outer loop
      vertex -16.2 -20.1704 26.7059
      vertex -16.2 -3.8637 26.9647
      vertex -16.2 -20.0428 27.3474
    endloop
  endfacet
  facet normal 1 0 0
    outer loop
      vertex -16.2 -3.69552 26.4693
      vertex -16.2 -20.1704 26.7059
      vertex -16.2 -20.3806 26.0866
    endloop
  endfacet
  facet normal 1 0 0
    outer loop
      vertex -16.2 -3.4641 26
      vertex -16.2 -20.3806 26.0866
      vertex -16.2 -20.6699 25.5
    endloop
  endfacet
  facet normal 1 -0 0
    outer loop
      vertex -16.2 -21.4645 24.4645
      vertex -16.2 -1.75 17
      vertex -16.2 -21.0332 24.9562
    endloop
  endfacet
  facet normal 1 0 0
    outer loop
      vertex -16.2 -1.75 17
      vertex -16.2 -21.4645 24.4645
      vertex -16.2 -1.73503 16.7716
    endloop
  endfacet
  facet normal 1 -0 0
    outer loop
      vertex -16.2 -21.9562 24.0332
      vertex -16.2 -1.73503 16.7716
      vertex -16.2 -21.4645 24.4645
    endloop
  endfacet
  facet normal 1 0 0
    outer loop
      vertex -16.2 -1.73503 16.7716
      vertex -16.2 -21.9562 24.0332
      vertex -16.2 -1.69037 16.5471
    endloop
  endfacet
  facet normal 1 -0 0
    outer loop
      vertex -16.2 -22.5 23.6699
      vertex -16.2 -1.69037 16.5471
      vertex -16.2 -21.9562 24.0332
    endloop
  endfacet
  facet normal 1 0 0
    outer loop
      vertex -16.2 -1.69037 16.5471
      vertex -16.2 -22.5 23.6699
      vertex -16.2 -1.61679 16.3303
    endloop
  endfacet
  facet normal 1 -0 0
    outer loop
      vertex -16.2 -23.0866 23.3806
      vertex -16.2 -1.61679 16.3303
      vertex -16.2 -22.5 23.6699
    endloop
  endfacet
  facet normal 1 0 0
    outer loop
      vertex -16.2 -1.51554 16.125
      vertex -16.2 -23.0866 23.3806
      vertex -16.2 0 12
    endloop
  endfacet
  facet normal 1 -0 0
    outer loop
      vertex -16.2 -23.7059 23.1704
      vertex -16.2 0 12
      vertex -16.2 -23.0866 23.3806
    endloop
  endfacet
  facet normal 1 -0 0
    outer loop
      vertex -16.2 -24.3474 23.0428
      vertex -16.2 0 12
      vertex -16.2 -23.7059 23.1704
    endloop
  endfacet
  facet normal 1 -0 0
    outer loop
      vertex -16.2 -25 23
      vertex -16.2 0 12
      vertex -16.2 -24.3474 23.0428
    endloop
  endfacet
  facet normal 1 0 0
    outer loop
      vertex -16.2 -52 15
      vertex -16.2 -25 23
      vertex -16.2 -40 23
    endloop
  endfacet
  facet normal 1 0 0
    outer loop
      vertex -16.2 -52 15
      vertex -16.2 -40 23
      vertex -16.2 -40.6526 23.0428
    endloop
  endfacet
  facet normal 1 0 0
    outer loop
      vertex -16.2 -52 15
      vertex -16.2 -40.6526 23.0428
      vertex -16.2 -41.2941 23.1704
    endloop
  endfacet
  facet normal 1 -0 0
    outer loop
      vertex -16.2 -52 28
      vertex -16.2 -44.9572 27.3474
      vertex -16.2 -45 28
    endloop
  endfacet
  facet normal 1 0 0
    outer loop
      vertex -16.2 -52 28
      vertex -16.2 -44.8296 26.7059
      vertex -16.2 -44.9572 27.3474
    endloop
  endfacet
  facet normal 1 0 0
    outer loop
      vertex -16.2 -52 28
      vertex -16.2 -44.6194 26.0866
      vertex -16.2 -44.8296 26.7059
    endloop
  endfacet
  facet normal 1 0 0
    outer loop
      vertex -16.2 -52 28
      vertex -16.2 -44.3301 25.5
      vertex -16.2 -44.6194 26.0866
    endloop
  endfacet
  facet normal 1 0 0
    outer loop
      vertex -16.2 -52 15
      vertex -16.2 -44.3301 25.5
      vertex -16.2 -52 28
    endloop
  endfacet
  facet normal 1 0 0
    outer loop
      vertex -16.2 -44.3301 25.5
      vertex -16.2 -52 15
      vertex -16.2 -43.9668 24.9562
    endloop
  endfacet
  facet normal 1 0 0
    outer loop
      vertex -16.2 -43.9668 24.9562
      vertex -16.2 -52 15
      vertex -16.2 -43.5355 24.4645
    endloop
  endfacet
  facet normal 1 0 0
    outer loop
      vertex -16.2 -43.5355 24.4645
      vertex -16.2 -52 15
      vertex -16.2 -43.0438 24.0332
    endloop
  endfacet
  facet normal 1 0 0
    outer loop
      vertex -16.2 -43.0438 24.0332
      vertex -16.2 -52 15
      vertex -16.2 -42.5 23.6699
    endloop
  endfacet
  facet normal 1 0 0
    outer loop
      vertex -16.2 -42.5 23.6699
      vertex -16.2 -52 15
      vertex -16.2 -41.9134 23.3806
    endloop
  endfacet
  facet normal 1 0 0
    outer loop
      vertex -16.2 -52 15
      vertex -16.2 -41.2941 23.1704
      vertex -16.2 -41.9134 23.3806
    endloop
  endfacet
  facet normal 1 0 0
    outer loop
      vertex -16.2 -25 23
      vertex -16.2 -52 15
      vertex -16.2 0 12
    endloop
  endfacet
  facet normal 1 0 0
    outer loop
      vertex -16.2 0 12
      vertex -16.2 -52 15
      vertex -16.2 -64 15
    endloop
  endfacet
  facet normal 1 0 0
    outer loop
      vertex -16.2 11.3137 39.3137
      vertex -16.2 2.82843 30.8284
      vertex -16.2 3.17341 30.435
    endloop
  endfacet
  facet normal 1 0 0
    outer loop
      vertex -16.2 11.3137 39.3137
      vertex -16.2 1.51554 38.125
      vertex -16.2 2.82843 30.8284
    endloop
  endfacet
  facet normal 1 0 0
    outer loop
      vertex -16.2 2.82843 30.8284
      vertex -16.2 1.51554 38.125
      vertex -16.2 2.43505 31.1734
    endloop
  endfacet
  facet normal 1 -0 0
    outer loop
      vertex -16.2 1.38837 37.9347
      vertex -16.2 2.43505 31.1734
      vertex -16.2 1.51554 38.125
    endloop
  endfacet
  facet normal 1 0 0
    outer loop
      vertex -16.2 2.43505 31.1734
      vertex -16.2 1.38837 37.9347
      vertex -16.2 2 31.4641
    endloop
  endfacet
  facet normal 1 -0 0
    outer loop
      vertex -16.2 1.23744 37.7626
      vertex -16.2 2 31.4641
      vertex -16.2 1.38837 37.9347
    endloop
  endfacet
  facet normal 1 -0 0
    outer loop
      vertex -16.2 1.06533 37.6116
      vertex -16.2 2 31.4641
      vertex -16.2 1.23744 37.7626
    endloop
  endfacet
  facet normal 1 0 0
    outer loop
      vertex -16.2 2 31.4641
      vertex -16.2 1.06533 37.6116
      vertex -16.2 1.53073 31.6955
    endloop
  endfacet
  facet normal 1 -0 0
    outer loop
      vertex -16.2 0.875 37.4845
      vertex -16.2 1.53073 31.6955
      vertex -16.2 1.06533 37.6116
    endloop
  endfacet
  facet normal 1 0 0
    outer loop
      vertex -16.2 1.53073 31.6955
      vertex -16.2 0.875 37.4845
      vertex -16.2 1.03528 31.8637
    endloop
  endfacet
  facet normal 1 -0 0
    outer loop
      vertex -16.2 0.669696 37.3832
      vertex -16.2 1.03528 31.8637
      vertex -16.2 0.875 37.4845
    endloop
  endfacet
  facet normal 1 -0 0
    outer loop
      vertex -16.2 0.452933 37.3096
      vertex -16.2 1.03528 31.8637
      vertex -16.2 0.669696 37.3832
    endloop
  endfacet
  facet normal 1 0 0
    outer loop
      vertex -16.2 1.03528 31.8637
      vertex -16.2 0.452933 37.3096
      vertex -16.2 0.522104 31.9658
    endloop
  endfacet
  facet normal 1 -0 0
    outer loop
      vertex -16.2 0.22842 37.265
      vertex -16.2 0.522104 31.9658
      vertex -16.2 0.452933 37.3096
    endloop
  endfacet
  facet normal 1 0 0
    outer loop
      vertex -16.2 0 32
      vertex -16.2 0.22842 37.265
      vertex -16.2 0 37.25
    endloop
  endfacet
  facet normal 1 0 0
    outer loop
      vertex -16.2 0.22842 37.265
      vertex -16.2 0 32
      vertex -16.2 0.522104 31.9658
    endloop
  endfacet
  facet normal 1 0 0
    outer loop
      vertex -16.2 -0.22842 37.265
      vertex -16.2 0 32
      vertex -16.2 0 37.25
    endloop
  endfacet
  facet normal 1 0 0
    outer loop
      vertex -16.2 -0.522104 31.9658
      vertex -16.2 -0.22842 37.265
      vertex -16.2 -0.452933 37.3096
    endloop
  endfacet
  facet normal 1 0 0
    outer loop
      vertex -16.2 -0.22842 37.265
      vertex -16.2 -0.522104 31.9658
      vertex -16.2 0 32
    endloop
  endfacet
  facet normal 1 0 0
    outer loop
      vertex -16.2 -1.03528 31.8637
      vertex -16.2 -0.452933 37.3096
      vertex -16.2 -0.669696 37.3832
    endloop
  endfacet
  facet normal 1 0 0
    outer loop
      vertex -16.2 -1.03528 31.8637
      vertex -16.2 -0.669696 37.3832
      vertex -16.2 -0.875 37.4845
    endloop
  endfacet
  facet normal 1 0 0
    outer loop
      vertex -16.2 -0.452933 37.3096
      vertex -16.2 -1.03528 31.8637
      vertex -16.2 -0.522104 31.9658
    endloop
  endfacet
  facet normal 1 0 0
    outer loop
      vertex -16.2 -1.53073 31.6955
      vertex -16.2 -0.875 37.4845
      vertex -16.2 -1.06533 37.6116
    endloop
  endfacet
  facet normal 1 0 0
    outer loop
      vertex -16.2 -2 31.4641
      vertex -16.2 -1.06533 37.6116
      vertex -16.2 -1.23744 37.7626
    endloop
  endfacet
  facet normal 1 0 0
    outer loop
      vertex -16.2 -2 31.4641
      vertex -16.2 -1.23744 37.7626
      vertex -16.2 -1.38837 37.9347
    endloop
  endfacet
  facet normal 1 0 0
    outer loop
      vertex -16.2 -2.43505 31.1734
      vertex -16.2 -1.38837 37.9347
      vertex -16.2 -1.51554 38.125
    endloop
  endfacet
  facet normal 1 0 0
    outer loop
      vertex -16.2 -0.875 37.4845
      vertex -16.2 -1.53073 31.6955
      vertex -16.2 -1.03528 31.8637
    endloop
  endfacet
  facet normal 1 0 0
    outer loop
      vertex -16.2 -2.43505 31.1734
      vertex -16.2 -1.51554 38.125
      vertex -16.2 -1.61679 38.3303
    endloop
  endfacet
  facet normal 1 0 0
    outer loop
      vertex -16.2 -2.43505 31.1734
      vertex -16.2 -1.61679 38.3303
      vertex -16.2 -1.69037 38.5471
    endloop
  endfacet
  facet normal 1 0 0
    outer loop
      vertex -16.2 -2.43505 31.1734
      vertex -16.2 -1.69037 38.5471
      vertex -16.2 -1.73503 38.7716
    endloop
  endfacet
  facet normal 1 0 0
    outer loop
      vertex -16.2 -21.0332 31.0438
      vertex -16.2 -1.73503 38.7716
      vertex -16.2 -1.75 39
    endloop
  endfacet
  facet normal 1 0 0
    outer loop
      vertex -16.2 -1.06533 37.6116
      vertex -16.2 -2 31.4641
      vertex -16.2 -1.53073 31.6955
    endloop
  endfacet
  facet normal 1 0 0
    outer loop
      vertex -16.2 -44.3301 30.5
      vertex -16.2 -56.265 34.7716
      vertex -16.2 -52 28
    endloop
  endfacet
  facet normal 1 -0 0
    outer loop
      vertex -16.2 -56.3096 34.5471
      vertex -16.2 -52 28
      vertex -16.2 -56.265 34.7716
    endloop
  endfacet
  facet normal 1 -0 0
    outer loop
      vertex -16.2 -56.3832 34.3303
      vertex -16.2 -52 28
      vertex -16.2 -56.3096 34.5471
    endloop
  endfacet
  facet normal 1 -0 0
    outer loop
      vertex -16.2 -56.4845 34.125
      vertex -16.2 -52 28
      vertex -16.2 -56.3832 34.3303
    endloop
  endfacet
  facet normal 1 -0 0
    outer loop
      vertex -16.2 -56.6116 33.9347
      vertex -16.2 -52 28
      vertex -16.2 -56.4845 34.125
    endloop
  endfacet
  facet normal 1 -0 0
    outer loop
      vertex -16.2 -56.7626 33.7626
      vertex -16.2 -52 28
      vertex -16.2 -56.6116 33.9347
    endloop
  endfacet
  facet normal 1 -0 0
    outer loop
      vertex -16.2 -56.9347 33.6116
      vertex -16.2 -52 28
      vertex -16.2 -56.7626 33.7626
    endloop
  endfacet
  facet normal 1 -0 0
    outer loop
      vertex -16.2 -57.125 33.4845
      vertex -16.2 -52 28
      vertex -16.2 -56.9347 33.6116
    endloop
  endfacet
  facet normal 1 -0 0
    outer loop
      vertex -16.2 -57.3303 33.3832
      vertex -16.2 -52 28
      vertex -16.2 -57.125 33.4845
    endloop
  endfacet
  facet normal 1 -0 0
    outer loop
      vertex -16.2 -57.5471 33.3096
      vertex -16.2 -52 28
      vertex -16.2 -57.3303 33.3832
    endloop
  endfacet
  facet normal 1 -0 0
    outer loop
      vertex -16.2 -57.7716 33.265
      vertex -16.2 -52 28
      vertex -16.2 -57.5471 33.3096
    endloop
  endfacet
  facet normal 1 -0 0
    outer loop
      vertex -16.2 -58 33.25
      vertex -16.2 -52 28
      vertex -16.2 -57.7716 33.265
    endloop
  endfacet
  facet normal 1 0 0
    outer loop
      vertex -16.2 -64 28
      vertex -16.2 -58 33.25
      vertex -16.2 -58.2284 33.265
    endloop
  endfacet
  facet normal 1 0 0
    outer loop
      vertex -16.2 -64 28
      vertex -16.2 -58.2284 33.265
      vertex -16.2 -58.4529 33.3096
    endloop
  endfacet
  facet normal 1 0 0
    outer loop
      vertex -16.2 -64 28
      vertex -16.2 -58.4529 33.3096
      vertex -16.2 -58.6697 33.3832
    endloop
  endfacet
  facet normal 1 0 0
    outer loop
      vertex -16.2 -64 28
      vertex -16.2 -58.6697 33.3832
      vertex -16.2 -58.875 33.4845
    endloop
  endfacet
  facet normal 1 0 0
    outer loop
      vertex -16.2 -64 28
      vertex -16.2 -58.875 33.4845
      vertex -16.2 -59.0653 33.6116
    endloop
  endfacet
  facet normal 1 0 0
    outer loop
      vertex -16.2 -64 28
      vertex -16.2 -59.75 35
      vertex -16.2 -64 41
    endloop
  endfacet
  facet normal 1 0 0
    outer loop
      vertex -16.2 -59.75 35
      vertex -16.2 -64 28
      vertex -16.2 -59.735 34.7716
    endloop
  endfacet
  facet normal 1 0 0
    outer loop
      vertex -16.2 -59.735 34.7716
      vertex -16.2 -64 28
      vertex -16.2 -59.6904 34.5471
    endloop
  endfacet
  facet normal 1 0 0
    outer loop
      vertex -16.2 -59.6904 34.5471
      vertex -16.2 -64 28
      vertex -16.2 -59.6168 34.3303
    endloop
  endfacet
  facet normal 1 0 0
    outer loop
      vertex -16.2 -58 33.25
      vertex -16.2 -64 28
      vertex -16.2 -52 28
    endloop
  endfacet
  facet normal 1 0 0
    outer loop
      vertex -16.2 -59.2374 33.7626
      vertex -16.2 -64 28
      vertex -16.2 -59.0653 33.6116
    endloop
  endfacet
  facet normal 1 0 0
    outer loop
      vertex -16.2 -59.3884 33.9347
      vertex -16.2 -64 28
      vertex -16.2 -59.2374 33.7626
    endloop
  endfacet
  facet normal 1 0 0
    outer loop
      vertex -16.2 -59.5155 34.125
      vertex -16.2 -64 28
      vertex -16.2 -59.3884 33.9347
    endloop
  endfacet
  facet normal 1 0 0
    outer loop
      vertex -16.2 -59.6168 34.3303
      vertex -16.2 -64 28
      vertex -16.2 -59.5155 34.125
    endloop
  endfacet
  facet normal 0 -0.0468236 0.998903
    outer loop
      vertex -23.2 0 44
      vertex -16.2 -64 41
      vertex -16.2 0 44
    endloop
  endfacet
  facet normal 0 -0.0468236 0.998903
    outer loop
      vertex -16.2 -64 41
      vertex -23.2 0 44
      vertex -23.2 -64 41
    endloop
  endfacet
  facet normal 0 -0.0468236 -0.998903
    outer loop
      vertex -23.2 -64 15
      vertex -16.2 0 12
      vertex -16.2 -64 15
    endloop
  endfacet
  facet normal -0 -0.0468236 -0.998903
    outer loop
      vertex -16.2 0 12
      vertex -23.2 -64 15
      vertex -23.2 0 12
    endloop
  endfacet
  facet normal -1 0 0
    outer loop
      vertex -23.2 -56.4845 21.875
      vertex -23.2 -44.8296 26.7059
      vertex -23.2 -56.3832 21.6697
    endloop
  endfacet
  facet normal -1 0 0
    outer loop
      vertex -23.2 -45 28
      vertex -23.2 -56.265 34.7716
      vertex -23.2 -56.25 35
    endloop
  endfacet
  facet normal -1 0 0
    outer loop
      vertex -23.2 -56.6116 22.0653
      vertex -23.2 -44.8296 26.7059
      vertex -23.2 -56.4845 21.875
    endloop
  endfacet
  facet normal -1 0 0
    outer loop
      vertex -23.2 -45 28
      vertex -23.2 -56.3096 34.5471
      vertex -23.2 -56.265 34.7716
    endloop
  endfacet
  facet normal -1 -0 0
    outer loop
      vertex -23.2 -44.8296 26.7059
      vertex -23.2 -56.6116 22.0653
      vertex -23.2 -44.9572 27.3474
    endloop
  endfacet
  facet normal -1 0 0
    outer loop
      vertex -23.2 -45 28
      vertex -23.2 -56.3832 34.3303
      vertex -23.2 -56.3096 34.5471
    endloop
  endfacet
  facet normal -1 0 0
    outer loop
      vertex -23.2 -56.7626 22.2374
      vertex -23.2 -44.9572 27.3474
      vertex -23.2 -56.6116 22.0653
    endloop
  endfacet
  facet normal -1 0 0
    outer loop
      vertex -23.2 -45 28
      vertex -23.2 -56.4845 34.125
      vertex -23.2 -56.3832 34.3303
    endloop
  endfacet
  facet normal -1 -0 0
    outer loop
      vertex -23.2 -44.9572 27.3474
      vertex -23.2 -56.7626 22.2374
      vertex -23.2 -45 28
    endloop
  endfacet
  facet normal -1 0 0
    outer loop
      vertex -23.2 -45 28
      vertex -23.2 -56.6116 33.9347
      vertex -23.2 -56.4845 34.125
    endloop
  endfacet
  facet normal -1 0 0
    outer loop
      vertex -23.2 -56.9347 22.3884
      vertex -23.2 -45 28
      vertex -23.2 -56.7626 22.2374
    endloop
  endfacet
  facet normal -1 0 0
    outer loop
      vertex -23.2 -45 28
      vertex -23.2 -56.7626 33.7626
      vertex -23.2 -56.6116 33.9347
    endloop
  endfacet
  facet normal -1 0 0
    outer loop
      vertex -23.2 -56.9347 33.6116
      vertex -23.2 -45 28
      vertex -23.2 -56.9347 22.3884
    endloop
  endfacet
  facet normal -1 0 0
    outer loop
      vertex -23.2 -45 28
      vertex -23.2 -56.9347 33.6116
      vertex -23.2 -56.7626 33.7626
    endloop
  endfacet
  facet normal -1 0 0
    outer loop
      vertex -23.2 -57.125 22.5155
      vertex -23.2 -56.9347 33.6116
      vertex -23.2 -56.9347 22.3884
    endloop
  endfacet
  facet normal -1 0 0
    outer loop
      vertex -23.2 -57.125 22.5155
      vertex -23.2 -57.125 33.4845
      vertex -23.2 -56.9347 33.6116
    endloop
  endfacet
  facet normal -1 0 0
    outer loop
      vertex -23.2 -57.3303 22.6168
      vertex -23.2 -57.125 33.4845
      vertex -23.2 -57.125 22.5155
    endloop
  endfacet
  facet normal -1 0 0
    outer loop
      vertex -23.2 -57.3303 22.6168
      vertex -23.2 -57.3303 33.3832
      vertex -23.2 -57.125 33.4845
    endloop
  endfacet
  facet normal -1 0 0
    outer loop
      vertex -23.2 -57.5471 22.6904
      vertex -23.2 -57.3303 33.3832
      vertex -23.2 -57.3303 22.6168
    endloop
  endfacet
  facet normal -1 0 0
    outer loop
      vertex -23.2 -57.5471 22.6904
      vertex -23.2 -57.5471 33.3096
      vertex -23.2 -57.3303 33.3832
    endloop
  endfacet
  facet normal -1 0 0
    outer loop
      vertex -23.2 -57.7716 22.735
      vertex -23.2 -57.5471 33.3096
      vertex -23.2 -57.5471 22.6904
    endloop
  endfacet
  facet normal -1 0 0
    outer loop
      vertex -23.2 -57.7716 22.735
      vertex -23.2 -57.7716 33.265
      vertex -23.2 -57.5471 33.3096
    endloop
  endfacet
  facet normal -1 0 0
    outer loop
      vertex -23.2 -58 22.75
      vertex -23.2 -57.7716 33.265
      vertex -23.2 -57.7716 22.735
    endloop
  endfacet
  facet normal -1 0 0
    outer loop
      vertex -23.2 -58 22.75
      vertex -23.2 -58 33.25
      vertex -23.2 -57.7716 33.265
    endloop
  endfacet
  facet normal -1 0 0
    outer loop
      vertex -23.2 -58.2284 22.735
      vertex -23.2 -58 33.25
      vertex -23.2 -58 22.75
    endloop
  endfacet
  facet normal -1 0 0
    outer loop
      vertex -23.2 -58.2284 22.735
      vertex -23.2 -58.2284 33.265
      vertex -23.2 -58 33.25
    endloop
  endfacet
  facet normal -1 0 0
    outer loop
      vertex -23.2 -58.4529 22.6904
      vertex -23.2 -58.2284 33.265
      vertex -23.2 -58.2284 22.735
    endloop
  endfacet
  facet normal -1 0 0
    outer loop
      vertex -23.2 -58.4529 22.6904
      vertex -23.2 -58.4529 33.3096
      vertex -23.2 -58.2284 33.265
    endloop
  endfacet
  facet normal -1 0 0
    outer loop
      vertex -23.2 -58.6697 22.6168
      vertex -23.2 -58.4529 33.3096
      vertex -23.2 -58.4529 22.6904
    endloop
  endfacet
  facet normal -1 0 0
    outer loop
      vertex -23.2 -58.6697 22.6168
      vertex -23.2 -58.6697 33.3832
      vertex -23.2 -58.4529 33.3096
    endloop
  endfacet
  facet normal -1 0 0
    outer loop
      vertex -23.2 -58.875 22.5155
      vertex -23.2 -58.6697 33.3832
      vertex -23.2 -58.6697 22.6168
    endloop
  endfacet
  facet normal -1 0 0
    outer loop
      vertex -23.2 -58.875 22.5155
      vertex -23.2 -58.875 33.4845
      vertex -23.2 -58.6697 33.3832
    endloop
  endfacet
  facet normal -1 0 0
    outer loop
      vertex -23.2 -59.0653 22.3884
      vertex -23.2 -58.875 33.4845
      vertex -23.2 -58.875 22.5155
    endloop
  endfacet
  facet normal -1 0 0
    outer loop
      vertex -23.2 -59.0653 22.3884
      vertex -23.2 -59.0653 33.6116
      vertex -23.2 -58.875 33.4845
    endloop
  endfacet
  facet normal -1 0 0
    outer loop
      vertex -23.2 -59.2374 22.2374
      vertex -23.2 -59.0653 33.6116
      vertex -23.2 -59.0653 22.3884
    endloop
  endfacet
  facet normal -1 0 0
    outer loop
      vertex -23.2 -59.2374 22.2374
      vertex -23.2 -59.2374 33.7626
      vertex -23.2 -59.0653 33.6116
    endloop
  endfacet
  facet normal -1 0 0
    outer loop
      vertex -23.2 -59.3884 22.0653
      vertex -23.2 -59.2374 33.7626
      vertex -23.2 -59.2374 22.2374
    endloop
  endfacet
  facet normal -1 0 0
    outer loop
      vertex -23.2 -59.3884 22.0653
      vertex -23.2 -59.3884 33.9347
      vertex -23.2 -59.2374 33.7626
    endloop
  endfacet
  facet normal -1 0 0
    outer loop
      vertex -23.2 -59.5155 21.875
      vertex -23.2 -59.3884 33.9347
      vertex -23.2 -59.3884 22.0653
    endloop
  endfacet
  facet normal -1 0 0
    outer loop
      vertex -23.2 -59.5155 21.875
      vertex -23.2 -59.5155 34.125
      vertex -23.2 -59.3884 33.9347
    endloop
  endfacet
  facet normal -1 0 0
    outer loop
      vertex -23.2 -59.6168 21.6697
      vertex -23.2 -59.5155 34.125
      vertex -23.2 -59.5155 21.875
    endloop
  endfacet
  facet normal -1 0 0
    outer loop
      vertex -23.2 -59.6168 21.6697
      vertex -23.2 -59.6168 34.3303
      vertex -23.2 -59.5155 34.125
    endloop
  endfacet
  facet normal -1 0 0
    outer loop
      vertex -23.2 -64 15
      vertex -23.2 -59.6168 21.6697
      vertex -23.2 -59.6904 21.4529
    endloop
  endfacet
  facet normal -1 -0 0
    outer loop
      vertex -23.2 -59.6168 21.6697
      vertex -23.2 -64 15
      vertex -23.2 -59.6168 34.3303
    endloop
  endfacet
  facet normal -1 0 0
    outer loop
      vertex -23.2 -64 15
      vertex -23.2 -59.6904 21.4529
      vertex -23.2 -59.735 21.2284
    endloop
  endfacet
  facet normal -1 0 0
    outer loop
      vertex -23.2 -64 41
      vertex -23.2 -59.6168 34.3303
      vertex -23.2 -64 15
    endloop
  endfacet
  facet normal -1 0 0
    outer loop
      vertex -23.2 -64 15
      vertex -23.2 -59.735 21.2284
      vertex -23.2 -59.75 21
    endloop
  endfacet
  facet normal -1 0 0
    outer loop
      vertex -23.2 -59.6168 34.3303
      vertex -23.2 -64 41
      vertex -23.2 -59.6904 34.5471
    endloop
  endfacet
  facet normal -1 0 0
    outer loop
      vertex -23.2 6.12293 13.2179
      vertex -23.2 1.73503 16.7716
      vertex -23.2 1.75 17
    endloop
  endfacet
  facet normal -1 0 0
    outer loop
      vertex -23.2 4.1411 12.5452
      vertex -23.2 1.69037 16.5471
      vertex -23.2 1.73503 16.7716
    endloop
  endfacet
  facet normal -1 0 0
    outer loop
      vertex -23.2 4.1411 12.5452
      vertex -23.2 1.61679 16.3303
      vertex -23.2 1.69037 16.5471
    endloop
  endfacet
  facet normal -1 0 0
    outer loop
      vertex -23.2 4.1411 12.5452
      vertex -23.2 1.51554 16.125
      vertex -23.2 1.61679 16.3303
    endloop
  endfacet
  facet normal -1 0 0
    outer loop
      vertex -23.2 4.1411 12.5452
      vertex -23.2 1.38837 15.9347
      vertex -23.2 1.51554 16.125
    endloop
  endfacet
  facet normal -1 0 0
    outer loop
      vertex -23.2 4.1411 12.5452
      vertex -23.2 1.23744 15.7626
      vertex -23.2 1.38837 15.9347
    endloop
  endfacet
  facet normal -1 0 0
    outer loop
      vertex -23.2 2.08842 12.1369
      vertex -23.2 1.06533 15.6116
      vertex -23.2 1.23744 15.7626
    endloop
  endfacet
  facet normal -1 0 0
    outer loop
      vertex -23.2 2.08842 12.1369
      vertex -23.2 0.875 15.4845
      vertex -23.2 1.06533 15.6116
    endloop
  endfacet
  facet normal -1 0 0
    outer loop
      vertex -23.2 2.08842 12.1369
      vertex -23.2 0.669696 15.3832
      vertex -23.2 0.875 15.4845
    endloop
  endfacet
  facet normal -1 0 0
    outer loop
      vertex -23.2 2.08842 12.1369
      vertex -23.2 0.452933 15.3096
      vertex -23.2 0.669696 15.3832
    endloop
  endfacet
  facet normal -1 0 0
    outer loop
      vertex -23.2 0 12
      vertex -23.2 0.452933 15.3096
      vertex -23.2 2.08842 12.1369
    endloop
  endfacet
  facet normal -1 0 0
    outer loop
      vertex -23.2 0.452933 15.3096
      vertex -23.2 0 12
      vertex -23.2 0.22842 15.265
    endloop
  endfacet
  facet normal -1 0 0
    outer loop
      vertex -23.2 0 12
      vertex -23.2 0 15.25
      vertex -23.2 0.22842 15.265
    endloop
  endfacet
  facet normal -1 0 0
    outer loop
      vertex -23.2 0 12
      vertex -23.2 -0.22842 15.265
      vertex -23.2 0 15.25
    endloop
  endfacet
  facet normal -1 0 0
    outer loop
      vertex -23.2 0 12
      vertex -23.2 -0.452933 15.3096
      vertex -23.2 -0.22842 15.265
    endloop
  endfacet
  facet normal -1 0 0
    outer loop
      vertex -23.2 0 12
      vertex -23.2 -0.669696 15.3832
      vertex -23.2 -0.452933 15.3096
    endloop
  endfacet
  facet normal -1 0 0
    outer loop
      vertex -23.2 0 12
      vertex -23.2 -0.875 15.4845
      vertex -23.2 -0.669696 15.3832
    endloop
  endfacet
  facet normal -1 0 0
    outer loop
      vertex -23.2 0 12
      vertex -23.2 -1.06533 15.6116
      vertex -23.2 -0.875 15.4845
    endloop
  endfacet
  facet normal -1 0 0
    outer loop
      vertex -23.2 0 12
      vertex -23.2 -1.23744 15.7626
      vertex -23.2 -1.06533 15.6116
    endloop
  endfacet
  facet normal -1 0 0
    outer loop
      vertex -23.2 0 12
      vertex -23.2 -1.38837 15.9347
      vertex -23.2 -1.23744 15.7626
    endloop
  endfacet
  facet normal -1 0 0
    outer loop
      vertex -23.2 0 12
      vertex -23.2 -1.51554 16.125
      vertex -23.2 -1.38837 15.9347
    endloop
  endfacet
  facet normal -1 0 0
    outer loop
      vertex -23.2 -23.0866 23.3806
      vertex -23.2 -1.51554 16.125
      vertex -23.2 0 12
    endloop
  endfacet
  facet normal -1 0 0
    outer loop
      vertex -23.2 -4.6669 23.3331
      vertex -23.2 -1.75 17
      vertex -23.2 -1.73503 16.7716
    endloop
  endfacet
  facet normal -1 0 0
    outer loop
      vertex -23.2 -1.75 17
      vertex -23.2 -3.3 22.2842
      vertex -23.2 -2.52571 21.9024
    endloop
  endfacet
  facet normal -1 0 0
    outer loop
      vertex -23.2 -21.9562 24.0332
      vertex -23.2 -1.73503 16.7716
      vertex -23.2 -1.69037 16.5471
    endloop
  endfacet
  facet normal -1 0 0
    outer loop
      vertex -23.2 -1.75 17
      vertex -23.2 -4.01783 22.7639
      vertex -23.2 -3.3 22.2842
    endloop
  endfacet
  facet normal -1 0 0
    outer loop
      vertex -23.2 -22.5 23.6699
      vertex -23.2 -1.69037 16.5471
      vertex -23.2 -1.61679 16.3303
    endloop
  endfacet
  facet normal -1 0 0
    outer loop
      vertex -23.2 -1.75 17
      vertex -23.2 -4.6669 23.3331
      vertex -23.2 -4.01783 22.7639
    endloop
  endfacet
  facet normal -1 0 0
    outer loop
      vertex -23.2 -1.51554 16.125
      vertex -23.2 -23.0866 23.3806
      vertex -23.2 -1.61679 16.3303
    endloop
  endfacet
  facet normal -1 0 0
    outer loop
      vertex -23.2 -1.73503 16.7716
      vertex -23.2 -21.9562 24.0332
      vertex -23.2 -21.4645 24.4645
    endloop
  endfacet
  facet normal -1 0 0
    outer loop
      vertex -23.2 -1.73503 16.7716
      vertex -23.2 -21.4645 24.4645
      vertex -23.2 -4.6669 23.3331
    endloop
  endfacet
  facet normal -1 0 0
    outer loop
      vertex -23.2 -4.6669 23.3331
      vertex -23.2 -21.4645 24.4645
      vertex -23.2 -5.23613 23.9822
    endloop
  endfacet
  facet normal -1 0 0
    outer loop
      vertex -23.2 -20.0428 27.3474
      vertex -23.2 -6.6 28
      vertex -23.2 -6.54354 27.1385
    endloop
  endfacet
  facet normal -1 0 0
    outer loop
      vertex -23.2 -20.1704 26.7059
      vertex -23.2 -6.54354 27.1385
      vertex -23.2 -6.37511 26.2918
    endloop
  endfacet
  facet normal -1 0 0
    outer loop
      vertex -23.2 -20.3806 26.0866
      vertex -23.2 -6.37511 26.2918
      vertex -23.2 -6.0976 25.4743
    endloop
  endfacet
  facet normal -1 0 0
    outer loop
      vertex -23.2 -5.23613 23.9822
      vertex -23.2 -21.0332 24.9562
      vertex -23.2 -5.71577 24.7
    endloop
  endfacet
  facet normal -1 -0 0
    outer loop
      vertex -23.2 -6.6 28
      vertex -23.2 -20.0428 27.3474
      vertex -23.2 -20 28
    endloop
  endfacet
  facet normal -1 -0 0
    outer loop
      vertex -23.2 -6.54354 27.1385
      vertex -23.2 -20.1704 26.7059
      vertex -23.2 -20.0428 27.3474
    endloop
  endfacet
  facet normal -1 -0 0
    outer loop
      vertex -23.2 -6.37511 26.2918
      vertex -23.2 -20.3806 26.0866
      vertex -23.2 -20.1704 26.7059
    endloop
  endfacet
  facet normal -1 0 0
    outer loop
      vertex -23.2 -6.0976 25.4743
      vertex -23.2 -20.6699 25.5
      vertex -23.2 -20.3806 26.0866
    endloop
  endfacet
  facet normal -1 0 0
    outer loop
      vertex -23.2 -5.71577 24.7
      vertex -23.2 -20.6699 25.5
      vertex -23.2 -6.0976 25.4743
    endloop
  endfacet
  facet normal -1 0 -0
    outer loop
      vertex -23.2 -20.6699 25.5
      vertex -23.2 -5.71577 24.7
      vertex -23.2 -21.0332 24.9562
    endloop
  endfacet
  facet normal -1 0 -0
    outer loop
      vertex -23.2 -21.0332 24.9562
      vertex -23.2 -5.23613 23.9822
      vertex -23.2 -21.4645 24.4645
    endloop
  endfacet
  facet normal -1 0 0
    outer loop
      vertex -23.2 -1.69037 16.5471
      vertex -23.2 -22.5 23.6699
      vertex -23.2 -21.9562 24.0332
    endloop
  endfacet
  facet normal -1 0 0
    outer loop
      vertex -23.2 -1.61679 16.3303
      vertex -23.2 -23.0866 23.3806
      vertex -23.2 -22.5 23.6699
    endloop
  endfacet
  facet normal -1 0 0
    outer loop
      vertex -23.2 0 12
      vertex -23.2 -23.7059 23.1704
      vertex -23.2 -23.0866 23.3806
    endloop
  endfacet
  facet normal -1 0 0
    outer loop
      vertex -23.2 0 12
      vertex -23.2 -24.3474 23.0428
      vertex -23.2 -23.7059 23.1704
    endloop
  endfacet
  facet normal -1 0 0
    outer loop
      vertex -23.2 0 12
      vertex -23.2 -25 23
      vertex -23.2 -24.3474 23.0428
    endloop
  endfacet
  facet normal -1 0 0
    outer loop
      vertex -23.2 0 12
      vertex -23.2 -40 23
      vertex -23.2 -25 23
    endloop
  endfacet
  facet normal -1 0 0
    outer loop
      vertex -23.2 -64 15
      vertex -23.2 -40 23
      vertex -23.2 0 12
    endloop
  endfacet
  facet normal -1 0 -0
    outer loop
      vertex -23.2 -57.125 19.4845
      vertex -23.2 -40 23
      vertex -23.2 -64 15
    endloop
  endfacet
  facet normal -1 0 0
    outer loop
      vertex -23.2 -56.3832 21.6697
      vertex -23.2 -44.6194 26.0866
      vertex -23.2 -56.3096 21.4529
    endloop
  endfacet
  facet normal -1 -0 0
    outer loop
      vertex -23.2 -44.3301 25.5
      vertex -23.2 -56.3096 21.4529
      vertex -23.2 -44.6194 26.0866
    endloop
  endfacet
  facet normal -1 0 0
    outer loop
      vertex -23.2 -56.3096 21.4529
      vertex -23.2 -44.3301 25.5
      vertex -23.2 -56.265 21.2284
    endloop
  endfacet
  facet normal -1 0 0
    outer loop
      vertex -23.2 -56.265 21.2284
      vertex -23.2 -44.3301 25.5
      vertex -23.2 -56.25 21
    endloop
  endfacet
  facet normal -1 -0 0
    outer loop
      vertex -23.2 -43.9668 24.9562
      vertex -23.2 -56.25 21
      vertex -23.2 -44.3301 25.5
    endloop
  endfacet
  facet normal -1 0 0
    outer loop
      vertex -23.2 -56.265 20.7716
      vertex -23.2 -43.9668 24.9562
      vertex -23.2 -43.5355 24.4645
    endloop
  endfacet
  facet normal -1 0 0
    outer loop
      vertex -23.2 -56.3096 20.5471
      vertex -23.2 -43.5355 24.4645
      vertex -23.2 -43.0438 24.0332
    endloop
  endfacet
  facet normal -1 0 0
    outer loop
      vertex -23.2 -56.3832 20.3303
      vertex -23.2 -43.0438 24.0332
      vertex -23.2 -42.5 23.6699
    endloop
  endfacet
  facet normal -1 0 0
    outer loop
      vertex -23.2 -56.6116 19.9347
      vertex -23.2 -42.5 23.6699
      vertex -23.2 -41.9134 23.3806
    endloop
  endfacet
  facet normal -1 0 0
    outer loop
      vertex -23.2 -56.7626 19.7626
      vertex -23.2 -41.9134 23.3806
      vertex -23.2 -41.2941 23.1704
    endloop
  endfacet
  facet normal -1 -0 0
    outer loop
      vertex -23.2 -40 23
      vertex -23.2 -57.125 19.4845
      vertex -23.2 -40.6526 23.0428
    endloop
  endfacet
  facet normal -1 0 0
    outer loop
      vertex -23.2 -43.9668 24.9562
      vertex -23.2 -56.265 20.7716
      vertex -23.2 -56.25 21
    endloop
  endfacet
  facet normal -1 0 0
    outer loop
      vertex -23.2 -43.5355 24.4645
      vertex -23.2 -56.3096 20.5471
      vertex -23.2 -56.265 20.7716
    endloop
  endfacet
  facet normal -1 0 0
    outer loop
      vertex -23.2 -43.0438 24.0332
      vertex -23.2 -56.3832 20.3303
      vertex -23.2 -56.3096 20.5471
    endloop
  endfacet
  facet normal -1 0 0
    outer loop
      vertex -23.2 -42.5 23.6699
      vertex -23.2 -56.4845 20.125
      vertex -23.2 -56.3832 20.3303
    endloop
  endfacet
  facet normal -1 0 0
    outer loop
      vertex -23.2 -42.5 23.6699
      vertex -23.2 -56.6116 19.9347
      vertex -23.2 -56.4845 20.125
    endloop
  endfacet
  facet normal -1 0 0
    outer loop
      vertex -23.2 -41.9134 23.3806
      vertex -23.2 -56.7626 19.7626
      vertex -23.2 -56.6116 19.9347
    endloop
  endfacet
  facet normal -1 0 0
    outer loop
      vertex -23.2 -41.2941 23.1704
      vertex -23.2 -56.9347 19.6116
      vertex -23.2 -56.7626 19.7626
    endloop
  endfacet
  facet normal -1 -0 0
    outer loop
      vertex -23.2 -40.6526 23.0428
      vertex -23.2 -56.9347 19.6116
      vertex -23.2 -41.2941 23.1704
    endloop
  endfacet
  facet normal -1 0 -0
    outer loop
      vertex -23.2 -56.9347 19.6116
      vertex -23.2 -40.6526 23.0428
      vertex -23.2 -57.125 19.4845
    endloop
  endfacet
  facet normal -1 0 0
    outer loop
      vertex -23.2 -57.125 19.4845
      vertex -23.2 -64 15
      vertex -23.2 -57.3303 19.3832
    endloop
  endfacet
  facet normal -1 0 0
    outer loop
      vertex -23.2 -57.3303 19.3832
      vertex -23.2 -64 15
      vertex -23.2 -57.5471 19.3096
    endloop
  endfacet
  facet normal -1 0 0
    outer loop
      vertex -23.2 -57.5471 19.3096
      vertex -23.2 -64 15
      vertex -23.2 -57.7716 19.265
    endloop
  endfacet
  facet normal -1 0 0
    outer loop
      vertex -23.2 -57.7716 19.265
      vertex -23.2 -64 15
      vertex -23.2 -58 19.25
    endloop
  endfacet
  facet normal -1 0 0
    outer loop
      vertex -23.2 -59.6904 34.5471
      vertex -23.2 -64 41
      vertex -23.2 -59.735 34.7716
    endloop
  endfacet
  facet normal -1 -0 0
    outer loop
      vertex -23.2 -59.735 20.7716
      vertex -23.2 -64 15
      vertex -23.2 -59.75 21
    endloop
  endfacet
  facet normal -1 -0 0
    outer loop
      vertex -23.2 -59.6904 20.5471
      vertex -23.2 -64 15
      vertex -23.2 -59.735 20.7716
    endloop
  endfacet
  facet normal -1 -0 0
    outer loop
      vertex -23.2 -59.6168 20.3303
      vertex -23.2 -64 15
      vertex -23.2 -59.6904 20.5471
    endloop
  endfacet
  facet normal -1 -0 0
    outer loop
      vertex -23.2 -59.5155 20.125
      vertex -23.2 -64 15
      vertex -23.2 -59.6168 20.3303
    endloop
  endfacet
  facet normal -1 -0 0
    outer loop
      vertex -23.2 -59.3884 19.9347
      vertex -23.2 -64 15
      vertex -23.2 -59.5155 20.125
    endloop
  endfacet
  facet normal -1 -0 0
    outer loop
      vertex -23.2 -59.2374 19.7626
      vertex -23.2 -64 15
      vertex -23.2 -59.3884 19.9347
    endloop
  endfacet
  facet normal -1 -0 0
    outer loop
      vertex -23.2 -59.0653 19.6116
      vertex -23.2 -64 15
      vertex -23.2 -59.2374 19.7626
    endloop
  endfacet
  facet normal -1 -0 0
    outer loop
      vertex -23.2 -58.875 19.4845
      vertex -23.2 -64 15
      vertex -23.2 -59.0653 19.6116
    endloop
  endfacet
  facet normal -1 -0 0
    outer loop
      vertex -23.2 -58.6697 19.3832
      vertex -23.2 -64 15
      vertex -23.2 -58.875 19.4845
    endloop
  endfacet
  facet normal -1 -0 0
    outer loop
      vertex -23.2 -58.4529 19.3096
      vertex -23.2 -64 15
      vertex -23.2 -58.6697 19.3832
    endloop
  endfacet
  facet normal -1 -0 0
    outer loop
      vertex -23.2 -58.2284 19.265
      vertex -23.2 -64 15
      vertex -23.2 -58.4529 19.3096
    endloop
  endfacet
  facet normal -1 -0 0
    outer loop
      vertex -23.2 -58 19.25
      vertex -23.2 -64 15
      vertex -23.2 -58.2284 19.265
    endloop
  endfacet
  facet normal -1 0 0
    outer loop
      vertex -23.2 6.6 28
      vertex -23.2 16 28
      vertex -23.2 15.8631 25.9116
    endloop
  endfacet
  facet normal -1 0 0
    outer loop
      vertex -23.2 6.54354 27.1385
      vertex -23.2 15.8631 25.9116
      vertex -23.2 15.4548 23.8589
    endloop
  endfacet
  facet normal -1 0 0
    outer loop
      vertex -23.2 16 28
      vertex -23.2 6.6 28
      vertex -23.2 15.8631 30.0884
    endloop
  endfacet
  facet normal -1 0 0
    outer loop
      vertex -23.2 6.37511 26.2918
      vertex -23.2 15.4548 23.8589
      vertex -23.2 14.7821 21.8771
    endloop
  endfacet
  facet normal -1 0 0
    outer loop
      vertex -23.2 6.54354 28.8615
      vertex -23.2 15.8631 30.0884
      vertex -23.2 6.6 28
    endloop
  endfacet
  facet normal -1 0 0
    outer loop
      vertex -23.2 6.0976 25.4743
      vertex -23.2 14.7821 21.8771
      vertex -23.2 13.8564 20
    endloop
  endfacet
  facet normal -1 -0 0
    outer loop
      vertex -23.2 15.8631 30.0884
      vertex -23.2 6.54354 28.8615
      vertex -23.2 15.4548 32.1411
    endloop
  endfacet
  facet normal -1 0 0
    outer loop
      vertex -23.2 5.71577 24.7
      vertex -23.2 13.8564 20
      vertex -23.2 12.6937 18.2598
    endloop
  endfacet
  facet normal -1 0 0
    outer loop
      vertex -23.2 6.37511 29.7082
      vertex -23.2 15.4548 32.1411
      vertex -23.2 6.54354 28.8615
    endloop
  endfacet
  facet normal -1 0 0
    outer loop
      vertex -23.2 5.23613 23.9822
      vertex -23.2 12.6937 18.2598
      vertex -23.2 11.3137 16.6863
    endloop
  endfacet
  facet normal -1 -0 0
    outer loop
      vertex -23.2 15.4548 32.1411
      vertex -23.2 6.37511 29.7082
      vertex -23.2 14.7821 34.1229
    endloop
  endfacet
  facet normal -1 0 0
    outer loop
      vertex -23.2 4.6669 23.3331
      vertex -23.2 11.3137 16.6863
      vertex -23.2 9.74018 15.3063
    endloop
  endfacet
  facet normal -1 0 0
    outer loop
      vertex -23.2 6.0976 30.5257
      vertex -23.2 14.7821 34.1229
      vertex -23.2 6.37511 29.7082
    endloop
  endfacet
  facet normal -1 0 0
    outer loop
      vertex -23.2 4.01783 22.7639
      vertex -23.2 9.74018 15.3063
      vertex -23.2 8 14.1436
    endloop
  endfacet
  facet normal -1 -0 0
    outer loop
      vertex -23.2 14.7821 34.1229
      vertex -23.2 6.0976 30.5257
      vertex -23.2 13.8564 36
    endloop
  endfacet
  facet normal -1 0 0
    outer loop
      vertex -23.2 5.71577 31.3
      vertex -23.2 13.8564 36
      vertex -23.2 6.0976 30.5257
    endloop
  endfacet
  facet normal -1 0 0
    outer loop
      vertex -23.2 15.8631 25.9116
      vertex -23.2 6.54354 27.1385
      vertex -23.2 6.6 28
    endloop
  endfacet
  facet normal -1 0 0
    outer loop
      vertex -23.2 15.4548 23.8589
      vertex -23.2 6.37511 26.2918
      vertex -23.2 6.54354 27.1385
    endloop
  endfacet
  facet normal -1 0 0
    outer loop
      vertex -23.2 1.75 17
      vertex -23.2 8 14.1436
      vertex -23.2 6.12293 13.2179
    endloop
  endfacet
  facet normal -1 0 0
    outer loop
      vertex -23.2 14.7821 21.8771
      vertex -23.2 6.0976 25.4743
      vertex -23.2 6.37511 26.2918
    endloop
  endfacet
  facet normal -1 0 0
    outer loop
      vertex -23.2 13.8564 20
      vertex -23.2 5.71577 24.7
      vertex -23.2 6.0976 25.4743
    endloop
  endfacet
  facet normal -1 0 0
    outer loop
      vertex -23.2 12.6937 18.2598
      vertex -23.2 5.23613 23.9822
      vertex -23.2 5.71577 24.7
    endloop
  endfacet
  facet normal -1 0 0
    outer loop
      vertex -23.2 11.3137 16.6863
      vertex -23.2 4.6669 23.3331
      vertex -23.2 5.23613 23.9822
    endloop
  endfacet
  facet normal -1 0 0
    outer loop
      vertex -23.2 1.73503 16.7716
      vertex -23.2 6.12293 13.2179
      vertex -23.2 4.1411 12.5452
    endloop
  endfacet
  facet normal -1 0 0
    outer loop
      vertex -23.2 9.74018 15.3063
      vertex -23.2 4.01783 22.7639
      vertex -23.2 4.6669 23.3331
    endloop
  endfacet
  facet normal -1 0 0
    outer loop
      vertex -23.2 1.69037 17.4529
      vertex -23.2 8 14.1436
      vertex -23.2 1.73503 17.2284
    endloop
  endfacet
  facet normal -1 0 0
    outer loop
      vertex -23.2 8 14.1436
      vertex -23.2 1.69037 17.4529
      vertex -23.2 4.01783 22.7639
    endloop
  endfacet
  facet normal -1 0 0
    outer loop
      vertex -23.2 1.23744 15.7626
      vertex -23.2 4.1411 12.5452
      vertex -23.2 2.08842 12.1369
    endloop
  endfacet
  facet normal -1 0 0
    outer loop
      vertex -23.2 8 14.1436
      vertex -23.2 1.75 17
      vertex -23.2 1.73503 17.2284
    endloop
  endfacet
  facet normal -1 0 0
    outer loop
      vertex -23.2 4.01783 22.7639
      vertex -23.2 1.69037 17.4529
      vertex -23.2 3.3 22.2842
    endloop
  endfacet
  facet normal -1 0 0
    outer loop
      vertex -23.2 1.61679 17.6697
      vertex -23.2 3.3 22.2842
      vertex -23.2 1.69037 17.4529
    endloop
  endfacet
  facet normal -1 0 0
    outer loop
      vertex -23.2 1.51554 17.875
      vertex -23.2 3.3 22.2842
      vertex -23.2 1.61679 17.6697
    endloop
  endfacet
  facet normal -1 0 0
    outer loop
      vertex -23.2 3.3 22.2842
      vertex -23.2 1.51554 17.875
      vertex -23.2 2.52571 21.9024
    endloop
  endfacet
  facet normal -1 0 0
    outer loop
      vertex -23.2 1.38837 18.0653
      vertex -23.2 2.52571 21.9024
      vertex -23.2 1.51554 17.875
    endloop
  endfacet
  facet normal -1 0 0
    outer loop
      vertex -23.2 1.23744 18.2374
      vertex -23.2 2.52571 21.9024
      vertex -23.2 1.38837 18.0653
    endloop
  endfacet
  facet normal -1 0 0
    outer loop
      vertex -23.2 2.52571 21.9024
      vertex -23.2 1.23744 18.2374
      vertex -23.2 1.70821 21.6249
    endloop
  endfacet
  facet normal -1 0 0
    outer loop
      vertex -23.2 1.06533 18.3884
      vertex -23.2 1.70821 21.6249
      vertex -23.2 1.23744 18.2374
    endloop
  endfacet
  facet normal -1 0 0
    outer loop
      vertex -23.2 0.875 18.5155
      vertex -23.2 1.70821 21.6249
      vertex -23.2 1.06533 18.3884
    endloop
  endfacet
  facet normal -1 0 0
    outer loop
      vertex -23.2 0.875 18.5155
      vertex -23.2 0.861472 21.4565
      vertex -23.2 1.70821 21.6249
    endloop
  endfacet
  facet normal -1 0 0
    outer loop
      vertex -23.2 0.669696 18.6168
      vertex -23.2 0.861472 21.4565
      vertex -23.2 0.875 18.5155
    endloop
  endfacet
  facet normal -1 0 0
    outer loop
      vertex -23.2 0.452933 18.6904
      vertex -23.2 0.861472 21.4565
      vertex -23.2 0.669696 18.6168
    endloop
  endfacet
  facet normal -1 0 0
    outer loop
      vertex -23.2 0.22842 18.735
      vertex -23.2 0.861472 21.4565
      vertex -23.2 0.452933 18.6904
    endloop
  endfacet
  facet normal -1 0 0
    outer loop
      vertex -23.2 0 21.4
      vertex -23.2 0.22842 18.735
      vertex -23.2 0 18.75
    endloop
  endfacet
  facet normal -1 0 0
    outer loop
      vertex -23.2 0.22842 18.735
      vertex -23.2 0 21.4
      vertex -23.2 0.861472 21.4565
    endloop
  endfacet
  facet normal -1 0 0
    outer loop
      vertex -23.2 -0.22842 18.735
      vertex -23.2 0 21.4
      vertex -23.2 0 18.75
    endloop
  endfacet
  facet normal -1 0 0
    outer loop
      vertex -23.2 -0.861472 21.4565
      vertex -23.2 -0.22842 18.735
      vertex -23.2 -0.452933 18.6904
    endloop
  endfacet
  facet normal -1 0 0
    outer loop
      vertex -23.2 -0.861472 21.4565
      vertex -23.2 -0.452933 18.6904
      vertex -23.2 -0.669696 18.6168
    endloop
  endfacet
  facet normal -1 0 0
    outer loop
      vertex -23.2 -0.22842 18.735
      vertex -23.2 -0.861472 21.4565
      vertex -23.2 0 21.4
    endloop
  endfacet
  facet normal -1 0 0
    outer loop
      vertex -23.2 -0.875 18.5155
      vertex -23.2 -0.861472 21.4565
      vertex -23.2 -0.669696 18.6168
    endloop
  endfacet
  facet normal -1 0 0
    outer loop
      vertex -23.2 -1.70821 21.6249
      vertex -23.2 -0.875 18.5155
      vertex -23.2 -1.06533 18.3884
    endloop
  endfacet
  facet normal -1 0 0
    outer loop
      vertex -23.2 -1.70821 21.6249
      vertex -23.2 -1.06533 18.3884
      vertex -23.2 -1.23744 18.2374
    endloop
  endfacet
  facet normal -1 0 0
    outer loop
      vertex -23.2 -2.52571 21.9024
      vertex -23.2 -1.23744 18.2374
      vertex -23.2 -1.38837 18.0653
    endloop
  endfacet
  facet normal -1 0 0
    outer loop
      vertex -23.2 -2.52571 21.9024
      vertex -23.2 -1.38837 18.0653
      vertex -23.2 -1.51554 17.875
    endloop
  endfacet
  facet normal -1 0 0
    outer loop
      vertex -23.2 -2.52571 21.9024
      vertex -23.2 -1.51554 17.875
      vertex -23.2 -1.61679 17.6697
    endloop
  endfacet
  facet normal -1 0 0
    outer loop
      vertex -23.2 -2.52571 21.9024
      vertex -23.2 -1.61679 17.6697
      vertex -23.2 -1.69037 17.4529
    endloop
  endfacet
  facet normal -1 0 0
    outer loop
      vertex -23.2 -0.875 18.5155
      vertex -23.2 -1.70821 21.6249
      vertex -23.2 -0.861472 21.4565
    endloop
  endfacet
  facet normal -1 0 0
    outer loop
      vertex -23.2 -2.52571 21.9024
      vertex -23.2 -1.69037 17.4529
      vertex -23.2 -1.73503 17.2284
    endloop
  endfacet
  facet normal -1 0 0
    outer loop
      vertex -23.2 -2.52571 21.9024
      vertex -23.2 -1.73503 17.2284
      vertex -23.2 -1.75 17
    endloop
  endfacet
  facet normal -1 0 0
    outer loop
      vertex -23.2 -1.23744 18.2374
      vertex -23.2 -2.52571 21.9024
      vertex -23.2 -1.70821 21.6249
    endloop
  endfacet
  facet normal -1 -0 0
    outer loop
      vertex -23.2 13.8564 36
      vertex -23.2 5.71577 31.3
      vertex -23.2 12.6937 37.7402
    endloop
  endfacet
  facet normal -1 0 0
    outer loop
      vertex -23.2 5.23613 32.0178
      vertex -23.2 12.6937 37.7402
      vertex -23.2 5.71577 31.3
    endloop
  endfacet
  facet normal -1 -0 0
    outer loop
      vertex -23.2 12.6937 37.7402
      vertex -23.2 5.23613 32.0178
      vertex -23.2 11.3137 39.3137
    endloop
  endfacet
  facet normal -1 0 0
    outer loop
      vertex -23.2 4.6669 32.6669
      vertex -23.2 11.3137 39.3137
      vertex -23.2 5.23613 32.0178
    endloop
  endfacet
  facet normal -1 -0 0
    outer loop
      vertex -23.2 11.3137 39.3137
      vertex -23.2 4.6669 32.6669
      vertex -23.2 9.74018 40.6937
    endloop
  endfacet
  facet normal -1 0 0
    outer loop
      vertex -23.2 4.01783 33.2361
      vertex -23.2 9.74018 40.6937
      vertex -23.2 4.6669 32.6669
    endloop
  endfacet
  facet normal -1 -0 0
    outer loop
      vertex -23.2 9.74018 40.6937
      vertex -23.2 4.01783 33.2361
      vertex -23.2 8 41.8564
    endloop
  endfacet
  facet normal -1 0 0
    outer loop
      vertex -23.2 1.69037 38.5471
      vertex -23.2 8 41.8564
      vertex -23.2 4.01783 33.2361
    endloop
  endfacet
  facet normal -1 0 -0
    outer loop
      vertex -23.2 1.75 39
      vertex -23.2 8 41.8564
      vertex -23.2 1.73503 38.7716
    endloop
  endfacet
  facet normal -1 0 0
    outer loop
      vertex -23.2 1.69037 38.5471
      vertex -23.2 4.01783 33.2361
      vertex -23.2 3.3 33.7158
    endloop
  endfacet
  facet normal -1 0 0
    outer loop
      vertex -23.2 1.51554 38.125
      vertex -23.2 3.3 33.7158
      vertex -23.2 2.52571 34.0976
    endloop
  endfacet
  facet normal -1 -0 0
    outer loop
      vertex -23.2 8 41.8564
      vertex -23.2 1.75 39
      vertex -23.2 6.12293 42.7821
    endloop
  endfacet
  facet normal -1 0 0
    outer loop
      vertex -23.2 1.69037 39.4529
      vertex -23.2 6.12293 42.7821
      vertex -23.2 1.73503 39.2284
    endloop
  endfacet
  facet normal -1 0 0
    outer loop
      vertex -23.2 1.73503 39.2284
      vertex -23.2 6.12293 42.7821
      vertex -23.2 1.75 39
    endloop
  endfacet
  facet normal -1 0 0
    outer loop
      vertex -23.2 1.23744 37.7626
      vertex -23.2 2.52571 34.0976
      vertex -23.2 1.70821 34.3751
    endloop
  endfacet
  facet normal -1 0 0
    outer loop
      vertex -23.2 8 41.8564
      vertex -23.2 1.69037 38.5471
      vertex -23.2 1.73503 38.7716
    endloop
  endfacet
  facet normal -1 0 0
    outer loop
      vertex -23.2 3.3 33.7158
      vertex -23.2 1.61679 38.3303
      vertex -23.2 1.69037 38.5471
    endloop
  endfacet
  facet normal -1 0 0
    outer loop
      vertex -23.2 3.3 33.7158
      vertex -23.2 1.51554 38.125
      vertex -23.2 1.61679 38.3303
    endloop
  endfacet
  facet normal -1 0 0
    outer loop
      vertex -23.2 2.52571 34.0976
      vertex -23.2 1.38837 37.9347
      vertex -23.2 1.51554 38.125
    endloop
  endfacet
  facet normal -1 0 0
    outer loop
      vertex -23.2 2.52571 34.0976
      vertex -23.2 1.23744 37.7626
      vertex -23.2 1.38837 37.9347
    endloop
  endfacet
  facet normal -1 0 0
    outer loop
      vertex -23.2 1.70821 34.3751
      vertex -23.2 1.06533 37.6116
      vertex -23.2 1.23744 37.7626
    endloop
  endfacet
  facet normal -1 0 0
    outer loop
      vertex -23.2 1.70821 34.3751
      vertex -23.2 0.875 37.4845
      vertex -23.2 1.06533 37.6116
    endloop
  endfacet
  facet normal -1 0 0
    outer loop
      vertex -23.2 0.861472 34.5435
      vertex -23.2 0.875 37.4845
      vertex -23.2 1.70821 34.3751
    endloop
  endfacet
  facet normal -1 0 0
    outer loop
      vertex -23.2 0.861472 34.5435
      vertex -23.2 0.669696 37.3832
      vertex -23.2 0.875 37.4845
    endloop
  endfacet
  facet normal -1 0 0
    outer loop
      vertex -23.2 0.861472 34.5435
      vertex -23.2 0.452933 37.3096
      vertex -23.2 0.669696 37.3832
    endloop
  endfacet
  facet normal -1 0 0
    outer loop
      vertex -23.2 0.861472 34.5435
      vertex -23.2 0.22842 37.265
      vertex -23.2 0.452933 37.3096
    endloop
  endfacet
  facet normal -1 0 0
    outer loop
      vertex -23.2 0 34.6
      vertex -23.2 0.22842 37.265
      vertex -23.2 0.861472 34.5435
    endloop
  endfacet
  facet normal -1 0 0
    outer loop
      vertex -23.2 0 34.6
      vertex -23.2 0 37.25
      vertex -23.2 0.22842 37.265
    endloop
  endfacet
  facet normal -1 0 0
    outer loop
      vertex -23.2 0 34.6
      vertex -23.2 -0.22842 37.265
      vertex -23.2 0 37.25
    endloop
  endfacet
  facet normal -1 0 0
    outer loop
      vertex -23.2 -0.861472 34.5435
      vertex -23.2 -0.22842 37.265
      vertex -23.2 0 34.6
    endloop
  endfacet
  facet normal -1 -0 0
    outer loop
      vertex -23.2 -0.22842 37.265
      vertex -23.2 -0.861472 34.5435
      vertex -23.2 -0.452933 37.3096
    endloop
  endfacet
  facet normal -1 -0 0
    outer loop
      vertex -23.2 -0.452933 37.3096
      vertex -23.2 -0.861472 34.5435
      vertex -23.2 -0.669696 37.3832
    endloop
  endfacet
  facet normal -1 0 0
    outer loop
      vertex -23.2 -0.861472 34.5435
      vertex -23.2 -0.875 37.4845
      vertex -23.2 -0.669696 37.3832
    endloop
  endfacet
  facet normal -1 0 0
    outer loop
      vertex -23.2 -1.70821 34.3751
      vertex -23.2 -0.875 37.4845
      vertex -23.2 -0.861472 34.5435
    endloop
  endfacet
  facet normal -1 -0 0
    outer loop
      vertex -23.2 -0.875 37.4845
      vertex -23.2 -1.70821 34.3751
      vertex -23.2 -1.06533 37.6116
    endloop
  endfacet
  facet normal -1 -0 0
    outer loop
      vertex -23.2 -1.06533 37.6116
      vertex -23.2 -1.70821 34.3751
      vertex -23.2 -1.23744 37.7626
    endloop
  endfacet
  facet normal -1 0 0
    outer loop
      vertex -23.2 -2.52571 34.0976
      vertex -23.2 -1.23744 37.7626
      vertex -23.2 -1.70821 34.3751
    endloop
  endfacet
  facet normal -1 -0 0
    outer loop
      vertex -23.2 -1.23744 37.7626
      vertex -23.2 -2.52571 34.0976
      vertex -23.2 -1.38837 37.9347
    endloop
  endfacet
  facet normal -1 -0 0
    outer loop
      vertex -23.2 -1.38837 37.9347
      vertex -23.2 -2.52571 34.0976
      vertex -23.2 -1.51554 38.125
    endloop
  endfacet
  facet normal -1 0 0
    outer loop
      vertex -23.2 -3.3 33.7158
      vertex -23.2 -1.51554 38.125
      vertex -23.2 -2.52571 34.0976
    endloop
  endfacet
  facet normal -1 -0 0
    outer loop
      vertex -23.2 -1.51554 38.125
      vertex -23.2 -3.3 33.7158
      vertex -23.2 -1.61679 38.3303
    endloop
  endfacet
  facet normal -1 -0 0
    outer loop
      vertex -23.2 -1.61679 38.3303
      vertex -23.2 -3.3 33.7158
      vertex -23.2 -1.69037 38.5471
    endloop
  endfacet
  facet normal -1 0 0
    outer loop
      vertex -23.2 -4.01783 33.2361
      vertex -23.2 -1.69037 38.5471
      vertex -23.2 -3.3 33.7158
    endloop
  endfacet
  facet normal -1 0 0
    outer loop
      vertex -23.2 1.61679 39.6697
      vertex -23.2 6.12293 42.7821
      vertex -23.2 1.69037 39.4529
    endloop
  endfacet
  facet normal -1 -0 0
    outer loop
      vertex -23.2 6.12293 42.7821
      vertex -23.2 1.61679 39.6697
      vertex -23.2 4.1411 43.4548
    endloop
  endfacet
  facet normal -1 0 0
    outer loop
      vertex -23.2 1.51554 39.875
      vertex -23.2 4.1411 43.4548
      vertex -23.2 1.61679 39.6697
    endloop
  endfacet
  facet normal -1 0 0
    outer loop
      vertex -23.2 1.38837 40.0653
      vertex -23.2 4.1411 43.4548
      vertex -23.2 1.51554 39.875
    endloop
  endfacet
  facet normal -1 0 0
    outer loop
      vertex -23.2 1.23744 40.2374
      vertex -23.2 4.1411 43.4548
      vertex -23.2 1.38837 40.0653
    endloop
  endfacet
  facet normal -1 -0 0
    outer loop
      vertex -23.2 4.1411 43.4548
      vertex -23.2 1.23744 40.2374
      vertex -23.2 2.08842 43.8631
    endloop
  endfacet
  facet normal -1 0 0
    outer loop
      vertex -23.2 1.06533 40.3884
      vertex -23.2 2.08842 43.8631
      vertex -23.2 1.23744 40.2374
    endloop
  endfacet
  facet normal -1 0 0
    outer loop
      vertex -23.2 0.875 40.5155
      vertex -23.2 2.08842 43.8631
      vertex -23.2 1.06533 40.3884
    endloop
  endfacet
  facet normal -1 0 0
    outer loop
      vertex -23.2 0.669696 40.6168
      vertex -23.2 2.08842 43.8631
      vertex -23.2 0.875 40.5155
    endloop
  endfacet
  facet normal -1 0 0
    outer loop
      vertex -23.2 0.452933 40.6904
      vertex -23.2 2.08842 43.8631
      vertex -23.2 0.669696 40.6168
    endloop
  endfacet
  facet normal -1 0 0
    outer loop
      vertex -23.2 0 44
      vertex -23.2 0.452933 40.6904
      vertex -23.2 0.22842 40.735
    endloop
  endfacet
  facet normal -1 0 0
    outer loop
      vertex -23.2 0 44
      vertex -23.2 0.22842 40.735
      vertex -23.2 0 40.75
    endloop
  endfacet
  facet normal -1 0 0
    outer loop
      vertex -23.2 0.452933 40.6904
      vertex -23.2 0 44
      vertex -23.2 2.08842 43.8631
    endloop
  endfacet
  facet normal -1 0 0
    outer loop
      vertex -23.2 -0.22842 40.735
      vertex -23.2 0 44
      vertex -23.2 0 40.75
    endloop
  endfacet
  facet normal -1 0 0
    outer loop
      vertex -23.2 -0.452933 40.6904
      vertex -23.2 0 44
      vertex -23.2 -0.22842 40.735
    endloop
  endfacet
  facet normal -1 0 0
    outer loop
      vertex -23.2 -0.669696 40.6168
      vertex -23.2 0 44
      vertex -23.2 -0.452933 40.6904
    endloop
  endfacet
  facet normal -1 0 0
    outer loop
      vertex -23.2 -0.875 40.5155
      vertex -23.2 0 44
      vertex -23.2 -0.669696 40.6168
    endloop
  endfacet
  facet normal -1 0 0
    outer loop
      vertex -23.2 -1.06533 40.3884
      vertex -23.2 0 44
      vertex -23.2 -0.875 40.5155
    endloop
  endfacet
  facet normal -1 0 0
    outer loop
      vertex -23.2 -1.23744 40.2374
      vertex -23.2 0 44
      vertex -23.2 -1.06533 40.3884
    endloop
  endfacet
  facet normal -1 0 0
    outer loop
      vertex -23.2 -1.38837 40.0653
      vertex -23.2 0 44
      vertex -23.2 -1.23744 40.2374
    endloop
  endfacet
  facet normal -1 0 0
    outer loop
      vertex -23.2 -1.51554 39.875
      vertex -23.2 0 44
      vertex -23.2 -1.38837 40.0653
    endloop
  endfacet
  facet normal -1 0 0
    outer loop
      vertex -23.2 -23.0866 32.6194
      vertex -23.2 -1.51554 39.875
      vertex -23.2 -1.61679 39.6697
    endloop
  endfacet
  facet normal -1 -0 0
    outer loop
      vertex -23.2 -1.69037 38.5471
      vertex -23.2 -4.01783 33.2361
      vertex -23.2 -1.73503 38.7716
    endloop
  endfacet
  facet normal -1 -0 0
    outer loop
      vertex -23.2 -1.73503 38.7716
      vertex -23.2 -4.01783 33.2361
      vertex -23.2 -1.75 39
    endloop
  endfacet
  facet normal -1 0 0
    outer loop
      vertex -23.2 -4.6669 32.6669
      vertex -23.2 -1.75 39
      vertex -23.2 -4.01783 33.2361
    endloop
  endfacet
  facet normal -1 -0 0
    outer loop
      vertex -23.2 -1.75 39
      vertex -23.2 -4.6669 32.6669
      vertex -23.2 -1.73503 39.2284
    endloop
  endfacet
  facet normal -1 0 0
    outer loop
      vertex -23.2 -21.4645 31.5355
      vertex -23.2 -1.73503 39.2284
      vertex -23.2 -4.6669 32.6669
    endloop
  endfacet
  facet normal -1 0 0
    outer loop
      vertex -23.2 -21.9562 31.9668
      vertex -23.2 -1.73503 39.2284
      vertex -23.2 -21.4645 31.5355
    endloop
  endfacet
  facet normal -1 -0 0
    outer loop
      vertex -23.2 -1.73503 39.2284
      vertex -23.2 -21.9562 31.9668
      vertex -23.2 -1.69037 39.4529
    endloop
  endfacet
  facet normal -1 0 0
    outer loop
      vertex -23.2 -21.4645 31.5355
      vertex -23.2 -4.6669 32.6669
      vertex -23.2 -5.23613 32.0178
    endloop
  endfacet
  facet normal -1 0 0
    outer loop
      vertex -23.2 -21.0332 31.0438
      vertex -23.2 -5.23613 32.0178
      vertex -23.2 -5.71577 31.3
    endloop
  endfacet
  facet normal -1 0 0
    outer loop
      vertex -23.2 -20.6699 30.5
      vertex -23.2 -5.71577 31.3
      vertex -23.2 -6.0976 30.5257
    endloop
  endfacet
  facet normal -1 0 0
    outer loop
      vertex -23.2 -20.0428 28.6526
      vertex -23.2 -6.6 28
      vertex -23.2 -20 28
    endloop
  endfacet
  facet normal -1 0 0
    outer loop
      vertex -23.2 -6.6 28
      vertex -23.2 -20.0428 28.6526
      vertex -23.2 -6.54354 28.8615
    endloop
  endfacet
  facet normal -1 0 0
    outer loop
      vertex -23.2 -20.1704 29.2941
      vertex -23.2 -6.54354 28.8615
      vertex -23.2 -20.0428 28.6526
    endloop
  endfacet
  facet normal -1 0 0
    outer loop
      vertex -23.2 -6.54354 28.8615
      vertex -23.2 -20.1704 29.2941
      vertex -23.2 -6.37511 29.7082
    endloop
  endfacet
  facet normal -1 0 0
    outer loop
      vertex -23.2 -20.3806 29.9134
      vertex -23.2 -6.37511 29.7082
      vertex -23.2 -20.1704 29.2941
    endloop
  endfacet
  facet normal -1 0 0
    outer loop
      vertex -23.2 -6.37511 29.7082
      vertex -23.2 -20.3806 29.9134
      vertex -23.2 -6.0976 30.5257
    endloop
  endfacet
  facet normal -1 0 0
    outer loop
      vertex -23.2 -20.6699 30.5
      vertex -23.2 -6.0976 30.5257
      vertex -23.2 -20.3806 29.9134
    endloop
  endfacet
  facet normal -1 0 0
    outer loop
      vertex -23.2 -5.71577 31.3
      vertex -23.2 -20.6699 30.5
      vertex -23.2 -21.0332 31.0438
    endloop
  endfacet
  facet normal -1 0 0
    outer loop
      vertex -23.2 -5.23613 32.0178
      vertex -23.2 -21.0332 31.0438
      vertex -23.2 -21.4645 31.5355
    endloop
  endfacet
  facet normal -1 0 0
    outer loop
      vertex -23.2 -22.5 32.3301
      vertex -23.2 -1.69037 39.4529
      vertex -23.2 -21.9562 31.9668
    endloop
  endfacet
  facet normal -1 -0 0
    outer loop
      vertex -23.2 -1.69037 39.4529
      vertex -23.2 -22.5 32.3301
      vertex -23.2 -1.61679 39.6697
    endloop
  endfacet
  facet normal -1 0 0
    outer loop
      vertex -23.2 -23.0866 32.6194
      vertex -23.2 -1.61679 39.6697
      vertex -23.2 -22.5 32.3301
    endloop
  endfacet
  facet normal -1 -0 0
    outer loop
      vertex -23.2 -1.51554 39.875
      vertex -23.2 -23.0866 32.6194
      vertex -23.2 0 44
    endloop
  endfacet
  facet normal -1 0 0
    outer loop
      vertex -23.2 -23.7059 32.8296
      vertex -23.2 0 44
      vertex -23.2 -23.0866 32.6194
    endloop
  endfacet
  facet normal -1 0 0
    outer loop
      vertex -23.2 -24.3474 32.9572
      vertex -23.2 0 44
      vertex -23.2 -23.7059 32.8296
    endloop
  endfacet
  facet normal -1 0 0
    outer loop
      vertex -23.2 -25 33
      vertex -23.2 0 44
      vertex -23.2 -24.3474 32.9572
    endloop
  endfacet
  facet normal -1 0 0
    outer loop
      vertex -23.2 -40 33
      vertex -23.2 0 44
      vertex -23.2 -25 33
    endloop
  endfacet
  facet normal -1 0 0
    outer loop
      vertex -23.2 -57.125 36.5155
      vertex -23.2 -40 33
      vertex -23.2 -40.6526 32.9572
    endloop
  endfacet
  facet normal -1 0 0
    outer loop
      vertex -23.2 -56.9347 36.3884
      vertex -23.2 -40.6526 32.9572
      vertex -23.2 -41.2941 32.8296
    endloop
  endfacet
  facet normal -1 -0 0
    outer loop
      vertex -23.2 -44.6194 26.0866
      vertex -23.2 -56.3832 21.6697
      vertex -23.2 -44.8296 26.7059
    endloop
  endfacet
  facet normal -1 0 0
    outer loop
      vertex -23.2 -45 28
      vertex -23.2 -56.25 35
      vertex -23.2 -44.9572 28.6526
    endloop
  endfacet
  facet normal -1 0 0
    outer loop
      vertex -23.2 -44.9572 28.6526
      vertex -23.2 -56.25 35
      vertex -23.2 -44.8296 29.2941
    endloop
  endfacet
  facet normal -1 0 0
    outer loop
      vertex -23.2 -44.8296 29.2941
      vertex -23.2 -56.25 35
      vertex -23.2 -44.6194 29.9134
    endloop
  endfacet
  facet normal -1 0 0
    outer loop
      vertex -23.2 -44.6194 29.9134
      vertex -23.2 -56.25 35
      vertex -23.2 -44.3301 30.5
    endloop
  endfacet
  facet normal -1 0 0
    outer loop
      vertex -23.2 -44.3301 30.5
      vertex -23.2 -56.25 35
      vertex -23.2 -43.9668 31.0438
    endloop
  endfacet
  facet normal -1 0 0
    outer loop
      vertex -23.2 -56.265 35.2284
      vertex -23.2 -43.9668 31.0438
      vertex -23.2 -56.25 35
    endloop
  endfacet
  facet normal -1 0 0
    outer loop
      vertex -23.2 -43.9668 31.0438
      vertex -23.2 -56.265 35.2284
      vertex -23.2 -43.5355 31.5355
    endloop
  endfacet
  facet normal -1 0 0
    outer loop
      vertex -23.2 -56.3096 35.4529
      vertex -23.2 -43.5355 31.5355
      vertex -23.2 -56.265 35.2284
    endloop
  endfacet
  facet normal -1 0 0
    outer loop
      vertex -23.2 -43.5355 31.5355
      vertex -23.2 -56.3096 35.4529
      vertex -23.2 -43.0438 31.9668
    endloop
  endfacet
  facet normal -1 0 0
    outer loop
      vertex -23.2 -56.3832 35.6697
      vertex -23.2 -43.0438 31.9668
      vertex -23.2 -56.3096 35.4529
    endloop
  endfacet
  facet normal -1 0 0
    outer loop
      vertex -23.2 -43.0438 31.9668
      vertex -23.2 -56.3832 35.6697
      vertex -23.2 -42.5 32.3301
    endloop
  endfacet
  facet normal -1 0 0
    outer loop
      vertex -23.2 -56.4845 35.875
      vertex -23.2 -42.5 32.3301
      vertex -23.2 -56.3832 35.6697
    endloop
  endfacet
  facet normal -1 0 0
    outer loop
      vertex -23.2 -56.6116 36.0653
      vertex -23.2 -42.5 32.3301
      vertex -23.2 -56.4845 35.875
    endloop
  endfacet
  facet normal -1 0 0
    outer loop
      vertex -23.2 -42.5 32.3301
      vertex -23.2 -56.6116 36.0653
      vertex -23.2 -41.9134 32.6194
    endloop
  endfacet
  facet normal -1 0 0
    outer loop
      vertex -23.2 -56.7626 36.2374
      vertex -23.2 -41.9134 32.6194
      vertex -23.2 -56.6116 36.0653
    endloop
  endfacet
  facet normal -1 0 0
    outer loop
      vertex -23.2 -41.9134 32.6194
      vertex -23.2 -56.7626 36.2374
      vertex -23.2 -41.2941 32.8296
    endloop
  endfacet
  facet normal -1 0 0
    outer loop
      vertex -23.2 -56.9347 36.3884
      vertex -23.2 -41.2941 32.8296
      vertex -23.2 -56.7626 36.2374
    endloop
  endfacet
  facet normal -1 0 0
    outer loop
      vertex -23.2 -40.6526 32.9572
      vertex -23.2 -56.9347 36.3884
      vertex -23.2 -57.125 36.5155
    endloop
  endfacet
  facet normal -1 0 0
    outer loop
      vertex -23.2 -40 33
      vertex -23.2 -57.125 36.5155
      vertex -23.2 -64 41
    endloop
  endfacet
  facet normal -1 0 0
    outer loop
      vertex -23.2 -64 41
      vertex -23.2 -57.125 36.5155
      vertex -23.2 -57.3303 36.6168
    endloop
  endfacet
  facet normal -1 0 0
    outer loop
      vertex -23.2 -64 41
      vertex -23.2 -57.3303 36.6168
      vertex -23.2 -57.5471 36.6904
    endloop
  endfacet
  facet normal -1 0 0
    outer loop
      vertex -23.2 -64 41
      vertex -23.2 -57.5471 36.6904
      vertex -23.2 -57.7716 36.735
    endloop
  endfacet
  facet normal -1 0 0
    outer loop
      vertex -23.2 -64 41
      vertex -23.2 -57.7716 36.735
      vertex -23.2 -58 36.75
    endloop
  endfacet
  facet normal -1 0 0
    outer loop
      vertex -23.2 -64 41
      vertex -23.2 -58 36.75
      vertex -23.2 -58.2284 36.735
    endloop
  endfacet
  facet normal -1 0 0
    outer loop
      vertex -23.2 -59.735 34.7716
      vertex -23.2 -64 41
      vertex -23.2 -59.75 35
    endloop
  endfacet
  facet normal -1 0 0
    outer loop
      vertex -23.2 -59.75 35
      vertex -23.2 -64 41
      vertex -23.2 -59.735 35.2284
    endloop
  endfacet
  facet normal -1 0 0
    outer loop
      vertex -23.2 -40 33
      vertex -23.2 -64 41
      vertex -23.2 0 44
    endloop
  endfacet
  facet normal -1 0 0
    outer loop
      vertex -23.2 -58.4529 36.6904
      vertex -23.2 -64 41
      vertex -23.2 -58.2284 36.735
    endloop
  endfacet
  facet normal -1 0 0
    outer loop
      vertex -23.2 -58.6697 36.6168
      vertex -23.2 -64 41
      vertex -23.2 -58.4529 36.6904
    endloop
  endfacet
  facet normal -1 0 0
    outer loop
      vertex -23.2 -58.875 36.5155
      vertex -23.2 -64 41
      vertex -23.2 -58.6697 36.6168
    endloop
  endfacet
  facet normal -1 0 0
    outer loop
      vertex -23.2 -59.0653 36.3884
      vertex -23.2 -64 41
      vertex -23.2 -58.875 36.5155
    endloop
  endfacet
  facet normal -1 0 0
    outer loop
      vertex -23.2 -59.2374 36.2374
      vertex -23.2 -64 41
      vertex -23.2 -59.0653 36.3884
    endloop
  endfacet
  facet normal -1 0 0
    outer loop
      vertex -23.2 -59.3884 36.0653
      vertex -23.2 -64 41
      vertex -23.2 -59.2374 36.2374
    endloop
  endfacet
  facet normal -1 0 0
    outer loop
      vertex -23.2 -59.5155 35.875
      vertex -23.2 -64 41
      vertex -23.2 -59.3884 36.0653
    endloop
  endfacet
  facet normal -1 0 0
    outer loop
      vertex -23.2 -59.6168 35.6697
      vertex -23.2 -64 41
      vertex -23.2 -59.5155 35.875
    endloop
  endfacet
  facet normal -1 0 0
    outer loop
      vertex -23.2 -59.6904 35.4529
      vertex -23.2 -64 41
      vertex -23.2 -59.6168 35.6697
    endloop
  endfacet
  facet normal -1 0 0
    outer loop
      vertex -23.2 -59.735 35.2284
      vertex -23.2 -64 41
      vertex -23.2 -59.6904 35.4529
    endloop
  endfacet
  facet normal -0 0.0654116 0.997858
    outer loop
      vertex -23.2 2.08842 43.8631
      vertex -16.2 0 44
      vertex -16.2 2.08842 43.8631
    endloop
  endfacet
  facet normal 0 0.0654116 0.997858
    outer loop
      vertex -16.2 0 44
      vertex -23.2 2.08842 43.8631
      vertex -23.2 0 44
    endloop
  endfacet
  facet normal -0 0.321422 0.946936
    outer loop
      vertex -23.2 6.12293 42.7821
      vertex -16.2 4.1411 43.4548
      vertex -16.2 6.12293 42.7821
    endloop
  endfacet
  facet normal 0 0.321422 0.946936
    outer loop
      vertex -16.2 4.1411 43.4548
      vertex -23.2 6.12293 42.7821
      vertex -23.2 4.1411 43.4548
    endloop
  endfacet
  facet normal -0 0.442301 0.896867
    outer loop
      vertex -23.2 8 41.8564
      vertex -16.2 6.12293 42.7821
      vertex -16.2 8 41.8564
    endloop
  endfacet
  facet normal 0 0.442301 0.896867
    outer loop
      vertex -16.2 6.12293 42.7821
      vertex -23.2 8 41.8564
      vertex -23.2 6.12293 42.7821
    endloop
  endfacet
  facet normal 0 0.89687 0.442295
    outer loop
      vertex -16.2 14.7821 34.1229
      vertex -23.2 13.8564 36
      vertex -16.2 13.8564 36
    endloop
  endfacet
  facet normal 0 0.89687 0.442295
    outer loop
      vertex -23.2 13.8564 36
      vertex -16.2 14.7821 34.1229
      vertex -23.2 14.7821 34.1229
    endloop
  endfacet
  facet normal -0 0.195089 0.980786
    outer loop
      vertex -23.2 4.1411 43.4548
      vertex -16.2 2.08842 43.8631
      vertex -16.2 4.1411 43.4548
    endloop
  endfacet
  facet normal 0 0.195089 0.980786
    outer loop
      vertex -16.2 2.08842 43.8631
      vertex -23.2 4.1411 43.4548
      vertex -23.2 2.08842 43.8631
    endloop
  endfacet
  facet normal 0 0.555553 -0.831481
    outer loop
      vertex -23.2 8 14.1436
      vertex -16.2 9.74018 15.3063
      vertex -16.2 8 14.1436
    endloop
  endfacet
  facet normal 0 0.555553 -0.831481
    outer loop
      vertex -16.2 9.74018 15.3063
      vertex -23.2 8 14.1436
      vertex -23.2 9.74018 15.3063
    endloop
  endfacet
  facet normal 0 0.751821 0.659367
    outer loop
      vertex -16.2 12.6937 37.7402
      vertex -23.2 11.3137 39.3137
      vertex -16.2 11.3137 39.3137
    endloop
  endfacet
  facet normal 0 0.751821 0.659367
    outer loop
      vertex -23.2 11.3137 39.3137
      vertex -16.2 12.6937 37.7402
      vertex -23.2 12.6937 37.7402
    endloop
  endfacet
  facet normal 0 0.997858 0.0654122
    outer loop
      vertex -16.2 16 28
      vertex -23.2 15.8631 30.0884
      vertex -16.2 15.8631 30.0884
    endloop
  endfacet
  facet normal 0 0.997858 0.0654122
    outer loop
      vertex -23.2 15.8631 30.0884
      vertex -16.2 16 28
      vertex -23.2 16 28
    endloop
  endfacet
  facet normal 0 0.980786 -0.195087
    outer loop
      vertex -16.2 15.4548 23.8589
      vertex -23.2 15.8631 25.9116
      vertex -16.2 15.8631 25.9116
    endloop
  endfacet
  facet normal 0 0.980786 -0.195087
    outer loop
      vertex -23.2 15.8631 25.9116
      vertex -16.2 15.4548 23.8589
      vertex -23.2 15.4548 23.8589
    endloop
  endfacet
  facet normal 0 0.195089 -0.980786
    outer loop
      vertex -23.2 2.08842 12.1369
      vertex -16.2 4.1411 12.5452
      vertex -16.2 2.08842 12.1369
    endloop
  endfacet
  facet normal 0 0.195089 -0.980786
    outer loop
      vertex -16.2 4.1411 12.5452
      vertex -23.2 2.08842 12.1369
      vertex -23.2 4.1411 12.5452
    endloop
  endfacet
  facet normal 0 0.0654116 -0.997858
    outer loop
      vertex -23.2 0 12
      vertex -16.2 2.08842 12.1369
      vertex -16.2 0 12
    endloop
  endfacet
  facet normal 0 0.0654116 -0.997858
    outer loop
      vertex -16.2 2.08842 12.1369
      vertex -23.2 0 12
      vertex -23.2 2.08842 12.1369
    endloop
  endfacet
  facet normal 0 0.831484 0.555549
    outer loop
      vertex -16.2 13.8564 36
      vertex -23.2 12.6937 37.7402
      vertex -16.2 12.6937 37.7402
    endloop
  endfacet
  facet normal 0 0.831484 0.555549
    outer loop
      vertex -23.2 12.6937 37.7402
      vertex -16.2 13.8564 36
      vertex -23.2 13.8564 36
    endloop
  endfacet
  facet normal 0 0.997858 -0.0654122
    outer loop
      vertex -16.2 15.8631 25.9116
      vertex -23.2 16 28
      vertex -16.2 16 28
    endloop
  endfacet
  facet normal 0 0.997858 -0.0654122
    outer loop
      vertex -23.2 16 28
      vertex -16.2 15.8631 25.9116
      vertex -23.2 15.8631 25.9116
    endloop
  endfacet
  facet normal 0 0.659362 -0.751826
    outer loop
      vertex -23.2 9.74018 15.3063
      vertex -16.2 11.3137 16.6863
      vertex -16.2 9.74018 15.3063
    endloop
  endfacet
  facet normal 0 0.659362 -0.751826
    outer loop
      vertex -16.2 11.3137 16.6863
      vertex -23.2 9.74018 15.3063
      vertex -23.2 11.3137 16.6863
    endloop
  endfacet
  facet normal 0 0.89687 -0.442295
    outer loop
      vertex -16.2 13.8564 20
      vertex -23.2 14.7821 21.8771
      vertex -16.2 14.7821 21.8771
    endloop
  endfacet
  facet normal 0 0.89687 -0.442295
    outer loop
      vertex -23.2 14.7821 21.8771
      vertex -16.2 13.8564 20
      vertex -23.2 13.8564 20
    endloop
  endfacet
  facet normal 0 0.980786 0.195087
    outer loop
      vertex -16.2 15.8631 30.0884
      vertex -23.2 15.4548 32.1411
      vertex -16.2 15.4548 32.1411
    endloop
  endfacet
  facet normal 0 0.980786 0.195087
    outer loop
      vertex -23.2 15.4548 32.1411
      vertex -16.2 15.8631 30.0884
      vertex -23.2 15.8631 30.0884
    endloop
  endfacet
  facet normal -0 0.555553 0.831481
    outer loop
      vertex -23.2 9.74018 40.6937
      vertex -16.2 8 41.8564
      vertex -16.2 9.74018 40.6937
    endloop
  endfacet
  facet normal 0 0.555553 0.831481
    outer loop
      vertex -16.2 8 41.8564
      vertex -23.2 9.74018 40.6937
      vertex -23.2 8 41.8564
    endloop
  endfacet
  facet normal -0 0.659362 0.751826
    outer loop
      vertex -23.2 11.3137 39.3137
      vertex -16.2 9.74018 40.6937
      vertex -16.2 11.3137 39.3137
    endloop
  endfacet
  facet normal 0 0.659362 0.751826
    outer loop
      vertex -16.2 9.74018 40.6937
      vertex -23.2 11.3137 39.3137
      vertex -23.2 9.74018 40.6937
    endloop
  endfacet
  facet normal 0 0.751821 -0.659367
    outer loop
      vertex -16.2 11.3137 16.6863
      vertex -23.2 12.6937 18.2598
      vertex -16.2 12.6937 18.2598
    endloop
  endfacet
  facet normal 0 0.751821 -0.659367
    outer loop
      vertex -23.2 12.6937 18.2598
      vertex -16.2 11.3137 16.6863
      vertex -23.2 11.3137 16.6863
    endloop
  endfacet
  facet normal 0 0.831484 -0.555549
    outer loop
      vertex -16.2 12.6937 18.2598
      vertex -23.2 13.8564 20
      vertex -16.2 13.8564 20
    endloop
  endfacet
  facet normal 0 0.831484 -0.555549
    outer loop
      vertex -23.2 13.8564 20
      vertex -16.2 12.6937 18.2598
      vertex -23.2 12.6937 18.2598
    endloop
  endfacet
  facet normal 0 0.946935 -0.321426
    outer loop
      vertex -16.2 14.7821 21.8771
      vertex -23.2 15.4548 23.8589
      vertex -16.2 15.4548 23.8589
    endloop
  endfacet
  facet normal 0 0.946935 -0.321426
    outer loop
      vertex -23.2 15.4548 23.8589
      vertex -16.2 14.7821 21.8771
      vertex -23.2 14.7821 21.8771
    endloop
  endfacet
  facet normal 0 0.946935 0.321426
    outer loop
      vertex -16.2 15.4548 32.1411
      vertex -23.2 14.7821 34.1229
      vertex -16.2 14.7821 34.1229
    endloop
  endfacet
  facet normal 0 0.946935 0.321426
    outer loop
      vertex -23.2 14.7821 34.1229
      vertex -16.2 15.4548 32.1411
      vertex -23.2 15.4548 32.1411
    endloop
  endfacet
  facet normal 0 0.442301 -0.896867
    outer loop
      vertex -23.2 6.12293 13.2179
      vertex -16.2 8 14.1436
      vertex -16.2 6.12293 13.2179
    endloop
  endfacet
  facet normal 0 0.442301 -0.896867
    outer loop
      vertex -16.2 8 14.1436
      vertex -23.2 6.12293 13.2179
      vertex -23.2 8 14.1436
    endloop
  endfacet
  facet normal 0 0.321422 -0.946936
    outer loop
      vertex -23.2 4.1411 12.5452
      vertex -16.2 6.12293 13.2179
      vertex -16.2 4.1411 12.5452
    endloop
  endfacet
  facet normal 0 0.321422 -0.946936
    outer loop
      vertex -16.2 6.12293 13.2179
      vertex -23.2 4.1411 12.5452
      vertex -23.2 6.12293 13.2179
    endloop
  endfacet
  facet normal 0 0.980786 -0.195087
    outer loop
      vertex -16.2 -44.9572 28.6526
      vertex -23.2 -44.8296 29.2941
      vertex -16.2 -44.8296 29.2941
    endloop
  endfacet
  facet normal 0 0.980786 -0.195087
    outer loop
      vertex -23.2 -44.8296 29.2941
      vertex -16.2 -44.9572 28.6526
      vertex -23.2 -44.9572 28.6526
    endloop
  endfacet
  facet normal 0 0.997856 -0.0654432
    outer loop
      vertex -16.2 -45 28
      vertex -23.2 -44.9572 28.6526
      vertex -16.2 -44.9572 28.6526
    endloop
  endfacet
  facet normal 0 0.997856 -0.0654432
    outer loop
      vertex -23.2 -44.9572 28.6526
      vertex -16.2 -45 28
      vertex -23.2 -45 28
    endloop
  endfacet
  facet normal 0 0.997856 0.0654432
    outer loop
      vertex -16.2 -44.9572 27.3474
      vertex -23.2 -45 28
      vertex -16.2 -45 28
    endloop
  endfacet
  facet normal 0 0.997856 0.0654432
    outer loop
      vertex -23.2 -45 28
      vertex -16.2 -44.9572 27.3474
      vertex -23.2 -44.9572 27.3474
    endloop
  endfacet
  facet normal 0 -0.997856 0.0654432
    outer loop
      vertex -23.2 -20.0428 27.3474
      vertex -16.2 -20 28
      vertex -23.2 -20 28
    endloop
  endfacet
  facet normal 0 -0.997856 0.0654432
    outer loop
      vertex -16.2 -20 28
      vertex -23.2 -20.0428 27.3474
      vertex -16.2 -20.0428 27.3474
    endloop
  endfacet
  facet normal -0 0 1
    outer loop
      vertex -23.2 -25 23
      vertex -16.2 -40 23
      vertex -16.2 -25 23
    endloop
  endfacet
  facet normal 0 0 1
    outer loop
      vertex -16.2 -40 23
      vertex -23.2 -25 23
      vertex -23.2 -40 23
    endloop
  endfacet
  facet normal 0 -0.89686 -0.442314
    outer loop
      vertex -23.2 -20.3806 29.9134
      vertex -16.2 -20.6699 30.5
      vertex -23.2 -20.6699 30.5
    endloop
  endfacet
  facet normal 0 -0.89686 -0.442314
    outer loop
      vertex -16.2 -20.6699 30.5
      vertex -23.2 -20.3806 29.9134
      vertex -16.2 -20.3806 29.9134
    endloop
  endfacet
  facet normal 0 -0.659424 -0.751771
    outer loop
      vertex -23.2 -21.9562 31.9668
      vertex -16.2 -21.4645 31.5355
      vertex -16.2 -21.9562 31.9668
    endloop
  endfacet
  facet normal -0 -0.659424 -0.751771
    outer loop
      vertex -16.2 -21.4645 31.5355
      vertex -23.2 -21.9562 31.9668
      vertex -23.2 -21.4645 31.5355
    endloop
  endfacet
  facet normal 0 -0.0654432 -0.997856
    outer loop
      vertex -23.2 -25 33
      vertex -16.2 -24.3474 32.9572
      vertex -16.2 -25 33
    endloop
  endfacet
  facet normal -0 -0.0654432 -0.997856
    outer loop
      vertex -16.2 -24.3474 32.9572
      vertex -23.2 -25 33
      vertex -23.2 -24.3474 32.9572
    endloop
  endfacet
  facet normal 0 0 -1
    outer loop
      vertex -23.2 -40 33
      vertex -16.2 -25 33
      vertex -16.2 -40 33
    endloop
  endfacet
  facet normal -0 0 -1
    outer loop
      vertex -16.2 -25 33
      vertex -23.2 -40 33
      vertex -23.2 -25 33
    endloop
  endfacet
  facet normal -0 0.321407 0.946941
    outer loop
      vertex -23.2 -41.2941 23.1704
      vertex -16.2 -41.9134 23.3806
      vertex -16.2 -41.2941 23.1704
    endloop
  endfacet
  facet normal 0 0.321407 0.946941
    outer loop
      vertex -16.2 -41.9134 23.3806
      vertex -23.2 -41.2941 23.1704
      vertex -23.2 -41.9134 23.3806
    endloop
  endfacet
  facet normal 0 -0.751771 -0.659424
    outer loop
      vertex -23.2 -21.0332 31.0438
      vertex -16.2 -21.4645 31.5355
      vertex -23.2 -21.4645 31.5355
    endloop
  endfacet
  facet normal 0 -0.751771 -0.659424
    outer loop
      vertex -16.2 -21.4645 31.5355
      vertex -23.2 -21.0332 31.0438
      vertex -16.2 -21.0332 31.0438
    endloop
  endfacet
  facet normal 0 -0.831509 -0.555512
    outer loop
      vertex -23.2 -20.6699 30.5
      vertex -16.2 -21.0332 31.0438
      vertex -23.2 -21.0332 31.0438
    endloop
  endfacet
  facet normal 0 -0.831509 -0.555512
    outer loop
      vertex -16.2 -21.0332 31.0438
      vertex -23.2 -20.6699 30.5
      vertex -16.2 -20.6699 30.5
    endloop
  endfacet
  facet normal 0 -0.321407 -0.946941
    outer loop
      vertex -23.2 -23.7059 32.8296
      vertex -16.2 -23.0866 32.6194
      vertex -16.2 -23.7059 32.8296
    endloop
  endfacet
  facet normal -0 -0.321407 -0.946941
    outer loop
      vertex -16.2 -23.0866 32.6194
      vertex -23.2 -23.7059 32.8296
      vertex -23.2 -23.0866 32.6194
    endloop
  endfacet
  facet normal 0 0.0654432 -0.997856
    outer loop
      vertex -23.2 -40.6526 32.9572
      vertex -16.2 -40 33
      vertex -16.2 -40.6526 32.9572
    endloop
  endfacet
  facet normal 0 0.0654432 -0.997856
    outer loop
      vertex -16.2 -40 33
      vertex -23.2 -40.6526 32.9572
      vertex -23.2 -40 33
    endloop
  endfacet
  facet normal 0 0.195087 -0.980786
    outer loop
      vertex -23.2 -41.2941 32.8296
      vertex -16.2 -40.6526 32.9572
      vertex -16.2 -41.2941 32.8296
    endloop
  endfacet
  facet normal 0 0.195087 -0.980786
    outer loop
      vertex -16.2 -40.6526 32.9572
      vertex -23.2 -41.2941 32.8296
      vertex -23.2 -40.6526 32.9572
    endloop
  endfacet
  facet normal 0 0.751771 -0.659424
    outer loop
      vertex -16.2 -43.9668 31.0438
      vertex -23.2 -43.5355 31.5355
      vertex -16.2 -43.5355 31.5355
    endloop
  endfacet
  facet normal 0 0.751771 -0.659424
    outer loop
      vertex -23.2 -43.5355 31.5355
      vertex -16.2 -43.9668 31.0438
      vertex -23.2 -43.9668 31.0438
    endloop
  endfacet
  facet normal 0 0.89686 -0.442314
    outer loop
      vertex -16.2 -44.6194 29.9134
      vertex -23.2 -44.3301 30.5
      vertex -16.2 -44.3301 30.5
    endloop
  endfacet
  facet normal 0 0.89686 -0.442314
    outer loop
      vertex -23.2 -44.3301 30.5
      vertex -16.2 -44.6194 29.9134
      vertex -23.2 -44.6194 29.9134
    endloop
  endfacet
  facet normal 0 0.831509 -0.555512
    outer loop
      vertex -16.2 -44.3301 30.5
      vertex -23.2 -43.9668 31.0438
      vertex -16.2 -43.9668 31.0438
    endloop
  endfacet
  facet normal 0 0.831509 -0.555512
    outer loop
      vertex -23.2 -43.9668 31.0438
      vertex -16.2 -44.3301 30.5
      vertex -23.2 -44.3301 30.5
    endloop
  endfacet
  facet normal 0 0.946941 -0.321407
    outer loop
      vertex -16.2 -44.8296 29.2941
      vertex -23.2 -44.6194 29.9134
      vertex -16.2 -44.6194 29.9134
    endloop
  endfacet
  facet normal 0 0.946941 -0.321407
    outer loop
      vertex -23.2 -44.6194 29.9134
      vertex -16.2 -44.8296 29.2941
      vertex -23.2 -44.8296 29.2941
    endloop
  endfacet
  facet normal 0 -0.442314 0.89686
    outer loop
      vertex -23.2 -22.5 23.6699
      vertex -16.2 -23.0866 23.3806
      vertex -16.2 -22.5 23.6699
    endloop
  endfacet
  facet normal 0 -0.442314 0.89686
    outer loop
      vertex -16.2 -23.0866 23.3806
      vertex -23.2 -22.5 23.6699
      vertex -23.2 -23.0866 23.3806
    endloop
  endfacet
  facet normal 0 -0.659424 0.751771
    outer loop
      vertex -23.2 -21.4645 24.4645
      vertex -16.2 -21.9562 24.0332
      vertex -16.2 -21.4645 24.4645
    endloop
  endfacet
  facet normal 0 -0.659424 0.751771
    outer loop
      vertex -16.2 -21.9562 24.0332
      vertex -23.2 -21.4645 24.4645
      vertex -23.2 -21.9562 24.0332
    endloop
  endfacet
  facet normal 0 -0.89686 0.442314
    outer loop
      vertex -23.2 -20.6699 25.5
      vertex -16.2 -20.3806 26.0866
      vertex -23.2 -20.3806 26.0866
    endloop
  endfacet
  facet normal 0 -0.89686 0.442314
    outer loop
      vertex -16.2 -20.3806 26.0866
      vertex -23.2 -20.6699 25.5
      vertex -16.2 -20.6699 25.5
    endloop
  endfacet
  facet normal 0 -0.946941 0.321407
    outer loop
      vertex -23.2 -20.3806 26.0866
      vertex -16.2 -20.1704 26.7059
      vertex -23.2 -20.1704 26.7059
    endloop
  endfacet
  facet normal 0 -0.946941 0.321407
    outer loop
      vertex -16.2 -20.1704 26.7059
      vertex -23.2 -20.3806 26.0866
      vertex -16.2 -20.3806 26.0866
    endloop
  endfacet
  facet normal -0 0.0654432 0.997856
    outer loop
      vertex -23.2 -40 23
      vertex -16.2 -40.6526 23.0428
      vertex -16.2 -40 23
    endloop
  endfacet
  facet normal 0 0.0654432 0.997856
    outer loop
      vertex -16.2 -40.6526 23.0428
      vertex -23.2 -40 23
      vertex -23.2 -40.6526 23.0428
    endloop
  endfacet
  facet normal 0 -0.980786 -0.195087
    outer loop
      vertex -23.2 -20.0428 28.6526
      vertex -16.2 -20.1704 29.2941
      vertex -23.2 -20.1704 29.2941
    endloop
  endfacet
  facet normal 0 -0.980786 -0.195087
    outer loop
      vertex -16.2 -20.1704 29.2941
      vertex -23.2 -20.0428 28.6526
      vertex -16.2 -20.0428 28.6526
    endloop
  endfacet
  facet normal 0 -0.997856 -0.0654432
    outer loop
      vertex -23.2 -20 28
      vertex -16.2 -20.0428 28.6526
      vertex -23.2 -20.0428 28.6526
    endloop
  endfacet
  facet normal 0 -0.997856 -0.0654432
    outer loop
      vertex -16.2 -20.0428 28.6526
      vertex -23.2 -20 28
      vertex -16.2 -20 28
    endloop
  endfacet
  facet normal 0 -0.555512 -0.831509
    outer loop
      vertex -23.2 -22.5 32.3301
      vertex -16.2 -21.9562 31.9668
      vertex -16.2 -22.5 32.3301
    endloop
  endfacet
  facet normal -0 -0.555512 -0.831509
    outer loop
      vertex -16.2 -21.9562 31.9668
      vertex -23.2 -22.5 32.3301
      vertex -23.2 -21.9562 31.9668
    endloop
  endfacet
  facet normal 0 -0.195087 -0.980786
    outer loop
      vertex -23.2 -24.3474 32.9572
      vertex -16.2 -23.7059 32.8296
      vertex -16.2 -24.3474 32.9572
    endloop
  endfacet
  facet normal -0 -0.195087 -0.980786
    outer loop
      vertex -16.2 -23.7059 32.8296
      vertex -23.2 -24.3474 32.9572
      vertex -23.2 -23.7059 32.8296
    endloop
  endfacet
  facet normal 0 -0.751771 0.659424
    outer loop
      vertex -23.2 -21.4645 24.4645
      vertex -16.2 -21.0332 24.9562
      vertex -23.2 -21.0332 24.9562
    endloop
  endfacet
  facet normal 0 -0.751771 0.659424
    outer loop
      vertex -16.2 -21.0332 24.9562
      vertex -23.2 -21.4645 24.4645
      vertex -16.2 -21.4645 24.4645
    endloop
  endfacet
  facet normal 0 -0.980786 0.195087
    outer loop
      vertex -23.2 -20.1704 26.7059
      vertex -16.2 -20.0428 27.3474
      vertex -23.2 -20.0428 27.3474
    endloop
  endfacet
  facet normal 0 -0.980786 0.195087
    outer loop
      vertex -16.2 -20.0428 27.3474
      vertex -23.2 -20.1704 26.7059
      vertex -16.2 -20.1704 26.7059
    endloop
  endfacet
  facet normal 0 -0.321407 0.946941
    outer loop
      vertex -23.2 -23.0866 23.3806
      vertex -16.2 -23.7059 23.1704
      vertex -16.2 -23.0866 23.3806
    endloop
  endfacet
  facet normal 0 -0.321407 0.946941
    outer loop
      vertex -16.2 -23.7059 23.1704
      vertex -23.2 -23.0866 23.3806
      vertex -23.2 -23.7059 23.1704
    endloop
  endfacet
  facet normal 0 -0.0654432 0.997856
    outer loop
      vertex -23.2 -24.3474 23.0428
      vertex -16.2 -25 23
      vertex -16.2 -24.3474 23.0428
    endloop
  endfacet
  facet normal 0 -0.0654432 0.997856
    outer loop
      vertex -16.2 -25 23
      vertex -23.2 -24.3474 23.0428
      vertex -23.2 -25 23
    endloop
  endfacet
  facet normal -0 0.195087 0.980786
    outer loop
      vertex -23.2 -40.6526 23.0428
      vertex -16.2 -41.2941 23.1704
      vertex -16.2 -40.6526 23.0428
    endloop
  endfacet
  facet normal 0 0.195087 0.980786
    outer loop
      vertex -16.2 -41.2941 23.1704
      vertex -23.2 -40.6526 23.0428
      vertex -23.2 -41.2941 23.1704
    endloop
  endfacet
  facet normal 0 -0.946941 -0.321407
    outer loop
      vertex -23.2 -20.1704 29.2941
      vertex -16.2 -20.3806 29.9134
      vertex -23.2 -20.3806 29.9134
    endloop
  endfacet
  facet normal 0 -0.946941 -0.321407
    outer loop
      vertex -16.2 -20.3806 29.9134
      vertex -23.2 -20.1704 29.2941
      vertex -16.2 -20.1704 29.2941
    endloop
  endfacet
  facet normal 0 -0.442314 -0.89686
    outer loop
      vertex -23.2 -23.0866 32.6194
      vertex -16.2 -22.5 32.3301
      vertex -16.2 -23.0866 32.6194
    endloop
  endfacet
  facet normal -0 -0.442314 -0.89686
    outer loop
      vertex -16.2 -22.5 32.3301
      vertex -23.2 -23.0866 32.6194
      vertex -23.2 -22.5 32.3301
    endloop
  endfacet
  facet normal 0 0.442314 -0.89686
    outer loop
      vertex -23.2 -42.5 32.3301
      vertex -16.2 -41.9134 32.6194
      vertex -16.2 -42.5 32.3301
    endloop
  endfacet
  facet normal 0 0.442314 -0.89686
    outer loop
      vertex -16.2 -41.9134 32.6194
      vertex -23.2 -42.5 32.3301
      vertex -23.2 -41.9134 32.6194
    endloop
  endfacet
  facet normal 0 0.321407 -0.946941
    outer loop
      vertex -23.2 -41.9134 32.6194
      vertex -16.2 -41.2941 32.8296
      vertex -16.2 -41.9134 32.6194
    endloop
  endfacet
  facet normal 0 0.321407 -0.946941
    outer loop
      vertex -16.2 -41.2941 32.8296
      vertex -23.2 -41.9134 32.6194
      vertex -23.2 -41.2941 32.8296
    endloop
  endfacet
  facet normal 0 0.555512 -0.831509
    outer loop
      vertex -23.2 -43.0438 31.9668
      vertex -16.2 -42.5 32.3301
      vertex -16.2 -43.0438 31.9668
    endloop
  endfacet
  facet normal 0 0.555512 -0.831509
    outer loop
      vertex -16.2 -42.5 32.3301
      vertex -23.2 -43.0438 31.9668
      vertex -23.2 -42.5 32.3301
    endloop
  endfacet
  facet normal 0 -0.831509 0.555512
    outer loop
      vertex -23.2 -21.0332 24.9562
      vertex -16.2 -20.6699 25.5
      vertex -23.2 -20.6699 25.5
    endloop
  endfacet
  facet normal 0 -0.831509 0.555512
    outer loop
      vertex -16.2 -20.6699 25.5
      vertex -23.2 -21.0332 24.9562
      vertex -16.2 -21.0332 24.9562
    endloop
  endfacet
  facet normal 0 -0.555512 0.831509
    outer loop
      vertex -23.2 -21.9562 24.0332
      vertex -16.2 -22.5 23.6699
      vertex -16.2 -21.9562 24.0332
    endloop
  endfacet
  facet normal 0 -0.555512 0.831509
    outer loop
      vertex -16.2 -22.5 23.6699
      vertex -23.2 -21.9562 24.0332
      vertex -23.2 -22.5 23.6699
    endloop
  endfacet
  facet normal 0 -0.195087 0.980786
    outer loop
      vertex -23.2 -23.7059 23.1704
      vertex -16.2 -24.3474 23.0428
      vertex -16.2 -23.7059 23.1704
    endloop
  endfacet
  facet normal 0 -0.195087 0.980786
    outer loop
      vertex -16.2 -24.3474 23.0428
      vertex -23.2 -23.7059 23.1704
      vertex -23.2 -24.3474 23.0428
    endloop
  endfacet
  facet normal 0 0.89686 0.442314
    outer loop
      vertex -16.2 -44.3301 25.5
      vertex -23.2 -44.6194 26.0866
      vertex -16.2 -44.6194 26.0866
    endloop
  endfacet
  facet normal 0 0.89686 0.442314
    outer loop
      vertex -23.2 -44.6194 26.0866
      vertex -16.2 -44.3301 25.5
      vertex -23.2 -44.3301 25.5
    endloop
  endfacet
  facet normal 0 0.831509 0.555512
    outer loop
      vertex -16.2 -43.9668 24.9562
      vertex -23.2 -44.3301 25.5
      vertex -16.2 -44.3301 25.5
    endloop
  endfacet
  facet normal 0 0.831509 0.555512
    outer loop
      vertex -23.2 -44.3301 25.5
      vertex -16.2 -43.9668 24.9562
      vertex -23.2 -43.9668 24.9562
    endloop
  endfacet
  facet normal 0 0.980786 0.195087
    outer loop
      vertex -16.2 -44.8296 26.7059
      vertex -23.2 -44.9572 27.3474
      vertex -16.2 -44.9572 27.3474
    endloop
  endfacet
  facet normal 0 0.980786 0.195087
    outer loop
      vertex -23.2 -44.9572 27.3474
      vertex -16.2 -44.8296 26.7059
      vertex -23.2 -44.8296 26.7059
    endloop
  endfacet
  facet normal -0 0.442314 0.89686
    outer loop
      vertex -23.2 -41.9134 23.3806
      vertex -16.2 -42.5 23.6699
      vertex -16.2 -41.9134 23.3806
    endloop
  endfacet
  facet normal 0 0.442314 0.89686
    outer loop
      vertex -16.2 -42.5 23.6699
      vertex -23.2 -41.9134 23.3806
      vertex -23.2 -42.5 23.6699
    endloop
  endfacet
  facet normal 0 0.659424 -0.751771
    outer loop
      vertex -23.2 -43.5355 31.5355
      vertex -16.2 -43.0438 31.9668
      vertex -16.2 -43.5355 31.5355
    endloop
  endfacet
  facet normal 0 0.659424 -0.751771
    outer loop
      vertex -16.2 -43.0438 31.9668
      vertex -23.2 -43.5355 31.5355
      vertex -23.2 -43.0438 31.9668
    endloop
  endfacet
  facet normal 0 0.751771 0.659424
    outer loop
      vertex -16.2 -43.5355 24.4645
      vertex -23.2 -43.9668 24.9562
      vertex -16.2 -43.9668 24.9562
    endloop
  endfacet
  facet normal 0 0.751771 0.659424
    outer loop
      vertex -23.2 -43.9668 24.9562
      vertex -16.2 -43.5355 24.4645
      vertex -23.2 -43.5355 24.4645
    endloop
  endfacet
  facet normal 0 0.946941 0.321407
    outer loop
      vertex -16.2 -44.6194 26.0866
      vertex -23.2 -44.8296 26.7059
      vertex -16.2 -44.8296 26.7059
    endloop
  endfacet
  facet normal 0 0.946941 0.321407
    outer loop
      vertex -23.2 -44.8296 26.7059
      vertex -16.2 -44.6194 26.0866
      vertex -23.2 -44.6194 26.0866
    endloop
  endfacet
  facet normal -0 0.659424 0.751771
    outer loop
      vertex -23.2 -43.0438 24.0332
      vertex -16.2 -43.5355 24.4645
      vertex -16.2 -43.0438 24.0332
    endloop
  endfacet
  facet normal 0 0.659424 0.751771
    outer loop
      vertex -16.2 -43.5355 24.4645
      vertex -23.2 -43.0438 24.0332
      vertex -23.2 -43.5355 24.4645
    endloop
  endfacet
  facet normal -0 0.555512 0.831509
    outer loop
      vertex -23.2 -42.5 23.6699
      vertex -16.2 -43.0438 24.0332
      vertex -16.2 -42.5 23.6699
    endloop
  endfacet
  facet normal 0 0.555512 0.831509
    outer loop
      vertex -16.2 -43.0438 24.0332
      vertex -23.2 -42.5 23.6699
      vertex -23.2 -43.0438 24.0332
    endloop
  endfacet
  facet normal 0 -0.997859 -0.0654027
    outer loop
      vertex -18 4 28
      vertex -16.2 3.96578 28.5221
      vertex -18 3.96578 28.5221
    endloop
  endfacet
  facet normal 0 -0.997859 -0.0654027
    outer loop
      vertex -16.2 3.96578 28.5221
      vertex -18 4 28
      vertex -16.2 4 28
    endloop
  endfacet
  facet normal 0 0.997859 -0.0654027
    outer loop
      vertex -16.2 -4 28
      vertex -18 -3.96578 28.5221
      vertex -16.2 -3.96578 28.5221
    endloop
  endfacet
  facet normal 0 0.997859 -0.0654027
    outer loop
      vertex -18 -3.96578 28.5221
      vertex -16.2 -4 28
      vertex -18 -4 28
    endloop
  endfacet
  facet normal 0 -0.0653641 -0.997861
    outer loop
      vertex -18 0 32
      vertex -16.2 0.522104 31.9658
      vertex -16.2 0 32
    endloop
  endfacet
  facet normal -0 -0.0653641 -0.997861
    outer loop
      vertex -16.2 0.522104 31.9658
      vertex -18 0 32
      vertex -18 0.522104 31.9658
    endloop
  endfacet
  facet normal 0 0.751861 0.659321
    outer loop
      vertex -16.2 -2.82843 25.1716
      vertex -18 -3.17341 25.565
      vertex -16.2 -3.17341 25.565
    endloop
  endfacet
  facet normal 0 0.751861 0.659321
    outer loop
      vertex -18 -3.17341 25.565
      vertex -16.2 -2.82843 25.1716
      vertex -18 -2.82843 25.1716
    endloop
  endfacet
  facet normal 0 -0.659362 -0.751826
    outer loop
      vertex -18 2.43505 31.1734
      vertex -16.2 2.82843 30.8284
      vertex -16.2 2.43505 31.1734
    endloop
  endfacet
  facet normal -0 -0.659362 -0.751826
    outer loop
      vertex -16.2 2.82843 30.8284
      vertex -18 2.43505 31.1734
      vertex -18 2.82843 30.8284
    endloop
  endfacet
  facet normal 0 0.659362 -0.751826
    outer loop
      vertex -18 -2.82843 30.8284
      vertex -16.2 -2.43505 31.1734
      vertex -16.2 -2.82843 30.8284
    endloop
  endfacet
  facet normal 0 0.659362 -0.751826
    outer loop
      vertex -16.2 -2.43505 31.1734
      vertex -18 -2.82843 30.8284
      vertex -18 -2.43505 31.1734
    endloop
  endfacet
  facet normal 0 0.321469 -0.94692
    outer loop
      vertex -18 -1.53073 31.6955
      vertex -16.2 -1.03528 31.8637
      vertex -16.2 -1.53073 31.6955
    endloop
  endfacet
  facet normal 0 0.321469 -0.94692
    outer loop
      vertex -16.2 -1.03528 31.8637
      vertex -18 -1.53073 31.6955
      vertex -18 -1.03528 31.8637
    endloop
  endfacet
  facet normal 0 0.946922 0.321464
    outer loop
      vertex -16.2 -3.69552 26.4693
      vertex -18 -3.8637 26.9647
      vertex -16.2 -3.8637 26.9647
    endloop
  endfacet
  facet normal 0 0.946922 0.321464
    outer loop
      vertex -18 -3.8637 26.9647
      vertex -16.2 -3.69552 26.4693
      vertex -18 -3.69552 26.4693
    endloop
  endfacet
  facet normal 0 -0.896883 -0.442268
    outer loop
      vertex -18 3.69552 29.5307
      vertex -16.2 3.4641 30
      vertex -18 3.4641 30
    endloop
  endfacet
  facet normal 0 -0.896883 -0.442268
    outer loop
      vertex -16.2 3.4641 30
      vertex -18 3.69552 29.5307
      vertex -16.2 3.69552 29.5307
    endloop
  endfacet
  facet normal 0 -0.831441 -0.555613
    outer loop
      vertex -18 3.4641 30
      vertex -16.2 3.17341 30.435
      vertex -18 3.17341 30.435
    endloop
  endfacet
  facet normal 0 -0.831441 -0.555613
    outer loop
      vertex -16.2 3.17341 30.435
      vertex -18 3.4641 30
      vertex -16.2 3.4641 30
    endloop
  endfacet
  facet normal 0 -0.44226 -0.896887
    outer loop
      vertex -18 1.53073 31.6955
      vertex -16.2 2 31.4641
      vertex -16.2 1.53073 31.6955
    endloop
  endfacet
  facet normal -0 -0.44226 -0.896887
    outer loop
      vertex -16.2 2 31.4641
      vertex -18 1.53073 31.6955
      vertex -18 2 31.4641
    endloop
  endfacet
  facet normal 0 -0.555582 -0.831462
    outer loop
      vertex -18 2 31.4641
      vertex -16.2 2.43505 31.1734
      vertex -16.2 2 31.4641
    endloop
  endfacet
  facet normal -0 -0.555582 -0.831462
    outer loop
      vertex -16.2 2.43505 31.1734
      vertex -18 2 31.4641
      vertex -18 2.43505 31.1734
    endloop
  endfacet
  facet normal 0 0.896883 -0.442268
    outer loop
      vertex -16.2 -3.69552 29.5307
      vertex -18 -3.4641 30
      vertex -16.2 -3.4641 30
    endloop
  endfacet
  facet normal 0 0.896883 -0.442268
    outer loop
      vertex -18 -3.4641 30
      vertex -16.2 -3.69552 29.5307
      vertex -18 -3.69552 29.5307
    endloop
  endfacet
  facet normal 0 0.751861 -0.659321
    outer loop
      vertex -16.2 -3.17341 30.435
      vertex -18 -2.82843 30.8284
      vertex -16.2 -2.82843 30.8284
    endloop
  endfacet
  facet normal 0 0.751861 -0.659321
    outer loop
      vertex -18 -2.82843 30.8284
      vertex -16.2 -3.17341 30.435
      vertex -18 -3.17341 30.435
    endloop
  endfacet
  facet normal 0 0.0653641 -0.997861
    outer loop
      vertex -18 -0.522104 31.9658
      vertex -16.2 0 32
      vertex -16.2 -0.522104 31.9658
    endloop
  endfacet
  facet normal 0 0.0653641 -0.997861
    outer loop
      vertex -16.2 0 32
      vertex -18 -0.522104 31.9658
      vertex -18 0 32
    endloop
  endfacet
  facet normal 0 -0.946922 0.321464
    outer loop
      vertex -18 3.69552 26.4693
      vertex -16.2 3.8637 26.9647
      vertex -18 3.8637 26.9647
    endloop
  endfacet
  facet normal 0 -0.946922 0.321464
    outer loop
      vertex -16.2 3.8637 26.9647
      vertex -18 3.69552 26.4693
      vertex -16.2 3.69552 26.4693
    endloop
  endfacet
  facet normal 0 -0.44226 0.896887
    outer loop
      vertex -18 2 24.5359
      vertex -16.2 1.53073 24.3045
      vertex -16.2 2 24.5359
    endloop
  endfacet
  facet normal 0 -0.44226 0.896887
    outer loop
      vertex -16.2 1.53073 24.3045
      vertex -18 2 24.5359
      vertex -18 1.53073 24.3045
    endloop
  endfacet
  facet normal 0 -0.555582 0.831462
    outer loop
      vertex -18 2.43505 24.8266
      vertex -16.2 2 24.5359
      vertex -16.2 2.43505 24.8266
    endloop
  endfacet
  facet normal 0 -0.555582 0.831462
    outer loop
      vertex -16.2 2 24.5359
      vertex -18 2.43505 24.8266
      vertex -18 2 24.5359
    endloop
  endfacet
  facet normal -0 0.659362 0.751826
    outer loop
      vertex -18 -2.43505 24.8266
      vertex -16.2 -2.82843 25.1716
      vertex -16.2 -2.43505 24.8266
    endloop
  endfacet
  facet normal 0 0.659362 0.751826
    outer loop
      vertex -16.2 -2.82843 25.1716
      vertex -18 -2.43505 24.8266
      vertex -18 -2.82843 25.1716
    endloop
  endfacet
  facet normal 0 0.997859 0.0654027
    outer loop
      vertex -16.2 -3.96578 27.4779
      vertex -18 -4 28
      vertex -16.2 -4 28
    endloop
  endfacet
  facet normal 0 0.997859 0.0654027
    outer loop
      vertex -18 -4 28
      vertex -16.2 -3.96578 27.4779
      vertex -18 -3.96578 27.4779
    endloop
  endfacet
  facet normal 0 -0.946922 -0.321464
    outer loop
      vertex -18 3.8637 29.0353
      vertex -16.2 3.69552 29.5307
      vertex -18 3.69552 29.5307
    endloop
  endfacet
  facet normal 0 -0.946922 -0.321464
    outer loop
      vertex -16.2 3.69552 29.5307
      vertex -18 3.8637 29.0353
      vertex -16.2 3.8637 29.0353
    endloop
  endfacet
  facet normal 0 -0.980786 -0.195087
    outer loop
      vertex -18 3.96578 28.5221
      vertex -16.2 3.8637 29.0353
      vertex -18 3.8637 29.0353
    endloop
  endfacet
  facet normal 0 -0.980786 -0.195087
    outer loop
      vertex -16.2 3.8637 29.0353
      vertex -18 3.96578 28.5221
      vertex -16.2 3.96578 28.5221
    endloop
  endfacet
  facet normal 0 -0.751861 -0.659321
    outer loop
      vertex -18 3.17341 30.435
      vertex -16.2 2.82843 30.8284
      vertex -18 2.82843 30.8284
    endloop
  endfacet
  facet normal 0 -0.751861 -0.659321
    outer loop
      vertex -16.2 2.82843 30.8284
      vertex -18 3.17341 30.435
      vertex -16.2 3.17341 30.435
    endloop
  endfacet
  facet normal 0 -0.321469 -0.94692
    outer loop
      vertex -18 1.03528 31.8637
      vertex -16.2 1.53073 31.6955
      vertex -16.2 1.03528 31.8637
    endloop
  endfacet
  facet normal -0 -0.321469 -0.94692
    outer loop
      vertex -16.2 1.53073 31.6955
      vertex -18 1.03528 31.8637
      vertex -18 1.53073 31.6955
    endloop
  endfacet
  facet normal 0 -0.195133 -0.980777
    outer loop
      vertex -18 0.522104 31.9658
      vertex -16.2 1.03528 31.8637
      vertex -16.2 0.522104 31.9658
    endloop
  endfacet
  facet normal -0 -0.195133 -0.980777
    outer loop
      vertex -16.2 1.03528 31.8637
      vertex -18 0.522104 31.9658
      vertex -18 1.03528 31.8637
    endloop
  endfacet
  facet normal 0 0.831441 -0.555613
    outer loop
      vertex -16.2 -3.4641 30
      vertex -18 -3.17341 30.435
      vertex -16.2 -3.17341 30.435
    endloop
  endfacet
  facet normal 0 0.831441 -0.555613
    outer loop
      vertex -18 -3.17341 30.435
      vertex -16.2 -3.4641 30
      vertex -18 -3.4641 30
    endloop
  endfacet
  facet normal 0 0.946922 -0.321464
    outer loop
      vertex -16.2 -3.8637 29.0353
      vertex -18 -3.69552 29.5307
      vertex -16.2 -3.69552 29.5307
    endloop
  endfacet
  facet normal 0 0.946922 -0.321464
    outer loop
      vertex -18 -3.69552 29.5307
      vertex -16.2 -3.8637 29.0353
      vertex -18 -3.8637 29.0353
    endloop
  endfacet
  facet normal 0 0.980786 -0.195087
    outer loop
      vertex -16.2 -3.96578 28.5221
      vertex -18 -3.8637 29.0353
      vertex -16.2 -3.8637 29.0353
    endloop
  endfacet
  facet normal 0 0.980786 -0.195087
    outer loop
      vertex -18 -3.8637 29.0353
      vertex -16.2 -3.96578 28.5221
      vertex -18 -3.96578 28.5221
    endloop
  endfacet
  facet normal 0 0.44226 -0.896887
    outer loop
      vertex -18 -2 31.4641
      vertex -16.2 -1.53073 31.6955
      vertex -16.2 -2 31.4641
    endloop
  endfacet
  facet normal 0 0.44226 -0.896887
    outer loop
      vertex -16.2 -1.53073 31.6955
      vertex -18 -2 31.4641
      vertex -18 -1.53073 31.6955
    endloop
  endfacet
  facet normal 0 0.555582 -0.831462
    outer loop
      vertex -18 -2.43505 31.1734
      vertex -16.2 -2 31.4641
      vertex -16.2 -2.43505 31.1734
    endloop
  endfacet
  facet normal 0 0.555582 -0.831462
    outer loop
      vertex -16.2 -2 31.4641
      vertex -18 -2.43505 31.1734
      vertex -18 -2 31.4641
    endloop
  endfacet
  facet normal 0 0.195133 -0.980777
    outer loop
      vertex -18 -1.03528 31.8637
      vertex -16.2 -0.522104 31.9658
      vertex -16.2 -1.03528 31.8637
    endloop
  endfacet
  facet normal 0 0.195133 -0.980777
    outer loop
      vertex -16.2 -0.522104 31.9658
      vertex -18 -1.03528 31.8637
      vertex -18 -0.522104 31.9658
    endloop
  endfacet
  facet normal 0 -0.0653641 0.997861
    outer loop
      vertex -18 0.522104 24.0342
      vertex -16.2 0 24
      vertex -16.2 0.522104 24.0342
    endloop
  endfacet
  facet normal 0 -0.0653641 0.997861
    outer loop
      vertex -16.2 0 24
      vertex -18 0.522104 24.0342
      vertex -18 0 24
    endloop
  endfacet
  facet normal 0 -0.321469 0.94692
    outer loop
      vertex -18 1.53073 24.3045
      vertex -16.2 1.03528 24.1363
      vertex -16.2 1.53073 24.3045
    endloop
  endfacet
  facet normal 0 -0.321469 0.94692
    outer loop
      vertex -16.2 1.03528 24.1363
      vertex -18 1.53073 24.3045
      vertex -18 1.03528 24.1363
    endloop
  endfacet
  facet normal 0 -0.659362 0.751826
    outer loop
      vertex -18 2.82843 25.1716
      vertex -16.2 2.43505 24.8266
      vertex -16.2 2.82843 25.1716
    endloop
  endfacet
  facet normal 0 -0.659362 0.751826
    outer loop
      vertex -16.2 2.43505 24.8266
      vertex -18 2.82843 25.1716
      vertex -18 2.43505 24.8266
    endloop
  endfacet
  facet normal 0 -0.831441 0.555613
    outer loop
      vertex -18 3.17341 25.565
      vertex -16.2 3.4641 26
      vertex -18 3.4641 26
    endloop
  endfacet
  facet normal 0 -0.831441 0.555613
    outer loop
      vertex -16.2 3.4641 26
      vertex -18 3.17341 25.565
      vertex -16.2 3.17341 25.565
    endloop
  endfacet
  facet normal -0 0.555582 0.831462
    outer loop
      vertex -18 -2 24.5359
      vertex -16.2 -2.43505 24.8266
      vertex -16.2 -2 24.5359
    endloop
  endfacet
  facet normal 0 0.555582 0.831462
    outer loop
      vertex -16.2 -2.43505 24.8266
      vertex -18 -2 24.5359
      vertex -18 -2.43505 24.8266
    endloop
  endfacet
  facet normal -0 0.321469 0.94692
    outer loop
      vertex -18 -1.03528 24.1363
      vertex -16.2 -1.53073 24.3045
      vertex -16.2 -1.03528 24.1363
    endloop
  endfacet
  facet normal 0 0.321469 0.94692
    outer loop
      vertex -16.2 -1.53073 24.3045
      vertex -18 -1.03528 24.1363
      vertex -18 -1.53073 24.3045
    endloop
  endfacet
  facet normal -0 0.0653641 0.997861
    outer loop
      vertex -18 0 24
      vertex -16.2 -0.522104 24.0342
      vertex -16.2 0 24
    endloop
  endfacet
  facet normal 0 0.0653641 0.997861
    outer loop
      vertex -16.2 -0.522104 24.0342
      vertex -18 0 24
      vertex -18 -0.522104 24.0342
    endloop
  endfacet
  facet normal 0 0.896883 0.442268
    outer loop
      vertex -16.2 -3.4641 26
      vertex -18 -3.69552 26.4693
      vertex -16.2 -3.69552 26.4693
    endloop
  endfacet
  facet normal 0 0.896883 0.442268
    outer loop
      vertex -18 -3.69552 26.4693
      vertex -16.2 -3.4641 26
      vertex -18 -3.4641 26
    endloop
  endfacet
  facet normal 0 0.980786 0.195087
    outer loop
      vertex -16.2 -3.8637 26.9647
      vertex -18 -3.96578 27.4779
      vertex -16.2 -3.96578 27.4779
    endloop
  endfacet
  facet normal 0 0.980786 0.195087
    outer loop
      vertex -18 -3.96578 27.4779
      vertex -16.2 -3.8637 26.9647
      vertex -18 -3.8637 26.9647
    endloop
  endfacet
  facet normal 0 -0.195133 0.980777
    outer loop
      vertex -18 1.03528 24.1363
      vertex -16.2 0.522104 24.0342
      vertex -16.2 1.03528 24.1363
    endloop
  endfacet
  facet normal 0 -0.195133 0.980777
    outer loop
      vertex -16.2 0.522104 24.0342
      vertex -18 1.03528 24.1363
      vertex -18 0.522104 24.0342
    endloop
  endfacet
  facet normal 0 -0.751861 0.659321
    outer loop
      vertex -18 2.82843 25.1716
      vertex -16.2 3.17341 25.565
      vertex -18 3.17341 25.565
    endloop
  endfacet
  facet normal 0 -0.751861 0.659321
    outer loop
      vertex -16.2 3.17341 25.565
      vertex -18 2.82843 25.1716
      vertex -16.2 2.82843 25.1716
    endloop
  endfacet
  facet normal 0 -0.980786 0.195087
    outer loop
      vertex -18 3.8637 26.9647
      vertex -16.2 3.96578 27.4779
      vertex -18 3.96578 27.4779
    endloop
  endfacet
  facet normal 0 -0.980786 0.195087
    outer loop
      vertex -16.2 3.96578 27.4779
      vertex -18 3.8637 26.9647
      vertex -16.2 3.8637 26.9647
    endloop
  endfacet
  facet normal 0 -0.896883 0.442268
    outer loop
      vertex -18 3.4641 26
      vertex -16.2 3.69552 26.4693
      vertex -18 3.69552 26.4693
    endloop
  endfacet
  facet normal 0 -0.896883 0.442268
    outer loop
      vertex -16.2 3.69552 26.4693
      vertex -18 3.4641 26
      vertex -16.2 3.4641 26
    endloop
  endfacet
  facet normal -0 0.44226 0.896887
    outer loop
      vertex -18 -1.53073 24.3045
      vertex -16.2 -2 24.5359
      vertex -16.2 -1.53073 24.3045
    endloop
  endfacet
  facet normal 0 0.44226 0.896887
    outer loop
      vertex -16.2 -2 24.5359
      vertex -18 -1.53073 24.3045
      vertex -18 -2 24.5359
    endloop
  endfacet
  facet normal -0 0.195133 0.980777
    outer loop
      vertex -18 -0.522104 24.0342
      vertex -16.2 -1.03528 24.1363
      vertex -16.2 -0.522104 24.0342
    endloop
  endfacet
  facet normal 0 0.195133 0.980777
    outer loop
      vertex -16.2 -1.03528 24.1363
      vertex -18 -0.522104 24.0342
      vertex -18 -1.03528 24.1363
    endloop
  endfacet
  facet normal 0 0.831441 0.555613
    outer loop
      vertex -16.2 -3.17341 25.565
      vertex -18 -3.4641 26
      vertex -16.2 -3.4641 26
    endloop
  endfacet
  facet normal 0 0.831441 0.555613
    outer loop
      vertex -18 -3.4641 26
      vertex -16.2 -3.17341 25.565
      vertex -18 -3.17341 25.565
    endloop
  endfacet
  facet normal 0 -0.997859 0.0654027
    outer loop
      vertex -18 3.96578 27.4779
      vertex -16.2 4 28
      vertex -18 4 28
    endloop
  endfacet
  facet normal 0 -0.997859 0.0654027
    outer loop
      vertex -16.2 4 28
      vertex -18 3.96578 27.4779
      vertex -16.2 3.96578 27.4779
    endloop
  endfacet
  facet normal 0 -0.997859 -0.0653966
    outer loop
      vertex -23.2 6.6 28
      vertex -18 6.54354 28.8615
      vertex -23.2 6.54354 28.8615
    endloop
  endfacet
  facet normal 0 -0.997859 -0.0653966
    outer loop
      vertex -18 6.54354 28.8615
      vertex -23.2 6.6 28
      vertex -18 6.6 28
    endloop
  endfacet
  facet normal 0 0.997859 -0.0653966
    outer loop
      vertex -18 -6.6 28
      vertex -23.2 -6.54354 28.8615
      vertex -18 -6.54354 28.8615
    endloop
  endfacet
  facet normal 0 0.997859 -0.0653966
    outer loop
      vertex -23.2 -6.54354 28.8615
      vertex -18 -6.6 28
      vertex -23.2 -6.6 28
    endloop
  endfacet
  facet normal 0 -0.0654448 -0.997856
    outer loop
      vertex -23.2 0 34.6
      vertex -18 0.861472 34.5435
      vertex -18 0 34.6
    endloop
  endfacet
  facet normal -0 -0.0654448 -0.997856
    outer loop
      vertex -18 0.861472 34.5435
      vertex -23.2 0 34.6
      vertex -23.2 0.861472 34.5435
    endloop
  endfacet
  facet normal -0 0.0654448 0.997856
    outer loop
      vertex -23.2 0 21.4
      vertex -18 -0.861472 21.4565
      vertex -18 0 21.4
    endloop
  endfacet
  facet normal 0 0.0654448 0.997856
    outer loop
      vertex -18 -0.861472 21.4565
      vertex -23.2 0 21.4
      vertex -23.2 -0.861472 21.4565
    endloop
  endfacet
  facet normal 0 0.751849 0.659336
    outer loop
      vertex -18 -4.6669 23.3331
      vertex -23.2 -5.23613 23.9822
      vertex -18 -5.23613 23.9822
    endloop
  endfacet
  facet normal 0 0.751849 0.659336
    outer loop
      vertex -23.2 -5.23613 23.9822
      vertex -18 -4.6669 23.3331
      vertex -23.2 -4.6669 23.3331
    endloop
  endfacet
  facet normal 0 -0.751849 -0.659336
    outer loop
      vertex -23.2 5.23613 32.0178
      vertex -18 4.6669 32.6669
      vertex -23.2 4.6669 32.6669
    endloop
  endfacet
  facet normal 0 -0.751849 -0.659336
    outer loop
      vertex -18 4.6669 32.6669
      vertex -23.2 5.23613 32.0178
      vertex -18 5.23613 32.0178
    endloop
  endfacet
  facet normal 0 0.659333 -0.751851
    outer loop
      vertex -23.2 -4.6669 32.6669
      vertex -18 -4.01783 33.2361
      vertex -18 -4.6669 32.6669
    endloop
  endfacet
  facet normal 0 0.659333 -0.751851
    outer loop
      vertex -18 -4.01783 33.2361
      vertex -23.2 -4.6669 32.6669
      vertex -23.2 -4.01783 33.2361
    endloop
  endfacet
  facet normal 0 0.321435 -0.946931
    outer loop
      vertex -23.2 -2.52571 34.0976
      vertex -18 -1.70821 34.3751
      vertex -18 -2.52571 34.0976
    endloop
  endfacet
  facet normal 0 0.321435 -0.946931
    outer loop
      vertex -18 -1.70821 34.3751
      vertex -23.2 -2.52571 34.0976
      vertex -23.2 -1.70821 34.3751
    endloop
  endfacet
  facet normal 0 -0.659333 0.751851
    outer loop
      vertex -23.2 4.6669 23.3331
      vertex -18 4.01783 22.7639
      vertex -18 4.6669 23.3331
    endloop
  endfacet
  facet normal 0 -0.659333 0.751851
    outer loop
      vertex -18 4.01783 22.7639
      vertex -23.2 4.6669 23.3331
      vertex -23.2 4.01783 22.7639
    endloop
  endfacet
  facet normal 0 -0.946928 -0.321446
    outer loop
      vertex -23.2 6.37511 29.7082
      vertex -18 6.0976 30.5257
      vertex -23.2 6.0976 30.5257
    endloop
  endfacet
  facet normal 0 -0.946928 -0.321446
    outer loop
      vertex -18 6.0976 30.5257
      vertex -23.2 6.37511 29.7082
      vertex -18 6.37511 29.7082
    endloop
  endfacet
  facet normal 0 -0.980783 -0.195102
    outer loop
      vertex -23.2 6.54354 28.8615
      vertex -18 6.37511 29.7082
      vertex -23.2 6.37511 29.7082
    endloop
  endfacet
  facet normal 0 -0.980783 -0.195102
    outer loop
      vertex -18 6.37511 29.7082
      vertex -23.2 6.54354 28.8615
      vertex -18 6.54354 28.8615
    endloop
  endfacet
  facet normal 0 -0.442254 -0.89689
    outer loop
      vertex -23.2 2.52571 34.0976
      vertex -18 3.3 33.7158
      vertex -18 2.52571 34.0976
    endloop
  endfacet
  facet normal -0 -0.442254 -0.89689
    outer loop
      vertex -18 3.3 33.7158
      vertex -23.2 2.52571 34.0976
      vertex -23.2 3.3 33.7158
    endloop
  endfacet
  facet normal 0 -0.321435 -0.946931
    outer loop
      vertex -23.2 1.70821 34.3751
      vertex -18 2.52571 34.0976
      vertex -18 1.70821 34.3751
    endloop
  endfacet
  facet normal -0 -0.321435 -0.946931
    outer loop
      vertex -18 2.52571 34.0976
      vertex -23.2 1.70821 34.3751
      vertex -23.2 2.52571 34.0976
    endloop
  endfacet
  facet normal 0 -0.659333 -0.751851
    outer loop
      vertex -23.2 4.01783 33.2361
      vertex -18 4.6669 32.6669
      vertex -18 4.01783 33.2361
    endloop
  endfacet
  facet normal -0 -0.659333 -0.751851
    outer loop
      vertex -18 4.6669 32.6669
      vertex -23.2 4.01783 33.2361
      vertex -23.2 4.6669 32.6669
    endloop
  endfacet
  facet normal 0 0.896878 -0.442277
    outer loop
      vertex -18 -6.0976 30.5257
      vertex -23.2 -5.71577 31.3
      vertex -18 -5.71577 31.3
    endloop
  endfacet
  facet normal 0 0.896878 -0.442277
    outer loop
      vertex -23.2 -5.71577 31.3
      vertex -18 -6.0976 30.5257
      vertex -23.2 -6.0976 30.5257
    endloop
  endfacet
  facet normal 0 0.751849 -0.659336
    outer loop
      vertex -18 -5.23613 32.0178
      vertex -23.2 -4.6669 32.6669
      vertex -18 -4.6669 32.6669
    endloop
  endfacet
  facet normal 0 0.751849 -0.659336
    outer loop
      vertex -23.2 -4.6669 32.6669
      vertex -18 -5.23613 32.0178
      vertex -23.2 -5.23613 32.0178
    endloop
  endfacet
  facet normal 0 0.946928 -0.321446
    outer loop
      vertex -18 -6.37511 29.7082
      vertex -23.2 -6.0976 30.5257
      vertex -18 -6.0976 30.5257
    endloop
  endfacet
  facet normal 0 0.946928 -0.321446
    outer loop
      vertex -23.2 -6.0976 30.5257
      vertex -18 -6.37511 29.7082
      vertex -23.2 -6.37511 29.7082
    endloop
  endfacet
  facet normal 0 0.195061 -0.980791
    outer loop
      vertex -23.2 -1.70821 34.3751
      vertex -18 -0.861472 34.5435
      vertex -18 -1.70821 34.3751
    endloop
  endfacet
  facet normal 0 0.195061 -0.980791
    outer loop
      vertex -18 -0.861472 34.5435
      vertex -23.2 -1.70821 34.3751
      vertex -23.2 -0.861472 34.5435
    endloop
  endfacet
  facet normal -0 0.442254 0.89689
    outer loop
      vertex -23.2 -2.52571 21.9024
      vertex -18 -3.3 22.2842
      vertex -18 -2.52571 21.9024
    endloop
  endfacet
  facet normal 0 0.442254 0.89689
    outer loop
      vertex -18 -3.3 22.2842
      vertex -23.2 -2.52571 21.9024
      vertex -23.2 -3.3 22.2842
    endloop
  endfacet
  facet normal -0 0.659333 0.751851
    outer loop
      vertex -23.2 -4.01783 22.7639
      vertex -18 -4.6669 23.3331
      vertex -18 -4.01783 22.7639
    endloop
  endfacet
  facet normal 0 0.659333 0.751851
    outer loop
      vertex -18 -4.6669 23.3331
      vertex -23.2 -4.01783 22.7639
      vertex -23.2 -4.6669 23.3331
    endloop
  endfacet
  facet normal -0 0.321435 0.946931
    outer loop
      vertex -23.2 -1.70821 21.6249
      vertex -18 -2.52571 21.9024
      vertex -18 -1.70821 21.6249
    endloop
  endfacet
  facet normal 0 0.321435 0.946931
    outer loop
      vertex -18 -2.52571 21.9024
      vertex -23.2 -1.70821 21.6249
      vertex -23.2 -2.52571 21.9024
    endloop
  endfacet
  facet normal -1 0 0
    outer loop
      vertex -18 4 28
      vertex -18 6.6 28
      vertex -18 6.54354 27.1385
    endloop
  endfacet
  facet normal -1 0 0
    outer loop
      vertex -18 3.96578 27.4779
      vertex -18 6.54354 27.1385
      vertex -18 6.37511 26.2918
    endloop
  endfacet
  facet normal -1 0 0
    outer loop
      vertex -18 6.6 28
      vertex -18 4 28
      vertex -18 6.54354 28.8615
    endloop
  endfacet
  facet normal -1 0 0
    outer loop
      vertex -18 3.8637 26.9647
      vertex -18 6.37511 26.2918
      vertex -18 6.0976 25.4743
    endloop
  endfacet
  facet normal -1 0 0
    outer loop
      vertex -18 3.96578 28.5221
      vertex -18 6.54354 28.8615
      vertex -18 4 28
    endloop
  endfacet
  facet normal -1 0 0
    outer loop
      vertex -18 3.69552 26.4693
      vertex -18 6.0976 25.4743
      vertex -18 5.71577 24.7
    endloop
  endfacet
  facet normal -1 -0 0
    outer loop
      vertex -18 6.54354 28.8615
      vertex -18 3.96578 28.5221
      vertex -18 6.37511 29.7082
    endloop
  endfacet
  facet normal -1 0 0
    outer loop
      vertex -18 3.4641 26
      vertex -18 5.71577 24.7
      vertex -18 5.23613 23.9822
    endloop
  endfacet
  facet normal -1 0 0
    outer loop
      vertex -18 3.8637 29.0353
      vertex -18 6.37511 29.7082
      vertex -18 3.96578 28.5221
    endloop
  endfacet
  facet normal -1 0 0
    outer loop
      vertex -18 3.17341 25.565
      vertex -18 5.23613 23.9822
      vertex -18 4.6669 23.3331
    endloop
  endfacet
  facet normal -1 -0 0
    outer loop
      vertex -18 6.37511 29.7082
      vertex -18 3.8637 29.0353
      vertex -18 6.0976 30.5257
    endloop
  endfacet
  facet normal -1 0 0
    outer loop
      vertex -18 2.82843 25.1716
      vertex -18 4.6669 23.3331
      vertex -18 4.01783 22.7639
    endloop
  endfacet
  facet normal -1 0 0
    outer loop
      vertex -18 3.69552 29.5307
      vertex -18 6.0976 30.5257
      vertex -18 3.8637 29.0353
    endloop
  endfacet
  facet normal -1 -0 0
    outer loop
      vertex -18 6.0976 30.5257
      vertex -18 3.69552 29.5307
      vertex -18 5.71577 31.3
    endloop
  endfacet
  facet normal -1 0 0
    outer loop
      vertex -18 6.54354 27.1385
      vertex -18 3.96578 27.4779
      vertex -18 4 28
    endloop
  endfacet
  facet normal -1 0 0
    outer loop
      vertex -18 6.37511 26.2918
      vertex -18 3.8637 26.9647
      vertex -18 3.96578 27.4779
    endloop
  endfacet
  facet normal -1 0 0
    outer loop
      vertex -18 6.0976 25.4743
      vertex -18 3.69552 26.4693
      vertex -18 3.8637 26.9647
    endloop
  endfacet
  facet normal -1 0 0
    outer loop
      vertex -18 5.71577 24.7
      vertex -18 3.4641 26
      vertex -18 3.69552 26.4693
    endloop
  endfacet
  facet normal -1 0 0
    outer loop
      vertex -18 2.43505 24.8266
      vertex -18 4.01783 22.7639
      vertex -18 3.3 22.2842
    endloop
  endfacet
  facet normal -1 0 0
    outer loop
      vertex -18 5.23613 23.9822
      vertex -18 3.17341 25.565
      vertex -18 3.4641 26
    endloop
  endfacet
  facet normal -1 0 0
    outer loop
      vertex -18 4.6669 23.3331
      vertex -18 2.82843 25.1716
      vertex -18 3.17341 25.565
    endloop
  endfacet
  facet normal -1 0 0
    outer loop
      vertex -18 2 24.5359
      vertex -18 3.3 22.2842
      vertex -18 2.52571 21.9024
    endloop
  endfacet
  facet normal -1 0 0
    outer loop
      vertex -18 4.01783 22.7639
      vertex -18 2.43505 24.8266
      vertex -18 2.82843 25.1716
    endloop
  endfacet
  facet normal -1 0 0
    outer loop
      vertex -18 3.3 22.2842
      vertex -18 2 24.5359
      vertex -18 2.43505 24.8266
    endloop
  endfacet
  facet normal -1 0 0
    outer loop
      vertex -18 1.53073 24.3045
      vertex -18 2.52571 21.9024
      vertex -18 1.70821 21.6249
    endloop
  endfacet
  facet normal -1 0 0
    outer loop
      vertex -18 2.52571 21.9024
      vertex -18 1.53073 24.3045
      vertex -18 2 24.5359
    endloop
  endfacet
  facet normal -1 0 0
    outer loop
      vertex -18 1.70821 21.6249
      vertex -18 1.03528 24.1363
      vertex -18 1.53073 24.3045
    endloop
  endfacet
  facet normal -1 0 0
    outer loop
      vertex -18 0.861472 21.4565
      vertex -18 1.03528 24.1363
      vertex -18 1.70821 21.6249
    endloop
  endfacet
  facet normal -1 0 0
    outer loop
      vertex -18 0.861472 21.4565
      vertex -18 0.522104 24.0342
      vertex -18 1.03528 24.1363
    endloop
  endfacet
  facet normal -1 0 0
    outer loop
      vertex -18 0 21.4
      vertex -18 0.522104 24.0342
      vertex -18 0.861472 21.4565
    endloop
  endfacet
  facet normal -1 0 0
    outer loop
      vertex -18 0 21.4
      vertex -18 0 24
      vertex -18 0.522104 24.0342
    endloop
  endfacet
  facet normal -1 0 0
    outer loop
      vertex -18 0 21.4
      vertex -18 -0.522104 24.0342
      vertex -18 0 24
    endloop
  endfacet
  facet normal -1 0 0
    outer loop
      vertex -18 -0.861472 21.4565
      vertex -18 -0.522104 24.0342
      vertex -18 0 21.4
    endloop
  endfacet
  facet normal -1 0 0
    outer loop
      vertex -18 -0.861472 21.4565
      vertex -18 -1.03528 24.1363
      vertex -18 -0.522104 24.0342
    endloop
  endfacet
  facet normal -1 0 0
    outer loop
      vertex -18 -1.70821 21.6249
      vertex -18 -1.03528 24.1363
      vertex -18 -0.861472 21.4565
    endloop
  endfacet
  facet normal -1 -0 0
    outer loop
      vertex -18 -1.03528 24.1363
      vertex -18 -1.70821 21.6249
      vertex -18 -1.53073 24.3045
    endloop
  endfacet
  facet normal -1 0 0
    outer loop
      vertex -18 -2.52571 21.9024
      vertex -18 -1.53073 24.3045
      vertex -18 -1.70821 21.6249
    endloop
  endfacet
  facet normal -1 -0 0
    outer loop
      vertex -18 -1.53073 24.3045
      vertex -18 -2.52571 21.9024
      vertex -18 -2 24.5359
    endloop
  endfacet
  facet normal -1 0 0
    outer loop
      vertex -18 -3.3 22.2842
      vertex -18 -2 24.5359
      vertex -18 -2.52571 21.9024
    endloop
  endfacet
  facet normal -1 -0 0
    outer loop
      vertex -18 -2 24.5359
      vertex -18 -3.3 22.2842
      vertex -18 -2.43505 24.8266
    endloop
  endfacet
  facet normal -1 0 0
    outer loop
      vertex -18 -4.01783 22.7639
      vertex -18 -2.43505 24.8266
      vertex -18 -3.3 22.2842
    endloop
  endfacet
  facet normal -1 -0 0
    outer loop
      vertex -18 -2.43505 24.8266
      vertex -18 -4.01783 22.7639
      vertex -18 -2.82843 25.1716
    endloop
  endfacet
  facet normal -1 0 0
    outer loop
      vertex -18 -4.6669 23.3331
      vertex -18 -2.82843 25.1716
      vertex -18 -4.01783 22.7639
    endloop
  endfacet
  facet normal -1 -0 0
    outer loop
      vertex -18 -2.82843 25.1716
      vertex -18 -4.6669 23.3331
      vertex -18 -3.17341 25.565
    endloop
  endfacet
  facet normal -1 0 0
    outer loop
      vertex -18 -5.23613 23.9822
      vertex -18 -3.17341 25.565
      vertex -18 -4.6669 23.3331
    endloop
  endfacet
  facet normal -1 -0 0
    outer loop
      vertex -18 -3.17341 25.565
      vertex -18 -5.23613 23.9822
      vertex -18 -3.4641 26
    endloop
  endfacet
  facet normal -1 -0 0
    outer loop
      vertex -18 -3.4641 26
      vertex -18 -5.71577 24.7
      vertex -18 -3.69552 26.4693
    endloop
  endfacet
  facet normal -1 0 0
    outer loop
      vertex -18 -5.71577 24.7
      vertex -18 -3.4641 26
      vertex -18 -5.23613 23.9822
    endloop
  endfacet
  facet normal -1 0 0
    outer loop
      vertex -18 3.4641 30
      vertex -18 5.71577 31.3
      vertex -18 3.69552 29.5307
    endloop
  endfacet
  facet normal -1 -0 0
    outer loop
      vertex -18 5.71577 31.3
      vertex -18 3.4641 30
      vertex -18 5.23613 32.0178
    endloop
  endfacet
  facet normal -1 0 0
    outer loop
      vertex -18 3.17341 30.435
      vertex -18 5.23613 32.0178
      vertex -18 3.4641 30
    endloop
  endfacet
  facet normal -1 -0 0
    outer loop
      vertex -18 5.23613 32.0178
      vertex -18 3.17341 30.435
      vertex -18 4.6669 32.6669
    endloop
  endfacet
  facet normal -1 0 0
    outer loop
      vertex -18 2.82843 30.8284
      vertex -18 4.6669 32.6669
      vertex -18 3.17341 30.435
    endloop
  endfacet
  facet normal -1 -0 0
    outer loop
      vertex -18 4.6669 32.6669
      vertex -18 2.82843 30.8284
      vertex -18 4.01783 33.2361
    endloop
  endfacet
  facet normal -1 0 0
    outer loop
      vertex -18 2.43505 31.1734
      vertex -18 4.01783 33.2361
      vertex -18 2.82843 30.8284
    endloop
  endfacet
  facet normal -1 -0 0
    outer loop
      vertex -18 4.01783 33.2361
      vertex -18 2.43505 31.1734
      vertex -18 3.3 33.7158
    endloop
  endfacet
  facet normal -1 0 0
    outer loop
      vertex -18 2 31.4641
      vertex -18 3.3 33.7158
      vertex -18 2.43505 31.1734
    endloop
  endfacet
  facet normal -1 -0 0
    outer loop
      vertex -18 3.3 33.7158
      vertex -18 2 31.4641
      vertex -18 2.52571 34.0976
    endloop
  endfacet
  facet normal -1 0 0
    outer loop
      vertex -18 1.53073 31.6955
      vertex -18 2.52571 34.0976
      vertex -18 2 31.4641
    endloop
  endfacet
  facet normal -1 -0 0
    outer loop
      vertex -18 2.52571 34.0976
      vertex -18 1.53073 31.6955
      vertex -18 1.70821 34.3751
    endloop
  endfacet
  facet normal -1 0 0
    outer loop
      vertex -18 1.03528 31.8637
      vertex -18 1.70821 34.3751
      vertex -18 1.53073 31.6955
    endloop
  endfacet
  facet normal -1 0 0
    outer loop
      vertex -18 1.03528 31.8637
      vertex -18 0.861472 34.5435
      vertex -18 1.70821 34.3751
    endloop
  endfacet
  facet normal -1 0 0
    outer loop
      vertex -18 0.522104 31.9658
      vertex -18 0.861472 34.5435
      vertex -18 1.03528 31.8637
    endloop
  endfacet
  facet normal -1 0 0
    outer loop
      vertex -18 0 32
      vertex -18 0.861472 34.5435
      vertex -18 0.522104 31.9658
    endloop
  endfacet
  facet normal -1 0 0
    outer loop
      vertex -18 0 32
      vertex -18 0 34.6
      vertex -18 0.861472 34.5435
    endloop
  endfacet
  facet normal -1 0 0
    outer loop
      vertex -18 -0.522104 31.9658
      vertex -18 0 34.6
      vertex -18 0 32
    endloop
  endfacet
  facet normal -1 0 0
    outer loop
      vertex -18 -0.522104 31.9658
      vertex -18 -0.861472 34.5435
      vertex -18 0 34.6
    endloop
  endfacet
  facet normal -1 0 0
    outer loop
      vertex -18 -1.03528 31.8637
      vertex -18 -0.861472 34.5435
      vertex -18 -0.522104 31.9658
    endloop
  endfacet
  facet normal -1 0 0
    outer loop
      vertex -18 -1.70821 34.3751
      vertex -18 -1.03528 31.8637
      vertex -18 -1.53073 31.6955
    endloop
  endfacet
  facet normal -1 0 0
    outer loop
      vertex -18 -1.03528 31.8637
      vertex -18 -1.70821 34.3751
      vertex -18 -0.861472 34.5435
    endloop
  endfacet
  facet normal -1 0 0
    outer loop
      vertex -18 -2.52571 34.0976
      vertex -18 -1.53073 31.6955
      vertex -18 -2 31.4641
    endloop
  endfacet
  facet normal -1 0 0
    outer loop
      vertex -18 -3.3 33.7158
      vertex -18 -2 31.4641
      vertex -18 -2.43505 31.1734
    endloop
  endfacet
  facet normal -1 0 0
    outer loop
      vertex -18 -1.53073 31.6955
      vertex -18 -2.52571 34.0976
      vertex -18 -1.70821 34.3751
    endloop
  endfacet
  facet normal -1 0 0
    outer loop
      vertex -18 -4.01783 33.2361
      vertex -18 -2.43505 31.1734
      vertex -18 -2.82843 30.8284
    endloop
  endfacet
  facet normal -1 0 0
    outer loop
      vertex -18 -4.6669 32.6669
      vertex -18 -2.82843 30.8284
      vertex -18 -3.17341 30.435
    endloop
  endfacet
  facet normal -1 0 0
    outer loop
      vertex -18 -2 31.4641
      vertex -18 -3.3 33.7158
      vertex -18 -2.52571 34.0976
    endloop
  endfacet
  facet normal -1 0 0
    outer loop
      vertex -18 -5.23613 32.0178
      vertex -18 -3.17341 30.435
      vertex -18 -3.4641 30
    endloop
  endfacet
  facet normal -1 0 0
    outer loop
      vertex -18 -5.71577 31.3
      vertex -18 -3.4641 30
      vertex -18 -3.69552 29.5307
    endloop
  endfacet
  facet normal -1 0 0
    outer loop
      vertex -18 -6.0976 30.5257
      vertex -18 -3.69552 29.5307
      vertex -18 -3.8637 29.0353
    endloop
  endfacet
  facet normal -1 0 0
    outer loop
      vertex -18 -6.37511 29.7082
      vertex -18 -3.8637 29.0353
      vertex -18 -3.96578 28.5221
    endloop
  endfacet
  facet normal -1 0 0
    outer loop
      vertex -18 -2.43505 31.1734
      vertex -18 -4.01783 33.2361
      vertex -18 -3.3 33.7158
    endloop
  endfacet
  facet normal -1 0 0
    outer loop
      vertex -18 -6.54354 28.8615
      vertex -18 -3.96578 28.5221
      vertex -18 -4 28
    endloop
  endfacet
  facet normal -1 0 0
    outer loop
      vertex -18 -6.0976 25.4743
      vertex -18 -3.69552 26.4693
      vertex -18 -5.71577 24.7
    endloop
  endfacet
  facet normal -1 -0 0
    outer loop
      vertex -18 -3.69552 26.4693
      vertex -18 -6.0976 25.4743
      vertex -18 -3.8637 26.9647
    endloop
  endfacet
  facet normal -1 0 0
    outer loop
      vertex -18 -2.82843 30.8284
      vertex -18 -4.6669 32.6669
      vertex -18 -4.01783 33.2361
    endloop
  endfacet
  facet normal -1 0 0
    outer loop
      vertex -18 -6.37511 26.2918
      vertex -18 -3.8637 26.9647
      vertex -18 -6.0976 25.4743
    endloop
  endfacet
  facet normal -1 0 0
    outer loop
      vertex -18 -3.17341 30.435
      vertex -18 -5.23613 32.0178
      vertex -18 -4.6669 32.6669
    endloop
  endfacet
  facet normal -1 -0 0
    outer loop
      vertex -18 -3.8637 26.9647
      vertex -18 -6.37511 26.2918
      vertex -18 -3.96578 27.4779
    endloop
  endfacet
  facet normal -1 0 0
    outer loop
      vertex -18 -3.4641 30
      vertex -18 -5.71577 31.3
      vertex -18 -5.23613 32.0178
    endloop
  endfacet
  facet normal -1 0 0
    outer loop
      vertex -18 -6.54354 27.1385
      vertex -18 -3.96578 27.4779
      vertex -18 -6.37511 26.2918
    endloop
  endfacet
  facet normal -1 0 0
    outer loop
      vertex -18 -3.69552 29.5307
      vertex -18 -6.0976 30.5257
      vertex -18 -5.71577 31.3
    endloop
  endfacet
  facet normal -1 -0 0
    outer loop
      vertex -18 -3.96578 27.4779
      vertex -18 -6.54354 27.1385
      vertex -18 -4 28
    endloop
  endfacet
  facet normal -1 0 0
    outer loop
      vertex -18 -3.8637 29.0353
      vertex -18 -6.37511 29.7082
      vertex -18 -6.0976 30.5257
    endloop
  endfacet
  facet normal -1 0 0
    outer loop
      vertex -18 -6.6 28
      vertex -18 -4 28
      vertex -18 -6.54354 27.1385
    endloop
  endfacet
  facet normal -1 0 0
    outer loop
      vertex -18 -3.96578 28.5221
      vertex -18 -6.54354 28.8615
      vertex -18 -6.37511 29.7082
    endloop
  endfacet
  facet normal -1 0 0
    outer loop
      vertex -18 -4 28
      vertex -18 -6.6 28
      vertex -18 -6.54354 28.8615
    endloop
  endfacet
  facet normal 0 -0.831458 -0.555587
    outer loop
      vertex -23.2 5.71577 31.3
      vertex -18 5.23613 32.0178
      vertex -23.2 5.23613 32.0178
    endloop
  endfacet
  facet normal 0 -0.831458 -0.555587
    outer loop
      vertex -18 5.23613 32.0178
      vertex -23.2 5.71577 31.3
      vertex -18 5.71577 31.3
    endloop
  endfacet
  facet normal 0 -0.896878 -0.442277
    outer loop
      vertex -23.2 6.0976 30.5257
      vertex -18 5.71577 31.3
      vertex -23.2 5.71577 31.3
    endloop
  endfacet
  facet normal 0 -0.896878 -0.442277
    outer loop
      vertex -18 5.71577 31.3
      vertex -23.2 6.0976 30.5257
      vertex -18 6.0976 30.5257
    endloop
  endfacet
  facet normal 0 -0.195061 -0.980791
    outer loop
      vertex -23.2 0.861472 34.5435
      vertex -18 1.70821 34.3751
      vertex -18 0.861472 34.5435
    endloop
  endfacet
  facet normal -0 -0.195061 -0.980791
    outer loop
      vertex -18 1.70821 34.3751
      vertex -23.2 0.861472 34.5435
      vertex -23.2 1.70821 34.3751
    endloop
  endfacet
  facet normal 0 -0.555619 -0.831437
    outer loop
      vertex -23.2 3.3 33.7158
      vertex -18 4.01783 33.2361
      vertex -18 3.3 33.7158
    endloop
  endfacet
  facet normal -0 -0.555619 -0.831437
    outer loop
      vertex -18 4.01783 33.2361
      vertex -23.2 3.3 33.7158
      vertex -23.2 4.01783 33.2361
    endloop
  endfacet
  facet normal 0 0.831458 -0.555587
    outer loop
      vertex -18 -5.71577 31.3
      vertex -23.2 -5.23613 32.0178
      vertex -18 -5.23613 32.0178
    endloop
  endfacet
  facet normal 0 0.831458 -0.555587
    outer loop
      vertex -23.2 -5.23613 32.0178
      vertex -18 -5.71577 31.3
      vertex -23.2 -5.71577 31.3
    endloop
  endfacet
  facet normal 0 0.980783 -0.195102
    outer loop
      vertex -18 -6.54354 28.8615
      vertex -23.2 -6.37511 29.7082
      vertex -18 -6.37511 29.7082
    endloop
  endfacet
  facet normal 0 0.980783 -0.195102
    outer loop
      vertex -23.2 -6.37511 29.7082
      vertex -18 -6.54354 28.8615
      vertex -23.2 -6.54354 28.8615
    endloop
  endfacet
  facet normal 0 0.442254 -0.89689
    outer loop
      vertex -23.2 -3.3 33.7158
      vertex -18 -2.52571 34.0976
      vertex -18 -3.3 33.7158
    endloop
  endfacet
  facet normal 0 0.442254 -0.89689
    outer loop
      vertex -18 -2.52571 34.0976
      vertex -23.2 -3.3 33.7158
      vertex -23.2 -2.52571 34.0976
    endloop
  endfacet
  facet normal 0 0.555619 -0.831437
    outer loop
      vertex -23.2 -4.01783 33.2361
      vertex -18 -3.3 33.7158
      vertex -18 -4.01783 33.2361
    endloop
  endfacet
  facet normal 0 0.555619 -0.831437
    outer loop
      vertex -18 -3.3 33.7158
      vertex -23.2 -4.01783 33.2361
      vertex -23.2 -3.3 33.7158
    endloop
  endfacet
  facet normal 0 0.0654448 -0.997856
    outer loop
      vertex -23.2 -0.861472 34.5435
      vertex -18 0 34.6
      vertex -18 -0.861472 34.5435
    endloop
  endfacet
  facet normal 0 0.0654448 -0.997856
    outer loop
      vertex -18 0 34.6
      vertex -23.2 -0.861472 34.5435
      vertex -23.2 0 34.6
    endloop
  endfacet
  facet normal 0 -0.997859 0.0653966
    outer loop
      vertex -23.2 6.54354 27.1385
      vertex -18 6.6 28
      vertex -23.2 6.6 28
    endloop
  endfacet
  facet normal 0 -0.997859 0.0653966
    outer loop
      vertex -18 6.6 28
      vertex -23.2 6.54354 27.1385
      vertex -18 6.54354 27.1385
    endloop
  endfacet
  facet normal 0 -0.0654448 0.997856
    outer loop
      vertex -23.2 0.861472 21.4565
      vertex -18 0 21.4
      vertex -18 0.861472 21.4565
    endloop
  endfacet
  facet normal 0 -0.0654448 0.997856
    outer loop
      vertex -18 0 21.4
      vertex -23.2 0.861472 21.4565
      vertex -23.2 0 21.4
    endloop
  endfacet
  facet normal 0 -0.321435 0.946931
    outer loop
      vertex -23.2 2.52571 21.9024
      vertex -18 1.70821 21.6249
      vertex -18 2.52571 21.9024
    endloop
  endfacet
  facet normal 0 -0.321435 0.946931
    outer loop
      vertex -18 1.70821 21.6249
      vertex -23.2 2.52571 21.9024
      vertex -23.2 1.70821 21.6249
    endloop
  endfacet
  facet normal 0 -0.442254 0.89689
    outer loop
      vertex -23.2 3.3 22.2842
      vertex -18 2.52571 21.9024
      vertex -18 3.3 22.2842
    endloop
  endfacet
  facet normal 0 -0.442254 0.89689
    outer loop
      vertex -18 2.52571 21.9024
      vertex -23.2 3.3 22.2842
      vertex -23.2 2.52571 21.9024
    endloop
  endfacet
  facet normal 0 -0.751849 0.659336
    outer loop
      vertex -23.2 4.6669 23.3331
      vertex -18 5.23613 23.9822
      vertex -23.2 5.23613 23.9822
    endloop
  endfacet
  facet normal 0 -0.751849 0.659336
    outer loop
      vertex -18 5.23613 23.9822
      vertex -23.2 4.6669 23.3331
      vertex -18 4.6669 23.3331
    endloop
  endfacet
  facet normal -0 0.555619 0.831437
    outer loop
      vertex -23.2 -3.3 22.2842
      vertex -18 -4.01783 22.7639
      vertex -18 -3.3 22.2842
    endloop
  endfacet
  facet normal 0 0.555619 0.831437
    outer loop
      vertex -18 -4.01783 22.7639
      vertex -23.2 -3.3 22.2842
      vertex -23.2 -4.01783 22.7639
    endloop
  endfacet
  facet normal -0 0.195061 0.980791
    outer loop
      vertex -23.2 -0.861472 21.4565
      vertex -18 -1.70821 21.6249
      vertex -18 -0.861472 21.4565
    endloop
  endfacet
  facet normal 0 0.195061 0.980791
    outer loop
      vertex -18 -1.70821 21.6249
      vertex -23.2 -0.861472 21.4565
      vertex -23.2 -1.70821 21.6249
    endloop
  endfacet
  facet normal 0 0.896878 0.442277
    outer loop
      vertex -18 -5.71577 24.7
      vertex -23.2 -6.0976 25.4743
      vertex -18 -6.0976 25.4743
    endloop
  endfacet
  facet normal 0 0.896878 0.442277
    outer loop
      vertex -23.2 -6.0976 25.4743
      vertex -18 -5.71577 24.7
      vertex -23.2 -5.71577 24.7
    endloop
  endfacet
  facet normal 0 0.946928 0.321446
    outer loop
      vertex -18 -6.0976 25.4743
      vertex -23.2 -6.37511 26.2918
      vertex -18 -6.37511 26.2918
    endloop
  endfacet
  facet normal 0 0.946928 0.321446
    outer loop
      vertex -23.2 -6.37511 26.2918
      vertex -18 -6.0976 25.4743
      vertex -23.2 -6.0976 25.4743
    endloop
  endfacet
  facet normal 0 0.997859 0.0653966
    outer loop
      vertex -18 -6.54354 27.1385
      vertex -23.2 -6.6 28
      vertex -18 -6.6 28
    endloop
  endfacet
  facet normal 0 0.997859 0.0653966
    outer loop
      vertex -23.2 -6.6 28
      vertex -18 -6.54354 27.1385
      vertex -23.2 -6.54354 27.1385
    endloop
  endfacet
  facet normal 0 -0.946928 0.321446
    outer loop
      vertex -23.2 6.0976 25.4743
      vertex -18 6.37511 26.2918
      vertex -23.2 6.37511 26.2918
    endloop
  endfacet
  facet normal 0 -0.946928 0.321446
    outer loop
      vertex -18 6.37511 26.2918
      vertex -23.2 6.0976 25.4743
      vertex -18 6.0976 25.4743
    endloop
  endfacet
  facet normal 0 -0.195061 0.980791
    outer loop
      vertex -23.2 1.70821 21.6249
      vertex -18 0.861472 21.4565
      vertex -18 1.70821 21.6249
    endloop
  endfacet
  facet normal 0 -0.195061 0.980791
    outer loop
      vertex -18 0.861472 21.4565
      vertex -23.2 1.70821 21.6249
      vertex -23.2 0.861472 21.4565
    endloop
  endfacet
  facet normal 0 -0.555619 0.831437
    outer loop
      vertex -23.2 4.01783 22.7639
      vertex -18 3.3 22.2842
      vertex -18 4.01783 22.7639
    endloop
  endfacet
  facet normal 0 -0.555619 0.831437
    outer loop
      vertex -18 3.3 22.2842
      vertex -23.2 4.01783 22.7639
      vertex -23.2 3.3 22.2842
    endloop
  endfacet
  facet normal 0 -0.831458 0.555587
    outer loop
      vertex -23.2 5.23613 23.9822
      vertex -18 5.71577 24.7
      vertex -23.2 5.71577 24.7
    endloop
  endfacet
  facet normal 0 -0.831458 0.555587
    outer loop
      vertex -18 5.71577 24.7
      vertex -23.2 5.23613 23.9822
      vertex -18 5.23613 23.9822
    endloop
  endfacet
  facet normal 0 0.831458 0.555587
    outer loop
      vertex -18 -5.23613 23.9822
      vertex -23.2 -5.71577 24.7
      vertex -18 -5.71577 24.7
    endloop
  endfacet
  facet normal 0 0.831458 0.555587
    outer loop
      vertex -23.2 -5.71577 24.7
      vertex -18 -5.23613 23.9822
      vertex -23.2 -5.23613 23.9822
    endloop
  endfacet
  facet normal 0 0.980783 0.195102
    outer loop
      vertex -18 -6.37511 26.2918
      vertex -23.2 -6.54354 27.1385
      vertex -18 -6.54354 27.1385
    endloop
  endfacet
  facet normal 0 0.980783 0.195102
    outer loop
      vertex -23.2 -6.54354 27.1385
      vertex -18 -6.37511 26.2918
      vertex -23.2 -6.37511 26.2918
    endloop
  endfacet
  facet normal 0 -0.980783 0.195102
    outer loop
      vertex -23.2 6.37511 26.2918
      vertex -18 6.54354 27.1385
      vertex -23.2 6.54354 27.1385
    endloop
  endfacet
  facet normal 0 -0.980783 0.195102
    outer loop
      vertex -18 6.54354 27.1385
      vertex -23.2 6.37511 26.2918
      vertex -18 6.37511 26.2918
    endloop
  endfacet
  facet normal 0 -0.896878 0.442277
    outer loop
      vertex -23.2 5.71577 24.7
      vertex -18 6.0976 25.4743
      vertex -23.2 6.0976 25.4743
    endloop
  endfacet
  facet normal 0 -0.896878 0.442277
    outer loop
      vertex -18 6.0976 25.4743
      vertex -23.2 5.71577 24.7
      vertex -18 5.71577 24.7
    endloop
  endfacet
  facet normal -1 0 0
    outer loop
      vertex -18.2 -56.265 20.7716
      vertex -18.2 -56.265 21.2284
      vertex -18.2 -56.25 21
    endloop
  endfacet
  facet normal -1 0 0
    outer loop
      vertex -18.2 -56.3096 20.5471
      vertex -18.2 -56.265 21.2284
      vertex -18.2 -56.265 20.7716
    endloop
  endfacet
  facet normal -1 0 0
    outer loop
      vertex -18.2 -56.3096 20.5471
      vertex -18.2 -56.3096 21.4529
      vertex -18.2 -56.265 21.2284
    endloop
  endfacet
  facet normal -1 0 0
    outer loop
      vertex -18.2 -56.3832 20.3303
      vertex -18.2 -56.3096 21.4529
      vertex -18.2 -56.3096 20.5471
    endloop
  endfacet
  facet normal -1 0 0
    outer loop
      vertex -18.2 -56.3832 20.3303
      vertex -18.2 -56.3832 21.6697
      vertex -18.2 -56.3096 21.4529
    endloop
  endfacet
  facet normal -1 0 0
    outer loop
      vertex -18.2 -56.4845 20.125
      vertex -18.2 -56.3832 21.6697
      vertex -18.2 -56.3832 20.3303
    endloop
  endfacet
  facet normal -1 0 0
    outer loop
      vertex -18.2 -56.4845 20.125
      vertex -18.2 -56.4845 21.875
      vertex -18.2 -56.3832 21.6697
    endloop
  endfacet
  facet normal -1 0 0
    outer loop
      vertex -18.2 -56.6116 19.9347
      vertex -18.2 -56.4845 21.875
      vertex -18.2 -56.4845 20.125
    endloop
  endfacet
  facet normal -1 0 0
    outer loop
      vertex -18.2 -56.6116 19.9347
      vertex -18.2 -56.6116 22.0653
      vertex -18.2 -56.4845 21.875
    endloop
  endfacet
  facet normal -1 0 0
    outer loop
      vertex -18.2 -56.7626 19.7626
      vertex -18.2 -56.6116 22.0653
      vertex -18.2 -56.6116 19.9347
    endloop
  endfacet
  facet normal -1 0 0
    outer loop
      vertex -18.2 -56.7626 19.7626
      vertex -18.2 -56.7626 22.2374
      vertex -18.2 -56.6116 22.0653
    endloop
  endfacet
  facet normal -1 0 0
    outer loop
      vertex -18.2 -56.9347 19.6116
      vertex -18.2 -56.7626 22.2374
      vertex -18.2 -56.7626 19.7626
    endloop
  endfacet
  facet normal -1 0 0
    outer loop
      vertex -18.2 -56.9347 19.6116
      vertex -18.2 -56.9347 22.3884
      vertex -18.2 -56.7626 22.2374
    endloop
  endfacet
  facet normal -1 0 0
    outer loop
      vertex -18.2 -57.125 19.4845
      vertex -18.2 -56.9347 22.3884
      vertex -18.2 -56.9347 19.6116
    endloop
  endfacet
  facet normal -1 0 0
    outer loop
      vertex -18.2 -57.125 19.4845
      vertex -18.2 -57.125 22.5155
      vertex -18.2 -56.9347 22.3884
    endloop
  endfacet
  facet normal -1 0 0
    outer loop
      vertex -18.2 -57.3303 19.3832
      vertex -18.2 -57.125 22.5155
      vertex -18.2 -57.125 19.4845
    endloop
  endfacet
  facet normal -1 0 0
    outer loop
      vertex -18.2 -57.3303 19.3832
      vertex -18.2 -57.3303 22.6168
      vertex -18.2 -57.125 22.5155
    endloop
  endfacet
  facet normal -1 0 0
    outer loop
      vertex -18.2 -57.5471 19.3096
      vertex -18.2 -57.3303 22.6168
      vertex -18.2 -57.3303 19.3832
    endloop
  endfacet
  facet normal -1 0 0
    outer loop
      vertex -18.2 -57.5471 19.3096
      vertex -18.2 -57.5471 22.6904
      vertex -18.2 -57.3303 22.6168
    endloop
  endfacet
  facet normal -1 0 0
    outer loop
      vertex -18.2 -57.7716 19.265
      vertex -18.2 -57.5471 22.6904
      vertex -18.2 -57.5471 19.3096
    endloop
  endfacet
  facet normal -1 0 0
    outer loop
      vertex -18.2 -57.7716 19.265
      vertex -18.2 -57.7716 22.735
      vertex -18.2 -57.5471 22.6904
    endloop
  endfacet
  facet normal -1 0 0
    outer loop
      vertex -18.2 -58 19.25
      vertex -18.2 -57.7716 22.735
      vertex -18.2 -57.7716 19.265
    endloop
  endfacet
  facet normal -1 0 0
    outer loop
      vertex -18.2 -58 19.25
      vertex -18.2 -58 22.75
      vertex -18.2 -57.7716 22.735
    endloop
  endfacet
  facet normal -1 0 0
    outer loop
      vertex -18.2 -58.2284 19.265
      vertex -18.2 -58 22.75
      vertex -18.2 -58 19.25
    endloop
  endfacet
  facet normal -1 0 0
    outer loop
      vertex -18.2 -58.2284 19.265
      vertex -18.2 -58.2284 22.735
      vertex -18.2 -58 22.75
    endloop
  endfacet
  facet normal -1 0 0
    outer loop
      vertex -18.2 -58.4529 19.3096
      vertex -18.2 -58.2284 22.735
      vertex -18.2 -58.2284 19.265
    endloop
  endfacet
  facet normal -1 0 0
    outer loop
      vertex -18.2 -58.4529 19.3096
      vertex -18.2 -58.4529 22.6904
      vertex -18.2 -58.2284 22.735
    endloop
  endfacet
  facet normal -1 0 0
    outer loop
      vertex -18.2 -58.6697 19.3832
      vertex -18.2 -58.4529 22.6904
      vertex -18.2 -58.4529 19.3096
    endloop
  endfacet
  facet normal -1 0 0
    outer loop
      vertex -18.2 -58.6697 19.3832
      vertex -18.2 -58.6697 22.6168
      vertex -18.2 -58.4529 22.6904
    endloop
  endfacet
  facet normal -1 0 0
    outer loop
      vertex -18.2 -58.875 19.4845
      vertex -18.2 -58.6697 22.6168
      vertex -18.2 -58.6697 19.3832
    endloop
  endfacet
  facet normal -1 0 0
    outer loop
      vertex -18.2 -58.875 19.4845
      vertex -18.2 -58.875 22.5155
      vertex -18.2 -58.6697 22.6168
    endloop
  endfacet
  facet normal -1 0 0
    outer loop
      vertex -18.2 -59.0653 19.6116
      vertex -18.2 -58.875 22.5155
      vertex -18.2 -58.875 19.4845
    endloop
  endfacet
  facet normal -1 0 0
    outer loop
      vertex -18.2 -59.0653 19.6116
      vertex -18.2 -59.0653 22.3884
      vertex -18.2 -58.875 22.5155
    endloop
  endfacet
  facet normal -1 0 0
    outer loop
      vertex -18.2 -59.2374 19.7626
      vertex -18.2 -59.0653 22.3884
      vertex -18.2 -59.0653 19.6116
    endloop
  endfacet
  facet normal -1 0 0
    outer loop
      vertex -18.2 -59.2374 19.7626
      vertex -18.2 -59.2374 22.2374
      vertex -18.2 -59.0653 22.3884
    endloop
  endfacet
  facet normal -1 0 0
    outer loop
      vertex -18.2 -59.3884 19.9347
      vertex -18.2 -59.2374 22.2374
      vertex -18.2 -59.2374 19.7626
    endloop
  endfacet
  facet normal -1 0 0
    outer loop
      vertex -18.2 -59.3884 19.9347
      vertex -18.2 -59.3884 22.0653
      vertex -18.2 -59.2374 22.2374
    endloop
  endfacet
  facet normal -1 0 0
    outer loop
      vertex -18.2 -59.5155 20.125
      vertex -18.2 -59.3884 22.0653
      vertex -18.2 -59.3884 19.9347
    endloop
  endfacet
  facet normal -1 0 0
    outer loop
      vertex -18.2 -59.5155 20.125
      vertex -18.2 -59.5155 21.875
      vertex -18.2 -59.3884 22.0653
    endloop
  endfacet
  facet normal -1 0 0
    outer loop
      vertex -18.2 -59.6168 20.3303
      vertex -18.2 -59.5155 21.875
      vertex -18.2 -59.5155 20.125
    endloop
  endfacet
  facet normal -1 0 0
    outer loop
      vertex -18.2 -59.6168 20.3303
      vertex -18.2 -59.6168 21.6697
      vertex -18.2 -59.5155 21.875
    endloop
  endfacet
  facet normal -1 0 0
    outer loop
      vertex -18.2 -59.6904 20.5471
      vertex -18.2 -59.6168 21.6697
      vertex -18.2 -59.6168 20.3303
    endloop
  endfacet
  facet normal -1 0 0
    outer loop
      vertex -18.2 -59.6904 20.5471
      vertex -18.2 -59.6904 21.4529
      vertex -18.2 -59.6168 21.6697
    endloop
  endfacet
  facet normal -1 0 0
    outer loop
      vertex -18.2 -59.735 20.7716
      vertex -18.2 -59.6904 21.4529
      vertex -18.2 -59.6904 20.5471
    endloop
  endfacet
  facet normal -1 0 0
    outer loop
      vertex -18.2 -59.735 20.7716
      vertex -18.2 -59.735 21.2284
      vertex -18.2 -59.6904 21.4529
    endloop
  endfacet
  facet normal -1 0 -0
    outer loop
      vertex -18.2 -59.735 21.2284
      vertex -18.2 -59.735 20.7716
      vertex -18.2 -59.75 21
    endloop
  endfacet
  facet normal 1 0 0
    outer loop
      vertex -14.2 -56.265 21.2284
      vertex -14.2 -56.265 20.7716
      vertex -14.2 -56.25 21
    endloop
  endfacet
  facet normal 1 0 0
    outer loop
      vertex -14.2 -56.3096 21.4529
      vertex -14.2 -56.265 20.7716
      vertex -14.2 -56.265 21.2284
    endloop
  endfacet
  facet normal 1 0 0
    outer loop
      vertex -14.2 -56.3096 21.4529
      vertex -14.2 -56.3096 20.5471
      vertex -14.2 -56.265 20.7716
    endloop
  endfacet
  facet normal 1 0 0
    outer loop
      vertex -14.2 -56.3832 21.6697
      vertex -14.2 -56.3096 20.5471
      vertex -14.2 -56.3096 21.4529
    endloop
  endfacet
  facet normal 1 0 0
    outer loop
      vertex -14.2 -56.3832 21.6697
      vertex -14.2 -56.3832 20.3303
      vertex -14.2 -56.3096 20.5471
    endloop
  endfacet
  facet normal 1 0 0
    outer loop
      vertex -14.2 -56.4845 21.875
      vertex -14.2 -56.3832 20.3303
      vertex -14.2 -56.3832 21.6697
    endloop
  endfacet
  facet normal 1 0 0
    outer loop
      vertex -14.2 -56.4845 21.875
      vertex -14.2 -56.4845 20.125
      vertex -14.2 -56.3832 20.3303
    endloop
  endfacet
  facet normal 1 0 0
    outer loop
      vertex -14.2 -56.6116 22.0653
      vertex -14.2 -56.4845 20.125
      vertex -14.2 -56.4845 21.875
    endloop
  endfacet
  facet normal 1 0 0
    outer loop
      vertex -14.2 -56.6116 22.0653
      vertex -14.2 -56.6116 19.9347
      vertex -14.2 -56.4845 20.125
    endloop
  endfacet
  facet normal 1 0 0
    outer loop
      vertex -14.2 -56.7626 22.2374
      vertex -14.2 -56.6116 19.9347
      vertex -14.2 -56.6116 22.0653
    endloop
  endfacet
  facet normal 1 0 0
    outer loop
      vertex -14.2 -56.7626 22.2374
      vertex -14.2 -56.7626 19.7626
      vertex -14.2 -56.6116 19.9347
    endloop
  endfacet
  facet normal 1 0 0
    outer loop
      vertex -14.2 -56.9347 22.3884
      vertex -14.2 -56.7626 19.7626
      vertex -14.2 -56.7626 22.2374
    endloop
  endfacet
  facet normal 1 0 0
    outer loop
      vertex -14.2 -56.9347 22.3884
      vertex -14.2 -56.9347 19.6116
      vertex -14.2 -56.7626 19.7626
    endloop
  endfacet
  facet normal 1 0 0
    outer loop
      vertex -14.2 -57.125 22.5155
      vertex -14.2 -56.9347 19.6116
      vertex -14.2 -56.9347 22.3884
    endloop
  endfacet
  facet normal 1 0 0
    outer loop
      vertex -14.2 -57.125 22.5155
      vertex -14.2 -57.125 19.4845
      vertex -14.2 -56.9347 19.6116
    endloop
  endfacet
  facet normal 1 0 0
    outer loop
      vertex -14.2 -57.3303 22.6168
      vertex -14.2 -57.125 19.4845
      vertex -14.2 -57.125 22.5155
    endloop
  endfacet
  facet normal 1 0 0
    outer loop
      vertex -14.2 -57.3303 22.6168
      vertex -14.2 -57.3303 19.3832
      vertex -14.2 -57.125 19.4845
    endloop
  endfacet
  facet normal 1 0 0
    outer loop
      vertex -14.2 -57.5471 22.6904
      vertex -14.2 -57.3303 19.3832
      vertex -14.2 -57.3303 22.6168
    endloop
  endfacet
  facet normal 1 0 0
    outer loop
      vertex -14.2 -57.5471 22.6904
      vertex -14.2 -57.5471 19.3096
      vertex -14.2 -57.3303 19.3832
    endloop
  endfacet
  facet normal 1 0 0
    outer loop
      vertex -14.2 -57.7716 22.735
      vertex -14.2 -57.5471 19.3096
      vertex -14.2 -57.5471 22.6904
    endloop
  endfacet
  facet normal 1 0 0
    outer loop
      vertex -14.2 -57.7716 22.735
      vertex -14.2 -57.7716 19.265
      vertex -14.2 -57.5471 19.3096
    endloop
  endfacet
  facet normal 1 0 0
    outer loop
      vertex -14.2 -58 22.75
      vertex -14.2 -57.7716 19.265
      vertex -14.2 -57.7716 22.735
    endloop
  endfacet
  facet normal 1 0 0
    outer loop
      vertex -14.2 -58 22.75
      vertex -14.2 -58 19.25
      vertex -14.2 -57.7716 19.265
    endloop
  endfacet
  facet normal 1 -0 0
    outer loop
      vertex -14.2 -58.2284 22.735
      vertex -14.2 -58 19.25
      vertex -14.2 -58 22.75
    endloop
  endfacet
  facet normal 1 0 0
    outer loop
      vertex -14.2 -58.2284 22.735
      vertex -14.2 -58.2284 19.265
      vertex -14.2 -58 19.25
    endloop
  endfacet
  facet normal 1 -0 0
    outer loop
      vertex -14.2 -58.4529 22.6904
      vertex -14.2 -58.2284 19.265
      vertex -14.2 -58.2284 22.735
    endloop
  endfacet
  facet normal 1 0 0
    outer loop
      vertex -14.2 -58.4529 22.6904
      vertex -14.2 -58.4529 19.3096
      vertex -14.2 -58.2284 19.265
    endloop
  endfacet
  facet normal 1 -0 0
    outer loop
      vertex -14.2 -58.6697 22.6168
      vertex -14.2 -58.4529 19.3096
      vertex -14.2 -58.4529 22.6904
    endloop
  endfacet
  facet normal 1 0 0
    outer loop
      vertex -14.2 -58.6697 22.6168
      vertex -14.2 -58.6697 19.3832
      vertex -14.2 -58.4529 19.3096
    endloop
  endfacet
  facet normal 1 -0 0
    outer loop
      vertex -14.2 -58.875 22.5155
      vertex -14.2 -58.6697 19.3832
      vertex -14.2 -58.6697 22.6168
    endloop
  endfacet
  facet normal 1 0 0
    outer loop
      vertex -14.2 -58.875 22.5155
      vertex -14.2 -58.875 19.4845
      vertex -14.2 -58.6697 19.3832
    endloop
  endfacet
  facet normal 1 -0 0
    outer loop
      vertex -14.2 -59.0653 22.3884
      vertex -14.2 -58.875 19.4845
      vertex -14.2 -58.875 22.5155
    endloop
  endfacet
  facet normal 1 0 0
    outer loop
      vertex -14.2 -59.0653 22.3884
      vertex -14.2 -59.0653 19.6116
      vertex -14.2 -58.875 19.4845
    endloop
  endfacet
  facet normal 1 -0 0
    outer loop
      vertex -14.2 -59.2374 22.2374
      vertex -14.2 -59.0653 19.6116
      vertex -14.2 -59.0653 22.3884
    endloop
  endfacet
  facet normal 1 0 0
    outer loop
      vertex -14.2 -59.2374 22.2374
      vertex -14.2 -59.2374 19.7626
      vertex -14.2 -59.0653 19.6116
    endloop
  endfacet
  facet normal 1 -0 0
    outer loop
      vertex -14.2 -59.3884 22.0653
      vertex -14.2 -59.2374 19.7626
      vertex -14.2 -59.2374 22.2374
    endloop
  endfacet
  facet normal 1 0 0
    outer loop
      vertex -14.2 -59.3884 22.0653
      vertex -14.2 -59.3884 19.9347
      vertex -14.2 -59.2374 19.7626
    endloop
  endfacet
  facet normal 1 -0 0
    outer loop
      vertex -14.2 -59.5155 21.875
      vertex -14.2 -59.3884 19.9347
      vertex -14.2 -59.3884 22.0653
    endloop
  endfacet
  facet normal 1 0 0
    outer loop
      vertex -14.2 -59.5155 21.875
      vertex -14.2 -59.5155 20.125
      vertex -14.2 -59.3884 19.9347
    endloop
  endfacet
  facet normal 1 -0 0
    outer loop
      vertex -14.2 -59.6168 21.6697
      vertex -14.2 -59.5155 20.125
      vertex -14.2 -59.5155 21.875
    endloop
  endfacet
  facet normal 1 0 0
    outer loop
      vertex -14.2 -59.6168 21.6697
      vertex -14.2 -59.6168 20.3303
      vertex -14.2 -59.5155 20.125
    endloop
  endfacet
  facet normal 1 -0 0
    outer loop
      vertex -14.2 -59.6904 21.4529
      vertex -14.2 -59.6168 20.3303
      vertex -14.2 -59.6168 21.6697
    endloop
  endfacet
  facet normal 1 0 0
    outer loop
      vertex -14.2 -59.6904 21.4529
      vertex -14.2 -59.6904 20.5471
      vertex -14.2 -59.6168 20.3303
    endloop
  endfacet
  facet normal 1 -0 0
    outer loop
      vertex -14.2 -59.735 21.2284
      vertex -14.2 -59.6904 20.5471
      vertex -14.2 -59.6904 21.4529
    endloop
  endfacet
  facet normal 1 0 0
    outer loop
      vertex -14.2 -59.735 21.2284
      vertex -14.2 -59.735 20.7716
      vertex -14.2 -59.6904 20.5471
    endloop
  endfacet
  facet normal 1 0 -0
    outer loop
      vertex -14.2 -59.735 20.7716
      vertex -14.2 -59.735 21.2284
      vertex -14.2 -59.75 21
    endloop
  endfacet
  facet normal -1 0 0
    outer loop
      vertex 48 -56.265 20.7716
      vertex 48 -56.265 21.2284
      vertex 48 -56.25 21
    endloop
  endfacet
  facet normal -1 0 0
    outer loop
      vertex 48 -56.3096 20.5471
      vertex 48 -56.265 21.2284
      vertex 48 -56.265 20.7716
    endloop
  endfacet
  facet normal -1 0 0
    outer loop
      vertex 48 -56.3096 20.5471
      vertex 48 -56.3096 21.4529
      vertex 48 -56.265 21.2284
    endloop
  endfacet
  facet normal -1 0 0
    outer loop
      vertex 48 -56.3832 20.3303
      vertex 48 -56.3096 21.4529
      vertex 48 -56.3096 20.5471
    endloop
  endfacet
  facet normal -1 0 0
    outer loop
      vertex 48 -56.3832 20.3303
      vertex 48 -56.3832 21.6697
      vertex 48 -56.3096 21.4529
    endloop
  endfacet
  facet normal -1 0 0
    outer loop
      vertex 48 -56.4845 20.125
      vertex 48 -56.3832 21.6697
      vertex 48 -56.3832 20.3303
    endloop
  endfacet
  facet normal -1 0 0
    outer loop
      vertex 48 -56.4845 20.125
      vertex 48 -56.4845 21.875
      vertex 48 -56.3832 21.6697
    endloop
  endfacet
  facet normal -1 0 0
    outer loop
      vertex 48 -56.6116 19.9347
      vertex 48 -56.4845 21.875
      vertex 48 -56.4845 20.125
    endloop
  endfacet
  facet normal -1 0 0
    outer loop
      vertex 48 -56.6116 19.9347
      vertex 48 -56.6116 22.0653
      vertex 48 -56.4845 21.875
    endloop
  endfacet
  facet normal -1 0 0
    outer loop
      vertex 48 -56.7626 19.7626
      vertex 48 -56.6116 22.0653
      vertex 48 -56.6116 19.9347
    endloop
  endfacet
  facet normal -1 0 0
    outer loop
      vertex 48 -56.7626 19.7626
      vertex 48 -56.7626 22.2374
      vertex 48 -56.6116 22.0653
    endloop
  endfacet
  facet normal -1 0 0
    outer loop
      vertex 48 -56.9347 19.6116
      vertex 48 -56.7626 22.2374
      vertex 48 -56.7626 19.7626
    endloop
  endfacet
  facet normal -1 0 0
    outer loop
      vertex 48 -56.9347 19.6116
      vertex 48 -56.9347 22.3884
      vertex 48 -56.7626 22.2374
    endloop
  endfacet
  facet normal -1 0 0
    outer loop
      vertex 48 -57.125 19.4845
      vertex 48 -56.9347 22.3884
      vertex 48 -56.9347 19.6116
    endloop
  endfacet
  facet normal -1 0 0
    outer loop
      vertex 48 -57.125 19.4845
      vertex 48 -57.125 22.5155
      vertex 48 -56.9347 22.3884
    endloop
  endfacet
  facet normal -1 0 0
    outer loop
      vertex 48 -57.3303 19.3832
      vertex 48 -57.125 22.5155
      vertex 48 -57.125 19.4845
    endloop
  endfacet
  facet normal -1 0 0
    outer loop
      vertex 48 -57.3303 19.3832
      vertex 48 -57.3303 22.6168
      vertex 48 -57.125 22.5155
    endloop
  endfacet
  facet normal -1 0 0
    outer loop
      vertex 48 -57.5471 19.3096
      vertex 48 -57.3303 22.6168
      vertex 48 -57.3303 19.3832
    endloop
  endfacet
  facet normal -1 0 0
    outer loop
      vertex 48 -57.5471 19.3096
      vertex 48 -57.5471 22.6904
      vertex 48 -57.3303 22.6168
    endloop
  endfacet
  facet normal -1 0 0
    outer loop
      vertex 48 -57.7716 19.265
      vertex 48 -57.5471 22.6904
      vertex 48 -57.5471 19.3096
    endloop
  endfacet
  facet normal -1 0 0
    outer loop
      vertex 48 -57.7716 19.265
      vertex 48 -57.7716 22.735
      vertex 48 -57.5471 22.6904
    endloop
  endfacet
  facet normal -1 0 0
    outer loop
      vertex 48 -58 19.25
      vertex 48 -57.7716 22.735
      vertex 48 -57.7716 19.265
    endloop
  endfacet
  facet normal -1 0 0
    outer loop
      vertex 48 -58 19.25
      vertex 48 -58 22.75
      vertex 48 -57.7716 22.735
    endloop
  endfacet
  facet normal -1 0 0
    outer loop
      vertex 48 -58.2284 19.265
      vertex 48 -58 22.75
      vertex 48 -58 19.25
    endloop
  endfacet
  facet normal -1 0 0
    outer loop
      vertex 48 -58.2284 19.265
      vertex 48 -58.2284 22.735
      vertex 48 -58 22.75
    endloop
  endfacet
  facet normal -1 0 0
    outer loop
      vertex 48 -58.4529 19.3096
      vertex 48 -58.2284 22.735
      vertex 48 -58.2284 19.265
    endloop
  endfacet
  facet normal -1 0 0
    outer loop
      vertex 48 -58.4529 19.3096
      vertex 48 -58.4529 22.6904
      vertex 48 -58.2284 22.735
    endloop
  endfacet
  facet normal -1 0 0
    outer loop
      vertex 48 -58.6697 19.3832
      vertex 48 -58.4529 22.6904
      vertex 48 -58.4529 19.3096
    endloop
  endfacet
  facet normal -1 0 0
    outer loop
      vertex 48 -58.6697 19.3832
      vertex 48 -58.6697 22.6168
      vertex 48 -58.4529 22.6904
    endloop
  endfacet
  facet normal -1 0 0
    outer loop
      vertex 48 -58.875 19.4845
      vertex 48 -58.6697 22.6168
      vertex 48 -58.6697 19.3832
    endloop
  endfacet
  facet normal -1 0 0
    outer loop
      vertex 48 -58.875 19.4845
      vertex 48 -58.875 22.5155
      vertex 48 -58.6697 22.6168
    endloop
  endfacet
  facet normal -1 0 0
    outer loop
      vertex 48 -59.0653 19.6116
      vertex 48 -58.875 22.5155
      vertex 48 -58.875 19.4845
    endloop
  endfacet
  facet normal -1 0 0
    outer loop
      vertex 48 -59.0653 19.6116
      vertex 48 -59.0653 22.3884
      vertex 48 -58.875 22.5155
    endloop
  endfacet
  facet normal -1 0 0
    outer loop
      vertex 48 -59.2374 19.7626
      vertex 48 -59.0653 22.3884
      vertex 48 -59.0653 19.6116
    endloop
  endfacet
  facet normal -1 0 0
    outer loop
      vertex 48 -59.2374 19.7626
      vertex 48 -59.2374 22.2374
      vertex 48 -59.0653 22.3884
    endloop
  endfacet
  facet normal -1 0 0
    outer loop
      vertex 48 -59.3884 19.9347
      vertex 48 -59.2374 22.2374
      vertex 48 -59.2374 19.7626
    endloop
  endfacet
  facet normal -1 0 0
    outer loop
      vertex 48 -59.3884 19.9347
      vertex 48 -59.3884 22.0653
      vertex 48 -59.2374 22.2374
    endloop
  endfacet
  facet normal -1 0 0
    outer loop
      vertex 48 -59.5155 20.125
      vertex 48 -59.3884 22.0653
      vertex 48 -59.3884 19.9347
    endloop
  endfacet
  facet normal -1 0 0
    outer loop
      vertex 48 -59.5155 20.125
      vertex 48 -59.5155 21.875
      vertex 48 -59.3884 22.0653
    endloop
  endfacet
  facet normal -1 0 0
    outer loop
      vertex 48 -59.6168 20.3303
      vertex 48 -59.5155 21.875
      vertex 48 -59.5155 20.125
    endloop
  endfacet
  facet normal -1 0 0
    outer loop
      vertex 48 -59.6168 20.3303
      vertex 48 -59.6168 21.6697
      vertex 48 -59.5155 21.875
    endloop
  endfacet
  facet normal -1 0 0
    outer loop
      vertex 48 -59.6904 20.5471
      vertex 48 -59.6168 21.6697
      vertex 48 -59.6168 20.3303
    endloop
  endfacet
  facet normal -1 0 0
    outer loop
      vertex 48 -59.6904 20.5471
      vertex 48 -59.6904 21.4529
      vertex 48 -59.6168 21.6697
    endloop
  endfacet
  facet normal -1 0 0
    outer loop
      vertex 48 -59.735 20.7716
      vertex 48 -59.6904 21.4529
      vertex 48 -59.6904 20.5471
    endloop
  endfacet
  facet normal -1 0 0
    outer loop
      vertex 48 -59.735 20.7716
      vertex 48 -59.735 21.2284
      vertex 48 -59.6904 21.4529
    endloop
  endfacet
  facet normal -1 0 -0
    outer loop
      vertex 48 -59.735 21.2284
      vertex 48 -59.735 20.7716
      vertex 48 -59.75 21
    endloop
  endfacet
  facet normal 1 0 0
    outer loop
      vertex 52 -56.265 21.2284
      vertex 52 -56.265 20.7716
      vertex 52 -56.25 21
    endloop
  endfacet
  facet normal 1 0 0
    outer loop
      vertex 52 -56.3096 21.4529
      vertex 52 -56.265 20.7716
      vertex 52 -56.265 21.2284
    endloop
  endfacet
  facet normal 1 0 0
    outer loop
      vertex 52 -56.3096 21.4529
      vertex 52 -56.3096 20.5471
      vertex 52 -56.265 20.7716
    endloop
  endfacet
  facet normal 1 0 0
    outer loop
      vertex 52 -56.3832 21.6697
      vertex 52 -56.3096 20.5471
      vertex 52 -56.3096 21.4529
    endloop
  endfacet
  facet normal 1 0 0
    outer loop
      vertex 52 -56.3832 21.6697
      vertex 52 -56.3832 20.3303
      vertex 52 -56.3096 20.5471
    endloop
  endfacet
  facet normal 1 0 0
    outer loop
      vertex 52 -56.4845 21.875
      vertex 52 -56.3832 20.3303
      vertex 52 -56.3832 21.6697
    endloop
  endfacet
  facet normal 1 0 0
    outer loop
      vertex 52 -56.4845 21.875
      vertex 52 -56.4845 20.125
      vertex 52 -56.3832 20.3303
    endloop
  endfacet
  facet normal 1 0 0
    outer loop
      vertex 52 -56.6116 22.0653
      vertex 52 -56.4845 20.125
      vertex 52 -56.4845 21.875
    endloop
  endfacet
  facet normal 1 0 0
    outer loop
      vertex 52 -56.6116 22.0653
      vertex 52 -56.6116 19.9347
      vertex 52 -56.4845 20.125
    endloop
  endfacet
  facet normal 1 0 0
    outer loop
      vertex 52 -56.7626 22.2374
      vertex 52 -56.6116 19.9347
      vertex 52 -56.6116 22.0653
    endloop
  endfacet
  facet normal 1 0 0
    outer loop
      vertex 52 -56.7626 22.2374
      vertex 52 -56.7626 19.7626
      vertex 52 -56.6116 19.9347
    endloop
  endfacet
  facet normal 1 0 0
    outer loop
      vertex 52 -56.9347 22.3884
      vertex 52 -56.7626 19.7626
      vertex 52 -56.7626 22.2374
    endloop
  endfacet
  facet normal 1 0 0
    outer loop
      vertex 52 -56.9347 22.3884
      vertex 52 -56.9347 19.6116
      vertex 52 -56.7626 19.7626
    endloop
  endfacet
  facet normal 1 0 0
    outer loop
      vertex 52 -57.125 22.5155
      vertex 52 -56.9347 19.6116
      vertex 52 -56.9347 22.3884
    endloop
  endfacet
  facet normal 1 0 0
    outer loop
      vertex 52 -57.125 22.5155
      vertex 52 -57.125 19.4845
      vertex 52 -56.9347 19.6116
    endloop
  endfacet
  facet normal 1 0 0
    outer loop
      vertex 52 -57.3303 22.6168
      vertex 52 -57.125 19.4845
      vertex 52 -57.125 22.5155
    endloop
  endfacet
  facet normal 1 0 0
    outer loop
      vertex 52 -57.3303 22.6168
      vertex 52 -57.3303 19.3832
      vertex 52 -57.125 19.4845
    endloop
  endfacet
  facet normal 1 0 0
    outer loop
      vertex 52 -57.5471 22.6904
      vertex 52 -57.3303 19.3832
      vertex 52 -57.3303 22.6168
    endloop
  endfacet
  facet normal 1 0 0
    outer loop
      vertex 52 -57.5471 22.6904
      vertex 52 -57.5471 19.3096
      vertex 52 -57.3303 19.3832
    endloop
  endfacet
  facet normal 1 0 0
    outer loop
      vertex 52 -57.7716 22.735
      vertex 52 -57.5471 19.3096
      vertex 52 -57.5471 22.6904
    endloop
  endfacet
  facet normal 1 0 0
    outer loop
      vertex 52 -57.7716 22.735
      vertex 52 -57.7716 19.265
      vertex 52 -57.5471 19.3096
    endloop
  endfacet
  facet normal 1 0 0
    outer loop
      vertex 52 -58 22.75
      vertex 52 -57.7716 19.265
      vertex 52 -57.7716 22.735
    endloop
  endfacet
  facet normal 1 0 0
    outer loop
      vertex 52 -58 22.75
      vertex 52 -58 19.25
      vertex 52 -57.7716 19.265
    endloop
  endfacet
  facet normal 1 -0 0
    outer loop
      vertex 52 -58.2284 22.735
      vertex 52 -58 19.25
      vertex 52 -58 22.75
    endloop
  endfacet
  facet normal 1 0 0
    outer loop
      vertex 52 -58.2284 22.735
      vertex 52 -58.2284 19.265
      vertex 52 -58 19.25
    endloop
  endfacet
  facet normal 1 -0 0
    outer loop
      vertex 52 -58.4529 22.6904
      vertex 52 -58.2284 19.265
      vertex 52 -58.2284 22.735
    endloop
  endfacet
  facet normal 1 0 0
    outer loop
      vertex 52 -58.4529 22.6904
      vertex 52 -58.4529 19.3096
      vertex 52 -58.2284 19.265
    endloop
  endfacet
  facet normal 1 -0 0
    outer loop
      vertex 52 -58.6697 22.6168
      vertex 52 -58.4529 19.3096
      vertex 52 -58.4529 22.6904
    endloop
  endfacet
  facet normal 1 0 0
    outer loop
      vertex 52 -58.6697 22.6168
      vertex 52 -58.6697 19.3832
      vertex 52 -58.4529 19.3096
    endloop
  endfacet
  facet normal 1 -0 0
    outer loop
      vertex 52 -58.875 22.5155
      vertex 52 -58.6697 19.3832
      vertex 52 -58.6697 22.6168
    endloop
  endfacet
  facet normal 1 0 0
    outer loop
      vertex 52 -58.875 22.5155
      vertex 52 -58.875 19.4845
      vertex 52 -58.6697 19.3832
    endloop
  endfacet
  facet normal 1 -0 0
    outer loop
      vertex 52 -59.0653 22.3884
      vertex 52 -58.875 19.4845
      vertex 52 -58.875 22.5155
    endloop
  endfacet
  facet normal 1 0 0
    outer loop
      vertex 52 -59.0653 22.3884
      vertex 52 -59.0653 19.6116
      vertex 52 -58.875 19.4845
    endloop
  endfacet
  facet normal 1 -0 0
    outer loop
      vertex 52 -59.2374 22.2374
      vertex 52 -59.0653 19.6116
      vertex 52 -59.0653 22.3884
    endloop
  endfacet
  facet normal 1 0 0
    outer loop
      vertex 52 -59.2374 22.2374
      vertex 52 -59.2374 19.7626
      vertex 52 -59.0653 19.6116
    endloop
  endfacet
  facet normal 1 -0 0
    outer loop
      vertex 52 -59.3884 22.0653
      vertex 52 -59.2374 19.7626
      vertex 52 -59.2374 22.2374
    endloop
  endfacet
  facet normal 1 0 0
    outer loop
      vertex 52 -59.3884 22.0653
      vertex 52 -59.3884 19.9347
      vertex 52 -59.2374 19.7626
    endloop
  endfacet
  facet normal 1 -0 0
    outer loop
      vertex 52 -59.5155 21.875
      vertex 52 -59.3884 19.9347
      vertex 52 -59.3884 22.0653
    endloop
  endfacet
  facet normal 1 0 0
    outer loop
      vertex 52 -59.5155 21.875
      vertex 52 -59.5155 20.125
      vertex 52 -59.3884 19.9347
    endloop
  endfacet
  facet normal 1 -0 0
    outer loop
      vertex 52 -59.6168 21.6697
      vertex 52 -59.5155 20.125
      vertex 52 -59.5155 21.875
    endloop
  endfacet
  facet normal 1 0 0
    outer loop
      vertex 52 -59.6168 21.6697
      vertex 52 -59.6168 20.3303
      vertex 52 -59.5155 20.125
    endloop
  endfacet
  facet normal 1 -0 0
    outer loop
      vertex 52 -59.6904 21.4529
      vertex 52 -59.6168 20.3303
      vertex 52 -59.6168 21.6697
    endloop
  endfacet
  facet normal 1 0 0
    outer loop
      vertex 52 -59.6904 21.4529
      vertex 52 -59.6904 20.5471
      vertex 52 -59.6168 20.3303
    endloop
  endfacet
  facet normal 1 -0 0
    outer loop
      vertex 52 -59.735 21.2284
      vertex 52 -59.6904 20.5471
      vertex 52 -59.6904 21.4529
    endloop
  endfacet
  facet normal 1 0 0
    outer loop
      vertex 52 -59.735 21.2284
      vertex 52 -59.735 20.7716
      vertex 52 -59.6904 20.5471
    endloop
  endfacet
  facet normal 1 0 -0
    outer loop
      vertex 52 -59.735 20.7716
      vertex 52 -59.735 21.2284
      vertex 52 -59.75 21
    endloop
  endfacet
endsolid OpenSCAD_Model
