solid OpenSCAD_Model
  facet normal 0 1 -0
    outer loop
      vertex 19 -4.5 3
      vertex 7.79423 -4.5 8
      vertex 19 -4.5 11.75
    endloop
  endfacet
  facet normal 0 1 0
    outer loop
      vertex 7.79423 -4.5 8
      vertex 19 -4.5 3
      vertex 7.79423 -4.5 3
    endloop
  endfacet
  facet normal 0 1 0
    outer loop
      vertex 19 -4.5 11.75
      vertex 7.79423 -4.5 8
      vertex 4 -4.5 8
    endloop
  endfacet
  facet normal 0 -1 0
    outer loop
      vertex 4.94034 -7.5 8
      vertex 19 -7.5 11.75
      vertex 4 -7.5 8
    endloop
  endfacet
  facet normal 0 -1 0
    outer loop
      vertex 19 -7.5 3
      vertex 4.94034 -7.5 8
      vertex 4.94034 -7.5 3
    endloop
  endfacet
  facet normal 0 -1 0
    outer loop
      vertex 4.94034 -7.5 8
      vertex 19 -7.5 3
      vertex 19 -7.5 11.75
    endloop
  endfacet
  facet normal -0.242505 0.0158541 0.970021
    outer loop
      vertex 2.50257 -5.96084 8
      vertex 18.5 -6 12
      vertex 18.5128 -5.80421 12
    endloop
  endfacet
  facet normal -0.242505 0.0159152 0.97002
    outer loop
      vertex 18.5 -6 12
      vertex 2.50257 -5.96084 8
      vertex 2.5 -6 8
    endloop
  endfacet
  facet normal -0.227986 0.341149 0.911943
    outer loop
      vertex 3.25 -4.70096 8
      vertex 19 -4.80949 11.9781
      vertex 19 -4.70096 11.9375
    endloop
  endfacet
  facet normal -0.227978 0.341234 0.911913
    outer loop
      vertex 19 -4.80949 11.9781
      vertex 3.25 -4.70096 8
      vertex 3.21737 -4.72276 8
    endloop
  endfacet
  facet normal -0.240818 -0.118781 0.963275
    outer loop
      vertex 18.6142 -6.57402 12
      vertex 2.70096 -6.75 8
      vertex 18.701 -6.75 12
    endloop
  endfacet
  facet normal -0.240819 -0.118754 0.963278
    outer loop
      vertex 2.70096 -6.75 8
      vertex 18.6142 -6.57402 12
      vertex 2.61418 -6.57402 8
    endloop
  endfacet
  facet normal -0.0632155 0.965435 0.252862
    outer loop
      vertex 4 -4.5 8
      vertex 19 -4.51231 11.797
      vertex 19 -4.5 11.75
    endloop
  endfacet
  facet normal -0.06335 0.965287 0.253393
    outer loop
      vertex 19 -4.51231 11.797
      vertex 4 -4.5 8
      vertex 3.96084 -4.50257 8
    endloop
  endfacet
  facet normal 0 0 -1
    outer loop
      vertex 26 -8 0
      vertex 23.6904 -3.54707 0
      vertex 26 8 0
    endloop
  endfacet
  facet normal 0 0 -1
    outer loop
      vertex 26 8 0
      vertex 23.735 3.77158 0
      vertex 23.75 4 0
    endloop
  endfacet
  facet normal 0 0 -1
    outer loop
      vertex 23.6904 3.54707 0
      vertex 26 8 0
      vertex 23.6904 -3.54707 0
    endloop
  endfacet
  facet normal 0 0 -1
    outer loop
      vertex 26 8 0
      vertex 23.6904 3.54707 0
      vertex 23.735 3.77158 0
    endloop
  endfacet
  facet normal 0 0 -1
    outer loop
      vertex 23.6168 -3.3303 0
      vertex 23.6904 3.54707 0
      vertex 23.6904 -3.54707 0
    endloop
  endfacet
  facet normal 0 0 -1
    outer loop
      vertex 23.6168 -3.3303 0
      vertex 23.6168 3.3303 0
      vertex 23.6904 3.54707 0
    endloop
  endfacet
  facet normal 0 0 -1
    outer loop
      vertex 23.5155 -3.125 0
      vertex 23.6168 3.3303 0
      vertex 23.6168 -3.3303 0
    endloop
  endfacet
  facet normal 0 0 -1
    outer loop
      vertex 23.5155 -3.125 0
      vertex 23.5155 3.125 0
      vertex 23.6168 3.3303 0
    endloop
  endfacet
  facet normal 0 0 -1
    outer loop
      vertex 23.3884 -2.93467 0
      vertex 23.5155 3.125 0
      vertex 23.5155 -3.125 0
    endloop
  endfacet
  facet normal 0 0 -1
    outer loop
      vertex 23.3884 -2.93467 0
      vertex 23.3884 2.93467 0
      vertex 23.5155 3.125 0
    endloop
  endfacet
  facet normal 0 0 -1
    outer loop
      vertex 23.2374 -2.76256 0
      vertex 23.3884 2.93467 0
      vertex 23.3884 -2.93467 0
    endloop
  endfacet
  facet normal 0 0 -1
    outer loop
      vertex 23.2374 -2.76256 0
      vertex 23.2374 2.76256 0
      vertex 23.3884 2.93467 0
    endloop
  endfacet
  facet normal 0 0 -1
    outer loop
      vertex 23.0653 -2.61163 0
      vertex 23.2374 2.76256 0
      vertex 23.2374 -2.76256 0
    endloop
  endfacet
  facet normal 0 0 -1
    outer loop
      vertex 23.0653 -2.61163 0
      vertex 23.0653 2.61163 0
      vertex 23.2374 2.76256 0
    endloop
  endfacet
  facet normal 0 0 -1
    outer loop
      vertex 22.875 -2.48446 0
      vertex 23.0653 2.61163 0
      vertex 23.0653 -2.61163 0
    endloop
  endfacet
  facet normal 0 0 -1
    outer loop
      vertex 22.875 -2.48446 0
      vertex 22.875 2.48446 0
      vertex 23.0653 2.61163 0
    endloop
  endfacet
  facet normal 0 0 -1
    outer loop
      vertex 22.6697 -2.38321 0
      vertex 22.875 2.48446 0
      vertex 22.875 -2.48446 0
    endloop
  endfacet
  facet normal 0 0 -1
    outer loop
      vertex 22.6697 -2.38321 0
      vertex 22.6697 2.38321 0
      vertex 22.875 2.48446 0
    endloop
  endfacet
  facet normal 0 0 -1
    outer loop
      vertex 22.4529 -2.30963 0
      vertex 22.6697 2.38321 0
      vertex 22.6697 -2.38321 0
    endloop
  endfacet
  facet normal 0 0 -1
    outer loop
      vertex 22.4529 -2.30963 0
      vertex 22.4529 2.30963 0
      vertex 22.6697 2.38321 0
    endloop
  endfacet
  facet normal 0 0 -1
    outer loop
      vertex 22.2284 -2.26497 0
      vertex 22.4529 2.30963 0
      vertex 22.4529 -2.30963 0
    endloop
  endfacet
  facet normal 0 0 -1
    outer loop
      vertex 22.2284 -2.26497 0
      vertex 22.2284 2.26497 0
      vertex 22.4529 2.30963 0
    endloop
  endfacet
  facet normal 0 0 -1
    outer loop
      vertex 22 -2.25 0
      vertex 22.2284 2.26497 0
      vertex 22.2284 -2.26497 0
    endloop
  endfacet
  facet normal 0 0 -1
    outer loop
      vertex 22 -2.25 0
      vertex 22 2.25 0
      vertex 22.2284 2.26497 0
    endloop
  endfacet
  facet normal 0 0 -1
    outer loop
      vertex 21.7716 -2.26497 0
      vertex 22 2.25 0
      vertex 22 -2.25 0
    endloop
  endfacet
  facet normal 0 0 -1
    outer loop
      vertex 21.7716 -2.26497 0
      vertex 21.7716 2.26497 0
      vertex 22 2.25 0
    endloop
  endfacet
  facet normal 0 0 -1
    outer loop
      vertex 21.5471 -2.30963 0
      vertex 21.7716 2.26497 0
      vertex 21.7716 -2.26497 0
    endloop
  endfacet
  facet normal 0 0 -1
    outer loop
      vertex 21.5471 -2.30963 0
      vertex 21.5471 2.30963 0
      vertex 21.7716 2.26497 0
    endloop
  endfacet
  facet normal 0 0 -1
    outer loop
      vertex 21.3303 -2.38321 0
      vertex 21.5471 2.30963 0
      vertex 21.5471 -2.30963 0
    endloop
  endfacet
  facet normal 0 0 -1
    outer loop
      vertex 21.3303 -2.38321 0
      vertex 21.3303 2.38321 0
      vertex 21.5471 2.30963 0
    endloop
  endfacet
  facet normal 0 0 -1
    outer loop
      vertex 21.125 -2.48446 0
      vertex 21.3303 2.38321 0
      vertex 21.3303 -2.38321 0
    endloop
  endfacet
  facet normal 0 0 -1
    outer loop
      vertex 21.125 -2.48446 0
      vertex 21.125 2.48446 0
      vertex 21.3303 2.38321 0
    endloop
  endfacet
  facet normal 0 0 -1
    outer loop
      vertex 20.9347 -2.61163 0
      vertex 21.125 2.48446 0
      vertex 21.125 -2.48446 0
    endloop
  endfacet
  facet normal 0 0 -1
    outer loop
      vertex 20.9347 -2.61163 0
      vertex 20.9347 2.61163 0
      vertex 21.125 2.48446 0
    endloop
  endfacet
  facet normal 0 0 -1
    outer loop
      vertex 20.7626 -2.76256 0
      vertex 20.9347 2.61163 0
      vertex 20.9347 -2.61163 0
    endloop
  endfacet
  facet normal 0 0 -1
    outer loop
      vertex 20.7626 -2.76256 0
      vertex 20.7626 2.76256 0
      vertex 20.9347 2.61163 0
    endloop
  endfacet
  facet normal 0 0 -1
    outer loop
      vertex 20.6116 -2.93467 0
      vertex 20.7626 2.76256 0
      vertex 20.7626 -2.76256 0
    endloop
  endfacet
  facet normal 0 0 -1
    outer loop
      vertex 20.6116 -2.93467 0
      vertex 20.6116 2.93467 0
      vertex 20.7626 2.76256 0
    endloop
  endfacet
  facet normal 0 0 -1
    outer loop
      vertex 20.4845 -3.125 0
      vertex 20.6116 2.93467 0
      vertex 20.6116 -2.93467 0
    endloop
  endfacet
  facet normal 0 0 -1
    outer loop
      vertex 20.4845 -3.125 0
      vertex 20.4845 3.125 0
      vertex 20.6116 2.93467 0
    endloop
  endfacet
  facet normal 0 0 -1
    outer loop
      vertex 20.3832 -3.3303 0
      vertex 20.4845 3.125 0
      vertex 20.4845 -3.125 0
    endloop
  endfacet
  facet normal 0 0 -1
    outer loop
      vertex 20.3832 -3.3303 0
      vertex 20.3832 3.3303 0
      vertex 20.4845 3.125 0
    endloop
  endfacet
  facet normal 0 0 -1
    outer loop
      vertex 2.25 0 0
      vertex 20.3832 -3.3303 0
      vertex 20.3096 -3.54707 0
    endloop
  endfacet
  facet normal 0 0 -1
    outer loop
      vertex 20.3832 -3.3303 0
      vertex 2.25 0 0
      vertex 20.3832 3.3303 0
    endloop
  endfacet
  facet normal 0 0 -1
    outer loop
      vertex 2.23075 -0.293683 0
      vertex 20.3096 -3.54707 0
      vertex 20.265 -3.77158 0
    endloop
  endfacet
  facet normal -0 0 -1
    outer loop
      vertex 20.3832 3.3303 0
      vertex 2.25 0 0
      vertex 20.3096 3.54707 0
    endloop
  endfacet
  facet normal 0 0 -1
    outer loop
      vertex 2.17333 -0.582342 0
      vertex 20.265 -3.77158 0
      vertex 20.25 -4 0
    endloop
  endfacet
  facet normal 0 0 -1
    outer loop
      vertex 2.23075 0.293683 0
      vertex 20.3096 3.54707 0
      vertex 2.25 0 0
    endloop
  endfacet
  facet normal 0 0 -1
    outer loop
      vertex 23.735 -3.77158 0
      vertex 26 -8 0
      vertex 23.75 -4 0
    endloop
  endfacet
  facet normal 0 0 -1
    outer loop
      vertex 26 -8 0
      vertex 23.735 -4.22842 0
      vertex 23.75 -4 0
    endloop
  endfacet
  facet normal 0 0 -1
    outer loop
      vertex 26 -8 0
      vertex 23.6904 -4.45293 0
      vertex 23.735 -4.22842 0
    endloop
  endfacet
  facet normal 0 0 -1
    outer loop
      vertex 26 -8 0
      vertex 23.6168 -4.6697 0
      vertex 23.6904 -4.45293 0
    endloop
  endfacet
  facet normal 0 0 -1
    outer loop
      vertex 26 -8 0
      vertex 23.5155 -4.875 0
      vertex 23.6168 -4.6697 0
    endloop
  endfacet
  facet normal 0 0 -1
    outer loop
      vertex 26 -8 0
      vertex 23.3884 -5.06533 0
      vertex 23.5155 -4.875 0
    endloop
  endfacet
  facet normal 0 0 -1
    outer loop
      vertex 26 -8 0
      vertex 23.2374 -5.23744 0
      vertex 23.3884 -5.06533 0
    endloop
  endfacet
  facet normal 0 0 -1
    outer loop
      vertex 26 -8 0
      vertex 23.0653 -5.38837 0
      vertex 23.2374 -5.23744 0
    endloop
  endfacet
  facet normal 0 0 -1
    outer loop
      vertex 26 -8 0
      vertex 22.875 -5.51554 0
      vertex 23.0653 -5.38837 0
    endloop
  endfacet
  facet normal 0 0 -1
    outer loop
      vertex 26 -8 0
      vertex 22.6697 -5.61679 0
      vertex 22.875 -5.51554 0
    endloop
  endfacet
  facet normal 0 0 -1
    outer loop
      vertex 26 -8 0
      vertex 22.4529 -5.69037 0
      vertex 22.6697 -5.61679 0
    endloop
  endfacet
  facet normal 0 0 -1
    outer loop
      vertex 26 -8 0
      vertex 22.2284 -5.73503 0
      vertex 22.4529 -5.69037 0
    endloop
  endfacet
  facet normal 0 0 -1
    outer loop
      vertex 26 -8 0
      vertex 22 -5.75 0
      vertex 22.2284 -5.73503 0
    endloop
  endfacet
  facet normal 0 0 -1
    outer loop
      vertex 26 -8 0
      vertex 21.7716 -5.73503 0
      vertex 22 -5.75 0
    endloop
  endfacet
  facet normal 0 0 -1
    outer loop
      vertex 26 -8 0
      vertex 21.5471 -5.69037 0
      vertex 21.7716 -5.73503 0
    endloop
  endfacet
  facet normal 0 0 -1
    outer loop
      vertex 26 -8 0
      vertex 21.3303 -5.61679 0
      vertex 21.5471 -5.69037 0
    endloop
  endfacet
  facet normal 0 0 -1
    outer loop
      vertex 0 -9 0
      vertex 21.3303 -5.61679 0
      vertex 26 -8 0
    endloop
  endfacet
  facet normal -0 0 -1
    outer loop
      vertex 20.3096 3.54707 0
      vertex 2.23075 0.293683 0
      vertex 20.265 3.77158 0
    endloop
  endfacet
  facet normal 0 0 -1
    outer loop
      vertex 2.07873 -0.861037 0
      vertex 20.25 -4 0
      vertex 20.265 -4.22842 0
    endloop
  endfacet
  facet normal 0 0 -1
    outer loop
      vertex 1.94856 -1.125 0
      vertex 20.265 -4.22842 0
      vertex 20.3096 -4.45293 0
    endloop
  endfacet
  facet normal 0 0 -1
    outer loop
      vertex 0 -9 0
      vertex 20.3096 -4.45293 0
      vertex 20.3832 -4.6697 0
    endloop
  endfacet
  facet normal 0 0 -1
    outer loop
      vertex 0 -9 0
      vertex 20.3832 -4.6697 0
      vertex 20.4845 -4.875 0
    endloop
  endfacet
  facet normal 0 0 -1
    outer loop
      vertex 0 -9 0
      vertex 20.4845 -4.875 0
      vertex 20.6116 -5.06533 0
    endloop
  endfacet
  facet normal 0 0 -1
    outer loop
      vertex 0 -9 0
      vertex 20.6116 -5.06533 0
      vertex 20.7626 -5.23744 0
    endloop
  endfacet
  facet normal 0 0 -1
    outer loop
      vertex 0 -9 0
      vertex 20.7626 -5.23744 0
      vertex 20.9347 -5.38837 0
    endloop
  endfacet
  facet normal 0 0 -1
    outer loop
      vertex 0 -9 0
      vertex 20.9347 -5.38837 0
      vertex 21.125 -5.51554 0
    endloop
  endfacet
  facet normal -0 0 -1
    outer loop
      vertex 21.3303 -5.61679 0
      vertex 0 -9 0
      vertex 21.125 -5.51554 0
    endloop
  endfacet
  facet normal 0 0 -1
    outer loop
      vertex 20.3096 -3.54707 0
      vertex 2.23075 -0.293683 0
      vertex 2.25 0 0
    endloop
  endfacet
  facet normal 0 0 -1
    outer loop
      vertex 20.265 -3.77158 0
      vertex 2.17333 -0.582342 0
      vertex 2.23075 -0.293683 0
    endloop
  endfacet
  facet normal 0 0 -1
    outer loop
      vertex 20.25 -4 0
      vertex 2.07873 -0.861037 0
      vertex 2.17333 -0.582342 0
    endloop
  endfacet
  facet normal 0 0 -1
    outer loop
      vertex 20.265 -4.22842 0
      vertex 1.94856 -1.125 0
      vertex 2.07873 -0.861037 0
    endloop
  endfacet
  facet normal -0 0 -1
    outer loop
      vertex 20.3096 -4.45293 0
      vertex 0 -9 0
      vertex 1.78504 -1.36971 0
    endloop
  endfacet
  facet normal 0 0 -1
    outer loop
      vertex 20.3096 -4.45293 0
      vertex 1.78504 -1.36971 0
      vertex 1.94856 -1.125 0
    endloop
  endfacet
  facet normal 0 0 -1
    outer loop
      vertex 1.78504 -1.36971 0
      vertex 0 -9 0
      vertex 1.59099 -1.59099 0
    endloop
  endfacet
  facet normal 0 0 -1
    outer loop
      vertex 1.59099 -1.59099 0
      vertex 0 -9 0
      vertex 1.36971 -1.78504 0
    endloop
  endfacet
  facet normal 0 0 -1
    outer loop
      vertex 1.36971 -1.78504 0
      vertex 0 -9 0
      vertex 1.125 -1.94856 0
    endloop
  endfacet
  facet normal 0 0 -1
    outer loop
      vertex 1.125 -1.94856 0
      vertex 0 -9 0
      vertex 0.861037 -2.07873 0
    endloop
  endfacet
  facet normal 0 0 -1
    outer loop
      vertex 0.861037 -2.07873 0
      vertex 0 -9 0
      vertex 0.582342 -2.17333 0
    endloop
  endfacet
  facet normal 0 0 -1
    outer loop
      vertex 0.582342 -2.17333 0
      vertex 0 -9 0
      vertex 0.293683 -2.23075 0
    endloop
  endfacet
  facet normal 0 0 -1
    outer loop
      vertex 0 -9 0
      vertex 0 -2.25 0
      vertex 0.293683 -2.23075 0
    endloop
  endfacet
  facet normal 0 0 -1
    outer loop
      vertex 0 -9 0
      vertex -0.293683 -2.23075 0
      vertex 0 -2.25 0
    endloop
  endfacet
  facet normal 0 0 -1
    outer loop
      vertex -1.17474 -8.923 0
      vertex -0.293683 -2.23075 0
      vertex 0 -9 0
    endloop
  endfacet
  facet normal -0 0 -1
    outer loop
      vertex -0.293683 -2.23075 0
      vertex -1.17474 -8.923 0
      vertex -0.582342 -2.17333 0
    endloop
  endfacet
  facet normal 0 0 -1
    outer loop
      vertex -2.32937 -8.69333 0
      vertex -0.582342 -2.17333 0
      vertex -1.17474 -8.923 0
    endloop
  endfacet
  facet normal -0 0 -1
    outer loop
      vertex -0.582342 -2.17333 0
      vertex -2.32937 -8.69333 0
      vertex -0.861037 -2.07873 0
    endloop
  endfacet
  facet normal 0 0 -1
    outer loop
      vertex -3.44415 -8.31492 0
      vertex -0.861037 -2.07873 0
      vertex -2.32937 -8.69333 0
    endloop
  endfacet
  facet normal -0 0 -1
    outer loop
      vertex -0.861037 -2.07873 0
      vertex -3.44415 -8.31492 0
      vertex -1.125 -1.94856 0
    endloop
  endfacet
  facet normal 0 0 -1
    outer loop
      vertex -4.5 -7.79423 0
      vertex -1.125 -1.94856 0
      vertex -3.44415 -8.31492 0
    endloop
  endfacet
  facet normal -0 0 -1
    outer loop
      vertex -1.125 -1.94856 0
      vertex -4.5 -7.79423 0
      vertex -1.36971 -1.78504 0
    endloop
  endfacet
  facet normal 0 0 -1
    outer loop
      vertex -5.47885 -7.14018 0
      vertex -1.36971 -1.78504 0
      vertex -4.5 -7.79423 0
    endloop
  endfacet
  facet normal -0 0 -1
    outer loop
      vertex -1.36971 -1.78504 0
      vertex -5.47885 -7.14018 0
      vertex -1.59099 -1.59099 0
    endloop
  endfacet
  facet normal 0 0 -1
    outer loop
      vertex -6.36396 -6.36396 0
      vertex -1.59099 -1.59099 0
      vertex -5.47885 -7.14018 0
    endloop
  endfacet
  facet normal 0 0 -1
    outer loop
      vertex -7.14018 -5.47885 0
      vertex -1.78504 -1.36971 0
      vertex -6.36396 -6.36396 0
    endloop
  endfacet
  facet normal -0 0 -1
    outer loop
      vertex -1.59099 -1.59099 0
      vertex -6.36396 -6.36396 0
      vertex -1.78504 -1.36971 0
    endloop
  endfacet
  facet normal 0 0 -1
    outer loop
      vertex 23.6904 -3.54707 0
      vertex 26 -8 0
      vertex 23.735 -3.77158 0
    endloop
  endfacet
  facet normal 0 0 -1
    outer loop
      vertex 23.735 4.22842 0
      vertex 26 8 0
      vertex 23.75 4 0
    endloop
  endfacet
  facet normal 0 0 -1
    outer loop
      vertex 23.6904 4.45293 0
      vertex 26 8 0
      vertex 23.735 4.22842 0
    endloop
  endfacet
  facet normal 0 0 -1
    outer loop
      vertex 23.6168 4.6697 0
      vertex 26 8 0
      vertex 23.6904 4.45293 0
    endloop
  endfacet
  facet normal 0 0 -1
    outer loop
      vertex 23.5155 4.875 0
      vertex 26 8 0
      vertex 23.6168 4.6697 0
    endloop
  endfacet
  facet normal 0 0 -1
    outer loop
      vertex 23.3884 5.06533 0
      vertex 26 8 0
      vertex 23.5155 4.875 0
    endloop
  endfacet
  facet normal 0 0 -1
    outer loop
      vertex 23.2374 5.23744 0
      vertex 26 8 0
      vertex 23.3884 5.06533 0
    endloop
  endfacet
  facet normal 0 0 -1
    outer loop
      vertex 23.0653 5.38837 0
      vertex 26 8 0
      vertex 23.2374 5.23744 0
    endloop
  endfacet
  facet normal 0 0 -1
    outer loop
      vertex 22.875 5.51554 0
      vertex 26 8 0
      vertex 23.0653 5.38837 0
    endloop
  endfacet
  facet normal 0 0 -1
    outer loop
      vertex 22.6697 5.61679 0
      vertex 26 8 0
      vertex 22.875 5.51554 0
    endloop
  endfacet
  facet normal 0 0 -1
    outer loop
      vertex 22.4529 5.69037 0
      vertex 26 8 0
      vertex 22.6697 5.61679 0
    endloop
  endfacet
  facet normal 0 0 -1
    outer loop
      vertex 22.2284 5.73503 0
      vertex 26 8 0
      vertex 22.4529 5.69037 0
    endloop
  endfacet
  facet normal 0 0 -1
    outer loop
      vertex 22 5.75 0
      vertex 26 8 0
      vertex 22.2284 5.73503 0
    endloop
  endfacet
  facet normal 0 0 -1
    outer loop
      vertex 21.7716 5.73503 0
      vertex 26 8 0
      vertex 22 5.75 0
    endloop
  endfacet
  facet normal 0 0 -1
    outer loop
      vertex 21.5471 5.69037 0
      vertex 26 8 0
      vertex 21.7716 5.73503 0
    endloop
  endfacet
  facet normal 0 0 -1
    outer loop
      vertex 21.3303 5.61679 0
      vertex 26 8 0
      vertex 21.5471 5.69037 0
    endloop
  endfacet
  facet normal 0 0 -1
    outer loop
      vertex 0 9 0
      vertex 21.3303 5.61679 0
      vertex 21.125 5.51554 0
    endloop
  endfacet
  facet normal 0 0 -1
    outer loop
      vertex 2.17333 0.582342 0
      vertex 20.265 3.77158 0
      vertex 2.23075 0.293683 0
    endloop
  endfacet
  facet normal -0 0 -1
    outer loop
      vertex 20.265 3.77158 0
      vertex 2.17333 0.582342 0
      vertex 20.25 4 0
    endloop
  endfacet
  facet normal 0 0 -1
    outer loop
      vertex 2.07873 0.861037 0
      vertex 20.25 4 0
      vertex 2.17333 0.582342 0
    endloop
  endfacet
  facet normal -0 0 -1
    outer loop
      vertex 20.25 4 0
      vertex 2.07873 0.861037 0
      vertex 20.265 4.22842 0
    endloop
  endfacet
  facet normal 0 0 -1
    outer loop
      vertex 1.94856 1.125 0
      vertex 20.265 4.22842 0
      vertex 2.07873 0.861037 0
    endloop
  endfacet
  facet normal -0 0 -1
    outer loop
      vertex 20.265 4.22842 0
      vertex 1.94856 1.125 0
      vertex 20.3096 4.45293 0
    endloop
  endfacet
  facet normal 0 0 -1
    outer loop
      vertex 1.78504 1.36971 0
      vertex 20.3096 4.45293 0
      vertex 1.94856 1.125 0
    endloop
  endfacet
  facet normal 0 0 -1
    outer loop
      vertex 0 9 0
      vertex 20.3096 4.45293 0
      vertex 1.78504 1.36971 0
    endloop
  endfacet
  facet normal 0 0 -1
    outer loop
      vertex 20.3096 4.45293 0
      vertex 0 9 0
      vertex 20.3832 4.6697 0
    endloop
  endfacet
  facet normal 0 0 -1
    outer loop
      vertex 20.3832 4.6697 0
      vertex 0 9 0
      vertex 20.4845 4.875 0
    endloop
  endfacet
  facet normal 0 0 -1
    outer loop
      vertex 20.4845 4.875 0
      vertex 0 9 0
      vertex 20.6116 5.06533 0
    endloop
  endfacet
  facet normal 0 0 -1
    outer loop
      vertex 20.6116 5.06533 0
      vertex 0 9 0
      vertex 20.7626 5.23744 0
    endloop
  endfacet
  facet normal 0 0 -1
    outer loop
      vertex 20.7626 5.23744 0
      vertex 0 9 0
      vertex 20.9347 5.38837 0
    endloop
  endfacet
  facet normal 0 0 -1
    outer loop
      vertex 20.9347 5.38837 0
      vertex 0 9 0
      vertex 21.125 5.51554 0
    endloop
  endfacet
  facet normal 0 0 -1
    outer loop
      vertex 0 9 0
      vertex 1.78504 1.36971 0
      vertex 1.59099 1.59099 0
    endloop
  endfacet
  facet normal 0 0 -1
    outer loop
      vertex 0 9 0
      vertex 1.59099 1.59099 0
      vertex 1.36971 1.78504 0
    endloop
  endfacet
  facet normal 0 0 -1
    outer loop
      vertex 0 9 0
      vertex 1.36971 1.78504 0
      vertex 1.125 1.94856 0
    endloop
  endfacet
  facet normal 0 0 -1
    outer loop
      vertex 0 9 0
      vertex 1.125 1.94856 0
      vertex 0.861037 2.07873 0
    endloop
  endfacet
  facet normal 0 0 -1
    outer loop
      vertex 0 9 0
      vertex 0.861037 2.07873 0
      vertex 0.582342 2.17333 0
    endloop
  endfacet
  facet normal 0 0 -1
    outer loop
      vertex 0 9 0
      vertex 0.582342 2.17333 0
      vertex 0.293683 2.23075 0
    endloop
  endfacet
  facet normal 0 0 -1
    outer loop
      vertex 0 9 0
      vertex 0.293683 2.23075 0
      vertex 0 2.25 0
    endloop
  endfacet
  facet normal 0 0 -1
    outer loop
      vertex 21.3303 5.61679 0
      vertex 0 9 0
      vertex 26 8 0
    endloop
  endfacet
  facet normal 0 0 -1
    outer loop
      vertex -0.293683 2.23075 0
      vertex 0 9 0
      vertex 0 2.25 0
    endloop
  endfacet
  facet normal 0 0 -1
    outer loop
      vertex -1.17474 8.923 0
      vertex -0.293683 2.23075 0
      vertex -0.582342 2.17333 0
    endloop
  endfacet
  facet normal 0 0 -1
    outer loop
      vertex -2.32937 8.69333 0
      vertex -0.582342 2.17333 0
      vertex -0.861037 2.07873 0
    endloop
  endfacet
  facet normal 0 0 -1
    outer loop
      vertex -3.44415 8.31492 0
      vertex -0.861037 2.07873 0
      vertex -1.125 1.94856 0
    endloop
  endfacet
  facet normal 0 0 -1
    outer loop
      vertex -0.293683 2.23075 0
      vertex -1.17474 8.923 0
      vertex 0 9 0
    endloop
  endfacet
  facet normal 0 0 -1
    outer loop
      vertex -4.5 7.79423 0
      vertex -1.125 1.94856 0
      vertex -1.36971 1.78504 0
    endloop
  endfacet
  facet normal 0 0 -1
    outer loop
      vertex -5.47885 7.14018 0
      vertex -1.36971 1.78504 0
      vertex -1.59099 1.59099 0
    endloop
  endfacet
  facet normal 0 0 -1
    outer loop
      vertex -6.36396 6.36396 0
      vertex -1.59099 1.59099 0
      vertex -1.78504 1.36971 0
    endloop
  endfacet
  facet normal 0 0 -1
    outer loop
      vertex -7.14018 5.47885 0
      vertex -1.78504 1.36971 0
      vertex -1.94856 1.125 0
    endloop
  endfacet
  facet normal 0 0 -1
    outer loop
      vertex -7.79423 4.5 0
      vertex -1.94856 1.125 0
      vertex -2.07873 0.861037 0
    endloop
  endfacet
  facet normal 0 0 -1
    outer loop
      vertex -8.31492 3.44415 0
      vertex -2.07873 0.861037 0
      vertex -2.17333 0.582342 0
    endloop
  endfacet
  facet normal 0 0 -1
    outer loop
      vertex -8.69333 2.32937 0
      vertex -2.17333 0.582342 0
      vertex -2.23075 0.293683 0
    endloop
  endfacet
  facet normal 0 0 -1
    outer loop
      vertex -0.582342 2.17333 0
      vertex -2.32937 8.69333 0
      vertex -1.17474 8.923 0
    endloop
  endfacet
  facet normal 0 0 -1
    outer loop
      vertex -8.923 1.17474 0
      vertex -2.23075 0.293683 0
      vertex -2.25 0 0
    endloop
  endfacet
  facet normal -0 0 -1
    outer loop
      vertex -1.78504 -1.36971 0
      vertex -7.14018 -5.47885 0
      vertex -1.94856 -1.125 0
    endloop
  endfacet
  facet normal 0 0 -1
    outer loop
      vertex -7.79423 -4.5 0
      vertex -1.94856 -1.125 0
      vertex -7.14018 -5.47885 0
    endloop
  endfacet
  facet normal 0 0 -1
    outer loop
      vertex -0.861037 2.07873 0
      vertex -3.44415 8.31492 0
      vertex -2.32937 8.69333 0
    endloop
  endfacet
  facet normal -0 0 -1
    outer loop
      vertex -1.94856 -1.125 0
      vertex -7.79423 -4.5 0
      vertex -2.07873 -0.861037 0
    endloop
  endfacet
  facet normal 0 0 -1
    outer loop
      vertex -1.125 1.94856 0
      vertex -4.5 7.79423 0
      vertex -3.44415 8.31492 0
    endloop
  endfacet
  facet normal 0 0 -1
    outer loop
      vertex -8.31492 -3.44415 0
      vertex -2.07873 -0.861037 0
      vertex -7.79423 -4.5 0
    endloop
  endfacet
  facet normal 0 0 -1
    outer loop
      vertex -1.36971 1.78504 0
      vertex -5.47885 7.14018 0
      vertex -4.5 7.79423 0
    endloop
  endfacet
  facet normal -0 0 -1
    outer loop
      vertex -2.07873 -0.861037 0
      vertex -8.31492 -3.44415 0
      vertex -2.17333 -0.582342 0
    endloop
  endfacet
  facet normal 0 0 -1
    outer loop
      vertex -1.59099 1.59099 0
      vertex -6.36396 6.36396 0
      vertex -5.47885 7.14018 0
    endloop
  endfacet
  facet normal 0 0 -1
    outer loop
      vertex -8.69333 -2.32937 0
      vertex -2.17333 -0.582342 0
      vertex -8.31492 -3.44415 0
    endloop
  endfacet
  facet normal 0 0 -1
    outer loop
      vertex -1.78504 1.36971 0
      vertex -7.14018 5.47885 0
      vertex -6.36396 6.36396 0
    endloop
  endfacet
  facet normal -0 0 -1
    outer loop
      vertex -2.17333 -0.582342 0
      vertex -8.69333 -2.32937 0
      vertex -2.23075 -0.293683 0
    endloop
  endfacet
  facet normal 0 0 -1
    outer loop
      vertex -1.94856 1.125 0
      vertex -7.79423 4.5 0
      vertex -7.14018 5.47885 0
    endloop
  endfacet
  facet normal 0 0 -1
    outer loop
      vertex -8.923 -1.17474 0
      vertex -2.23075 -0.293683 0
      vertex -8.69333 -2.32937 0
    endloop
  endfacet
  facet normal 0 0 -1
    outer loop
      vertex -2.07873 0.861037 0
      vertex -8.31492 3.44415 0
      vertex -7.79423 4.5 0
    endloop
  endfacet
  facet normal -0 0 -1
    outer loop
      vertex -2.23075 -0.293683 0
      vertex -8.923 -1.17474 0
      vertex -2.25 0 0
    endloop
  endfacet
  facet normal 0 0 -1
    outer loop
      vertex -2.17333 0.582342 0
      vertex -8.69333 2.32937 0
      vertex -8.31492 3.44415 0
    endloop
  endfacet
  facet normal 0 0 -1
    outer loop
      vertex -9 0 0
      vertex -2.25 0 0
      vertex -8.923 -1.17474 0
    endloop
  endfacet
  facet normal 0 0 -1
    outer loop
      vertex -2.23075 0.293683 0
      vertex -8.923 1.17474 0
      vertex -8.69333 2.32937 0
    endloop
  endfacet
  facet normal 0 0 -1
    outer loop
      vertex -2.25 0 0
      vertex -9 0 0
      vertex -8.923 1.17474 0
    endloop
  endfacet
  facet normal -0.241717 -0.0820944 0.966868
    outer loop
      vertex 18.5511 -6.38823 12
      vertex 2.61418 -6.57402 8
      vertex 18.6142 -6.57402 12
    endloop
  endfacet
  facet normal -0.241718 -0.0820558 0.966871
    outer loop
      vertex 2.61418 -6.57402 8
      vertex 18.5511 -6.38823 12
      vertex 2.55111 -6.38823 8
    endloop
  endfacet
  facet normal -0.242505 0.0158852 0.97002
    outer loop
      vertex 2.51283 -5.80421 8
      vertex 2.50257 -5.96084 8
      vertex 18.5128 -5.80421 12
    endloop
  endfacet
  facet normal -0.218897 0.430617 0.875587
    outer loop
      vertex 3.42598 -4.61418 8
      vertex 19 -4.61601 11.8944
      vertex 19 -4.61418 11.8935
    endloop
  endfacet
  facet normal -0.217637 0.441324 0.870556
    outer loop
      vertex 19 -4.61601 11.8944
      vertex 3.42598 -4.61418 8
      vertex 3.28519 -4.68361 8
    endloop
  endfacet
  facet normal -0.242505 -0.0158541 0.970021
    outer loop
      vertex 18.5 -6 12
      vertex 2.50257 -6.03916 8
      vertex 18.5128 -6.19579 12
    endloop
  endfacet
  facet normal -0.242505 -0.0159152 0.97002
    outer loop
      vertex 2.50257 -6.03916 8
      vertex 18.5 -6 12
      vertex 2.5 -6 8
    endloop
  endfacet
  facet normal -0.239412 -0.15996 0.957651
    outer loop
      vertex 18.701 -6.75 12
      vertex 2.80997 -6.91314 8
      vertex 18.81 -6.91314 12
    endloop
  endfacet
  facet normal -0.239411 -0.159975 0.957648
    outer loop
      vertex 2.80997 -6.91314 8
      vertex 18.701 -6.75 12
      vertex 2.70096 -6.75 8
    endloop
  endfacet
  facet normal -0.237235 -0.207934 0.948938
    outer loop
      vertex 18.81 -6.91314 12
      vertex 2.93934 -7.06066 8
      vertex 18.9393 -7.06066 12
    endloop
  endfacet
  facet normal -0.237229 -0.208041 0.948916
    outer loop
      vertex 2.93934 -7.06066 8
      vertex 18.81 -6.91314 12
      vertex 2.80997 -6.91314 8
    endloop
  endfacet
  facet normal -0.241717 0.08209 0.966868
    outer loop
      vertex 2.61418 -5.42597 8
      vertex 18.5511 -5.61177 12
      vertex 18.6142 -5.42597 12
    endloop
  endfacet
  facet normal -0.241718 0.0820514 0.966871
    outer loop
      vertex 18.5511 -5.61177 12
      vertex 2.61418 -5.42597 8
      vertex 2.55111 -5.61177 8
    endloop
  endfacet
  facet normal -0.240818 0.118787 0.963274
    outer loop
      vertex 2.70096 -5.25 8
      vertex 18.6142 -5.42597 12
      vertex 18.701 -5.25 12
    endloop
  endfacet
  facet normal -0.240819 0.11876 0.963277
    outer loop
      vertex 18.6142 -5.42597 12
      vertex 2.70096 -5.25 8
      vertex 2.61418 -5.42597 8
    endloop
  endfacet
  facet normal -0.153632 0.773786 0.614534
    outer loop
      vertex 3.80421 -4.51283 8
      vertex 19 -4.55111 11.8471
      vertex 19 -4.51283 11.7989
    endloop
  endfacet
  facet normal -0.153806 0.773209 0.615217
    outer loop
      vertex 19 -4.55111 11.8471
      vertex 3.80421 -4.51283 8
      vertex 3.61177 -4.55111 8
    endloop
  endfacet
  facet normal -0.242254 -0.0482141 0.969014
    outer loop
      vertex 18.5128 -6.19579 12
      vertex 2.55111 -6.38823 8
      vertex 18.5511 -6.38823 12
    endloop
  endfacet
  facet normal -0.242254 -0.048189 0.969015
    outer loop
      vertex 2.55111 -6.38823 8
      vertex 18.5128 -6.19579 12
      vertex 2.51283 -6.19579 8
    endloop
  endfacet
  facet normal -0.242505 -0.0158852 0.97002
    outer loop
      vertex 18.5128 -6.19579 12
      vertex 2.50257 -6.03916 8
      vertex 2.51283 -6.19579 8
    endloop
  endfacet
  facet normal 0 0 1
    outer loop
      vertex 18.81 -5.08686 12
      vertex 19 -4.88614 12
      vertex 18.9393 -4.93934 12
    endloop
  endfacet
  facet normal 0 0 1
    outer loop
      vertex 19 -4.88614 12
      vertex 18.81 -5.08686 12
      vertex 19 -7.11386 12
    endloop
  endfacet
  facet normal -0 0 1
    outer loop
      vertex 18.701 -5.25 12
      vertex 19 -7.11386 12
      vertex 18.81 -5.08686 12
    endloop
  endfacet
  facet normal 0 0 1
    outer loop
      vertex 19 -7.11386 12
      vertex 18.81 -6.91314 12
      vertex 18.9393 -7.06066 12
    endloop
  endfacet
  facet normal 0 0 1
    outer loop
      vertex 19 -7.11386 12
      vertex 18.701 -5.25 12
      vertex 18.81 -6.91314 12
    endloop
  endfacet
  facet normal 0 0 1
    outer loop
      vertex 18.701 -5.25 12
      vertex 18.701 -6.75 12
      vertex 18.81 -6.91314 12
    endloop
  endfacet
  facet normal -0 0 1
    outer loop
      vertex 18.6142 -5.42597 12
      vertex 18.701 -6.75 12
      vertex 18.701 -5.25 12
    endloop
  endfacet
  facet normal 0 0 1
    outer loop
      vertex 18.6142 -5.42597 12
      vertex 18.6142 -6.57402 12
      vertex 18.701 -6.75 12
    endloop
  endfacet
  facet normal -0 0 1
    outer loop
      vertex 18.5511 -5.61177 12
      vertex 18.6142 -6.57402 12
      vertex 18.6142 -5.42597 12
    endloop
  endfacet
  facet normal 0 0 1
    outer loop
      vertex 18.5511 -5.61177 12
      vertex 18.5511 -6.38823 12
      vertex 18.6142 -6.57402 12
    endloop
  endfacet
  facet normal -0 0 1
    outer loop
      vertex 18.5128 -5.80421 12
      vertex 18.5511 -6.38823 12
      vertex 18.5511 -5.61177 12
    endloop
  endfacet
  facet normal 0 0 1
    outer loop
      vertex 18.5128 -5.80421 12
      vertex 18.5128 -6.19579 12
      vertex 18.5511 -6.38823 12
    endloop
  endfacet
  facet normal 0 -0 1
    outer loop
      vertex 18.5128 -6.19579 12
      vertex 18.5128 -5.80421 12
      vertex 18.5 -6 12
    endloop
  endfacet
  facet normal -0.197414 0.580935 0.789647
    outer loop
      vertex 3.61177 -4.55111 8
      vertex 19 -4.61418 11.8935
      vertex 19 -4.55111 11.8471
    endloop
  endfacet
  facet normal -0.197343 0.581329 0.789374
    outer loop
      vertex 19 -4.61418 11.8935
      vertex 3.61177 -4.55111 8
      vertex 3.42598 -4.61418 8
    endloop
  endfacet
  facet normal -0.242254 0.0482141 0.969014
    outer loop
      vertex 2.55111 -5.61177 8
      vertex 18.5128 -5.80421 12
      vertex 18.5511 -5.61177 12
    endloop
  endfacet
  facet normal -0.242254 0.048189 0.969015
    outer loop
      vertex 18.5128 -5.80421 12
      vertex 2.55111 -5.61177 8
      vertex 2.51283 -5.80421 8
    endloop
  endfacet
  facet normal -0.227986 -0.341149 0.911943
    outer loop
      vertex 19 -7.19051 11.9781
      vertex 3.25 -7.29904 8
      vertex 19 -7.29904 11.9375
    endloop
  endfacet
  facet normal -0.227978 -0.341234 0.911913
    outer loop
      vertex 3.25 -7.29904 8
      vertex 19 -7.19051 11.9781
      vertex 3.21737 -7.27724 8
    endloop
  endfacet
  facet normal -0.218897 -0.430617 0.875587
    outer loop
      vertex 19 -7.38399 11.8944
      vertex 3.42598 -7.38582 8
      vertex 19 -7.38582 11.8935
    endloop
  endfacet
  facet normal -0.217637 -0.441324 0.870556
    outer loop
      vertex 3.42598 -7.38582 8
      vertex 19 -7.38399 11.8944
      vertex 3.28519 -7.31639 8
    endloop
  endfacet
  facet normal -0.0658791 0.962434 0.263403
    outer loop
      vertex 3.96084 -4.50257 8
      vertex 19 -4.51283 11.7989
      vertex 19 -4.51231 11.797
    endloop
  endfacet
  facet normal -0.0632388 0.965408 0.252958
    outer loop
      vertex 19 -4.51283 11.7989
      vertex 3.96084 -4.50257 8
      vertex 3.80421 -4.51283 8
    endloop
  endfacet
  facet normal -0.217604 0.441613 0.870418
    outer loop
      vertex 3.28519 -4.68361 8
      vertex 19 -4.70096 11.9375
      vertex 19 -4.61601 11.8944
    endloop
  endfacet
  facet normal -0.217629 0.441405 0.870517
    outer loop
      vertex 19 -4.70096 11.9375
      vertex 3.28519 -4.68361 8
      vertex 3.25 -4.70096 8
    endloop
  endfacet
  facet normal -0.22466 0.374784 0.899481
    outer loop
      vertex 3.21737 -4.72276 8
      vertex 19 -4.80997 11.9783
      vertex 19 -4.80949 11.9781
    endloop
  endfacet
  facet normal -0.227984 0.341179 0.911932
    outer loop
      vertex 19 -4.80997 11.9783
      vertex 3.21737 -4.72276 8
      vertex 3.08686 -4.80997 8
    endloop
  endfacet
  facet normal -0.233496 0.266414 0.935149
    outer loop
      vertex 19 -4.80997 11.9783
      vertex 18.9393 -4.93934 12
      vertex 19 -4.88614 12
    endloop
  endfacet
  facet normal -0.233764 0.266523 0.935051
    outer loop
      vertex 3.08686 -4.80997 8
      vertex 18.9393 -4.93934 12
      vertex 19 -4.80997 11.9783
    endloop
  endfacet
  facet normal -0.233761 0.266557 0.935042
    outer loop
      vertex 18.9393 -4.93934 12
      vertex 3.08686 -4.80997 8
      vertex 2.93934 -4.93934 8
    endloop
  endfacet
  facet normal -0.22466 -0.374784 0.899481
    outer loop
      vertex 19 -7.19003 11.9783
      vertex 3.21737 -7.27724 8
      vertex 19 -7.19051 11.9781
    endloop
  endfacet
  facet normal -0.227984 -0.341179 0.911932
    outer loop
      vertex 3.21737 -7.27724 8
      vertex 19 -7.19003 11.9783
      vertex 3.08686 -7.19003 8
    endloop
  endfacet
  facet normal -0.233496 -0.266414 0.935149
    outer loop
      vertex 18.9393 -7.06066 12
      vertex 19 -7.19003 11.9783
      vertex 19 -7.11386 12
    endloop
  endfacet
  facet normal -0.233764 -0.266523 0.935051
    outer loop
      vertex 18.9393 -7.06066 12
      vertex 3.08686 -7.19003 8
      vertex 19 -7.19003 11.9783
    endloop
  endfacet
  facet normal -0.233761 -0.266557 0.935042
    outer loop
      vertex 3.08686 -7.19003 8
      vertex 18.9393 -7.06066 12
      vertex 2.93934 -7.06066 8
    endloop
  endfacet
  facet normal -0.197414 -0.580935 0.789647
    outer loop
      vertex 19 -7.38582 11.8935
      vertex 3.61177 -7.44889 8
      vertex 19 -7.44889 11.8471
    endloop
  endfacet
  facet normal -0.197343 -0.581329 0.789374
    outer loop
      vertex 3.61177 -7.44889 8
      vertex 19 -7.38582 11.8935
      vertex 3.42598 -7.38582 8
    endloop
  endfacet
  facet normal -0.239412 0.15996 0.957651
    outer loop
      vertex 2.80997 -5.08686 8
      vertex 18.701 -5.25 12
      vertex 18.81 -5.08686 12
    endloop
  endfacet
  facet normal -0.239411 0.159975 0.957648
    outer loop
      vertex 18.701 -5.25 12
      vertex 2.80997 -5.08686 8
      vertex 2.70096 -5.25 8
    endloop
  endfacet
  facet normal -0.237235 0.207934 0.948938
    outer loop
      vertex 2.93934 -4.93934 8
      vertex 18.81 -5.08686 12
      vertex 18.9393 -4.93934 12
    endloop
  endfacet
  facet normal -0.237229 0.208041 0.948916
    outer loop
      vertex 18.81 -5.08686 12
      vertex 2.93934 -4.93934 8
      vertex 2.80997 -5.08686 8
    endloop
  endfacet
  facet normal -0.217604 -0.441613 0.870418
    outer loop
      vertex 19 -7.29904 11.9375
      vertex 3.28519 -7.31639 8
      vertex 19 -7.38399 11.8944
    endloop
  endfacet
  facet normal -0.217629 -0.441405 0.870517
    outer loop
      vertex 3.28519 -7.31639 8
      vertex 19 -7.29904 11.9375
      vertex 3.25 -7.29904 8
    endloop
  endfacet
  facet normal -0.153806 -0.773209 0.615217
    outer loop
      vertex 3.80421 -7.48717 8
      vertex 19 -7.44889 11.8471
      vertex 3.61177 -7.44889 8
    endloop
  endfacet
  facet normal -0.153632 -0.773786 0.614534
    outer loop
      vertex 19 -7.44889 11.8471
      vertex 3.80421 -7.48717 8
      vertex 19 -7.48717 11.7989
    endloop
  endfacet
  facet normal -0.0632388 -0.965408 0.252958
    outer loop
      vertex 3.96084 -7.49743 8
      vertex 19 -7.48717 11.7989
      vertex 3.80421 -7.48717 8
    endloop
  endfacet
  facet normal -0.0658791 -0.962434 0.263403
    outer loop
      vertex 19 -7.48717 11.7989
      vertex 3.96084 -7.49743 8
      vertex 19 -7.48769 11.797
    endloop
  endfacet
  facet normal -0.06335 -0.965287 0.253393
    outer loop
      vertex 4 -7.5 8
      vertex 19 -7.48769 11.797
      vertex 3.96084 -7.49743 8
    endloop
  endfacet
  facet normal -0.0632155 -0.965435 0.252862
    outer loop
      vertex 19 -7.48769 11.797
      vertex 4 -7.5 8
      vertex 19 -7.5 11.75
    endloop
  endfacet
  facet normal 0 1 -0
    outer loop
      vertex 19 7.5 3
      vertex 4.94034 7.5 8
      vertex 19 7.5 11.75
    endloop
  endfacet
  facet normal 0 1 0
    outer loop
      vertex 4.94034 7.5 8
      vertex 19 7.5 3
      vertex 4.94034 7.5 3
    endloop
  endfacet
  facet normal 0 1 0
    outer loop
      vertex 19 7.5 11.75
      vertex 4.94034 7.5 8
      vertex 4 7.5 8
    endloop
  endfacet
  facet normal 0 -1 0
    outer loop
      vertex 7.79423 4.5 8
      vertex 19 4.5 11.75
      vertex 4 4.5 8
    endloop
  endfacet
  facet normal 0 -1 0
    outer loop
      vertex 19 4.5 3
      vertex 7.79423 4.5 8
      vertex 7.79423 4.5 3
    endloop
  endfacet
  facet normal 0 -1 0
    outer loop
      vertex 7.79423 4.5 8
      vertex 19 4.5 3
      vertex 19 4.5 11.75
    endloop
  endfacet
  facet normal -0.242505 0.0158541 0.970021
    outer loop
      vertex 2.50257 6.03916 8
      vertex 18.5 6 12
      vertex 18.5128 6.19579 12
    endloop
  endfacet
  facet normal -0.242505 0.0159152 0.97002
    outer loop
      vertex 18.5 6 12
      vertex 2.50257 6.03916 8
      vertex 2.5 6 8
    endloop
  endfacet
  facet normal -0.240818 -0.118787 0.963274
    outer loop
      vertex 18.6142 5.42597 12
      vertex 2.70096 5.25 8
      vertex 18.701 5.25 12
    endloop
  endfacet
  facet normal -0.240819 -0.11876 0.963277
    outer loop
      vertex 2.70096 5.25 8
      vertex 18.6142 5.42597 12
      vertex 2.61418 5.42597 8
    endloop
  endfacet
  facet normal -0.227986 0.341149 0.911943
    outer loop
      vertex 3.25 7.29904 8
      vertex 19 7.19051 11.9781
      vertex 19 7.29904 11.9375
    endloop
  endfacet
  facet normal -0.227978 0.341234 0.911913
    outer loop
      vertex 19 7.19051 11.9781
      vertex 3.25 7.29904 8
      vertex 3.21737 7.27724 8
    endloop
  endfacet
  facet normal -0.0632155 0.965435 0.252862
    outer loop
      vertex 4 7.5 8
      vertex 19 7.48769 11.797
      vertex 19 7.5 11.75
    endloop
  endfacet
  facet normal -0.06335 0.965287 0.253393
    outer loop
      vertex 19 7.48769 11.797
      vertex 4 7.5 8
      vertex 3.96084 7.49743 8
    endloop
  endfacet
  facet normal -0.241717 -0.08209 0.966868
    outer loop
      vertex 18.5511 5.61177 12
      vertex 2.61418 5.42597 8
      vertex 18.6142 5.42597 12
    endloop
  endfacet
  facet normal -0.241718 -0.0820514 0.966871
    outer loop
      vertex 2.61418 5.42597 8
      vertex 18.5511 5.61177 12
      vertex 2.55111 5.61177 8
    endloop
  endfacet
  facet normal -0.242505 0.0158852 0.97002
    outer loop
      vertex 2.51283 6.19579 8
      vertex 2.50257 6.03916 8
      vertex 18.5128 6.19579 12
    endloop
  endfacet
  facet normal -0.197414 0.580935 0.789647
    outer loop
      vertex 3.61177 7.44889 8
      vertex 19 7.38582 11.8935
      vertex 19 7.44889 11.8471
    endloop
  endfacet
  facet normal -0.197343 0.581329 0.789374
    outer loop
      vertex 19 7.38582 11.8935
      vertex 3.61177 7.44889 8
      vertex 3.42598 7.38582 8
    endloop
  endfacet
  facet normal -0.242505 -0.0158541 0.970021
    outer loop
      vertex 18.5 6 12
      vertex 2.50257 5.96084 8
      vertex 18.5128 5.80421 12
    endloop
  endfacet
  facet normal -0.242505 -0.0159152 0.97002
    outer loop
      vertex 2.50257 5.96084 8
      vertex 18.5 6 12
      vertex 2.5 6 8
    endloop
  endfacet
  facet normal -0.237235 -0.207934 0.948938
    outer loop
      vertex 18.81 5.08686 12
      vertex 2.93934 4.93934 8
      vertex 18.9393 4.93934 12
    endloop
  endfacet
  facet normal -0.237229 -0.208041 0.948916
    outer loop
      vertex 2.93934 4.93934 8
      vertex 18.81 5.08686 12
      vertex 2.80997 5.08686 8
    endloop
  endfacet
  facet normal -0.242254 -0.0482141 0.969014
    outer loop
      vertex 18.5128 5.80421 12
      vertex 2.55111 5.61177 8
      vertex 18.5511 5.61177 12
    endloop
  endfacet
  facet normal -0.242254 -0.048189 0.969015
    outer loop
      vertex 2.55111 5.61177 8
      vertex 18.5128 5.80421 12
      vertex 2.51283 5.80421 8
    endloop
  endfacet
  facet normal -0.242505 -0.0158852 0.97002
    outer loop
      vertex 18.5128 5.80421 12
      vertex 2.50257 5.96084 8
      vertex 2.51283 5.80421 8
    endloop
  endfacet
  facet normal 0 0 1
    outer loop
      vertex 18.81 6.91314 12
      vertex 19 7.11386 12
      vertex 18.9393 7.06066 12
    endloop
  endfacet
  facet normal 0 0 1
    outer loop
      vertex 19 7.11386 12
      vertex 18.81 6.91314 12
      vertex 19 4.88614 12
    endloop
  endfacet
  facet normal -0 0 1
    outer loop
      vertex 18.701 6.75 12
      vertex 19 4.88614 12
      vertex 18.81 6.91314 12
    endloop
  endfacet
  facet normal 0 0 1
    outer loop
      vertex 19 4.88614 12
      vertex 18.81 5.08686 12
      vertex 18.9393 4.93934 12
    endloop
  endfacet
  facet normal 0 0 1
    outer loop
      vertex 19 4.88614 12
      vertex 18.701 6.75 12
      vertex 18.81 5.08686 12
    endloop
  endfacet
  facet normal 0 0 1
    outer loop
      vertex 18.701 6.75 12
      vertex 18.701 5.25 12
      vertex 18.81 5.08686 12
    endloop
  endfacet
  facet normal -0 0 1
    outer loop
      vertex 18.6142 6.57402 12
      vertex 18.701 5.25 12
      vertex 18.701 6.75 12
    endloop
  endfacet
  facet normal 0 0 1
    outer loop
      vertex 18.6142 6.57402 12
      vertex 18.6142 5.42597 12
      vertex 18.701 5.25 12
    endloop
  endfacet
  facet normal -0 0 1
    outer loop
      vertex 18.5511 6.38823 12
      vertex 18.6142 5.42597 12
      vertex 18.6142 6.57402 12
    endloop
  endfacet
  facet normal 0 0 1
    outer loop
      vertex 18.5511 6.38823 12
      vertex 18.5511 5.61177 12
      vertex 18.6142 5.42597 12
    endloop
  endfacet
  facet normal -0 0 1
    outer loop
      vertex 18.5128 6.19579 12
      vertex 18.5511 5.61177 12
      vertex 18.5511 6.38823 12
    endloop
  endfacet
  facet normal 0 0 1
    outer loop
      vertex 18.5128 6.19579 12
      vertex 18.5128 5.80421 12
      vertex 18.5511 5.61177 12
    endloop
  endfacet
  facet normal 0 -0 1
    outer loop
      vertex 18.5128 5.80421 12
      vertex 18.5128 6.19579 12
      vertex 18.5 6 12
    endloop
  endfacet
  facet normal -0.153632 0.773786 0.614534
    outer loop
      vertex 3.80421 7.48717 8
      vertex 19 7.44889 11.8471
      vertex 19 7.48717 11.7989
    endloop
  endfacet
  facet normal -0.153806 0.773209 0.615217
    outer loop
      vertex 19 7.44889 11.8471
      vertex 3.80421 7.48717 8
      vertex 3.61177 7.44889 8
    endloop
  endfacet
  facet normal -0.242254 0.0482141 0.969014
    outer loop
      vertex 2.55111 6.38823 8
      vertex 18.5128 6.19579 12
      vertex 18.5511 6.38823 12
    endloop
  endfacet
  facet normal -0.242254 0.048189 0.969015
    outer loop
      vertex 18.5128 6.19579 12
      vertex 2.55111 6.38823 8
      vertex 2.51283 6.19579 8
    endloop
  endfacet
  facet normal -0.239412 -0.15996 0.957651
    outer loop
      vertex 18.701 5.25 12
      vertex 2.80997 5.08686 8
      vertex 18.81 5.08686 12
    endloop
  endfacet
  facet normal -0.239411 -0.159975 0.957648
    outer loop
      vertex 2.80997 5.08686 8
      vertex 18.701 5.25 12
      vertex 2.70096 5.25 8
    endloop
  endfacet
  facet normal -0.227986 -0.341149 0.911943
    outer loop
      vertex 19 4.80949 11.9781
      vertex 3.25 4.70096 8
      vertex 19 4.70096 11.9375
    endloop
  endfacet
  facet normal -0.227978 -0.341234 0.911913
    outer loop
      vertex 3.25 4.70096 8
      vertex 19 4.80949 11.9781
      vertex 3.21737 4.72276 8
    endloop
  endfacet
  facet normal -0.218897 -0.430617 0.875587
    outer loop
      vertex 19 4.61601 11.8944
      vertex 3.42598 4.61418 8
      vertex 19 4.61418 11.8935
    endloop
  endfacet
  facet normal -0.217637 -0.441324 0.870556
    outer loop
      vertex 3.42598 4.61418 8
      vertex 19 4.61601 11.8944
      vertex 3.28519 4.68361 8
    endloop
  endfacet
  facet normal -0.218897 0.430617 0.875587
    outer loop
      vertex 3.42598 7.38582 8
      vertex 19 7.38399 11.8944
      vertex 19 7.38582 11.8935
    endloop
  endfacet
  facet normal -0.217637 0.441324 0.870556
    outer loop
      vertex 19 7.38399 11.8944
      vertex 3.42598 7.38582 8
      vertex 3.28519 7.31639 8
    endloop
  endfacet
  facet normal -0.217604 0.441613 0.870418
    outer loop
      vertex 3.28519 7.31639 8
      vertex 19 7.29904 11.9375
      vertex 19 7.38399 11.8944
    endloop
  endfacet
  facet normal -0.217629 0.441405 0.870517
    outer loop
      vertex 19 7.29904 11.9375
      vertex 3.28519 7.31639 8
      vertex 3.25 7.29904 8
    endloop
  endfacet
  facet normal -0.0658791 0.962434 0.263403
    outer loop
      vertex 3.96084 7.49743 8
      vertex 19 7.48717 11.7989
      vertex 19 7.48769 11.797
    endloop
  endfacet
  facet normal -0.0632388 0.965408 0.252958
    outer loop
      vertex 19 7.48717 11.7989
      vertex 3.96084 7.49743 8
      vertex 3.80421 7.48717 8
    endloop
  endfacet
  facet normal -0.233496 0.266414 0.935149
    outer loop
      vertex 19 7.19003 11.9783
      vertex 18.9393 7.06066 12
      vertex 19 7.11386 12
    endloop
  endfacet
  facet normal -0.233764 0.266523 0.935051
    outer loop
      vertex 3.08686 7.19003 8
      vertex 18.9393 7.06066 12
      vertex 19 7.19003 11.9783
    endloop
  endfacet
  facet normal -0.233761 0.266557 0.935042
    outer loop
      vertex 18.9393 7.06066 12
      vertex 3.08686 7.19003 8
      vertex 2.93934 7.06066 8
    endloop
  endfacet
  facet normal -0.239412 0.15996 0.957651
    outer loop
      vertex 2.80997 6.91314 8
      vertex 18.701 6.75 12
      vertex 18.81 6.91314 12
    endloop
  endfacet
  facet normal -0.239411 0.159975 0.957648
    outer loop
      vertex 18.701 6.75 12
      vertex 2.80997 6.91314 8
      vertex 2.70096 6.75 8
    endloop
  endfacet
  facet normal -0.241717 0.0820944 0.966868
    outer loop
      vertex 2.61418 6.57402 8
      vertex 18.5511 6.38823 12
      vertex 18.6142 6.57402 12
    endloop
  endfacet
  facet normal -0.241718 0.0820558 0.966871
    outer loop
      vertex 18.5511 6.38823 12
      vertex 2.61418 6.57402 8
      vertex 2.55111 6.38823 8
    endloop
  endfacet
  facet normal -0.240818 0.118781 0.963275
    outer loop
      vertex 2.70096 6.75 8
      vertex 18.6142 6.57402 12
      vertex 18.701 6.75 12
    endloop
  endfacet
  facet normal -0.240819 0.118754 0.963278
    outer loop
      vertex 18.6142 6.57402 12
      vertex 2.70096 6.75 8
      vertex 2.61418 6.57402 8
    endloop
  endfacet
  facet normal -0.22466 -0.374784 0.899481
    outer loop
      vertex 19 4.80997 11.9783
      vertex 3.21737 4.72276 8
      vertex 19 4.80949 11.9781
    endloop
  endfacet
  facet normal -0.227984 -0.341179 0.911932
    outer loop
      vertex 3.21737 4.72276 8
      vertex 19 4.80997 11.9783
      vertex 3.08686 4.80997 8
    endloop
  endfacet
  facet normal -0.233496 -0.266414 0.935149
    outer loop
      vertex 18.9393 4.93934 12
      vertex 19 4.80997 11.9783
      vertex 19 4.88614 12
    endloop
  endfacet
  facet normal -0.233764 -0.266523 0.935051
    outer loop
      vertex 18.9393 4.93934 12
      vertex 3.08686 4.80997 8
      vertex 19 4.80997 11.9783
    endloop
  endfacet
  facet normal -0.233761 -0.266557 0.935042
    outer loop
      vertex 3.08686 4.80997 8
      vertex 18.9393 4.93934 12
      vertex 2.93934 4.93934 8
    endloop
  endfacet
  facet normal -0.197414 -0.580935 0.789647
    outer loop
      vertex 19 4.61418 11.8935
      vertex 3.61177 4.55111 8
      vertex 19 4.55111 11.8471
    endloop
  endfacet
  facet normal -0.197343 -0.581329 0.789374
    outer loop
      vertex 3.61177 4.55111 8
      vertex 19 4.61418 11.8935
      vertex 3.42598 4.61418 8
    endloop
  endfacet
  facet normal -0.237235 0.207934 0.948938
    outer loop
      vertex 2.93934 7.06066 8
      vertex 18.81 6.91314 12
      vertex 18.9393 7.06066 12
    endloop
  endfacet
  facet normal -0.237229 0.208041 0.948916
    outer loop
      vertex 18.81 6.91314 12
      vertex 2.93934 7.06066 8
      vertex 2.80997 6.91314 8
    endloop
  endfacet
  facet normal -0.22466 0.374784 0.899481
    outer loop
      vertex 3.21737 7.27724 8
      vertex 19 7.19003 11.9783
      vertex 19 7.19051 11.9781
    endloop
  endfacet
  facet normal -0.227984 0.341179 0.911932
    outer loop
      vertex 19 7.19003 11.9783
      vertex 3.21737 7.27724 8
      vertex 3.08686 7.19003 8
    endloop
  endfacet
  facet normal -0.217604 -0.441613 0.870418
    outer loop
      vertex 19 4.70096 11.9375
      vertex 3.28519 4.68361 8
      vertex 19 4.61601 11.8944
    endloop
  endfacet
  facet normal -0.217629 -0.441405 0.870517
    outer loop
      vertex 3.28519 4.68361 8
      vertex 19 4.70096 11.9375
      vertex 3.25 4.70096 8
    endloop
  endfacet
  facet normal -0.153806 -0.773209 0.615217
    outer loop
      vertex 3.80421 4.51283 8
      vertex 19 4.55111 11.8471
      vertex 3.61177 4.55111 8
    endloop
  endfacet
  facet normal -0.153632 -0.773786 0.614534
    outer loop
      vertex 19 4.55111 11.8471
      vertex 3.80421 4.51283 8
      vertex 19 4.51283 11.7989
    endloop
  endfacet
  facet normal -0.0632388 -0.965408 0.252958
    outer loop
      vertex 3.96084 4.50257 8
      vertex 19 4.51283 11.7989
      vertex 3.80421 4.51283 8
    endloop
  endfacet
  facet normal -0.0658791 -0.962434 0.263403
    outer loop
      vertex 19 4.51283 11.7989
      vertex 3.96084 4.50257 8
      vertex 19 4.51231 11.797
    endloop
  endfacet
  facet normal -0.06335 -0.965287 0.253393
    outer loop
      vertex 4 4.5 8
      vertex 19 4.51231 11.797
      vertex 3.96084 4.50257 8
    endloop
  endfacet
  facet normal -0.0632155 -0.965435 0.252862
    outer loop
      vertex 19 4.51231 11.797
      vertex 4 4.5 8
      vertex 19 4.5 11.75
    endloop
  endfacet
  facet normal -0.980785 0.19509 0
    outer loop
      vertex -8.923 1.17474 0
      vertex -8.69333 2.32937 8
      vertex -8.69333 2.32937 0
    endloop
  endfacet
  facet normal -0.980785 0.19509 0
    outer loop
      vertex -8.69333 2.32937 8
      vertex -8.923 1.17474 0
      vertex -8.923 1.17474 8
    endloop
  endfacet
  facet normal -0.997859 0.0654061 0
    outer loop
      vertex -9 0 0
      vertex -8.923 1.17474 8
      vertex -8.923 1.17474 0
    endloop
  endfacet
  facet normal -0.997859 0.0654061 0
    outer loop
      vertex -8.923 1.17474 8
      vertex -9 0 0
      vertex -9 0 8
    endloop
  endfacet
  facet normal -0.997859 -0.0654061 0
    outer loop
      vertex -8.923 -1.17474 0
      vertex -9 0 8
      vertex -9 0 0
    endloop
  endfacet
  facet normal -0.997859 -0.0654061 0
    outer loop
      vertex -9 0 8
      vertex -8.923 -1.17474 0
      vertex -8.923 -1.17474 8
    endloop
  endfacet
  facet normal 0 0 1
    outer loop
      vertex 19 -7.5 3
      vertex 4.94034 -7.5 3
      vertex 19 -8 3
    endloop
  endfacet
  facet normal -0 0 1
    outer loop
      vertex 4.5 -7.79423 3
      vertex 19 -8 3
      vertex 4.94034 -7.5 3
    endloop
  endfacet
  facet normal 0 0 1
    outer loop
      vertex 3.44415 -8.31492 3
      vertex 19 -8 3
      vertex 4.5 -7.79423 3
    endloop
  endfacet
  facet normal 0 0 1
    outer loop
      vertex 2.32937 -8.69333 3
      vertex 19 -8 3
      vertex 3.44415 -8.31492 3
    endloop
  endfacet
  facet normal 0 0 1
    outer loop
      vertex 1.17474 -8.923 3
      vertex 19 -8 3
      vertex 2.32937 -8.69333 3
    endloop
  endfacet
  facet normal -0 0 1
    outer loop
      vertex 19 -8 3
      vertex 1.17474 -8.923 3
      vertex 26 -8 3
    endloop
  endfacet
  facet normal 0 0 1
    outer loop
      vertex 26 -8 3
      vertex 1.17474 -8.923 3
      vertex 0 -9 3
    endloop
  endfacet
  facet normal 0 0 1
    outer loop
      vertex 19 8 3
      vertex 4.94034 7.5 3
      vertex 19 7.5 3
    endloop
  endfacet
  facet normal 0 0 1
    outer loop
      vertex 19 8 3
      vertex 4.5 7.79423 3
      vertex 4.94034 7.5 3
    endloop
  endfacet
  facet normal 0 0 1
    outer loop
      vertex 19 8 3
      vertex 3.44415 8.31492 3
      vertex 4.5 7.79423 3
    endloop
  endfacet
  facet normal 0 0 1
    outer loop
      vertex 1.17474 8.923 3
      vertex 19 8 3
      vertex 26 8 3
    endloop
  endfacet
  facet normal 0 0 1
    outer loop
      vertex 19 8 3
      vertex 2.32937 8.69333 3
      vertex 3.44415 8.31492 3
    endloop
  endfacet
  facet normal 0 0 1
    outer loop
      vertex 19 8 3
      vertex 1.17474 8.923 3
      vertex 2.32937 8.69333 3
    endloop
  endfacet
  facet normal -0 -0 1
    outer loop
      vertex 1.17474 8.923 3
      vertex 26 8 3
      vertex 0 9 3
    endloop
  endfacet
  facet normal 0 0 1
    outer loop
      vertex 19 4.5 3
      vertex 9 0 3
      vertex 19 -4.5 3
    endloop
  endfacet
  facet normal 0 0 1
    outer loop
      vertex 19 4.5 3
      vertex 8.923 1.17474 3
      vertex 9 0 3
    endloop
  endfacet
  facet normal 0 0 1
    outer loop
      vertex 19 4.5 3
      vertex 8.69333 2.32937 3
      vertex 8.923 1.17474 3
    endloop
  endfacet
  facet normal 0 0 1
    outer loop
      vertex 19 4.5 3
      vertex 8.31492 3.44415 3
      vertex 8.69333 2.32937 3
    endloop
  endfacet
  facet normal 0 -0 1
    outer loop
      vertex 8.31492 3.44415 3
      vertex 19 4.5 3
      vertex 7.79423 4.5 3
    endloop
  endfacet
  facet normal -0 0 1
    outer loop
      vertex 8.923 -1.17474 3
      vertex 19 -4.5 3
      vertex 9 0 3
    endloop
  endfacet
  facet normal -0 0 1
    outer loop
      vertex 8.69333 -2.32937 3
      vertex 19 -4.5 3
      vertex 8.923 -1.17474 3
    endloop
  endfacet
  facet normal -0 0 1
    outer loop
      vertex 8.31492 -3.44415 3
      vertex 19 -4.5 3
      vertex 8.69333 -2.32937 3
    endloop
  endfacet
  facet normal 0 0 1
    outer loop
      vertex 19 -4.5 3
      vertex 8.31492 -3.44415 3
      vertex 7.79423 -4.5 3
    endloop
  endfacet
  facet normal 1 0 0
    outer loop
      vertex 26 -8 3
      vertex 26 8 3
      vertex 26 8 36
    endloop
  endfacet
  facet normal 1 0 0
    outer loop
      vertex 26 -8 3
      vertex 26 8 36
      vertex 26 -8 36
    endloop
  endfacet
  facet normal 1 0 0
    outer loop
      vertex 26 8 3
      vertex 26 -8 3
      vertex 26 8 0
    endloop
  endfacet
  facet normal 1 0 0
    outer loop
      vertex 26 8 0
      vertex 26 -8 3
      vertex 26 -8 0
    endloop
  endfacet
  facet normal -0.0654061 0.997859 0
    outer loop
      vertex 0 9 3
      vertex -1.17474 8.923 8
      vertex 0 9 8
    endloop
  endfacet
  facet normal -0.0654061 0.997859 0
    outer loop
      vertex -1.17474 8.923 0
      vertex 0 9 3
      vertex 0 9 0
    endloop
  endfacet
  facet normal -0.0654061 0.997859 0
    outer loop
      vertex 0 9 3
      vertex -1.17474 8.923 0
      vertex -1.17474 8.923 8
    endloop
  endfacet
  facet normal 0.0384331 0.999261 -0
    outer loop
      vertex 26 8 0
      vertex 0 9 3
      vertex 26 8 3
    endloop
  endfacet
  facet normal 0.0384331 0.999261 0
    outer loop
      vertex 0 9 3
      vertex 26 8 0
      vertex 0 9 0
    endloop
  endfacet
  facet normal -0.44229 0.896872 0
    outer loop
      vertex -3.44415 8.31492 0
      vertex -4.5 7.79423 8
      vertex -3.44415 8.31492 8
    endloop
  endfacet
  facet normal -0.44229 0.896872 0
    outer loop
      vertex -4.5 7.79423 8
      vertex -3.44415 8.31492 0
      vertex -4.5 7.79423 0
    endloop
  endfacet
  facet normal 0.0384331 -0.999261 0
    outer loop
      vertex 0 -9 0
      vertex 26 -8 3
      vertex 0 -9 3
    endloop
  endfacet
  facet normal 0.0384331 -0.999261 0
    outer loop
      vertex 26 -8 3
      vertex 0 -9 0
      vertex 26 -8 0
    endloop
  endfacet
  facet normal -0.555572 0.831468 0
    outer loop
      vertex -4.5 7.79423 0
      vertex -5.47885 7.14018 8
      vertex -4.5 7.79423 8
    endloop
  endfacet
  facet normal -0.555572 0.831468 0
    outer loop
      vertex -5.47885 7.14018 8
      vertex -4.5 7.79423 0
      vertex -5.47885 7.14018 0
    endloop
  endfacet
  facet normal -0.831468 0.555572 0
    outer loop
      vertex -7.79423 4.5 0
      vertex -7.14018 5.47885 8
      vertex -7.14018 5.47885 0
    endloop
  endfacet
  facet normal -0.831468 0.555572 0
    outer loop
      vertex -7.14018 5.47885 8
      vertex -7.79423 4.5 0
      vertex -7.79423 4.5 8
    endloop
  endfacet
  facet normal -0.75184 0.659346 0
    outer loop
      vertex -7.14018 5.47885 0
      vertex -6.36396 6.36396 8
      vertex -6.36396 6.36396 0
    endloop
  endfacet
  facet normal -0.75184 0.659346 0
    outer loop
      vertex -6.36396 6.36396 8
      vertex -7.14018 5.47885 0
      vertex -7.14018 5.47885 8
    endloop
  endfacet
  facet normal -0.946932 0.321434 0
    outer loop
      vertex -8.69333 2.32937 0
      vertex -8.31492 3.44415 8
      vertex -8.31492 3.44415 0
    endloop
  endfacet
  facet normal -0.946932 0.321434 0
    outer loop
      vertex -8.31492 3.44415 8
      vertex -8.69333 2.32937 0
      vertex -8.69333 2.32937 8
    endloop
  endfacet
  facet normal -0.659346 0.75184 0
    outer loop
      vertex -5.47885 7.14018 0
      vertex -6.36396 6.36396 8
      vertex -5.47885 7.14018 8
    endloop
  endfacet
  facet normal -0.659346 0.75184 0
    outer loop
      vertex -6.36396 6.36396 8
      vertex -5.47885 7.14018 0
      vertex -6.36396 6.36396 0
    endloop
  endfacet
  facet normal -0.321434 0.946932 0
    outer loop
      vertex -2.32937 8.69333 0
      vertex -3.44415 8.31492 8
      vertex -2.32937 8.69333 8
    endloop
  endfacet
  facet normal -0.321434 0.946932 0
    outer loop
      vertex -3.44415 8.31492 8
      vertex -2.32937 8.69333 0
      vertex -3.44415 8.31492 0
    endloop
  endfacet
  facet normal -0.19509 0.980785 0
    outer loop
      vertex -1.17474 8.923 0
      vertex -2.32937 8.69333 8
      vertex -1.17474 8.923 8
    endloop
  endfacet
  facet normal -0.19509 0.980785 0
    outer loop
      vertex -2.32937 8.69333 8
      vertex -1.17474 8.923 0
      vertex -2.32937 8.69333 0
    endloop
  endfacet
  facet normal -0.0654061 -0.997859 0
    outer loop
      vertex -1.17474 -8.923 8
      vertex 0 -9 3
      vertex 0 -9 8
    endloop
  endfacet
  facet normal -0.0654061 -0.997859 0
    outer loop
      vertex -1.17474 -8.923 0
      vertex 0 -9 3
      vertex -1.17474 -8.923 8
    endloop
  endfacet
  facet normal -0.0654061 -0.997859 -0
    outer loop
      vertex 0 -9 3
      vertex -1.17474 -8.923 0
      vertex 0 -9 0
    endloop
  endfacet
  facet normal -0.44229 -0.896872 0
    outer loop
      vertex -4.5 -7.79423 0
      vertex -3.44415 -8.31492 8
      vertex -4.5 -7.79423 8
    endloop
  endfacet
  facet normal -0.44229 -0.896872 -0
    outer loop
      vertex -3.44415 -8.31492 8
      vertex -4.5 -7.79423 0
      vertex -3.44415 -8.31492 0
    endloop
  endfacet
  facet normal -0.75184 -0.659346 0
    outer loop
      vertex -6.36396 -6.36396 0
      vertex -7.14018 -5.47885 8
      vertex -7.14018 -5.47885 0
    endloop
  endfacet
  facet normal -0.75184 -0.659346 0
    outer loop
      vertex -7.14018 -5.47885 8
      vertex -6.36396 -6.36396 0
      vertex -6.36396 -6.36396 8
    endloop
  endfacet
  facet normal -0.831468 -0.555572 0
    outer loop
      vertex -7.14018 -5.47885 0
      vertex -7.79423 -4.5 8
      vertex -7.79423 -4.5 0
    endloop
  endfacet
  facet normal -0.831468 -0.555572 0
    outer loop
      vertex -7.79423 -4.5 8
      vertex -7.14018 -5.47885 0
      vertex -7.14018 -5.47885 8
    endloop
  endfacet
  facet normal -0.896872 -0.44229 0
    outer loop
      vertex -7.79423 -4.5 0
      vertex -8.31492 -3.44415 8
      vertex -8.31492 -3.44415 0
    endloop
  endfacet
  facet normal -0.896872 -0.44229 0
    outer loop
      vertex -8.31492 -3.44415 8
      vertex -7.79423 -4.5 0
      vertex -7.79423 -4.5 8
    endloop
  endfacet
  facet normal -0.896872 0.44229 0
    outer loop
      vertex -8.31492 3.44415 0
      vertex -7.79423 4.5 8
      vertex -7.79423 4.5 0
    endloop
  endfacet
  facet normal -0.896872 0.44229 0
    outer loop
      vertex -7.79423 4.5 8
      vertex -8.31492 3.44415 0
      vertex -8.31492 3.44415 8
    endloop
  endfacet
  facet normal -0.321434 -0.946932 0
    outer loop
      vertex -3.44415 -8.31492 0
      vertex -2.32937 -8.69333 8
      vertex -3.44415 -8.31492 8
    endloop
  endfacet
  facet normal -0.321434 -0.946932 -0
    outer loop
      vertex -2.32937 -8.69333 8
      vertex -3.44415 -8.31492 0
      vertex -2.32937 -8.69333 0
    endloop
  endfacet
  facet normal -0.19509 -0.980785 0
    outer loop
      vertex -2.32937 -8.69333 0
      vertex -1.17474 -8.923 8
      vertex -2.32937 -8.69333 8
    endloop
  endfacet
  facet normal -0.19509 -0.980785 -0
    outer loop
      vertex -1.17474 -8.923 8
      vertex -2.32937 -8.69333 0
      vertex -1.17474 -8.923 0
    endloop
  endfacet
  facet normal -0.946932 -0.321434 0
    outer loop
      vertex -8.31492 -3.44415 0
      vertex -8.69333 -2.32937 8
      vertex -8.69333 -2.32937 0
    endloop
  endfacet
  facet normal -0.946932 -0.321434 0
    outer loop
      vertex -8.69333 -2.32937 8
      vertex -8.31492 -3.44415 0
      vertex -8.31492 -3.44415 8
    endloop
  endfacet
  facet normal -0.980785 -0.19509 0
    outer loop
      vertex -8.69333 -2.32937 0
      vertex -8.923 -1.17474 8
      vertex -8.923 -1.17474 0
    endloop
  endfacet
  facet normal -0.980785 -0.19509 0
    outer loop
      vertex -8.923 -1.17474 8
      vertex -8.69333 -2.32937 0
      vertex -8.69333 -2.32937 8
    endloop
  endfacet
  facet normal -0.555572 -0.831468 0
    outer loop
      vertex -5.47885 -7.14018 0
      vertex -4.5 -7.79423 8
      vertex -5.47885 -7.14018 8
    endloop
  endfacet
  facet normal -0.555572 -0.831468 -0
    outer loop
      vertex -4.5 -7.79423 8
      vertex -5.47885 -7.14018 0
      vertex -4.5 -7.79423 0
    endloop
  endfacet
  facet normal -0.659346 -0.75184 0
    outer loop
      vertex -6.36396 -6.36396 0
      vertex -5.47885 -7.14018 8
      vertex -6.36396 -6.36396 8
    endloop
  endfacet
  facet normal -0.659346 -0.75184 -0
    outer loop
      vertex -5.47885 -7.14018 8
      vertex -6.36396 -6.36396 0
      vertex -5.47885 -7.14018 0
    endloop
  endfacet
  facet normal 0.997859 0.0654061 0
    outer loop
      vertex 9 0 8
      vertex 8.923 1.17474 3
      vertex 8.923 1.17474 8
    endloop
  endfacet
  facet normal 0.997859 0.0654061 0
    outer loop
      vertex 8.923 1.17474 3
      vertex 9 0 8
      vertex 9 0 3
    endloop
  endfacet
  facet normal 0.0654061 0.997859 -0
    outer loop
      vertex 1.17474 8.923 3
      vertex 0 9 8
      vertex 1.17474 8.923 8
    endloop
  endfacet
  facet normal 0.0654061 0.997859 0
    outer loop
      vertex 0 9 8
      vertex 1.17474 8.923 3
      vertex 0 9 3
    endloop
  endfacet
  facet normal 0.896872 0.44229 0
    outer loop
      vertex 8.31492 3.44415 8
      vertex 7.79423 4.5 3
      vertex 7.79423 4.5 8
    endloop
  endfacet
  facet normal 0.896872 0.44229 0
    outer loop
      vertex 7.79423 4.5 3
      vertex 8.31492 3.44415 8
      vertex 8.31492 3.44415 3
    endloop
  endfacet
  facet normal 0.44229 0.896872 -0
    outer loop
      vertex 4.5 7.79423 3
      vertex 3.44415 8.31492 8
      vertex 4.5 7.79423 8
    endloop
  endfacet
  facet normal 0.44229 0.896872 0
    outer loop
      vertex 3.44415 8.31492 8
      vertex 4.5 7.79423 3
      vertex 3.44415 8.31492 3
    endloop
  endfacet
  facet normal 0.555576 0.831466 -0
    outer loop
      vertex 4.94034 7.5 3
      vertex 4.5 7.79423 8
      vertex 4.94034 7.5 8
    endloop
  endfacet
  facet normal 0.555576 0.831466 0
    outer loop
      vertex 4.5 7.79423 8
      vertex 4.94034 7.5 3
      vertex 4.5 7.79423 3
    endloop
  endfacet
  facet normal 0 0 1
    outer loop
      vertex 4.5 7.79423 8
      vertex 4 7.5 8
      vertex 4.94034 7.5 8
    endloop
  endfacet
  facet normal 0 0 1
    outer loop
      vertex 3.44415 8.31492 8
      vertex 4 7.5 8
      vertex 4.5 7.79423 8
    endloop
  endfacet
  facet normal 0 0 1
    outer loop
      vertex 4 7.5 8
      vertex 3.44415 8.31492 8
      vertex 3.96084 7.49743 8
    endloop
  endfacet
  facet normal 0 0 1
    outer loop
      vertex 3.96084 7.49743 8
      vertex 3.44415 8.31492 8
      vertex 3.80421 7.48717 8
    endloop
  endfacet
  facet normal 0 0 1
    outer loop
      vertex 3.80421 7.48717 8
      vertex 3.44415 8.31492 8
      vertex 3.61177 7.44889 8
    endloop
  endfacet
  facet normal 0 0 1
    outer loop
      vertex 3.44415 8.31492 8
      vertex 3.42598 7.38582 8
      vertex 3.61177 7.44889 8
    endloop
  endfacet
  facet normal 0 0 1
    outer loop
      vertex 3.44415 8.31492 8
      vertex 3.28519 7.31639 8
      vertex 3.42598 7.38582 8
    endloop
  endfacet
  facet normal 0 0 1
    outer loop
      vertex 3.44415 8.31492 8
      vertex 3.25 7.29904 8
      vertex 3.28519 7.31639 8
    endloop
  endfacet
  facet normal 0 0 1
    outer loop
      vertex 3.44415 8.31492 8
      vertex 3.21737 7.27724 8
      vertex 3.25 7.29904 8
    endloop
  endfacet
  facet normal 0 0 1
    outer loop
      vertex 2.32937 8.69333 8
      vertex 3.21737 7.27724 8
      vertex 3.44415 8.31492 8
    endloop
  endfacet
  facet normal 0 0 1
    outer loop
      vertex 3.21737 7.27724 8
      vertex 2.32937 8.69333 8
      vertex 3.08686 7.19003 8
    endloop
  endfacet
  facet normal 0 0 1
    outer loop
      vertex 3.08686 7.19003 8
      vertex 2.32937 8.69333 8
      vertex 2.93934 7.06066 8
    endloop
  endfacet
  facet normal 0 0 1
    outer loop
      vertex 2.93934 7.06066 8
      vertex 2.32937 8.69333 8
      vertex 2.80997 6.91314 8
    endloop
  endfacet
  facet normal 0 0 1
    outer loop
      vertex 2.80997 6.91314 8
      vertex 2.32937 8.69333 8
      vertex 2.70096 6.75 8
    endloop
  endfacet
  facet normal 0 0 1
    outer loop
      vertex 2.55111 6.38823 8
      vertex 0 9 8
      vertex 2.51283 6.19579 8
    endloop
  endfacet
  facet normal 0 0 1
    outer loop
      vertex 0 9 8
      vertex 2.55111 6.38823 8
      vertex 1.17474 8.923 8
    endloop
  endfacet
  facet normal 0 0 1
    outer loop
      vertex 2.61418 6.57402 8
      vertex 1.17474 8.923 8
      vertex 2.55111 6.38823 8
    endloop
  endfacet
  facet normal 0 0 1
    outer loop
      vertex 2.70096 6.75 8
      vertex 1.17474 8.923 8
      vertex 2.61418 6.57402 8
    endloop
  endfacet
  facet normal 0 0 1
    outer loop
      vertex 1.17474 8.923 8
      vertex 2.70096 6.75 8
      vertex 2.32937 8.69333 8
    endloop
  endfacet
  facet normal 0 0 1
    outer loop
      vertex 3.75 0 8
      vertex 9 0 8
      vertex 8.923 1.17474 8
    endloop
  endfacet
  facet normal 0 0 1
    outer loop
      vertex 3.71792 0.489472 8
      vertex 8.923 1.17474 8
      vertex 8.69333 2.32937 8
    endloop
  endfacet
  facet normal 0 0 1
    outer loop
      vertex 9 0 8
      vertex 3.75 0 8
      vertex 8.923 -1.17474 8
    endloop
  endfacet
  facet normal 0 0 1
    outer loop
      vertex 3.62222 0.970571 8
      vertex 8.69333 2.32937 8
      vertex 8.31492 3.44415 8
    endloop
  endfacet
  facet normal -0 0 1
    outer loop
      vertex 3.71792 -0.489472 8
      vertex 8.923 -1.17474 8
      vertex 3.75 0 8
    endloop
  endfacet
  facet normal -0 0 1
    outer loop
      vertex 4 4.5 8
      vertex 8.31492 3.44415 8
      vertex 7.79423 4.5 8
    endloop
  endfacet
  facet normal 0 0 1
    outer loop
      vertex 8.923 -1.17474 8
      vertex 3.71792 -0.489472 8
      vertex 8.69333 -2.32937 8
    endloop
  endfacet
  facet normal 0 0 1
    outer loop
      vertex 8.31492 3.44415 8
      vertex 4 4.5 8
      vertex 3.46455 1.43506 8
    endloop
  endfacet
  facet normal 0 0 1
    outer loop
      vertex 8.923 1.17474 8
      vertex 3.71792 0.489472 8
      vertex 3.75 0 8
    endloop
  endfacet
  facet normal 0 0 1
    outer loop
      vertex 2.97507 2.28286 8
      vertex 4 4.5 8
      vertex 3.96084 4.50257 8
    endloop
  endfacet
  facet normal 0 0 1
    outer loop
      vertex 8.69333 -2.32937 8
      vertex 3.62222 -0.970571 8
      vertex 8.31492 -3.44415 8
    endloop
  endfacet
  facet normal 0 0 1
    outer loop
      vertex 2.97507 2.28286 8
      vertex 3.96084 4.50257 8
      vertex 3.80421 4.51283 8
    endloop
  endfacet
  facet normal -0 0 1
    outer loop
      vertex 3.46455 -1.43506 8
      vertex 8.31492 -3.44415 8
      vertex 3.62222 -0.970571 8
    endloop
  endfacet
  facet normal 0 -0 1
    outer loop
      vertex 4 -4.5 8
      vertex 8.31492 -3.44415 8
      vertex 3.46455 -1.43506 8
    endloop
  endfacet
  facet normal -0 0 1
    outer loop
      vertex 3.62222 -0.970571 8
      vertex 8.69333 -2.32937 8
      vertex 3.71792 -0.489472 8
    endloop
  endfacet
  facet normal 0 0 1
    outer loop
      vertex 8.69333 2.32937 8
      vertex 3.62222 0.970571 8
      vertex 3.71792 0.489472 8
    endloop
  endfacet
  facet normal 0 0 1
    outer loop
      vertex 2.65165 2.65165 8
      vertex 3.80421 4.51283 8
      vertex 3.61177 4.55111 8
    endloop
  endfacet
  facet normal 0 0 1
    outer loop
      vertex 8.31492 3.44415 8
      vertex 3.46455 1.43506 8
      vertex 3.62222 0.970571 8
    endloop
  endfacet
  facet normal 0 0 1
    outer loop
      vertex 2.65165 2.65165 8
      vertex 3.61177 4.55111 8
      vertex 3.42598 4.61418 8
    endloop
  endfacet
  facet normal 0 0 1
    outer loop
      vertex 2.28286 2.97507 8
      vertex 3.42598 4.61418 8
      vertex 3.28519 4.68361 8
    endloop
  endfacet
  facet normal 0 0 1
    outer loop
      vertex 2.28286 2.97507 8
      vertex 3.28519 4.68361 8
      vertex 3.25 4.70096 8
    endloop
  endfacet
  facet normal 0 0 1
    outer loop
      vertex 4 4.5 8
      vertex 3.24759 1.875 8
      vertex 3.46455 1.43506 8
    endloop
  endfacet
  facet normal 0 0 1
    outer loop
      vertex 2.28286 2.97507 8
      vertex 3.25 4.70096 8
      vertex 3.21737 4.72276 8
    endloop
  endfacet
  facet normal 0 0 1
    outer loop
      vertex 1.875 3.24759 8
      vertex 3.21737 4.72276 8
      vertex 3.08686 4.80997 8
    endloop
  endfacet
  facet normal 0 0 1
    outer loop
      vertex 4 4.5 8
      vertex 2.97507 2.28286 8
      vertex 3.24759 1.875 8
    endloop
  endfacet
  facet normal 0 0 1
    outer loop
      vertex 1.875 3.24759 8
      vertex 3.08686 4.80997 8
      vertex 2.93934 4.93934 8
    endloop
  endfacet
  facet normal 0 0 1
    outer loop
      vertex 1.43506 3.46455 8
      vertex 2.93934 4.93934 8
      vertex 2.80997 5.08686 8
    endloop
  endfacet
  facet normal 0 0 1
    outer loop
      vertex 1.43506 3.46455 8
      vertex 2.80997 5.08686 8
      vertex 2.70096 5.25 8
    endloop
  endfacet
  facet normal 0 0 1
    outer loop
      vertex 3.80421 4.51283 8
      vertex 2.65165 2.65165 8
      vertex 2.97507 2.28286 8
    endloop
  endfacet
  facet normal 0 0 1
    outer loop
      vertex 0.970571 3.62222 8
      vertex 2.70096 5.25 8
      vertex 2.61418 5.42597 8
    endloop
  endfacet
  facet normal 0 0 1
    outer loop
      vertex 0.970571 3.62222 8
      vertex 2.61418 5.42597 8
      vertex 2.55111 5.61177 8
    endloop
  endfacet
  facet normal 0 0 1
    outer loop
      vertex 0.489472 3.71792 8
      vertex 2.55111 5.61177 8
      vertex 2.51283 5.80421 8
    endloop
  endfacet
  facet normal 0 0 1
    outer loop
      vertex 0.489472 3.71792 8
      vertex 2.51283 5.80421 8
      vertex 2.50257 5.96084 8
    endloop
  endfacet
  facet normal 0 0 1
    outer loop
      vertex 0.489472 3.71792 8
      vertex 2.50257 5.96084 8
      vertex 2.5 6 8
    endloop
  endfacet
  facet normal 0 0 1
    outer loop
      vertex 0 3.75 8
      vertex 2.51283 6.19579 8
      vertex 0 9 8
    endloop
  endfacet
  facet normal 0 0 1
    outer loop
      vertex 3.42598 4.61418 8
      vertex 2.28286 2.97507 8
      vertex 2.65165 2.65165 8
    endloop
  endfacet
  facet normal 0 0 1
    outer loop
      vertex 3.21737 4.72276 8
      vertex 1.875 3.24759 8
      vertex 2.28286 2.97507 8
    endloop
  endfacet
  facet normal 0 0 1
    outer loop
      vertex 2.93934 4.93934 8
      vertex 1.43506 3.46455 8
      vertex 1.875 3.24759 8
    endloop
  endfacet
  facet normal 0 0 1
    outer loop
      vertex 2.51283 6.19579 8
      vertex 0 3.75 8
      vertex 2.50257 6.03916 8
    endloop
  endfacet
  facet normal 0 0 1
    outer loop
      vertex 2.70096 5.25 8
      vertex 0.970571 3.62222 8
      vertex 1.43506 3.46455 8
    endloop
  endfacet
  facet normal 0 0 1
    outer loop
      vertex 2.55111 5.61177 8
      vertex 0.489472 3.71792 8
      vertex 0.970571 3.62222 8
    endloop
  endfacet
  facet normal 0 0 1
    outer loop
      vertex 2.50257 6.03916 8
      vertex 0 3.75 8
      vertex 2.5 6 8
    endloop
  endfacet
  facet normal 0 0 1
    outer loop
      vertex 2.5 6 8
      vertex 0 3.75 8
      vertex 0.489472 3.71792 8
    endloop
  endfacet
  facet normal 0 0 1
    outer loop
      vertex 0 9 8
      vertex -0.489472 3.71792 8
      vertex 0 3.75 8
    endloop
  endfacet
  facet normal -0 0 1
    outer loop
      vertex -1.17474 8.923 8
      vertex -0.489472 3.71792 8
      vertex 0 9 8
    endloop
  endfacet
  facet normal 0 0 1
    outer loop
      vertex -0.489472 3.71792 8
      vertex -1.17474 8.923 8
      vertex -0.970571 3.62222 8
    endloop
  endfacet
  facet normal -0 0 1
    outer loop
      vertex -2.32937 8.69333 8
      vertex -0.970571 3.62222 8
      vertex -1.17474 8.923 8
    endloop
  endfacet
  facet normal 0 0 1
    outer loop
      vertex -0.970571 3.62222 8
      vertex -2.32937 8.69333 8
      vertex -1.43506 3.46455 8
    endloop
  endfacet
  facet normal -0 0 1
    outer loop
      vertex -3.44415 8.31492 8
      vertex -1.43506 3.46455 8
      vertex -2.32937 8.69333 8
    endloop
  endfacet
  facet normal 0 0 1
    outer loop
      vertex -1.43506 3.46455 8
      vertex -3.44415 8.31492 8
      vertex -1.875 3.24759 8
    endloop
  endfacet
  facet normal -0 0 1
    outer loop
      vertex -4.5 7.79423 8
      vertex -1.875 3.24759 8
      vertex -3.44415 8.31492 8
    endloop
  endfacet
  facet normal 0 0 1
    outer loop
      vertex -1.875 3.24759 8
      vertex -4.5 7.79423 8
      vertex -2.28286 2.97507 8
    endloop
  endfacet
  facet normal -0 0 1
    outer loop
      vertex -5.47885 7.14018 8
      vertex -2.28286 2.97507 8
      vertex -4.5 7.79423 8
    endloop
  endfacet
  facet normal 0 0 1
    outer loop
      vertex -2.28286 2.97507 8
      vertex -5.47885 7.14018 8
      vertex -2.65165 2.65165 8
    endloop
  endfacet
  facet normal -0 0 1
    outer loop
      vertex -6.36396 6.36396 8
      vertex -2.65165 2.65165 8
      vertex -5.47885 7.14018 8
    endloop
  endfacet
  facet normal 0 0 1
    outer loop
      vertex -2.65165 2.65165 8
      vertex -6.36396 6.36396 8
      vertex -2.97507 2.28286 8
    endloop
  endfacet
  facet normal -0 0 1
    outer loop
      vertex -7.14018 5.47885 8
      vertex -2.97507 2.28286 8
      vertex -6.36396 6.36396 8
    endloop
  endfacet
  facet normal 0 0 1
    outer loop
      vertex -2.97507 2.28286 8
      vertex -7.14018 5.47885 8
      vertex -3.24759 1.875 8
    endloop
  endfacet
  facet normal -0 0 1
    outer loop
      vertex -7.79423 4.5 8
      vertex -3.24759 1.875 8
      vertex -7.14018 5.47885 8
    endloop
  endfacet
  facet normal 0 0 1
    outer loop
      vertex 8.31492 -3.44415 8
      vertex 4 -4.5 8
      vertex 7.79423 -4.5 8
    endloop
  endfacet
  facet normal -0 0 1
    outer loop
      vertex 3.24759 -1.875 8
      vertex 4 -4.5 8
      vertex 3.46455 -1.43506 8
    endloop
  endfacet
  facet normal -0 0 1
    outer loop
      vertex 2.97507 -2.28286 8
      vertex 4 -4.5 8
      vertex 3.24759 -1.875 8
    endloop
  endfacet
  facet normal 0 0 1
    outer loop
      vertex 4 -4.5 8
      vertex 2.97507 -2.28286 8
      vertex 3.96084 -4.50257 8
    endloop
  endfacet
  facet normal 0 0 1
    outer loop
      vertex 3.96084 -4.50257 8
      vertex 2.97507 -2.28286 8
      vertex 3.80421 -4.51283 8
    endloop
  endfacet
  facet normal -0 0 1
    outer loop
      vertex 2.65165 -2.65165 8
      vertex 3.80421 -4.51283 8
      vertex 2.97507 -2.28286 8
    endloop
  endfacet
  facet normal 0 0 1
    outer loop
      vertex 3.80421 -4.51283 8
      vertex 2.65165 -2.65165 8
      vertex 3.61177 -4.55111 8
    endloop
  endfacet
  facet normal 0 0 1
    outer loop
      vertex 3.61177 -4.55111 8
      vertex 2.65165 -2.65165 8
      vertex 3.42598 -4.61418 8
    endloop
  endfacet
  facet normal -0 0 1
    outer loop
      vertex 2.28286 -2.97507 8
      vertex 3.42598 -4.61418 8
      vertex 2.65165 -2.65165 8
    endloop
  endfacet
  facet normal 0 0 1
    outer loop
      vertex 3.42598 -4.61418 8
      vertex 2.28286 -2.97507 8
      vertex 3.28519 -4.68361 8
    endloop
  endfacet
  facet normal 0 0 1
    outer loop
      vertex 3.28519 -4.68361 8
      vertex 2.28286 -2.97507 8
      vertex 3.25 -4.70096 8
    endloop
  endfacet
  facet normal 0 0 1
    outer loop
      vertex 3.25 -4.70096 8
      vertex 2.28286 -2.97507 8
      vertex 3.21737 -4.72276 8
    endloop
  endfacet
  facet normal -0 0 1
    outer loop
      vertex 1.875 -3.24759 8
      vertex 3.21737 -4.72276 8
      vertex 2.28286 -2.97507 8
    endloop
  endfacet
  facet normal 0 0 1
    outer loop
      vertex 3.21737 -4.72276 8
      vertex 1.875 -3.24759 8
      vertex 3.08686 -4.80997 8
    endloop
  endfacet
  facet normal 0 0 1
    outer loop
      vertex 3.08686 -4.80997 8
      vertex 1.875 -3.24759 8
      vertex 2.93934 -4.93934 8
    endloop
  endfacet
  facet normal -0 0 1
    outer loop
      vertex 1.43506 -3.46455 8
      vertex 2.93934 -4.93934 8
      vertex 1.875 -3.24759 8
    endloop
  endfacet
  facet normal 0 0 1
    outer loop
      vertex 2.93934 -4.93934 8
      vertex 1.43506 -3.46455 8
      vertex 2.80997 -5.08686 8
    endloop
  endfacet
  facet normal 0 0 1
    outer loop
      vertex 2.80997 -5.08686 8
      vertex 1.43506 -3.46455 8
      vertex 2.70096 -5.25 8
    endloop
  endfacet
  facet normal -0 0 1
    outer loop
      vertex 0.970571 -3.62222 8
      vertex 2.70096 -5.25 8
      vertex 1.43506 -3.46455 8
    endloop
  endfacet
  facet normal 0 0 1
    outer loop
      vertex 2.70096 -5.25 8
      vertex 0.970571 -3.62222 8
      vertex 2.61418 -5.42597 8
    endloop
  endfacet
  facet normal 0 0 1
    outer loop
      vertex 2.61418 -5.42597 8
      vertex 0.970571 -3.62222 8
      vertex 2.55111 -5.61177 8
    endloop
  endfacet
  facet normal -0 0 1
    outer loop
      vertex 0.489472 -3.71792 8
      vertex 2.55111 -5.61177 8
      vertex 0.970571 -3.62222 8
    endloop
  endfacet
  facet normal 0 0 1
    outer loop
      vertex 2.55111 -5.61177 8
      vertex 0.489472 -3.71792 8
      vertex 2.51283 -5.80421 8
    endloop
  endfacet
  facet normal 0 0 1
    outer loop
      vertex 2.51283 -5.80421 8
      vertex 0.489472 -3.71792 8
      vertex 2.50257 -5.96084 8
    endloop
  endfacet
  facet normal 0 0 1
    outer loop
      vertex 2.50257 -5.96084 8
      vertex 0.489472 -3.71792 8
      vertex 2.5 -6 8
    endloop
  endfacet
  facet normal 0 0 1
    outer loop
      vertex 2.5 -6 8
      vertex 1.17474 -8.923 8
      vertex 2.32937 -8.69333 8
    endloop
  endfacet
  facet normal -0 0 1
    outer loop
      vertex 0 -3.75 8
      vertex 2.5 -6 8
      vertex 0.489472 -3.71792 8
    endloop
  endfacet
  facet normal 0 0 1
    outer loop
      vertex 0 -9 8
      vertex 2.5 -6 8
      vertex 0 -3.75 8
    endloop
  endfacet
  facet normal 0 0 1
    outer loop
      vertex 2.5 -6 8
      vertex 0 -9 8
      vertex 1.17474 -8.923 8
    endloop
  endfacet
  facet normal 0 0 1
    outer loop
      vertex -0.489472 -3.71792 8
      vertex 0 -9 8
      vertex 0 -3.75 8
    endloop
  endfacet
  facet normal 0 0 1
    outer loop
      vertex -1.17474 -8.923 8
      vertex -0.489472 -3.71792 8
      vertex -0.970571 -3.62222 8
    endloop
  endfacet
  facet normal 0 0 1
    outer loop
      vertex -0.489472 -3.71792 8
      vertex -1.17474 -8.923 8
      vertex 0 -9 8
    endloop
  endfacet
  facet normal 0 0 1
    outer loop
      vertex -2.32937 -8.69333 8
      vertex -0.970571 -3.62222 8
      vertex -1.43506 -3.46455 8
    endloop
  endfacet
  facet normal 0 0 1
    outer loop
      vertex -3.44415 -8.31492 8
      vertex -1.43506 -3.46455 8
      vertex -1.875 -3.24759 8
    endloop
  endfacet
  facet normal 0 0 1
    outer loop
      vertex -4.5 -7.79423 8
      vertex -1.875 -3.24759 8
      vertex -2.28286 -2.97507 8
    endloop
  endfacet
  facet normal 0 0 1
    outer loop
      vertex -0.970571 -3.62222 8
      vertex -2.32937 -8.69333 8
      vertex -1.17474 -8.923 8
    endloop
  endfacet
  facet normal 0 0 1
    outer loop
      vertex -5.47885 -7.14018 8
      vertex -2.28286 -2.97507 8
      vertex -2.65165 -2.65165 8
    endloop
  endfacet
  facet normal 0 0 1
    outer loop
      vertex -6.36396 -6.36396 8
      vertex -2.65165 -2.65165 8
      vertex -2.97507 -2.28286 8
    endloop
  endfacet
  facet normal 0 0 1
    outer loop
      vertex -7.14018 -5.47885 8
      vertex -2.97507 -2.28286 8
      vertex -3.24759 -1.875 8
    endloop
  endfacet
  facet normal 0 0 1
    outer loop
      vertex -1.43506 -3.46455 8
      vertex -3.44415 -8.31492 8
      vertex -2.32937 -8.69333 8
    endloop
  endfacet
  facet normal 0 0 1
    outer loop
      vertex -7.79423 -4.5 8
      vertex -3.24759 -1.875 8
      vertex -3.46455 -1.43506 8
    endloop
  endfacet
  facet normal 0 0 1
    outer loop
      vertex -8.31492 -3.44415 8
      vertex -3.46455 -1.43506 8
      vertex -3.62222 -0.970571 8
    endloop
  endfacet
  facet normal 0 0 1
    outer loop
      vertex -8.69333 -2.32937 8
      vertex -3.62222 -0.970571 8
      vertex -3.71792 -0.489472 8
    endloop
  endfacet
  facet normal 0 0 1
    outer loop
      vertex -8.923 -1.17474 8
      vertex -3.71792 -0.489472 8
      vertex -3.75 0 8
    endloop
  endfacet
  facet normal 0 0 1
    outer loop
      vertex -3.24759 1.875 8
      vertex -7.79423 4.5 8
      vertex -3.46455 1.43506 8
    endloop
  endfacet
  facet normal 0 0 1
    outer loop
      vertex -1.875 -3.24759 8
      vertex -4.5 -7.79423 8
      vertex -3.44415 -8.31492 8
    endloop
  endfacet
  facet normal -0 0 1
    outer loop
      vertex -8.31492 3.44415 8
      vertex -3.46455 1.43506 8
      vertex -7.79423 4.5 8
    endloop
  endfacet
  facet normal 0 0 1
    outer loop
      vertex -2.28286 -2.97507 8
      vertex -5.47885 -7.14018 8
      vertex -4.5 -7.79423 8
    endloop
  endfacet
  facet normal 0 0 1
    outer loop
      vertex -3.46455 1.43506 8
      vertex -8.31492 3.44415 8
      vertex -3.62222 0.970571 8
    endloop
  endfacet
  facet normal 0 0 1
    outer loop
      vertex -2.65165 -2.65165 8
      vertex -6.36396 -6.36396 8
      vertex -5.47885 -7.14018 8
    endloop
  endfacet
  facet normal -0 0 1
    outer loop
      vertex -8.69333 2.32937 8
      vertex -3.62222 0.970571 8
      vertex -8.31492 3.44415 8
    endloop
  endfacet
  facet normal 0 0 1
    outer loop
      vertex -2.97507 -2.28286 8
      vertex -7.14018 -5.47885 8
      vertex -6.36396 -6.36396 8
    endloop
  endfacet
  facet normal 0 0 1
    outer loop
      vertex -3.62222 0.970571 8
      vertex -8.69333 2.32937 8
      vertex -3.71792 0.489472 8
    endloop
  endfacet
  facet normal 0 0 1
    outer loop
      vertex -3.24759 -1.875 8
      vertex -7.79423 -4.5 8
      vertex -7.14018 -5.47885 8
    endloop
  endfacet
  facet normal -0 0 1
    outer loop
      vertex -8.923 1.17474 8
      vertex -3.71792 0.489472 8
      vertex -8.69333 2.32937 8
    endloop
  endfacet
  facet normal 0 0 1
    outer loop
      vertex -3.46455 -1.43506 8
      vertex -8.31492 -3.44415 8
      vertex -7.79423 -4.5 8
    endloop
  endfacet
  facet normal 0 0 1
    outer loop
      vertex -3.71792 0.489472 8
      vertex -8.923 1.17474 8
      vertex -3.75 0 8
    endloop
  endfacet
  facet normal 0 0 1
    outer loop
      vertex -3.62222 -0.970571 8
      vertex -8.69333 -2.32937 8
      vertex -8.31492 -3.44415 8
    endloop
  endfacet
  facet normal 0 0 1
    outer loop
      vertex -9 0 8
      vertex -3.75 0 8
      vertex -8.923 1.17474 8
    endloop
  endfacet
  facet normal 0 0 1
    outer loop
      vertex -3.71792 -0.489472 8
      vertex -8.923 -1.17474 8
      vertex -8.69333 -2.32937 8
    endloop
  endfacet
  facet normal 0 0 1
    outer loop
      vertex -3.75 0 8
      vertex -9 0 8
      vertex -8.923 -1.17474 8
    endloop
  endfacet
  facet normal -0 0 1
    outer loop
      vertex 4 -7.5 8
      vertex 4.5 -7.79423 8
      vertex 4.94034 -7.5 8
    endloop
  endfacet
  facet normal 0 0 1
    outer loop
      vertex 3.44415 -8.31492 8
      vertex 4 -7.5 8
      vertex 3.96084 -7.49743 8
    endloop
  endfacet
  facet normal 0 0 1
    outer loop
      vertex 3.44415 -8.31492 8
      vertex 3.96084 -7.49743 8
      vertex 3.80421 -7.48717 8
    endloop
  endfacet
  facet normal 0 0 1
    outer loop
      vertex 3.44415 -8.31492 8
      vertex 3.80421 -7.48717 8
      vertex 3.61177 -7.44889 8
    endloop
  endfacet
  facet normal 0 0 1
    outer loop
      vertex 4 -7.5 8
      vertex 3.44415 -8.31492 8
      vertex 4.5 -7.79423 8
    endloop
  endfacet
  facet normal 0 0 1
    outer loop
      vertex 3.42598 -7.38582 8
      vertex 3.44415 -8.31492 8
      vertex 3.61177 -7.44889 8
    endloop
  endfacet
  facet normal 0 0 1
    outer loop
      vertex 3.28519 -7.31639 8
      vertex 3.44415 -8.31492 8
      vertex 3.42598 -7.38582 8
    endloop
  endfacet
  facet normal 0 0 1
    outer loop
      vertex 3.25 -7.29904 8
      vertex 3.44415 -8.31492 8
      vertex 3.28519 -7.31639 8
    endloop
  endfacet
  facet normal 0 0 1
    outer loop
      vertex 3.21737 -7.27724 8
      vertex 3.44415 -8.31492 8
      vertex 3.25 -7.29904 8
    endloop
  endfacet
  facet normal 0 0 1
    outer loop
      vertex 2.32937 -8.69333 8
      vertex 3.21737 -7.27724 8
      vertex 3.08686 -7.19003 8
    endloop
  endfacet
  facet normal 0 0 1
    outer loop
      vertex 2.32937 -8.69333 8
      vertex 3.08686 -7.19003 8
      vertex 2.93934 -7.06066 8
    endloop
  endfacet
  facet normal 0 0 1
    outer loop
      vertex 2.32937 -8.69333 8
      vertex 2.93934 -7.06066 8
      vertex 2.80997 -6.91314 8
    endloop
  endfacet
  facet normal 0 0 1
    outer loop
      vertex 2.32937 -8.69333 8
      vertex 2.80997 -6.91314 8
      vertex 2.70096 -6.75 8
    endloop
  endfacet
  facet normal 0 0 1
    outer loop
      vertex 2.32937 -8.69333 8
      vertex 2.70096 -6.75 8
      vertex 2.61418 -6.57402 8
    endloop
  endfacet
  facet normal 0 0 1
    outer loop
      vertex 3.21737 -7.27724 8
      vertex 2.32937 -8.69333 8
      vertex 3.44415 -8.31492 8
    endloop
  endfacet
  facet normal 0 0 1
    outer loop
      vertex 2.55111 -6.38823 8
      vertex 2.32937 -8.69333 8
      vertex 2.61418 -6.57402 8
    endloop
  endfacet
  facet normal 0 0 1
    outer loop
      vertex 2.51283 -6.19579 8
      vertex 2.32937 -8.69333 8
      vertex 2.55111 -6.38823 8
    endloop
  endfacet
  facet normal 0 0 1
    outer loop
      vertex 2.50257 -6.03916 8
      vertex 2.32937 -8.69333 8
      vertex 2.51283 -6.19579 8
    endloop
  endfacet
  facet normal 0 0 1
    outer loop
      vertex 2.32937 -8.69333 8
      vertex 2.50257 -6.03916 8
      vertex 2.5 -6 8
    endloop
  endfacet
  facet normal 0.555576 -0.831466 0
    outer loop
      vertex 4.5 -7.79423 3
      vertex 4.94034 -7.5 8
      vertex 4.5 -7.79423 8
    endloop
  endfacet
  facet normal 0.555576 -0.831466 0
    outer loop
      vertex 4.94034 -7.5 8
      vertex 4.5 -7.79423 3
      vertex 4.94034 -7.5 3
    endloop
  endfacet
  facet normal 0.980785 -0.19509 0
    outer loop
      vertex 8.69333 -2.32937 8
      vertex 8.923 -1.17474 3
      vertex 8.923 -1.17474 8
    endloop
  endfacet
  facet normal 0.980785 -0.19509 0
    outer loop
      vertex 8.923 -1.17474 3
      vertex 8.69333 -2.32937 8
      vertex 8.69333 -2.32937 3
    endloop
  endfacet
  facet normal 0.946932 0.321434 0
    outer loop
      vertex 8.69333 2.32937 8
      vertex 8.31492 3.44415 3
      vertex 8.31492 3.44415 8
    endloop
  endfacet
  facet normal 0.946932 0.321434 0
    outer loop
      vertex 8.31492 3.44415 3
      vertex 8.69333 2.32937 8
      vertex 8.69333 2.32937 3
    endloop
  endfacet
  facet normal 0.980785 0.19509 0
    outer loop
      vertex 8.923 1.17474 8
      vertex 8.69333 2.32937 3
      vertex 8.69333 2.32937 8
    endloop
  endfacet
  facet normal 0.980785 0.19509 0
    outer loop
      vertex 8.69333 2.32937 3
      vertex 8.923 1.17474 8
      vertex 8.923 1.17474 3
    endloop
  endfacet
  facet normal 0.321434 0.946932 -0
    outer loop
      vertex 3.44415 8.31492 3
      vertex 2.32937 8.69333 8
      vertex 3.44415 8.31492 8
    endloop
  endfacet
  facet normal 0.321434 0.946932 0
    outer loop
      vertex 2.32937 8.69333 8
      vertex 3.44415 8.31492 3
      vertex 2.32937 8.69333 3
    endloop
  endfacet
  facet normal 0.19509 0.980785 -0
    outer loop
      vertex 2.32937 8.69333 3
      vertex 1.17474 8.923 8
      vertex 2.32937 8.69333 8
    endloop
  endfacet
  facet normal 0.19509 0.980785 0
    outer loop
      vertex 1.17474 8.923 8
      vertex 2.32937 8.69333 3
      vertex 1.17474 8.923 3
    endloop
  endfacet
  facet normal 0.997859 -0.0654061 0
    outer loop
      vertex 8.923 -1.17474 8
      vertex 9 0 3
      vertex 9 0 8
    endloop
  endfacet
  facet normal 0.997859 -0.0654061 0
    outer loop
      vertex 9 0 3
      vertex 8.923 -1.17474 8
      vertex 8.923 -1.17474 3
    endloop
  endfacet
  facet normal 0.0654061 -0.997859 0
    outer loop
      vertex 0 -9 3
      vertex 1.17474 -8.923 8
      vertex 0 -9 8
    endloop
  endfacet
  facet normal 0.0654061 -0.997859 0
    outer loop
      vertex 1.17474 -8.923 8
      vertex 0 -9 3
      vertex 1.17474 -8.923 3
    endloop
  endfacet
  facet normal 0.321434 -0.946932 0
    outer loop
      vertex 2.32937 -8.69333 3
      vertex 3.44415 -8.31492 8
      vertex 2.32937 -8.69333 8
    endloop
  endfacet
  facet normal 0.321434 -0.946932 0
    outer loop
      vertex 3.44415 -8.31492 8
      vertex 2.32937 -8.69333 3
      vertex 3.44415 -8.31492 3
    endloop
  endfacet
  facet normal 0.896872 -0.44229 0
    outer loop
      vertex 7.79423 -4.5 8
      vertex 8.31492 -3.44415 3
      vertex 8.31492 -3.44415 8
    endloop
  endfacet
  facet normal 0.896872 -0.44229 0
    outer loop
      vertex 8.31492 -3.44415 3
      vertex 7.79423 -4.5 8
      vertex 7.79423 -4.5 3
    endloop
  endfacet
  facet normal 0.19509 -0.980785 0
    outer loop
      vertex 1.17474 -8.923 3
      vertex 2.32937 -8.69333 8
      vertex 1.17474 -8.923 8
    endloop
  endfacet
  facet normal 0.19509 -0.980785 0
    outer loop
      vertex 2.32937 -8.69333 8
      vertex 1.17474 -8.923 3
      vertex 2.32937 -8.69333 3
    endloop
  endfacet
  facet normal 0.44229 -0.896872 0
    outer loop
      vertex 3.44415 -8.31492 3
      vertex 4.5 -7.79423 8
      vertex 3.44415 -8.31492 8
    endloop
  endfacet
  facet normal 0.44229 -0.896872 0
    outer loop
      vertex 4.5 -7.79423 8
      vertex 3.44415 -8.31492 3
      vertex 4.5 -7.79423 3
    endloop
  endfacet
  facet normal 0.946932 -0.321434 0
    outer loop
      vertex 8.31492 -3.44415 8
      vertex 8.69333 -2.32937 3
      vertex 8.69333 -2.32937 8
    endloop
  endfacet
  facet normal 0.946932 -0.321434 0
    outer loop
      vertex 8.69333 -2.32937 3
      vertex 8.31492 -3.44415 8
      vertex 8.31492 -3.44415 3
    endloop
  endfacet
  facet normal -1 0 0
    outer loop
      vertex 19 -7.5 3
      vertex 19 -8 3
      vertex 19 -7.5 11.75
    endloop
  endfacet
  facet normal -1 0 0
    outer loop
      vertex 19 4.5 3
      vertex 19 -4.5 3
      vertex 19 4.5 11.75
    endloop
  endfacet
  facet normal -1 0 0
    outer loop
      vertex 19 7.5 11.75
      vertex 19 8 3
      vertex 19 7.5 3
    endloop
  endfacet
  facet normal -1 0 0
    outer loop
      vertex 19 8 3
      vertex 19 7.5 11.75
      vertex 19 8 36
    endloop
  endfacet
  facet normal -1 0 0
    outer loop
      vertex 19 7.48769 11.797
      vertex 19 8 36
      vertex 19 7.5 11.75
    endloop
  endfacet
  facet normal -1 0 0
    outer loop
      vertex 19 7.48717 11.7989
      vertex 19 8 36
      vertex 19 7.48769 11.797
    endloop
  endfacet
  facet normal -1 0 0
    outer loop
      vertex 19 7.44889 11.8471
      vertex 19 8 36
      vertex 19 7.48717 11.7989
    endloop
  endfacet
  facet normal -1 0 0
    outer loop
      vertex 19 7.38582 11.8935
      vertex 19 8 36
      vertex 19 7.44889 11.8471
    endloop
  endfacet
  facet normal -1 0 0
    outer loop
      vertex 19 7.38399 11.8944
      vertex 19 8 36
      vertex 19 7.38582 11.8935
    endloop
  endfacet
  facet normal -1 0 0
    outer loop
      vertex 19 7.29904 11.9375
      vertex 19 8 36
      vertex 19 7.38399 11.8944
    endloop
  endfacet
  facet normal -1 0 0
    outer loop
      vertex 19 7.19051 11.9781
      vertex 19 8 36
      vertex 19 7.29904 11.9375
    endloop
  endfacet
  facet normal -1 0 0
    outer loop
      vertex 19 7.19003 11.9783
      vertex 19 8 36
      vertex 19 7.19051 11.9781
    endloop
  endfacet
  facet normal -1 0 0
    outer loop
      vertex 19 7.11386 12
      vertex 19 8 36
      vertex 19 7.19003 11.9783
    endloop
  endfacet
  facet normal -1 0 0
    outer loop
      vertex 19 4.88614 12
      vertex 19 8 36
      vertex 19 7.11386 12
    endloop
  endfacet
  facet normal -1 0 0
    outer loop
      vertex 19 4.80997 11.9783
      vertex 19 8 36
      vertex 19 4.88614 12
    endloop
  endfacet
  facet normal -1 0 0
    outer loop
      vertex 19 4.80949 11.9781
      vertex 19 8 36
      vertex 19 4.80997 11.9783
    endloop
  endfacet
  facet normal -1 0 0
    outer loop
      vertex 19 4.70096 11.9375
      vertex 19 8 36
      vertex 19 4.80949 11.9781
    endloop
  endfacet
  facet normal -1 0 0
    outer loop
      vertex 19 -4.70096 11.9375
      vertex 19 4.70096 11.9375
      vertex 19 4.61601 11.8944
    endloop
  endfacet
  facet normal -1 0 0
    outer loop
      vertex 19 -4.70096 11.9375
      vertex 19 4.61601 11.8944
      vertex 19 4.61418 11.8935
    endloop
  endfacet
  facet normal -1 0 0
    outer loop
      vertex 19 -4.61418 11.8935
      vertex 19 4.61418 11.8935
      vertex 19 4.55111 11.8471
    endloop
  endfacet
  facet normal -1 0 0
    outer loop
      vertex 19 -4.55111 11.8471
      vertex 19 4.55111 11.8471
      vertex 19 4.51283 11.7989
    endloop
  endfacet
  facet normal -1 0 0
    outer loop
      vertex 19 -4.51283 11.7989
      vertex 19 4.51283 11.7989
      vertex 19 4.51231 11.797
    endloop
  endfacet
  facet normal -1 0 0
    outer loop
      vertex 19 -4.51283 11.7989
      vertex 19 4.51231 11.797
      vertex 19 4.5 11.75
    endloop
  endfacet
  facet normal -1 0 0
    outer loop
      vertex 19 -4.5 11.75
      vertex 19 4.5 11.75
      vertex 19 -4.5 3
    endloop
  endfacet
  facet normal -1 0 0
    outer loop
      vertex 19 -4.51231 11.797
      vertex 19 4.5 11.75
      vertex 19 -4.5 11.75
    endloop
  endfacet
  facet normal -1 0 0
    outer loop
      vertex 19 -4.51283 11.7989
      vertex 19 4.5 11.75
      vertex 19 -4.51231 11.797
    endloop
  endfacet
  facet normal -1 0 0
    outer loop
      vertex 19 4.51283 11.7989
      vertex 19 -4.51283 11.7989
      vertex 19 -4.55111 11.8471
    endloop
  endfacet
  facet normal -1 0 0
    outer loop
      vertex 19 4.55111 11.8471
      vertex 19 -4.55111 11.8471
      vertex 19 -4.61418 11.8935
    endloop
  endfacet
  facet normal -1 0 0
    outer loop
      vertex 19 4.61418 11.8935
      vertex 19 -4.61418 11.8935
      vertex 19 -4.61601 11.8944
    endloop
  endfacet
  facet normal -1 0 0
    outer loop
      vertex 19 4.61418 11.8935
      vertex 19 -4.61601 11.8944
      vertex 19 -4.70096 11.9375
    endloop
  endfacet
  facet normal -1 0 0
    outer loop
      vertex 19 4.70096 11.9375
      vertex 19 -4.70096 11.9375
      vertex 19 8 36
    endloop
  endfacet
  facet normal -1 0 0
    outer loop
      vertex 19 -4.80949 11.9781
      vertex 19 8 36
      vertex 19 -4.70096 11.9375
    endloop
  endfacet
  facet normal -1 0 0
    outer loop
      vertex 19 -4.80997 11.9783
      vertex 19 8 36
      vertex 19 -4.80949 11.9781
    endloop
  endfacet
  facet normal -1 0 0
    outer loop
      vertex 19 -8 36
      vertex 19 -4.80997 11.9783
      vertex 19 -4.88614 12
    endloop
  endfacet
  facet normal -1 0 0
    outer loop
      vertex 19 -8 36
      vertex 19 -4.88614 12
      vertex 19 -7.11386 12
    endloop
  endfacet
  facet normal -1 0 0
    outer loop
      vertex 19 -8 36
      vertex 19 -7.11386 12
      vertex 19 -7.19003 11.9783
    endloop
  endfacet
  facet normal -1 0 0
    outer loop
      vertex 19 -8 36
      vertex 19 -7.19003 11.9783
      vertex 19 -7.19051 11.9781
    endloop
  endfacet
  facet normal -1 0 0
    outer loop
      vertex 19 -8 36
      vertex 19 -7.19051 11.9781
      vertex 19 -7.29904 11.9375
    endloop
  endfacet
  facet normal -1 0 0
    outer loop
      vertex 19 -8 36
      vertex 19 -7.29904 11.9375
      vertex 19 -7.38399 11.8944
    endloop
  endfacet
  facet normal -1 0 0
    outer loop
      vertex 19 -8 36
      vertex 19 -7.38399 11.8944
      vertex 19 -7.38582 11.8935
    endloop
  endfacet
  facet normal -1 0 0
    outer loop
      vertex 19 -8 36
      vertex 19 -7.38582 11.8935
      vertex 19 -7.44889 11.8471
    endloop
  endfacet
  facet normal -1 0 0
    outer loop
      vertex 19 -8 36
      vertex 19 -7.44889 11.8471
      vertex 19 -7.48717 11.7989
    endloop
  endfacet
  facet normal -1 0 0
    outer loop
      vertex 19 -4.80997 11.9783
      vertex 19 -8 36
      vertex 19 8 36
    endloop
  endfacet
  facet normal -1 0 0
    outer loop
      vertex 19 -7.48769 11.797
      vertex 19 -8 36
      vertex 19 -7.48717 11.7989
    endloop
  endfacet
  facet normal -1 0 0
    outer loop
      vertex 19 -7.5 11.75
      vertex 19 -8 36
      vertex 19 -7.48769 11.797
    endloop
  endfacet
  facet normal -1 0 0
    outer loop
      vertex 19 -8 36
      vertex 19 -7.5 11.75
      vertex 19 -8 3
    endloop
  endfacet
  facet normal 0 0 1
    outer loop
      vertex 26 8 36
      vertex 23.6904 3.54707 36
      vertex 26 -8 36
    endloop
  endfacet
  facet normal 0 0 1
    outer loop
      vertex 26 -8 36
      vertex 23.735 -3.77158 36
      vertex 23.75 -4 36
    endloop
  endfacet
  facet normal -0 0 1
    outer loop
      vertex 23.6904 -3.54707 36
      vertex 26 -8 36
      vertex 23.6904 3.54707 36
    endloop
  endfacet
  facet normal 0 0 1
    outer loop
      vertex 26 -8 36
      vertex 23.6904 -3.54707 36
      vertex 23.735 -3.77158 36
    endloop
  endfacet
  facet normal -0 0 1
    outer loop
      vertex 23.6168 3.3303 36
      vertex 23.6904 -3.54707 36
      vertex 23.6904 3.54707 36
    endloop
  endfacet
  facet normal 0 0 1
    outer loop
      vertex 23.6168 3.3303 36
      vertex 23.6168 -3.3303 36
      vertex 23.6904 -3.54707 36
    endloop
  endfacet
  facet normal -0 0 1
    outer loop
      vertex 23.5155 3.125 36
      vertex 23.6168 -3.3303 36
      vertex 23.6168 3.3303 36
    endloop
  endfacet
  facet normal 0 0 1
    outer loop
      vertex 23.5155 3.125 36
      vertex 23.5155 -3.125 36
      vertex 23.6168 -3.3303 36
    endloop
  endfacet
  facet normal -0 0 1
    outer loop
      vertex 23.3884 2.93467 36
      vertex 23.5155 -3.125 36
      vertex 23.5155 3.125 36
    endloop
  endfacet
  facet normal 0 0 1
    outer loop
      vertex 23.3884 2.93467 36
      vertex 23.3884 -2.93467 36
      vertex 23.5155 -3.125 36
    endloop
  endfacet
  facet normal -0 0 1
    outer loop
      vertex 23.2374 2.76256 36
      vertex 23.3884 -2.93467 36
      vertex 23.3884 2.93467 36
    endloop
  endfacet
  facet normal 0 0 1
    outer loop
      vertex 23.2374 2.76256 36
      vertex 23.2374 -2.76256 36
      vertex 23.3884 -2.93467 36
    endloop
  endfacet
  facet normal -0 0 1
    outer loop
      vertex 23.0653 2.61163 36
      vertex 23.2374 -2.76256 36
      vertex 23.2374 2.76256 36
    endloop
  endfacet
  facet normal 0 0 1
    outer loop
      vertex 23.0653 2.61163 36
      vertex 23.0653 -2.61163 36
      vertex 23.2374 -2.76256 36
    endloop
  endfacet
  facet normal -0 0 1
    outer loop
      vertex 22.875 2.48446 36
      vertex 23.0653 -2.61163 36
      vertex 23.0653 2.61163 36
    endloop
  endfacet
  facet normal 0 0 1
    outer loop
      vertex 22.875 2.48446 36
      vertex 22.875 -2.48446 36
      vertex 23.0653 -2.61163 36
    endloop
  endfacet
  facet normal -0 0 1
    outer loop
      vertex 22.6697 2.38321 36
      vertex 22.875 -2.48446 36
      vertex 22.875 2.48446 36
    endloop
  endfacet
  facet normal 0 0 1
    outer loop
      vertex 22.6697 2.38321 36
      vertex 22.6697 -2.38321 36
      vertex 22.875 -2.48446 36
    endloop
  endfacet
  facet normal -0 0 1
    outer loop
      vertex 22.4529 2.30963 36
      vertex 22.6697 -2.38321 36
      vertex 22.6697 2.38321 36
    endloop
  endfacet
  facet normal 0 0 1
    outer loop
      vertex 22.4529 2.30963 36
      vertex 22.4529 -2.30963 36
      vertex 22.6697 -2.38321 36
    endloop
  endfacet
  facet normal -0 0 1
    outer loop
      vertex 22.2284 2.26497 36
      vertex 22.4529 -2.30963 36
      vertex 22.4529 2.30963 36
    endloop
  endfacet
  facet normal 0 0 1
    outer loop
      vertex 22.2284 2.26497 36
      vertex 22.2284 -2.26497 36
      vertex 22.4529 -2.30963 36
    endloop
  endfacet
  facet normal -0 0 1
    outer loop
      vertex 22 2.25 36
      vertex 22.2284 -2.26497 36
      vertex 22.2284 2.26497 36
    endloop
  endfacet
  facet normal 0 0 1
    outer loop
      vertex 22 2.25 36
      vertex 22 -2.25 36
      vertex 22.2284 -2.26497 36
    endloop
  endfacet
  facet normal 0 0 1
    outer loop
      vertex 21.7716 2.26497 36
      vertex 22 -2.25 36
      vertex 22 2.25 36
    endloop
  endfacet
  facet normal 0 0 1
    outer loop
      vertex 21.7716 2.26497 36
      vertex 21.7716 -2.26497 36
      vertex 22 -2.25 36
    endloop
  endfacet
  facet normal 0 0 1
    outer loop
      vertex 21.5471 2.30963 36
      vertex 21.7716 -2.26497 36
      vertex 21.7716 2.26497 36
    endloop
  endfacet
  facet normal 0 0 1
    outer loop
      vertex 21.5471 2.30963 36
      vertex 21.5471 -2.30963 36
      vertex 21.7716 -2.26497 36
    endloop
  endfacet
  facet normal 0 0 1
    outer loop
      vertex 21.3303 2.38321 36
      vertex 21.5471 -2.30963 36
      vertex 21.5471 2.30963 36
    endloop
  endfacet
  facet normal 0 0 1
    outer loop
      vertex 21.3303 2.38321 36
      vertex 21.3303 -2.38321 36
      vertex 21.5471 -2.30963 36
    endloop
  endfacet
  facet normal 0 0 1
    outer loop
      vertex 21.125 2.48446 36
      vertex 21.3303 -2.38321 36
      vertex 21.3303 2.38321 36
    endloop
  endfacet
  facet normal 0 0 1
    outer loop
      vertex 21.125 2.48446 36
      vertex 21.125 -2.48446 36
      vertex 21.3303 -2.38321 36
    endloop
  endfacet
  facet normal 0 0 1
    outer loop
      vertex 20.9347 2.61163 36
      vertex 21.125 -2.48446 36
      vertex 21.125 2.48446 36
    endloop
  endfacet
  facet normal 0 0 1
    outer loop
      vertex 20.9347 2.61163 36
      vertex 20.9347 -2.61163 36
      vertex 21.125 -2.48446 36
    endloop
  endfacet
  facet normal 0 0 1
    outer loop
      vertex 20.7626 2.76256 36
      vertex 20.9347 -2.61163 36
      vertex 20.9347 2.61163 36
    endloop
  endfacet
  facet normal 0 0 1
    outer loop
      vertex 20.7626 2.76256 36
      vertex 20.7626 -2.76256 36
      vertex 20.9347 -2.61163 36
    endloop
  endfacet
  facet normal 0 0 1
    outer loop
      vertex 20.6116 2.93467 36
      vertex 20.7626 -2.76256 36
      vertex 20.7626 2.76256 36
    endloop
  endfacet
  facet normal 0 0 1
    outer loop
      vertex 20.6116 2.93467 36
      vertex 20.6116 -2.93467 36
      vertex 20.7626 -2.76256 36
    endloop
  endfacet
  facet normal 0 0 1
    outer loop
      vertex 20.4845 3.125 36
      vertex 20.6116 -2.93467 36
      vertex 20.6116 2.93467 36
    endloop
  endfacet
  facet normal 0 0 1
    outer loop
      vertex 20.4845 3.125 36
      vertex 20.4845 -3.125 36
      vertex 20.6116 -2.93467 36
    endloop
  endfacet
  facet normal 0 0 1
    outer loop
      vertex 20.3832 3.3303 36
      vertex 20.4845 -3.125 36
      vertex 20.4845 3.125 36
    endloop
  endfacet
  facet normal 0 0 1
    outer loop
      vertex 20.3832 3.3303 36
      vertex 20.3832 -3.3303 36
      vertex 20.4845 -3.125 36
    endloop
  endfacet
  facet normal 0 0 1
    outer loop
      vertex 20.3096 3.54707 36
      vertex 20.3832 -3.3303 36
      vertex 20.3832 3.3303 36
    endloop
  endfacet
  facet normal 0 0 1
    outer loop
      vertex 20.3096 3.54707 36
      vertex 20.3096 -3.54707 36
      vertex 20.3832 -3.3303 36
    endloop
  endfacet
  facet normal 0 0 1
    outer loop
      vertex 20.265 3.77158 36
      vertex 20.3096 -3.54707 36
      vertex 20.3096 3.54707 36
    endloop
  endfacet
  facet normal 0 0 1
    outer loop
      vertex 20.265 3.77158 36
      vertex 20.265 -3.77158 36
      vertex 20.3096 -3.54707 36
    endloop
  endfacet
  facet normal 0 0 1
    outer loop
      vertex 19 8 36
      vertex 20.265 3.77158 36
      vertex 20.25 4 36
    endloop
  endfacet
  facet normal 0 0 1
    outer loop
      vertex 20.265 3.77158 36
      vertex 19 8 36
      vertex 20.265 -3.77158 36
    endloop
  endfacet
  facet normal 0 0 1
    outer loop
      vertex 23.735 3.77158 36
      vertex 26 8 36
      vertex 23.75 4 36
    endloop
  endfacet
  facet normal 0 0 1
    outer loop
      vertex 26 8 36
      vertex 23.735 4.22842 36
      vertex 23.75 4 36
    endloop
  endfacet
  facet normal 0 0 1
    outer loop
      vertex 26 8 36
      vertex 23.6904 4.45293 36
      vertex 23.735 4.22842 36
    endloop
  endfacet
  facet normal 0 0 1
    outer loop
      vertex 26 8 36
      vertex 23.6168 4.6697 36
      vertex 23.6904 4.45293 36
    endloop
  endfacet
  facet normal 0 0 1
    outer loop
      vertex 26 8 36
      vertex 23.5155 4.875 36
      vertex 23.6168 4.6697 36
    endloop
  endfacet
  facet normal 0 0 1
    outer loop
      vertex 26 8 36
      vertex 23.3884 5.06533 36
      vertex 23.5155 4.875 36
    endloop
  endfacet
  facet normal 0 0 1
    outer loop
      vertex 26 8 36
      vertex 23.2374 5.23744 36
      vertex 23.3884 5.06533 36
    endloop
  endfacet
  facet normal 0 0 1
    outer loop
      vertex 26 8 36
      vertex 23.0653 5.38837 36
      vertex 23.2374 5.23744 36
    endloop
  endfacet
  facet normal 0 0 1
    outer loop
      vertex 26 8 36
      vertex 22.875 5.51554 36
      vertex 23.0653 5.38837 36
    endloop
  endfacet
  facet normal 0 0 1
    outer loop
      vertex 26 8 36
      vertex 22.6697 5.61679 36
      vertex 22.875 5.51554 36
    endloop
  endfacet
  facet normal 0 0 1
    outer loop
      vertex 26 8 36
      vertex 22.4529 5.69037 36
      vertex 22.6697 5.61679 36
    endloop
  endfacet
  facet normal 0 0 1
    outer loop
      vertex 26 8 36
      vertex 22.2284 5.73503 36
      vertex 22.4529 5.69037 36
    endloop
  endfacet
  facet normal -0 0 1
    outer loop
      vertex 19 8 36
      vertex 22.2284 5.73503 36
      vertex 26 8 36
    endloop
  endfacet
  facet normal 0 0 1
    outer loop
      vertex 22.2284 5.73503 36
      vertex 19 8 36
      vertex 22 5.75 36
    endloop
  endfacet
  facet normal 0 0 1
    outer loop
      vertex 22 5.75 36
      vertex 19 8 36
      vertex 21.7716 5.73503 36
    endloop
  endfacet
  facet normal 0 0 1
    outer loop
      vertex 21.7716 5.73503 36
      vertex 19 8 36
      vertex 21.5471 5.69037 36
    endloop
  endfacet
  facet normal 0 0 1
    outer loop
      vertex 21.5471 5.69037 36
      vertex 19 8 36
      vertex 21.3303 5.61679 36
    endloop
  endfacet
  facet normal 0 0 1
    outer loop
      vertex 19 -8 36
      vertex 20.265 -3.77158 36
      vertex 19 8 36
    endloop
  endfacet
  facet normal 0 0 1
    outer loop
      vertex 20.265 4.22842 36
      vertex 19 8 36
      vertex 20.25 4 36
    endloop
  endfacet
  facet normal 0 0 1
    outer loop
      vertex 20.3096 4.45293 36
      vertex 19 8 36
      vertex 20.265 4.22842 36
    endloop
  endfacet
  facet normal 0 0 1
    outer loop
      vertex 20.3832 4.6697 36
      vertex 19 8 36
      vertex 20.3096 4.45293 36
    endloop
  endfacet
  facet normal 0 0 1
    outer loop
      vertex 20.4845 4.875 36
      vertex 19 8 36
      vertex 20.3832 4.6697 36
    endloop
  endfacet
  facet normal 0 0 1
    outer loop
      vertex 20.6116 5.06533 36
      vertex 19 8 36
      vertex 20.4845 4.875 36
    endloop
  endfacet
  facet normal 0 0 1
    outer loop
      vertex 20.7626 5.23744 36
      vertex 19 8 36
      vertex 20.6116 5.06533 36
    endloop
  endfacet
  facet normal 0 0 1
    outer loop
      vertex 20.9347 5.38837 36
      vertex 19 8 36
      vertex 20.7626 5.23744 36
    endloop
  endfacet
  facet normal 0 0 1
    outer loop
      vertex 21.125 5.51554 36
      vertex 19 8 36
      vertex 20.9347 5.38837 36
    endloop
  endfacet
  facet normal 0 0 1
    outer loop
      vertex 21.3303 5.61679 36
      vertex 19 8 36
      vertex 21.125 5.51554 36
    endloop
  endfacet
  facet normal 0 0 1
    outer loop
      vertex 23.6904 3.54707 36
      vertex 26 8 36
      vertex 23.735 3.77158 36
    endloop
  endfacet
  facet normal -0 0 1
    outer loop
      vertex 23.735 -4.22842 36
      vertex 26 -8 36
      vertex 23.75 -4 36
    endloop
  endfacet
  facet normal -0 0 1
    outer loop
      vertex 23.6904 -4.45293 36
      vertex 26 -8 36
      vertex 23.735 -4.22842 36
    endloop
  endfacet
  facet normal -0 0 1
    outer loop
      vertex 23.6168 -4.6697 36
      vertex 26 -8 36
      vertex 23.6904 -4.45293 36
    endloop
  endfacet
  facet normal -0 0 1
    outer loop
      vertex 23.5155 -4.875 36
      vertex 26 -8 36
      vertex 23.6168 -4.6697 36
    endloop
  endfacet
  facet normal -0 0 1
    outer loop
      vertex 23.3884 -5.06533 36
      vertex 26 -8 36
      vertex 23.5155 -4.875 36
    endloop
  endfacet
  facet normal -0 0 1
    outer loop
      vertex 23.2374 -5.23744 36
      vertex 26 -8 36
      vertex 23.3884 -5.06533 36
    endloop
  endfacet
  facet normal -0 0 1
    outer loop
      vertex 23.0653 -5.38837 36
      vertex 26 -8 36
      vertex 23.2374 -5.23744 36
    endloop
  endfacet
  facet normal -0 0 1
    outer loop
      vertex 22.875 -5.51554 36
      vertex 26 -8 36
      vertex 23.0653 -5.38837 36
    endloop
  endfacet
  facet normal -0 0 1
    outer loop
      vertex 22.6697 -5.61679 36
      vertex 26 -8 36
      vertex 22.875 -5.51554 36
    endloop
  endfacet
  facet normal -0 0 1
    outer loop
      vertex 22.4529 -5.69037 36
      vertex 26 -8 36
      vertex 22.6697 -5.61679 36
    endloop
  endfacet
  facet normal -0 0 1
    outer loop
      vertex 22.2284 -5.73503 36
      vertex 26 -8 36
      vertex 22.4529 -5.69037 36
    endloop
  endfacet
  facet normal 0 0 1
    outer loop
      vertex 19 -8 36
      vertex 22.2284 -5.73503 36
      vertex 22 -5.75 36
    endloop
  endfacet
  facet normal 0 0 1
    outer loop
      vertex 19 -8 36
      vertex 22 -5.75 36
      vertex 21.7716 -5.73503 36
    endloop
  endfacet
  facet normal 0 0 1
    outer loop
      vertex 19 -8 36
      vertex 21.7716 -5.73503 36
      vertex 21.5471 -5.69037 36
    endloop
  endfacet
  facet normal 0 0 1
    outer loop
      vertex 19 -8 36
      vertex 21.5471 -5.69037 36
      vertex 21.3303 -5.61679 36
    endloop
  endfacet
  facet normal 0 0 1
    outer loop
      vertex 19 -8 36
      vertex 21.3303 -5.61679 36
      vertex 21.125 -5.51554 36
    endloop
  endfacet
  facet normal 0 0 1
    outer loop
      vertex 20.265 -3.77158 36
      vertex 19 -8 36
      vertex 20.25 -4 36
    endloop
  endfacet
  facet normal 0 0 1
    outer loop
      vertex 22.2284 -5.73503 36
      vertex 19 -8 36
      vertex 26 -8 36
    endloop
  endfacet
  facet normal 0 0 1
    outer loop
      vertex 20.9347 -5.38837 36
      vertex 19 -8 36
      vertex 21.125 -5.51554 36
    endloop
  endfacet
  facet normal 0 0 1
    outer loop
      vertex 20.7626 -5.23744 36
      vertex 19 -8 36
      vertex 20.9347 -5.38837 36
    endloop
  endfacet
  facet normal 0 0 1
    outer loop
      vertex 20.6116 -5.06533 36
      vertex 19 -8 36
      vertex 20.7626 -5.23744 36
    endloop
  endfacet
  facet normal 0 0 1
    outer loop
      vertex 20.4845 -4.875 36
      vertex 19 -8 36
      vertex 20.6116 -5.06533 36
    endloop
  endfacet
  facet normal 0 0 1
    outer loop
      vertex 20.3832 -4.6697 36
      vertex 19 -8 36
      vertex 20.4845 -4.875 36
    endloop
  endfacet
  facet normal 0 0 1
    outer loop
      vertex 20.3096 -4.45293 36
      vertex 19 -8 36
      vertex 20.3832 -4.6697 36
    endloop
  endfacet
  facet normal 0 0 1
    outer loop
      vertex 20.265 -4.22842 36
      vertex 19 -8 36
      vertex 20.3096 -4.45293 36
    endloop
  endfacet
  facet normal 0 0 1
    outer loop
      vertex 20.25 -4 36
      vertex 19 -8 36
      vertex 20.265 -4.22842 36
    endloop
  endfacet
  facet normal 0 1 -0
    outer loop
      vertex 26 8 3
      vertex 19 8 36
      vertex 26 8 36
    endloop
  endfacet
  facet normal 0 1 0
    outer loop
      vertex 19 8 36
      vertex 26 8 3
      vertex 19 8 3
    endloop
  endfacet
  facet normal 0 -1 0
    outer loop
      vertex 19 -8 3
      vertex 26 -8 36
      vertex 19 -8 36
    endloop
  endfacet
  facet normal 0 -1 -0
    outer loop
      vertex 26 -8 36
      vertex 19 -8 3
      vertex 26 -8 3
    endloop
  endfacet
  facet normal -0.896774 -0.44249 0
    outer loop
      vertex 23.6168 -3.3303 0
      vertex 23.5155 -3.125 36
      vertex 23.5155 -3.125 0
    endloop
  endfacet
  facet normal -0.896774 -0.44249 0
    outer loop
      vertex 23.5155 -3.125 36
      vertex 23.6168 -3.3303 0
      vertex 23.6168 -3.3303 36
    endloop
  endfacet
  facet normal 0.980834 -0.194847 0
    outer loop
      vertex 20.265 -3.77158 36
      vertex 20.3096 -3.54707 0
      vertex 20.3096 -3.54707 36
    endloop
  endfacet
  facet normal 0.980834 -0.194847 0
    outer loop
      vertex 20.3096 -3.54707 0
      vertex 20.265 -3.77158 36
      vertex 20.265 -3.77158 0
    endloop
  endfacet
  facet normal -0.83162 -0.555345 0
    outer loop
      vertex 23.5155 -3.125 0
      vertex 23.3884 -2.93467 36
      vertex 23.3884 -2.93467 0
    endloop
  endfacet
  facet normal -0.83162 -0.555345 0
    outer loop
      vertex 23.3884 -2.93467 36
      vertex 23.5155 -3.125 0
      vertex 23.5155 -3.125 36
    endloop
  endfacet
  facet normal -0.321386 -0.946948 0
    outer loop
      vertex 22.4529 -2.30963 0
      vertex 22.6697 -2.38321 36
      vertex 22.4529 -2.30963 36
    endloop
  endfacet
  facet normal -0.321386 -0.946948 -0
    outer loop
      vertex 22.6697 -2.38321 36
      vertex 22.4529 -2.30963 0
      vertex 22.6697 -2.38321 0
    endloop
  endfacet
  facet normal 0.442314 -0.89686 0
    outer loop
      vertex 21.125 -2.48446 0
      vertex 21.3303 -2.38321 36
      vertex 21.125 -2.48446 36
    endloop
  endfacet
  facet normal 0.442314 -0.89686 0
    outer loop
      vertex 21.3303 -2.38321 36
      vertex 21.125 -2.48446 0
      vertex 21.3303 -2.38321 0
    endloop
  endfacet
  facet normal 0.946908 -0.321504 0
    outer loop
      vertex 20.3096 -3.54707 36
      vertex 20.3832 -3.3303 0
      vertex 20.3832 -3.3303 36
    endloop
  endfacet
  facet normal 0.946908 -0.321504 0
    outer loop
      vertex 20.3832 -3.3303 0
      vertex 20.3096 -3.54707 36
      vertex 20.3096 -3.54707 0
    endloop
  endfacet
  facet normal -0.442314 0.89686 0
    outer loop
      vertex 22.875 -5.51554 0
      vertex 22.6697 -5.61679 36
      vertex 22.875 -5.51554 36
    endloop
  endfacet
  facet normal -0.442314 0.89686 0
    outer loop
      vertex 22.6697 -5.61679 36
      vertex 22.875 -5.51554 0
      vertex 22.6697 -5.61679 0
    endloop
  endfacet
  facet normal -0.0654026 -0.997859 0
    outer loop
      vertex 22 -2.25 0
      vertex 22.2284 -2.26497 36
      vertex 22 -2.25 36
    endloop
  endfacet
  facet normal -0.0654026 -0.997859 -0
    outer loop
      vertex 22.2284 -2.26497 36
      vertex 22 -2.25 0
      vertex 22.2284 -2.26497 0
    endloop
  endfacet
  facet normal 0.997851 0.0655274 0
    outer loop
      vertex 20.265 -4.22842 36
      vertex 20.25 -4 0
      vertex 20.25 -4 36
    endloop
  endfacet
  facet normal 0.997851 0.0655274 0
    outer loop
      vertex 20.25 -4 0
      vertex 20.265 -4.22842 36
      vertex 20.265 -4.22842 0
    endloop
  endfacet
  facet normal 0.83162 -0.555345 0
    outer loop
      vertex 20.4845 -3.125 36
      vertex 20.6116 -2.93467 0
      vertex 20.6116 -2.93467 36
    endloop
  endfacet
  facet normal 0.83162 -0.555345 0
    outer loop
      vertex 20.6116 -2.93467 0
      vertex 20.4845 -3.125 36
      vertex 20.4845 -3.125 0
    endloop
  endfacet
  facet normal 0.555617 -0.831438 0
    outer loop
      vertex 20.9347 -2.61163 0
      vertex 21.125 -2.48446 36
      vertex 20.9347 -2.61163 36
    endloop
  endfacet
  facet normal 0.555617 -0.831438 0
    outer loop
      vertex 21.125 -2.48446 36
      vertex 20.9347 -2.61163 0
      vertex 21.125 -2.48446 0
    endloop
  endfacet
  facet normal 0.659352 -0.751835 0
    outer loop
      vertex 20.7626 -2.76256 0
      vertex 20.9347 -2.61163 36
      vertex 20.7626 -2.76256 36
    endloop
  endfacet
  facet normal 0.659352 -0.751835 0
    outer loop
      vertex 20.9347 -2.61163 36
      vertex 20.7626 -2.76256 0
      vertex 20.9347 -2.61163 0
    endloop
  endfacet
  facet normal -0.997851 -0.0655274 0
    outer loop
      vertex 23.75 -4 0
      vertex 23.735 -3.77158 36
      vertex 23.735 -3.77158 0
    endloop
  endfacet
  facet normal -0.997851 -0.0655274 0
    outer loop
      vertex 23.735 -3.77158 36
      vertex 23.75 -4 0
      vertex 23.75 -4 36
    endloop
  endfacet
  facet normal -0.555617 0.831438 0
    outer loop
      vertex 23.0653 -5.38837 0
      vertex 22.875 -5.51554 36
      vertex 23.0653 -5.38837 36
    endloop
  endfacet
  facet normal -0.555617 0.831438 0
    outer loop
      vertex 22.875 -5.51554 36
      vertex 23.0653 -5.38837 0
      vertex 22.875 -5.51554 0
    endloop
  endfacet
  facet normal -0.946908 0.321504 0
    outer loop
      vertex 23.6168 -4.6697 0
      vertex 23.6904 -4.45293 36
      vertex 23.6904 -4.45293 0
    endloop
  endfacet
  facet normal -0.946908 0.321504 0
    outer loop
      vertex 23.6904 -4.45293 36
      vertex 23.6168 -4.6697 0
      vertex 23.6168 -4.6697 36
    endloop
  endfacet
  facet normal -0.321386 0.946948 0
    outer loop
      vertex 22.6697 -5.61679 0
      vertex 22.4529 -5.69037 36
      vertex 22.6697 -5.61679 36
    endloop
  endfacet
  facet normal -0.321386 0.946948 0
    outer loop
      vertex 22.4529 -5.69037 36
      vertex 22.6697 -5.61679 0
      vertex 22.4529 -5.69037 0
    endloop
  endfacet
  facet normal -0.980834 -0.194847 0
    outer loop
      vertex 23.735 -3.77158 0
      vertex 23.6904 -3.54707 36
      vertex 23.6904 -3.54707 0
    endloop
  endfacet
  facet normal -0.980834 -0.194847 0
    outer loop
      vertex 23.6904 -3.54707 36
      vertex 23.735 -3.77158 0
      vertex 23.735 -3.77158 36
    endloop
  endfacet
  facet normal -0.946908 -0.321504 0
    outer loop
      vertex 23.6904 -3.54707 0
      vertex 23.6168 -3.3303 36
      vertex 23.6168 -3.3303 0
    endloop
  endfacet
  facet normal -0.946908 -0.321504 0
    outer loop
      vertex 23.6168 -3.3303 36
      vertex 23.6904 -3.54707 0
      vertex 23.6904 -3.54707 36
    endloop
  endfacet
  facet normal -0.659352 -0.751835 0
    outer loop
      vertex 23.0653 -2.61163 0
      vertex 23.2374 -2.76256 36
      vertex 23.0653 -2.61163 36
    endloop
  endfacet
  facet normal -0.659352 -0.751835 -0
    outer loop
      vertex 23.2374 -2.76256 36
      vertex 23.0653 -2.61163 0
      vertex 23.2374 -2.76256 0
    endloop
  endfacet
  facet normal -0.751702 -0.659503 0
    outer loop
      vertex 23.3884 -2.93467 0
      vertex 23.2374 -2.76256 36
      vertex 23.2374 -2.76256 0
    endloop
  endfacet
  facet normal -0.751702 -0.659503 0
    outer loop
      vertex 23.2374 -2.76256 36
      vertex 23.3884 -2.93467 0
      vertex 23.3884 -2.93467 36
    endloop
  endfacet
  facet normal 0.0654026 -0.997859 0
    outer loop
      vertex 21.7716 -2.26497 0
      vertex 22 -2.25 36
      vertex 21.7716 -2.26497 36
    endloop
  endfacet
  facet normal 0.0654026 -0.997859 0
    outer loop
      vertex 22 -2.25 36
      vertex 21.7716 -2.26497 0
      vertex 22 -2.25 0
    endloop
  endfacet
  facet normal -0.195108 -0.980782 0
    outer loop
      vertex 22.2284 -2.26497 0
      vertex 22.4529 -2.30963 36
      vertex 22.2284 -2.26497 36
    endloop
  endfacet
  facet normal -0.195108 -0.980782 -0
    outer loop
      vertex 22.4529 -2.30963 36
      vertex 22.2284 -2.26497 0
      vertex 22.4529 -2.30963 0
    endloop
  endfacet
  facet normal -0.555617 -0.831438 0
    outer loop
      vertex 22.875 -2.48446 0
      vertex 23.0653 -2.61163 36
      vertex 22.875 -2.48446 36
    endloop
  endfacet
  facet normal -0.555617 -0.831438 -0
    outer loop
      vertex 23.0653 -2.61163 36
      vertex 22.875 -2.48446 0
      vertex 23.0653 -2.61163 0
    endloop
  endfacet
  facet normal -0.442314 -0.89686 0
    outer loop
      vertex 22.6697 -2.38321 0
      vertex 22.875 -2.48446 36
      vertex 22.6697 -2.38321 36
    endloop
  endfacet
  facet normal -0.442314 -0.89686 -0
    outer loop
      vertex 22.875 -2.48446 36
      vertex 22.6697 -2.38321 0
      vertex 22.875 -2.48446 0
    endloop
  endfacet
  facet normal 0.997851 -0.0655274 0
    outer loop
      vertex 20.25 -4 36
      vertex 20.265 -3.77158 0
      vertex 20.265 -3.77158 36
    endloop
  endfacet
  facet normal 0.997851 -0.0655274 0
    outer loop
      vertex 20.265 -3.77158 0
      vertex 20.25 -4 36
      vertex 20.25 -4 0
    endloop
  endfacet
  facet normal 0.896774 -0.44249 0
    outer loop
      vertex 20.3832 -3.3303 36
      vertex 20.4845 -3.125 0
      vertex 20.4845 -3.125 36
    endloop
  endfacet
  facet normal 0.896774 -0.44249 0
    outer loop
      vertex 20.4845 -3.125 0
      vertex 20.3832 -3.3303 36
      vertex 20.3832 -3.3303 0
    endloop
  endfacet
  facet normal 0.195108 -0.980782 0
    outer loop
      vertex 21.5471 -2.30963 0
      vertex 21.7716 -2.26497 36
      vertex 21.5471 -2.30963 36
    endloop
  endfacet
  facet normal 0.195108 -0.980782 0
    outer loop
      vertex 21.7716 -2.26497 36
      vertex 21.5471 -2.30963 0
      vertex 21.7716 -2.26497 0
    endloop
  endfacet
  facet normal 0.321386 -0.946948 0
    outer loop
      vertex 21.3303 -2.38321 0
      vertex 21.5471 -2.30963 36
      vertex 21.3303 -2.38321 36
    endloop
  endfacet
  facet normal 0.321386 -0.946948 0
    outer loop
      vertex 21.5471 -2.30963 36
      vertex 21.3303 -2.38321 0
      vertex 21.5471 -2.30963 0
    endloop
  endfacet
  facet normal 0.751702 -0.659503 0
    outer loop
      vertex 20.6116 -2.93467 36
      vertex 20.7626 -2.76256 0
      vertex 20.7626 -2.76256 36
    endloop
  endfacet
  facet normal 0.751702 -0.659503 0
    outer loop
      vertex 20.7626 -2.76256 0
      vertex 20.6116 -2.93467 36
      vertex 20.6116 -2.93467 0
    endloop
  endfacet
  facet normal -0.997851 0.0655274 0
    outer loop
      vertex 23.735 -4.22842 0
      vertex 23.75 -4 36
      vertex 23.75 -4 0
    endloop
  endfacet
  facet normal -0.997851 0.0655274 0
    outer loop
      vertex 23.75 -4 36
      vertex 23.735 -4.22842 0
      vertex 23.735 -4.22842 36
    endloop
  endfacet
  facet normal -0.83162 0.555345 0
    outer loop
      vertex 23.3884 -5.06533 0
      vertex 23.5155 -4.875 36
      vertex 23.5155 -4.875 0
    endloop
  endfacet
  facet normal -0.83162 0.555345 0
    outer loop
      vertex 23.5155 -4.875 36
      vertex 23.3884 -5.06533 0
      vertex 23.3884 -5.06533 36
    endloop
  endfacet
  facet normal -0.896774 0.44249 0
    outer loop
      vertex 23.5155 -4.875 0
      vertex 23.6168 -4.6697 36
      vertex 23.6168 -4.6697 0
    endloop
  endfacet
  facet normal -0.896774 0.44249 0
    outer loop
      vertex 23.6168 -4.6697 36
      vertex 23.5155 -4.875 0
      vertex 23.5155 -4.875 36
    endloop
  endfacet
  facet normal 0.751702 0.659503 0
    outer loop
      vertex 20.7626 -5.23744 36
      vertex 20.6116 -5.06533 0
      vertex 20.6116 -5.06533 36
    endloop
  endfacet
  facet normal 0.751702 0.659503 0
    outer loop
      vertex 20.6116 -5.06533 0
      vertex 20.7626 -5.23744 36
      vertex 20.7626 -5.23744 0
    endloop
  endfacet
  facet normal 0.83162 0.555345 0
    outer loop
      vertex 20.6116 -5.06533 36
      vertex 20.4845 -4.875 0
      vertex 20.4845 -4.875 36
    endloop
  endfacet
  facet normal 0.83162 0.555345 0
    outer loop
      vertex 20.4845 -4.875 0
      vertex 20.6116 -5.06533 36
      vertex 20.6116 -5.06533 0
    endloop
  endfacet
  facet normal -0.195108 0.980782 0
    outer loop
      vertex 22.4529 -5.69037 0
      vertex 22.2284 -5.73503 36
      vertex 22.4529 -5.69037 36
    endloop
  endfacet
  facet normal -0.195108 0.980782 0
    outer loop
      vertex 22.2284 -5.73503 36
      vertex 22.4529 -5.69037 0
      vertex 22.2284 -5.73503 0
    endloop
  endfacet
  facet normal -0.0654026 0.997859 0
    outer loop
      vertex 22.2284 -5.73503 0
      vertex 22 -5.75 36
      vertex 22.2284 -5.73503 36
    endloop
  endfacet
  facet normal -0.0654026 0.997859 0
    outer loop
      vertex 22 -5.75 36
      vertex 22.2284 -5.73503 0
      vertex 22 -5.75 0
    endloop
  endfacet
  facet normal 0.980834 0.194847 0
    outer loop
      vertex 20.3096 -4.45293 36
      vertex 20.265 -4.22842 0
      vertex 20.265 -4.22842 36
    endloop
  endfacet
  facet normal 0.980834 0.194847 0
    outer loop
      vertex 20.265 -4.22842 0
      vertex 20.3096 -4.45293 36
      vertex 20.3096 -4.45293 0
    endloop
  endfacet
  facet normal 0.896774 0.44249 0
    outer loop
      vertex 20.4845 -4.875 36
      vertex 20.3832 -4.6697 0
      vertex 20.3832 -4.6697 36
    endloop
  endfacet
  facet normal 0.896774 0.44249 0
    outer loop
      vertex 20.3832 -4.6697 0
      vertex 20.4845 -4.875 36
      vertex 20.4845 -4.875 0
    endloop
  endfacet
  facet normal -0.659352 0.751835 0
    outer loop
      vertex 23.2374 -5.23744 0
      vertex 23.0653 -5.38837 36
      vertex 23.2374 -5.23744 36
    endloop
  endfacet
  facet normal -0.659352 0.751835 0
    outer loop
      vertex 23.0653 -5.38837 36
      vertex 23.2374 -5.23744 0
      vertex 23.0653 -5.38837 0
    endloop
  endfacet
  facet normal -0.980834 0.194847 0
    outer loop
      vertex 23.6904 -4.45293 0
      vertex 23.735 -4.22842 36
      vertex 23.735 -4.22842 0
    endloop
  endfacet
  facet normal -0.980834 0.194847 0
    outer loop
      vertex 23.735 -4.22842 36
      vertex 23.6904 -4.45293 0
      vertex 23.6904 -4.45293 36
    endloop
  endfacet
  facet normal 0.321386 0.946948 -0
    outer loop
      vertex 21.5471 -5.69037 0
      vertex 21.3303 -5.61679 36
      vertex 21.5471 -5.69037 36
    endloop
  endfacet
  facet normal 0.321386 0.946948 0
    outer loop
      vertex 21.3303 -5.61679 36
      vertex 21.5471 -5.69037 0
      vertex 21.3303 -5.61679 0
    endloop
  endfacet
  facet normal 0.555617 0.831438 -0
    outer loop
      vertex 21.125 -5.51554 0
      vertex 20.9347 -5.38837 36
      vertex 21.125 -5.51554 36
    endloop
  endfacet
  facet normal 0.555617 0.831438 0
    outer loop
      vertex 20.9347 -5.38837 36
      vertex 21.125 -5.51554 0
      vertex 20.9347 -5.38837 0
    endloop
  endfacet
  facet normal 0.0654026 0.997859 -0
    outer loop
      vertex 22 -5.75 0
      vertex 21.7716 -5.73503 36
      vertex 22 -5.75 36
    endloop
  endfacet
  facet normal 0.0654026 0.997859 0
    outer loop
      vertex 21.7716 -5.73503 36
      vertex 22 -5.75 0
      vertex 21.7716 -5.73503 0
    endloop
  endfacet
  facet normal 0.946908 0.321504 0
    outer loop
      vertex 20.3832 -4.6697 36
      vertex 20.3096 -4.45293 0
      vertex 20.3096 -4.45293 36
    endloop
  endfacet
  facet normal 0.946908 0.321504 0
    outer loop
      vertex 20.3096 -4.45293 0
      vertex 20.3832 -4.6697 36
      vertex 20.3832 -4.6697 0
    endloop
  endfacet
  facet normal 0.659352 0.751835 -0
    outer loop
      vertex 20.9347 -5.38837 0
      vertex 20.7626 -5.23744 36
      vertex 20.9347 -5.38837 36
    endloop
  endfacet
  facet normal 0.659352 0.751835 0
    outer loop
      vertex 20.7626 -5.23744 36
      vertex 20.9347 -5.38837 0
      vertex 20.7626 -5.23744 0
    endloop
  endfacet
  facet normal -0.751702 0.659503 0
    outer loop
      vertex 23.2374 -5.23744 0
      vertex 23.3884 -5.06533 36
      vertex 23.3884 -5.06533 0
    endloop
  endfacet
  facet normal -0.751702 0.659503 0
    outer loop
      vertex 23.3884 -5.06533 36
      vertex 23.2374 -5.23744 0
      vertex 23.2374 -5.23744 36
    endloop
  endfacet
  facet normal 0.442314 0.89686 -0
    outer loop
      vertex 21.3303 -5.61679 0
      vertex 21.125 -5.51554 36
      vertex 21.3303 -5.61679 36
    endloop
  endfacet
  facet normal 0.442314 0.89686 0
    outer loop
      vertex 21.125 -5.51554 36
      vertex 21.3303 -5.61679 0
      vertex 21.125 -5.51554 0
    endloop
  endfacet
  facet normal 0.195108 0.980782 -0
    outer loop
      vertex 21.7716 -5.73503 0
      vertex 21.5471 -5.69037 36
      vertex 21.7716 -5.73503 36
    endloop
  endfacet
  facet normal 0.195108 0.980782 0
    outer loop
      vertex 21.5471 -5.69037 36
      vertex 21.7716 -5.73503 0
      vertex 21.5471 -5.69037 0
    endloop
  endfacet
  facet normal 0.980834 -0.194847 0
    outer loop
      vertex 20.265 4.22842 36
      vertex 20.3096 4.45293 0
      vertex 20.3096 4.45293 36
    endloop
  endfacet
  facet normal 0.980834 -0.194847 0
    outer loop
      vertex 20.3096 4.45293 0
      vertex 20.265 4.22842 36
      vertex 20.265 4.22842 0
    endloop
  endfacet
  facet normal 0.195108 0.980782 -0
    outer loop
      vertex 21.7716 2.26497 0
      vertex 21.5471 2.30963 36
      vertex 21.7716 2.26497 36
    endloop
  endfacet
  facet normal 0.195108 0.980782 0
    outer loop
      vertex 21.5471 2.30963 36
      vertex 21.7716 2.26497 0
      vertex 21.5471 2.30963 0
    endloop
  endfacet
  facet normal -0.442314 -0.89686 0
    outer loop
      vertex 22.6697 5.61679 0
      vertex 22.875 5.51554 36
      vertex 22.6697 5.61679 36
    endloop
  endfacet
  facet normal -0.442314 -0.89686 -0
    outer loop
      vertex 22.875 5.51554 36
      vertex 22.6697 5.61679 0
      vertex 22.875 5.51554 0
    endloop
  endfacet
  facet normal 0.442314 -0.89686 0
    outer loop
      vertex 21.125 5.51554 0
      vertex 21.3303 5.61679 36
      vertex 21.125 5.51554 36
    endloop
  endfacet
  facet normal 0.442314 -0.89686 0
    outer loop
      vertex 21.3303 5.61679 36
      vertex 21.125 5.51554 0
      vertex 21.3303 5.61679 0
    endloop
  endfacet
  facet normal 0.946908 -0.321504 0
    outer loop
      vertex 20.3096 4.45293 36
      vertex 20.3832 4.6697 0
      vertex 20.3832 4.6697 36
    endloop
  endfacet
  facet normal 0.946908 -0.321504 0
    outer loop
      vertex 20.3832 4.6697 0
      vertex 20.3096 4.45293 36
      vertex 20.3096 4.45293 0
    endloop
  endfacet
  facet normal 0.83162 0.555345 0
    outer loop
      vertex 20.6116 2.93467 36
      vertex 20.4845 3.125 0
      vertex 20.4845 3.125 36
    endloop
  endfacet
  facet normal 0.83162 0.555345 0
    outer loop
      vertex 20.4845 3.125 0
      vertex 20.6116 2.93467 36
      vertex 20.6116 2.93467 0
    endloop
  endfacet
  facet normal -0.946908 -0.321504 0
    outer loop
      vertex 23.6904 4.45293 0
      vertex 23.6168 4.6697 36
      vertex 23.6168 4.6697 0
    endloop
  endfacet
  facet normal -0.946908 -0.321504 0
    outer loop
      vertex 23.6168 4.6697 36
      vertex 23.6904 4.45293 0
      vertex 23.6904 4.45293 36
    endloop
  endfacet
  facet normal -0.896774 -0.44249 0
    outer loop
      vertex 23.6168 4.6697 0
      vertex 23.5155 4.875 36
      vertex 23.5155 4.875 0
    endloop
  endfacet
  facet normal -0.896774 -0.44249 0
    outer loop
      vertex 23.5155 4.875 36
      vertex 23.6168 4.6697 0
      vertex 23.6168 4.6697 36
    endloop
  endfacet
  facet normal -0.83162 -0.555345 0
    outer loop
      vertex 23.5155 4.875 0
      vertex 23.3884 5.06533 36
      vertex 23.3884 5.06533 0
    endloop
  endfacet
  facet normal -0.83162 -0.555345 0
    outer loop
      vertex 23.3884 5.06533 36
      vertex 23.5155 4.875 0
      vertex 23.5155 4.875 36
    endloop
  endfacet
  facet normal -0.751702 -0.659503 0
    outer loop
      vertex 23.3884 5.06533 0
      vertex 23.2374 5.23744 36
      vertex 23.2374 5.23744 0
    endloop
  endfacet
  facet normal -0.751702 -0.659503 0
    outer loop
      vertex 23.2374 5.23744 36
      vertex 23.3884 5.06533 0
      vertex 23.3884 5.06533 36
    endloop
  endfacet
  facet normal -0.321386 -0.946948 0
    outer loop
      vertex 22.4529 5.69037 0
      vertex 22.6697 5.61679 36
      vertex 22.4529 5.69037 36
    endloop
  endfacet
  facet normal -0.321386 -0.946948 -0
    outer loop
      vertex 22.6697 5.61679 36
      vertex 22.4529 5.69037 0
      vertex 22.6697 5.61679 0
    endloop
  endfacet
  facet normal 0.0654026 -0.997859 0
    outer loop
      vertex 21.7716 5.73503 0
      vertex 22 5.75 36
      vertex 21.7716 5.73503 36
    endloop
  endfacet
  facet normal 0.0654026 -0.997859 0
    outer loop
      vertex 22 5.75 36
      vertex 21.7716 5.73503 0
      vertex 22 5.75 0
    endloop
  endfacet
  facet normal -0.0654026 -0.997859 0
    outer loop
      vertex 22 5.75 0
      vertex 22.2284 5.73503 36
      vertex 22 5.75 36
    endloop
  endfacet
  facet normal -0.0654026 -0.997859 -0
    outer loop
      vertex 22.2284 5.73503 36
      vertex 22 5.75 0
      vertex 22.2284 5.73503 0
    endloop
  endfacet
  facet normal 0.997851 0.0655274 0
    outer loop
      vertex 20.265 3.77158 36
      vertex 20.25 4 0
      vertex 20.25 4 36
    endloop
  endfacet
  facet normal 0.997851 0.0655274 0
    outer loop
      vertex 20.25 4 0
      vertex 20.265 3.77158 36
      vertex 20.265 3.77158 0
    endloop
  endfacet
  facet normal 0.83162 -0.555345 0
    outer loop
      vertex 20.4845 4.875 36
      vertex 20.6116 5.06533 0
      vertex 20.6116 5.06533 36
    endloop
  endfacet
  facet normal 0.83162 -0.555345 0
    outer loop
      vertex 20.6116 5.06533 0
      vertex 20.4845 4.875 36
      vertex 20.4845 4.875 0
    endloop
  endfacet
  facet normal 0.555617 -0.831438 0
    outer loop
      vertex 20.9347 5.38837 0
      vertex 21.125 5.51554 36
      vertex 20.9347 5.38837 36
    endloop
  endfacet
  facet normal 0.555617 -0.831438 0
    outer loop
      vertex 21.125 5.51554 36
      vertex 20.9347 5.38837 0
      vertex 21.125 5.51554 0
    endloop
  endfacet
  facet normal 0.659352 -0.751835 0
    outer loop
      vertex 20.7626 5.23744 0
      vertex 20.9347 5.38837 36
      vertex 20.7626 5.23744 36
    endloop
  endfacet
  facet normal 0.659352 -0.751835 0
    outer loop
      vertex 20.9347 5.38837 36
      vertex 20.7626 5.23744 0
      vertex 20.9347 5.38837 0
    endloop
  endfacet
  facet normal -0.997851 -0.0655274 0
    outer loop
      vertex 23.75 4 0
      vertex 23.735 4.22842 36
      vertex 23.735 4.22842 0
    endloop
  endfacet
  facet normal -0.997851 -0.0655274 0
    outer loop
      vertex 23.735 4.22842 36
      vertex 23.75 4 0
      vertex 23.75 4 36
    endloop
  endfacet
  facet normal -0.442314 0.89686 0
    outer loop
      vertex 22.875 2.48446 0
      vertex 22.6697 2.38321 36
      vertex 22.875 2.48446 36
    endloop
  endfacet
  facet normal -0.442314 0.89686 0
    outer loop
      vertex 22.6697 2.38321 36
      vertex 22.875 2.48446 0
      vertex 22.6697 2.38321 0
    endloop
  endfacet
  facet normal -0.83162 0.555345 0
    outer loop
      vertex 23.3884 2.93467 0
      vertex 23.5155 3.125 36
      vertex 23.5155 3.125 0
    endloop
  endfacet
  facet normal -0.83162 0.555345 0
    outer loop
      vertex 23.5155 3.125 36
      vertex 23.3884 2.93467 0
      vertex 23.3884 2.93467 36
    endloop
  endfacet
  facet normal -0.751702 0.659503 0
    outer loop
      vertex 23.2374 2.76256 0
      vertex 23.3884 2.93467 36
      vertex 23.3884 2.93467 0
    endloop
  endfacet
  facet normal -0.751702 0.659503 0
    outer loop
      vertex 23.3884 2.93467 36
      vertex 23.2374 2.76256 0
      vertex 23.2374 2.76256 36
    endloop
  endfacet
  facet normal -0.555617 0.831438 0
    outer loop
      vertex 23.0653 2.61163 0
      vertex 22.875 2.48446 36
      vertex 23.0653 2.61163 36
    endloop
  endfacet
  facet normal -0.555617 0.831438 0
    outer loop
      vertex 22.875 2.48446 36
      vertex 23.0653 2.61163 0
      vertex 22.875 2.48446 0
    endloop
  endfacet
  facet normal -0.0654026 0.997859 0
    outer loop
      vertex 22.2284 2.26497 0
      vertex 22 2.25 36
      vertex 22.2284 2.26497 36
    endloop
  endfacet
  facet normal -0.0654026 0.997859 0
    outer loop
      vertex 22 2.25 36
      vertex 22.2284 2.26497 0
      vertex 22 2.25 0
    endloop
  endfacet
  facet normal 0.321386 0.946948 -0
    outer loop
      vertex 21.5471 2.30963 0
      vertex 21.3303 2.38321 36
      vertex 21.5471 2.30963 36
    endloop
  endfacet
  facet normal 0.321386 0.946948 0
    outer loop
      vertex 21.3303 2.38321 36
      vertex 21.5471 2.30963 0
      vertex 21.3303 2.38321 0
    endloop
  endfacet
  facet normal -0.659352 -0.751835 0
    outer loop
      vertex 23.0653 5.38837 0
      vertex 23.2374 5.23744 36
      vertex 23.0653 5.38837 36
    endloop
  endfacet
  facet normal -0.659352 -0.751835 -0
    outer loop
      vertex 23.2374 5.23744 36
      vertex 23.0653 5.38837 0
      vertex 23.2374 5.23744 0
    endloop
  endfacet
  facet normal -0.195108 -0.980782 0
    outer loop
      vertex 22.2284 5.73503 0
      vertex 22.4529 5.69037 36
      vertex 22.2284 5.73503 36
    endloop
  endfacet
  facet normal -0.195108 -0.980782 -0
    outer loop
      vertex 22.4529 5.69037 36
      vertex 22.2284 5.73503 0
      vertex 22.4529 5.69037 0
    endloop
  endfacet
  facet normal 0.997851 -0.0655274 0
    outer loop
      vertex 20.25 4 36
      vertex 20.265 4.22842 0
      vertex 20.265 4.22842 36
    endloop
  endfacet
  facet normal 0.997851 -0.0655274 0
    outer loop
      vertex 20.265 4.22842 0
      vertex 20.25 4 36
      vertex 20.25 4 0
    endloop
  endfacet
  facet normal 0.896774 -0.44249 0
    outer loop
      vertex 20.3832 4.6697 36
      vertex 20.4845 4.875 0
      vertex 20.4845 4.875 36
    endloop
  endfacet
  facet normal 0.896774 -0.44249 0
    outer loop
      vertex 20.4845 4.875 0
      vertex 20.3832 4.6697 36
      vertex 20.3832 4.6697 0
    endloop
  endfacet
  facet normal 0.195108 -0.980782 0
    outer loop
      vertex 21.5471 5.69037 0
      vertex 21.7716 5.73503 36
      vertex 21.5471 5.69037 36
    endloop
  endfacet
  facet normal 0.195108 -0.980782 0
    outer loop
      vertex 21.7716 5.73503 36
      vertex 21.5471 5.69037 0
      vertex 21.7716 5.73503 0
    endloop
  endfacet
  facet normal 0.321386 -0.946948 0
    outer loop
      vertex 21.3303 5.61679 0
      vertex 21.5471 5.69037 36
      vertex 21.3303 5.61679 36
    endloop
  endfacet
  facet normal 0.321386 -0.946948 0
    outer loop
      vertex 21.5471 5.69037 36
      vertex 21.3303 5.61679 0
      vertex 21.5471 5.69037 0
    endloop
  endfacet
  facet normal 0.751702 -0.659503 0
    outer loop
      vertex 20.6116 5.06533 36
      vertex 20.7626 5.23744 0
      vertex 20.7626 5.23744 36
    endloop
  endfacet
  facet normal 0.751702 -0.659503 0
    outer loop
      vertex 20.7626 5.23744 0
      vertex 20.6116 5.06533 36
      vertex 20.6116 5.06533 0
    endloop
  endfacet
  facet normal -0.997851 0.0655274 0
    outer loop
      vertex 23.735 3.77158 0
      vertex 23.75 4 36
      vertex 23.75 4 0
    endloop
  endfacet
  facet normal -0.997851 0.0655274 0
    outer loop
      vertex 23.75 4 36
      vertex 23.735 3.77158 0
      vertex 23.735 3.77158 36
    endloop
  endfacet
  facet normal -0.195108 0.980782 0
    outer loop
      vertex 22.4529 2.30963 0
      vertex 22.2284 2.26497 36
      vertex 22.4529 2.30963 36
    endloop
  endfacet
  facet normal -0.195108 0.980782 0
    outer loop
      vertex 22.2284 2.26497 36
      vertex 22.4529 2.30963 0
      vertex 22.2284 2.26497 0
    endloop
  endfacet
  facet normal -0.946908 0.321504 0
    outer loop
      vertex 23.6168 3.3303 0
      vertex 23.6904 3.54707 36
      vertex 23.6904 3.54707 0
    endloop
  endfacet
  facet normal -0.946908 0.321504 0
    outer loop
      vertex 23.6904 3.54707 36
      vertex 23.6168 3.3303 0
      vertex 23.6168 3.3303 36
    endloop
  endfacet
  facet normal -0.321386 0.946948 0
    outer loop
      vertex 22.6697 2.38321 0
      vertex 22.4529 2.30963 36
      vertex 22.6697 2.38321 36
    endloop
  endfacet
  facet normal -0.321386 0.946948 0
    outer loop
      vertex 22.4529 2.30963 36
      vertex 22.6697 2.38321 0
      vertex 22.4529 2.30963 0
    endloop
  endfacet
  facet normal -0.659352 0.751835 0
    outer loop
      vertex 23.2374 2.76256 0
      vertex 23.0653 2.61163 36
      vertex 23.2374 2.76256 36
    endloop
  endfacet
  facet normal -0.659352 0.751835 0
    outer loop
      vertex 23.0653 2.61163 36
      vertex 23.2374 2.76256 0
      vertex 23.0653 2.61163 0
    endloop
  endfacet
  facet normal 0.0654026 0.997859 -0
    outer loop
      vertex 22 2.25 0
      vertex 21.7716 2.26497 36
      vertex 22 2.25 36
    endloop
  endfacet
  facet normal 0.0654026 0.997859 0
    outer loop
      vertex 21.7716 2.26497 36
      vertex 22 2.25 0
      vertex 21.7716 2.26497 0
    endloop
  endfacet
  facet normal 0.555617 0.831438 -0
    outer loop
      vertex 21.125 2.48446 0
      vertex 20.9347 2.61163 36
      vertex 21.125 2.48446 36
    endloop
  endfacet
  facet normal 0.555617 0.831438 0
    outer loop
      vertex 20.9347 2.61163 36
      vertex 21.125 2.48446 0
      vertex 20.9347 2.61163 0
    endloop
  endfacet
  facet normal 0.896774 0.44249 0
    outer loop
      vertex 20.4845 3.125 36
      vertex 20.3832 3.3303 0
      vertex 20.3832 3.3303 36
    endloop
  endfacet
  facet normal 0.896774 0.44249 0
    outer loop
      vertex 20.3832 3.3303 0
      vertex 20.4845 3.125 36
      vertex 20.4845 3.125 0
    endloop
  endfacet
  facet normal 0.980834 0.194847 0
    outer loop
      vertex 20.3096 3.54707 36
      vertex 20.265 3.77158 0
      vertex 20.265 3.77158 36
    endloop
  endfacet
  facet normal 0.980834 0.194847 0
    outer loop
      vertex 20.265 3.77158 0
      vertex 20.3096 3.54707 36
      vertex 20.3096 3.54707 0
    endloop
  endfacet
  facet normal 0.751702 0.659503 0
    outer loop
      vertex 20.7626 2.76256 36
      vertex 20.6116 2.93467 0
      vertex 20.6116 2.93467 36
    endloop
  endfacet
  facet normal 0.751702 0.659503 0
    outer loop
      vertex 20.6116 2.93467 0
      vertex 20.7626 2.76256 36
      vertex 20.7626 2.76256 0
    endloop
  endfacet
  facet normal 0.659352 0.751835 -0
    outer loop
      vertex 20.9347 2.61163 0
      vertex 20.7626 2.76256 36
      vertex 20.9347 2.61163 36
    endloop
  endfacet
  facet normal 0.659352 0.751835 0
    outer loop
      vertex 20.7626 2.76256 36
      vertex 20.9347 2.61163 0
      vertex 20.7626 2.76256 0
    endloop
  endfacet
  facet normal -0.980834 -0.194847 0
    outer loop
      vertex 23.735 4.22842 0
      vertex 23.6904 4.45293 36
      vertex 23.6904 4.45293 0
    endloop
  endfacet
  facet normal -0.980834 -0.194847 0
    outer loop
      vertex 23.6904 4.45293 36
      vertex 23.735 4.22842 0
      vertex 23.735 4.22842 36
    endloop
  endfacet
  facet normal -0.555617 -0.831438 0
    outer loop
      vertex 22.875 5.51554 0
      vertex 23.0653 5.38837 36
      vertex 22.875 5.51554 36
    endloop
  endfacet
  facet normal -0.555617 -0.831438 -0
    outer loop
      vertex 23.0653 5.38837 36
      vertex 22.875 5.51554 0
      vertex 23.0653 5.38837 0
    endloop
  endfacet
  facet normal -0.896774 0.44249 0
    outer loop
      vertex 23.5155 3.125 0
      vertex 23.6168 3.3303 36
      vertex 23.6168 3.3303 0
    endloop
  endfacet
  facet normal -0.896774 0.44249 0
    outer loop
      vertex 23.6168 3.3303 36
      vertex 23.5155 3.125 0
      vertex 23.5155 3.125 36
    endloop
  endfacet
  facet normal 0.442314 0.89686 -0
    outer loop
      vertex 21.3303 2.38321 0
      vertex 21.125 2.48446 36
      vertex 21.3303 2.38321 36
    endloop
  endfacet
  facet normal 0.442314 0.89686 0
    outer loop
      vertex 21.125 2.48446 36
      vertex 21.3303 2.38321 0
      vertex 21.125 2.48446 0
    endloop
  endfacet
  facet normal 0.946908 0.321504 0
    outer loop
      vertex 20.3832 3.3303 36
      vertex 20.3096 3.54707 0
      vertex 20.3096 3.54707 36
    endloop
  endfacet
  facet normal 0.946908 0.321504 0
    outer loop
      vertex 20.3096 3.54707 0
      vertex 20.3832 3.3303 36
      vertex 20.3832 3.3303 0
    endloop
  endfacet
  facet normal -0.980834 0.194847 0
    outer loop
      vertex 23.6904 3.54707 0
      vertex 23.735 3.77158 36
      vertex 23.735 3.77158 0
    endloop
  endfacet
  facet normal -0.980834 0.194847 0
    outer loop
      vertex 23.735 3.77158 36
      vertex 23.6904 3.54707 0
      vertex 23.6904 3.54707 36
    endloop
  endfacet
  facet normal -0.659332 -0.751852 0
    outer loop
      vertex 1.36971 1.78504 0
      vertex 1.59099 1.59099 3.5
      vertex 1.36971 1.78504 3.5
    endloop
  endfacet
  facet normal -0.659332 -0.751852 -0
    outer loop
      vertex 1.59099 1.59099 3.5
      vertex 1.36971 1.78504 0
      vertex 1.59099 1.59099 0
    endloop
  endfacet
  facet normal 0.946934 -0.321427 0
    outer loop
      vertex -2.17333 0.582342 3.5
      vertex -2.07873 0.861037 0
      vertex -2.07873 0.861037 3.5
    endloop
  endfacet
  facet normal 0.946934 -0.321427 0
    outer loop
      vertex -2.07873 0.861037 0
      vertex -2.17333 0.582342 3.5
      vertex -2.17333 0.582342 0
    endloop
  endfacet
  facet normal 0.321427 0.946934 -0
    outer loop
      vertex -0.582342 -2.17333 0
      vertex -0.861037 -2.07873 3.5
      vertex -0.582342 -2.17333 3.5
    endloop
  endfacet
  facet normal 0.321427 0.946934 0
    outer loop
      vertex -0.861037 -2.07873 3.5
      vertex -0.582342 -2.17333 0
      vertex -0.861037 -2.07873 0
    endloop
  endfacet
  facet normal 0.321427 -0.946934 0
    outer loop
      vertex -0.861037 2.07873 0
      vertex -0.582342 2.17333 3.5
      vertex -0.861037 2.07873 3.5
    endloop
  endfacet
  facet normal 0.321427 -0.946934 0
    outer loop
      vertex -0.582342 2.17333 3.5
      vertex -0.861037 2.07873 0
      vertex -0.582342 2.17333 0
    endloop
  endfacet
  facet normal 0.896876 -0.442283 0
    outer loop
      vertex -2.07873 0.861037 3.5
      vertex -1.94856 1.125 0
      vertex -1.94856 1.125 3.5
    endloop
  endfacet
  facet normal 0.896876 -0.442283 0
    outer loop
      vertex -1.94856 1.125 0
      vertex -2.07873 0.861037 3.5
      vertex -2.07873 0.861037 0
    endloop
  endfacet
  facet normal -0.896876 -0.442283 0
    outer loop
      vertex 2.07873 0.861037 0
      vertex 1.94856 1.125 3.5
      vertex 1.94856 1.125 0
    endloop
  endfacet
  facet normal -0.896876 -0.442283 0
    outer loop
      vertex 1.94856 1.125 3.5
      vertex 2.07873 0.861037 0
      vertex 2.07873 0.861037 3.5
    endloop
  endfacet
  facet normal -0.831454 -0.555594 0
    outer loop
      vertex 1.94856 1.125 0
      vertex 1.78504 1.36971 3.5
      vertex 1.78504 1.36971 0
    endloop
  endfacet
  facet normal -0.831454 -0.555594 0
    outer loop
      vertex 1.78504 1.36971 3.5
      vertex 1.94856 1.125 0
      vertex 1.94856 1.125 3.5
    endloop
  endfacet
  facet normal -0.751852 -0.659332 0
    outer loop
      vertex 1.78504 1.36971 0
      vertex 1.59099 1.59099 3.5
      vertex 1.59099 1.59099 0
    endloop
  endfacet
  facet normal -0.751852 -0.659332 0
    outer loop
      vertex 1.59099 1.59099 3.5
      vertex 1.78504 1.36971 0
      vertex 1.78504 1.36971 3.5
    endloop
  endfacet
  facet normal -0.442283 -0.896876 0
    outer loop
      vertex 0.861037 2.07873 0
      vertex 1.125 1.94856 3.5
      vertex 0.861037 2.07873 3.5
    endloop
  endfacet
  facet normal -0.442283 -0.896876 -0
    outer loop
      vertex 1.125 1.94856 3.5
      vertex 0.861037 2.07873 0
      vertex 1.125 1.94856 0
    endloop
  endfacet
  facet normal -0.195097 -0.980784 0
    outer loop
      vertex 0.293683 2.23075 0
      vertex 0.582342 2.17333 3.5
      vertex 0.293683 2.23075 3.5
    endloop
  endfacet
  facet normal -0.195097 -0.980784 -0
    outer loop
      vertex 0.582342 2.17333 3.5
      vertex 0.293683 2.23075 0
      vertex 0.582342 2.17333 0
    endloop
  endfacet
  facet normal 0.980784 -0.195097 0
    outer loop
      vertex -2.23075 0.293683 3.5
      vertex -2.17333 0.582342 0
      vertex -2.17333 0.582342 3.5
    endloop
  endfacet
  facet normal 0.980784 -0.195097 0
    outer loop
      vertex -2.17333 0.582342 0
      vertex -2.23075 0.293683 3.5
      vertex -2.23075 0.293683 0
    endloop
  endfacet
  facet normal 0.751852 -0.659332 0
    outer loop
      vertex -1.78504 1.36971 3.5
      vertex -1.59099 1.59099 0
      vertex -1.59099 1.59099 3.5
    endloop
  endfacet
  facet normal 0.751852 -0.659332 0
    outer loop
      vertex -1.59099 1.59099 0
      vertex -1.78504 1.36971 3.5
      vertex -1.78504 1.36971 0
    endloop
  endfacet
  facet normal 0.442283 -0.896876 0
    outer loop
      vertex -1.125 1.94856 0
      vertex -0.861037 2.07873 3.5
      vertex -1.125 1.94856 3.5
    endloop
  endfacet
  facet normal 0.442283 -0.896876 0
    outer loop
      vertex -0.861037 2.07873 3.5
      vertex -1.125 1.94856 0
      vertex -0.861037 2.07873 0
    endloop
  endfacet
  facet normal 0.195097 -0.980784 0
    outer loop
      vertex -0.582342 2.17333 0
      vertex -0.293683 2.23075 3.5
      vertex -0.582342 2.17333 3.5
    endloop
  endfacet
  facet normal 0.195097 -0.980784 0
    outer loop
      vertex -0.293683 2.23075 3.5
      vertex -0.582342 2.17333 0
      vertex -0.293683 2.23075 0
    endloop
  endfacet
  facet normal -0.997859 0.0654065 0
    outer loop
      vertex 2.23075 -0.293683 0
      vertex 2.25 0 3.5
      vertex 2.25 0 0
    endloop
  endfacet
  facet normal -0.997859 0.0654065 0
    outer loop
      vertex 2.25 0 3.5
      vertex 2.23075 -0.293683 0
      vertex 2.23075 -0.293683 3.5
    endloop
  endfacet
  facet normal -0.321427 0.946934 0
    outer loop
      vertex 0.861037 -2.07873 0
      vertex 0.582342 -2.17333 3.5
      vertex 0.861037 -2.07873 3.5
    endloop
  endfacet
  facet normal -0.321427 0.946934 0
    outer loop
      vertex 0.582342 -2.17333 3.5
      vertex 0.861037 -2.07873 0
      vertex 0.582342 -2.17333 0
    endloop
  endfacet
  facet normal -0.442283 0.896876 0
    outer loop
      vertex 1.125 -1.94856 0
      vertex 0.861037 -2.07873 3.5
      vertex 1.125 -1.94856 3.5
    endloop
  endfacet
  facet normal -0.442283 0.896876 0
    outer loop
      vertex 0.861037 -2.07873 3.5
      vertex 1.125 -1.94856 0
      vertex 0.861037 -2.07873 0
    endloop
  endfacet
  facet normal -0.751852 0.659332 0
    outer loop
      vertex 1.59099 -1.59099 0
      vertex 1.78504 -1.36971 3.5
      vertex 1.78504 -1.36971 0
    endloop
  endfacet
  facet normal -0.751852 0.659332 0
    outer loop
      vertex 1.78504 -1.36971 3.5
      vertex 1.59099 -1.59099 0
      vertex 1.59099 -1.59099 3.5
    endloop
  endfacet
  facet normal 0.195097 0.980784 -0
    outer loop
      vertex -0.293683 -2.23075 0
      vertex -0.582342 -2.17333 3.5
      vertex -0.293683 -2.23075 3.5
    endloop
  endfacet
  facet normal 0.195097 0.980784 0
    outer loop
      vertex -0.582342 -2.17333 3.5
      vertex -0.293683 -2.23075 0
      vertex -0.582342 -2.17333 0
    endloop
  endfacet
  facet normal 0.659332 0.751852 -0
    outer loop
      vertex -1.36971 -1.78504 0
      vertex -1.59099 -1.59099 3.5
      vertex -1.36971 -1.78504 3.5
    endloop
  endfacet
  facet normal 0.659332 0.751852 0
    outer loop
      vertex -1.59099 -1.59099 3.5
      vertex -1.36971 -1.78504 0
      vertex -1.59099 -1.59099 0
    endloop
  endfacet
  facet normal 0.896876 0.442283 0
    outer loop
      vertex -1.94856 -1.125 3.5
      vertex -2.07873 -0.861037 0
      vertex -2.07873 -0.861037 3.5
    endloop
  endfacet
  facet normal 0.896876 0.442283 0
    outer loop
      vertex -2.07873 -0.861037 0
      vertex -1.94856 -1.125 3.5
      vertex -1.94856 -1.125 0
    endloop
  endfacet
  facet normal -0.980784 -0.195097 0
    outer loop
      vertex 2.23075 0.293683 0
      vertex 2.17333 0.582342 3.5
      vertex 2.17333 0.582342 0
    endloop
  endfacet
  facet normal -0.980784 -0.195097 0
    outer loop
      vertex 2.17333 0.582342 3.5
      vertex 2.23075 0.293683 0
      vertex 2.23075 0.293683 3.5
    endloop
  endfacet
  facet normal -0.946934 -0.321427 0
    outer loop
      vertex 2.17333 0.582342 0
      vertex 2.07873 0.861037 3.5
      vertex 2.07873 0.861037 0
    endloop
  endfacet
  facet normal -0.946934 -0.321427 0
    outer loop
      vertex 2.07873 0.861037 3.5
      vertex 2.17333 0.582342 0
      vertex 2.17333 0.582342 3.5
    endloop
  endfacet
  facet normal -0.555594 -0.831454 0
    outer loop
      vertex 1.125 1.94856 0
      vertex 1.36971 1.78504 3.5
      vertex 1.125 1.94856 3.5
    endloop
  endfacet
  facet normal -0.555594 -0.831454 -0
    outer loop
      vertex 1.36971 1.78504 3.5
      vertex 1.125 1.94856 0
      vertex 1.36971 1.78504 0
    endloop
  endfacet
  facet normal -0.0654065 -0.997859 0
    outer loop
      vertex 0 2.25 0
      vertex 0.293683 2.23075 3.5
      vertex 0 2.25 3.5
    endloop
  endfacet
  facet normal -0.0654065 -0.997859 -0
    outer loop
      vertex 0.293683 2.23075 3.5
      vertex 0 2.25 0
      vertex 0.293683 2.23075 0
    endloop
  endfacet
  facet normal -0.321427 -0.946934 0
    outer loop
      vertex 0.582342 2.17333 0
      vertex 0.861037 2.07873 3.5
      vertex 0.582342 2.17333 3.5
    endloop
  endfacet
  facet normal -0.321427 -0.946934 -0
    outer loop
      vertex 0.861037 2.07873 3.5
      vertex 0.582342 2.17333 0
      vertex 0.861037 2.07873 0
    endloop
  endfacet
  facet normal 0.997859 -0.0654065 0
    outer loop
      vertex -2.25 0 3.5
      vertex -2.23075 0.293683 0
      vertex -2.23075 0.293683 3.5
    endloop
  endfacet
  facet normal 0.997859 -0.0654065 0
    outer loop
      vertex -2.23075 0.293683 0
      vertex -2.25 0 3.5
      vertex -2.25 0 0
    endloop
  endfacet
  facet normal 0.831454 -0.555594 0
    outer loop
      vertex -1.94856 1.125 3.5
      vertex -1.78504 1.36971 0
      vertex -1.78504 1.36971 3.5
    endloop
  endfacet
  facet normal 0.831454 -0.555594 0
    outer loop
      vertex -1.78504 1.36971 0
      vertex -1.94856 1.125 3.5
      vertex -1.94856 1.125 0
    endloop
  endfacet
  facet normal 0.0654065 -0.997859 0
    outer loop
      vertex -0.293683 2.23075 0
      vertex 0 2.25 3.5
      vertex -0.293683 2.23075 3.5
    endloop
  endfacet
  facet normal 0.0654065 -0.997859 0
    outer loop
      vertex 0 2.25 3.5
      vertex -0.293683 2.23075 0
      vertex 0 2.25 0
    endloop
  endfacet
  facet normal 0.555594 -0.831454 0
    outer loop
      vertex -1.36971 1.78504 0
      vertex -1.125 1.94856 3.5
      vertex -1.36971 1.78504 3.5
    endloop
  endfacet
  facet normal 0.555594 -0.831454 0
    outer loop
      vertex -1.125 1.94856 3.5
      vertex -1.36971 1.78504 0
      vertex -1.125 1.94856 0
    endloop
  endfacet
  facet normal 0.659332 -0.751852 0
    outer loop
      vertex -1.59099 1.59099 0
      vertex -1.36971 1.78504 3.5
      vertex -1.59099 1.59099 3.5
    endloop
  endfacet
  facet normal 0.659332 -0.751852 0
    outer loop
      vertex -1.36971 1.78504 3.5
      vertex -1.59099 1.59099 0
      vertex -1.36971 1.78504 0
    endloop
  endfacet
  facet normal -0.997859 -0.0654065 0
    outer loop
      vertex 2.25 0 0
      vertex 2.23075 0.293683 3.5
      vertex 2.23075 0.293683 0
    endloop
  endfacet
  facet normal -0.997859 -0.0654065 0
    outer loop
      vertex 2.23075 0.293683 3.5
      vertex 2.25 0 0
      vertex 2.25 0 3.5
    endloop
  endfacet
  facet normal -0.0654065 0.997859 0
    outer loop
      vertex 0.293683 -2.23075 0
      vertex 0 -2.25 3.5
      vertex 0.293683 -2.23075 3.5
    endloop
  endfacet
  facet normal -0.0654065 0.997859 0
    outer loop
      vertex 0 -2.25 3.5
      vertex 0.293683 -2.23075 0
      vertex 0 -2.25 0
    endloop
  endfacet
  facet normal -0.946934 0.321427 0
    outer loop
      vertex 2.07873 -0.861037 0
      vertex 2.17333 -0.582342 3.5
      vertex 2.17333 -0.582342 0
    endloop
  endfacet
  facet normal -0.946934 0.321427 0
    outer loop
      vertex 2.17333 -0.582342 3.5
      vertex 2.07873 -0.861037 0
      vertex 2.07873 -0.861037 3.5
    endloop
  endfacet
  facet normal -0.555594 0.831454 0
    outer loop
      vertex 1.36971 -1.78504 0
      vertex 1.125 -1.94856 3.5
      vertex 1.36971 -1.78504 3.5
    endloop
  endfacet
  facet normal -0.555594 0.831454 0
    outer loop
      vertex 1.125 -1.94856 3.5
      vertex 1.36971 -1.78504 0
      vertex 1.125 -1.94856 0
    endloop
  endfacet
  facet normal -0.896876 0.442283 0
    outer loop
      vertex 1.94856 -1.125 0
      vertex 2.07873 -0.861037 3.5
      vertex 2.07873 -0.861037 0
    endloop
  endfacet
  facet normal -0.896876 0.442283 0
    outer loop
      vertex 2.07873 -0.861037 3.5
      vertex 1.94856 -1.125 0
      vertex 1.94856 -1.125 3.5
    endloop
  endfacet
  facet normal 0.0654065 0.997859 -0
    outer loop
      vertex 0 -2.25 0
      vertex -0.293683 -2.23075 3.5
      vertex 0 -2.25 3.5
    endloop
  endfacet
  facet normal 0.0654065 0.997859 0
    outer loop
      vertex -0.293683 -2.23075 3.5
      vertex 0 -2.25 0
      vertex -0.293683 -2.23075 0
    endloop
  endfacet
  facet normal 0.442283 0.896876 -0
    outer loop
      vertex -0.861037 -2.07873 0
      vertex -1.125 -1.94856 3.5
      vertex -0.861037 -2.07873 3.5
    endloop
  endfacet
  facet normal 0.442283 0.896876 0
    outer loop
      vertex -1.125 -1.94856 3.5
      vertex -0.861037 -2.07873 0
      vertex -1.125 -1.94856 0
    endloop
  endfacet
  facet normal 0.946934 0.321427 0
    outer loop
      vertex -2.07873 -0.861037 3.5
      vertex -2.17333 -0.582342 0
      vertex -2.17333 -0.582342 3.5
    endloop
  endfacet
  facet normal 0.946934 0.321427 0
    outer loop
      vertex -2.17333 -0.582342 0
      vertex -2.07873 -0.861037 3.5
      vertex -2.07873 -0.861037 0
    endloop
  endfacet
  facet normal 0.997859 0.0654065 0
    outer loop
      vertex -2.23075 -0.293683 3.5
      vertex -2.25 0 0
      vertex -2.25 0 3.5
    endloop
  endfacet
  facet normal 0.997859 0.0654065 0
    outer loop
      vertex -2.25 0 0
      vertex -2.23075 -0.293683 3.5
      vertex -2.23075 -0.293683 0
    endloop
  endfacet
  facet normal 0.831454 0.555594 0
    outer loop
      vertex -1.78504 -1.36971 3.5
      vertex -1.94856 -1.125 0
      vertex -1.94856 -1.125 3.5
    endloop
  endfacet
  facet normal 0.831454 0.555594 0
    outer loop
      vertex -1.94856 -1.125 0
      vertex -1.78504 -1.36971 3.5
      vertex -1.78504 -1.36971 0
    endloop
  endfacet
  facet normal -0.980784 0.195097 0
    outer loop
      vertex 2.17333 -0.582342 0
      vertex 2.23075 -0.293683 3.5
      vertex 2.23075 -0.293683 0
    endloop
  endfacet
  facet normal -0.980784 0.195097 0
    outer loop
      vertex 2.23075 -0.293683 3.5
      vertex 2.17333 -0.582342 0
      vertex 2.17333 -0.582342 3.5
    endloop
  endfacet
  facet normal -0.195097 0.980784 0
    outer loop
      vertex 0.582342 -2.17333 0
      vertex 0.293683 -2.23075 3.5
      vertex 0.582342 -2.17333 3.5
    endloop
  endfacet
  facet normal -0.195097 0.980784 0
    outer loop
      vertex 0.293683 -2.23075 3.5
      vertex 0.582342 -2.17333 0
      vertex 0.293683 -2.23075 0
    endloop
  endfacet
  facet normal -0.659332 0.751852 0
    outer loop
      vertex 1.59099 -1.59099 0
      vertex 1.36971 -1.78504 3.5
      vertex 1.59099 -1.59099 3.5
    endloop
  endfacet
  facet normal -0.659332 0.751852 0
    outer loop
      vertex 1.36971 -1.78504 3.5
      vertex 1.59099 -1.59099 0
      vertex 1.36971 -1.78504 0
    endloop
  endfacet
  facet normal -0.831454 0.555594 0
    outer loop
      vertex 1.78504 -1.36971 0
      vertex 1.94856 -1.125 3.5
      vertex 1.94856 -1.125 0
    endloop
  endfacet
  facet normal -0.831454 0.555594 0
    outer loop
      vertex 1.94856 -1.125 3.5
      vertex 1.78504 -1.36971 0
      vertex 1.78504 -1.36971 3.5
    endloop
  endfacet
  facet normal 0.555594 0.831454 -0
    outer loop
      vertex -1.125 -1.94856 0
      vertex -1.36971 -1.78504 3.5
      vertex -1.125 -1.94856 3.5
    endloop
  endfacet
  facet normal 0.555594 0.831454 0
    outer loop
      vertex -1.36971 -1.78504 3.5
      vertex -1.125 -1.94856 0
      vertex -1.36971 -1.78504 0
    endloop
  endfacet
  facet normal 0.980784 0.195097 0
    outer loop
      vertex -2.17333 -0.582342 3.5
      vertex -2.23075 -0.293683 0
      vertex -2.23075 -0.293683 3.5
    endloop
  endfacet
  facet normal 0.980784 0.195097 0
    outer loop
      vertex -2.23075 -0.293683 0
      vertex -2.17333 -0.582342 3.5
      vertex -2.17333 -0.582342 0
    endloop
  endfacet
  facet normal 0.751852 0.659332 0
    outer loop
      vertex -1.59099 -1.59099 3.5
      vertex -1.78504 -1.36971 0
      vertex -1.78504 -1.36971 3.5
    endloop
  endfacet
  facet normal 0.751852 0.659332 0
    outer loop
      vertex -1.78504 -1.36971 0
      vertex -1.59099 -1.59099 3.5
      vertex -1.59099 -1.59099 0
    endloop
  endfacet
  facet normal -0.997859 -0.0653997 0
    outer loop
      vertex 3.75 0 3.5
      vertex 3.71792 0.489472 8
      vertex 3.71792 0.489472 3.5
    endloop
  endfacet
  facet normal -0.997859 -0.0653997 0
    outer loop
      vertex 3.71792 0.489472 8
      vertex 3.75 0 3.5
      vertex 3.75 0 8
    endloop
  endfacet
  facet normal 0.997859 -0.0653997 0
    outer loop
      vertex -3.75 0 8
      vertex -3.71792 0.489472 3.5
      vertex -3.71792 0.489472 8
    endloop
  endfacet
  facet normal 0.997859 -0.0653997 0
    outer loop
      vertex -3.71792 0.489472 3.5
      vertex -3.75 0 8
      vertex -3.75 0 3.5
    endloop
  endfacet
  facet normal -0.0653997 -0.997859 0
    outer loop
      vertex 0 3.75 3.5
      vertex 0.489472 3.71792 8
      vertex 0 3.75 8
    endloop
  endfacet
  facet normal -0.0653997 -0.997859 -0
    outer loop
      vertex 0.489472 3.71792 8
      vertex 0 3.75 3.5
      vertex 0.489472 3.71792 3.5
    endloop
  endfacet
  facet normal 0.0653997 0.997859 -0
    outer loop
      vertex 0 -3.75 3.5
      vertex -0.489472 -3.71792 8
      vertex 0 -3.75 8
    endloop
  endfacet
  facet normal 0.0653997 0.997859 0
    outer loop
      vertex -0.489472 -3.71792 8
      vertex 0 -3.75 3.5
      vertex -0.489472 -3.71792 3.5
    endloop
  endfacet
  facet normal -0.75184 -0.659346 0
    outer loop
      vertex 2.97507 2.28286 3.5
      vertex 2.65165 2.65165 8
      vertex 2.65165 2.65165 3.5
    endloop
  endfacet
  facet normal -0.75184 -0.659346 0
    outer loop
      vertex 2.65165 2.65165 8
      vertex 2.97507 2.28286 3.5
      vertex 2.97507 2.28286 8
    endloop
  endfacet
  facet normal 0.659346 -0.75184 0
    outer loop
      vertex -2.65165 2.65165 3.5
      vertex -2.28286 2.97507 8
      vertex -2.65165 2.65165 8
    endloop
  endfacet
  facet normal 0.659346 -0.75184 0
    outer loop
      vertex -2.28286 2.97507 8
      vertex -2.65165 2.65165 3.5
      vertex -2.28286 2.97507 3.5
    endloop
  endfacet
  facet normal 0.321434 -0.946932 0
    outer loop
      vertex -1.43506 3.46455 3.5
      vertex -0.970571 3.62222 8
      vertex -1.43506 3.46455 8
    endloop
  endfacet
  facet normal 0.321434 -0.946932 0
    outer loop
      vertex -0.970571 3.62222 8
      vertex -1.43506 3.46455 3.5
      vertex -0.970571 3.62222 3.5
    endloop
  endfacet
  facet normal -0.946932 -0.321434 0
    outer loop
      vertex 3.62222 0.970571 3.5
      vertex 3.46455 1.43506 8
      vertex 3.46455 1.43506 3.5
    endloop
  endfacet
  facet normal -0.946932 -0.321434 0
    outer loop
      vertex 3.46455 1.43506 8
      vertex 3.62222 0.970571 3.5
      vertex 3.62222 0.970571 8
    endloop
  endfacet
  facet normal -0.980784 -0.195097 0
    outer loop
      vertex 3.71792 0.489472 3.5
      vertex 3.62222 0.970571 8
      vertex 3.62222 0.970571 3.5
    endloop
  endfacet
  facet normal -0.980784 -0.195097 0
    outer loop
      vertex 3.62222 0.970571 8
      vertex 3.71792 0.489472 3.5
      vertex 3.71792 0.489472 8
    endloop
  endfacet
  facet normal -0.896868 -0.442298 0
    outer loop
      vertex 3.46455 1.43506 3.5
      vertex 3.24759 1.875 8
      vertex 3.24759 1.875 3.5
    endloop
  endfacet
  facet normal -0.896868 -0.442298 0
    outer loop
      vertex 3.24759 1.875 8
      vertex 3.46455 1.43506 3.5
      vertex 3.46455 1.43506 8
    endloop
  endfacet
  facet normal -0.442298 -0.896868 0
    outer loop
      vertex 1.43506 3.46455 3.5
      vertex 1.875 3.24759 8
      vertex 1.43506 3.46455 8
    endloop
  endfacet
  facet normal -0.442298 -0.896868 -0
    outer loop
      vertex 1.875 3.24759 8
      vertex 1.43506 3.46455 3.5
      vertex 1.875 3.24759 3.5
    endloop
  endfacet
  facet normal -0.321434 -0.946932 0
    outer loop
      vertex 0.970571 3.62222 3.5
      vertex 1.43506 3.46455 8
      vertex 0.970571 3.62222 8
    endloop
  endfacet
  facet normal -0.321434 -0.946932 -0
    outer loop
      vertex 1.43506 3.46455 8
      vertex 0.970571 3.62222 3.5
      vertex 1.43506 3.46455 3.5
    endloop
  endfacet
  facet normal -0.555566 -0.831473 0
    outer loop
      vertex 1.875 3.24759 3.5
      vertex 2.28286 2.97507 8
      vertex 1.875 3.24759 8
    endloop
  endfacet
  facet normal -0.555566 -0.831473 -0
    outer loop
      vertex 2.28286 2.97507 8
      vertex 1.875 3.24759 3.5
      vertex 2.28286 2.97507 3.5
    endloop
  endfacet
  facet normal 0.896868 -0.442298 0
    outer loop
      vertex -3.46455 1.43506 8
      vertex -3.24759 1.875 3.5
      vertex -3.24759 1.875 8
    endloop
  endfacet
  facet normal 0.896868 -0.442298 0
    outer loop
      vertex -3.24759 1.875 3.5
      vertex -3.46455 1.43506 8
      vertex -3.46455 1.43506 3.5
    endloop
  endfacet
  facet normal 0.831473 -0.555566 0
    outer loop
      vertex -3.24759 1.875 8
      vertex -2.97507 2.28286 3.5
      vertex -2.97507 2.28286 8
    endloop
  endfacet
  facet normal 0.831473 -0.555566 0
    outer loop
      vertex -2.97507 2.28286 3.5
      vertex -3.24759 1.875 8
      vertex -3.24759 1.875 3.5
    endloop
  endfacet
  facet normal 0.946932 -0.321434 0
    outer loop
      vertex -3.62222 0.970571 8
      vertex -3.46455 1.43506 3.5
      vertex -3.46455 1.43506 8
    endloop
  endfacet
  facet normal 0.946932 -0.321434 0
    outer loop
      vertex -3.46455 1.43506 3.5
      vertex -3.62222 0.970571 8
      vertex -3.62222 0.970571 3.5
    endloop
  endfacet
  facet normal 0.442298 -0.896868 0
    outer loop
      vertex -1.875 3.24759 3.5
      vertex -1.43506 3.46455 8
      vertex -1.875 3.24759 8
    endloop
  endfacet
  facet normal 0.442298 -0.896868 0
    outer loop
      vertex -1.43506 3.46455 8
      vertex -1.875 3.24759 3.5
      vertex -1.43506 3.46455 3.5
    endloop
  endfacet
  facet normal 0.195097 -0.980784 0
    outer loop
      vertex -0.970571 3.62222 3.5
      vertex -0.489472 3.71792 8
      vertex -0.970571 3.62222 8
    endloop
  endfacet
  facet normal 0.195097 -0.980784 0
    outer loop
      vertex -0.489472 3.71792 8
      vertex -0.970571 3.62222 3.5
      vertex -0.489472 3.71792 3.5
    endloop
  endfacet
  facet normal -0.659346 0.75184 0
    outer loop
      vertex 2.65165 -2.65165 3.5
      vertex 2.28286 -2.97507 8
      vertex 2.65165 -2.65165 8
    endloop
  endfacet
  facet normal -0.659346 0.75184 0
    outer loop
      vertex 2.28286 -2.97507 8
      vertex 2.65165 -2.65165 3.5
      vertex 2.28286 -2.97507 3.5
    endloop
  endfacet
  facet normal -0.442298 0.896868 0
    outer loop
      vertex 1.875 -3.24759 3.5
      vertex 1.43506 -3.46455 8
      vertex 1.875 -3.24759 8
    endloop
  endfacet
  facet normal -0.442298 0.896868 0
    outer loop
      vertex 1.43506 -3.46455 8
      vertex 1.875 -3.24759 3.5
      vertex 1.43506 -3.46455 3.5
    endloop
  endfacet
  facet normal -0.946932 0.321434 0
    outer loop
      vertex 3.46455 -1.43506 3.5
      vertex 3.62222 -0.970571 8
      vertex 3.62222 -0.970571 3.5
    endloop
  endfacet
  facet normal -0.946932 0.321434 0
    outer loop
      vertex 3.62222 -0.970571 8
      vertex 3.46455 -1.43506 3.5
      vertex 3.46455 -1.43506 8
    endloop
  endfacet
  facet normal 0.442298 0.896868 -0
    outer loop
      vertex -1.43506 -3.46455 3.5
      vertex -1.875 -3.24759 8
      vertex -1.43506 -3.46455 8
    endloop
  endfacet
  facet normal 0.442298 0.896868 0
    outer loop
      vertex -1.875 -3.24759 8
      vertex -1.43506 -3.46455 3.5
      vertex -1.875 -3.24759 3.5
    endloop
  endfacet
  facet normal 0.321434 0.946932 -0
    outer loop
      vertex -0.970571 -3.62222 3.5
      vertex -1.43506 -3.46455 8
      vertex -0.970571 -3.62222 8
    endloop
  endfacet
  facet normal 0.321434 0.946932 0
    outer loop
      vertex -1.43506 -3.46455 8
      vertex -0.970571 -3.62222 3.5
      vertex -1.43506 -3.46455 3.5
    endloop
  endfacet
  facet normal 0.896868 0.442298 0
    outer loop
      vertex -3.24759 -1.875 8
      vertex -3.46455 -1.43506 3.5
      vertex -3.46455 -1.43506 8
    endloop
  endfacet
  facet normal 0.896868 0.442298 0
    outer loop
      vertex -3.46455 -1.43506 3.5
      vertex -3.24759 -1.875 8
      vertex -3.24759 -1.875 3.5
    endloop
  endfacet
  facet normal 0.831473 0.555566 0
    outer loop
      vertex -2.97507 -2.28286 8
      vertex -3.24759 -1.875 3.5
      vertex -3.24759 -1.875 8
    endloop
  endfacet
  facet normal 0.831473 0.555566 0
    outer loop
      vertex -3.24759 -1.875 3.5
      vertex -2.97507 -2.28286 8
      vertex -2.97507 -2.28286 3.5
    endloop
  endfacet
  facet normal 0 0 1
    outer loop
      vertex 2.25 0 3.5
      vertex 3.75 0 3.5
      vertex 3.71792 0.489472 3.5
    endloop
  endfacet
  facet normal 0 0 1
    outer loop
      vertex 2.23075 0.293683 3.5
      vertex 3.71792 0.489472 3.5
      vertex 3.62222 0.970571 3.5
    endloop
  endfacet
  facet normal 0 0 1
    outer loop
      vertex 3.75 0 3.5
      vertex 2.25 0 3.5
      vertex 3.71792 -0.489472 3.5
    endloop
  endfacet
  facet normal 0 0 1
    outer loop
      vertex 2.17333 0.582342 3.5
      vertex 3.62222 0.970571 3.5
      vertex 3.46455 1.43506 3.5
    endloop
  endfacet
  facet normal -0 0 1
    outer loop
      vertex 2.23075 -0.293683 3.5
      vertex 3.71792 -0.489472 3.5
      vertex 2.25 0 3.5
    endloop
  endfacet
  facet normal 0 0 1
    outer loop
      vertex 2.07873 0.861037 3.5
      vertex 3.46455 1.43506 3.5
      vertex 3.24759 1.875 3.5
    endloop
  endfacet
  facet normal 0 0 1
    outer loop
      vertex 3.71792 -0.489472 3.5
      vertex 2.23075 -0.293683 3.5
      vertex 3.62222 -0.970571 3.5
    endloop
  endfacet
  facet normal 0 0 1
    outer loop
      vertex 1.94856 1.125 3.5
      vertex 3.24759 1.875 3.5
      vertex 2.97507 2.28286 3.5
    endloop
  endfacet
  facet normal -0 0 1
    outer loop
      vertex 2.17333 -0.582342 3.5
      vertex 3.62222 -0.970571 3.5
      vertex 2.23075 -0.293683 3.5
    endloop
  endfacet
  facet normal 0 0 1
    outer loop
      vertex 1.78504 1.36971 3.5
      vertex 2.97507 2.28286 3.5
      vertex 2.65165 2.65165 3.5
    endloop
  endfacet
  facet normal 0 0 1
    outer loop
      vertex 3.62222 -0.970571 3.5
      vertex 2.17333 -0.582342 3.5
      vertex 3.46455 -1.43506 3.5
    endloop
  endfacet
  facet normal 0 0 1
    outer loop
      vertex 1.59099 1.59099 3.5
      vertex 2.65165 2.65165 3.5
      vertex 2.28286 2.97507 3.5
    endloop
  endfacet
  facet normal -0 0 1
    outer loop
      vertex 2.07873 -0.861037 3.5
      vertex 3.46455 -1.43506 3.5
      vertex 2.17333 -0.582342 3.5
    endloop
  endfacet
  facet normal 0 0 1
    outer loop
      vertex 3.46455 -1.43506 3.5
      vertex 2.07873 -0.861037 3.5
      vertex 3.24759 -1.875 3.5
    endloop
  endfacet
  facet normal 0 0 1
    outer loop
      vertex 3.71792 0.489472 3.5
      vertex 2.23075 0.293683 3.5
      vertex 2.25 0 3.5
    endloop
  endfacet
  facet normal 0 0 1
    outer loop
      vertex 3.62222 0.970571 3.5
      vertex 2.17333 0.582342 3.5
      vertex 2.23075 0.293683 3.5
    endloop
  endfacet
  facet normal 0 0 1
    outer loop
      vertex 3.46455 1.43506 3.5
      vertex 2.07873 0.861037 3.5
      vertex 2.17333 0.582342 3.5
    endloop
  endfacet
  facet normal 0 0 1
    outer loop
      vertex 3.24759 1.875 3.5
      vertex 1.94856 1.125 3.5
      vertex 2.07873 0.861037 3.5
    endloop
  endfacet
  facet normal 0 0 1
    outer loop
      vertex 1.36971 1.78504 3.5
      vertex 2.28286 2.97507 3.5
      vertex 1.875 3.24759 3.5
    endloop
  endfacet
  facet normal 0 0 1
    outer loop
      vertex 2.97507 2.28286 3.5
      vertex 1.78504 1.36971 3.5
      vertex 1.94856 1.125 3.5
    endloop
  endfacet
  facet normal 0 0 1
    outer loop
      vertex 2.65165 2.65165 3.5
      vertex 1.59099 1.59099 3.5
      vertex 1.78504 1.36971 3.5
    endloop
  endfacet
  facet normal 0 0 1
    outer loop
      vertex 1.125 1.94856 3.5
      vertex 1.875 3.24759 3.5
      vertex 1.43506 3.46455 3.5
    endloop
  endfacet
  facet normal 0 0 1
    outer loop
      vertex 2.28286 2.97507 3.5
      vertex 1.36971 1.78504 3.5
      vertex 1.59099 1.59099 3.5
    endloop
  endfacet
  facet normal 0 0 1
    outer loop
      vertex 1.875 3.24759 3.5
      vertex 1.125 1.94856 3.5
      vertex 1.36971 1.78504 3.5
    endloop
  endfacet
  facet normal 0 0 1
    outer loop
      vertex 0.861037 2.07873 3.5
      vertex 1.43506 3.46455 3.5
      vertex 0.970571 3.62222 3.5
    endloop
  endfacet
  facet normal 0 0 1
    outer loop
      vertex 1.43506 3.46455 3.5
      vertex 0.861037 2.07873 3.5
      vertex 1.125 1.94856 3.5
    endloop
  endfacet
  facet normal 0 0 1
    outer loop
      vertex 0.970571 3.62222 3.5
      vertex 0.582342 2.17333 3.5
      vertex 0.861037 2.07873 3.5
    endloop
  endfacet
  facet normal 0 0 1
    outer loop
      vertex 0.489472 3.71792 3.5
      vertex 0.582342 2.17333 3.5
      vertex 0.970571 3.62222 3.5
    endloop
  endfacet
  facet normal 0 0 1
    outer loop
      vertex 0.489472 3.71792 3.5
      vertex 0.293683 2.23075 3.5
      vertex 0.582342 2.17333 3.5
    endloop
  endfacet
  facet normal 0 0 1
    outer loop
      vertex 0 3.75 3.5
      vertex 0.293683 2.23075 3.5
      vertex 0.489472 3.71792 3.5
    endloop
  endfacet
  facet normal 0 0 1
    outer loop
      vertex 0 3.75 3.5
      vertex 0 2.25 3.5
      vertex 0.293683 2.23075 3.5
    endloop
  endfacet
  facet normal 0 0 1
    outer loop
      vertex 0 3.75 3.5
      vertex -0.293683 2.23075 3.5
      vertex 0 2.25 3.5
    endloop
  endfacet
  facet normal -0 0 1
    outer loop
      vertex -0.489472 3.71792 3.5
      vertex -0.293683 2.23075 3.5
      vertex 0 3.75 3.5
    endloop
  endfacet
  facet normal 0 0 1
    outer loop
      vertex -0.489472 3.71792 3.5
      vertex -0.582342 2.17333 3.5
      vertex -0.293683 2.23075 3.5
    endloop
  endfacet
  facet normal -0 0 1
    outer loop
      vertex -0.970571 3.62222 3.5
      vertex -0.582342 2.17333 3.5
      vertex -0.489472 3.71792 3.5
    endloop
  endfacet
  facet normal 0 0 1
    outer loop
      vertex -0.582342 2.17333 3.5
      vertex -0.970571 3.62222 3.5
      vertex -0.861037 2.07873 3.5
    endloop
  endfacet
  facet normal -0 0 1
    outer loop
      vertex -1.43506 3.46455 3.5
      vertex -0.861037 2.07873 3.5
      vertex -0.970571 3.62222 3.5
    endloop
  endfacet
  facet normal 0 0 1
    outer loop
      vertex -0.861037 2.07873 3.5
      vertex -1.43506 3.46455 3.5
      vertex -1.125 1.94856 3.5
    endloop
  endfacet
  facet normal -0 0 1
    outer loop
      vertex -1.875 3.24759 3.5
      vertex -1.125 1.94856 3.5
      vertex -1.43506 3.46455 3.5
    endloop
  endfacet
  facet normal 0 0 1
    outer loop
      vertex -1.125 1.94856 3.5
      vertex -1.875 3.24759 3.5
      vertex -1.36971 1.78504 3.5
    endloop
  endfacet
  facet normal -0 0 1
    outer loop
      vertex -2.28286 2.97507 3.5
      vertex -1.36971 1.78504 3.5
      vertex -1.875 3.24759 3.5
    endloop
  endfacet
  facet normal 0 0 1
    outer loop
      vertex -1.36971 1.78504 3.5
      vertex -2.28286 2.97507 3.5
      vertex -1.59099 1.59099 3.5
    endloop
  endfacet
  facet normal -0 0 1
    outer loop
      vertex -2.65165 2.65165 3.5
      vertex -1.59099 1.59099 3.5
      vertex -2.28286 2.97507 3.5
    endloop
  endfacet
  facet normal 0 0 1
    outer loop
      vertex -1.59099 1.59099 3.5
      vertex -2.65165 2.65165 3.5
      vertex -1.78504 1.36971 3.5
    endloop
  endfacet
  facet normal -0 0 1
    outer loop
      vertex -2.97507 2.28286 3.5
      vertex -1.78504 1.36971 3.5
      vertex -2.65165 2.65165 3.5
    endloop
  endfacet
  facet normal 0 0 1
    outer loop
      vertex -1.78504 1.36971 3.5
      vertex -2.97507 2.28286 3.5
      vertex -1.94856 1.125 3.5
    endloop
  endfacet
  facet normal 0 0 1
    outer loop
      vertex -1.94856 1.125 3.5
      vertex -3.24759 1.875 3.5
      vertex -2.07873 0.861037 3.5
    endloop
  endfacet
  facet normal -0 0 1
    outer loop
      vertex -3.24759 1.875 3.5
      vertex -1.94856 1.125 3.5
      vertex -2.97507 2.28286 3.5
    endloop
  endfacet
  facet normal -0 0 1
    outer loop
      vertex 1.94856 -1.125 3.5
      vertex 3.24759 -1.875 3.5
      vertex 2.07873 -0.861037 3.5
    endloop
  endfacet
  facet normal 0 0 1
    outer loop
      vertex 3.24759 -1.875 3.5
      vertex 1.94856 -1.125 3.5
      vertex 2.97507 -2.28286 3.5
    endloop
  endfacet
  facet normal -0 0 1
    outer loop
      vertex 1.78504 -1.36971 3.5
      vertex 2.97507 -2.28286 3.5
      vertex 1.94856 -1.125 3.5
    endloop
  endfacet
  facet normal 0 0 1
    outer loop
      vertex 2.97507 -2.28286 3.5
      vertex 1.78504 -1.36971 3.5
      vertex 2.65165 -2.65165 3.5
    endloop
  endfacet
  facet normal -0 0 1
    outer loop
      vertex 1.59099 -1.59099 3.5
      vertex 2.65165 -2.65165 3.5
      vertex 1.78504 -1.36971 3.5
    endloop
  endfacet
  facet normal 0 0 1
    outer loop
      vertex 2.65165 -2.65165 3.5
      vertex 1.59099 -1.59099 3.5
      vertex 2.28286 -2.97507 3.5
    endloop
  endfacet
  facet normal -0 0 1
    outer loop
      vertex 1.36971 -1.78504 3.5
      vertex 2.28286 -2.97507 3.5
      vertex 1.59099 -1.59099 3.5
    endloop
  endfacet
  facet normal 0 0 1
    outer loop
      vertex 2.28286 -2.97507 3.5
      vertex 1.36971 -1.78504 3.5
      vertex 1.875 -3.24759 3.5
    endloop
  endfacet
  facet normal -0 0 1
    outer loop
      vertex 1.125 -1.94856 3.5
      vertex 1.875 -3.24759 3.5
      vertex 1.36971 -1.78504 3.5
    endloop
  endfacet
  facet normal 0 0 1
    outer loop
      vertex 1.875 -3.24759 3.5
      vertex 1.125 -1.94856 3.5
      vertex 1.43506 -3.46455 3.5
    endloop
  endfacet
  facet normal -0 0 1
    outer loop
      vertex 0.861037 -2.07873 3.5
      vertex 1.43506 -3.46455 3.5
      vertex 1.125 -1.94856 3.5
    endloop
  endfacet
  facet normal 0 0 1
    outer loop
      vertex 1.43506 -3.46455 3.5
      vertex 0.861037 -2.07873 3.5
      vertex 0.970571 -3.62222 3.5
    endloop
  endfacet
  facet normal -0 0 1
    outer loop
      vertex 0.582342 -2.17333 3.5
      vertex 0.970571 -3.62222 3.5
      vertex 0.861037 -2.07873 3.5
    endloop
  endfacet
  facet normal 0 0 1
    outer loop
      vertex 0.582342 -2.17333 3.5
      vertex 0.489472 -3.71792 3.5
      vertex 0.970571 -3.62222 3.5
    endloop
  endfacet
  facet normal -0 0 1
    outer loop
      vertex 0.293683 -2.23075 3.5
      vertex 0.489472 -3.71792 3.5
      vertex 0.582342 -2.17333 3.5
    endloop
  endfacet
  facet normal -0 0 1
    outer loop
      vertex 0 -2.25 3.5
      vertex 0.489472 -3.71792 3.5
      vertex 0.293683 -2.23075 3.5
    endloop
  endfacet
  facet normal 0 0 1
    outer loop
      vertex 0 -2.25 3.5
      vertex 0 -3.75 3.5
      vertex 0.489472 -3.71792 3.5
    endloop
  endfacet
  facet normal 0 0 1
    outer loop
      vertex -0.293683 -2.23075 3.5
      vertex 0 -3.75 3.5
      vertex 0 -2.25 3.5
    endloop
  endfacet
  facet normal 0 0 1
    outer loop
      vertex -0.293683 -2.23075 3.5
      vertex -0.489472 -3.71792 3.5
      vertex 0 -3.75 3.5
    endloop
  endfacet
  facet normal 0 0 1
    outer loop
      vertex -0.582342 -2.17333 3.5
      vertex -0.489472 -3.71792 3.5
      vertex -0.293683 -2.23075 3.5
    endloop
  endfacet
  facet normal 0 0 1
    outer loop
      vertex -0.970571 -3.62222 3.5
      vertex -0.582342 -2.17333 3.5
      vertex -0.861037 -2.07873 3.5
    endloop
  endfacet
  facet normal 0 0 1
    outer loop
      vertex -0.582342 -2.17333 3.5
      vertex -0.970571 -3.62222 3.5
      vertex -0.489472 -3.71792 3.5
    endloop
  endfacet
  facet normal 0 0 1
    outer loop
      vertex -1.43506 -3.46455 3.5
      vertex -0.861037 -2.07873 3.5
      vertex -1.125 -1.94856 3.5
    endloop
  endfacet
  facet normal 0 0 1
    outer loop
      vertex -1.875 -3.24759 3.5
      vertex -1.125 -1.94856 3.5
      vertex -1.36971 -1.78504 3.5
    endloop
  endfacet
  facet normal 0 0 1
    outer loop
      vertex -0.861037 -2.07873 3.5
      vertex -1.43506 -3.46455 3.5
      vertex -0.970571 -3.62222 3.5
    endloop
  endfacet
  facet normal 0 0 1
    outer loop
      vertex -2.28286 -2.97507 3.5
      vertex -1.36971 -1.78504 3.5
      vertex -1.59099 -1.59099 3.5
    endloop
  endfacet
  facet normal 0 0 1
    outer loop
      vertex -2.65165 -2.65165 3.5
      vertex -1.59099 -1.59099 3.5
      vertex -1.78504 -1.36971 3.5
    endloop
  endfacet
  facet normal 0 0 1
    outer loop
      vertex -1.125 -1.94856 3.5
      vertex -1.875 -3.24759 3.5
      vertex -1.43506 -3.46455 3.5
    endloop
  endfacet
  facet normal 0 0 1
    outer loop
      vertex -2.97507 -2.28286 3.5
      vertex -1.78504 -1.36971 3.5
      vertex -1.94856 -1.125 3.5
    endloop
  endfacet
  facet normal 0 0 1
    outer loop
      vertex -3.24759 -1.875 3.5
      vertex -1.94856 -1.125 3.5
      vertex -2.07873 -0.861037 3.5
    endloop
  endfacet
  facet normal 0 0 1
    outer loop
      vertex -3.46455 -1.43506 3.5
      vertex -2.07873 -0.861037 3.5
      vertex -2.17333 -0.582342 3.5
    endloop
  endfacet
  facet normal 0 0 1
    outer loop
      vertex -3.62222 -0.970571 3.5
      vertex -2.17333 -0.582342 3.5
      vertex -2.23075 -0.293683 3.5
    endloop
  endfacet
  facet normal 0 0 1
    outer loop
      vertex -1.36971 -1.78504 3.5
      vertex -2.28286 -2.97507 3.5
      vertex -1.875 -3.24759 3.5
    endloop
  endfacet
  facet normal 0 0 1
    outer loop
      vertex -3.71792 -0.489472 3.5
      vertex -2.23075 -0.293683 3.5
      vertex -2.25 0 3.5
    endloop
  endfacet
  facet normal -0 0 1
    outer loop
      vertex -3.46455 1.43506 3.5
      vertex -2.07873 0.861037 3.5
      vertex -3.24759 1.875 3.5
    endloop
  endfacet
  facet normal 0 0 1
    outer loop
      vertex -2.07873 0.861037 3.5
      vertex -3.46455 1.43506 3.5
      vertex -2.17333 0.582342 3.5
    endloop
  endfacet
  facet normal 0 0 1
    outer loop
      vertex -1.59099 -1.59099 3.5
      vertex -2.65165 -2.65165 3.5
      vertex -2.28286 -2.97507 3.5
    endloop
  endfacet
  facet normal -0 0 1
    outer loop
      vertex -3.62222 0.970571 3.5
      vertex -2.17333 0.582342 3.5
      vertex -3.46455 1.43506 3.5
    endloop
  endfacet
  facet normal 0 0 1
    outer loop
      vertex -1.78504 -1.36971 3.5
      vertex -2.97507 -2.28286 3.5
      vertex -2.65165 -2.65165 3.5
    endloop
  endfacet
  facet normal 0 0 1
    outer loop
      vertex -2.17333 0.582342 3.5
      vertex -3.62222 0.970571 3.5
      vertex -2.23075 0.293683 3.5
    endloop
  endfacet
  facet normal 0 0 1
    outer loop
      vertex -1.94856 -1.125 3.5
      vertex -3.24759 -1.875 3.5
      vertex -2.97507 -2.28286 3.5
    endloop
  endfacet
  facet normal -0 0 1
    outer loop
      vertex -3.71792 0.489472 3.5
      vertex -2.23075 0.293683 3.5
      vertex -3.62222 0.970571 3.5
    endloop
  endfacet
  facet normal 0 0 1
    outer loop
      vertex -2.07873 -0.861037 3.5
      vertex -3.46455 -1.43506 3.5
      vertex -3.24759 -1.875 3.5
    endloop
  endfacet
  facet normal 0 0 1
    outer loop
      vertex -2.23075 0.293683 3.5
      vertex -3.71792 0.489472 3.5
      vertex -2.25 0 3.5
    endloop
  endfacet
  facet normal 0 0 1
    outer loop
      vertex -2.17333 -0.582342 3.5
      vertex -3.62222 -0.970571 3.5
      vertex -3.46455 -1.43506 3.5
    endloop
  endfacet
  facet normal 0 0 1
    outer loop
      vertex -3.75 0 3.5
      vertex -2.25 0 3.5
      vertex -3.71792 0.489472 3.5
    endloop
  endfacet
  facet normal 0 0 1
    outer loop
      vertex -2.23075 -0.293683 3.5
      vertex -3.71792 -0.489472 3.5
      vertex -3.62222 -0.970571 3.5
    endloop
  endfacet
  facet normal 0 0 1
    outer loop
      vertex -2.25 0 3.5
      vertex -3.75 0 3.5
      vertex -3.71792 -0.489472 3.5
    endloop
  endfacet
  facet normal -0.831473 -0.555566 0
    outer loop
      vertex 3.24759 1.875 3.5
      vertex 2.97507 2.28286 8
      vertex 2.97507 2.28286 3.5
    endloop
  endfacet
  facet normal -0.831473 -0.555566 0
    outer loop
      vertex 2.97507 2.28286 8
      vertex 3.24759 1.875 3.5
      vertex 3.24759 1.875 8
    endloop
  endfacet
  facet normal -0.195097 -0.980784 0
    outer loop
      vertex 0.489472 3.71792 3.5
      vertex 0.970571 3.62222 8
      vertex 0.489472 3.71792 8
    endloop
  endfacet
  facet normal -0.195097 -0.980784 -0
    outer loop
      vertex 0.970571 3.62222 8
      vertex 0.489472 3.71792 3.5
      vertex 0.970571 3.62222 3.5
    endloop
  endfacet
  facet normal -0.659346 -0.75184 0
    outer loop
      vertex 2.28286 2.97507 3.5
      vertex 2.65165 2.65165 8
      vertex 2.28286 2.97507 8
    endloop
  endfacet
  facet normal -0.659346 -0.75184 -0
    outer loop
      vertex 2.65165 2.65165 8
      vertex 2.28286 2.97507 3.5
      vertex 2.65165 2.65165 3.5
    endloop
  endfacet
  facet normal 0.75184 -0.659346 0
    outer loop
      vertex -2.97507 2.28286 8
      vertex -2.65165 2.65165 3.5
      vertex -2.65165 2.65165 8
    endloop
  endfacet
  facet normal 0.75184 -0.659346 0
    outer loop
      vertex -2.65165 2.65165 3.5
      vertex -2.97507 2.28286 8
      vertex -2.97507 2.28286 3.5
    endloop
  endfacet
  facet normal 0.980784 -0.195097 0
    outer loop
      vertex -3.71792 0.489472 8
      vertex -3.62222 0.970571 3.5
      vertex -3.62222 0.970571 8
    endloop
  endfacet
  facet normal 0.980784 -0.195097 0
    outer loop
      vertex -3.62222 0.970571 3.5
      vertex -3.71792 0.489472 8
      vertex -3.71792 0.489472 3.5
    endloop
  endfacet
  facet normal 0.555566 -0.831473 0
    outer loop
      vertex -2.28286 2.97507 3.5
      vertex -1.875 3.24759 8
      vertex -2.28286 2.97507 8
    endloop
  endfacet
  facet normal 0.555566 -0.831473 0
    outer loop
      vertex -1.875 3.24759 8
      vertex -2.28286 2.97507 3.5
      vertex -1.875 3.24759 3.5
    endloop
  endfacet
  facet normal 0.0653997 -0.997859 0
    outer loop
      vertex -0.489472 3.71792 3.5
      vertex 0 3.75 8
      vertex -0.489472 3.71792 8
    endloop
  endfacet
  facet normal 0.0653997 -0.997859 0
    outer loop
      vertex 0 3.75 8
      vertex -0.489472 3.71792 3.5
      vertex 0 3.75 3.5
    endloop
  endfacet
  facet normal -0.997859 0.0653997 0
    outer loop
      vertex 3.71792 -0.489472 3.5
      vertex 3.75 0 8
      vertex 3.75 0 3.5
    endloop
  endfacet
  facet normal -0.997859 0.0653997 0
    outer loop
      vertex 3.75 0 8
      vertex 3.71792 -0.489472 3.5
      vertex 3.71792 -0.489472 8
    endloop
  endfacet
  facet normal -0.0653997 0.997859 0
    outer loop
      vertex 0.489472 -3.71792 3.5
      vertex 0 -3.75 8
      vertex 0.489472 -3.71792 8
    endloop
  endfacet
  facet normal -0.0653997 0.997859 0
    outer loop
      vertex 0 -3.75 8
      vertex 0.489472 -3.71792 3.5
      vertex 0 -3.75 3.5
    endloop
  endfacet
  facet normal -0.321434 0.946932 0
    outer loop
      vertex 1.43506 -3.46455 3.5
      vertex 0.970571 -3.62222 8
      vertex 1.43506 -3.46455 8
    endloop
  endfacet
  facet normal -0.321434 0.946932 0
    outer loop
      vertex 0.970571 -3.62222 8
      vertex 1.43506 -3.46455 3.5
      vertex 0.970571 -3.62222 3.5
    endloop
  endfacet
  facet normal -0.555566 0.831473 0
    outer loop
      vertex 2.28286 -2.97507 3.5
      vertex 1.875 -3.24759 8
      vertex 2.28286 -2.97507 8
    endloop
  endfacet
  facet normal -0.555566 0.831473 0
    outer loop
      vertex 1.875 -3.24759 8
      vertex 2.28286 -2.97507 3.5
      vertex 1.875 -3.24759 3.5
    endloop
  endfacet
  facet normal -0.896868 0.442298 0
    outer loop
      vertex 3.24759 -1.875 3.5
      vertex 3.46455 -1.43506 8
      vertex 3.46455 -1.43506 3.5
    endloop
  endfacet
  facet normal -0.896868 0.442298 0
    outer loop
      vertex 3.46455 -1.43506 8
      vertex 3.24759 -1.875 3.5
      vertex 3.24759 -1.875 8
    endloop
  endfacet
  facet normal -0.75184 0.659346 0
    outer loop
      vertex 2.65165 -2.65165 3.5
      vertex 2.97507 -2.28286 8
      vertex 2.97507 -2.28286 3.5
    endloop
  endfacet
  facet normal -0.75184 0.659346 0
    outer loop
      vertex 2.97507 -2.28286 8
      vertex 2.65165 -2.65165 3.5
      vertex 2.65165 -2.65165 8
    endloop
  endfacet
  facet normal -0.831473 0.555566 0
    outer loop
      vertex 2.97507 -2.28286 3.5
      vertex 3.24759 -1.875 8
      vertex 3.24759 -1.875 3.5
    endloop
  endfacet
  facet normal -0.831473 0.555566 0
    outer loop
      vertex 3.24759 -1.875 8
      vertex 2.97507 -2.28286 3.5
      vertex 2.97507 -2.28286 8
    endloop
  endfacet
  facet normal 0.659346 0.75184 -0
    outer loop
      vertex -2.28286 -2.97507 3.5
      vertex -2.65165 -2.65165 8
      vertex -2.28286 -2.97507 8
    endloop
  endfacet
  facet normal 0.659346 0.75184 0
    outer loop
      vertex -2.65165 -2.65165 8
      vertex -2.28286 -2.97507 3.5
      vertex -2.65165 -2.65165 3.5
    endloop
  endfacet
  facet normal 0.555566 0.831473 -0
    outer loop
      vertex -1.875 -3.24759 3.5
      vertex -2.28286 -2.97507 8
      vertex -1.875 -3.24759 8
    endloop
  endfacet
  facet normal 0.555566 0.831473 0
    outer loop
      vertex -2.28286 -2.97507 8
      vertex -1.875 -3.24759 3.5
      vertex -2.28286 -2.97507 3.5
    endloop
  endfacet
  facet normal 0.195097 0.980784 -0
    outer loop
      vertex -0.489472 -3.71792 3.5
      vertex -0.970571 -3.62222 8
      vertex -0.489472 -3.71792 8
    endloop
  endfacet
  facet normal 0.195097 0.980784 0
    outer loop
      vertex -0.970571 -3.62222 8
      vertex -0.489472 -3.71792 3.5
      vertex -0.970571 -3.62222 3.5
    endloop
  endfacet
  facet normal 0.75184 0.659346 0
    outer loop
      vertex -2.65165 -2.65165 8
      vertex -2.97507 -2.28286 3.5
      vertex -2.97507 -2.28286 8
    endloop
  endfacet
  facet normal 0.75184 0.659346 0
    outer loop
      vertex -2.97507 -2.28286 3.5
      vertex -2.65165 -2.65165 8
      vertex -2.65165 -2.65165 3.5
    endloop
  endfacet
  facet normal 0.946932 0.321434 0
    outer loop
      vertex -3.46455 -1.43506 8
      vertex -3.62222 -0.970571 3.5
      vertex -3.62222 -0.970571 8
    endloop
  endfacet
  facet normal 0.946932 0.321434 0
    outer loop
      vertex -3.62222 -0.970571 3.5
      vertex -3.46455 -1.43506 8
      vertex -3.46455 -1.43506 3.5
    endloop
  endfacet
  facet normal 0.997859 0.0653997 0
    outer loop
      vertex -3.71792 -0.489472 8
      vertex -3.75 0 3.5
      vertex -3.75 0 8
    endloop
  endfacet
  facet normal 0.997859 0.0653997 0
    outer loop
      vertex -3.75 0 3.5
      vertex -3.71792 -0.489472 8
      vertex -3.71792 -0.489472 3.5
    endloop
  endfacet
  facet normal -0.195097 0.980784 0
    outer loop
      vertex 0.970571 -3.62222 3.5
      vertex 0.489472 -3.71792 8
      vertex 0.970571 -3.62222 8
    endloop
  endfacet
  facet normal -0.195097 0.980784 0
    outer loop
      vertex 0.489472 -3.71792 8
      vertex 0.970571 -3.62222 3.5
      vertex 0.489472 -3.71792 3.5
    endloop
  endfacet
  facet normal -0.980784 0.195097 0
    outer loop
      vertex 3.62222 -0.970571 3.5
      vertex 3.71792 -0.489472 8
      vertex 3.71792 -0.489472 3.5
    endloop
  endfacet
  facet normal -0.980784 0.195097 0
    outer loop
      vertex 3.71792 -0.489472 8
      vertex 3.62222 -0.970571 3.5
      vertex 3.62222 -0.970571 8
    endloop
  endfacet
  facet normal 0.980784 0.195097 0
    outer loop
      vertex -3.62222 -0.970571 8
      vertex -3.71792 -0.489472 3.5
      vertex -3.71792 -0.489472 8
    endloop
  endfacet
  facet normal 0.980784 0.195097 0
    outer loop
      vertex -3.71792 -0.489472 3.5
      vertex -3.62222 -0.970571 8
      vertex -3.62222 -0.970571 3.5
    endloop
  endfacet
endsolid OpenSCAD_Model
