solid OpenSCAD_Model
  facet normal 0.997858 -0.0654119 0
    outer loop
      vertex 4.9 0 4.375
      vertex 4.91369 0.208841 0
      vertex 4.91369 0.208841 4.375
    endloop
  endfacet
  facet normal 0.997858 -0.0654119 0
    outer loop
      vertex 4.91369 0.208841 0
      vertex 4.9 0 4.375
      vertex 4.9 0 0
    endloop
  endfacet
  facet normal -0.997858 0.0654119 0
    outer loop
      vertex 9.08631 -0.208841 0
      vertex 9.1 0 4.375
      vertex 9.1 0 0
    endloop
  endfacet
  facet normal -0.997858 0.0654119 0
    outer loop
      vertex 9.1 0 4.375
      vertex 9.08631 -0.208841 0
      vertex 9.08631 -0.208841 4.375
    endloop
  endfacet
  facet normal -0.442295 0.89687 0
    outer loop
      vertex 8.3 -1.38564 0
      vertex 8.11229 -1.47821 4.375
      vertex 8.3 -1.38564 4.375
    endloop
  endfacet
  facet normal -0.442295 0.89687 0
    outer loop
      vertex 8.11229 -1.47821 4.375
      vertex 8.3 -1.38564 0
      vertex 8.11229 -1.47821 0
    endloop
  endfacet
  facet normal -0.980786 0.195088 0
    outer loop
      vertex 9.04548 -0.41411 0
      vertex 9.08631 -0.208841 4.375
      vertex 9.08631 -0.208841 0
    endloop
  endfacet
  facet normal -0.980786 0.195088 0
    outer loop
      vertex 9.08631 -0.208841 4.375
      vertex 9.04548 -0.41411 0
      vertex 9.04548 -0.41411 4.375
    endloop
  endfacet
  facet normal -0.831482 -0.555551 0
    outer loop
      vertex 8.88564 0.799999 0
      vertex 8.76937 0.974018 4.375
      vertex 8.76937 0.974018 0
    endloop
  endfacet
  facet normal -0.831482 -0.555551 0
    outer loop
      vertex 8.76937 0.974018 4.375
      vertex 8.88564 0.799999 0
      vertex 8.88564 0.799999 4.375
    endloop
  endfacet
  facet normal 0.980786 0.195088 0
    outer loop
      vertex 4.95452 -0.41411 4.375
      vertex 4.91369 -0.208841 0
      vertex 4.91369 -0.208841 4.375
    endloop
  endfacet
  facet normal 0.980786 0.195088 0
    outer loop
      vertex 4.91369 -0.208841 0
      vertex 4.95452 -0.41411 4.375
      vertex 4.95452 -0.41411 0
    endloop
  endfacet
  facet normal 0.0654122 0.997858 -0
    outer loop
      vertex 6.5 -1.6 0
      vertex 6.29116 -1.58631 4.375
      vertex 6.5 -1.6 4.375
    endloop
  endfacet
  facet normal 0.0654122 0.997858 0
    outer loop
      vertex 6.29116 -1.58631 4.375
      vertex 6.5 -1.6 0
      vertex 6.29116 -1.58631 0
    endloop
  endfacet
  facet normal -0.831482 0.555551 0
    outer loop
      vertex 8.76937 -0.974018 0
      vertex 8.88564 -0.799999 4.375
      vertex 8.88564 -0.799999 0
    endloop
  endfacet
  facet normal -0.831482 0.555551 0
    outer loop
      vertex 8.88564 -0.799999 4.375
      vertex 8.76937 -0.974018 0
      vertex 8.76937 -0.974018 4.375
    endloop
  endfacet
  facet normal 0.751826 -0.659362 0
    outer loop
      vertex 5.23063 0.974018 4.375
      vertex 5.36863 1.13137 0
      vertex 5.36863 1.13137 4.375
    endloop
  endfacet
  facet normal 0.751826 -0.659362 0
    outer loop
      vertex 5.36863 1.13137 0
      vertex 5.23063 0.974018 4.375
      vertex 5.23063 0.974018 0
    endloop
  endfacet
  facet normal 0.0654122 -0.997858 0
    outer loop
      vertex 6.29116 1.58631 0
      vertex 6.5 1.6 4.375
      vertex 6.29116 1.58631 4.375
    endloop
  endfacet
  facet normal 0.0654122 -0.997858 0
    outer loop
      vertex 6.5 1.6 4.375
      vertex 6.29116 1.58631 0
      vertex 6.5 1.6 0
    endloop
  endfacet
  facet normal -0.555549 -0.831484 0
    outer loop
      vertex 8.3 1.38564 0
      vertex 8.47402 1.26937 4.375
      vertex 8.3 1.38564 4.375
    endloop
  endfacet
  facet normal -0.555549 -0.831484 -0
    outer loop
      vertex 8.47402 1.26937 4.375
      vertex 8.3 1.38564 0
      vertex 8.47402 1.26937 0
    endloop
  endfacet
  facet normal -0.195087 -0.980786 0
    outer loop
      vertex 7.70884 1.58631 0
      vertex 7.91411 1.54548 4.375
      vertex 7.70884 1.58631 4.375
    endloop
  endfacet
  facet normal -0.195087 -0.980786 -0
    outer loop
      vertex 7.91411 1.54548 4.375
      vertex 7.70884 1.58631 0
      vertex 7.91411 1.54548 0
    endloop
  endfacet
  facet normal -0.980786 -0.195088 0
    outer loop
      vertex 9.08631 0.208841 0
      vertex 9.04548 0.41411 4.375
      vertex 9.04548 0.41411 0
    endloop
  endfacet
  facet normal -0.980786 -0.195088 0
    outer loop
      vertex 9.04548 0.41411 4.375
      vertex 9.08631 0.208841 0
      vertex 9.08631 0.208841 4.375
    endloop
  endfacet
  facet normal 0.997858 0.0654119 0
    outer loop
      vertex 4.91369 -0.208841 4.375
      vertex 4.9 0 0
      vertex 4.9 0 4.375
    endloop
  endfacet
  facet normal 0.997858 0.0654119 0
    outer loop
      vertex 4.9 0 0
      vertex 4.91369 -0.208841 4.375
      vertex 4.91369 -0.208841 0
    endloop
  endfacet
  facet normal 0.946936 0.321422 0
    outer loop
      vertex 5.02179 -0.612293 4.375
      vertex 4.95452 -0.41411 0
      vertex 4.95452 -0.41411 4.375
    endloop
  endfacet
  facet normal 0.946936 0.321422 0
    outer loop
      vertex 4.95452 -0.41411 0
      vertex 5.02179 -0.612293 4.375
      vertex 5.02179 -0.612293 0
    endloop
  endfacet
  facet normal 0.831482 0.555551 0
    outer loop
      vertex 5.23063 -0.974018 4.375
      vertex 5.11436 -0.799999 0
      vertex 5.11436 -0.799999 4.375
    endloop
  endfacet
  facet normal 0.831482 0.555551 0
    outer loop
      vertex 5.11436 -0.799999 0
      vertex 5.23063 -0.974018 4.375
      vertex 5.23063 -0.974018 0
    endloop
  endfacet
  facet normal 0.442295 0.89687 -0
    outer loop
      vertex 5.88771 -1.47821 0
      vertex 5.7 -1.38564 4.375
      vertex 5.88771 -1.47821 4.375
    endloop
  endfacet
  facet normal 0.442295 0.89687 0
    outer loop
      vertex 5.7 -1.38564 4.375
      vertex 5.88771 -1.47821 0
      vertex 5.7 -1.38564 0
    endloop
  endfacet
  facet normal 0.195087 0.980786 -0
    outer loop
      vertex 6.29116 -1.58631 0
      vertex 6.08589 -1.54548 4.375
      vertex 6.29116 -1.58631 4.375
    endloop
  endfacet
  facet normal 0.195087 0.980786 0
    outer loop
      vertex 6.08589 -1.54548 4.375
      vertex 6.29116 -1.58631 0
      vertex 6.08589 -1.54548 0
    endloop
  endfacet
  facet normal -0.659367 0.751821 0
    outer loop
      vertex 8.63137 -1.13137 0
      vertex 8.47402 -1.26937 4.375
      vertex 8.63137 -1.13137 4.375
    endloop
  endfacet
  facet normal -0.659367 0.751821 0
    outer loop
      vertex 8.47402 -1.26937 4.375
      vertex 8.63137 -1.13137 0
      vertex 8.47402 -1.26937 0
    endloop
  endfacet
  facet normal -0.751826 0.659362 0
    outer loop
      vertex 8.63137 -1.13137 0
      vertex 8.76937 -0.974018 4.375
      vertex 8.76937 -0.974018 0
    endloop
  endfacet
  facet normal -0.751826 0.659362 0
    outer loop
      vertex 8.76937 -0.974018 4.375
      vertex 8.63137 -1.13137 0
      vertex 8.63137 -1.13137 4.375
    endloop
  endfacet
  facet normal 0 -1 0
    outer loop
      vertex 6.5 1.6 0
      vertex 7.5 1.6 4.375
      vertex 6.5 1.6 4.375
    endloop
  endfacet
  facet normal 0 -1 -0
    outer loop
      vertex 7.5 1.6 4.375
      vertex 6.5 1.6 0
      vertex 7.5 1.6 0
    endloop
  endfacet
  facet normal -0.0654122 -0.997858 0
    outer loop
      vertex 7.5 1.6 0
      vertex 7.70884 1.58631 4.375
      vertex 7.5 1.6 4.375
    endloop
  endfacet
  facet normal -0.0654122 -0.997858 -0
    outer loop
      vertex 7.70884 1.58631 4.375
      vertex 7.5 1.6 0
      vertex 7.70884 1.58631 0
    endloop
  endfacet
  facet normal -0.946936 -0.321422 0
    outer loop
      vertex 9.04548 0.41411 0
      vertex 8.97821 0.612293 4.375
      vertex 8.97821 0.612293 0
    endloop
  endfacet
  facet normal -0.946936 -0.321422 0
    outer loop
      vertex 8.97821 0.612293 4.375
      vertex 9.04548 0.41411 0
      vertex 9.04548 0.41411 4.375
    endloop
  endfacet
  facet normal -0.997858 -0.0654119 0
    outer loop
      vertex 9.1 0 0
      vertex 9.08631 0.208841 4.375
      vertex 9.08631 0.208841 0
    endloop
  endfacet
  facet normal -0.997858 -0.0654119 0
    outer loop
      vertex 9.08631 0.208841 4.375
      vertex 9.1 0 0
      vertex 9.1 0 4.375
    endloop
  endfacet
  facet normal 0.896866 0.442303 0
    outer loop
      vertex 5.11436 -0.799999 4.375
      vertex 5.02179 -0.612293 0
      vertex 5.02179 -0.612293 4.375
    endloop
  endfacet
  facet normal 0.896866 0.442303 0
    outer loop
      vertex 5.02179 -0.612293 0
      vertex 5.11436 -0.799999 4.375
      vertex 5.11436 -0.799999 0
    endloop
  endfacet
  facet normal 0.659367 0.751821 -0
    outer loop
      vertex 5.52598 -1.26937 0
      vertex 5.36863 -1.13137 4.375
      vertex 5.52598 -1.26937 4.375
    endloop
  endfacet
  facet normal 0.659367 0.751821 0
    outer loop
      vertex 5.36863 -1.13137 4.375
      vertex 5.52598 -1.26937 0
      vertex 5.36863 -1.13137 0
    endloop
  endfacet
  facet normal 0.555549 0.831484 -0
    outer loop
      vertex 5.7 -1.38564 0
      vertex 5.52598 -1.26937 4.375
      vertex 5.7 -1.38564 4.375
    endloop
  endfacet
  facet normal 0.555549 0.831484 0
    outer loop
      vertex 5.52598 -1.26937 4.375
      vertex 5.7 -1.38564 0
      vertex 5.52598 -1.26937 0
    endloop
  endfacet
  facet normal 0.751826 0.659362 0
    outer loop
      vertex 5.36863 -1.13137 4.375
      vertex 5.23063 -0.974018 0
      vertex 5.23063 -0.974018 4.375
    endloop
  endfacet
  facet normal 0.751826 0.659362 0
    outer loop
      vertex 5.23063 -0.974018 0
      vertex 5.36863 -1.13137 4.375
      vertex 5.36863 -1.13137 0
    endloop
  endfacet
  facet normal -0.195087 0.980786 0
    outer loop
      vertex 7.91411 -1.54548 0
      vertex 7.70884 -1.58631 4.375
      vertex 7.91411 -1.54548 4.375
    endloop
  endfacet
  facet normal -0.195087 0.980786 0
    outer loop
      vertex 7.70884 -1.58631 4.375
      vertex 7.91411 -1.54548 0
      vertex 7.70884 -1.58631 0
    endloop
  endfacet
  facet normal 0 1 -0
    outer loop
      vertex 7.5 -1.6 0
      vertex 6.5 -1.6 4.375
      vertex 7.5 -1.6 4.375
    endloop
  endfacet
  facet normal 0 1 0
    outer loop
      vertex 6.5 -1.6 4.375
      vertex 7.5 -1.6 0
      vertex 6.5 -1.6 0
    endloop
  endfacet
  facet normal 0.321426 0.946935 -0
    outer loop
      vertex 6.08589 -1.54548 0
      vertex 5.88771 -1.47821 4.375
      vertex 6.08589 -1.54548 4.375
    endloop
  endfacet
  facet normal 0.321426 0.946935 0
    outer loop
      vertex 5.88771 -1.47821 4.375
      vertex 6.08589 -1.54548 0
      vertex 5.88771 -1.47821 0
    endloop
  endfacet
  facet normal -0.946936 0.321422 0
    outer loop
      vertex 8.97821 -0.612293 0
      vertex 9.04548 -0.41411 4.375
      vertex 9.04548 -0.41411 0
    endloop
  endfacet
  facet normal -0.946936 0.321422 0
    outer loop
      vertex 9.04548 -0.41411 4.375
      vertex 8.97821 -0.612293 0
      vertex 8.97821 -0.612293 4.375
    endloop
  endfacet
  facet normal -0.555549 0.831484 0
    outer loop
      vertex 8.47402 -1.26937 0
      vertex 8.3 -1.38564 4.375
      vertex 8.47402 -1.26937 4.375
    endloop
  endfacet
  facet normal -0.555549 0.831484 0
    outer loop
      vertex 8.3 -1.38564 4.375
      vertex 8.47402 -1.26937 0
      vertex 8.3 -1.38564 0
    endloop
  endfacet
  facet normal 0.555549 -0.831484 0
    outer loop
      vertex 5.52598 1.26937 0
      vertex 5.7 1.38564 4.375
      vertex 5.52598 1.26937 4.375
    endloop
  endfacet
  facet normal 0.555549 -0.831484 0
    outer loop
      vertex 5.7 1.38564 4.375
      vertex 5.52598 1.26937 0
      vertex 5.7 1.38564 0
    endloop
  endfacet
  facet normal 0.195087 -0.980786 0
    outer loop
      vertex 6.08589 1.54548 0
      vertex 6.29116 1.58631 4.375
      vertex 6.08589 1.54548 4.375
    endloop
  endfacet
  facet normal 0.195087 -0.980786 0
    outer loop
      vertex 6.29116 1.58631 4.375
      vertex 6.08589 1.54548 0
      vertex 6.29116 1.58631 0
    endloop
  endfacet
  facet normal -0.896866 -0.442303 0
    outer loop
      vertex 8.97821 0.612293 0
      vertex 8.88564 0.799999 4.375
      vertex 8.88564 0.799999 0
    endloop
  endfacet
  facet normal -0.896866 -0.442303 0
    outer loop
      vertex 8.88564 0.799999 4.375
      vertex 8.97821 0.612293 0
      vertex 8.97821 0.612293 4.375
    endloop
  endfacet
  facet normal -0.442295 -0.89687 0
    outer loop
      vertex 8.11229 1.47821 0
      vertex 8.3 1.38564 4.375
      vertex 8.11229 1.47821 4.375
    endloop
  endfacet
  facet normal -0.442295 -0.89687 -0
    outer loop
      vertex 8.3 1.38564 4.375
      vertex 8.11229 1.47821 0
      vertex 8.3 1.38564 0
    endloop
  endfacet
  facet normal -0.0654122 0.997858 0
    outer loop
      vertex 7.70884 -1.58631 0
      vertex 7.5 -1.6 4.375
      vertex 7.70884 -1.58631 4.375
    endloop
  endfacet
  facet normal -0.0654122 0.997858 0
    outer loop
      vertex 7.5 -1.6 4.375
      vertex 7.70884 -1.58631 0
      vertex 7.5 -1.6 0
    endloop
  endfacet
  facet normal -0.321426 0.946935 0
    outer loop
      vertex 8.11229 -1.47821 0
      vertex 7.91411 -1.54548 4.375
      vertex 8.11229 -1.47821 4.375
    endloop
  endfacet
  facet normal -0.321426 0.946935 0
    outer loop
      vertex 7.91411 -1.54548 4.375
      vertex 8.11229 -1.47821 0
      vertex 7.91411 -1.54548 0
    endloop
  endfacet
  facet normal -0.896866 0.442303 0
    outer loop
      vertex 8.88564 -0.799999 0
      vertex 8.97821 -0.612293 4.375
      vertex 8.97821 -0.612293 0
    endloop
  endfacet
  facet normal -0.896866 0.442303 0
    outer loop
      vertex 8.97821 -0.612293 4.375
      vertex 8.88564 -0.799999 0
      vertex 8.88564 -0.799999 4.375
    endloop
  endfacet
  facet normal 0.659367 -0.751821 0
    outer loop
      vertex 5.36863 1.13137 0
      vertex 5.52598 1.26937 4.375
      vertex 5.36863 1.13137 4.375
    endloop
  endfacet
  facet normal 0.659367 -0.751821 0
    outer loop
      vertex 5.52598 1.26937 4.375
      vertex 5.36863 1.13137 0
      vertex 5.52598 1.26937 0
    endloop
  endfacet
  facet normal 0.442295 -0.89687 0
    outer loop
      vertex 5.7 1.38564 0
      vertex 5.88771 1.47821 4.375
      vertex 5.7 1.38564 4.375
    endloop
  endfacet
  facet normal 0.442295 -0.89687 0
    outer loop
      vertex 5.88771 1.47821 4.375
      vertex 5.7 1.38564 0
      vertex 5.88771 1.47821 0
    endloop
  endfacet
  facet normal 0.896866 -0.442303 0
    outer loop
      vertex 5.02179 0.612293 4.375
      vertex 5.11436 0.799999 0
      vertex 5.11436 0.799999 4.375
    endloop
  endfacet
  facet normal 0.896866 -0.442303 0
    outer loop
      vertex 5.11436 0.799999 0
      vertex 5.02179 0.612293 4.375
      vertex 5.02179 0.612293 0
    endloop
  endfacet
  facet normal 0.946936 -0.321422 0
    outer loop
      vertex 4.95452 0.41411 4.375
      vertex 5.02179 0.612293 0
      vertex 5.02179 0.612293 4.375
    endloop
  endfacet
  facet normal 0.946936 -0.321422 0
    outer loop
      vertex 5.02179 0.612293 0
      vertex 4.95452 0.41411 4.375
      vertex 4.95452 0.41411 0
    endloop
  endfacet
  facet normal 0.831482 -0.555551 0
    outer loop
      vertex 5.11436 0.799999 4.375
      vertex 5.23063 0.974018 0
      vertex 5.23063 0.974018 4.375
    endloop
  endfacet
  facet normal 0.831482 -0.555551 0
    outer loop
      vertex 5.23063 0.974018 0
      vertex 5.11436 0.799999 4.375
      vertex 5.11436 0.799999 0
    endloop
  endfacet
  facet normal 0.980786 -0.195088 0
    outer loop
      vertex 4.91369 0.208841 4.375
      vertex 4.95452 0.41411 0
      vertex 4.95452 0.41411 4.375
    endloop
  endfacet
  facet normal 0.980786 -0.195088 0
    outer loop
      vertex 4.95452 0.41411 0
      vertex 4.91369 0.208841 4.375
      vertex 4.91369 0.208841 0
    endloop
  endfacet
  facet normal 0.321426 -0.946935 0
    outer loop
      vertex 5.88771 1.47821 0
      vertex 6.08589 1.54548 4.375
      vertex 5.88771 1.47821 4.375
    endloop
  endfacet
  facet normal 0.321426 -0.946935 0
    outer loop
      vertex 6.08589 1.54548 4.375
      vertex 5.88771 1.47821 0
      vertex 6.08589 1.54548 0
    endloop
  endfacet
  facet normal -0.659367 -0.751821 0
    outer loop
      vertex 8.47402 1.26937 0
      vertex 8.63137 1.13137 4.375
      vertex 8.47402 1.26937 4.375
    endloop
  endfacet
  facet normal -0.659367 -0.751821 -0
    outer loop
      vertex 8.63137 1.13137 4.375
      vertex 8.47402 1.26937 0
      vertex 8.63137 1.13137 0
    endloop
  endfacet
  facet normal -0.751826 -0.659362 0
    outer loop
      vertex 8.76937 0.974018 0
      vertex 8.63137 1.13137 4.375
      vertex 8.63137 1.13137 0
    endloop
  endfacet
  facet normal -0.751826 -0.659362 0
    outer loop
      vertex 8.63137 1.13137 4.375
      vertex 8.76937 0.974018 0
      vertex 8.76937 0.974018 4.375
    endloop
  endfacet
  facet normal -0.321426 -0.946935 0
    outer loop
      vertex 7.91411 1.54548 0
      vertex 8.11229 1.47821 4.375
      vertex 7.91411 1.54548 4.375
    endloop
  endfacet
  facet normal -0.321426 -0.946935 -0
    outer loop
      vertex 8.11229 1.47821 4.375
      vertex 7.91411 1.54548 0
      vertex 8.11229 1.47821 0
    endloop
  endfacet
  facet normal 0.0654119 0.997858 -0
    outer loop
      vertex 0 4.9 0
      vertex -0.208841 4.91369 4.375
      vertex 0 4.9 4.375
    endloop
  endfacet
  facet normal 0.0654119 0.997858 0
    outer loop
      vertex -0.208841 4.91369 4.375
      vertex 0 4.9 0
      vertex -0.208841 4.91369 0
    endloop
  endfacet
  facet normal -0.195088 -0.980786 0
    outer loop
      vertex 0.208841 9.08631 0
      vertex 0.41411 9.04548 4.375
      vertex 0.208841 9.08631 4.375
    endloop
  endfacet
  facet normal -0.195088 -0.980786 -0
    outer loop
      vertex 0.41411 9.04548 4.375
      vertex 0.208841 9.08631 0
      vertex 0.41411 9.04548 0
    endloop
  endfacet
  facet normal 0.555551 -0.831482 0
    outer loop
      vertex -0.974018 8.76937 0
      vertex -0.799999 8.88564 4.375
      vertex -0.974018 8.76937 4.375
    endloop
  endfacet
  facet normal 0.555551 -0.831482 0
    outer loop
      vertex -0.799999 8.88564 4.375
      vertex -0.974018 8.76937 0
      vertex -0.799999 8.88564 0
    endloop
  endfacet
  facet normal -0.195088 0.980786 0
    outer loop
      vertex 0.41411 4.95452 0
      vertex 0.208841 4.91369 4.375
      vertex 0.41411 4.95452 4.375
    endloop
  endfacet
  facet normal -0.195088 0.980786 0
    outer loop
      vertex 0.208841 4.91369 4.375
      vertex 0.41411 4.95452 0
      vertex 0.208841 4.91369 0
    endloop
  endfacet
  facet normal -0.997858 0.0654122 0
    outer loop
      vertex 1.58631 6.29116 0
      vertex 1.6 6.5 4.375
      vertex 1.6 6.5 0
    endloop
  endfacet
  facet normal -0.997858 0.0654122 0
    outer loop
      vertex 1.6 6.5 4.375
      vertex 1.58631 6.29116 0
      vertex 1.58631 6.29116 4.375
    endloop
  endfacet
  facet normal 0.831484 -0.555549 0
    outer loop
      vertex -1.38564 8.3 4.375
      vertex -1.26937 8.47402 0
      vertex -1.26937 8.47402 4.375
    endloop
  endfacet
  facet normal 0.831484 -0.555549 0
    outer loop
      vertex -1.26937 8.47402 0
      vertex -1.38564 8.3 4.375
      vertex -1.38564 8.3 0
    endloop
  endfacet
  facet normal 0.980786 -0.195087 0
    outer loop
      vertex -1.58631 7.70884 4.375
      vertex -1.54548 7.91411 0
      vertex -1.54548 7.91411 4.375
    endloop
  endfacet
  facet normal 0.980786 -0.195087 0
    outer loop
      vertex -1.54548 7.91411 0
      vertex -1.58631 7.70884 4.375
      vertex -1.58631 7.70884 0
    endloop
  endfacet
  facet normal 0.195088 -0.980786 0
    outer loop
      vertex -0.41411 9.04548 0
      vertex -0.208841 9.08631 4.375
      vertex -0.41411 9.04548 4.375
    endloop
  endfacet
  facet normal 0.195088 -0.980786 0
    outer loop
      vertex -0.208841 9.08631 4.375
      vertex -0.41411 9.04548 0
      vertex -0.208841 9.08631 0
    endloop
  endfacet
  facet normal -0.0654119 0.997858 0
    outer loop
      vertex 0.208841 4.91369 0
      vertex 0 4.9 4.375
      vertex 0.208841 4.91369 4.375
    endloop
  endfacet
  facet normal -0.0654119 0.997858 0
    outer loop
      vertex 0 4.9 4.375
      vertex 0.208841 4.91369 0
      vertex 0 4.9 0
    endloop
  endfacet
  facet normal -0.321422 0.946936 0
    outer loop
      vertex 0.612293 5.02179 0
      vertex 0.41411 4.95452 4.375
      vertex 0.612293 5.02179 4.375
    endloop
  endfacet
  facet normal -0.321422 0.946936 0
    outer loop
      vertex 0.41411 4.95452 4.375
      vertex 0.612293 5.02179 0
      vertex 0.41411 4.95452 0
    endloop
  endfacet
  facet normal -0.89687 0.442295 0
    outer loop
      vertex 1.38564 5.7 0
      vertex 1.47821 5.88771 4.375
      vertex 1.47821 5.88771 0
    endloop
  endfacet
  facet normal -0.89687 0.442295 0
    outer loop
      vertex 1.47821 5.88771 4.375
      vertex 1.38564 5.7 0
      vertex 1.38564 5.7 4.375
    endloop
  endfacet
  facet normal -0.980786 0.195087 0
    outer loop
      vertex 1.54548 6.08589 0
      vertex 1.58631 6.29116 4.375
      vertex 1.58631 6.29116 0
    endloop
  endfacet
  facet normal -0.980786 0.195087 0
    outer loop
      vertex 1.58631 6.29116 4.375
      vertex 1.54548 6.08589 0
      vertex 1.54548 6.08589 4.375
    endloop
  endfacet
  facet normal -0.555551 -0.831482 0
    outer loop
      vertex 0.799999 8.88564 0
      vertex 0.974018 8.76937 4.375
      vertex 0.799999 8.88564 4.375
    endloop
  endfacet
  facet normal -0.555551 -0.831482 -0
    outer loop
      vertex 0.974018 8.76937 4.375
      vertex 0.799999 8.88564 0
      vertex 0.974018 8.76937 0
    endloop
  endfacet
  facet normal -0.659362 -0.751826 0
    outer loop
      vertex 0.974018 8.76937 0
      vertex 1.13137 8.63137 4.375
      vertex 0.974018 8.76937 4.375
    endloop
  endfacet
  facet normal -0.659362 -0.751826 -0
    outer loop
      vertex 1.13137 8.63137 4.375
      vertex 0.974018 8.76937 0
      vertex 1.13137 8.63137 0
    endloop
  endfacet
  facet normal 0.89687 0.442295 0
    outer loop
      vertex -1.38564 5.7 4.375
      vertex -1.47821 5.88771 0
      vertex -1.47821 5.88771 4.375
    endloop
  endfacet
  facet normal 0.89687 0.442295 0
    outer loop
      vertex -1.47821 5.88771 0
      vertex -1.38564 5.7 4.375
      vertex -1.38564 5.7 0
    endloop
  endfacet
  facet normal 1 -0 0
    outer loop
      vertex -1.6 6.5 4.375
      vertex -1.6 7.5 0
      vertex -1.6 7.5 4.375
    endloop
  endfacet
  facet normal 1 0 0
    outer loop
      vertex -1.6 7.5 0
      vertex -1.6 6.5 4.375
      vertex -1.6 6.5 0
    endloop
  endfacet
  facet normal 0.997858 -0.0654122 0
    outer loop
      vertex -1.6 7.5 4.375
      vertex -1.58631 7.70884 0
      vertex -1.58631 7.70884 4.375
    endloop
  endfacet
  facet normal 0.997858 -0.0654122 0
    outer loop
      vertex -1.58631 7.70884 0
      vertex -1.6 7.5 4.375
      vertex -1.6 7.5 0
    endloop
  endfacet
  facet normal 0.321422 -0.946936 0
    outer loop
      vertex -0.612293 8.97821 0
      vertex -0.41411 9.04548 4.375
      vertex -0.612293 8.97821 4.375
    endloop
  endfacet
  facet normal 0.321422 -0.946936 0
    outer loop
      vertex -0.41411 9.04548 4.375
      vertex -0.612293 8.97821 0
      vertex -0.41411 9.04548 0
    endloop
  endfacet
  facet normal 0.0654119 -0.997858 0
    outer loop
      vertex -0.208841 9.08631 0
      vertex 0 9.1 4.375
      vertex -0.208841 9.08631 4.375
    endloop
  endfacet
  facet normal 0.0654119 -0.997858 0
    outer loop
      vertex 0 9.1 4.375
      vertex -0.208841 9.08631 0
      vertex 0 9.1 0
    endloop
  endfacet
  facet normal -0.0654119 -0.997858 0
    outer loop
      vertex 0 9.1 0
      vertex 0.208841 9.08631 4.375
      vertex 0 9.1 4.375
    endloop
  endfacet
  facet normal -0.0654119 -0.997858 -0
    outer loop
      vertex 0.208841 9.08631 4.375
      vertex 0 9.1 0
      vertex 0.208841 9.08631 0
    endloop
  endfacet
  facet normal -0.442303 0.896866 0
    outer loop
      vertex 0.799999 5.11436 0
      vertex 0.612293 5.02179 4.375
      vertex 0.799999 5.11436 4.375
    endloop
  endfacet
  facet normal -0.442303 0.896866 0
    outer loop
      vertex 0.612293 5.02179 4.375
      vertex 0.799999 5.11436 0
      vertex 0.612293 5.02179 0
    endloop
  endfacet
  facet normal -0.831484 0.555549 0
    outer loop
      vertex 1.26937 5.52598 0
      vertex 1.38564 5.7 4.375
      vertex 1.38564 5.7 0
    endloop
  endfacet
  facet normal -0.831484 0.555549 0
    outer loop
      vertex 1.38564 5.7 4.375
      vertex 1.26937 5.52598 0
      vertex 1.26937 5.52598 4.375
    endloop
  endfacet
  facet normal -0.659362 0.751826 0
    outer loop
      vertex 1.13137 5.36863 0
      vertex 0.974018 5.23063 4.375
      vertex 1.13137 5.36863 4.375
    endloop
  endfacet
  facet normal -0.659362 0.751826 0
    outer loop
      vertex 0.974018 5.23063 4.375
      vertex 1.13137 5.36863 0
      vertex 0.974018 5.23063 0
    endloop
  endfacet
  facet normal -1 0 0
    outer loop
      vertex 1.6 6.5 0
      vertex 1.6 7.5 4.375
      vertex 1.6 7.5 0
    endloop
  endfacet
  facet normal -1 -0 0
    outer loop
      vertex 1.6 7.5 4.375
      vertex 1.6 6.5 0
      vertex 1.6 6.5 4.375
    endloop
  endfacet
  facet normal -0.946935 0.321426 0
    outer loop
      vertex 1.47821 5.88771 0
      vertex 1.54548 6.08589 4.375
      vertex 1.54548 6.08589 0
    endloop
  endfacet
  facet normal -0.946935 0.321426 0
    outer loop
      vertex 1.54548 6.08589 4.375
      vertex 1.47821 5.88771 0
      vertex 1.47821 5.88771 4.375
    endloop
  endfacet
  facet normal -0.321422 -0.946936 0
    outer loop
      vertex 0.41411 9.04548 0
      vertex 0.612293 8.97821 4.375
      vertex 0.41411 9.04548 4.375
    endloop
  endfacet
  facet normal -0.321422 -0.946936 -0
    outer loop
      vertex 0.612293 8.97821 4.375
      vertex 0.41411 9.04548 0
      vertex 0.612293 8.97821 0
    endloop
  endfacet
  facet normal -0.442303 -0.896866 0
    outer loop
      vertex 0.612293 8.97821 0
      vertex 0.799999 8.88564 4.375
      vertex 0.612293 8.97821 4.375
    endloop
  endfacet
  facet normal -0.442303 -0.896866 -0
    outer loop
      vertex 0.799999 8.88564 4.375
      vertex 0.612293 8.97821 0
      vertex 0.799999 8.88564 0
    endloop
  endfacet
  facet normal -0.751821 -0.659367 0
    outer loop
      vertex 1.26937 8.47402 0
      vertex 1.13137 8.63137 4.375
      vertex 1.13137 8.63137 0
    endloop
  endfacet
  facet normal -0.751821 -0.659367 0
    outer loop
      vertex 1.13137 8.63137 4.375
      vertex 1.26937 8.47402 0
      vertex 1.26937 8.47402 4.375
    endloop
  endfacet
  facet normal -0.831484 -0.555549 0
    outer loop
      vertex 1.38564 8.3 0
      vertex 1.26937 8.47402 4.375
      vertex 1.26937 8.47402 0
    endloop
  endfacet
  facet normal -0.831484 -0.555549 0
    outer loop
      vertex 1.26937 8.47402 4.375
      vertex 1.38564 8.3 0
      vertex 1.38564 8.3 4.375
    endloop
  endfacet
  facet normal -0.89687 -0.442295 0
    outer loop
      vertex 1.47821 8.11229 0
      vertex 1.38564 8.3 4.375
      vertex 1.38564 8.3 0
    endloop
  endfacet
  facet normal -0.89687 -0.442295 0
    outer loop
      vertex 1.38564 8.3 4.375
      vertex 1.47821 8.11229 0
      vertex 1.47821 8.11229 4.375
    endloop
  endfacet
  facet normal 0.997858 0.0654122 0
    outer loop
      vertex -1.58631 6.29116 4.375
      vertex -1.6 6.5 0
      vertex -1.6 6.5 4.375
    endloop
  endfacet
  facet normal 0.997858 0.0654122 0
    outer loop
      vertex -1.6 6.5 0
      vertex -1.58631 6.29116 4.375
      vertex -1.58631 6.29116 0
    endloop
  endfacet
  facet normal 0.442303 -0.896866 0
    outer loop
      vertex -0.799999 8.88564 0
      vertex -0.612293 8.97821 4.375
      vertex -0.799999 8.88564 4.375
    endloop
  endfacet
  facet normal 0.442303 -0.896866 0
    outer loop
      vertex -0.612293 8.97821 4.375
      vertex -0.799999 8.88564 0
      vertex -0.612293 8.97821 0
    endloop
  endfacet
  facet normal 0.89687 -0.442295 0
    outer loop
      vertex -1.47821 8.11229 4.375
      vertex -1.38564 8.3 0
      vertex -1.38564 8.3 4.375
    endloop
  endfacet
  facet normal 0.89687 -0.442295 0
    outer loop
      vertex -1.38564 8.3 0
      vertex -1.47821 8.11229 4.375
      vertex -1.47821 8.11229 0
    endloop
  endfacet
  facet normal -0.555551 0.831482 0
    outer loop
      vertex 0.974018 5.23063 0
      vertex 0.799999 5.11436 4.375
      vertex 0.974018 5.23063 4.375
    endloop
  endfacet
  facet normal -0.555551 0.831482 0
    outer loop
      vertex 0.799999 5.11436 4.375
      vertex 0.974018 5.23063 0
      vertex 0.799999 5.11436 0
    endloop
  endfacet
  facet normal -0.751821 0.659367 0
    outer loop
      vertex 1.13137 5.36863 0
      vertex 1.26937 5.52598 4.375
      vertex 1.26937 5.52598 0
    endloop
  endfacet
  facet normal -0.751821 0.659367 0
    outer loop
      vertex 1.26937 5.52598 4.375
      vertex 1.13137 5.36863 0
      vertex 1.13137 5.36863 4.375
    endloop
  endfacet
  facet normal -0.997858 -0.0654122 0
    outer loop
      vertex 1.6 7.5 0
      vertex 1.58631 7.70884 4.375
      vertex 1.58631 7.70884 0
    endloop
  endfacet
  facet normal -0.997858 -0.0654122 0
    outer loop
      vertex 1.58631 7.70884 4.375
      vertex 1.6 7.5 0
      vertex 1.6 7.5 4.375
    endloop
  endfacet
  facet normal -0.946935 -0.321426 0
    outer loop
      vertex 1.54548 7.91411 0
      vertex 1.47821 8.11229 4.375
      vertex 1.47821 8.11229 0
    endloop
  endfacet
  facet normal -0.946935 -0.321426 0
    outer loop
      vertex 1.47821 8.11229 4.375
      vertex 1.54548 7.91411 0
      vertex 1.54548 7.91411 4.375
    endloop
  endfacet
  facet normal 0.751821 0.659367 0
    outer loop
      vertex -1.13137 5.36863 4.375
      vertex -1.26937 5.52598 0
      vertex -1.26937 5.52598 4.375
    endloop
  endfacet
  facet normal 0.751821 0.659367 0
    outer loop
      vertex -1.26937 5.52598 0
      vertex -1.13137 5.36863 4.375
      vertex -1.13137 5.36863 0
    endloop
  endfacet
  facet normal 0.831484 0.555549 0
    outer loop
      vertex -1.26937 5.52598 4.375
      vertex -1.38564 5.7 0
      vertex -1.38564 5.7 4.375
    endloop
  endfacet
  facet normal 0.831484 0.555549 0
    outer loop
      vertex -1.38564 5.7 0
      vertex -1.26937 5.52598 4.375
      vertex -1.26937 5.52598 0
    endloop
  endfacet
  facet normal 0.321422 0.946936 -0
    outer loop
      vertex -0.41411 4.95452 0
      vertex -0.612293 5.02179 4.375
      vertex -0.41411 4.95452 4.375
    endloop
  endfacet
  facet normal 0.321422 0.946936 0
    outer loop
      vertex -0.612293 5.02179 4.375
      vertex -0.41411 4.95452 0
      vertex -0.612293 5.02179 0
    endloop
  endfacet
  facet normal 0.555551 0.831482 -0
    outer loop
      vertex -0.799999 5.11436 0
      vertex -0.974018 5.23063 4.375
      vertex -0.799999 5.11436 4.375
    endloop
  endfacet
  facet normal 0.555551 0.831482 0
    outer loop
      vertex -0.974018 5.23063 4.375
      vertex -0.799999 5.11436 0
      vertex -0.974018 5.23063 0
    endloop
  endfacet
  facet normal 0.980786 0.195087 0
    outer loop
      vertex -1.54548 6.08589 4.375
      vertex -1.58631 6.29116 0
      vertex -1.58631 6.29116 4.375
    endloop
  endfacet
  facet normal 0.980786 0.195087 0
    outer loop
      vertex -1.58631 6.29116 0
      vertex -1.54548 6.08589 4.375
      vertex -1.54548 6.08589 0
    endloop
  endfacet
  facet normal 0.751821 -0.659367 0
    outer loop
      vertex -1.26937 8.47402 4.375
      vertex -1.13137 8.63137 0
      vertex -1.13137 8.63137 4.375
    endloop
  endfacet
  facet normal 0.751821 -0.659367 0
    outer loop
      vertex -1.13137 8.63137 0
      vertex -1.26937 8.47402 4.375
      vertex -1.26937 8.47402 0
    endloop
  endfacet
  facet normal 0.659362 -0.751826 0
    outer loop
      vertex -1.13137 8.63137 0
      vertex -0.974018 8.76937 4.375
      vertex -1.13137 8.63137 4.375
    endloop
  endfacet
  facet normal 0.659362 -0.751826 0
    outer loop
      vertex -0.974018 8.76937 4.375
      vertex -1.13137 8.63137 0
      vertex -0.974018 8.76937 0
    endloop
  endfacet
  facet normal 0.946935 -0.321426 0
    outer loop
      vertex -1.54548 7.91411 4.375
      vertex -1.47821 8.11229 0
      vertex -1.47821 8.11229 4.375
    endloop
  endfacet
  facet normal 0.946935 -0.321426 0
    outer loop
      vertex -1.47821 8.11229 0
      vertex -1.54548 7.91411 4.375
      vertex -1.54548 7.91411 0
    endloop
  endfacet
  facet normal -0.980786 -0.195087 0
    outer loop
      vertex 1.58631 7.70884 0
      vertex 1.54548 7.91411 4.375
      vertex 1.54548 7.91411 0
    endloop
  endfacet
  facet normal -0.980786 -0.195087 0
    outer loop
      vertex 1.54548 7.91411 4.375
      vertex 1.58631 7.70884 0
      vertex 1.58631 7.70884 4.375
    endloop
  endfacet
  facet normal 0.659362 0.751826 -0
    outer loop
      vertex -0.974018 5.23063 0
      vertex -1.13137 5.36863 4.375
      vertex -0.974018 5.23063 4.375
    endloop
  endfacet
  facet normal 0.659362 0.751826 0
    outer loop
      vertex -1.13137 5.36863 4.375
      vertex -0.974018 5.23063 0
      vertex -1.13137 5.36863 0
    endloop
  endfacet
  facet normal 0.442303 0.896866 -0
    outer loop
      vertex -0.612293 5.02179 0
      vertex -0.799999 5.11436 4.375
      vertex -0.612293 5.02179 4.375
    endloop
  endfacet
  facet normal 0.442303 0.896866 0
    outer loop
      vertex -0.799999 5.11436 4.375
      vertex -0.612293 5.02179 0
      vertex -0.799999 5.11436 0
    endloop
  endfacet
  facet normal 0.195088 0.980786 -0
    outer loop
      vertex -0.208841 4.91369 0
      vertex -0.41411 4.95452 4.375
      vertex -0.208841 4.91369 4.375
    endloop
  endfacet
  facet normal 0.195088 0.980786 0
    outer loop
      vertex -0.41411 4.95452 4.375
      vertex -0.208841 4.91369 0
      vertex -0.41411 4.95452 0
    endloop
  endfacet
  facet normal 0.946935 0.321426 0
    outer loop
      vertex -1.47821 5.88771 4.375
      vertex -1.54548 6.08589 0
      vertex -1.54548 6.08589 4.375
    endloop
  endfacet
  facet normal 0.946935 0.321426 0
    outer loop
      vertex -1.54548 6.08589 0
      vertex -1.47821 5.88771 4.375
      vertex -1.47821 5.88771 0
    endloop
  endfacet
  facet normal -0.997858 0.0654119 0
    outer loop
      vertex -4.91369 -0.208841 0
      vertex -4.9 0 4.375
      vertex -4.9 0 0
    endloop
  endfacet
  facet normal -0.997858 0.0654119 0
    outer loop
      vertex -4.9 0 4.375
      vertex -4.91369 -0.208841 0
      vertex -4.91369 -0.208841 4.375
    endloop
  endfacet
  facet normal -0.831482 -0.555551 0
    outer loop
      vertex -5.11436 0.799999 0
      vertex -5.23063 0.974018 4.375
      vertex -5.23063 0.974018 0
    endloop
  endfacet
  facet normal -0.831482 -0.555551 0
    outer loop
      vertex -5.23063 0.974018 4.375
      vertex -5.11436 0.799999 0
      vertex -5.11436 0.799999 4.375
    endloop
  endfacet
  facet normal 0.980786 -0.195088 0
    outer loop
      vertex -9.08631 0.208841 4.375
      vertex -9.04548 0.41411 0
      vertex -9.04548 0.41411 4.375
    endloop
  endfacet
  facet normal 0.980786 -0.195088 0
    outer loop
      vertex -9.04548 0.41411 0
      vertex -9.08631 0.208841 4.375
      vertex -9.08631 0.208841 0
    endloop
  endfacet
  facet normal 0.0654122 0.997858 -0
    outer loop
      vertex -7.5 -1.6 0
      vertex -7.70884 -1.58631 4.375
      vertex -7.5 -1.6 4.375
    endloop
  endfacet
  facet normal 0.0654122 0.997858 0
    outer loop
      vertex -7.70884 -1.58631 4.375
      vertex -7.5 -1.6 0
      vertex -7.70884 -1.58631 0
    endloop
  endfacet
  facet normal 0.831482 0.555551 0
    outer loop
      vertex -8.76937 -0.974018 4.375
      vertex -8.88564 -0.799999 0
      vertex -8.88564 -0.799999 4.375
    endloop
  endfacet
  facet normal 0.831482 0.555551 0
    outer loop
      vertex -8.88564 -0.799999 0
      vertex -8.76937 -0.974018 4.375
      vertex -8.76937 -0.974018 0
    endloop
  endfacet
  facet normal -0.555549 -0.831484 0
    outer loop
      vertex -5.7 1.38564 0
      vertex -5.52598 1.26937 4.375
      vertex -5.7 1.38564 4.375
    endloop
  endfacet
  facet normal -0.555549 -0.831484 -0
    outer loop
      vertex -5.52598 1.26937 4.375
      vertex -5.7 1.38564 0
      vertex -5.52598 1.26937 0
    endloop
  endfacet
  facet normal 0.555549 0.831484 -0
    outer loop
      vertex -8.3 -1.38564 0
      vertex -8.47402 -1.26937 4.375
      vertex -8.3 -1.38564 4.375
    endloop
  endfacet
  facet normal 0.555549 0.831484 0
    outer loop
      vertex -8.47402 -1.26937 4.375
      vertex -8.3 -1.38564 0
      vertex -8.47402 -1.26937 0
    endloop
  endfacet
  facet normal 0.195087 0.980786 -0
    outer loop
      vertex -7.70884 -1.58631 0
      vertex -7.91411 -1.54548 4.375
      vertex -7.70884 -1.58631 4.375
    endloop
  endfacet
  facet normal 0.195087 0.980786 0
    outer loop
      vertex -7.91411 -1.54548 4.375
      vertex -7.70884 -1.58631 0
      vertex -7.91411 -1.54548 0
    endloop
  endfacet
  facet normal -0.997858 -0.0654119 0
    outer loop
      vertex -4.9 0 0
      vertex -4.91369 0.208841 4.375
      vertex -4.91369 0.208841 0
    endloop
  endfacet
  facet normal -0.997858 -0.0654119 0
    outer loop
      vertex -4.91369 0.208841 4.375
      vertex -4.9 0 0
      vertex -4.9 0 4.375
    endloop
  endfacet
  facet normal -0.946936 -0.321422 0
    outer loop
      vertex -4.95452 0.41411 0
      vertex -5.02179 0.612293 4.375
      vertex -5.02179 0.612293 0
    endloop
  endfacet
  facet normal -0.946936 -0.321422 0
    outer loop
      vertex -5.02179 0.612293 4.375
      vertex -4.95452 0.41411 0
      vertex -4.95452 0.41411 4.375
    endloop
  endfacet
  facet normal -0.442295 -0.89687 0
    outer loop
      vertex -5.88771 1.47821 0
      vertex -5.7 1.38564 4.375
      vertex -5.88771 1.47821 4.375
    endloop
  endfacet
  facet normal -0.442295 -0.89687 -0
    outer loop
      vertex -5.7 1.38564 4.375
      vertex -5.88771 1.47821 0
      vertex -5.7 1.38564 0
    endloop
  endfacet
  facet normal -0.195087 -0.980786 0
    outer loop
      vertex -6.29116 1.58631 0
      vertex -6.08589 1.54548 4.375
      vertex -6.29116 1.58631 4.375
    endloop
  endfacet
  facet normal -0.195087 -0.980786 -0
    outer loop
      vertex -6.08589 1.54548 4.375
      vertex -6.29116 1.58631 0
      vertex -6.08589 1.54548 0
    endloop
  endfacet
  facet normal 0.831482 -0.555551 0
    outer loop
      vertex -8.88564 0.799999 4.375
      vertex -8.76937 0.974018 0
      vertex -8.76937 0.974018 4.375
    endloop
  endfacet
  facet normal 0.831482 -0.555551 0
    outer loop
      vertex -8.76937 0.974018 0
      vertex -8.88564 0.799999 4.375
      vertex -8.88564 0.799999 0
    endloop
  endfacet
  facet normal 0.751826 -0.659362 0
    outer loop
      vertex -8.76937 0.974018 4.375
      vertex -8.63137 1.13137 0
      vertex -8.63137 1.13137 4.375
    endloop
  endfacet
  facet normal 0.751826 -0.659362 0
    outer loop
      vertex -8.63137 1.13137 0
      vertex -8.76937 0.974018 4.375
      vertex -8.76937 0.974018 0
    endloop
  endfacet
  facet normal -0.442295 0.89687 0
    outer loop
      vertex -5.7 -1.38564 0
      vertex -5.88771 -1.47821 4.375
      vertex -5.7 -1.38564 4.375
    endloop
  endfacet
  facet normal -0.442295 0.89687 0
    outer loop
      vertex -5.88771 -1.47821 4.375
      vertex -5.7 -1.38564 0
      vertex -5.88771 -1.47821 0
    endloop
  endfacet
  facet normal 0 1 -0
    outer loop
      vertex -6.5 -1.6 0
      vertex -7.5 -1.6 4.375
      vertex -6.5 -1.6 4.375
    endloop
  endfacet
  facet normal 0 1 0
    outer loop
      vertex -7.5 -1.6 4.375
      vertex -6.5 -1.6 0
      vertex -7.5 -1.6 0
    endloop
  endfacet
  facet normal 0.946936 0.321422 0
    outer loop
      vertex -8.97821 -0.612293 4.375
      vertex -9.04548 -0.41411 0
      vertex -9.04548 -0.41411 4.375
    endloop
  endfacet
  facet normal 0.946936 0.321422 0
    outer loop
      vertex -9.04548 -0.41411 0
      vertex -8.97821 -0.612293 4.375
      vertex -8.97821 -0.612293 0
    endloop
  endfacet
  facet normal 0.442295 0.89687 -0
    outer loop
      vertex -8.11229 -1.47821 0
      vertex -8.3 -1.38564 4.375
      vertex -8.11229 -1.47821 4.375
    endloop
  endfacet
  facet normal 0.442295 0.89687 0
    outer loop
      vertex -8.3 -1.38564 4.375
      vertex -8.11229 -1.47821 0
      vertex -8.3 -1.38564 0
    endloop
  endfacet
  facet normal 0.321426 0.946935 -0
    outer loop
      vertex -7.91411 -1.54548 0
      vertex -8.11229 -1.47821 4.375
      vertex -7.91411 -1.54548 4.375
    endloop
  endfacet
  facet normal 0.321426 0.946935 0
    outer loop
      vertex -8.11229 -1.47821 4.375
      vertex -7.91411 -1.54548 0
      vertex -8.11229 -1.47821 0
    endloop
  endfacet
  facet normal 0.997858 0.0654119 0
    outer loop
      vertex -9.08631 -0.208841 4.375
      vertex -9.1 0 0
      vertex -9.1 0 4.375
    endloop
  endfacet
  facet normal 0.997858 0.0654119 0
    outer loop
      vertex -9.1 0 0
      vertex -9.08631 -0.208841 4.375
      vertex -9.08631 -0.208841 0
    endloop
  endfacet
  facet normal 0.997858 -0.0654119 0
    outer loop
      vertex -9.1 0 4.375
      vertex -9.08631 0.208841 0
      vertex -9.08631 0.208841 4.375
    endloop
  endfacet
  facet normal 0.997858 -0.0654119 0
    outer loop
      vertex -9.08631 0.208841 0
      vertex -9.1 0 4.375
      vertex -9.1 0 0
    endloop
  endfacet
  facet normal -0.980786 -0.195088 0
    outer loop
      vertex -4.91369 0.208841 0
      vertex -4.95452 0.41411 4.375
      vertex -4.95452 0.41411 0
    endloop
  endfacet
  facet normal -0.980786 -0.195088 0
    outer loop
      vertex -4.95452 0.41411 4.375
      vertex -4.91369 0.208841 0
      vertex -4.91369 0.208841 4.375
    endloop
  endfacet
  facet normal -0.896866 -0.442303 0
    outer loop
      vertex -5.02179 0.612293 0
      vertex -5.11436 0.799999 4.375
      vertex -5.11436 0.799999 0
    endloop
  endfacet
  facet normal -0.896866 -0.442303 0
    outer loop
      vertex -5.11436 0.799999 4.375
      vertex -5.02179 0.612293 0
      vertex -5.02179 0.612293 4.375
    endloop
  endfacet
  facet normal -0.659367 -0.751821 0
    outer loop
      vertex -5.52598 1.26937 0
      vertex -5.36863 1.13137 4.375
      vertex -5.52598 1.26937 4.375
    endloop
  endfacet
  facet normal -0.659367 -0.751821 -0
    outer loop
      vertex -5.36863 1.13137 4.375
      vertex -5.52598 1.26937 0
      vertex -5.36863 1.13137 0
    endloop
  endfacet
  facet normal -0.751826 -0.659362 0
    outer loop
      vertex -5.23063 0.974018 0
      vertex -5.36863 1.13137 4.375
      vertex -5.36863 1.13137 0
    endloop
  endfacet
  facet normal -0.751826 -0.659362 0
    outer loop
      vertex -5.36863 1.13137 4.375
      vertex -5.23063 0.974018 0
      vertex -5.23063 0.974018 4.375
    endloop
  endfacet
  facet normal 0 -1 0
    outer loop
      vertex -7.5 1.6 0
      vertex -6.5 1.6 4.375
      vertex -7.5 1.6 4.375
    endloop
  endfacet
  facet normal 0 -1 -0
    outer loop
      vertex -6.5 1.6 4.375
      vertex -7.5 1.6 0
      vertex -6.5 1.6 0
    endloop
  endfacet
  facet normal -0.0654122 -0.997858 0
    outer loop
      vertex -6.5 1.6 0
      vertex -6.29116 1.58631 4.375
      vertex -6.5 1.6 4.375
    endloop
  endfacet
  facet normal -0.0654122 -0.997858 -0
    outer loop
      vertex -6.29116 1.58631 4.375
      vertex -6.5 1.6 0
      vertex -6.29116 1.58631 0
    endloop
  endfacet
  facet normal -0.321426 -0.946935 0
    outer loop
      vertex -6.08589 1.54548 0
      vertex -5.88771 1.47821 4.375
      vertex -6.08589 1.54548 4.375
    endloop
  endfacet
  facet normal -0.321426 -0.946935 -0
    outer loop
      vertex -5.88771 1.47821 4.375
      vertex -6.08589 1.54548 0
      vertex -5.88771 1.47821 0
    endloop
  endfacet
  facet normal 0.946936 -0.321422 0
    outer loop
      vertex -9.04548 0.41411 4.375
      vertex -8.97821 0.612293 0
      vertex -8.97821 0.612293 4.375
    endloop
  endfacet
  facet normal 0.946936 -0.321422 0
    outer loop
      vertex -8.97821 0.612293 0
      vertex -9.04548 0.41411 4.375
      vertex -9.04548 0.41411 0
    endloop
  endfacet
  facet normal 0.896866 -0.442303 0
    outer loop
      vertex -8.97821 0.612293 4.375
      vertex -8.88564 0.799999 0
      vertex -8.88564 0.799999 4.375
    endloop
  endfacet
  facet normal 0.896866 -0.442303 0
    outer loop
      vertex -8.88564 0.799999 0
      vertex -8.97821 0.612293 4.375
      vertex -8.97821 0.612293 0
    endloop
  endfacet
  facet normal 0.659367 -0.751821 0
    outer loop
      vertex -8.63137 1.13137 0
      vertex -8.47402 1.26937 4.375
      vertex -8.63137 1.13137 4.375
    endloop
  endfacet
  facet normal 0.659367 -0.751821 0
    outer loop
      vertex -8.47402 1.26937 4.375
      vertex -8.63137 1.13137 0
      vertex -8.47402 1.26937 0
    endloop
  endfacet
  facet normal 0.555549 -0.831484 0
    outer loop
      vertex -8.47402 1.26937 0
      vertex -8.3 1.38564 4.375
      vertex -8.47402 1.26937 4.375
    endloop
  endfacet
  facet normal 0.555549 -0.831484 0
    outer loop
      vertex -8.3 1.38564 4.375
      vertex -8.47402 1.26937 0
      vertex -8.3 1.38564 0
    endloop
  endfacet
  facet normal 0.442295 -0.89687 0
    outer loop
      vertex -8.3 1.38564 0
      vertex -8.11229 1.47821 4.375
      vertex -8.3 1.38564 4.375
    endloop
  endfacet
  facet normal 0.442295 -0.89687 0
    outer loop
      vertex -8.11229 1.47821 4.375
      vertex -8.3 1.38564 0
      vertex -8.11229 1.47821 0
    endloop
  endfacet
  facet normal -0.0654122 0.997858 0
    outer loop
      vertex -6.29116 -1.58631 0
      vertex -6.5 -1.6 4.375
      vertex -6.29116 -1.58631 4.375
    endloop
  endfacet
  facet normal -0.0654122 0.997858 0
    outer loop
      vertex -6.5 -1.6 4.375
      vertex -6.29116 -1.58631 0
      vertex -6.5 -1.6 0
    endloop
  endfacet
  facet normal -0.321426 0.946935 0
    outer loop
      vertex -5.88771 -1.47821 0
      vertex -6.08589 -1.54548 4.375
      vertex -5.88771 -1.47821 4.375
    endloop
  endfacet
  facet normal -0.321426 0.946935 0
    outer loop
      vertex -6.08589 -1.54548 4.375
      vertex -5.88771 -1.47821 0
      vertex -6.08589 -1.54548 0
    endloop
  endfacet
  facet normal 0.980786 0.195088 0
    outer loop
      vertex -9.04548 -0.41411 4.375
      vertex -9.08631 -0.208841 0
      vertex -9.08631 -0.208841 4.375
    endloop
  endfacet
  facet normal 0.980786 0.195088 0
    outer loop
      vertex -9.08631 -0.208841 0
      vertex -9.04548 -0.41411 4.375
      vertex -9.04548 -0.41411 0
    endloop
  endfacet
  facet normal 0.896866 0.442303 0
    outer loop
      vertex -8.88564 -0.799999 4.375
      vertex -8.97821 -0.612293 0
      vertex -8.97821 -0.612293 4.375
    endloop
  endfacet
  facet normal 0.896866 0.442303 0
    outer loop
      vertex -8.97821 -0.612293 0
      vertex -8.88564 -0.799999 4.375
      vertex -8.88564 -0.799999 0
    endloop
  endfacet
  facet normal 0.0654122 -0.997858 0
    outer loop
      vertex -7.70884 1.58631 0
      vertex -7.5 1.6 4.375
      vertex -7.70884 1.58631 4.375
    endloop
  endfacet
  facet normal 0.0654122 -0.997858 0
    outer loop
      vertex -7.5 1.6 4.375
      vertex -7.70884 1.58631 0
      vertex -7.5 1.6 0
    endloop
  endfacet
  facet normal 0.321426 -0.946935 0
    outer loop
      vertex -8.11229 1.47821 0
      vertex -7.91411 1.54548 4.375
      vertex -8.11229 1.47821 4.375
    endloop
  endfacet
  facet normal 0.321426 -0.946935 0
    outer loop
      vertex -7.91411 1.54548 4.375
      vertex -8.11229 1.47821 0
      vertex -7.91411 1.54548 0
    endloop
  endfacet
  facet normal -0.659367 0.751821 0
    outer loop
      vertex -5.36863 -1.13137 0
      vertex -5.52598 -1.26937 4.375
      vertex -5.36863 -1.13137 4.375
    endloop
  endfacet
  facet normal -0.659367 0.751821 0
    outer loop
      vertex -5.52598 -1.26937 4.375
      vertex -5.36863 -1.13137 0
      vertex -5.52598 -1.26937 0
    endloop
  endfacet
  facet normal -0.555549 0.831484 0
    outer loop
      vertex -5.52598 -1.26937 0
      vertex -5.7 -1.38564 4.375
      vertex -5.52598 -1.26937 4.375
    endloop
  endfacet
  facet normal -0.555549 0.831484 0
    outer loop
      vertex -5.7 -1.38564 4.375
      vertex -5.52598 -1.26937 0
      vertex -5.7 -1.38564 0
    endloop
  endfacet
  facet normal -0.946936 0.321422 0
    outer loop
      vertex -5.02179 -0.612293 0
      vertex -4.95452 -0.41411 4.375
      vertex -4.95452 -0.41411 0
    endloop
  endfacet
  facet normal -0.946936 0.321422 0
    outer loop
      vertex -4.95452 -0.41411 4.375
      vertex -5.02179 -0.612293 0
      vertex -5.02179 -0.612293 4.375
    endloop
  endfacet
  facet normal -0.831482 0.555551 0
    outer loop
      vertex -5.23063 -0.974018 0
      vertex -5.11436 -0.799999 4.375
      vertex -5.11436 -0.799999 0
    endloop
  endfacet
  facet normal -0.831482 0.555551 0
    outer loop
      vertex -5.11436 -0.799999 4.375
      vertex -5.23063 -0.974018 0
      vertex -5.23063 -0.974018 4.375
    endloop
  endfacet
  facet normal -0.980786 0.195088 0
    outer loop
      vertex -4.95452 -0.41411 0
      vertex -4.91369 -0.208841 4.375
      vertex -4.91369 -0.208841 0
    endloop
  endfacet
  facet normal -0.980786 0.195088 0
    outer loop
      vertex -4.91369 -0.208841 4.375
      vertex -4.95452 -0.41411 0
      vertex -4.95452 -0.41411 4.375
    endloop
  endfacet
  facet normal -0.195087 0.980786 0
    outer loop
      vertex -6.08589 -1.54548 0
      vertex -6.29116 -1.58631 4.375
      vertex -6.08589 -1.54548 4.375
    endloop
  endfacet
  facet normal -0.195087 0.980786 0
    outer loop
      vertex -6.29116 -1.58631 4.375
      vertex -6.08589 -1.54548 0
      vertex -6.29116 -1.58631 0
    endloop
  endfacet
  facet normal 0.659367 0.751821 -0
    outer loop
      vertex -8.47402 -1.26937 0
      vertex -8.63137 -1.13137 4.375
      vertex -8.47402 -1.26937 4.375
    endloop
  endfacet
  facet normal 0.659367 0.751821 0
    outer loop
      vertex -8.63137 -1.13137 4.375
      vertex -8.47402 -1.26937 0
      vertex -8.63137 -1.13137 0
    endloop
  endfacet
  facet normal 0.751826 0.659362 0
    outer loop
      vertex -8.63137 -1.13137 4.375
      vertex -8.76937 -0.974018 0
      vertex -8.76937 -0.974018 4.375
    endloop
  endfacet
  facet normal 0.751826 0.659362 0
    outer loop
      vertex -8.76937 -0.974018 0
      vertex -8.63137 -1.13137 4.375
      vertex -8.63137 -1.13137 0
    endloop
  endfacet
  facet normal 0.195087 -0.980786 0
    outer loop
      vertex -7.91411 1.54548 0
      vertex -7.70884 1.58631 4.375
      vertex -7.91411 1.54548 4.375
    endloop
  endfacet
  facet normal 0.195087 -0.980786 0
    outer loop
      vertex -7.70884 1.58631 4.375
      vertex -7.91411 1.54548 0
      vertex -7.70884 1.58631 0
    endloop
  endfacet
  facet normal -0.751826 0.659362 0
    outer loop
      vertex -5.36863 -1.13137 0
      vertex -5.23063 -0.974018 4.375
      vertex -5.23063 -0.974018 0
    endloop
  endfacet
  facet normal -0.751826 0.659362 0
    outer loop
      vertex -5.23063 -0.974018 4.375
      vertex -5.36863 -1.13137 0
      vertex -5.36863 -1.13137 4.375
    endloop
  endfacet
  facet normal -0.896866 0.442303 0
    outer loop
      vertex -5.11436 -0.799999 0
      vertex -5.02179 -0.612293 4.375
      vertex -5.02179 -0.612293 0
    endloop
  endfacet
  facet normal -0.896866 0.442303 0
    outer loop
      vertex -5.02179 -0.612293 4.375
      vertex -5.11436 -0.799999 0
      vertex -5.11436 -0.799999 4.375
    endloop
  endfacet
  facet normal -0.0654119 -0.997858 0
    outer loop
      vertex 0 -4.9 0
      vertex 0.208841 -4.91369 4.375
      vertex 0 -4.9 4.375
    endloop
  endfacet
  facet normal -0.0654119 -0.997858 -0
    outer loop
      vertex 0.208841 -4.91369 4.375
      vertex 0 -4.9 0
      vertex 0.208841 -4.91369 0
    endloop
  endfacet
  facet normal 0.555551 -0.831482 0
    outer loop
      vertex -0.974018 -5.23063 0
      vertex -0.799999 -5.11436 4.375
      vertex -0.974018 -5.23063 4.375
    endloop
  endfacet
  facet normal 0.555551 -0.831482 0
    outer loop
      vertex -0.799999 -5.11436 4.375
      vertex -0.974018 -5.23063 0
      vertex -0.799999 -5.11436 0
    endloop
  endfacet
  facet normal 0.0654119 0.997858 -0
    outer loop
      vertex 0 -9.1 0
      vertex -0.208841 -9.08631 4.375
      vertex 0 -9.1 4.375
    endloop
  endfacet
  facet normal 0.0654119 0.997858 0
    outer loop
      vertex -0.208841 -9.08631 4.375
      vertex 0 -9.1 0
      vertex -0.208841 -9.08631 0
    endloop
  endfacet
  facet normal 0.89687 0.442295 0
    outer loop
      vertex -1.38564 -8.3 4.375
      vertex -1.47821 -8.11229 0
      vertex -1.47821 -8.11229 4.375
    endloop
  endfacet
  facet normal 0.89687 0.442295 0
    outer loop
      vertex -1.47821 -8.11229 0
      vertex -1.38564 -8.3 4.375
      vertex -1.38564 -8.3 0
    endloop
  endfacet
  facet normal 0.195088 0.980786 -0
    outer loop
      vertex -0.208841 -9.08631 0
      vertex -0.41411 -9.04548 4.375
      vertex -0.208841 -9.08631 4.375
    endloop
  endfacet
  facet normal 0.195088 0.980786 0
    outer loop
      vertex -0.41411 -9.04548 4.375
      vertex -0.208841 -9.08631 0
      vertex -0.41411 -9.04548 0
    endloop
  endfacet
  facet normal -0.997858 0.0654122 0
    outer loop
      vertex 1.58631 -7.70884 0
      vertex 1.6 -7.5 4.375
      vertex 1.6 -7.5 0
    endloop
  endfacet
  facet normal -0.997858 0.0654122 0
    outer loop
      vertex 1.6 -7.5 4.375
      vertex 1.58631 -7.70884 0
      vertex 1.58631 -7.70884 4.375
    endloop
  endfacet
  facet normal -0.555551 0.831482 0
    outer loop
      vertex 0.974018 -8.76937 0
      vertex 0.799999 -8.88564 4.375
      vertex 0.974018 -8.76937 4.375
    endloop
  endfacet
  facet normal -0.555551 0.831482 0
    outer loop
      vertex 0.799999 -8.88564 4.375
      vertex 0.974018 -8.76937 0
      vertex 0.799999 -8.88564 0
    endloop
  endfacet
  facet normal 0.195088 -0.980786 0
    outer loop
      vertex -0.41411 -4.95452 0
      vertex -0.208841 -4.91369 4.375
      vertex -0.41411 -4.95452 4.375
    endloop
  endfacet
  facet normal 0.195088 -0.980786 0
    outer loop
      vertex -0.208841 -4.91369 4.375
      vertex -0.41411 -4.95452 0
      vertex -0.208841 -4.91369 0
    endloop
  endfacet
  facet normal 0.831484 -0.555549 0
    outer loop
      vertex -1.38564 -5.7 4.375
      vertex -1.26937 -5.52598 0
      vertex -1.26937 -5.52598 4.375
    endloop
  endfacet
  facet normal 0.831484 -0.555549 0
    outer loop
      vertex -1.26937 -5.52598 0
      vertex -1.38564 -5.7 4.375
      vertex -1.38564 -5.7 0
    endloop
  endfacet
  facet normal -0.946935 -0.321426 0
    outer loop
      vertex 1.54548 -6.08589 0
      vertex 1.47821 -5.88771 4.375
      vertex 1.47821 -5.88771 0
    endloop
  endfacet
  facet normal -0.946935 -0.321426 0
    outer loop
      vertex 1.47821 -5.88771 4.375
      vertex 1.54548 -6.08589 0
      vertex 1.54548 -6.08589 4.375
    endloop
  endfacet
  facet normal -0.831484 0.555549 0
    outer loop
      vertex 1.26937 -8.47402 0
      vertex 1.38564 -8.3 4.375
      vertex 1.38564 -8.3 0
    endloop
  endfacet
  facet normal -0.831484 0.555549 0
    outer loop
      vertex 1.38564 -8.3 4.375
      vertex 1.26937 -8.47402 0
      vertex 1.26937 -8.47402 4.375
    endloop
  endfacet
  facet normal -0.980786 0.195087 0
    outer loop
      vertex 1.54548 -7.91411 0
      vertex 1.58631 -7.70884 4.375
      vertex 1.58631 -7.70884 0
    endloop
  endfacet
  facet normal -0.980786 0.195087 0
    outer loop
      vertex 1.58631 -7.70884 4.375
      vertex 1.54548 -7.91411 0
      vertex 1.54548 -7.91411 4.375
    endloop
  endfacet
  facet normal 0.0654119 -0.997858 0
    outer loop
      vertex -0.208841 -4.91369 0
      vertex 0 -4.9 4.375
      vertex -0.208841 -4.91369 4.375
    endloop
  endfacet
  facet normal 0.0654119 -0.997858 0
    outer loop
      vertex 0 -4.9 4.375
      vertex -0.208841 -4.91369 0
      vertex 0 -4.9 0
    endloop
  endfacet
  facet normal 0.321422 -0.946936 0
    outer loop
      vertex -0.612293 -5.02179 0
      vertex -0.41411 -4.95452 4.375
      vertex -0.612293 -5.02179 4.375
    endloop
  endfacet
  facet normal 0.321422 -0.946936 0
    outer loop
      vertex -0.41411 -4.95452 4.375
      vertex -0.612293 -5.02179 0
      vertex -0.41411 -4.95452 0
    endloop
  endfacet
  facet normal 0.89687 -0.442295 0
    outer loop
      vertex -1.47821 -5.88771 4.375
      vertex -1.38564 -5.7 0
      vertex -1.38564 -5.7 4.375
    endloop
  endfacet
  facet normal 0.89687 -0.442295 0
    outer loop
      vertex -1.38564 -5.7 0
      vertex -1.47821 -5.88771 4.375
      vertex -1.47821 -5.88771 0
    endloop
  endfacet
  facet normal 0.980786 -0.195087 0
    outer loop
      vertex -1.58631 -6.29116 4.375
      vertex -1.54548 -6.08589 0
      vertex -1.54548 -6.08589 4.375
    endloop
  endfacet
  facet normal 0.980786 -0.195087 0
    outer loop
      vertex -1.54548 -6.08589 0
      vertex -1.58631 -6.29116 4.375
      vertex -1.58631 -6.29116 0
    endloop
  endfacet
  facet normal 0.751821 0.659367 0
    outer loop
      vertex -1.13137 -8.63137 4.375
      vertex -1.26937 -8.47402 0
      vertex -1.26937 -8.47402 4.375
    endloop
  endfacet
  facet normal 0.751821 0.659367 0
    outer loop
      vertex -1.26937 -8.47402 0
      vertex -1.13137 -8.63137 4.375
      vertex -1.13137 -8.63137 0
    endloop
  endfacet
  facet normal 0.555551 0.831482 -0
    outer loop
      vertex -0.799999 -8.88564 0
      vertex -0.974018 -8.76937 4.375
      vertex -0.799999 -8.88564 4.375
    endloop
  endfacet
  facet normal 0.555551 0.831482 0
    outer loop
      vertex -0.974018 -8.76937 4.375
      vertex -0.799999 -8.88564 0
      vertex -0.974018 -8.76937 0
    endloop
  endfacet
  facet normal 0.659362 0.751826 -0
    outer loop
      vertex -0.974018 -8.76937 0
      vertex -1.13137 -8.63137 4.375
      vertex -0.974018 -8.76937 4.375
    endloop
  endfacet
  facet normal 0.659362 0.751826 0
    outer loop
      vertex -1.13137 -8.63137 4.375
      vertex -0.974018 -8.76937 0
      vertex -1.13137 -8.63137 0
    endloop
  endfacet
  facet normal -1 0 0
    outer loop
      vertex 1.6 -7.5 0
      vertex 1.6 -6.5 4.375
      vertex 1.6 -6.5 0
    endloop
  endfacet
  facet normal -1 -0 0
    outer loop
      vertex 1.6 -6.5 4.375
      vertex 1.6 -7.5 0
      vertex 1.6 -7.5 4.375
    endloop
  endfacet
  facet normal -0.321422 0.946936 0
    outer loop
      vertex 0.612293 -8.97821 0
      vertex 0.41411 -9.04548 4.375
      vertex 0.612293 -8.97821 4.375
    endloop
  endfacet
  facet normal -0.321422 0.946936 0
    outer loop
      vertex 0.41411 -9.04548 4.375
      vertex 0.612293 -8.97821 0
      vertex 0.41411 -9.04548 0
    endloop
  endfacet
  facet normal -0.659362 0.751826 0
    outer loop
      vertex 1.13137 -8.63137 0
      vertex 0.974018 -8.76937 4.375
      vertex 1.13137 -8.63137 4.375
    endloop
  endfacet
  facet normal -0.659362 0.751826 0
    outer loop
      vertex 0.974018 -8.76937 4.375
      vertex 1.13137 -8.63137 0
      vertex 0.974018 -8.76937 0
    endloop
  endfacet
  facet normal -0.89687 0.442295 0
    outer loop
      vertex 1.38564 -8.3 0
      vertex 1.47821 -8.11229 4.375
      vertex 1.47821 -8.11229 0
    endloop
  endfacet
  facet normal -0.89687 0.442295 0
    outer loop
      vertex 1.47821 -8.11229 4.375
      vertex 1.38564 -8.3 0
      vertex 1.38564 -8.3 4.375
    endloop
  endfacet
  facet normal -0.946935 0.321426 0
    outer loop
      vertex 1.47821 -8.11229 0
      vertex 1.54548 -7.91411 4.375
      vertex 1.54548 -7.91411 0
    endloop
  endfacet
  facet normal -0.946935 0.321426 0
    outer loop
      vertex 1.54548 -7.91411 4.375
      vertex 1.47821 -8.11229 0
      vertex 1.47821 -8.11229 4.375
    endloop
  endfacet
  facet normal -0.0654119 0.997858 0
    outer loop
      vertex 0.208841 -9.08631 0
      vertex 0 -9.1 4.375
      vertex 0.208841 -9.08631 4.375
    endloop
  endfacet
  facet normal -0.0654119 0.997858 0
    outer loop
      vertex 0 -9.1 4.375
      vertex 0.208841 -9.08631 0
      vertex 0 -9.1 0
    endloop
  endfacet
  facet normal 0.442303 -0.896866 0
    outer loop
      vertex -0.799999 -5.11436 0
      vertex -0.612293 -5.02179 4.375
      vertex -0.799999 -5.11436 4.375
    endloop
  endfacet
  facet normal 0.442303 -0.896866 0
    outer loop
      vertex -0.612293 -5.02179 4.375
      vertex -0.799999 -5.11436 0
      vertex -0.612293 -5.02179 0
    endloop
  endfacet
  facet normal 0.751821 -0.659367 0
    outer loop
      vertex -1.26937 -5.52598 4.375
      vertex -1.13137 -5.36863 0
      vertex -1.13137 -5.36863 4.375
    endloop
  endfacet
  facet normal 0.751821 -0.659367 0
    outer loop
      vertex -1.13137 -5.36863 0
      vertex -1.26937 -5.52598 4.375
      vertex -1.26937 -5.52598 0
    endloop
  endfacet
  facet normal 0.659362 -0.751826 0
    outer loop
      vertex -1.13137 -5.36863 0
      vertex -0.974018 -5.23063 4.375
      vertex -1.13137 -5.36863 4.375
    endloop
  endfacet
  facet normal 0.659362 -0.751826 0
    outer loop
      vertex -0.974018 -5.23063 4.375
      vertex -1.13137 -5.36863 0
      vertex -0.974018 -5.23063 0
    endloop
  endfacet
  facet normal 0.980786 0.195087 0
    outer loop
      vertex -1.54548 -7.91411 4.375
      vertex -1.58631 -7.70884 0
      vertex -1.58631 -7.70884 4.375
    endloop
  endfacet
  facet normal 0.980786 0.195087 0
    outer loop
      vertex -1.58631 -7.70884 0
      vertex -1.54548 -7.91411 4.375
      vertex -1.54548 -7.91411 0
    endloop
  endfacet
  facet normal 1 -0 0
    outer loop
      vertex -1.6 -7.5 4.375
      vertex -1.6 -6.5 0
      vertex -1.6 -6.5 4.375
    endloop
  endfacet
  facet normal 1 0 0
    outer loop
      vertex -1.6 -6.5 0
      vertex -1.6 -7.5 4.375
      vertex -1.6 -7.5 0
    endloop
  endfacet
  facet normal 0.997858 -0.0654122 0
    outer loop
      vertex -1.6 -6.5 4.375
      vertex -1.58631 -6.29116 0
      vertex -1.58631 -6.29116 4.375
    endloop
  endfacet
  facet normal 0.997858 -0.0654122 0
    outer loop
      vertex -1.58631 -6.29116 0
      vertex -1.6 -6.5 4.375
      vertex -1.6 -6.5 0
    endloop
  endfacet
  facet normal 0.946935 -0.321426 0
    outer loop
      vertex -1.54548 -6.08589 4.375
      vertex -1.47821 -5.88771 0
      vertex -1.47821 -5.88771 4.375
    endloop
  endfacet
  facet normal 0.946935 -0.321426 0
    outer loop
      vertex -1.47821 -5.88771 0
      vertex -1.54548 -6.08589 4.375
      vertex -1.54548 -6.08589 0
    endloop
  endfacet
  facet normal 0.321422 0.946936 -0
    outer loop
      vertex -0.41411 -9.04548 0
      vertex -0.612293 -8.97821 4.375
      vertex -0.41411 -9.04548 4.375
    endloop
  endfacet
  facet normal 0.321422 0.946936 0
    outer loop
      vertex -0.612293 -8.97821 4.375
      vertex -0.41411 -9.04548 0
      vertex -0.612293 -8.97821 0
    endloop
  endfacet
  facet normal 0.831484 0.555549 0
    outer loop
      vertex -1.26937 -8.47402 4.375
      vertex -1.38564 -8.3 0
      vertex -1.38564 -8.3 4.375
    endloop
  endfacet
  facet normal 0.831484 0.555549 0
    outer loop
      vertex -1.38564 -8.3 0
      vertex -1.26937 -8.47402 4.375
      vertex -1.26937 -8.47402 0
    endloop
  endfacet
  facet normal -0.659362 -0.751826 0
    outer loop
      vertex 0.974018 -5.23063 0
      vertex 1.13137 -5.36863 4.375
      vertex 0.974018 -5.23063 4.375
    endloop
  endfacet
  facet normal -0.659362 -0.751826 -0
    outer loop
      vertex 1.13137 -5.36863 4.375
      vertex 0.974018 -5.23063 0
      vertex 1.13137 -5.36863 0
    endloop
  endfacet
  facet normal -0.997858 -0.0654122 0
    outer loop
      vertex 1.6 -6.5 0
      vertex 1.58631 -6.29116 4.375
      vertex 1.58631 -6.29116 0
    endloop
  endfacet
  facet normal -0.997858 -0.0654122 0
    outer loop
      vertex 1.58631 -6.29116 4.375
      vertex 1.6 -6.5 0
      vertex 1.6 -6.5 4.375
    endloop
  endfacet
  facet normal -0.195088 0.980786 0
    outer loop
      vertex 0.41411 -9.04548 0
      vertex 0.208841 -9.08631 4.375
      vertex 0.41411 -9.04548 4.375
    endloop
  endfacet
  facet normal -0.195088 0.980786 0
    outer loop
      vertex 0.208841 -9.08631 4.375
      vertex 0.41411 -9.04548 0
      vertex 0.208841 -9.08631 0
    endloop
  endfacet
  facet normal -0.442303 0.896866 0
    outer loop
      vertex 0.799999 -8.88564 0
      vertex 0.612293 -8.97821 4.375
      vertex 0.799999 -8.88564 4.375
    endloop
  endfacet
  facet normal -0.442303 0.896866 0
    outer loop
      vertex 0.612293 -8.97821 4.375
      vertex 0.799999 -8.88564 0
      vertex 0.612293 -8.97821 0
    endloop
  endfacet
  facet normal 0.997858 0.0654122 0
    outer loop
      vertex -1.58631 -7.70884 4.375
      vertex -1.6 -7.5 0
      vertex -1.6 -7.5 4.375
    endloop
  endfacet
  facet normal 0.997858 0.0654122 0
    outer loop
      vertex -1.6 -7.5 0
      vertex -1.58631 -7.70884 4.375
      vertex -1.58631 -7.70884 0
    endloop
  endfacet
  facet normal 0.946935 0.321426 0
    outer loop
      vertex -1.47821 -8.11229 4.375
      vertex -1.54548 -7.91411 0
      vertex -1.54548 -7.91411 4.375
    endloop
  endfacet
  facet normal 0.946935 0.321426 0
    outer loop
      vertex -1.54548 -7.91411 0
      vertex -1.47821 -8.11229 4.375
      vertex -1.47821 -8.11229 0
    endloop
  endfacet
  facet normal 0.442303 0.896866 -0
    outer loop
      vertex -0.612293 -8.97821 0
      vertex -0.799999 -8.88564 4.375
      vertex -0.612293 -8.97821 4.375
    endloop
  endfacet
  facet normal 0.442303 0.896866 0
    outer loop
      vertex -0.799999 -8.88564 4.375
      vertex -0.612293 -8.97821 0
      vertex -0.799999 -8.88564 0
    endloop
  endfacet
  facet normal -0.751821 -0.659367 0
    outer loop
      vertex 1.26937 -5.52598 0
      vertex 1.13137 -5.36863 4.375
      vertex 1.13137 -5.36863 0
    endloop
  endfacet
  facet normal -0.751821 -0.659367 0
    outer loop
      vertex 1.13137 -5.36863 4.375
      vertex 1.26937 -5.52598 0
      vertex 1.26937 -5.52598 4.375
    endloop
  endfacet
  facet normal -0.831484 -0.555549 0
    outer loop
      vertex 1.38564 -5.7 0
      vertex 1.26937 -5.52598 4.375
      vertex 1.26937 -5.52598 0
    endloop
  endfacet
  facet normal -0.831484 -0.555549 0
    outer loop
      vertex 1.26937 -5.52598 4.375
      vertex 1.38564 -5.7 0
      vertex 1.38564 -5.7 4.375
    endloop
  endfacet
  facet normal -0.89687 -0.442295 0
    outer loop
      vertex 1.47821 -5.88771 0
      vertex 1.38564 -5.7 4.375
      vertex 1.38564 -5.7 0
    endloop
  endfacet
  facet normal -0.89687 -0.442295 0
    outer loop
      vertex 1.38564 -5.7 4.375
      vertex 1.47821 -5.88771 0
      vertex 1.47821 -5.88771 4.375
    endloop
  endfacet
  facet normal -0.442303 -0.896866 0
    outer loop
      vertex 0.612293 -5.02179 0
      vertex 0.799999 -5.11436 4.375
      vertex 0.612293 -5.02179 4.375
    endloop
  endfacet
  facet normal -0.442303 -0.896866 -0
    outer loop
      vertex 0.799999 -5.11436 4.375
      vertex 0.612293 -5.02179 0
      vertex 0.799999 -5.11436 0
    endloop
  endfacet
  facet normal -0.321422 -0.946936 0
    outer loop
      vertex 0.41411 -4.95452 0
      vertex 0.612293 -5.02179 4.375
      vertex 0.41411 -4.95452 4.375
    endloop
  endfacet
  facet normal -0.321422 -0.946936 -0
    outer loop
      vertex 0.612293 -5.02179 4.375
      vertex 0.41411 -4.95452 0
      vertex 0.612293 -5.02179 0
    endloop
  endfacet
  facet normal -0.555551 -0.831482 0
    outer loop
      vertex 0.799999 -5.11436 0
      vertex 0.974018 -5.23063 4.375
      vertex 0.799999 -5.11436 4.375
    endloop
  endfacet
  facet normal -0.555551 -0.831482 -0
    outer loop
      vertex 0.974018 -5.23063 4.375
      vertex 0.799999 -5.11436 0
      vertex 0.974018 -5.23063 0
    endloop
  endfacet
  facet normal -0.195088 -0.980786 0
    outer loop
      vertex 0.208841 -4.91369 0
      vertex 0.41411 -4.95452 4.375
      vertex 0.208841 -4.91369 4.375
    endloop
  endfacet
  facet normal -0.195088 -0.980786 -0
    outer loop
      vertex 0.41411 -4.95452 4.375
      vertex 0.208841 -4.91369 0
      vertex 0.41411 -4.95452 0
    endloop
  endfacet
  facet normal -0.980786 -0.195087 0
    outer loop
      vertex 1.58631 -6.29116 0
      vertex 1.54548 -6.08589 4.375
      vertex 1.54548 -6.08589 0
    endloop
  endfacet
  facet normal -0.980786 -0.195087 0
    outer loop
      vertex 1.54548 -6.08589 4.375
      vertex 1.58631 -6.29116 0
      vertex 1.58631 -6.29116 4.375
    endloop
  endfacet
  facet normal -0.751821 0.659367 0
    outer loop
      vertex 1.13137 -8.63137 0
      vertex 1.26937 -8.47402 4.375
      vertex 1.26937 -8.47402 0
    endloop
  endfacet
  facet normal -0.751821 0.659367 0
    outer loop
      vertex 1.26937 -8.47402 4.375
      vertex 1.13137 -8.63137 0
      vertex 1.13137 -8.63137 4.375
    endloop
  endfacet
  facet normal -0.997859 -0.0654022 0
    outer loop
      vertex 4 0 0
      vertex 3.96578 0.522104 4.375
      vertex 3.96578 0.522104 0
    endloop
  endfacet
  facet normal -0.997859 -0.0654022 0
    outer loop
      vertex 3.96578 0.522104 4.375
      vertex 4 0 0
      vertex 4 0 4.375
    endloop
  endfacet
  facet normal 0.997859 -0.0654022 0
    outer loop
      vertex -4 0 4.375
      vertex -3.96578 0.522104 0
      vertex -3.96578 0.522104 4.375
    endloop
  endfacet
  facet normal 0.997859 -0.0654022 0
    outer loop
      vertex -3.96578 0.522104 0
      vertex -4 0 4.375
      vertex -4 0 0
    endloop
  endfacet
  facet normal -0.0654022 -0.997859 0
    outer loop
      vertex 0 4 0
      vertex 0.522104 3.96578 4.375
      vertex 0 4 4.375
    endloop
  endfacet
  facet normal -0.0654022 -0.997859 -0
    outer loop
      vertex 0.522104 3.96578 4.375
      vertex 0 4 0
      vertex 0.522104 3.96578 0
    endloop
  endfacet
  facet normal -0.65934 -0.751845 0
    outer loop
      vertex 2.43505 3.17341 0
      vertex 2.82843 2.82843 4.375
      vertex 2.43505 3.17341 4.375
    endloop
  endfacet
  facet normal -0.65934 -0.751845 -0
    outer loop
      vertex 2.82843 2.82843 4.375
      vertex 2.43505 3.17341 0
      vertex 2.82843 2.82843 0
    endloop
  endfacet
  facet normal 0.65934 -0.751845 0
    outer loop
      vertex -2.82843 2.82843 0
      vertex -2.43505 3.17341 4.375
      vertex -2.82843 2.82843 4.375
    endloop
  endfacet
  facet normal 0.65934 -0.751845 0
    outer loop
      vertex -2.43505 3.17341 4.375
      vertex -2.82843 2.82843 0
      vertex -2.43505 3.17341 0
    endloop
  endfacet
  facet normal 0.321435 -0.946932 0
    outer loop
      vertex -1.53073 3.69552 0
      vertex -1.03528 3.8637 4.375
      vertex -1.53073 3.69552 4.375
    endloop
  endfacet
  facet normal 0.321435 -0.946932 0
    outer loop
      vertex -1.03528 3.8637 4.375
      vertex -1.53073 3.69552 0
      vertex -1.03528 3.8637 0
    endloop
  endfacet
  facet normal 0.980784 0.195096 0
    outer loop
      vertex -3.8637 -1.03528 4.375
      vertex -3.96578 -0.522104 0
      vertex -3.96578 -0.522104 4.375
    endloop
  endfacet
  facet normal 0.980784 0.195096 0
    outer loop
      vertex -3.96578 -0.522104 0
      vertex -3.8637 -1.03528 4.375
      vertex -3.8637 -1.03528 0
    endloop
  endfacet
  facet normal -0.896871 -0.442291 0
    outer loop
      vertex 3.69552 1.53073 0
      vertex 3.4641 2 4.375
      vertex 3.4641 2 0
    endloop
  endfacet
  facet normal -0.896871 -0.442291 0
    outer loop
      vertex 3.4641 2 4.375
      vertex 3.69552 1.53073 0
      vertex 3.69552 1.53073 4.375
    endloop
  endfacet
  facet normal -0.831471 -0.555569 0
    outer loop
      vertex 3.4641 2 0
      vertex 3.17341 2.43505 4.375
      vertex 3.17341 2.43505 0
    endloop
  endfacet
  facet normal -0.831471 -0.555569 0
    outer loop
      vertex 3.17341 2.43505 4.375
      vertex 3.4641 2 0
      vertex 3.4641 2 4.375
    endloop
  endfacet
  facet normal -0.442291 -0.896871 0
    outer loop
      vertex 1.53073 3.69552 0
      vertex 2 3.4641 4.375
      vertex 1.53073 3.69552 4.375
    endloop
  endfacet
  facet normal -0.442291 -0.896871 -0
    outer loop
      vertex 2 3.4641 4.375
      vertex 1.53073 3.69552 0
      vertex 2 3.4641 0
    endloop
  endfacet
  facet normal -0.555569 -0.831471 0
    outer loop
      vertex 2 3.4641 0
      vertex 2.43505 3.17341 4.375
      vertex 2 3.4641 4.375
    endloop
  endfacet
  facet normal -0.555569 -0.831471 -0
    outer loop
      vertex 2.43505 3.17341 4.375
      vertex 2 3.4641 0
      vertex 2.43505 3.17341 0
    endloop
  endfacet
  facet normal 0.831471 -0.555569 0
    outer loop
      vertex -3.4641 2 4.375
      vertex -3.17341 2.43505 0
      vertex -3.17341 2.43505 4.375
    endloop
  endfacet
  facet normal 0.831471 -0.555569 0
    outer loop
      vertex -3.17341 2.43505 0
      vertex -3.4641 2 4.375
      vertex -3.4641 2 0
    endloop
  endfacet
  facet normal 0.751845 -0.65934 0
    outer loop
      vertex -3.17341 2.43505 4.375
      vertex -2.82843 2.82843 0
      vertex -2.82843 2.82843 4.375
    endloop
  endfacet
  facet normal 0.751845 -0.65934 0
    outer loop
      vertex -2.82843 2.82843 0
      vertex -3.17341 2.43505 4.375
      vertex -3.17341 2.43505 0
    endloop
  endfacet
  facet normal 0.555569 -0.831471 0
    outer loop
      vertex -2.43505 3.17341 0
      vertex -2 3.4641 4.375
      vertex -2.43505 3.17341 4.375
    endloop
  endfacet
  facet normal 0.555569 -0.831471 0
    outer loop
      vertex -2 3.4641 4.375
      vertex -2.43505 3.17341 0
      vertex -2 3.4641 0
    endloop
  endfacet
  facet normal 0.0654022 -0.997859 0
    outer loop
      vertex -0.522104 3.96578 0
      vertex 0 4 4.375
      vertex -0.522104 3.96578 4.375
    endloop
  endfacet
  facet normal 0.0654022 -0.997859 0
    outer loop
      vertex 0 4 4.375
      vertex -0.522104 3.96578 0
      vertex 0 4 0
    endloop
  endfacet
  facet normal -0.946932 0.321435 0
    outer loop
      vertex 3.69552 -1.53073 0
      vertex 3.8637 -1.03528 4.375
      vertex 3.8637 -1.03528 0
    endloop
  endfacet
  facet normal -0.946932 0.321435 0
    outer loop
      vertex 3.8637 -1.03528 4.375
      vertex 3.69552 -1.53073 0
      vertex 3.69552 -1.53073 4.375
    endloop
  endfacet
  facet normal -0.321435 0.946932 0
    outer loop
      vertex 1.53073 -3.69552 0
      vertex 1.03528 -3.8637 4.375
      vertex 1.53073 -3.69552 4.375
    endloop
  endfacet
  facet normal -0.321435 0.946932 0
    outer loop
      vertex 1.03528 -3.8637 4.375
      vertex 1.53073 -3.69552 0
      vertex 1.03528 -3.8637 0
    endloop
  endfacet
  facet normal -0.751845 0.65934 0
    outer loop
      vertex 2.82843 -2.82843 0
      vertex 3.17341 -2.43505 4.375
      vertex 3.17341 -2.43505 0
    endloop
  endfacet
  facet normal -0.751845 0.65934 0
    outer loop
      vertex 3.17341 -2.43505 4.375
      vertex 2.82843 -2.82843 0
      vertex 2.82843 -2.82843 4.375
    endloop
  endfacet
  facet normal -0.555569 0.831471 0
    outer loop
      vertex 2.43505 -3.17341 0
      vertex 2 -3.4641 4.375
      vertex 2.43505 -3.17341 4.375
    endloop
  endfacet
  facet normal -0.555569 0.831471 0
    outer loop
      vertex 2 -3.4641 4.375
      vertex 2.43505 -3.17341 0
      vertex 2 -3.4641 0
    endloop
  endfacet
  facet normal 0.65934 0.751845 -0
    outer loop
      vertex -2.43505 -3.17341 0
      vertex -2.82843 -2.82843 4.375
      vertex -2.43505 -3.17341 4.375
    endloop
  endfacet
  facet normal 0.65934 0.751845 0
    outer loop
      vertex -2.82843 -2.82843 4.375
      vertex -2.43505 -3.17341 0
      vertex -2.82843 -2.82843 0
    endloop
  endfacet
  facet normal 0.321435 0.946932 -0
    outer loop
      vertex -1.03528 -3.8637 0
      vertex -1.53073 -3.69552 4.375
      vertex -1.03528 -3.8637 4.375
    endloop
  endfacet
  facet normal 0.321435 0.946932 0
    outer loop
      vertex -1.53073 -3.69552 4.375
      vertex -1.03528 -3.8637 0
      vertex -1.53073 -3.69552 0
    endloop
  endfacet
  facet normal 0.751845 0.65934 0
    outer loop
      vertex -2.82843 -2.82843 4.375
      vertex -3.17341 -2.43505 0
      vertex -3.17341 -2.43505 4.375
    endloop
  endfacet
  facet normal 0.751845 0.65934 0
    outer loop
      vertex -3.17341 -2.43505 0
      vertex -2.82843 -2.82843 4.375
      vertex -2.82843 -2.82843 0
    endloop
  endfacet
  facet normal 0.997859 0.0654022 0
    outer loop
      vertex -3.96578 -0.522104 4.375
      vertex -4 0 0
      vertex -4 0 4.375
    endloop
  endfacet
  facet normal 0.997859 0.0654022 0
    outer loop
      vertex -4 0 0
      vertex -3.96578 -0.522104 4.375
      vertex -3.96578 -0.522104 0
    endloop
  endfacet
  facet normal -0.946932 -0.321435 0
    outer loop
      vertex 3.8637 1.03528 0
      vertex 3.69552 1.53073 4.375
      vertex 3.69552 1.53073 0
    endloop
  endfacet
  facet normal -0.946932 -0.321435 0
    outer loop
      vertex 3.69552 1.53073 4.375
      vertex 3.8637 1.03528 0
      vertex 3.8637 1.03528 4.375
    endloop
  endfacet
  facet normal -0.980784 -0.195096 0
    outer loop
      vertex 3.96578 0.522104 0
      vertex 3.8637 1.03528 4.375
      vertex 3.8637 1.03528 0
    endloop
  endfacet
  facet normal -0.980784 -0.195096 0
    outer loop
      vertex 3.8637 1.03528 4.375
      vertex 3.96578 0.522104 0
      vertex 3.96578 0.522104 4.375
    endloop
  endfacet
  facet normal -0.321435 -0.946932 0
    outer loop
      vertex 1.03528 3.8637 0
      vertex 1.53073 3.69552 4.375
      vertex 1.03528 3.8637 4.375
    endloop
  endfacet
  facet normal -0.321435 -0.946932 -0
    outer loop
      vertex 1.53073 3.69552 4.375
      vertex 1.03528 3.8637 0
      vertex 1.53073 3.69552 0
    endloop
  endfacet
  facet normal -0.195096 -0.980784 0
    outer loop
      vertex 0.522104 3.96578 0
      vertex 1.03528 3.8637 4.375
      vertex 0.522104 3.96578 4.375
    endloop
  endfacet
  facet normal -0.195096 -0.980784 -0
    outer loop
      vertex 1.03528 3.8637 4.375
      vertex 0.522104 3.96578 0
      vertex 1.03528 3.8637 0
    endloop
  endfacet
  facet normal 0.896871 -0.442291 0
    outer loop
      vertex -3.69552 1.53073 4.375
      vertex -3.4641 2 0
      vertex -3.4641 2 4.375
    endloop
  endfacet
  facet normal 0.896871 -0.442291 0
    outer loop
      vertex -3.4641 2 0
      vertex -3.69552 1.53073 4.375
      vertex -3.69552 1.53073 0
    endloop
  endfacet
  facet normal 0.980784 -0.195096 0
    outer loop
      vertex -3.96578 0.522104 4.375
      vertex -3.8637 1.03528 0
      vertex -3.8637 1.03528 4.375
    endloop
  endfacet
  facet normal 0.980784 -0.195096 0
    outer loop
      vertex -3.8637 1.03528 0
      vertex -3.96578 0.522104 4.375
      vertex -3.96578 0.522104 0
    endloop
  endfacet
  facet normal 0.195096 -0.980784 0
    outer loop
      vertex -1.03528 3.8637 0
      vertex -0.522104 3.96578 4.375
      vertex -1.03528 3.8637 4.375
    endloop
  endfacet
  facet normal 0.195096 -0.980784 0
    outer loop
      vertex -0.522104 3.96578 4.375
      vertex -1.03528 3.8637 0
      vertex -0.522104 3.96578 0
    endloop
  endfacet
  facet normal -0.0654022 0.997859 0
    outer loop
      vertex 0.522104 -3.96578 0
      vertex 0 -4 4.375
      vertex 0.522104 -3.96578 4.375
    endloop
  endfacet
  facet normal -0.0654022 0.997859 0
    outer loop
      vertex 0 -4 4.375
      vertex 0.522104 -3.96578 0
      vertex 0 -4 0
    endloop
  endfacet
  facet normal -0.65934 0.751845 0
    outer loop
      vertex 2.82843 -2.82843 0
      vertex 2.43505 -3.17341 4.375
      vertex 2.82843 -2.82843 4.375
    endloop
  endfacet
  facet normal -0.65934 0.751845 0
    outer loop
      vertex 2.43505 -3.17341 4.375
      vertex 2.82843 -2.82843 0
      vertex 2.43505 -3.17341 0
    endloop
  endfacet
  facet normal -0.831471 0.555569 0
    outer loop
      vertex 3.17341 -2.43505 0
      vertex 3.4641 -2 4.375
      vertex 3.4641 -2 0
    endloop
  endfacet
  facet normal -0.831471 0.555569 0
    outer loop
      vertex 3.4641 -2 4.375
      vertex 3.17341 -2.43505 0
      vertex 3.17341 -2.43505 4.375
    endloop
  endfacet
  facet normal 0.555569 0.831471 -0
    outer loop
      vertex -2 -3.4641 0
      vertex -2.43505 -3.17341 4.375
      vertex -2 -3.4641 4.375
    endloop
  endfacet
  facet normal 0.555569 0.831471 0
    outer loop
      vertex -2.43505 -3.17341 4.375
      vertex -2 -3.4641 0
      vertex -2.43505 -3.17341 0
    endloop
  endfacet
  facet normal 0.0654022 0.997859 -0
    outer loop
      vertex 0 -4 0
      vertex -0.522104 -3.96578 4.375
      vertex 0 -4 4.375
    endloop
  endfacet
  facet normal 0.0654022 0.997859 0
    outer loop
      vertex -0.522104 -3.96578 4.375
      vertex 0 -4 0
      vertex -0.522104 -3.96578 0
    endloop
  endfacet
  facet normal 0.896871 0.442291 0
    outer loop
      vertex -3.4641 -2 4.375
      vertex -3.69552 -1.53073 0
      vertex -3.69552 -1.53073 4.375
    endloop
  endfacet
  facet normal 0.896871 0.442291 0
    outer loop
      vertex -3.69552 -1.53073 0
      vertex -3.4641 -2 4.375
      vertex -3.4641 -2 0
    endloop
  endfacet
  facet normal 0.946932 0.321435 0
    outer loop
      vertex -3.69552 -1.53073 4.375
      vertex -3.8637 -1.03528 0
      vertex -3.8637 -1.03528 4.375
    endloop
  endfacet
  facet normal 0.946932 0.321435 0
    outer loop
      vertex -3.8637 -1.03528 0
      vertex -3.69552 -1.53073 4.375
      vertex -3.69552 -1.53073 0
    endloop
  endfacet
  facet normal -0.751845 -0.65934 0
    outer loop
      vertex 3.17341 2.43505 0
      vertex 2.82843 2.82843 4.375
      vertex 2.82843 2.82843 0
    endloop
  endfacet
  facet normal -0.751845 -0.65934 0
    outer loop
      vertex 2.82843 2.82843 4.375
      vertex 3.17341 2.43505 0
      vertex 3.17341 2.43505 4.375
    endloop
  endfacet
  facet normal 0.946932 -0.321435 0
    outer loop
      vertex -3.8637 1.03528 4.375
      vertex -3.69552 1.53073 0
      vertex -3.69552 1.53073 4.375
    endloop
  endfacet
  facet normal 0.946932 -0.321435 0
    outer loop
      vertex -3.69552 1.53073 0
      vertex -3.8637 1.03528 4.375
      vertex -3.8637 1.03528 0
    endloop
  endfacet
  facet normal 0.442291 -0.896871 0
    outer loop
      vertex -2 3.4641 0
      vertex -1.53073 3.69552 4.375
      vertex -2 3.4641 4.375
    endloop
  endfacet
  facet normal 0.442291 -0.896871 0
    outer loop
      vertex -1.53073 3.69552 4.375
      vertex -2 3.4641 0
      vertex -1.53073 3.69552 0
    endloop
  endfacet
  facet normal -0.195096 0.980784 0
    outer loop
      vertex 1.03528 -3.8637 0
      vertex 0.522104 -3.96578 4.375
      vertex 1.03528 -3.8637 4.375
    endloop
  endfacet
  facet normal -0.195096 0.980784 0
    outer loop
      vertex 0.522104 -3.96578 4.375
      vertex 1.03528 -3.8637 0
      vertex 0.522104 -3.96578 0
    endloop
  endfacet
  facet normal -0.442291 0.896871 0
    outer loop
      vertex 2 -3.4641 0
      vertex 1.53073 -3.69552 4.375
      vertex 2 -3.4641 4.375
    endloop
  endfacet
  facet normal -0.442291 0.896871 0
    outer loop
      vertex 1.53073 -3.69552 4.375
      vertex 2 -3.4641 0
      vertex 1.53073 -3.69552 0
    endloop
  endfacet
  facet normal -0.980784 0.195096 0
    outer loop
      vertex 3.8637 -1.03528 0
      vertex 3.96578 -0.522104 4.375
      vertex 3.96578 -0.522104 0
    endloop
  endfacet
  facet normal -0.980784 0.195096 0
    outer loop
      vertex 3.96578 -0.522104 4.375
      vertex 3.8637 -1.03528 0
      vertex 3.8637 -1.03528 4.375
    endloop
  endfacet
  facet normal -0.896871 0.442291 0
    outer loop
      vertex 3.4641 -2 0
      vertex 3.69552 -1.53073 4.375
      vertex 3.69552 -1.53073 0
    endloop
  endfacet
  facet normal -0.896871 0.442291 0
    outer loop
      vertex 3.69552 -1.53073 4.375
      vertex 3.4641 -2 0
      vertex 3.4641 -2 4.375
    endloop
  endfacet
  facet normal 0.442291 0.896871 -0
    outer loop
      vertex -1.53073 -3.69552 0
      vertex -2 -3.4641 4.375
      vertex -1.53073 -3.69552 4.375
    endloop
  endfacet
  facet normal 0.442291 0.896871 0
    outer loop
      vertex -2 -3.4641 4.375
      vertex -1.53073 -3.69552 0
      vertex -2 -3.4641 0
    endloop
  endfacet
  facet normal 0.195096 0.980784 -0
    outer loop
      vertex -0.522104 -3.96578 0
      vertex -1.03528 -3.8637 4.375
      vertex -0.522104 -3.96578 4.375
    endloop
  endfacet
  facet normal 0.195096 0.980784 0
    outer loop
      vertex -1.03528 -3.8637 4.375
      vertex -0.522104 -3.96578 0
      vertex -1.03528 -3.8637 0
    endloop
  endfacet
  facet normal 0.831471 0.555569 0
    outer loop
      vertex -3.17341 -2.43505 4.375
      vertex -3.4641 -2 0
      vertex -3.4641 -2 4.375
    endloop
  endfacet
  facet normal 0.831471 0.555569 0
    outer loop
      vertex -3.4641 -2 0
      vertex -3.17341 -2.43505 4.375
      vertex -3.17341 -2.43505 0
    endloop
  endfacet
  facet normal -0.997859 0.0654022 0
    outer loop
      vertex 3.96578 -0.522104 0
      vertex 4 0 4.375
      vertex 4 0 0
    endloop
  endfacet
  facet normal -0.997859 0.0654022 0
    outer loop
      vertex 4 0 4.375
      vertex 3.96578 -0.522104 0
      vertex 3.96578 -0.522104 4.375
    endloop
  endfacet
  facet normal 0.997859 0.0654037 0
    outer loop
      vertex 9.6 0 4.375
      vertex 9.51787 1.25305 0
      vertex 9.51787 1.25305 4.375
    endloop
  endfacet
  facet normal 0.997859 0.0654037 0
    outer loop
      vertex 9.51787 1.25305 0
      vertex 9.6 0 4.375
      vertex 9.6 0 0
    endloop
  endfacet
  facet normal -0.997859 0.0654037 0
    outer loop
      vertex -9.6 0 0
      vertex -9.51787 1.25305 4.375
      vertex -9.51787 1.25305 0
    endloop
  endfacet
  facet normal -0.997859 0.0654037 0
    outer loop
      vertex -9.51787 1.25305 4.375
      vertex -9.6 0 0
      vertex -9.6 0 4.375
    endloop
  endfacet
  facet normal 0.0654037 0.997859 -0
    outer loop
      vertex 1.25305 9.51787 0
      vertex 0 9.6 4.375
      vertex 1.25305 9.51787 4.375
    endloop
  endfacet
  facet normal 0.0654037 0.997859 0
    outer loop
      vertex 0 9.6 4.375
      vertex 1.25305 9.51787 0
      vertex 0 9.6 0
    endloop
  endfacet
  facet normal -0.751837 -0.659349 0
    outer loop
      vertex -6.78822 -6.78822 0
      vertex -7.61619 -5.84411 4.375
      vertex -7.61619 -5.84411 0
    endloop
  endfacet
  facet normal -0.751837 -0.659349 0
    outer loop
      vertex -7.61619 -5.84411 4.375
      vertex -6.78822 -6.78822 0
      vertex -6.78822 -6.78822 4.375
    endloop
  endfacet
  facet normal 0.659349 0.751837 -0
    outer loop
      vertex 6.78822 6.78822 0
      vertex 5.84411 7.61619 4.375
      vertex 6.78822 6.78822 4.375
    endloop
  endfacet
  facet normal 0.659349 0.751837 0
    outer loop
      vertex 5.84411 7.61619 4.375
      vertex 6.78822 6.78822 0
      vertex 5.84411 7.61619 0
    endloop
  endfacet
  facet normal -0.659349 0.751837 0
    outer loop
      vertex -5.84411 7.61619 0
      vertex -6.78822 6.78822 4.375
      vertex -5.84411 7.61619 4.375
    endloop
  endfacet
  facet normal -0.659349 0.751837 0
    outer loop
      vertex -6.78822 6.78822 4.375
      vertex -5.84411 7.61619 0
      vertex -6.78822 6.78822 0
    endloop
  endfacet
  facet normal -0.321443 0.946929 0
    outer loop
      vertex -2.48466 9.27289 0
      vertex -3.67376 8.86924 4.375
      vertex -2.48466 9.27289 4.375
    endloop
  endfacet
  facet normal -0.321443 0.946929 0
    outer loop
      vertex -3.67376 8.86924 4.375
      vertex -2.48466 9.27289 0
      vertex -3.67376 8.86924 0
    endloop
  endfacet
  facet normal 0.896873 0.442289 0
    outer loop
      vertex 8.86924 3.67376 4.375
      vertex 8.31384 4.8 0
      vertex 8.31384 4.8 4.375
    endloop
  endfacet
  facet normal 0.896873 0.442289 0
    outer loop
      vertex 8.31384 4.8 0
      vertex 8.86924 3.67376 4.375
      vertex 8.86924 3.67376 0
    endloop
  endfacet
  facet normal 0.980786 0.195088 0
    outer loop
      vertex 9.51787 1.25305 4.375
      vertex 9.27289 2.48466 0
      vertex 9.27289 2.48466 4.375
    endloop
  endfacet
  facet normal 0.980786 0.195088 0
    outer loop
      vertex 9.27289 2.48466 0
      vertex 9.51787 1.25305 4.375
      vertex 9.51787 1.25305 0
    endloop
  endfacet
  facet normal 0.83147 0.555569 0
    outer loop
      vertex 8.31384 4.8 4.375
      vertex 7.61619 5.84411 0
      vertex 7.61619 5.84411 4.375
    endloop
  endfacet
  facet normal 0.83147 0.555569 0
    outer loop
      vertex 7.61619 5.84411 0
      vertex 8.31384 4.8 4.375
      vertex 8.31384 4.8 0
    endloop
  endfacet
  facet normal 0.321443 0.946929 -0
    outer loop
      vertex 3.67376 8.86924 0
      vertex 2.48466 9.27289 4.375
      vertex 3.67376 8.86924 4.375
    endloop
  endfacet
  facet normal 0.321443 0.946929 0
    outer loop
      vertex 2.48466 9.27289 4.375
      vertex 3.67376 8.86924 0
      vertex 2.48466 9.27289 0
    endloop
  endfacet
  facet normal 0.195088 0.980786 -0
    outer loop
      vertex 2.48466 9.27289 0
      vertex 1.25305 9.51787 4.375
      vertex 2.48466 9.27289 4.375
    endloop
  endfacet
  facet normal 0.195088 0.980786 0
    outer loop
      vertex 1.25305 9.51787 4.375
      vertex 2.48466 9.27289 0
      vertex 1.25305 9.51787 0
    endloop
  endfacet
  facet normal 0.555569 0.83147 -0
    outer loop
      vertex 5.84411 7.61619 0
      vertex 4.8 8.31384 4.375
      vertex 5.84411 7.61619 4.375
    endloop
  endfacet
  facet normal 0.555569 0.83147 0
    outer loop
      vertex 4.8 8.31384 4.375
      vertex 5.84411 7.61619 0
      vertex 4.8 8.31384 0
    endloop
  endfacet
  facet normal -0.896873 0.442289 0
    outer loop
      vertex -8.86924 3.67376 0
      vertex -8.31384 4.8 4.375
      vertex -8.31384 4.8 0
    endloop
  endfacet
  facet normal -0.896873 0.442289 0
    outer loop
      vertex -8.31384 4.8 4.375
      vertex -8.86924 3.67376 0
      vertex -8.86924 3.67376 4.375
    endloop
  endfacet
  facet normal -0.751837 0.659349 0
    outer loop
      vertex -7.61619 5.84411 0
      vertex -6.78822 6.78822 4.375
      vertex -6.78822 6.78822 0
    endloop
  endfacet
  facet normal -0.751837 0.659349 0
    outer loop
      vertex -6.78822 6.78822 4.375
      vertex -7.61619 5.84411 0
      vertex -7.61619 5.84411 4.375
    endloop
  endfacet
  facet normal -0.946929 0.321443 0
    outer loop
      vertex -9.27289 2.48466 0
      vertex -8.86924 3.67376 4.375
      vertex -8.86924 3.67376 0
    endloop
  endfacet
  facet normal -0.946929 0.321443 0
    outer loop
      vertex -8.86924 3.67376 4.375
      vertex -9.27289 2.48466 0
      vertex -9.27289 2.48466 4.375
    endloop
  endfacet
  facet normal -0.195088 0.980786 0
    outer loop
      vertex -1.25305 9.51787 0
      vertex -2.48466 9.27289 4.375
      vertex -1.25305 9.51787 4.375
    endloop
  endfacet
  facet normal -0.195088 0.980786 0
    outer loop
      vertex -2.48466 9.27289 4.375
      vertex -1.25305 9.51787 0
      vertex -2.48466 9.27289 0
    endloop
  endfacet
  facet normal 0.555569 -0.83147 0
    outer loop
      vertex 4.8 -8.31384 0
      vertex 5.84411 -7.61619 4.375
      vertex 4.8 -8.31384 4.375
    endloop
  endfacet
  facet normal 0.555569 -0.83147 0
    outer loop
      vertex 5.84411 -7.61619 4.375
      vertex 4.8 -8.31384 0
      vertex 5.84411 -7.61619 0
    endloop
  endfacet
  facet normal 0.83147 -0.555569 0
    outer loop
      vertex 7.61619 -5.84411 4.375
      vertex 8.31384 -4.8 0
      vertex 8.31384 -4.8 4.375
    endloop
  endfacet
  facet normal 0.83147 -0.555569 0
    outer loop
      vertex 8.31384 -4.8 0
      vertex 7.61619 -5.84411 4.375
      vertex 7.61619 -5.84411 0
    endloop
  endfacet
  facet normal 0.980786 -0.195088 0
    outer loop
      vertex 9.27289 -2.48466 4.375
      vertex 9.51787 -1.25305 0
      vertex 9.51787 -1.25305 4.375
    endloop
  endfacet
  facet normal 0.980786 -0.195088 0
    outer loop
      vertex 9.51787 -1.25305 0
      vertex 9.27289 -2.48466 4.375
      vertex 9.27289 -2.48466 0
    endloop
  endfacet
  facet normal -0.659349 -0.751837 0
    outer loop
      vertex -6.78822 -6.78822 0
      vertex -5.84411 -7.61619 4.375
      vertex -6.78822 -6.78822 4.375
    endloop
  endfacet
  facet normal -0.659349 -0.751837 -0
    outer loop
      vertex -5.84411 -7.61619 4.375
      vertex -6.78822 -6.78822 0
      vertex -5.84411 -7.61619 0
    endloop
  endfacet
  facet normal -0.321443 -0.946929 0
    outer loop
      vertex -3.67376 -8.86924 0
      vertex -2.48466 -9.27289 4.375
      vertex -3.67376 -8.86924 4.375
    endloop
  endfacet
  facet normal -0.321443 -0.946929 -0
    outer loop
      vertex -2.48466 -9.27289 4.375
      vertex -3.67376 -8.86924 0
      vertex -2.48466 -9.27289 0
    endloop
  endfacet
  facet normal 0 0 -1
    outer loop
      vertex -5.11436 0.799999 0
      vertex -3.8637 1.03528 0
      vertex -5.02179 0.612293 0
    endloop
  endfacet
  facet normal 0 0 -1
    outer loop
      vertex -5.23063 0.974018 0
      vertex -3.8637 1.03528 0
      vertex -5.11436 0.799999 0
    endloop
  endfacet
  facet normal -0 0 -1
    outer loop
      vertex -3.8637 1.03528 0
      vertex -5.23063 0.974018 0
      vertex -3.69552 1.53073 0
    endloop
  endfacet
  facet normal 0 0 -1
    outer loop
      vertex -5.36863 1.13137 0
      vertex -3.69552 1.53073 0
      vertex -5.23063 0.974018 0
    endloop
  endfacet
  facet normal 0 0 -1
    outer loop
      vertex -5.52598 1.26937 0
      vertex -3.69552 1.53073 0
      vertex -5.36863 1.13137 0
    endloop
  endfacet
  facet normal -0 0 -1
    outer loop
      vertex -3.69552 1.53073 0
      vertex -5.52598 1.26937 0
      vertex -3.4641 2 0
    endloop
  endfacet
  facet normal 0 0 -1
    outer loop
      vertex -5.7 1.38564 0
      vertex -3.4641 2 0
      vertex -5.52598 1.26937 0
    endloop
  endfacet
  facet normal 0 0 -1
    outer loop
      vertex -5.88771 1.47821 0
      vertex -3.4641 2 0
      vertex -5.7 1.38564 0
    endloop
  endfacet
  facet normal 0 0 -1
    outer loop
      vertex -3.4641 2 0
      vertex -5.84411 7.61619 0
      vertex -4.8 8.31384 0
    endloop
  endfacet
  facet normal 0 0 -1
    outer loop
      vertex -6.08589 1.54548 0
      vertex -3.4641 2 0
      vertex -5.88771 1.47821 0
    endloop
  endfacet
  facet normal -0 0 -1
    outer loop
      vertex -3.4641 2 0
      vertex -6.08589 1.54548 0
      vertex -7.61619 5.84411 0
    endloop
  endfacet
  facet normal 0 0 -1
    outer loop
      vertex -7.61619 5.84411 0
      vertex -6.08589 1.54548 0
      vertex -6.29116 1.58631 0
    endloop
  endfacet
  facet normal 0 0 -1
    outer loop
      vertex -8.31384 4.8 0
      vertex -6.29116 1.58631 0
      vertex -6.5 1.6 0
    endloop
  endfacet
  facet normal 0 0 -1
    outer loop
      vertex -3.4641 2 0
      vertex -6.78822 6.78822 0
      vertex -5.84411 7.61619 0
    endloop
  endfacet
  facet normal 0 0 -1
    outer loop
      vertex -8.86924 3.67376 0
      vertex -6.5 1.6 0
      vertex -7.5 1.6 0
    endloop
  endfacet
  facet normal 0 0 -1
    outer loop
      vertex -3.4641 2 0
      vertex -7.61619 5.84411 0
      vertex -6.78822 6.78822 0
    endloop
  endfacet
  facet normal 0 0 -1
    outer loop
      vertex -8.86924 3.67376 0
      vertex -7.5 1.6 0
      vertex -7.70884 1.58631 0
    endloop
  endfacet
  facet normal 0 0 -1
    outer loop
      vertex -8.86924 3.67376 0
      vertex -7.70884 1.58631 0
      vertex -7.91411 1.54548 0
    endloop
  endfacet
  facet normal 0 0 -1
    outer loop
      vertex -9.27289 2.48466 0
      vertex -7.91411 1.54548 0
      vertex -8.11229 1.47821 0
    endloop
  endfacet
  facet normal 0 0 -1
    outer loop
      vertex -9.27289 2.48466 0
      vertex -8.11229 1.47821 0
      vertex -8.3 1.38564 0
    endloop
  endfacet
  facet normal 0 0 -1
    outer loop
      vertex -6.29116 1.58631 0
      vertex -8.31384 4.8 0
      vertex -7.61619 5.84411 0
    endloop
  endfacet
  facet normal 0 0 -1
    outer loop
      vertex -9.27289 2.48466 0
      vertex -8.3 1.38564 0
      vertex -8.47402 1.26937 0
    endloop
  endfacet
  facet normal 0 0 -1
    outer loop
      vertex -9.51787 1.25305 0
      vertex -8.47402 1.26937 0
      vertex -8.63137 1.13137 0
    endloop
  endfacet
  facet normal 0 0 -1
    outer loop
      vertex -9.51787 1.25305 0
      vertex -8.63137 1.13137 0
      vertex -8.76937 0.974018 0
    endloop
  endfacet
  facet normal 0 0 -1
    outer loop
      vertex -6.5 1.6 0
      vertex -8.86924 3.67376 0
      vertex -8.31384 4.8 0
    endloop
  endfacet
  facet normal 0 0 -1
    outer loop
      vertex -9.51787 1.25305 0
      vertex -8.76937 0.974018 0
      vertex -8.88564 0.799999 0
    endloop
  endfacet
  facet normal 0 0 -1
    outer loop
      vertex -9.51787 1.25305 0
      vertex -8.88564 0.799999 0
      vertex -8.97821 0.612293 0
    endloop
  endfacet
  facet normal 0 0 -1
    outer loop
      vertex -9.51787 1.25305 0
      vertex -8.97821 0.612293 0
      vertex -9.04548 0.41411 0
    endloop
  endfacet
  facet normal 0 0 -1
    outer loop
      vertex -9.6 0 0
      vertex -9.04548 0.41411 0
      vertex -9.08631 0.208841 0
    endloop
  endfacet
  facet normal 0 0 -1
    outer loop
      vertex -9.6 0 0
      vertex -9.08631 0.208841 0
      vertex -9.1 0 0
    endloop
  endfacet
  facet normal 0 0 -1
    outer loop
      vertex -9.04548 -0.41411 0
      vertex -9.6 0 0
      vertex -9.08631 -0.208841 0
    endloop
  endfacet
  facet normal 0 0 -1
    outer loop
      vertex -7.91411 1.54548 0
      vertex -9.27289 2.48466 0
      vertex -8.86924 3.67376 0
    endloop
  endfacet
  facet normal 0 0 -1
    outer loop
      vertex -9.08631 -0.208841 0
      vertex -9.6 0 0
      vertex -9.1 0 0
    endloop
  endfacet
  facet normal -0 0 -1
    outer loop
      vertex -8.47402 1.26937 0
      vertex -9.51787 1.25305 0
      vertex -9.27289 2.48466 0
    endloop
  endfacet
  facet normal -0 0 -1
    outer loop
      vertex -9.04548 0.41411 0
      vertex -9.6 0 0
      vertex -9.51787 1.25305 0
    endloop
  endfacet
  facet normal 0 0 -1
    outer loop
      vertex 4.8 8.31384 0
      vertex 1.58631 6.29116 0
      vertex 1.6 6.5 0
    endloop
  endfacet
  facet normal 0 0 -1
    outer loop
      vertex 2.43505 3.17341 0
      vertex 1.54548 6.08589 0
      vertex 1.58631 6.29116 0
    endloop
  endfacet
  facet normal 0 0 -1
    outer loop
      vertex 1.26937 5.52598 0
      vertex 2 3.4641 0
      vertex 1.53073 3.69552 0
    endloop
  endfacet
  facet normal 0 0 -1
    outer loop
      vertex 2.43505 3.17341 0
      vertex 1.47821 5.88771 0
      vertex 1.54548 6.08589 0
    endloop
  endfacet
  facet normal 0 0 -1
    outer loop
      vertex 2 3.4641 0
      vertex 1.38564 5.7 0
      vertex 1.47821 5.88771 0
    endloop
  endfacet
  facet normal 0 0 -1
    outer loop
      vertex 2 3.4641 0
      vertex 1.26937 5.52598 0
      vertex 1.38564 5.7 0
    endloop
  endfacet
  facet normal 0 0 -1
    outer loop
      vertex 1.53073 3.69552 0
      vertex 1.13137 5.36863 0
      vertex 1.26937 5.52598 0
    endloop
  endfacet
  facet normal 0 0 -1
    outer loop
      vertex 0.974018 5.23063 0
      vertex 1.53073 3.69552 0
      vertex 1.03528 3.8637 0
    endloop
  endfacet
  facet normal 0 0 -1
    outer loop
      vertex 1.53073 3.69552 0
      vertex 0.974018 5.23063 0
      vertex 1.13137 5.36863 0
    endloop
  endfacet
  facet normal 0 0 -1
    outer loop
      vertex 1.03528 3.8637 0
      vertex 0.799999 5.11436 0
      vertex 0.974018 5.23063 0
    endloop
  endfacet
  facet normal 0 0 -1
    outer loop
      vertex 1.03528 3.8637 0
      vertex 0.612293 5.02179 0
      vertex 0.799999 5.11436 0
    endloop
  endfacet
  facet normal 0 0 -1
    outer loop
      vertex 0.522104 3.96578 0
      vertex 0.612293 5.02179 0
      vertex 1.03528 3.8637 0
    endloop
  endfacet
  facet normal 0 0 -1
    outer loop
      vertex 0.522104 3.96578 0
      vertex 0.41411 4.95452 0
      vertex 0.612293 5.02179 0
    endloop
  endfacet
  facet normal 0 0 -1
    outer loop
      vertex 0.522104 3.96578 0
      vertex 0.208841 4.91369 0
      vertex 0.41411 4.95452 0
    endloop
  endfacet
  facet normal 0 0 -1
    outer loop
      vertex 0 4 0
      vertex 0.208841 4.91369 0
      vertex 0.522104 3.96578 0
    endloop
  endfacet
  facet normal 0 0 -1
    outer loop
      vertex 0 4 0
      vertex 0 4.9 0
      vertex 0.208841 4.91369 0
    endloop
  endfacet
  facet normal 0 0 -1
    outer loop
      vertex 0 4 0
      vertex -0.208841 4.91369 0
      vertex 0 4.9 0
    endloop
  endfacet
  facet normal 0 0 -1
    outer loop
      vertex -0.522104 3.96578 0
      vertex -0.208841 4.91369 0
      vertex 0 4 0
    endloop
  endfacet
  facet normal -0 0 -1
    outer loop
      vertex -0.208841 4.91369 0
      vertex -0.522104 3.96578 0
      vertex -0.41411 4.95452 0
    endloop
  endfacet
  facet normal 0 0 -1
    outer loop
      vertex -0.522104 3.96578 0
      vertex -0.612293 5.02179 0
      vertex -0.41411 4.95452 0
    endloop
  endfacet
  facet normal 0 0 -1
    outer loop
      vertex -1.03528 3.8637 0
      vertex -0.612293 5.02179 0
      vertex -0.522104 3.96578 0
    endloop
  endfacet
  facet normal -0 0 -1
    outer loop
      vertex -0.612293 5.02179 0
      vertex -1.03528 3.8637 0
      vertex -0.799999 5.11436 0
    endloop
  endfacet
  facet normal -0 0 -1
    outer loop
      vertex -0.799999 5.11436 0
      vertex -1.03528 3.8637 0
      vertex -0.974018 5.23063 0
    endloop
  endfacet
  facet normal 0 0 -1
    outer loop
      vertex -1.53073 3.69552 0
      vertex -0.974018 5.23063 0
      vertex -1.03528 3.8637 0
    endloop
  endfacet
  facet normal -0 0 -1
    outer loop
      vertex -0.974018 5.23063 0
      vertex -1.53073 3.69552 0
      vertex -1.13137 5.36863 0
    endloop
  endfacet
  facet normal -0 0 -1
    outer loop
      vertex -1.13137 5.36863 0
      vertex -1.53073 3.69552 0
      vertex -1.26937 5.52598 0
    endloop
  endfacet
  facet normal 0 0 -1
    outer loop
      vertex -2 3.4641 0
      vertex -1.26937 5.52598 0
      vertex -1.53073 3.69552 0
    endloop
  endfacet
  facet normal -0 0 -1
    outer loop
      vertex -1.26937 5.52598 0
      vertex -2 3.4641 0
      vertex -1.38564 5.7 0
    endloop
  endfacet
  facet normal -0 0 -1
    outer loop
      vertex -1.38564 5.7 0
      vertex -2 3.4641 0
      vertex -1.47821 5.88771 0
    endloop
  endfacet
  facet normal 0 0 -1
    outer loop
      vertex -2.43505 3.17341 0
      vertex -1.47821 5.88771 0
      vertex -2 3.4641 0
    endloop
  endfacet
  facet normal -0 0 -1
    outer loop
      vertex -1.47821 5.88771 0
      vertex -2.43505 3.17341 0
      vertex -1.54548 6.08589 0
    endloop
  endfacet
  facet normal 0 0 -1
    outer loop
      vertex -1.54548 6.08589 0
      vertex -4.8 8.31384 0
      vertex -1.58631 6.29116 0
    endloop
  endfacet
  facet normal 0 0 -1
    outer loop
      vertex -4.8 8.31384 0
      vertex -1.54548 6.08589 0
      vertex -2.43505 3.17341 0
    endloop
  endfacet
  facet normal 0 0 -1
    outer loop
      vertex 5.23063 0.974018 0
      vertex 3.69552 1.53073 0
      vertex 5.36863 1.13137 0
    endloop
  endfacet
  facet normal 0 0 -1
    outer loop
      vertex 5.36863 1.13137 0
      vertex 3.69552 1.53073 0
      vertex 5.52598 1.26937 0
    endloop
  endfacet
  facet normal 0 0 -1
    outer loop
      vertex 3.4641 2 0
      vertex 5.52598 1.26937 0
      vertex 3.69552 1.53073 0
    endloop
  endfacet
  facet normal 0 0 -1
    outer loop
      vertex 3.17341 2.43505 0
      vertex 5.52598 1.26937 0
      vertex 3.4641 2 0
    endloop
  endfacet
  facet normal 0 0 -1
    outer loop
      vertex 5.52598 1.26937 0
      vertex 3.17341 2.43505 0
      vertex 4.8 8.31384 0
    endloop
  endfacet
  facet normal 0 0 -1
    outer loop
      vertex 2.82843 2.82843 0
      vertex 4.8 8.31384 0
      vertex 3.17341 2.43505 0
    endloop
  endfacet
  facet normal 0 0 -1
    outer loop
      vertex 2.43505 3.17341 0
      vertex 4.8 8.31384 0
      vertex 2.82843 2.82843 0
    endloop
  endfacet
  facet normal -0 0 -1
    outer loop
      vertex 4.8 8.31384 0
      vertex 1.6 6.5 0
      vertex 3.67376 8.86924 0
    endloop
  endfacet
  facet normal 0 0 -1
    outer loop
      vertex 1.58631 6.29116 0
      vertex 4.8 8.31384 0
      vertex 2.43505 3.17341 0
    endloop
  endfacet
  facet normal 0 0 -1
    outer loop
      vertex 1.47821 5.88771 0
      vertex 2.43505 3.17341 0
      vertex 2 3.4641 0
    endloop
  endfacet
  facet normal 0 0 -1
    outer loop
      vertex 1.6 7.5 0
      vertex 3.67376 8.86924 0
      vertex 1.6 6.5 0
    endloop
  endfacet
  facet normal 0 0 -1
    outer loop
      vertex 1.58631 7.70884 0
      vertex 3.67376 8.86924 0
      vertex 1.6 7.5 0
    endloop
  endfacet
  facet normal 0 0 -1
    outer loop
      vertex 1.54548 7.91411 0
      vertex 3.67376 8.86924 0
      vertex 1.58631 7.70884 0
    endloop
  endfacet
  facet normal -0 0 -1
    outer loop
      vertex 3.67376 8.86924 0
      vertex 1.54548 7.91411 0
      vertex 2.48466 9.27289 0
    endloop
  endfacet
  facet normal 0 0 -1
    outer loop
      vertex 1.47821 8.11229 0
      vertex 2.48466 9.27289 0
      vertex 1.54548 7.91411 0
    endloop
  endfacet
  facet normal 0 0 -1
    outer loop
      vertex 1.38564 8.3 0
      vertex 2.48466 9.27289 0
      vertex 1.47821 8.11229 0
    endloop
  endfacet
  facet normal 0 0 -1
    outer loop
      vertex 1.26937 8.47402 0
      vertex 2.48466 9.27289 0
      vertex 1.38564 8.3 0
    endloop
  endfacet
  facet normal 0 0 -1
    outer loop
      vertex 1.26937 8.47402 0
      vertex 1.25305 9.51787 0
      vertex 2.48466 9.27289 0
    endloop
  endfacet
  facet normal 0 0 -1
    outer loop
      vertex 1.13137 8.63137 0
      vertex 1.25305 9.51787 0
      vertex 1.26937 8.47402 0
    endloop
  endfacet
  facet normal 0 0 -1
    outer loop
      vertex 0.974018 8.76937 0
      vertex 1.25305 9.51787 0
      vertex 1.13137 8.63137 0
    endloop
  endfacet
  facet normal 0 0 -1
    outer loop
      vertex 0.799999 8.88564 0
      vertex 1.25305 9.51787 0
      vertex 0.974018 8.76937 0
    endloop
  endfacet
  facet normal 0 0 -1
    outer loop
      vertex 0.612293 8.97821 0
      vertex 1.25305 9.51787 0
      vertex 0.799999 8.88564 0
    endloop
  endfacet
  facet normal 0 0 -1
    outer loop
      vertex 0.41411 9.04548 0
      vertex 1.25305 9.51787 0
      vertex 0.612293 8.97821 0
    endloop
  endfacet
  facet normal 0 0 -1
    outer loop
      vertex 0 9.6 0
      vertex 0.41411 9.04548 0
      vertex 0.208841 9.08631 0
    endloop
  endfacet
  facet normal 0 0 -1
    outer loop
      vertex 0 9.6 0
      vertex 0.208841 9.08631 0
      vertex 0 9.1 0
    endloop
  endfacet
  facet normal 0 0 -1
    outer loop
      vertex 0.41411 9.04548 0
      vertex 0 9.6 0
      vertex 1.25305 9.51787 0
    endloop
  endfacet
  facet normal 0 0 -1
    outer loop
      vertex -0.208841 9.08631 0
      vertex 0 9.6 0
      vertex 0 9.1 0
    endloop
  endfacet
  facet normal 0 0 -1
    outer loop
      vertex -0.41411 9.04548 0
      vertex 0 9.6 0
      vertex -0.208841 9.08631 0
    endloop
  endfacet
  facet normal 0 0 -1
    outer loop
      vertex -1.25305 9.51787 0
      vertex -0.41411 9.04548 0
      vertex -0.612293 8.97821 0
    endloop
  endfacet
  facet normal 0 0 -1
    outer loop
      vertex -1.25305 9.51787 0
      vertex -0.612293 8.97821 0
      vertex -0.799999 8.88564 0
    endloop
  endfacet
  facet normal 0 0 -1
    outer loop
      vertex -1.25305 9.51787 0
      vertex -0.799999 8.88564 0
      vertex -0.974018 8.76937 0
    endloop
  endfacet
  facet normal 0 0 -1
    outer loop
      vertex -0.41411 9.04548 0
      vertex -1.25305 9.51787 0
      vertex 0 9.6 0
    endloop
  endfacet
  facet normal 0 0 -1
    outer loop
      vertex -1.13137 8.63137 0
      vertex -1.25305 9.51787 0
      vertex -0.974018 8.76937 0
    endloop
  endfacet
  facet normal 0 0 -1
    outer loop
      vertex -1.26937 8.47402 0
      vertex -1.25305 9.51787 0
      vertex -1.13137 8.63137 0
    endloop
  endfacet
  facet normal 0 0 -1
    outer loop
      vertex -2.48466 9.27289 0
      vertex -1.26937 8.47402 0
      vertex -1.38564 8.3 0
    endloop
  endfacet
  facet normal 0 0 -1
    outer loop
      vertex -2.48466 9.27289 0
      vertex -1.38564 8.3 0
      vertex -1.47821 8.11229 0
    endloop
  endfacet
  facet normal 0 0 -1
    outer loop
      vertex -2.48466 9.27289 0
      vertex -1.47821 8.11229 0
      vertex -1.54548 7.91411 0
    endloop
  endfacet
  facet normal 0 0 -1
    outer loop
      vertex -3.67376 8.86924 0
      vertex -1.54548 7.91411 0
      vertex -1.58631 7.70884 0
    endloop
  endfacet
  facet normal 0 -0 -1
    outer loop
      vertex -3.67376 8.86924 0
      vertex -1.6 6.5 0
      vertex -4.8 8.31384 0
    endloop
  endfacet
  facet normal 0 0 -1
    outer loop
      vertex -1.58631 6.29116 0
      vertex -4.8 8.31384 0
      vertex -1.6 6.5 0
    endloop
  endfacet
  facet normal 0 0 -1
    outer loop
      vertex -1.6 6.5 0
      vertex -3.67376 8.86924 0
      vertex -1.6 7.5 0
    endloop
  endfacet
  facet normal 0 0 -1
    outer loop
      vertex -1.26937 8.47402 0
      vertex -2.48466 9.27289 0
      vertex -1.25305 9.51787 0
    endloop
  endfacet
  facet normal 0 0 -1
    outer loop
      vertex -4.8 8.31384 0
      vertex -2.43505 3.17341 0
      vertex -2.82843 2.82843 0
    endloop
  endfacet
  facet normal 0 0 -1
    outer loop
      vertex -4.8 8.31384 0
      vertex -2.82843 2.82843 0
      vertex -3.17341 2.43505 0
    endloop
  endfacet
  facet normal 0 0 -1
    outer loop
      vertex -4.8 8.31384 0
      vertex -3.17341 2.43505 0
      vertex -3.4641 2 0
    endloop
  endfacet
  facet normal 0 0 -1
    outer loop
      vertex -1.54548 7.91411 0
      vertex -3.67376 8.86924 0
      vertex -2.48466 9.27289 0
    endloop
  endfacet
  facet normal 0 0 -1
    outer loop
      vertex -3.96578 0.522104 0
      vertex -5.02179 0.612293 0
      vertex -3.8637 1.03528 0
    endloop
  endfacet
  facet normal 0 0 -1
    outer loop
      vertex -4.95452 0.41411 0
      vertex -3.96578 0.522104 0
      vertex -4.91369 0.208841 0
    endloop
  endfacet
  facet normal 0 0 -1
    outer loop
      vertex -4 0 0
      vertex -4.91369 0.208841 0
      vertex -3.96578 0.522104 0
    endloop
  endfacet
  facet normal 0 0 -1
    outer loop
      vertex -4.91369 0.208841 0
      vertex -4 0 0
      vertex -4.9 0 0
    endloop
  endfacet
  facet normal 0 -0 -1
    outer loop
      vertex -5.02179 -0.612293 0
      vertex -3.8637 -1.03528 0
      vertex -5.11436 -0.799999 0
    endloop
  endfacet
  facet normal 0 0 -1
    outer loop
      vertex -5.02179 0.612293 0
      vertex -3.96578 0.522104 0
      vertex -4.95452 0.41411 0
    endloop
  endfacet
  facet normal 0 0 -1
    outer loop
      vertex -1.6 7.5 0
      vertex -3.67376 8.86924 0
      vertex -1.58631 7.70884 0
    endloop
  endfacet
  facet normal -0 0 -1
    outer loop
      vertex -4 0 0
      vertex -4.91369 -0.208841 0
      vertex -4.9 0 0
    endloop
  endfacet
  facet normal 0 0 -1
    outer loop
      vertex -3.96578 -0.522104 0
      vertex -4.91369 -0.208841 0
      vertex -4 0 0
    endloop
  endfacet
  facet normal 0 -0 -1
    outer loop
      vertex -4.91369 -0.208841 0
      vertex -3.96578 -0.522104 0
      vertex -4.95452 -0.41411 0
    endloop
  endfacet
  facet normal 0 -0 -1
    outer loop
      vertex -4.95452 -0.41411 0
      vertex -3.96578 -0.522104 0
      vertex -5.02179 -0.612293 0
    endloop
  endfacet
  facet normal 0 0 -1
    outer loop
      vertex -3.8637 -1.03528 0
      vertex -5.02179 -0.612293 0
      vertex -3.96578 -0.522104 0
    endloop
  endfacet
  facet normal 0 0 -1
    outer loop
      vertex -4.8 -8.31384 0
      vertex -5.36863 -1.13137 0
      vertex -5.23063 -0.974018 0
    endloop
  endfacet
  facet normal 0 0 -1
    outer loop
      vertex -4.8 -8.31384 0
      vertex -5.52598 -1.26937 0
      vertex -5.36863 -1.13137 0
    endloop
  endfacet
  facet normal 0 0 -1
    outer loop
      vertex -5.84411 -7.61619 0
      vertex -5.52598 -1.26937 0
      vertex -4.8 -8.31384 0
    endloop
  endfacet
  facet normal 0 0 -1
    outer loop
      vertex -5.52598 -1.26937 0
      vertex -5.84411 -7.61619 0
      vertex -5.7 -1.38564 0
    endloop
  endfacet
  facet normal 0 0 -1
    outer loop
      vertex -6.78822 -6.78822 0
      vertex -5.7 -1.38564 0
      vertex -5.84411 -7.61619 0
    endloop
  endfacet
  facet normal 0 0 -1
    outer loop
      vertex -5.7 -1.38564 0
      vertex -6.78822 -6.78822 0
      vertex -5.88771 -1.47821 0
    endloop
  endfacet
  facet normal 0 0 -1
    outer loop
      vertex -7.61619 -5.84411 0
      vertex -5.88771 -1.47821 0
      vertex -6.78822 -6.78822 0
    endloop
  endfacet
  facet normal 0 0 -1
    outer loop
      vertex -5.88771 -1.47821 0
      vertex -7.61619 -5.84411 0
      vertex -6.08589 -1.54548 0
    endloop
  endfacet
  facet normal 0 0 -1
    outer loop
      vertex -6.08589 -1.54548 0
      vertex -7.61619 -5.84411 0
      vertex -6.29116 -1.58631 0
    endloop
  endfacet
  facet normal 0 0 -1
    outer loop
      vertex -8.31384 -4.8 0
      vertex -6.29116 -1.58631 0
      vertex -7.61619 -5.84411 0
    endloop
  endfacet
  facet normal 0 0 -1
    outer loop
      vertex -6.29116 -1.58631 0
      vertex -8.31384 -4.8 0
      vertex -6.5 -1.6 0
    endloop
  endfacet
  facet normal 0 0 -1
    outer loop
      vertex -8.86924 -3.67376 0
      vertex -6.5 -1.6 0
      vertex -8.31384 -4.8 0
    endloop
  endfacet
  facet normal -0 0 -1
    outer loop
      vertex -6.5 -1.6 0
      vertex -8.86924 -3.67376 0
      vertex -7.5 -1.6 0
    endloop
  endfacet
  facet normal -0 0 -1
    outer loop
      vertex -7.5 -1.6 0
      vertex -8.86924 -3.67376 0
      vertex -7.70884 -1.58631 0
    endloop
  endfacet
  facet normal -0 0 -1
    outer loop
      vertex -7.70884 -1.58631 0
      vertex -8.86924 -3.67376 0
      vertex -7.91411 -1.54548 0
    endloop
  endfacet
  facet normal 0 0 -1
    outer loop
      vertex -9.27289 -2.48466 0
      vertex -7.91411 -1.54548 0
      vertex -8.86924 -3.67376 0
    endloop
  endfacet
  facet normal -0 0 -1
    outer loop
      vertex -7.91411 -1.54548 0
      vertex -9.27289 -2.48466 0
      vertex -8.11229 -1.47821 0
    endloop
  endfacet
  facet normal -0 0 -1
    outer loop
      vertex -8.11229 -1.47821 0
      vertex -9.27289 -2.48466 0
      vertex -8.3 -1.38564 0
    endloop
  endfacet
  facet normal -0 0 -1
    outer loop
      vertex -8.3 -1.38564 0
      vertex -9.27289 -2.48466 0
      vertex -8.47402 -1.26937 0
    endloop
  endfacet
  facet normal 0 0 -1
    outer loop
      vertex -9.51787 -1.25305 0
      vertex -8.47402 -1.26937 0
      vertex -9.27289 -2.48466 0
    endloop
  endfacet
  facet normal 0 0 -1
    outer loop
      vertex -8.47402 -1.26937 0
      vertex -9.51787 -1.25305 0
      vertex -8.63137 -1.13137 0
    endloop
  endfacet
  facet normal -0 0 -1
    outer loop
      vertex -8.63137 -1.13137 0
      vertex -9.51787 -1.25305 0
      vertex -8.76937 -0.974018 0
    endloop
  endfacet
  facet normal -0 0 -1
    outer loop
      vertex -8.76937 -0.974018 0
      vertex -9.51787 -1.25305 0
      vertex -8.88564 -0.799999 0
    endloop
  endfacet
  facet normal -0 0 -1
    outer loop
      vertex -8.88564 -0.799999 0
      vertex -9.51787 -1.25305 0
      vertex -8.97821 -0.612293 0
    endloop
  endfacet
  facet normal -0 0 -1
    outer loop
      vertex -8.97821 -0.612293 0
      vertex -9.51787 -1.25305 0
      vertex -9.04548 -0.41411 0
    endloop
  endfacet
  facet normal 0 0 -1
    outer loop
      vertex -9.6 0 0
      vertex -9.04548 -0.41411 0
      vertex -9.51787 -1.25305 0
    endloop
  endfacet
  facet normal 0 0 -1
    outer loop
      vertex 1.54548 -6.08589 0
      vertex 4.8 -8.31384 0
      vertex 1.58631 -6.29116 0
    endloop
  endfacet
  facet normal 0 0 -1
    outer loop
      vertex 4.8 -8.31384 0
      vertex 1.54548 -6.08589 0
      vertex 2.43505 -3.17341 0
    endloop
  endfacet
  facet normal 0 0 -1
    outer loop
      vertex 1.47821 -5.88771 0
      vertex 2.43505 -3.17341 0
      vertex 1.54548 -6.08589 0
    endloop
  endfacet
  facet normal 0 0 -1
    outer loop
      vertex 2.43505 -3.17341 0
      vertex 1.47821 -5.88771 0
      vertex 2 -3.4641 0
    endloop
  endfacet
  facet normal 0 0 -1
    outer loop
      vertex 1.38564 -5.7 0
      vertex 2 -3.4641 0
      vertex 1.47821 -5.88771 0
    endloop
  endfacet
  facet normal 0 0 -1
    outer loop
      vertex 1.26937 -5.52598 0
      vertex 2 -3.4641 0
      vertex 1.38564 -5.7 0
    endloop
  endfacet
  facet normal 0 0 -1
    outer loop
      vertex 2 -3.4641 0
      vertex 1.26937 -5.52598 0
      vertex 1.53073 -3.69552 0
    endloop
  endfacet
  facet normal 0 0 -1
    outer loop
      vertex 1.13137 -5.36863 0
      vertex 1.53073 -3.69552 0
      vertex 1.26937 -5.52598 0
    endloop
  endfacet
  facet normal 0 0 -1
    outer loop
      vertex 0.974018 -5.23063 0
      vertex 1.53073 -3.69552 0
      vertex 1.13137 -5.36863 0
    endloop
  endfacet
  facet normal 0 0 -1
    outer loop
      vertex 1.53073 -3.69552 0
      vertex 0.974018 -5.23063 0
      vertex 1.03528 -3.8637 0
    endloop
  endfacet
  facet normal 0 0 -1
    outer loop
      vertex 0.799999 -5.11436 0
      vertex 1.03528 -3.8637 0
      vertex 0.974018 -5.23063 0
    endloop
  endfacet
  facet normal 0 0 -1
    outer loop
      vertex 0.612293 -5.02179 0
      vertex 1.03528 -3.8637 0
      vertex 0.799999 -5.11436 0
    endloop
  endfacet
  facet normal 0 0 -1
    outer loop
      vertex 0.612293 -5.02179 0
      vertex 0.522104 -3.96578 0
      vertex 1.03528 -3.8637 0
    endloop
  endfacet
  facet normal 0 0 -1
    outer loop
      vertex 0.41411 -4.95452 0
      vertex 0.522104 -3.96578 0
      vertex 0.612293 -5.02179 0
    endloop
  endfacet
  facet normal 0 0 -1
    outer loop
      vertex 0.208841 -4.91369 0
      vertex 0.522104 -3.96578 0
      vertex 0.41411 -4.95452 0
    endloop
  endfacet
  facet normal 0 0 -1
    outer loop
      vertex 0 -4 0
      vertex 0.208841 -4.91369 0
      vertex 0 -4.9 0
    endloop
  endfacet
  facet normal 0 0 -1
    outer loop
      vertex 0.208841 -4.91369 0
      vertex 0 -4 0
      vertex 0.522104 -3.96578 0
    endloop
  endfacet
  facet normal 0 0 -1
    outer loop
      vertex -0.208841 -4.91369 0
      vertex 0 -4 0
      vertex 0 -4.9 0
    endloop
  endfacet
  facet normal 0 0 -1
    outer loop
      vertex -0.522104 -3.96578 0
      vertex -0.208841 -4.91369 0
      vertex -0.41411 -4.95452 0
    endloop
  endfacet
  facet normal 0 0 -1
    outer loop
      vertex -0.208841 -4.91369 0
      vertex -0.522104 -3.96578 0
      vertex 0 -4 0
    endloop
  endfacet
  facet normal 0 0 -1
    outer loop
      vertex -0.612293 -5.02179 0
      vertex -0.522104 -3.96578 0
      vertex -0.41411 -4.95452 0
    endloop
  endfacet
  facet normal 0 0 -1
    outer loop
      vertex -1.03528 -3.8637 0
      vertex -0.612293 -5.02179 0
      vertex -0.799999 -5.11436 0
    endloop
  endfacet
  facet normal 0 0 -1
    outer loop
      vertex -1.03528 -3.8637 0
      vertex -0.799999 -5.11436 0
      vertex -0.974018 -5.23063 0
    endloop
  endfacet
  facet normal 0 0 -1
    outer loop
      vertex -0.612293 -5.02179 0
      vertex -1.03528 -3.8637 0
      vertex -0.522104 -3.96578 0
    endloop
  endfacet
  facet normal 0 0 -1
    outer loop
      vertex -1.53073 -3.69552 0
      vertex -0.974018 -5.23063 0
      vertex -1.13137 -5.36863 0
    endloop
  endfacet
  facet normal 0 0 -1
    outer loop
      vertex -1.53073 -3.69552 0
      vertex -1.13137 -5.36863 0
      vertex -1.26937 -5.52598 0
    endloop
  endfacet
  facet normal 0 0 -1
    outer loop
      vertex -2 -3.4641 0
      vertex -1.26937 -5.52598 0
      vertex -1.38564 -5.7 0
    endloop
  endfacet
  facet normal 0 0 -1
    outer loop
      vertex -2 -3.4641 0
      vertex -1.38564 -5.7 0
      vertex -1.47821 -5.88771 0
    endloop
  endfacet
  facet normal 0 0 -1
    outer loop
      vertex -0.974018 -5.23063 0
      vertex -1.53073 -3.69552 0
      vertex -1.03528 -3.8637 0
    endloop
  endfacet
  facet normal 0 0 -1
    outer loop
      vertex -2.43505 -3.17341 0
      vertex -1.47821 -5.88771 0
      vertex -1.54548 -6.08589 0
    endloop
  endfacet
  facet normal 0 0 -1
    outer loop
      vertex -4.8 -8.31384 0
      vertex -1.54548 -6.08589 0
      vertex -1.58631 -6.29116 0
    endloop
  endfacet
  facet normal 0 0 -1
    outer loop
      vertex -4.8 -8.31384 0
      vertex -1.58631 -6.29116 0
      vertex -1.6 -6.5 0
    endloop
  endfacet
  facet normal 0 0 -1
    outer loop
      vertex -1.26937 -5.52598 0
      vertex -2 -3.4641 0
      vertex -1.53073 -3.69552 0
    endloop
  endfacet
  facet normal 0 0 -1
    outer loop
      vertex 9.04548 -0.41411 0
      vertex 9.6 0 0
      vertex 9.51787 -1.25305 0
    endloop
  endfacet
  facet normal 0 0 -1
    outer loop
      vertex 8.47402 -1.26937 0
      vertex 9.51787 -1.25305 0
      vertex 9.27289 -2.48466 0
    endloop
  endfacet
  facet normal -0 0 -1
    outer loop
      vertex 9.6 0 0
      vertex 9.08631 -0.208841 0
      vertex 9.1 0 0
    endloop
  endfacet
  facet normal 0 0 -1
    outer loop
      vertex 9.04548 0.41411 0
      vertex 9.6 0 0
      vertex 9.08631 0.208841 0
    endloop
  endfacet
  facet normal 0 0 -1
    outer loop
      vertex 9.08631 0.208841 0
      vertex 9.6 0 0
      vertex 9.1 0 0
    endloop
  endfacet
  facet normal 0 0 -1
    outer loop
      vertex 9.6 0 0
      vertex 9.04548 -0.41411 0
      vertex 9.08631 -0.208841 0
    endloop
  endfacet
  facet normal 0 0 -1
    outer loop
      vertex 9.51787 -1.25305 0
      vertex 8.97821 -0.612293 0
      vertex 9.04548 -0.41411 0
    endloop
  endfacet
  facet normal 0 0 -1
    outer loop
      vertex 9.51787 -1.25305 0
      vertex 8.88564 -0.799999 0
      vertex 8.97821 -0.612293 0
    endloop
  endfacet
  facet normal 0 0 -1
    outer loop
      vertex 7.91411 -1.54548 0
      vertex 9.27289 -2.48466 0
      vertex 8.86924 -3.67376 0
    endloop
  endfacet
  facet normal 0 0 -1
    outer loop
      vertex 9.51787 -1.25305 0
      vertex 8.76937 -0.974018 0
      vertex 8.88564 -0.799999 0
    endloop
  endfacet
  facet normal 0 0 -1
    outer loop
      vertex 9.51787 -1.25305 0
      vertex 8.63137 -1.13137 0
      vertex 8.76937 -0.974018 0
    endloop
  endfacet
  facet normal -0 0 -1
    outer loop
      vertex 9.51787 -1.25305 0
      vertex 8.47402 -1.26937 0
      vertex 8.63137 -1.13137 0
    endloop
  endfacet
  facet normal 0 0 -1
    outer loop
      vertex 6.5 -1.6 0
      vertex 8.86924 -3.67376 0
      vertex 8.31384 -4.8 0
    endloop
  endfacet
  facet normal 0 0 -1
    outer loop
      vertex 9.27289 -2.48466 0
      vertex 8.3 -1.38564 0
      vertex 8.47402 -1.26937 0
    endloop
  endfacet
  facet normal 0 0 -1
    outer loop
      vertex 9.27289 -2.48466 0
      vertex 8.11229 -1.47821 0
      vertex 8.3 -1.38564 0
    endloop
  endfacet
  facet normal 0 0 -1
    outer loop
      vertex 9.27289 -2.48466 0
      vertex 7.91411 -1.54548 0
      vertex 8.11229 -1.47821 0
    endloop
  endfacet
  facet normal 0 0 -1
    outer loop
      vertex 8.86924 -3.67376 0
      vertex 7.70884 -1.58631 0
      vertex 7.91411 -1.54548 0
    endloop
  endfacet
  facet normal 0 0 -1
    outer loop
      vertex 6.29116 -1.58631 0
      vertex 8.31384 -4.8 0
      vertex 7.61619 -5.84411 0
    endloop
  endfacet
  facet normal 0 0 -1
    outer loop
      vertex 8.86924 -3.67376 0
      vertex 7.5 -1.6 0
      vertex 7.70884 -1.58631 0
    endloop
  endfacet
  facet normal 0 0 -1
    outer loop
      vertex 3.4641 -2 0
      vertex 7.61619 -5.84411 0
      vertex 6.78822 -6.78822 0
    endloop
  endfacet
  facet normal 0 0 -1
    outer loop
      vertex 8.86924 -3.67376 0
      vertex 6.5 -1.6 0
      vertex 7.5 -1.6 0
    endloop
  endfacet
  facet normal 0 0 -1
    outer loop
      vertex 8.31384 -4.8 0
      vertex 6.29116 -1.58631 0
      vertex 6.5 -1.6 0
    endloop
  endfacet
  facet normal 0 0 -1
    outer loop
      vertex 7.61619 -5.84411 0
      vertex 6.08589 -1.54548 0
      vertex 6.29116 -1.58631 0
    endloop
  endfacet
  facet normal 0 0 -1
    outer loop
      vertex 7.61619 -5.84411 0
      vertex 3.4641 -2 0
      vertex 6.08589 -1.54548 0
    endloop
  endfacet
  facet normal 0 0 -1
    outer loop
      vertex 3.4641 -2 0
      vertex 6.78822 -6.78822 0
      vertex 5.84411 -7.61619 0
    endloop
  endfacet
  facet normal -0 0 -1
    outer loop
      vertex 6.08589 -1.54548 0
      vertex 3.4641 -2 0
      vertex 5.88771 -1.47821 0
    endloop
  endfacet
  facet normal -0 0 -1
    outer loop
      vertex 5.88771 -1.47821 0
      vertex 3.4641 -2 0
      vertex 5.7 -1.38564 0
    endloop
  endfacet
  facet normal -0 0 -1
    outer loop
      vertex 5.7 -1.38564 0
      vertex 3.4641 -2 0
      vertex 5.52598 -1.26937 0
    endloop
  endfacet
  facet normal 0 -0 -1
    outer loop
      vertex 3.69552 -1.53073 0
      vertex 5.52598 -1.26937 0
      vertex 3.4641 -2 0
    endloop
  endfacet
  facet normal -0 0 -1
    outer loop
      vertex 5.52598 -1.26937 0
      vertex 3.69552 -1.53073 0
      vertex 5.36863 -1.13137 0
    endloop
  endfacet
  facet normal -0 0 -1
    outer loop
      vertex 5.36863 -1.13137 0
      vertex 3.69552 -1.53073 0
      vertex 5.23063 -0.974018 0
    endloop
  endfacet
  facet normal 0 -0 -1
    outer loop
      vertex 3.8637 -1.03528 0
      vertex 5.23063 -0.974018 0
      vertex 3.69552 -1.53073 0
    endloop
  endfacet
  facet normal -0 0 -1
    outer loop
      vertex 5.23063 -0.974018 0
      vertex 3.8637 -1.03528 0
      vertex 5.11436 -0.799999 0
    endloop
  endfacet
  facet normal -0 0 -1
    outer loop
      vertex 5.11436 -0.799999 0
      vertex 3.8637 -1.03528 0
      vertex 5.02179 -0.612293 0
    endloop
  endfacet
  facet normal 0 0 -1
    outer loop
      vertex 3.4641 -2 0
      vertex 5.84411 -7.61619 0
      vertex 4.8 -8.31384 0
    endloop
  endfacet
  facet normal 0 0 -1
    outer loop
      vertex 9.6 0 0
      vertex 9.04548 0.41411 0
      vertex 9.51787 1.25305 0
    endloop
  endfacet
  facet normal 0 0 -1
    outer loop
      vertex 8.97821 0.612293 0
      vertex 9.51787 1.25305 0
      vertex 9.04548 0.41411 0
    endloop
  endfacet
  facet normal 0 0 -1
    outer loop
      vertex 8.88564 0.799999 0
      vertex 9.51787 1.25305 0
      vertex 8.97821 0.612293 0
    endloop
  endfacet
  facet normal 0 0 -1
    outer loop
      vertex 8.76937 0.974018 0
      vertex 9.51787 1.25305 0
      vertex 8.88564 0.799999 0
    endloop
  endfacet
  facet normal 0 0 -1
    outer loop
      vertex 8.63137 1.13137 0
      vertex 9.51787 1.25305 0
      vertex 8.76937 0.974018 0
    endloop
  endfacet
  facet normal 0 0 -1
    outer loop
      vertex 8.47402 1.26937 0
      vertex 9.51787 1.25305 0
      vertex 8.63137 1.13137 0
    endloop
  endfacet
  facet normal 0 0 -1
    outer loop
      vertex 9.51787 1.25305 0
      vertex 8.47402 1.26937 0
      vertex 9.27289 2.48466 0
    endloop
  endfacet
  facet normal 0 0 -1
    outer loop
      vertex 8.3 1.38564 0
      vertex 9.27289 2.48466 0
      vertex 8.47402 1.26937 0
    endloop
  endfacet
  facet normal 0 0 -1
    outer loop
      vertex 8.11229 1.47821 0
      vertex 9.27289 2.48466 0
      vertex 8.3 1.38564 0
    endloop
  endfacet
  facet normal 0 0 -1
    outer loop
      vertex 7.91411 1.54548 0
      vertex 9.27289 2.48466 0
      vertex 8.11229 1.47821 0
    endloop
  endfacet
  facet normal -0 0 -1
    outer loop
      vertex 9.27289 2.48466 0
      vertex 7.91411 1.54548 0
      vertex 8.86924 3.67376 0
    endloop
  endfacet
  facet normal 0 0 -1
    outer loop
      vertex 7.70884 1.58631 0
      vertex 8.86924 3.67376 0
      vertex 7.91411 1.54548 0
    endloop
  endfacet
  facet normal 0 0 -1
    outer loop
      vertex 7.5 1.6 0
      vertex 8.86924 3.67376 0
      vertex 7.70884 1.58631 0
    endloop
  endfacet
  facet normal 0 0 -1
    outer loop
      vertex 6.5 1.6 0
      vertex 8.86924 3.67376 0
      vertex 7.5 1.6 0
    endloop
  endfacet
  facet normal -0 0 -1
    outer loop
      vertex 8.86924 3.67376 0
      vertex 6.5 1.6 0
      vertex 8.31384 4.8 0
    endloop
  endfacet
  facet normal 0 0 -1
    outer loop
      vertex 6.29116 1.58631 0
      vertex 8.31384 4.8 0
      vertex 6.5 1.6 0
    endloop
  endfacet
  facet normal -0 0 -1
    outer loop
      vertex 8.31384 4.8 0
      vertex 6.29116 1.58631 0
      vertex 7.61619 5.84411 0
    endloop
  endfacet
  facet normal 0 0 -1
    outer loop
      vertex 6.08589 1.54548 0
      vertex 7.61619 5.84411 0
      vertex 6.29116 1.58631 0
    endloop
  endfacet
  facet normal 0 0 -1
    outer loop
      vertex 5.88771 1.47821 0
      vertex 7.61619 5.84411 0
      vertex 6.08589 1.54548 0
    endloop
  endfacet
  facet normal -0 0 -1
    outer loop
      vertex 7.61619 5.84411 0
      vertex 5.88771 1.47821 0
      vertex 6.78822 6.78822 0
    endloop
  endfacet
  facet normal 0 0 -1
    outer loop
      vertex 5.7 1.38564 0
      vertex 6.78822 6.78822 0
      vertex 5.88771 1.47821 0
    endloop
  endfacet
  facet normal -0 0 -1
    outer loop
      vertex 6.78822 6.78822 0
      vertex 5.7 1.38564 0
      vertex 5.84411 7.61619 0
    endloop
  endfacet
  facet normal 0 0 -1
    outer loop
      vertex 5.52598 1.26937 0
      vertex 5.84411 7.61619 0
      vertex 5.7 1.38564 0
    endloop
  endfacet
  facet normal 0 0 -1
    outer loop
      vertex 3.69552 1.53073 0
      vertex 5.23063 0.974018 0
      vertex 3.8637 1.03528 0
    endloop
  endfacet
  facet normal 0 0 -1
    outer loop
      vertex 5.11436 0.799999 0
      vertex 3.8637 1.03528 0
      vertex 5.23063 0.974018 0
    endloop
  endfacet
  facet normal 0 0 -1
    outer loop
      vertex 3.8637 1.03528 0
      vertex 5.02179 0.612293 0
      vertex 3.96578 0.522104 0
    endloop
  endfacet
  facet normal 0 0 -1
    outer loop
      vertex 4.95452 0.41411 0
      vertex 3.96578 0.522104 0
      vertex 5.02179 0.612293 0
    endloop
  endfacet
  facet normal 0 0 -1
    outer loop
      vertex 4.91369 0.208841 0
      vertex 3.96578 0.522104 0
      vertex 4.95452 0.41411 0
    endloop
  endfacet
  facet normal 0 0 -1
    outer loop
      vertex 3.96578 0.522104 0
      vertex 4.91369 0.208841 0
      vertex 4 0 0
    endloop
  endfacet
  facet normal 0 0 -1
    outer loop
      vertex 5.02179 0.612293 0
      vertex 3.8637 1.03528 0
      vertex 5.11436 0.799999 0
    endloop
  endfacet
  facet normal 0 0 -1
    outer loop
      vertex 4 0 0
      vertex 4.91369 0.208841 0
      vertex 4.9 0 0
    endloop
  endfacet
  facet normal 0 0 -1
    outer loop
      vertex 5.02179 -0.612293 0
      vertex 3.96578 -0.522104 0
      vertex 4.95452 -0.41411 0
    endloop
  endfacet
  facet normal 0 0 -1
    outer loop
      vertex 5.52598 1.26937 0
      vertex 4.8 8.31384 0
      vertex 5.84411 7.61619 0
    endloop
  endfacet
  facet normal 0 0 -1
    outer loop
      vertex 4.91369 -0.208841 0
      vertex 4 0 0
      vertex 4.9 0 0
    endloop
  endfacet
  facet normal 0 -0 -1
    outer loop
      vertex 4 0 0
      vertex 4.91369 -0.208841 0
      vertex 3.96578 -0.522104 0
    endloop
  endfacet
  facet normal -0 0 -1
    outer loop
      vertex 4.95452 -0.41411 0
      vertex 3.96578 -0.522104 0
      vertex 4.91369 -0.208841 0
    endloop
  endfacet
  facet normal 0 0 -1
    outer loop
      vertex 1.6 -6.5 0
      vertex 3.67376 -8.86924 0
      vertex 1.6 -7.5 0
    endloop
  endfacet
  facet normal 0 -0 -1
    outer loop
      vertex 3.96578 -0.522104 0
      vertex 5.02179 -0.612293 0
      vertex 3.8637 -1.03528 0
    endloop
  endfacet
  facet normal 0 0 -1
    outer loop
      vertex 4.8 -8.31384 0
      vertex 3.17341 -2.43505 0
      vertex 3.4641 -2 0
    endloop
  endfacet
  facet normal 0 0 -1
    outer loop
      vertex 4.8 -8.31384 0
      vertex 2.82843 -2.82843 0
      vertex 3.17341 -2.43505 0
    endloop
  endfacet
  facet normal 0 0 -1
    outer loop
      vertex 1.54548 -7.91411 0
      vertex 3.67376 -8.86924 0
      vertex 2.48466 -9.27289 0
    endloop
  endfacet
  facet normal 0 0 -1
    outer loop
      vertex 3.67376 -8.86924 0
      vertex 1.6 -6.5 0
      vertex 4.8 -8.31384 0
    endloop
  endfacet
  facet normal 0 0 -1
    outer loop
      vertex 4.8 -8.31384 0
      vertex 2.43505 -3.17341 0
      vertex 2.82843 -2.82843 0
    endloop
  endfacet
  facet normal 0 0 -1
    outer loop
      vertex 1.58631 -6.29116 0
      vertex 4.8 -8.31384 0
      vertex 1.6 -6.5 0
    endloop
  endfacet
  facet normal 0 0 -1
    outer loop
      vertex 3.67376 -8.86924 0
      vertex 1.58631 -7.70884 0
      vertex 1.6 -7.5 0
    endloop
  endfacet
  facet normal 0 0 -1
    outer loop
      vertex 3.67376 -8.86924 0
      vertex 1.54548 -7.91411 0
      vertex 1.58631 -7.70884 0
    endloop
  endfacet
  facet normal 0 0 -1
    outer loop
      vertex 2.48466 -9.27289 0
      vertex 1.47821 -8.11229 0
      vertex 1.54548 -7.91411 0
    endloop
  endfacet
  facet normal 0 0 -1
    outer loop
      vertex 2.48466 -9.27289 0
      vertex 1.38564 -8.3 0
      vertex 1.47821 -8.11229 0
    endloop
  endfacet
  facet normal 0 0 -1
    outer loop
      vertex 2.48466 -9.27289 0
      vertex 1.26937 -8.47402 0
      vertex 1.38564 -8.3 0
    endloop
  endfacet
  facet normal 0 0 -1
    outer loop
      vertex 1.25305 -9.51787 0
      vertex 1.26937 -8.47402 0
      vertex 2.48466 -9.27289 0
    endloop
  endfacet
  facet normal 0 0 -1
    outer loop
      vertex 1.25305 -9.51787 0
      vertex 1.13137 -8.63137 0
      vertex 1.26937 -8.47402 0
    endloop
  endfacet
  facet normal 0 0 -1
    outer loop
      vertex 1.25305 -9.51787 0
      vertex 0.974018 -8.76937 0
      vertex 1.13137 -8.63137 0
    endloop
  endfacet
  facet normal 0 0 -1
    outer loop
      vertex 1.25305 -9.51787 0
      vertex 0.799999 -8.88564 0
      vertex 0.974018 -8.76937 0
    endloop
  endfacet
  facet normal 0 0 -1
    outer loop
      vertex 1.25305 -9.51787 0
      vertex 0.612293 -8.97821 0
      vertex 0.799999 -8.88564 0
    endloop
  endfacet
  facet normal 0 0 -1
    outer loop
      vertex 1.25305 -9.51787 0
      vertex 0.41411 -9.04548 0
      vertex 0.612293 -8.97821 0
    endloop
  endfacet
  facet normal 0 0 -1
    outer loop
      vertex 0 -9.6 0
      vertex 0.41411 -9.04548 0
      vertex 1.25305 -9.51787 0
    endloop
  endfacet
  facet normal 0 0 -1
    outer loop
      vertex 0.41411 -9.04548 0
      vertex 0 -9.6 0
      vertex 0.208841 -9.08631 0
    endloop
  endfacet
  facet normal 0 0 -1
    outer loop
      vertex 0 -9.6 0
      vertex 0 -9.1 0
      vertex 0.208841 -9.08631 0
    endloop
  endfacet
  facet normal 0 0 -1
    outer loop
      vertex 0 -9.6 0
      vertex -0.208841 -9.08631 0
      vertex 0 -9.1 0
    endloop
  endfacet
  facet normal 0 0 -1
    outer loop
      vertex 0 -9.6 0
      vertex -0.41411 -9.04548 0
      vertex -0.208841 -9.08631 0
    endloop
  endfacet
  facet normal 0 0 -1
    outer loop
      vertex -1.25305 -9.51787 0
      vertex -0.41411 -9.04548 0
      vertex 0 -9.6 0
    endloop
  endfacet
  facet normal -0 0 -1
    outer loop
      vertex -0.41411 -9.04548 0
      vertex -1.25305 -9.51787 0
      vertex -0.612293 -8.97821 0
    endloop
  endfacet
  facet normal -0 0 -1
    outer loop
      vertex -0.612293 -8.97821 0
      vertex -1.25305 -9.51787 0
      vertex -0.799999 -8.88564 0
    endloop
  endfacet
  facet normal -0 0 -1
    outer loop
      vertex -0.799999 -8.88564 0
      vertex -1.25305 -9.51787 0
      vertex -0.974018 -8.76937 0
    endloop
  endfacet
  facet normal 0 0 -1
    outer loop
      vertex -1.25305 -9.51787 0
      vertex -1.13137 -8.63137 0
      vertex -0.974018 -8.76937 0
    endloop
  endfacet
  facet normal 0 0 -1
    outer loop
      vertex -1.25305 -9.51787 0
      vertex -1.26937 -8.47402 0
      vertex -1.13137 -8.63137 0
    endloop
  endfacet
  facet normal 0 0 -1
    outer loop
      vertex -2.48466 -9.27289 0
      vertex -1.26937 -8.47402 0
      vertex -1.25305 -9.51787 0
    endloop
  endfacet
  facet normal -0 0 -1
    outer loop
      vertex -1.26937 -8.47402 0
      vertex -2.48466 -9.27289 0
      vertex -1.38564 -8.3 0
    endloop
  endfacet
  facet normal -0 0 -1
    outer loop
      vertex -1.38564 -8.3 0
      vertex -2.48466 -9.27289 0
      vertex -1.47821 -8.11229 0
    endloop
  endfacet
  facet normal -0 0 -1
    outer loop
      vertex -1.47821 -8.11229 0
      vertex -2.48466 -9.27289 0
      vertex -1.54548 -7.91411 0
    endloop
  endfacet
  facet normal 0 0 -1
    outer loop
      vertex -3.67376 -8.86924 0
      vertex -1.6 -6.5 0
      vertex -1.6 -7.5 0
    endloop
  endfacet
  facet normal 0 0 -1
    outer loop
      vertex -3.67376 -8.86924 0
      vertex -1.6 -7.5 0
      vertex -1.58631 -7.70884 0
    endloop
  endfacet
  facet normal -0 0 -1
    outer loop
      vertex -1.54548 -6.08589 0
      vertex -4.8 -8.31384 0
      vertex -2.43505 -3.17341 0
    endloop
  endfacet
  facet normal 0 0 -1
    outer loop
      vertex -3.67376 -8.86924 0
      vertex -1.54548 -7.91411 0
      vertex -2.48466 -9.27289 0
    endloop
  endfacet
  facet normal -0 0 -1
    outer loop
      vertex -1.54548 -7.91411 0
      vertex -3.67376 -8.86924 0
      vertex -1.58631 -7.70884 0
    endloop
  endfacet
  facet normal 0 0 -1
    outer loop
      vertex -1.6 -6.5 0
      vertex -3.67376 -8.86924 0
      vertex -4.8 -8.31384 0
    endloop
  endfacet
  facet normal 0 0 -1
    outer loop
      vertex -1.47821 -5.88771 0
      vertex -2.43505 -3.17341 0
      vertex -2 -3.4641 0
    endloop
  endfacet
  facet normal -0 0 -1
    outer loop
      vertex -2.43505 -3.17341 0
      vertex -4.8 -8.31384 0
      vertex -2.82843 -2.82843 0
    endloop
  endfacet
  facet normal -0 0 -1
    outer loop
      vertex -2.82843 -2.82843 0
      vertex -4.8 -8.31384 0
      vertex -3.17341 -2.43505 0
    endloop
  endfacet
  facet normal 0 0 -1
    outer loop
      vertex -5.23063 -0.974018 0
      vertex -3.17341 -2.43505 0
      vertex -4.8 -8.31384 0
    endloop
  endfacet
  facet normal 0 0 -1
    outer loop
      vertex -3.17341 -2.43505 0
      vertex -5.23063 -0.974018 0
      vertex -3.4641 -2 0
    endloop
  endfacet
  facet normal 0 0 -1
    outer loop
      vertex -3.4641 -2 0
      vertex -5.23063 -0.974018 0
      vertex -3.69552 -1.53073 0
    endloop
  endfacet
  facet normal 0 0 -1
    outer loop
      vertex -3.69552 -1.53073 0
      vertex -5.23063 -0.974018 0
      vertex -3.8637 -1.03528 0
    endloop
  endfacet
  facet normal 0 -0 -1
    outer loop
      vertex -5.11436 -0.799999 0
      vertex -3.8637 -1.03528 0
      vertex -5.23063 -0.974018 0
    endloop
  endfacet
  facet normal 0.946929 0.321443 0
    outer loop
      vertex 9.27289 2.48466 4.375
      vertex 8.86924 3.67376 0
      vertex 8.86924 3.67376 4.375
    endloop
  endfacet
  facet normal 0.946929 0.321443 0
    outer loop
      vertex 8.86924 3.67376 0
      vertex 9.27289 2.48466 4.375
      vertex 9.27289 2.48466 0
    endloop
  endfacet
  facet normal 0.751837 0.659349 0
    outer loop
      vertex 7.61619 5.84411 4.375
      vertex 6.78822 6.78822 0
      vertex 6.78822 6.78822 4.375
    endloop
  endfacet
  facet normal 0.751837 0.659349 0
    outer loop
      vertex 6.78822 6.78822 0
      vertex 7.61619 5.84411 4.375
      vertex 7.61619 5.84411 0
    endloop
  endfacet
  facet normal 0.442289 0.896873 -0
    outer loop
      vertex 4.8 8.31384 0
      vertex 3.67376 8.86924 4.375
      vertex 4.8 8.31384 4.375
    endloop
  endfacet
  facet normal 0.442289 0.896873 0
    outer loop
      vertex 3.67376 8.86924 4.375
      vertex 4.8 8.31384 0
      vertex 3.67376 8.86924 0
    endloop
  endfacet
  facet normal -0.83147 0.555569 0
    outer loop
      vertex -8.31384 4.8 0
      vertex -7.61619 5.84411 4.375
      vertex -7.61619 5.84411 0
    endloop
  endfacet
  facet normal -0.83147 0.555569 0
    outer loop
      vertex -7.61619 5.84411 4.375
      vertex -8.31384 4.8 0
      vertex -8.31384 4.8 4.375
    endloop
  endfacet
  facet normal -0.980786 0.195088 0
    outer loop
      vertex -9.51787 1.25305 0
      vertex -9.27289 2.48466 4.375
      vertex -9.27289 2.48466 0
    endloop
  endfacet
  facet normal -0.980786 0.195088 0
    outer loop
      vertex -9.27289 2.48466 4.375
      vertex -9.51787 1.25305 0
      vertex -9.51787 1.25305 4.375
    endloop
  endfacet
  facet normal -0.442289 0.896873 0
    outer loop
      vertex -3.67376 8.86924 0
      vertex -4.8 8.31384 4.375
      vertex -3.67376 8.86924 4.375
    endloop
  endfacet
  facet normal -0.442289 0.896873 0
    outer loop
      vertex -4.8 8.31384 4.375
      vertex -3.67376 8.86924 0
      vertex -4.8 8.31384 0
    endloop
  endfacet
  facet normal -0.555569 0.83147 0
    outer loop
      vertex -4.8 8.31384 0
      vertex -5.84411 7.61619 4.375
      vertex -4.8 8.31384 4.375
    endloop
  endfacet
  facet normal -0.555569 0.83147 0
    outer loop
      vertex -5.84411 7.61619 4.375
      vertex -4.8 8.31384 0
      vertex -5.84411 7.61619 0
    endloop
  endfacet
  facet normal -0.0654037 0.997859 0
    outer loop
      vertex 0 9.6 0
      vertex -1.25305 9.51787 4.375
      vertex 0 9.6 4.375
    endloop
  endfacet
  facet normal -0.0654037 0.997859 0
    outer loop
      vertex -1.25305 9.51787 4.375
      vertex 0 9.6 0
      vertex -1.25305 9.51787 0
    endloop
  endfacet
  facet normal 0.997859 -0.0654037 0
    outer loop
      vertex 9.51787 -1.25305 4.375
      vertex 9.6 0 0
      vertex 9.6 0 4.375
    endloop
  endfacet
  facet normal 0.997859 -0.0654037 0
    outer loop
      vertex 9.6 0 0
      vertex 9.51787 -1.25305 4.375
      vertex 9.51787 -1.25305 0
    endloop
  endfacet
  facet normal 0.0654037 -0.997859 0
    outer loop
      vertex 0 -9.6 0
      vertex 1.25305 -9.51787 4.375
      vertex 0 -9.6 4.375
    endloop
  endfacet
  facet normal 0.0654037 -0.997859 0
    outer loop
      vertex 1.25305 -9.51787 4.375
      vertex 0 -9.6 0
      vertex 1.25305 -9.51787 0
    endloop
  endfacet
  facet normal 0.321443 -0.946929 0
    outer loop
      vertex 2.48466 -9.27289 0
      vertex 3.67376 -8.86924 4.375
      vertex 2.48466 -9.27289 4.375
    endloop
  endfacet
  facet normal 0.321443 -0.946929 0
    outer loop
      vertex 3.67376 -8.86924 4.375
      vertex 2.48466 -9.27289 0
      vertex 3.67376 -8.86924 0
    endloop
  endfacet
  facet normal 0.659349 -0.751837 0
    outer loop
      vertex 5.84411 -7.61619 0
      vertex 6.78822 -6.78822 4.375
      vertex 5.84411 -7.61619 4.375
    endloop
  endfacet
  facet normal 0.659349 -0.751837 0
    outer loop
      vertex 6.78822 -6.78822 4.375
      vertex 5.84411 -7.61619 0
      vertex 6.78822 -6.78822 0
    endloop
  endfacet
  facet normal 0.896873 -0.442289 0
    outer loop
      vertex 8.31384 -4.8 4.375
      vertex 8.86924 -3.67376 0
      vertex 8.86924 -3.67376 4.375
    endloop
  endfacet
  facet normal 0.896873 -0.442289 0
    outer loop
      vertex 8.86924 -3.67376 0
      vertex 8.31384 -4.8 4.375
      vertex 8.31384 -4.8 0
    endloop
  endfacet
  facet normal -0.555569 -0.83147 0
    outer loop
      vertex -5.84411 -7.61619 0
      vertex -4.8 -8.31384 4.375
      vertex -5.84411 -7.61619 4.375
    endloop
  endfacet
  facet normal -0.555569 -0.83147 -0
    outer loop
      vertex -4.8 -8.31384 4.375
      vertex -5.84411 -7.61619 0
      vertex -4.8 -8.31384 0
    endloop
  endfacet
  facet normal -0.195088 -0.980786 0
    outer loop
      vertex -2.48466 -9.27289 0
      vertex -1.25305 -9.51787 4.375
      vertex -2.48466 -9.27289 4.375
    endloop
  endfacet
  facet normal -0.195088 -0.980786 -0
    outer loop
      vertex -1.25305 -9.51787 4.375
      vertex -2.48466 -9.27289 0
      vertex -1.25305 -9.51787 0
    endloop
  endfacet
  facet normal -0.896873 -0.442289 0
    outer loop
      vertex -8.31384 -4.8 0
      vertex -8.86924 -3.67376 4.375
      vertex -8.86924 -3.67376 0
    endloop
  endfacet
  facet normal -0.896873 -0.442289 0
    outer loop
      vertex -8.86924 -3.67376 4.375
      vertex -8.31384 -4.8 0
      vertex -8.31384 -4.8 4.375
    endloop
  endfacet
  facet normal -0.946929 -0.321443 0
    outer loop
      vertex -8.86924 -3.67376 0
      vertex -9.27289 -2.48466 4.375
      vertex -9.27289 -2.48466 0
    endloop
  endfacet
  facet normal -0.946929 -0.321443 0
    outer loop
      vertex -9.27289 -2.48466 4.375
      vertex -8.86924 -3.67376 0
      vertex -8.86924 -3.67376 4.375
    endloop
  endfacet
  facet normal -0.997859 -0.0654037 0
    outer loop
      vertex -9.51787 -1.25305 0
      vertex -9.6 0 4.375
      vertex -9.6 0 0
    endloop
  endfacet
  facet normal -0.997859 -0.0654037 0
    outer loop
      vertex -9.6 0 4.375
      vertex -9.51787 -1.25305 0
      vertex -9.51787 -1.25305 4.375
    endloop
  endfacet
  facet normal 0.195088 -0.980786 0
    outer loop
      vertex 1.25305 -9.51787 0
      vertex 2.48466 -9.27289 4.375
      vertex 1.25305 -9.51787 4.375
    endloop
  endfacet
  facet normal 0.195088 -0.980786 0
    outer loop
      vertex 2.48466 -9.27289 4.375
      vertex 1.25305 -9.51787 0
      vertex 2.48466 -9.27289 0
    endloop
  endfacet
  facet normal 0.442289 -0.896873 0
    outer loop
      vertex 3.67376 -8.86924 0
      vertex 4.8 -8.31384 4.375
      vertex 3.67376 -8.86924 4.375
    endloop
  endfacet
  facet normal 0.442289 -0.896873 0
    outer loop
      vertex 4.8 -8.31384 4.375
      vertex 3.67376 -8.86924 0
      vertex 4.8 -8.31384 0
    endloop
  endfacet
  facet normal 0.751837 -0.659349 0
    outer loop
      vertex 6.78822 -6.78822 4.375
      vertex 7.61619 -5.84411 0
      vertex 7.61619 -5.84411 4.375
    endloop
  endfacet
  facet normal 0.751837 -0.659349 0
    outer loop
      vertex 7.61619 -5.84411 0
      vertex 6.78822 -6.78822 4.375
      vertex 6.78822 -6.78822 0
    endloop
  endfacet
  facet normal 0.946929 -0.321443 0
    outer loop
      vertex 8.86924 -3.67376 4.375
      vertex 9.27289 -2.48466 0
      vertex 9.27289 -2.48466 4.375
    endloop
  endfacet
  facet normal 0.946929 -0.321443 0
    outer loop
      vertex 9.27289 -2.48466 0
      vertex 8.86924 -3.67376 4.375
      vertex 8.86924 -3.67376 0
    endloop
  endfacet
  facet normal -0.442289 -0.896873 0
    outer loop
      vertex -4.8 -8.31384 0
      vertex -3.67376 -8.86924 4.375
      vertex -4.8 -8.31384 4.375
    endloop
  endfacet
  facet normal -0.442289 -0.896873 -0
    outer loop
      vertex -3.67376 -8.86924 4.375
      vertex -4.8 -8.31384 0
      vertex -3.67376 -8.86924 0
    endloop
  endfacet
  facet normal -0.0654037 -0.997859 0
    outer loop
      vertex -1.25305 -9.51787 0
      vertex 0 -9.6 4.375
      vertex -1.25305 -9.51787 4.375
    endloop
  endfacet
  facet normal -0.0654037 -0.997859 -0
    outer loop
      vertex 0 -9.6 4.375
      vertex -1.25305 -9.51787 0
      vertex 0 -9.6 0
    endloop
  endfacet
  facet normal -0.83147 -0.555569 0
    outer loop
      vertex -7.61619 -5.84411 0
      vertex -8.31384 -4.8 4.375
      vertex -8.31384 -4.8 0
    endloop
  endfacet
  facet normal -0.83147 -0.555569 0
    outer loop
      vertex -8.31384 -4.8 4.375
      vertex -7.61619 -5.84411 0
      vertex -7.61619 -5.84411 4.375
    endloop
  endfacet
  facet normal -0.980786 -0.195088 0
    outer loop
      vertex -9.27289 -2.48466 0
      vertex -9.51787 -1.25305 4.375
      vertex -9.51787 -1.25305 0
    endloop
  endfacet
  facet normal -0.980786 -0.195088 0
    outer loop
      vertex -9.51787 -1.25305 4.375
      vertex -9.27289 -2.48466 0
      vertex -9.27289 -2.48466 4.375
    endloop
  endfacet
  facet normal -0 0 1
    outer loop
      vertex -5.11436 -0.799999 4.375
      vertex -3.8637 -1.03528 4.375
      vertex -5.02179 -0.612293 4.375
    endloop
  endfacet
  facet normal -0 0 1
    outer loop
      vertex -5.23063 -0.974018 4.375
      vertex -3.8637 -1.03528 4.375
      vertex -5.11436 -0.799999 4.375
    endloop
  endfacet
  facet normal 0 0 1
    outer loop
      vertex -3.8637 -1.03528 4.375
      vertex -5.23063 -0.974018 4.375
      vertex -3.69552 -1.53073 4.375
    endloop
  endfacet
  facet normal -0 0 1
    outer loop
      vertex -5.36863 -1.13137 4.375
      vertex -3.69552 -1.53073 4.375
      vertex -5.23063 -0.974018 4.375
    endloop
  endfacet
  facet normal -0 0 1
    outer loop
      vertex -5.52598 -1.26937 4.375
      vertex -3.69552 -1.53073 4.375
      vertex -5.36863 -1.13137 4.375
    endloop
  endfacet
  facet normal 0 0 1
    outer loop
      vertex -3.69552 -1.53073 4.375
      vertex -5.52598 -1.26937 4.375
      vertex -3.4641 -2 4.375
    endloop
  endfacet
  facet normal -0 0 1
    outer loop
      vertex -5.7 -1.38564 4.375
      vertex -3.4641 -2 4.375
      vertex -5.52598 -1.26937 4.375
    endloop
  endfacet
  facet normal -0 0 1
    outer loop
      vertex -5.88771 -1.47821 4.375
      vertex -3.4641 -2 4.375
      vertex -5.7 -1.38564 4.375
    endloop
  endfacet
  facet normal 0 0 1
    outer loop
      vertex -3.4641 -2 4.375
      vertex -5.84411 -7.61619 4.375
      vertex -4.8 -8.31384 4.375
    endloop
  endfacet
  facet normal -0 0 1
    outer loop
      vertex -6.08589 -1.54548 4.375
      vertex -3.4641 -2 4.375
      vertex -5.88771 -1.47821 4.375
    endloop
  endfacet
  facet normal 0 0 1
    outer loop
      vertex -3.4641 -2 4.375
      vertex -6.08589 -1.54548 4.375
      vertex -7.61619 -5.84411 4.375
    endloop
  endfacet
  facet normal 0 0 1
    outer loop
      vertex -7.61619 -5.84411 4.375
      vertex -6.08589 -1.54548 4.375
      vertex -6.29116 -1.58631 4.375
    endloop
  endfacet
  facet normal 0 0 1
    outer loop
      vertex -8.31384 -4.8 4.375
      vertex -6.29116 -1.58631 4.375
      vertex -6.5 -1.6 4.375
    endloop
  endfacet
  facet normal 0 0 1
    outer loop
      vertex -3.4641 -2 4.375
      vertex -6.78822 -6.78822 4.375
      vertex -5.84411 -7.61619 4.375
    endloop
  endfacet
  facet normal 0 0 1
    outer loop
      vertex -8.86924 -3.67376 4.375
      vertex -6.5 -1.6 4.375
      vertex -7.5 -1.6 4.375
    endloop
  endfacet
  facet normal 0 0 1
    outer loop
      vertex -3.4641 -2 4.375
      vertex -7.61619 -5.84411 4.375
      vertex -6.78822 -6.78822 4.375
    endloop
  endfacet
  facet normal 0 0 1
    outer loop
      vertex -8.86924 -3.67376 4.375
      vertex -7.5 -1.6 4.375
      vertex -7.70884 -1.58631 4.375
    endloop
  endfacet
  facet normal 0 0 1
    outer loop
      vertex -8.86924 -3.67376 4.375
      vertex -7.70884 -1.58631 4.375
      vertex -7.91411 -1.54548 4.375
    endloop
  endfacet
  facet normal 0 0 1
    outer loop
      vertex -9.27289 -2.48466 4.375
      vertex -7.91411 -1.54548 4.375
      vertex -8.11229 -1.47821 4.375
    endloop
  endfacet
  facet normal 0 0 1
    outer loop
      vertex -9.27289 -2.48466 4.375
      vertex -8.11229 -1.47821 4.375
      vertex -8.3 -1.38564 4.375
    endloop
  endfacet
  facet normal 0 0 1
    outer loop
      vertex -6.29116 -1.58631 4.375
      vertex -8.31384 -4.8 4.375
      vertex -7.61619 -5.84411 4.375
    endloop
  endfacet
  facet normal 0 0 1
    outer loop
      vertex -9.27289 -2.48466 4.375
      vertex -8.3 -1.38564 4.375
      vertex -8.47402 -1.26937 4.375
    endloop
  endfacet
  facet normal -0 0 1
    outer loop
      vertex -9.51787 -1.25305 4.375
      vertex -8.47402 -1.26937 4.375
      vertex -8.63137 -1.13137 4.375
    endloop
  endfacet
  facet normal 0 0 1
    outer loop
      vertex -9.51787 -1.25305 4.375
      vertex -8.63137 -1.13137 4.375
      vertex -8.76937 -0.974018 4.375
    endloop
  endfacet
  facet normal 0 0 1
    outer loop
      vertex -6.5 -1.6 4.375
      vertex -8.86924 -3.67376 4.375
      vertex -8.31384 -4.8 4.375
    endloop
  endfacet
  facet normal 0 0 1
    outer loop
      vertex -9.51787 -1.25305 4.375
      vertex -8.76937 -0.974018 4.375
      vertex -8.88564 -0.799999 4.375
    endloop
  endfacet
  facet normal 0 0 1
    outer loop
      vertex -9.51787 -1.25305 4.375
      vertex -8.88564 -0.799999 4.375
      vertex -8.97821 -0.612293 4.375
    endloop
  endfacet
  facet normal 0 0 1
    outer loop
      vertex -9.51787 -1.25305 4.375
      vertex -8.97821 -0.612293 4.375
      vertex -9.04548 -0.41411 4.375
    endloop
  endfacet
  facet normal 0 0 1
    outer loop
      vertex -9.6 0 4.375
      vertex -9.04548 -0.41411 4.375
      vertex -9.08631 -0.208841 4.375
    endloop
  endfacet
  facet normal -0 0 1
    outer loop
      vertex -9.6 0 4.375
      vertex -9.08631 -0.208841 4.375
      vertex -9.1 0 4.375
    endloop
  endfacet
  facet normal 0 0 1
    outer loop
      vertex -9.04548 0.41411 4.375
      vertex -9.6 0 4.375
      vertex -9.08631 0.208841 4.375
    endloop
  endfacet
  facet normal 0 0 1
    outer loop
      vertex -7.91411 -1.54548 4.375
      vertex -9.27289 -2.48466 4.375
      vertex -8.86924 -3.67376 4.375
    endloop
  endfacet
  facet normal 0 0 1
    outer loop
      vertex -9.08631 0.208841 4.375
      vertex -9.6 0 4.375
      vertex -9.1 0 4.375
    endloop
  endfacet
  facet normal 0 0 1
    outer loop
      vertex -8.47402 -1.26937 4.375
      vertex -9.51787 -1.25305 4.375
      vertex -9.27289 -2.48466 4.375
    endloop
  endfacet
  facet normal 0 0 1
    outer loop
      vertex -9.04548 -0.41411 4.375
      vertex -9.6 0 4.375
      vertex -9.51787 -1.25305 4.375
    endloop
  endfacet
  facet normal 0 0 1
    outer loop
      vertex 4.8 -8.31384 4.375
      vertex 1.58631 -6.29116 4.375
      vertex 1.6 -6.5 4.375
    endloop
  endfacet
  facet normal 0 0 1
    outer loop
      vertex 2.43505 -3.17341 4.375
      vertex 1.54548 -6.08589 4.375
      vertex 1.58631 -6.29116 4.375
    endloop
  endfacet
  facet normal 0 0 1
    outer loop
      vertex 1.26937 -5.52598 4.375
      vertex 2 -3.4641 4.375
      vertex 1.53073 -3.69552 4.375
    endloop
  endfacet
  facet normal 0 0 1
    outer loop
      vertex 2.43505 -3.17341 4.375
      vertex 1.47821 -5.88771 4.375
      vertex 1.54548 -6.08589 4.375
    endloop
  endfacet
  facet normal 0 0 1
    outer loop
      vertex 2 -3.4641 4.375
      vertex 1.38564 -5.7 4.375
      vertex 1.47821 -5.88771 4.375
    endloop
  endfacet
  facet normal 0 0 1
    outer loop
      vertex 2 -3.4641 4.375
      vertex 1.26937 -5.52598 4.375
      vertex 1.38564 -5.7 4.375
    endloop
  endfacet
  facet normal 0 0 1
    outer loop
      vertex 1.53073 -3.69552 4.375
      vertex 1.13137 -5.36863 4.375
      vertex 1.26937 -5.52598 4.375
    endloop
  endfacet
  facet normal 0 0 1
    outer loop
      vertex 0.974018 -5.23063 4.375
      vertex 1.53073 -3.69552 4.375
      vertex 1.03528 -3.8637 4.375
    endloop
  endfacet
  facet normal 0 0 1
    outer loop
      vertex 1.53073 -3.69552 4.375
      vertex 0.974018 -5.23063 4.375
      vertex 1.13137 -5.36863 4.375
    endloop
  endfacet
  facet normal 0 0 1
    outer loop
      vertex 1.03528 -3.8637 4.375
      vertex 0.799999 -5.11436 4.375
      vertex 0.974018 -5.23063 4.375
    endloop
  endfacet
  facet normal 0 0 1
    outer loop
      vertex 1.03528 -3.8637 4.375
      vertex 0.612293 -5.02179 4.375
      vertex 0.799999 -5.11436 4.375
    endloop
  endfacet
  facet normal -0 0 1
    outer loop
      vertex 0.522104 -3.96578 4.375
      vertex 0.612293 -5.02179 4.375
      vertex 1.03528 -3.8637 4.375
    endloop
  endfacet
  facet normal 0 0 1
    outer loop
      vertex 0.522104 -3.96578 4.375
      vertex 0.41411 -4.95452 4.375
      vertex 0.612293 -5.02179 4.375
    endloop
  endfacet
  facet normal 0 0 1
    outer loop
      vertex 0.522104 -3.96578 4.375
      vertex 0.208841 -4.91369 4.375
      vertex 0.41411 -4.95452 4.375
    endloop
  endfacet
  facet normal -0 0 1
    outer loop
      vertex 0 -4 4.375
      vertex 0.208841 -4.91369 4.375
      vertex 0.522104 -3.96578 4.375
    endloop
  endfacet
  facet normal 0 0 1
    outer loop
      vertex 0 -4 4.375
      vertex 0 -4.9 4.375
      vertex 0.208841 -4.91369 4.375
    endloop
  endfacet
  facet normal 0 0 1
    outer loop
      vertex 0 -4 4.375
      vertex -0.208841 -4.91369 4.375
      vertex 0 -4.9 4.375
    endloop
  endfacet
  facet normal 0 0 1
    outer loop
      vertex -0.522104 -3.96578 4.375
      vertex -0.208841 -4.91369 4.375
      vertex 0 -4 4.375
    endloop
  endfacet
  facet normal 0 0 1
    outer loop
      vertex -0.208841 -4.91369 4.375
      vertex -0.522104 -3.96578 4.375
      vertex -0.41411 -4.95452 4.375
    endloop
  endfacet
  facet normal 0 0 1
    outer loop
      vertex -0.522104 -3.96578 4.375
      vertex -0.612293 -5.02179 4.375
      vertex -0.41411 -4.95452 4.375
    endloop
  endfacet
  facet normal 0 0 1
    outer loop
      vertex -1.03528 -3.8637 4.375
      vertex -0.612293 -5.02179 4.375
      vertex -0.522104 -3.96578 4.375
    endloop
  endfacet
  facet normal 0 0 1
    outer loop
      vertex -0.612293 -5.02179 4.375
      vertex -1.03528 -3.8637 4.375
      vertex -0.799999 -5.11436 4.375
    endloop
  endfacet
  facet normal 0 0 1
    outer loop
      vertex -0.799999 -5.11436 4.375
      vertex -1.03528 -3.8637 4.375
      vertex -0.974018 -5.23063 4.375
    endloop
  endfacet
  facet normal 0 0 1
    outer loop
      vertex -1.53073 -3.69552 4.375
      vertex -0.974018 -5.23063 4.375
      vertex -1.03528 -3.8637 4.375
    endloop
  endfacet
  facet normal 0 0 1
    outer loop
      vertex -0.974018 -5.23063 4.375
      vertex -1.53073 -3.69552 4.375
      vertex -1.13137 -5.36863 4.375
    endloop
  endfacet
  facet normal 0 0 1
    outer loop
      vertex -1.13137 -5.36863 4.375
      vertex -1.53073 -3.69552 4.375
      vertex -1.26937 -5.52598 4.375
    endloop
  endfacet
  facet normal 0 0 1
    outer loop
      vertex -2 -3.4641 4.375
      vertex -1.26937 -5.52598 4.375
      vertex -1.53073 -3.69552 4.375
    endloop
  endfacet
  facet normal 0 0 1
    outer loop
      vertex -1.26937 -5.52598 4.375
      vertex -2 -3.4641 4.375
      vertex -1.38564 -5.7 4.375
    endloop
  endfacet
  facet normal 0 0 1
    outer loop
      vertex -1.38564 -5.7 4.375
      vertex -2 -3.4641 4.375
      vertex -1.47821 -5.88771 4.375
    endloop
  endfacet
  facet normal 0 0 1
    outer loop
      vertex -2.43505 -3.17341 4.375
      vertex -1.47821 -5.88771 4.375
      vertex -2 -3.4641 4.375
    endloop
  endfacet
  facet normal 0 0 1
    outer loop
      vertex -1.47821 -5.88771 4.375
      vertex -2.43505 -3.17341 4.375
      vertex -1.54548 -6.08589 4.375
    endloop
  endfacet
  facet normal 0 0 1
    outer loop
      vertex -1.54548 -6.08589 4.375
      vertex -4.8 -8.31384 4.375
      vertex -1.58631 -6.29116 4.375
    endloop
  endfacet
  facet normal 0 0 1
    outer loop
      vertex -4.8 -8.31384 4.375
      vertex -1.54548 -6.08589 4.375
      vertex -2.43505 -3.17341 4.375
    endloop
  endfacet
  facet normal 0 0 1
    outer loop
      vertex 5.23063 -0.974018 4.375
      vertex 3.69552 -1.53073 4.375
      vertex 5.36863 -1.13137 4.375
    endloop
  endfacet
  facet normal 0 0 1
    outer loop
      vertex 5.36863 -1.13137 4.375
      vertex 3.69552 -1.53073 4.375
      vertex 5.52598 -1.26937 4.375
    endloop
  endfacet
  facet normal 0 0 1
    outer loop
      vertex 3.4641 -2 4.375
      vertex 5.52598 -1.26937 4.375
      vertex 3.69552 -1.53073 4.375
    endloop
  endfacet
  facet normal 0 0 1
    outer loop
      vertex 3.17341 -2.43505 4.375
      vertex 5.52598 -1.26937 4.375
      vertex 3.4641 -2 4.375
    endloop
  endfacet
  facet normal 0 0 1
    outer loop
      vertex 5.52598 -1.26937 4.375
      vertex 3.17341 -2.43505 4.375
      vertex 4.8 -8.31384 4.375
    endloop
  endfacet
  facet normal -0 0 1
    outer loop
      vertex 2.82843 -2.82843 4.375
      vertex 4.8 -8.31384 4.375
      vertex 3.17341 -2.43505 4.375
    endloop
  endfacet
  facet normal -0 0 1
    outer loop
      vertex 2.43505 -3.17341 4.375
      vertex 4.8 -8.31384 4.375
      vertex 2.82843 -2.82843 4.375
    endloop
  endfacet
  facet normal 0 0 1
    outer loop
      vertex 4.8 -8.31384 4.375
      vertex 1.6 -6.5 4.375
      vertex 3.67376 -8.86924 4.375
    endloop
  endfacet
  facet normal -0 0 1
    outer loop
      vertex 1.58631 -6.29116 4.375
      vertex 4.8 -8.31384 4.375
      vertex 2.43505 -3.17341 4.375
    endloop
  endfacet
  facet normal 0 0 1
    outer loop
      vertex 1.47821 -5.88771 4.375
      vertex 2.43505 -3.17341 4.375
      vertex 2 -3.4641 4.375
    endloop
  endfacet
  facet normal -0 0 1
    outer loop
      vertex 1.6 -7.5 4.375
      vertex 3.67376 -8.86924 4.375
      vertex 1.6 -6.5 4.375
    endloop
  endfacet
  facet normal -0 0 1
    outer loop
      vertex 1.58631 -7.70884 4.375
      vertex 3.67376 -8.86924 4.375
      vertex 1.6 -7.5 4.375
    endloop
  endfacet
  facet normal -0 0 1
    outer loop
      vertex 1.54548 -7.91411 4.375
      vertex 3.67376 -8.86924 4.375
      vertex 1.58631 -7.70884 4.375
    endloop
  endfacet
  facet normal 0 0 1
    outer loop
      vertex 3.67376 -8.86924 4.375
      vertex 1.54548 -7.91411 4.375
      vertex 2.48466 -9.27289 4.375
    endloop
  endfacet
  facet normal -0 0 1
    outer loop
      vertex 1.47821 -8.11229 4.375
      vertex 2.48466 -9.27289 4.375
      vertex 1.54548 -7.91411 4.375
    endloop
  endfacet
  facet normal -0 0 1
    outer loop
      vertex 1.38564 -8.3 4.375
      vertex 2.48466 -9.27289 4.375
      vertex 1.47821 -8.11229 4.375
    endloop
  endfacet
  facet normal -0 0 1
    outer loop
      vertex 1.26937 -8.47402 4.375
      vertex 2.48466 -9.27289 4.375
      vertex 1.38564 -8.3 4.375
    endloop
  endfacet
  facet normal 0 0 1
    outer loop
      vertex 1.26937 -8.47402 4.375
      vertex 1.25305 -9.51787 4.375
      vertex 2.48466 -9.27289 4.375
    endloop
  endfacet
  facet normal -0 0 1
    outer loop
      vertex 1.13137 -8.63137 4.375
      vertex 1.25305 -9.51787 4.375
      vertex 1.26937 -8.47402 4.375
    endloop
  endfacet
  facet normal -0 0 1
    outer loop
      vertex 0.974018 -8.76937 4.375
      vertex 1.25305 -9.51787 4.375
      vertex 1.13137 -8.63137 4.375
    endloop
  endfacet
  facet normal -0 0 1
    outer loop
      vertex 0.799999 -8.88564 4.375
      vertex 1.25305 -9.51787 4.375
      vertex 0.974018 -8.76937 4.375
    endloop
  endfacet
  facet normal -0 0 1
    outer loop
      vertex 0.612293 -8.97821 4.375
      vertex 1.25305 -9.51787 4.375
      vertex 0.799999 -8.88564 4.375
    endloop
  endfacet
  facet normal -0 0 1
    outer loop
      vertex 0.41411 -9.04548 4.375
      vertex 1.25305 -9.51787 4.375
      vertex 0.612293 -8.97821 4.375
    endloop
  endfacet
  facet normal 0 0 1
    outer loop
      vertex 0 -9.6 4.375
      vertex 0.41411 -9.04548 4.375
      vertex 0.208841 -9.08631 4.375
    endloop
  endfacet
  facet normal 0 0 1
    outer loop
      vertex 0 -9.6 4.375
      vertex 0.208841 -9.08631 4.375
      vertex 0 -9.1 4.375
    endloop
  endfacet
  facet normal 0 0 1
    outer loop
      vertex 0.41411 -9.04548 4.375
      vertex 0 -9.6 4.375
      vertex 1.25305 -9.51787 4.375
    endloop
  endfacet
  facet normal 0 0 1
    outer loop
      vertex -0.208841 -9.08631 4.375
      vertex 0 -9.6 4.375
      vertex 0 -9.1 4.375
    endloop
  endfacet
  facet normal 0 0 1
    outer loop
      vertex -0.41411 -9.04548 4.375
      vertex 0 -9.6 4.375
      vertex -0.208841 -9.08631 4.375
    endloop
  endfacet
  facet normal 0 0 1
    outer loop
      vertex -1.25305 -9.51787 4.375
      vertex -0.41411 -9.04548 4.375
      vertex -0.612293 -8.97821 4.375
    endloop
  endfacet
  facet normal 0 0 1
    outer loop
      vertex -1.25305 -9.51787 4.375
      vertex -0.612293 -8.97821 4.375
      vertex -0.799999 -8.88564 4.375
    endloop
  endfacet
  facet normal 0 0 1
    outer loop
      vertex -1.25305 -9.51787 4.375
      vertex -0.799999 -8.88564 4.375
      vertex -0.974018 -8.76937 4.375
    endloop
  endfacet
  facet normal 0 0 1
    outer loop
      vertex -0.41411 -9.04548 4.375
      vertex -1.25305 -9.51787 4.375
      vertex 0 -9.6 4.375
    endloop
  endfacet
  facet normal 0 0 1
    outer loop
      vertex -1.13137 -8.63137 4.375
      vertex -1.25305 -9.51787 4.375
      vertex -0.974018 -8.76937 4.375
    endloop
  endfacet
  facet normal 0 0 1
    outer loop
      vertex -1.26937 -8.47402 4.375
      vertex -1.25305 -9.51787 4.375
      vertex -1.13137 -8.63137 4.375
    endloop
  endfacet
  facet normal 0 0 1
    outer loop
      vertex -2.48466 -9.27289 4.375
      vertex -1.26937 -8.47402 4.375
      vertex -1.38564 -8.3 4.375
    endloop
  endfacet
  facet normal 0 0 1
    outer loop
      vertex -2.48466 -9.27289 4.375
      vertex -1.38564 -8.3 4.375
      vertex -1.47821 -8.11229 4.375
    endloop
  endfacet
  facet normal 0 0 1
    outer loop
      vertex -2.48466 -9.27289 4.375
      vertex -1.47821 -8.11229 4.375
      vertex -1.54548 -7.91411 4.375
    endloop
  endfacet
  facet normal 0 0 1
    outer loop
      vertex -3.67376 -8.86924 4.375
      vertex -1.54548 -7.91411 4.375
      vertex -1.58631 -7.70884 4.375
    endloop
  endfacet
  facet normal 0 -0 1
    outer loop
      vertex -3.67376 -8.86924 4.375
      vertex -1.6 -6.5 4.375
      vertex -4.8 -8.31384 4.375
    endloop
  endfacet
  facet normal 0 0 1
    outer loop
      vertex -1.58631 -6.29116 4.375
      vertex -4.8 -8.31384 4.375
      vertex -1.6 -6.5 4.375
    endloop
  endfacet
  facet normal 0 0 1
    outer loop
      vertex -1.6 -6.5 4.375
      vertex -3.67376 -8.86924 4.375
      vertex -1.6 -7.5 4.375
    endloop
  endfacet
  facet normal 0 0 1
    outer loop
      vertex -1.26937 -8.47402 4.375
      vertex -2.48466 -9.27289 4.375
      vertex -1.25305 -9.51787 4.375
    endloop
  endfacet
  facet normal 0 0 1
    outer loop
      vertex -4.8 -8.31384 4.375
      vertex -2.43505 -3.17341 4.375
      vertex -2.82843 -2.82843 4.375
    endloop
  endfacet
  facet normal 0 0 1
    outer loop
      vertex -4.8 -8.31384 4.375
      vertex -2.82843 -2.82843 4.375
      vertex -3.17341 -2.43505 4.375
    endloop
  endfacet
  facet normal 0 0 1
    outer loop
      vertex -4.8 -8.31384 4.375
      vertex -3.17341 -2.43505 4.375
      vertex -3.4641 -2 4.375
    endloop
  endfacet
  facet normal 0 0 1
    outer loop
      vertex -1.54548 -7.91411 4.375
      vertex -3.67376 -8.86924 4.375
      vertex -2.48466 -9.27289 4.375
    endloop
  endfacet
  facet normal 0 0 1
    outer loop
      vertex -3.96578 -0.522104 4.375
      vertex -5.02179 -0.612293 4.375
      vertex -3.8637 -1.03528 4.375
    endloop
  endfacet
  facet normal -0 0 1
    outer loop
      vertex -4.95452 -0.41411 4.375
      vertex -3.96578 -0.522104 4.375
      vertex -4.91369 -0.208841 4.375
    endloop
  endfacet
  facet normal 0 0 1
    outer loop
      vertex -4 0 4.375
      vertex -4.91369 -0.208841 4.375
      vertex -3.96578 -0.522104 4.375
    endloop
  endfacet
  facet normal 0 0 1
    outer loop
      vertex -4.91369 -0.208841 4.375
      vertex -4 0 4.375
      vertex -4.9 0 4.375
    endloop
  endfacet
  facet normal 0 -0 1
    outer loop
      vertex -5.02179 0.612293 4.375
      vertex -3.8637 1.03528 4.375
      vertex -5.11436 0.799999 4.375
    endloop
  endfacet
  facet normal 0 0 1
    outer loop
      vertex -5.02179 -0.612293 4.375
      vertex -3.96578 -0.522104 4.375
      vertex -4.95452 -0.41411 4.375
    endloop
  endfacet
  facet normal 0 0 1
    outer loop
      vertex -1.6 -7.5 4.375
      vertex -3.67376 -8.86924 4.375
      vertex -1.58631 -7.70884 4.375
    endloop
  endfacet
  facet normal 0 0 1
    outer loop
      vertex -4 0 4.375
      vertex -4.91369 0.208841 4.375
      vertex -4.9 0 4.375
    endloop
  endfacet
  facet normal 0 0 1
    outer loop
      vertex -3.96578 0.522104 4.375
      vertex -4.91369 0.208841 4.375
      vertex -4 0 4.375
    endloop
  endfacet
  facet normal 0 -0 1
    outer loop
      vertex -4.91369 0.208841 4.375
      vertex -3.96578 0.522104 4.375
      vertex -4.95452 0.41411 4.375
    endloop
  endfacet
  facet normal 0 -0 1
    outer loop
      vertex -4.95452 0.41411 4.375
      vertex -3.96578 0.522104 4.375
      vertex -5.02179 0.612293 4.375
    endloop
  endfacet
  facet normal 0 0 1
    outer loop
      vertex -3.8637 1.03528 4.375
      vertex -5.02179 0.612293 4.375
      vertex -3.96578 0.522104 4.375
    endloop
  endfacet
  facet normal 0 0 1
    outer loop
      vertex -4.8 8.31384 4.375
      vertex -5.36863 1.13137 4.375
      vertex -5.23063 0.974018 4.375
    endloop
  endfacet
  facet normal 0 0 1
    outer loop
      vertex -4.8 8.31384 4.375
      vertex -5.52598 1.26937 4.375
      vertex -5.36863 1.13137 4.375
    endloop
  endfacet
  facet normal -0 0 1
    outer loop
      vertex -5.84411 7.61619 4.375
      vertex -5.52598 1.26937 4.375
      vertex -4.8 8.31384 4.375
    endloop
  endfacet
  facet normal 0 0 1
    outer loop
      vertex -5.52598 1.26937 4.375
      vertex -5.84411 7.61619 4.375
      vertex -5.7 1.38564 4.375
    endloop
  endfacet
  facet normal -0 0 1
    outer loop
      vertex -6.78822 6.78822 4.375
      vertex -5.7 1.38564 4.375
      vertex -5.84411 7.61619 4.375
    endloop
  endfacet
  facet normal 0 0 1
    outer loop
      vertex -5.7 1.38564 4.375
      vertex -6.78822 6.78822 4.375
      vertex -5.88771 1.47821 4.375
    endloop
  endfacet
  facet normal -0 0 1
    outer loop
      vertex -7.61619 5.84411 4.375
      vertex -5.88771 1.47821 4.375
      vertex -6.78822 6.78822 4.375
    endloop
  endfacet
  facet normal 0 0 1
    outer loop
      vertex -5.88771 1.47821 4.375
      vertex -7.61619 5.84411 4.375
      vertex -6.08589 1.54548 4.375
    endloop
  endfacet
  facet normal 0 0 1
    outer loop
      vertex -6.08589 1.54548 4.375
      vertex -7.61619 5.84411 4.375
      vertex -6.29116 1.58631 4.375
    endloop
  endfacet
  facet normal -0 0 1
    outer loop
      vertex -8.31384 4.8 4.375
      vertex -6.29116 1.58631 4.375
      vertex -7.61619 5.84411 4.375
    endloop
  endfacet
  facet normal 0 0 1
    outer loop
      vertex -6.29116 1.58631 4.375
      vertex -8.31384 4.8 4.375
      vertex -6.5 1.6 4.375
    endloop
  endfacet
  facet normal -0 0 1
    outer loop
      vertex -8.86924 3.67376 4.375
      vertex -6.5 1.6 4.375
      vertex -8.31384 4.8 4.375
    endloop
  endfacet
  facet normal 0 0 1
    outer loop
      vertex -6.5 1.6 4.375
      vertex -8.86924 3.67376 4.375
      vertex -7.5 1.6 4.375
    endloop
  endfacet
  facet normal 0 0 1
    outer loop
      vertex -7.5 1.6 4.375
      vertex -8.86924 3.67376 4.375
      vertex -7.70884 1.58631 4.375
    endloop
  endfacet
  facet normal 0 0 1
    outer loop
      vertex -7.70884 1.58631 4.375
      vertex -8.86924 3.67376 4.375
      vertex -7.91411 1.54548 4.375
    endloop
  endfacet
  facet normal -0 0 1
    outer loop
      vertex -9.27289 2.48466 4.375
      vertex -7.91411 1.54548 4.375
      vertex -8.86924 3.67376 4.375
    endloop
  endfacet
  facet normal 0 0 1
    outer loop
      vertex -7.91411 1.54548 4.375
      vertex -9.27289 2.48466 4.375
      vertex -8.11229 1.47821 4.375
    endloop
  endfacet
  facet normal 0 0 1
    outer loop
      vertex -8.11229 1.47821 4.375
      vertex -9.27289 2.48466 4.375
      vertex -8.3 1.38564 4.375
    endloop
  endfacet
  facet normal 0 0 1
    outer loop
      vertex -8.3 1.38564 4.375
      vertex -9.27289 2.48466 4.375
      vertex -8.47402 1.26937 4.375
    endloop
  endfacet
  facet normal 0 0 1
    outer loop
      vertex -9.51787 1.25305 4.375
      vertex -8.47402 1.26937 4.375
      vertex -9.27289 2.48466 4.375
    endloop
  endfacet
  facet normal 0 0 1
    outer loop
      vertex -8.47402 1.26937 4.375
      vertex -9.51787 1.25305 4.375
      vertex -8.63137 1.13137 4.375
    endloop
  endfacet
  facet normal 0 0 1
    outer loop
      vertex -8.63137 1.13137 4.375
      vertex -9.51787 1.25305 4.375
      vertex -8.76937 0.974018 4.375
    endloop
  endfacet
  facet normal 0 0 1
    outer loop
      vertex -8.76937 0.974018 4.375
      vertex -9.51787 1.25305 4.375
      vertex -8.88564 0.799999 4.375
    endloop
  endfacet
  facet normal 0 0 1
    outer loop
      vertex -8.88564 0.799999 4.375
      vertex -9.51787 1.25305 4.375
      vertex -8.97821 0.612293 4.375
    endloop
  endfacet
  facet normal 0 0 1
    outer loop
      vertex -8.97821 0.612293 4.375
      vertex -9.51787 1.25305 4.375
      vertex -9.04548 0.41411 4.375
    endloop
  endfacet
  facet normal 0 0 1
    outer loop
      vertex -9.6 0 4.375
      vertex -9.04548 0.41411 4.375
      vertex -9.51787 1.25305 4.375
    endloop
  endfacet
  facet normal 0 0 1
    outer loop
      vertex 1.54548 6.08589 4.375
      vertex 4.8 8.31384 4.375
      vertex 1.58631 6.29116 4.375
    endloop
  endfacet
  facet normal 0 0 1
    outer loop
      vertex 4.8 8.31384 4.375
      vertex 1.54548 6.08589 4.375
      vertex 2.43505 3.17341 4.375
    endloop
  endfacet
  facet normal -0 0 1
    outer loop
      vertex 1.47821 5.88771 4.375
      vertex 2.43505 3.17341 4.375
      vertex 1.54548 6.08589 4.375
    endloop
  endfacet
  facet normal 0 0 1
    outer loop
      vertex 2.43505 3.17341 4.375
      vertex 1.47821 5.88771 4.375
      vertex 2 3.4641 4.375
    endloop
  endfacet
  facet normal -0 0 1
    outer loop
      vertex 1.38564 5.7 4.375
      vertex 2 3.4641 4.375
      vertex 1.47821 5.88771 4.375
    endloop
  endfacet
  facet normal -0 0 1
    outer loop
      vertex 1.26937 5.52598 4.375
      vertex 2 3.4641 4.375
      vertex 1.38564 5.7 4.375
    endloop
  endfacet
  facet normal 0 0 1
    outer loop
      vertex 2 3.4641 4.375
      vertex 1.26937 5.52598 4.375
      vertex 1.53073 3.69552 4.375
    endloop
  endfacet
  facet normal -0 0 1
    outer loop
      vertex 1.13137 5.36863 4.375
      vertex 1.53073 3.69552 4.375
      vertex 1.26937 5.52598 4.375
    endloop
  endfacet
  facet normal -0 0 1
    outer loop
      vertex 0.974018 5.23063 4.375
      vertex 1.53073 3.69552 4.375
      vertex 1.13137 5.36863 4.375
    endloop
  endfacet
  facet normal 0 0 1
    outer loop
      vertex 1.53073 3.69552 4.375
      vertex 0.974018 5.23063 4.375
      vertex 1.03528 3.8637 4.375
    endloop
  endfacet
  facet normal -0 0 1
    outer loop
      vertex 0.799999 5.11436 4.375
      vertex 1.03528 3.8637 4.375
      vertex 0.974018 5.23063 4.375
    endloop
  endfacet
  facet normal -0 0 1
    outer loop
      vertex 0.612293 5.02179 4.375
      vertex 1.03528 3.8637 4.375
      vertex 0.799999 5.11436 4.375
    endloop
  endfacet
  facet normal 0 0 1
    outer loop
      vertex 0.612293 5.02179 4.375
      vertex 0.522104 3.96578 4.375
      vertex 1.03528 3.8637 4.375
    endloop
  endfacet
  facet normal -0 0 1
    outer loop
      vertex 0.41411 4.95452 4.375
      vertex 0.522104 3.96578 4.375
      vertex 0.612293 5.02179 4.375
    endloop
  endfacet
  facet normal -0 0 1
    outer loop
      vertex 0.208841 4.91369 4.375
      vertex 0.522104 3.96578 4.375
      vertex 0.41411 4.95452 4.375
    endloop
  endfacet
  facet normal 0 0 1
    outer loop
      vertex 0 4 4.375
      vertex 0.208841 4.91369 4.375
      vertex 0 4.9 4.375
    endloop
  endfacet
  facet normal 0 0 1
    outer loop
      vertex 0.208841 4.91369 4.375
      vertex 0 4 4.375
      vertex 0.522104 3.96578 4.375
    endloop
  endfacet
  facet normal 0 0 1
    outer loop
      vertex -0.208841 4.91369 4.375
      vertex 0 4 4.375
      vertex 0 4.9 4.375
    endloop
  endfacet
  facet normal 0 0 1
    outer loop
      vertex -0.522104 3.96578 4.375
      vertex -0.208841 4.91369 4.375
      vertex -0.41411 4.95452 4.375
    endloop
  endfacet
  facet normal 0 0 1
    outer loop
      vertex -0.208841 4.91369 4.375
      vertex -0.522104 3.96578 4.375
      vertex 0 4 4.375
    endloop
  endfacet
  facet normal 0 0 1
    outer loop
      vertex -0.612293 5.02179 4.375
      vertex -0.522104 3.96578 4.375
      vertex -0.41411 4.95452 4.375
    endloop
  endfacet
  facet normal 0 0 1
    outer loop
      vertex -1.03528 3.8637 4.375
      vertex -0.612293 5.02179 4.375
      vertex -0.799999 5.11436 4.375
    endloop
  endfacet
  facet normal 0 0 1
    outer loop
      vertex -1.03528 3.8637 4.375
      vertex -0.799999 5.11436 4.375
      vertex -0.974018 5.23063 4.375
    endloop
  endfacet
  facet normal 0 0 1
    outer loop
      vertex -0.612293 5.02179 4.375
      vertex -1.03528 3.8637 4.375
      vertex -0.522104 3.96578 4.375
    endloop
  endfacet
  facet normal 0 0 1
    outer loop
      vertex -1.53073 3.69552 4.375
      vertex -0.974018 5.23063 4.375
      vertex -1.13137 5.36863 4.375
    endloop
  endfacet
  facet normal 0 0 1
    outer loop
      vertex -1.53073 3.69552 4.375
      vertex -1.13137 5.36863 4.375
      vertex -1.26937 5.52598 4.375
    endloop
  endfacet
  facet normal 0 0 1
    outer loop
      vertex -2 3.4641 4.375
      vertex -1.26937 5.52598 4.375
      vertex -1.38564 5.7 4.375
    endloop
  endfacet
  facet normal 0 0 1
    outer loop
      vertex -2 3.4641 4.375
      vertex -1.38564 5.7 4.375
      vertex -1.47821 5.88771 4.375
    endloop
  endfacet
  facet normal 0 0 1
    outer loop
      vertex -0.974018 5.23063 4.375
      vertex -1.53073 3.69552 4.375
      vertex -1.03528 3.8637 4.375
    endloop
  endfacet
  facet normal 0 0 1
    outer loop
      vertex -2.43505 3.17341 4.375
      vertex -1.47821 5.88771 4.375
      vertex -1.54548 6.08589 4.375
    endloop
  endfacet
  facet normal 0 0 1
    outer loop
      vertex -4.8 8.31384 4.375
      vertex -1.54548 6.08589 4.375
      vertex -1.58631 6.29116 4.375
    endloop
  endfacet
  facet normal 0 0 1
    outer loop
      vertex -4.8 8.31384 4.375
      vertex -1.58631 6.29116 4.375
      vertex -1.6 6.5 4.375
    endloop
  endfacet
  facet normal 0 0 1
    outer loop
      vertex -1.26937 5.52598 4.375
      vertex -2 3.4641 4.375
      vertex -1.53073 3.69552 4.375
    endloop
  endfacet
  facet normal -0 0 1
    outer loop
      vertex 9.04548 0.41411 4.375
      vertex 9.6 0 4.375
      vertex 9.51787 1.25305 4.375
    endloop
  endfacet
  facet normal -0 0 1
    outer loop
      vertex 8.47402 1.26937 4.375
      vertex 9.51787 1.25305 4.375
      vertex 9.27289 2.48466 4.375
    endloop
  endfacet
  facet normal 0 0 1
    outer loop
      vertex 9.6 0 4.375
      vertex 9.08631 0.208841 4.375
      vertex 9.1 0 4.375
    endloop
  endfacet
  facet normal 0 0 1
    outer loop
      vertex 9.04548 -0.41411 4.375
      vertex 9.6 0 4.375
      vertex 9.08631 -0.208841 4.375
    endloop
  endfacet
  facet normal 0 0 1
    outer loop
      vertex 9.08631 -0.208841 4.375
      vertex 9.6 0 4.375
      vertex 9.1 0 4.375
    endloop
  endfacet
  facet normal 0 0 1
    outer loop
      vertex 9.6 0 4.375
      vertex 9.04548 0.41411 4.375
      vertex 9.08631 0.208841 4.375
    endloop
  endfacet
  facet normal 0 0 1
    outer loop
      vertex 9.51787 1.25305 4.375
      vertex 8.97821 0.612293 4.375
      vertex 9.04548 0.41411 4.375
    endloop
  endfacet
  facet normal 0 0 1
    outer loop
      vertex 9.51787 1.25305 4.375
      vertex 8.88564 0.799999 4.375
      vertex 8.97821 0.612293 4.375
    endloop
  endfacet
  facet normal 0 0 1
    outer loop
      vertex 7.91411 1.54548 4.375
      vertex 9.27289 2.48466 4.375
      vertex 8.86924 3.67376 4.375
    endloop
  endfacet
  facet normal 0 0 1
    outer loop
      vertex 9.51787 1.25305 4.375
      vertex 8.76937 0.974018 4.375
      vertex 8.88564 0.799999 4.375
    endloop
  endfacet
  facet normal 0 0 1
    outer loop
      vertex 9.51787 1.25305 4.375
      vertex 8.63137 1.13137 4.375
      vertex 8.76937 0.974018 4.375
    endloop
  endfacet
  facet normal 0 0 1
    outer loop
      vertex 9.51787 1.25305 4.375
      vertex 8.47402 1.26937 4.375
      vertex 8.63137 1.13137 4.375
    endloop
  endfacet
  facet normal 0 0 1
    outer loop
      vertex 6.5 1.6 4.375
      vertex 8.86924 3.67376 4.375
      vertex 8.31384 4.8 4.375
    endloop
  endfacet
  facet normal 0 0 1
    outer loop
      vertex 9.27289 2.48466 4.375
      vertex 8.3 1.38564 4.375
      vertex 8.47402 1.26937 4.375
    endloop
  endfacet
  facet normal 0 0 1
    outer loop
      vertex 9.27289 2.48466 4.375
      vertex 8.11229 1.47821 4.375
      vertex 8.3 1.38564 4.375
    endloop
  endfacet
  facet normal 0 0 1
    outer loop
      vertex 9.27289 2.48466 4.375
      vertex 7.91411 1.54548 4.375
      vertex 8.11229 1.47821 4.375
    endloop
  endfacet
  facet normal 0 0 1
    outer loop
      vertex 8.86924 3.67376 4.375
      vertex 7.70884 1.58631 4.375
      vertex 7.91411 1.54548 4.375
    endloop
  endfacet
  facet normal 0 0 1
    outer loop
      vertex 6.29116 1.58631 4.375
      vertex 8.31384 4.8 4.375
      vertex 7.61619 5.84411 4.375
    endloop
  endfacet
  facet normal 0 0 1
    outer loop
      vertex 8.86924 3.67376 4.375
      vertex 7.5 1.6 4.375
      vertex 7.70884 1.58631 4.375
    endloop
  endfacet
  facet normal 0 0 1
    outer loop
      vertex 3.4641 2 4.375
      vertex 7.61619 5.84411 4.375
      vertex 6.78822 6.78822 4.375
    endloop
  endfacet
  facet normal 0 0 1
    outer loop
      vertex 8.86924 3.67376 4.375
      vertex 6.5 1.6 4.375
      vertex 7.5 1.6 4.375
    endloop
  endfacet
  facet normal 0 0 1
    outer loop
      vertex 8.31384 4.8 4.375
      vertex 6.29116 1.58631 4.375
      vertex 6.5 1.6 4.375
    endloop
  endfacet
  facet normal 0 0 1
    outer loop
      vertex 7.61619 5.84411 4.375
      vertex 6.08589 1.54548 4.375
      vertex 6.29116 1.58631 4.375
    endloop
  endfacet
  facet normal 0 0 1
    outer loop
      vertex 7.61619 5.84411 4.375
      vertex 3.4641 2 4.375
      vertex 6.08589 1.54548 4.375
    endloop
  endfacet
  facet normal 0 0 1
    outer loop
      vertex 3.4641 2 4.375
      vertex 6.78822 6.78822 4.375
      vertex 5.84411 7.61619 4.375
    endloop
  endfacet
  facet normal 0 0 1
    outer loop
      vertex 6.08589 1.54548 4.375
      vertex 3.4641 2 4.375
      vertex 5.88771 1.47821 4.375
    endloop
  endfacet
  facet normal 0 0 1
    outer loop
      vertex 5.88771 1.47821 4.375
      vertex 3.4641 2 4.375
      vertex 5.7 1.38564 4.375
    endloop
  endfacet
  facet normal 0 0 1
    outer loop
      vertex 5.7 1.38564 4.375
      vertex 3.4641 2 4.375
      vertex 5.52598 1.26937 4.375
    endloop
  endfacet
  facet normal -0 -0 1
    outer loop
      vertex 3.69552 1.53073 4.375
      vertex 5.52598 1.26937 4.375
      vertex 3.4641 2 4.375
    endloop
  endfacet
  facet normal 0 0 1
    outer loop
      vertex 5.52598 1.26937 4.375
      vertex 3.69552 1.53073 4.375
      vertex 5.36863 1.13137 4.375
    endloop
  endfacet
  facet normal 0 0 1
    outer loop
      vertex 5.36863 1.13137 4.375
      vertex 3.69552 1.53073 4.375
      vertex 5.23063 0.974018 4.375
    endloop
  endfacet
  facet normal -0 -0 1
    outer loop
      vertex 3.8637 1.03528 4.375
      vertex 5.23063 0.974018 4.375
      vertex 3.69552 1.53073 4.375
    endloop
  endfacet
  facet normal 0 0 1
    outer loop
      vertex 5.23063 0.974018 4.375
      vertex 3.8637 1.03528 4.375
      vertex 5.11436 0.799999 4.375
    endloop
  endfacet
  facet normal 0 0 1
    outer loop
      vertex 5.11436 0.799999 4.375
      vertex 3.8637 1.03528 4.375
      vertex 5.02179 0.612293 4.375
    endloop
  endfacet
  facet normal 0 0 1
    outer loop
      vertex 3.4641 2 4.375
      vertex 5.84411 7.61619 4.375
      vertex 4.8 8.31384 4.375
    endloop
  endfacet
  facet normal 0 0 1
    outer loop
      vertex 9.6 0 4.375
      vertex 9.04548 -0.41411 4.375
      vertex 9.51787 -1.25305 4.375
    endloop
  endfacet
  facet normal -0 0 1
    outer loop
      vertex 8.97821 -0.612293 4.375
      vertex 9.51787 -1.25305 4.375
      vertex 9.04548 -0.41411 4.375
    endloop
  endfacet
  facet normal -0 0 1
    outer loop
      vertex 8.88564 -0.799999 4.375
      vertex 9.51787 -1.25305 4.375
      vertex 8.97821 -0.612293 4.375
    endloop
  endfacet
  facet normal -0 0 1
    outer loop
      vertex 8.76937 -0.974018 4.375
      vertex 9.51787 -1.25305 4.375
      vertex 8.88564 -0.799999 4.375
    endloop
  endfacet
  facet normal -0 0 1
    outer loop
      vertex 8.63137 -1.13137 4.375
      vertex 9.51787 -1.25305 4.375
      vertex 8.76937 -0.974018 4.375
    endloop
  endfacet
  facet normal 0 0 1
    outer loop
      vertex 8.47402 -1.26937 4.375
      vertex 9.51787 -1.25305 4.375
      vertex 8.63137 -1.13137 4.375
    endloop
  endfacet
  facet normal 0 0 1
    outer loop
      vertex 9.51787 -1.25305 4.375
      vertex 8.47402 -1.26937 4.375
      vertex 9.27289 -2.48466 4.375
    endloop
  endfacet
  facet normal -0 0 1
    outer loop
      vertex 8.3 -1.38564 4.375
      vertex 9.27289 -2.48466 4.375
      vertex 8.47402 -1.26937 4.375
    endloop
  endfacet
  facet normal -0 0 1
    outer loop
      vertex 8.11229 -1.47821 4.375
      vertex 9.27289 -2.48466 4.375
      vertex 8.3 -1.38564 4.375
    endloop
  endfacet
  facet normal -0 0 1
    outer loop
      vertex 7.91411 -1.54548 4.375
      vertex 9.27289 -2.48466 4.375
      vertex 8.11229 -1.47821 4.375
    endloop
  endfacet
  facet normal 0 0 1
    outer loop
      vertex 9.27289 -2.48466 4.375
      vertex 7.91411 -1.54548 4.375
      vertex 8.86924 -3.67376 4.375
    endloop
  endfacet
  facet normal -0 0 1
    outer loop
      vertex 7.70884 -1.58631 4.375
      vertex 8.86924 -3.67376 4.375
      vertex 7.91411 -1.54548 4.375
    endloop
  endfacet
  facet normal -0 0 1
    outer loop
      vertex 7.5 -1.6 4.375
      vertex 8.86924 -3.67376 4.375
      vertex 7.70884 -1.58631 4.375
    endloop
  endfacet
  facet normal -0 0 1
    outer loop
      vertex 6.5 -1.6 4.375
      vertex 8.86924 -3.67376 4.375
      vertex 7.5 -1.6 4.375
    endloop
  endfacet
  facet normal 0 0 1
    outer loop
      vertex 8.86924 -3.67376 4.375
      vertex 6.5 -1.6 4.375
      vertex 8.31384 -4.8 4.375
    endloop
  endfacet
  facet normal 0 0 1
    outer loop
      vertex 6.29116 -1.58631 4.375
      vertex 8.31384 -4.8 4.375
      vertex 6.5 -1.6 4.375
    endloop
  endfacet
  facet normal 0 0 1
    outer loop
      vertex 8.31384 -4.8 4.375
      vertex 6.29116 -1.58631 4.375
      vertex 7.61619 -5.84411 4.375
    endloop
  endfacet
  facet normal 0 0 1
    outer loop
      vertex 6.08589 -1.54548 4.375
      vertex 7.61619 -5.84411 4.375
      vertex 6.29116 -1.58631 4.375
    endloop
  endfacet
  facet normal 0 0 1
    outer loop
      vertex 5.88771 -1.47821 4.375
      vertex 7.61619 -5.84411 4.375
      vertex 6.08589 -1.54548 4.375
    endloop
  endfacet
  facet normal 0 0 1
    outer loop
      vertex 7.61619 -5.84411 4.375
      vertex 5.88771 -1.47821 4.375
      vertex 6.78822 -6.78822 4.375
    endloop
  endfacet
  facet normal 0 0 1
    outer loop
      vertex 5.7 -1.38564 4.375
      vertex 6.78822 -6.78822 4.375
      vertex 5.88771 -1.47821 4.375
    endloop
  endfacet
  facet normal 0 0 1
    outer loop
      vertex 6.78822 -6.78822 4.375
      vertex 5.7 -1.38564 4.375
      vertex 5.84411 -7.61619 4.375
    endloop
  endfacet
  facet normal 0 0 1
    outer loop
      vertex 5.52598 -1.26937 4.375
      vertex 5.84411 -7.61619 4.375
      vertex 5.7 -1.38564 4.375
    endloop
  endfacet
  facet normal 0 0 1
    outer loop
      vertex 3.69552 -1.53073 4.375
      vertex 5.23063 -0.974018 4.375
      vertex 3.8637 -1.03528 4.375
    endloop
  endfacet
  facet normal 0 0 1
    outer loop
      vertex 5.11436 -0.799999 4.375
      vertex 3.8637 -1.03528 4.375
      vertex 5.23063 -0.974018 4.375
    endloop
  endfacet
  facet normal 0 0 1
    outer loop
      vertex 3.8637 -1.03528 4.375
      vertex 5.02179 -0.612293 4.375
      vertex 3.96578 -0.522104 4.375
    endloop
  endfacet
  facet normal 0 0 1
    outer loop
      vertex 4.95452 -0.41411 4.375
      vertex 3.96578 -0.522104 4.375
      vertex 5.02179 -0.612293 4.375
    endloop
  endfacet
  facet normal 0 0 1
    outer loop
      vertex 4.91369 -0.208841 4.375
      vertex 3.96578 -0.522104 4.375
      vertex 4.95452 -0.41411 4.375
    endloop
  endfacet
  facet normal 0 0 1
    outer loop
      vertex 3.96578 -0.522104 4.375
      vertex 4.91369 -0.208841 4.375
      vertex 4 0 4.375
    endloop
  endfacet
  facet normal 0 0 1
    outer loop
      vertex 5.02179 -0.612293 4.375
      vertex 3.8637 -1.03528 4.375
      vertex 5.11436 -0.799999 4.375
    endloop
  endfacet
  facet normal -0 0 1
    outer loop
      vertex 4 0 4.375
      vertex 4.91369 -0.208841 4.375
      vertex 4.9 0 4.375
    endloop
  endfacet
  facet normal 0 0 1
    outer loop
      vertex 5.02179 0.612293 4.375
      vertex 3.96578 0.522104 4.375
      vertex 4.95452 0.41411 4.375
    endloop
  endfacet
  facet normal 0 0 1
    outer loop
      vertex 5.52598 -1.26937 4.375
      vertex 4.8 -8.31384 4.375
      vertex 5.84411 -7.61619 4.375
    endloop
  endfacet
  facet normal 0 0 1
    outer loop
      vertex 4.91369 0.208841 4.375
      vertex 4 0 4.375
      vertex 4.9 0 4.375
    endloop
  endfacet
  facet normal 0 -0 1
    outer loop
      vertex 4 0 4.375
      vertex 4.91369 0.208841 4.375
      vertex 3.96578 0.522104 4.375
    endloop
  endfacet
  facet normal 0 0 1
    outer loop
      vertex 4.95452 0.41411 4.375
      vertex 3.96578 0.522104 4.375
      vertex 4.91369 0.208841 4.375
    endloop
  endfacet
  facet normal 0 0 1
    outer loop
      vertex 1.6 6.5 4.375
      vertex 3.67376 8.86924 4.375
      vertex 1.6 7.5 4.375
    endloop
  endfacet
  facet normal 0 -0 1
    outer loop
      vertex 3.96578 0.522104 4.375
      vertex 5.02179 0.612293 4.375
      vertex 3.8637 1.03528 4.375
    endloop
  endfacet
  facet normal 0 0 1
    outer loop
      vertex 4.8 8.31384 4.375
      vertex 3.17341 2.43505 4.375
      vertex 3.4641 2 4.375
    endloop
  endfacet
  facet normal 0 0 1
    outer loop
      vertex 4.8 8.31384 4.375
      vertex 2.82843 2.82843 4.375
      vertex 3.17341 2.43505 4.375
    endloop
  endfacet
  facet normal 0 0 1
    outer loop
      vertex 1.54548 7.91411 4.375
      vertex 3.67376 8.86924 4.375
      vertex 2.48466 9.27289 4.375
    endloop
  endfacet
  facet normal 0 0 1
    outer loop
      vertex 3.67376 8.86924 4.375
      vertex 1.6 6.5 4.375
      vertex 4.8 8.31384 4.375
    endloop
  endfacet
  facet normal 0 0 1
    outer loop
      vertex 4.8 8.31384 4.375
      vertex 2.43505 3.17341 4.375
      vertex 2.82843 2.82843 4.375
    endloop
  endfacet
  facet normal 0 0 1
    outer loop
      vertex 1.58631 6.29116 4.375
      vertex 4.8 8.31384 4.375
      vertex 1.6 6.5 4.375
    endloop
  endfacet
  facet normal 0 0 1
    outer loop
      vertex 3.67376 8.86924 4.375
      vertex 1.58631 7.70884 4.375
      vertex 1.6 7.5 4.375
    endloop
  endfacet
  facet normal 0 0 1
    outer loop
      vertex 3.67376 8.86924 4.375
      vertex 1.54548 7.91411 4.375
      vertex 1.58631 7.70884 4.375
    endloop
  endfacet
  facet normal 0 0 1
    outer loop
      vertex 2.48466 9.27289 4.375
      vertex 1.47821 8.11229 4.375
      vertex 1.54548 7.91411 4.375
    endloop
  endfacet
  facet normal 0 0 1
    outer loop
      vertex 2.48466 9.27289 4.375
      vertex 1.38564 8.3 4.375
      vertex 1.47821 8.11229 4.375
    endloop
  endfacet
  facet normal 0 0 1
    outer loop
      vertex 2.48466 9.27289 4.375
      vertex 1.26937 8.47402 4.375
      vertex 1.38564 8.3 4.375
    endloop
  endfacet
  facet normal 0 0 1
    outer loop
      vertex 1.25305 9.51787 4.375
      vertex 1.26937 8.47402 4.375
      vertex 2.48466 9.27289 4.375
    endloop
  endfacet
  facet normal 0 0 1
    outer loop
      vertex 1.25305 9.51787 4.375
      vertex 1.13137 8.63137 4.375
      vertex 1.26937 8.47402 4.375
    endloop
  endfacet
  facet normal 0 0 1
    outer loop
      vertex 1.25305 9.51787 4.375
      vertex 0.974018 8.76937 4.375
      vertex 1.13137 8.63137 4.375
    endloop
  endfacet
  facet normal 0 0 1
    outer loop
      vertex 1.25305 9.51787 4.375
      vertex 0.799999 8.88564 4.375
      vertex 0.974018 8.76937 4.375
    endloop
  endfacet
  facet normal 0 0 1
    outer loop
      vertex 1.25305 9.51787 4.375
      vertex 0.612293 8.97821 4.375
      vertex 0.799999 8.88564 4.375
    endloop
  endfacet
  facet normal 0 0 1
    outer loop
      vertex 1.25305 9.51787 4.375
      vertex 0.41411 9.04548 4.375
      vertex 0.612293 8.97821 4.375
    endloop
  endfacet
  facet normal 0 0 1
    outer loop
      vertex 0 9.6 4.375
      vertex 0.41411 9.04548 4.375
      vertex 1.25305 9.51787 4.375
    endloop
  endfacet
  facet normal 0 0 1
    outer loop
      vertex 0.41411 9.04548 4.375
      vertex 0 9.6 4.375
      vertex 0.208841 9.08631 4.375
    endloop
  endfacet
  facet normal 0 0 1
    outer loop
      vertex 0 9.6 4.375
      vertex 0 9.1 4.375
      vertex 0.208841 9.08631 4.375
    endloop
  endfacet
  facet normal 0 0 1
    outer loop
      vertex 0 9.6 4.375
      vertex -0.208841 9.08631 4.375
      vertex 0 9.1 4.375
    endloop
  endfacet
  facet normal 0 0 1
    outer loop
      vertex 0 9.6 4.375
      vertex -0.41411 9.04548 4.375
      vertex -0.208841 9.08631 4.375
    endloop
  endfacet
  facet normal -0 0 1
    outer loop
      vertex -1.25305 9.51787 4.375
      vertex -0.41411 9.04548 4.375
      vertex 0 9.6 4.375
    endloop
  endfacet
  facet normal 0 0 1
    outer loop
      vertex -0.41411 9.04548 4.375
      vertex -1.25305 9.51787 4.375
      vertex -0.612293 8.97821 4.375
    endloop
  endfacet
  facet normal 0 0 1
    outer loop
      vertex -0.612293 8.97821 4.375
      vertex -1.25305 9.51787 4.375
      vertex -0.799999 8.88564 4.375
    endloop
  endfacet
  facet normal 0 0 1
    outer loop
      vertex -0.799999 8.88564 4.375
      vertex -1.25305 9.51787 4.375
      vertex -0.974018 8.76937 4.375
    endloop
  endfacet
  facet normal 0 0 1
    outer loop
      vertex -1.25305 9.51787 4.375
      vertex -1.13137 8.63137 4.375
      vertex -0.974018 8.76937 4.375
    endloop
  endfacet
  facet normal 0 0 1
    outer loop
      vertex -1.25305 9.51787 4.375
      vertex -1.26937 8.47402 4.375
      vertex -1.13137 8.63137 4.375
    endloop
  endfacet
  facet normal -0 0 1
    outer loop
      vertex -2.48466 9.27289 4.375
      vertex -1.26937 8.47402 4.375
      vertex -1.25305 9.51787 4.375
    endloop
  endfacet
  facet normal 0 0 1
    outer loop
      vertex -1.26937 8.47402 4.375
      vertex -2.48466 9.27289 4.375
      vertex -1.38564 8.3 4.375
    endloop
  endfacet
  facet normal 0 0 1
    outer loop
      vertex -1.38564 8.3 4.375
      vertex -2.48466 9.27289 4.375
      vertex -1.47821 8.11229 4.375
    endloop
  endfacet
  facet normal 0 0 1
    outer loop
      vertex -1.47821 8.11229 4.375
      vertex -2.48466 9.27289 4.375
      vertex -1.54548 7.91411 4.375
    endloop
  endfacet
  facet normal 0 0 1
    outer loop
      vertex -3.67376 8.86924 4.375
      vertex -1.6 6.5 4.375
      vertex -1.6 7.5 4.375
    endloop
  endfacet
  facet normal 0 0 1
    outer loop
      vertex -3.67376 8.86924 4.375
      vertex -1.6 7.5 4.375
      vertex -1.58631 7.70884 4.375
    endloop
  endfacet
  facet normal 0 0 1
    outer loop
      vertex -1.54548 6.08589 4.375
      vertex -4.8 8.31384 4.375
      vertex -2.43505 3.17341 4.375
    endloop
  endfacet
  facet normal -0 0 1
    outer loop
      vertex -3.67376 8.86924 4.375
      vertex -1.54548 7.91411 4.375
      vertex -2.48466 9.27289 4.375
    endloop
  endfacet
  facet normal 0 0 1
    outer loop
      vertex -1.54548 7.91411 4.375
      vertex -3.67376 8.86924 4.375
      vertex -1.58631 7.70884 4.375
    endloop
  endfacet
  facet normal 0 0 1
    outer loop
      vertex -1.6 6.5 4.375
      vertex -3.67376 8.86924 4.375
      vertex -4.8 8.31384 4.375
    endloop
  endfacet
  facet normal 0 0 1
    outer loop
      vertex -1.47821 5.88771 4.375
      vertex -2.43505 3.17341 4.375
      vertex -2 3.4641 4.375
    endloop
  endfacet
  facet normal 0 0 1
    outer loop
      vertex -2.43505 3.17341 4.375
      vertex -4.8 8.31384 4.375
      vertex -2.82843 2.82843 4.375
    endloop
  endfacet
  facet normal 0 0 1
    outer loop
      vertex -2.82843 2.82843 4.375
      vertex -4.8 8.31384 4.375
      vertex -3.17341 2.43505 4.375
    endloop
  endfacet
  facet normal 0 0 1
    outer loop
      vertex -5.23063 0.974018 4.375
      vertex -3.17341 2.43505 4.375
      vertex -4.8 8.31384 4.375
    endloop
  endfacet
  facet normal 0 0 1
    outer loop
      vertex -3.17341 2.43505 4.375
      vertex -5.23063 0.974018 4.375
      vertex -3.4641 2 4.375
    endloop
  endfacet
  facet normal 0 0 1
    outer loop
      vertex -3.4641 2 4.375
      vertex -5.23063 0.974018 4.375
      vertex -3.69552 1.53073 4.375
    endloop
  endfacet
  facet normal 0 0 1
    outer loop
      vertex -3.69552 1.53073 4.375
      vertex -5.23063 0.974018 4.375
      vertex -3.8637 1.03528 4.375
    endloop
  endfacet
  facet normal 0 -0 1
    outer loop
      vertex -5.11436 0.799999 4.375
      vertex -3.8637 1.03528 4.375
      vertex -5.23063 0.974018 4.375
    endloop
  endfacet
endsolid OpenSCAD_Model
