solid OpenSCAD_Model
  facet normal 0.997858 0 -0.0654247
    outer loop
      vertex 4.91369 -28 14.2088
      vertex 4.9 -23 14
      vertex 4.91369 -23 14.2088
    endloop
  endfacet
  facet normal 0.997858 0 -0.0654247
    outer loop
      vertex 4.9 -23 14
      vertex 4.91369 -28 14.2088
      vertex 4.9 -28 14
    endloop
  endfacet
  facet normal -0.997858 0 0.0654247
    outer loop
      vertex 9.08631 -28 13.7912
      vertex 9.1 -23 14
      vertex 9.08631 -23 13.7912
    endloop
  endfacet
  facet normal -0.997858 0 0.0654247
    outer loop
      vertex 9.1 -23 14
      vertex 9.08631 -28 13.7912
      vertex 9.1 -28 14
    endloop
  endfacet
  facet normal -0.44241 0 0.896813
    outer loop
      vertex 8.11229 -23 12.5218
      vertex 8.3 -28 12.6144
      vertex 8.3 -23 12.6144
    endloop
  endfacet
  facet normal -0.44241 0 0.896813
    outer loop
      vertex 8.3 -28 12.6144
      vertex 8.11229 -23 12.5218
      vertex 8.11229 -28 12.5218
    endloop
  endfacet
  facet normal -0.980791 0 0.195059
    outer loop
      vertex 9.04548 -28 13.5859
      vertex 9.08631 -23 13.7912
      vertex 9.04548 -23 13.5859
    endloop
  endfacet
  facet normal -0.980791 0 0.195059
    outer loop
      vertex 9.08631 -23 13.7912
      vertex 9.04548 -28 13.5859
      vertex 9.08631 -28 13.7912
    endloop
  endfacet
  facet normal -0.946944 0 -0.321397
    outer loop
      vertex 9.04548 -28 14.4141
      vertex 8.97821 -23 14.6123
      vertex 9.04548 -23 14.4141
    endloop
  endfacet
  facet normal -0.946944 -0 -0.321397
    outer loop
      vertex 8.97821 -23 14.6123
      vertex 9.04548 -28 14.4141
      vertex 8.97821 -28 14.6123
    endloop
  endfacet
  facet normal 0.980791 -0 0.195059
    outer loop
      vertex 4.91369 -28 13.7912
      vertex 4.95452 -23 13.5859
      vertex 4.91369 -23 13.7912
    endloop
  endfacet
  facet normal 0.980791 0 0.195059
    outer loop
      vertex 4.95452 -23 13.5859
      vertex 4.91369 -28 13.7912
      vertex 4.95452 -28 13.5859
    endloop
  endfacet
  facet normal 0.0654598 0 0.997855
    outer loop
      vertex 6.29116 -23 12.4137
      vertex 6.5 -28 12.4
      vertex 6.5 -23 12.4
    endloop
  endfacet
  facet normal 0.0654598 0 0.997855
    outer loop
      vertex 6.5 -28 12.4
      vertex 6.29116 -23 12.4137
      vertex 6.29116 -28 12.4137
    endloop
  endfacet
  facet normal -0.831454 0 0.555593
    outer loop
      vertex 8.76937 -28 13.026
      vertex 8.88564 -23 13.2
      vertex 8.76937 -23 13.026
    endloop
  endfacet
  facet normal -0.831454 0 0.555593
    outer loop
      vertex 8.88564 -23 13.2
      vertex 8.76937 -28 13.026
      vertex 8.88564 -28 13.2
    endloop
  endfacet
  facet normal 0.751925 0 -0.659248
    outer loop
      vertex 5.36863 -28 15.1314
      vertex 5.23063 -23 14.974
      vertex 5.36863 -23 15.1314
    endloop
  endfacet
  facet normal 0.751925 0 -0.659248
    outer loop
      vertex 5.23063 -23 14.974
      vertex 5.36863 -28 15.1314
      vertex 5.23063 -28 14.974
    endloop
  endfacet
  facet normal 0.0654598 0 -0.997855
    outer loop
      vertex 6.29116 -28 15.5863
      vertex 6.5 -23 15.6
      vertex 6.5 -28 15.6
    endloop
  endfacet
  facet normal 0.0654598 0 -0.997855
    outer loop
      vertex 6.5 -23 15.6
      vertex 6.29116 -28 15.5863
      vertex 6.29116 -23 15.5863
    endloop
  endfacet
  facet normal -0.751925 0 -0.659248
    outer loop
      vertex 8.76937 -28 14.974
      vertex 8.63137 -23 15.1314
      vertex 8.76937 -23 14.974
    endloop
  endfacet
  facet normal -0.751925 -0 -0.659248
    outer loop
      vertex 8.63137 -23 15.1314
      vertex 8.76937 -28 14.974
      vertex 8.63137 -28 15.1314
    endloop
  endfacet
  facet normal -0.44241 0 -0.896813
    outer loop
      vertex 8.11229 -28 15.4782
      vertex 8.3 -23 15.3856
      vertex 8.3 -28 15.3856
    endloop
  endfacet
  facet normal -0.44241 0 -0.896813
    outer loop
      vertex 8.3 -23 15.3856
      vertex 8.11229 -28 15.4782
      vertex 8.11229 -23 15.4782
    endloop
  endfacet
  facet normal -0.980791 0 -0.195059
    outer loop
      vertex 9.08631 -28 14.2088
      vertex 9.04548 -23 14.4141
      vertex 9.08631 -23 14.2088
    endloop
  endfacet
  facet normal -0.980791 -0 -0.195059
    outer loop
      vertex 9.04548 -23 14.4141
      vertex 9.08631 -28 14.2088
      vertex 9.04548 -28 14.4141
    endloop
  endfacet
  facet normal 0.997858 -0 0.0654247
    outer loop
      vertex 4.9 -28 14
      vertex 4.91369 -23 13.7912
      vertex 4.9 -23 14
    endloop
  endfacet
  facet normal 0.997858 0 0.0654247
    outer loop
      vertex 4.91369 -23 13.7912
      vertex 4.9 -28 14
      vertex 4.91369 -28 13.7912
    endloop
  endfacet
  facet normal 0.946944 -0 0.321397
    outer loop
      vertex 4.95452 -28 13.5859
      vertex 5.02179 -23 13.3877
      vertex 4.95452 -23 13.5859
    endloop
  endfacet
  facet normal 0.946944 0 0.321397
    outer loop
      vertex 5.02179 -23 13.3877
      vertex 4.95452 -28 13.5859
      vertex 5.02179 -28 13.3877
    endloop
  endfacet
  facet normal 0.831454 -0 0.555593
    outer loop
      vertex 5.11436 -28 13.2
      vertex 5.23063 -23 13.026
      vertex 5.11436 -23 13.2
    endloop
  endfacet
  facet normal 0.831454 0 0.555593
    outer loop
      vertex 5.23063 -23 13.026
      vertex 5.11436 -28 13.2
      vertex 5.23063 -28 13.026
    endloop
  endfacet
  facet normal 0.44241 0 0.896813
    outer loop
      vertex 5.7 -23 12.6144
      vertex 5.88771 -28 12.5218
      vertex 5.88771 -23 12.5218
    endloop
  endfacet
  facet normal 0.44241 0 0.896813
    outer loop
      vertex 5.88771 -28 12.5218
      vertex 5.7 -23 12.6144
      vertex 5.7 -28 12.6144
    endloop
  endfacet
  facet normal 0.194949 0 0.980813
    outer loop
      vertex 6.08589 -23 12.4545
      vertex 6.29116 -28 12.4137
      vertex 6.29116 -23 12.4137
    endloop
  endfacet
  facet normal 0.194949 0 0.980813
    outer loop
      vertex 6.29116 -28 12.4137
      vertex 6.08589 -23 12.4545
      vertex 6.08589 -28 12.4545
    endloop
  endfacet
  facet normal -0.659367 0 0.751821
    outer loop
      vertex 8.47402 -23 12.7306
      vertex 8.63137 -28 12.8686
      vertex 8.63137 -23 12.8686
    endloop
  endfacet
  facet normal -0.659367 0 0.751821
    outer loop
      vertex 8.63137 -28 12.8686
      vertex 8.47402 -23 12.7306
      vertex 8.47402 -28 12.7306
    endloop
  endfacet
  facet normal -0.751925 0 0.659248
    outer loop
      vertex 8.63137 -28 12.8686
      vertex 8.76937 -23 13.026
      vertex 8.63137 -23 12.8686
    endloop
  endfacet
  facet normal -0.751925 0 0.659248
    outer loop
      vertex 8.76937 -23 13.026
      vertex 8.63137 -28 12.8686
      vertex 8.76937 -28 13.026
    endloop
  endfacet
  facet normal 0 0 -1
    outer loop
      vertex 6.5 -28 15.6
      vertex 7.5 -23 15.6
      vertex 7.5 -28 15.6
    endloop
  endfacet
  facet normal -0 0 -1
    outer loop
      vertex 7.5 -23 15.6
      vertex 6.5 -28 15.6
      vertex 6.5 -23 15.6
    endloop
  endfacet
  facet normal -0.0654598 0 -0.997855
    outer loop
      vertex 7.5 -28 15.6
      vertex 7.70884 -23 15.5863
      vertex 7.70884 -28 15.5863
    endloop
  endfacet
  facet normal -0.0654598 0 -0.997855
    outer loop
      vertex 7.70884 -23 15.5863
      vertex 7.5 -28 15.6
      vertex 7.5 -23 15.6
    endloop
  endfacet
  facet normal -0.997858 0 -0.0654247
    outer loop
      vertex 9.1 -28 14
      vertex 9.08631 -23 14.2088
      vertex 9.1 -23 14
    endloop
  endfacet
  facet normal -0.997858 -0 -0.0654247
    outer loop
      vertex 9.08631 -23 14.2088
      vertex 9.1 -28 14
      vertex 9.08631 -28 14.2088
    endloop
  endfacet
  facet normal 0.89686 -0 0.442314
    outer loop
      vertex 5.02179 -28 13.3877
      vertex 5.11436 -23 13.2
      vertex 5.02179 -23 13.3877
    endloop
  endfacet
  facet normal 0.89686 0 0.442314
    outer loop
      vertex 5.11436 -23 13.2
      vertex 5.02179 -28 13.3877
      vertex 5.11436 -28 13.2
    endloop
  endfacet
  facet normal 0.751925 -0 0.659248
    outer loop
      vertex 5.23063 -28 13.026
      vertex 5.36863 -23 12.8686
      vertex 5.23063 -23 13.026
    endloop
  endfacet
  facet normal 0.751925 0 0.659248
    outer loop
      vertex 5.36863 -23 12.8686
      vertex 5.23063 -28 13.026
      vertex 5.36863 -28 12.8686
    endloop
  endfacet
  facet normal 0.555318 0 0.831638
    outer loop
      vertex 5.52598 -23 12.7306
      vertex 5.7 -28 12.6144
      vertex 5.7 -23 12.6144
    endloop
  endfacet
  facet normal 0.555318 0 0.831638
    outer loop
      vertex 5.7 -28 12.6144
      vertex 5.52598 -23 12.7306
      vertex 5.52598 -28 12.7306
    endloop
  endfacet
  facet normal 0.659367 0 0.751821
    outer loop
      vertex 5.36863 -23 12.8686
      vertex 5.52598 -28 12.7306
      vertex 5.52598 -23 12.7306
    endloop
  endfacet
  facet normal 0.659367 0 0.751821
    outer loop
      vertex 5.52598 -28 12.7306
      vertex 5.36863 -23 12.8686
      vertex 5.36863 -28 12.8686
    endloop
  endfacet
  facet normal -0.194949 0 0.980813
    outer loop
      vertex 7.70884 -23 12.4137
      vertex 7.91411 -28 12.4545
      vertex 7.91411 -23 12.4545
    endloop
  endfacet
  facet normal -0.194949 0 0.980813
    outer loop
      vertex 7.91411 -28 12.4545
      vertex 7.70884 -23 12.4137
      vertex 7.70884 -28 12.4137
    endloop
  endfacet
  facet normal -0 0 1
    outer loop
      vertex 6.5 -23 12.4
      vertex 7.5 -28 12.4
      vertex 7.5 -23 12.4
    endloop
  endfacet
  facet normal 0 0 1
    outer loop
      vertex 7.5 -28 12.4
      vertex 6.5 -23 12.4
      vertex 6.5 -28 12.4
    endloop
  endfacet
  facet normal 0.321555 0 0.946891
    outer loop
      vertex 5.88771 -23 12.5218
      vertex 6.08589 -28 12.4545
      vertex 6.08589 -23 12.4545
    endloop
  endfacet
  facet normal 0.321555 0 0.946891
    outer loop
      vertex 6.08589 -28 12.4545
      vertex 5.88771 -23 12.5218
      vertex 5.88771 -28 12.5218
    endloop
  endfacet
  facet normal -0.946944 0 0.321397
    outer loop
      vertex 8.97821 -28 13.3877
      vertex 9.04548 -23 13.5859
      vertex 8.97821 -23 13.3877
    endloop
  endfacet
  facet normal -0.946944 0 0.321397
    outer loop
      vertex 9.04548 -23 13.5859
      vertex 8.97821 -28 13.3877
      vertex 9.04548 -28 13.5859
    endloop
  endfacet
  facet normal -0.89686 0 0.442314
    outer loop
      vertex 8.88564 -28 13.2
      vertex 8.97821 -23 13.3877
      vertex 8.88564 -23 13.2
    endloop
  endfacet
  facet normal -0.89686 0 0.442314
    outer loop
      vertex 8.97821 -23 13.3877
      vertex 8.88564 -28 13.2
      vertex 8.97821 -28 13.3877
    endloop
  endfacet
  facet normal -0.555318 0 0.831638
    outer loop
      vertex 8.3 -23 12.6144
      vertex 8.47402 -28 12.7306
      vertex 8.47402 -23 12.7306
    endloop
  endfacet
  facet normal -0.555318 0 0.831638
    outer loop
      vertex 8.47402 -28 12.7306
      vertex 8.3 -23 12.6144
      vertex 8.3 -28 12.6144
    endloop
  endfacet
  facet normal 0.555318 0 -0.831638
    outer loop
      vertex 5.52598 -28 15.2694
      vertex 5.7 -23 15.3856
      vertex 5.7 -28 15.3856
    endloop
  endfacet
  facet normal 0.555318 0 -0.831638
    outer loop
      vertex 5.7 -23 15.3856
      vertex 5.52598 -28 15.2694
      vertex 5.52598 -23 15.2694
    endloop
  endfacet
  facet normal 0.89686 0 -0.442314
    outer loop
      vertex 5.11436 -28 14.8
      vertex 5.02179 -23 14.6123
      vertex 5.11436 -23 14.8
    endloop
  endfacet
  facet normal 0.89686 0 -0.442314
    outer loop
      vertex 5.02179 -23 14.6123
      vertex 5.11436 -28 14.8
      vertex 5.02179 -28 14.6123
    endloop
  endfacet
  facet normal 0.194949 0 -0.980813
    outer loop
      vertex 6.08589 -28 15.5455
      vertex 6.29116 -23 15.5863
      vertex 6.29116 -28 15.5863
    endloop
  endfacet
  facet normal 0.194949 0 -0.980813
    outer loop
      vertex 6.29116 -23 15.5863
      vertex 6.08589 -28 15.5455
      vertex 6.08589 -23 15.5455
    endloop
  endfacet
  facet normal -0.831454 0 -0.555593
    outer loop
      vertex 8.88564 -28 14.8
      vertex 8.76937 -23 14.974
      vertex 8.88564 -23 14.8
    endloop
  endfacet
  facet normal -0.831454 -0 -0.555593
    outer loop
      vertex 8.76937 -23 14.974
      vertex 8.88564 -28 14.8
      vertex 8.76937 -28 14.974
    endloop
  endfacet
  facet normal -0.89686 0 -0.442314
    outer loop
      vertex 8.97821 -28 14.6123
      vertex 8.88564 -23 14.8
      vertex 8.97821 -23 14.6123
    endloop
  endfacet
  facet normal -0.89686 -0 -0.442314
    outer loop
      vertex 8.88564 -23 14.8
      vertex 8.97821 -28 14.6123
      vertex 8.88564 -28 14.8
    endloop
  endfacet
  facet normal -0.555318 0 -0.831638
    outer loop
      vertex 8.3 -28 15.3856
      vertex 8.47402 -23 15.2694
      vertex 8.47402 -28 15.2694
    endloop
  endfacet
  facet normal -0.555318 0 -0.831638
    outer loop
      vertex 8.47402 -23 15.2694
      vertex 8.3 -28 15.3856
      vertex 8.3 -23 15.3856
    endloop
  endfacet
  facet normal -0.0654598 0 0.997855
    outer loop
      vertex 7.5 -23 12.4
      vertex 7.70884 -28 12.4137
      vertex 7.70884 -23 12.4137
    endloop
  endfacet
  facet normal -0.0654598 0 0.997855
    outer loop
      vertex 7.70884 -28 12.4137
      vertex 7.5 -23 12.4
      vertex 7.5 -28 12.4
    endloop
  endfacet
  facet normal 0.659367 0 -0.751821
    outer loop
      vertex 5.36863 -28 15.1314
      vertex 5.52598 -23 15.2694
      vertex 5.52598 -28 15.2694
    endloop
  endfacet
  facet normal 0.659367 0 -0.751821
    outer loop
      vertex 5.52598 -23 15.2694
      vertex 5.36863 -28 15.1314
      vertex 5.36863 -23 15.1314
    endloop
  endfacet
  facet normal 0.44241 0 -0.896813
    outer loop
      vertex 5.7 -28 15.3856
      vertex 5.88771 -23 15.4782
      vertex 5.88771 -28 15.4782
    endloop
  endfacet
  facet normal 0.44241 0 -0.896813
    outer loop
      vertex 5.88771 -23 15.4782
      vertex 5.7 -28 15.3856
      vertex 5.7 -23 15.3856
    endloop
  endfacet
  facet normal 0.980791 0 -0.195059
    outer loop
      vertex 4.95452 -28 14.4141
      vertex 4.91369 -23 14.2088
      vertex 4.95452 -23 14.4141
    endloop
  endfacet
  facet normal 0.980791 0 -0.195059
    outer loop
      vertex 4.91369 -23 14.2088
      vertex 4.95452 -28 14.4141
      vertex 4.91369 -28 14.2088
    endloop
  endfacet
  facet normal 0.831454 0 -0.555593
    outer loop
      vertex 5.23063 -28 14.974
      vertex 5.11436 -23 14.8
      vertex 5.23063 -23 14.974
    endloop
  endfacet
  facet normal 0.831454 0 -0.555593
    outer loop
      vertex 5.11436 -23 14.8
      vertex 5.23063 -28 14.974
      vertex 5.11436 -28 14.8
    endloop
  endfacet
  facet normal 0.321555 0 -0.946891
    outer loop
      vertex 5.88771 -28 15.4782
      vertex 6.08589 -23 15.5455
      vertex 6.08589 -28 15.5455
    endloop
  endfacet
  facet normal 0.321555 0 -0.946891
    outer loop
      vertex 6.08589 -23 15.5455
      vertex 5.88771 -28 15.4782
      vertex 5.88771 -23 15.4782
    endloop
  endfacet
  facet normal -0.659367 0 -0.751821
    outer loop
      vertex 8.47402 -28 15.2694
      vertex 8.63137 -23 15.1314
      vertex 8.63137 -28 15.1314
    endloop
  endfacet
  facet normal -0.659367 0 -0.751821
    outer loop
      vertex 8.63137 -23 15.1314
      vertex 8.47402 -28 15.2694
      vertex 8.47402 -23 15.2694
    endloop
  endfacet
  facet normal -0.194949 0 -0.980813
    outer loop
      vertex 7.70884 -28 15.5863
      vertex 7.91411 -23 15.5455
      vertex 7.91411 -28 15.5455
    endloop
  endfacet
  facet normal -0.194949 0 -0.980813
    outer loop
      vertex 7.91411 -23 15.5455
      vertex 7.70884 -28 15.5863
      vertex 7.70884 -23 15.5863
    endloop
  endfacet
  facet normal -0.321555 0 -0.946891
    outer loop
      vertex 7.91411 -28 15.5455
      vertex 8.11229 -23 15.4782
      vertex 8.11229 -28 15.4782
    endloop
  endfacet
  facet normal -0.321555 0 -0.946891
    outer loop
      vertex 8.11229 -23 15.4782
      vertex 7.91411 -28 15.5455
      vertex 7.91411 -23 15.5455
    endloop
  endfacet
  facet normal -0.321555 0 0.946891
    outer loop
      vertex 7.91411 -23 12.4545
      vertex 8.11229 -28 12.5218
      vertex 8.11229 -23 12.5218
    endloop
  endfacet
  facet normal -0.321555 0 0.946891
    outer loop
      vertex 8.11229 -28 12.5218
      vertex 7.91411 -23 12.4545
      vertex 7.91411 -28 12.4545
    endloop
  endfacet
  facet normal 0.946944 0 -0.321397
    outer loop
      vertex 5.02179 -28 14.6123
      vertex 4.95452 -23 14.4141
      vertex 5.02179 -23 14.6123
    endloop
  endfacet
  facet normal 0.946944 0 -0.321397
    outer loop
      vertex 4.95452 -23 14.4141
      vertex 5.02179 -28 14.6123
      vertex 4.95452 -28 14.4141
    endloop
  endfacet
  facet normal 0.0654594 0 0.997855
    outer loop
      vertex -0.208841 -23 18.9137
      vertex 0 -28 18.9
      vertex 0 -23 18.9
    endloop
  endfacet
  facet normal 0.0654594 0 0.997855
    outer loop
      vertex 0 -28 18.9
      vertex -0.208841 -23 18.9137
      vertex -0.208841 -28 18.9137
    endloop
  endfacet
  facet normal -0.19495 0 -0.980813
    outer loop
      vertex 0.208841 -28 23.0863
      vertex 0.41411 -23 23.0455
      vertex 0.41411 -28 23.0455
    endloop
  endfacet
  facet normal -0.19495 0 -0.980813
    outer loop
      vertex 0.41411 -23 23.0455
      vertex 0.208841 -28 23.0863
      vertex 0.208841 -23 23.0863
    endloop
  endfacet
  facet normal 0.321551 0 -0.946892
    outer loop
      vertex -0.612293 -28 22.9782
      vertex -0.41411 -23 23.0455
      vertex -0.41411 -28 23.0455
    endloop
  endfacet
  facet normal 0.321551 0 -0.946892
    outer loop
      vertex -0.41411 -23 23.0455
      vertex -0.612293 -28 22.9782
      vertex -0.612293 -23 22.9782
    endloop
  endfacet
  facet normal -0.19495 0 0.980813
    outer loop
      vertex 0.208841 -23 18.9137
      vertex 0.41411 -28 18.9545
      vertex 0.41411 -23 18.9545
    endloop
  endfacet
  facet normal -0.19495 0 0.980813
    outer loop
      vertex 0.41411 -28 18.9545
      vertex 0.208841 -23 18.9137
      vertex 0.208841 -28 18.9137
    endloop
  endfacet
  facet normal -0.997858 0 0.0654247
    outer loop
      vertex 1.58631 -28 20.2912
      vertex 1.6 -23 20.5
      vertex 1.58631 -23 20.2912
    endloop
  endfacet
  facet normal -0.997858 0 0.0654247
    outer loop
      vertex 1.6 -23 20.5
      vertex 1.58631 -28 20.2912
      vertex 1.6 -28 20.5
    endloop
  endfacet
  facet normal -0.55532 0 -0.831637
    outer loop
      vertex 0.799999 -28 22.8856
      vertex 0.974018 -23 22.7694
      vertex 0.974018 -28 22.7694
    endloop
  endfacet
  facet normal -0.55532 0 -0.831637
    outer loop
      vertex 0.974018 -23 22.7694
      vertex 0.799999 -28 22.8856
      vertex 0.799999 -23 22.8856
    endloop
  endfacet
  facet normal 0.659362 0 -0.751826
    outer loop
      vertex -1.13137 -28 22.6314
      vertex -0.974018 -23 22.7694
      vertex -0.974018 -28 22.7694
    endloop
  endfacet
  facet normal 0.659362 0 -0.751826
    outer loop
      vertex -0.974018 -23 22.7694
      vertex -1.13137 -28 22.6314
      vertex -1.13137 -23 22.6314
    endloop
  endfacet
  facet normal 0.89686 0 -0.442314
    outer loop
      vertex -1.38564 -28 22.3
      vertex -1.47821 -23 22.1123
      vertex -1.38564 -23 22.3
    endloop
  endfacet
  facet normal 0.89686 0 -0.442314
    outer loop
      vertex -1.47821 -23 22.1123
      vertex -1.38564 -28 22.3
      vertex -1.47821 -28 22.1123
    endloop
  endfacet
  facet normal 0.19495 0 -0.980813
    outer loop
      vertex -0.41411 -28 23.0455
      vertex -0.208841 -23 23.0863
      vertex -0.208841 -28 23.0863
    endloop
  endfacet
  facet normal 0.19495 0 -0.980813
    outer loop
      vertex -0.208841 -23 23.0863
      vertex -0.41411 -28 23.0455
      vertex -0.41411 -23 23.0455
    endloop
  endfacet
  facet normal -0.0654594 0 0.997855
    outer loop
      vertex 0 -23 18.9
      vertex 0.208841 -28 18.9137
      vertex 0.208841 -23 18.9137
    endloop
  endfacet
  facet normal -0.0654594 0 0.997855
    outer loop
      vertex 0.208841 -28 18.9137
      vertex 0 -23 18.9
      vertex 0 -28 18.9
    endloop
  endfacet
  facet normal -0.321551 0 0.946892
    outer loop
      vertex 0.41411 -23 18.9545
      vertex 0.612293 -28 19.0218
      vertex 0.612293 -23 19.0218
    endloop
  endfacet
  facet normal -0.321551 0 0.946892
    outer loop
      vertex 0.612293 -28 19.0218
      vertex 0.41411 -23 18.9545
      vertex 0.41411 -28 18.9545
    endloop
  endfacet
  facet normal -0.55532 0 0.831637
    outer loop
      vertex 0.799999 -23 19.1144
      vertex 0.974018 -28 19.2306
      vertex 0.974018 -23 19.2306
    endloop
  endfacet
  facet normal -0.55532 0 0.831637
    outer loop
      vertex 0.974018 -28 19.2306
      vertex 0.799999 -23 19.1144
      vertex 0.799999 -28 19.1144
    endloop
  endfacet
  facet normal -0.89686 0 0.442314
    outer loop
      vertex 1.38564 -28 19.7
      vertex 1.47821 -23 19.8877
      vertex 1.38564 -23 19.7
    endloop
  endfacet
  facet normal -0.89686 0 0.442314
    outer loop
      vertex 1.47821 -23 19.8877
      vertex 1.38564 -28 19.7
      vertex 1.47821 -28 19.8877
    endloop
  endfacet
  facet normal -0.980791 0 0.195059
    outer loop
      vertex 1.54548 -28 20.0859
      vertex 1.58631 -23 20.2912
      vertex 1.54548 -23 20.0859
    endloop
  endfacet
  facet normal -0.980791 0 0.195059
    outer loop
      vertex 1.58631 -23 20.2912
      vertex 1.54548 -28 20.0859
      vertex 1.58631 -28 20.2912
    endloop
  endfacet
  facet normal -0.659362 0 -0.751826
    outer loop
      vertex 0.974018 -28 22.7694
      vertex 1.13137 -23 22.6314
      vertex 1.13137 -28 22.6314
    endloop
  endfacet
  facet normal -0.659362 0 -0.751826
    outer loop
      vertex 1.13137 -23 22.6314
      vertex 0.974018 -28 22.7694
      vertex 0.974018 -23 22.7694
    endloop
  endfacet
  facet normal 1 -0 0
    outer loop
      vertex -1.6 -28 21.5
      vertex -1.6 -23 20.5
      vertex -1.6 -23 21.5
    endloop
  endfacet
  facet normal 1 0 0
    outer loop
      vertex -1.6 -23 20.5
      vertex -1.6 -28 21.5
      vertex -1.6 -28 20.5
    endloop
  endfacet
  facet normal 0.997858 0 -0.0654247
    outer loop
      vertex -1.58631 -28 21.7088
      vertex -1.6 -23 21.5
      vertex -1.58631 -23 21.7088
    endloop
  endfacet
  facet normal 0.997858 0 -0.0654247
    outer loop
      vertex -1.6 -23 21.5
      vertex -1.58631 -28 21.7088
      vertex -1.6 -28 21.5
    endloop
  endfacet
  facet normal 0.0654594 0 -0.997855
    outer loop
      vertex -0.208841 -28 23.0863
      vertex 0 -23 23.1
      vertex 0 -28 23.1
    endloop
  endfacet
  facet normal 0.0654594 0 -0.997855
    outer loop
      vertex 0 -23 23.1
      vertex -0.208841 -28 23.0863
      vertex -0.208841 -23 23.0863
    endloop
  endfacet
  facet normal -0.0654594 0 -0.997855
    outer loop
      vertex 0 -28 23.1
      vertex 0.208841 -23 23.0863
      vertex 0.208841 -28 23.0863
    endloop
  endfacet
  facet normal -0.0654594 0 -0.997855
    outer loop
      vertex 0.208841 -23 23.0863
      vertex 0 -28 23.1
      vertex 0 -23 23.1
    endloop
  endfacet
  facet normal -0.442418 0 0.896809
    outer loop
      vertex 0.612293 -23 19.0218
      vertex 0.799999 -28 19.1144
      vertex 0.799999 -23 19.1144
    endloop
  endfacet
  facet normal -0.442418 0 0.896809
    outer loop
      vertex 0.799999 -28 19.1144
      vertex 0.612293 -23 19.0218
      vertex 0.612293 -28 19.0218
    endloop
  endfacet
  facet normal -0.659362 0 0.751826
    outer loop
      vertex 0.974018 -23 19.2306
      vertex 1.13137 -28 19.3686
      vertex 1.13137 -23 19.3686
    endloop
  endfacet
  facet normal -0.659362 0 0.751826
    outer loop
      vertex 1.13137 -28 19.3686
      vertex 0.974018 -23 19.2306
      vertex 0.974018 -28 19.2306
    endloop
  endfacet
  facet normal -0.831454 0 0.555593
    outer loop
      vertex 1.26937 -28 19.526
      vertex 1.38564 -23 19.7
      vertex 1.26937 -23 19.526
    endloop
  endfacet
  facet normal -0.831454 0 0.555593
    outer loop
      vertex 1.38564 -23 19.7
      vertex 1.26937 -28 19.526
      vertex 1.38564 -28 19.7
    endloop
  endfacet
  facet normal -0.751925 0 0.659248
    outer loop
      vertex 1.13137 -28 19.3686
      vertex 1.26937 -23 19.526
      vertex 1.13137 -23 19.3686
    endloop
  endfacet
  facet normal -0.751925 0 0.659248
    outer loop
      vertex 1.26937 -23 19.526
      vertex 1.13137 -28 19.3686
      vertex 1.26937 -28 19.526
    endloop
  endfacet
  facet normal -0.997858 0 -0.0654247
    outer loop
      vertex 1.6 -28 21.5
      vertex 1.58631 -23 21.7088
      vertex 1.6 -23 21.5
    endloop
  endfacet
  facet normal -0.997858 -0 -0.0654247
    outer loop
      vertex 1.58631 -23 21.7088
      vertex 1.6 -28 21.5
      vertex 1.58631 -28 21.7088
    endloop
  endfacet
  facet normal -1 0 0
    outer loop
      vertex 1.6 -28 20.5
      vertex 1.6 -23 21.5
      vertex 1.6 -23 20.5
    endloop
  endfacet
  facet normal -1 -0 0
    outer loop
      vertex 1.6 -23 21.5
      vertex 1.6 -28 20.5
      vertex 1.6 -28 21.5
    endloop
  endfacet
  facet normal -0.946944 0 0.321397
    outer loop
      vertex 1.47821 -28 19.8877
      vertex 1.54548 -23 20.0859
      vertex 1.47821 -23 19.8877
    endloop
  endfacet
  facet normal -0.946944 0 0.321397
    outer loop
      vertex 1.54548 -23 20.0859
      vertex 1.47821 -28 19.8877
      vertex 1.54548 -28 20.0859
    endloop
  endfacet
  facet normal -0.321551 0 -0.946892
    outer loop
      vertex 0.41411 -28 23.0455
      vertex 0.612293 -23 22.9782
      vertex 0.612293 -28 22.9782
    endloop
  endfacet
  facet normal -0.321551 0 -0.946892
    outer loop
      vertex 0.612293 -23 22.9782
      vertex 0.41411 -28 23.0455
      vertex 0.41411 -23 23.0455
    endloop
  endfacet
  facet normal -0.442418 0 -0.896809
    outer loop
      vertex 0.612293 -28 22.9782
      vertex 0.799999 -23 22.8856
      vertex 0.799999 -28 22.8856
    endloop
  endfacet
  facet normal -0.442418 0 -0.896809
    outer loop
      vertex 0.799999 -23 22.8856
      vertex 0.612293 -28 22.9782
      vertex 0.612293 -23 22.9782
    endloop
  endfacet
  facet normal -0.751925 0 -0.659248
    outer loop
      vertex 1.26937 -28 22.474
      vertex 1.13137 -23 22.6314
      vertex 1.26937 -23 22.474
    endloop
  endfacet
  facet normal -0.751925 -0 -0.659248
    outer loop
      vertex 1.13137 -23 22.6314
      vertex 1.26937 -28 22.474
      vertex 1.13137 -28 22.6314
    endloop
  endfacet
  facet normal -0.831454 0 -0.555593
    outer loop
      vertex 1.38564 -28 22.3
      vertex 1.26937 -23 22.474
      vertex 1.38564 -23 22.3
    endloop
  endfacet
  facet normal -0.831454 -0 -0.555593
    outer loop
      vertex 1.26937 -23 22.474
      vertex 1.38564 -28 22.3
      vertex 1.26937 -28 22.474
    endloop
  endfacet
  facet normal -0.89686 0 -0.442314
    outer loop
      vertex 1.47821 -28 22.1123
      vertex 1.38564 -23 22.3
      vertex 1.47821 -23 22.1123
    endloop
  endfacet
  facet normal -0.89686 -0 -0.442314
    outer loop
      vertex 1.38564 -23 22.3
      vertex 1.47821 -28 22.1123
      vertex 1.38564 -28 22.3
    endloop
  endfacet
  facet normal 0.831454 -0 0.555593
    outer loop
      vertex -1.38564 -28 19.7
      vertex -1.26937 -23 19.526
      vertex -1.38564 -23 19.7
    endloop
  endfacet
  facet normal 0.831454 0 0.555593
    outer loop
      vertex -1.26937 -23 19.526
      vertex -1.38564 -28 19.7
      vertex -1.26937 -28 19.526
    endloop
  endfacet
  facet normal 0.997858 -0 0.0654247
    outer loop
      vertex -1.6 -28 20.5
      vertex -1.58631 -23 20.2912
      vertex -1.6 -23 20.5
    endloop
  endfacet
  facet normal 0.997858 0 0.0654247
    outer loop
      vertex -1.58631 -23 20.2912
      vertex -1.6 -28 20.5
      vertex -1.58631 -28 20.2912
    endloop
  endfacet
  facet normal 0.980791 -0 0.195059
    outer loop
      vertex -1.58631 -28 20.2912
      vertex -1.54548 -23 20.0859
      vertex -1.58631 -23 20.2912
    endloop
  endfacet
  facet normal 0.980791 0 0.195059
    outer loop
      vertex -1.54548 -23 20.0859
      vertex -1.58631 -28 20.2912
      vertex -1.54548 -28 20.0859
    endloop
  endfacet
  facet normal 0.89686 -0 0.442314
    outer loop
      vertex -1.47821 -28 19.8877
      vertex -1.38564 -23 19.7
      vertex -1.47821 -23 19.8877
    endloop
  endfacet
  facet normal 0.89686 0 0.442314
    outer loop
      vertex -1.38564 -23 19.7
      vertex -1.47821 -28 19.8877
      vertex -1.38564 -28 19.7
    endloop
  endfacet
  facet normal 0.55532 0 -0.831637
    outer loop
      vertex -0.974018 -28 22.7694
      vertex -0.799999 -23 22.8856
      vertex -0.799999 -28 22.8856
    endloop
  endfacet
  facet normal 0.55532 0 -0.831637
    outer loop
      vertex -0.799999 -23 22.8856
      vertex -0.974018 -28 22.7694
      vertex -0.974018 -23 22.7694
    endloop
  endfacet
  facet normal 0.442418 0 -0.896809
    outer loop
      vertex -0.799999 -28 22.8856
      vertex -0.612293 -23 22.9782
      vertex -0.612293 -28 22.9782
    endloop
  endfacet
  facet normal 0.442418 0 -0.896809
    outer loop
      vertex -0.612293 -23 22.9782
      vertex -0.799999 -28 22.8856
      vertex -0.799999 -23 22.8856
    endloop
  endfacet
  facet normal 0.831454 0 -0.555593
    outer loop
      vertex -1.26937 -28 22.474
      vertex -1.38564 -23 22.3
      vertex -1.26937 -23 22.474
    endloop
  endfacet
  facet normal 0.831454 0 -0.555593
    outer loop
      vertex -1.38564 -23 22.3
      vertex -1.26937 -28 22.474
      vertex -1.38564 -28 22.3
    endloop
  endfacet
  facet normal 0.751925 -0 0.659248
    outer loop
      vertex -1.26937 -28 19.526
      vertex -1.13137 -23 19.3686
      vertex -1.26937 -23 19.526
    endloop
  endfacet
  facet normal 0.751925 0 0.659248
    outer loop
      vertex -1.13137 -23 19.3686
      vertex -1.26937 -28 19.526
      vertex -1.13137 -28 19.3686
    endloop
  endfacet
  facet normal 0.321551 0 0.946892
    outer loop
      vertex -0.612293 -23 19.0218
      vertex -0.41411 -28 18.9545
      vertex -0.41411 -23 18.9545
    endloop
  endfacet
  facet normal 0.321551 0 0.946892
    outer loop
      vertex -0.41411 -28 18.9545
      vertex -0.612293 -23 19.0218
      vertex -0.612293 -28 19.0218
    endloop
  endfacet
  facet normal 0.19495 0 0.980813
    outer loop
      vertex -0.41411 -23 18.9545
      vertex -0.208841 -28 18.9137
      vertex -0.208841 -23 18.9137
    endloop
  endfacet
  facet normal 0.19495 0 0.980813
    outer loop
      vertex -0.208841 -28 18.9137
      vertex -0.41411 -23 18.9545
      vertex -0.41411 -28 18.9545
    endloop
  endfacet
  facet normal 0.55532 0 0.831637
    outer loop
      vertex -0.974018 -23 19.2306
      vertex -0.799999 -28 19.1144
      vertex -0.799999 -23 19.1144
    endloop
  endfacet
  facet normal 0.55532 0 0.831637
    outer loop
      vertex -0.799999 -28 19.1144
      vertex -0.974018 -23 19.2306
      vertex -0.974018 -28 19.2306
    endloop
  endfacet
  facet normal 0.751925 0 -0.659248
    outer loop
      vertex -1.13137 -28 22.6314
      vertex -1.26937 -23 22.474
      vertex -1.13137 -23 22.6314
    endloop
  endfacet
  facet normal 0.751925 0 -0.659248
    outer loop
      vertex -1.26937 -23 22.474
      vertex -1.13137 -28 22.6314
      vertex -1.26937 -28 22.474
    endloop
  endfacet
  facet normal 0.980791 0 -0.195059
    outer loop
      vertex -1.54548 -28 21.9141
      vertex -1.58631 -23 21.7088
      vertex -1.54548 -23 21.9141
    endloop
  endfacet
  facet normal 0.980791 0 -0.195059
    outer loop
      vertex -1.58631 -23 21.7088
      vertex -1.54548 -28 21.9141
      vertex -1.58631 -28 21.7088
    endloop
  endfacet
  facet normal 0.946944 0 -0.321397
    outer loop
      vertex -1.47821 -28 22.1123
      vertex -1.54548 -23 21.9141
      vertex -1.47821 -23 22.1123
    endloop
  endfacet
  facet normal 0.946944 0 -0.321397
    outer loop
      vertex -1.54548 -23 21.9141
      vertex -1.47821 -28 22.1123
      vertex -1.54548 -28 21.9141
    endloop
  endfacet
  facet normal -0.946944 0 -0.321397
    outer loop
      vertex 1.54548 -28 21.9141
      vertex 1.47821 -23 22.1123
      vertex 1.54548 -23 21.9141
    endloop
  endfacet
  facet normal -0.946944 -0 -0.321397
    outer loop
      vertex 1.47821 -23 22.1123
      vertex 1.54548 -28 21.9141
      vertex 1.47821 -28 22.1123
    endloop
  endfacet
  facet normal -0.980791 0 -0.195059
    outer loop
      vertex 1.58631 -28 21.7088
      vertex 1.54548 -23 21.9141
      vertex 1.58631 -23 21.7088
    endloop
  endfacet
  facet normal -0.980791 -0 -0.195059
    outer loop
      vertex 1.54548 -23 21.9141
      vertex 1.58631 -28 21.7088
      vertex 1.54548 -28 21.9141
    endloop
  endfacet
  facet normal 0.659362 0 0.751826
    outer loop
      vertex -1.13137 -23 19.3686
      vertex -0.974018 -28 19.2306
      vertex -0.974018 -23 19.2306
    endloop
  endfacet
  facet normal 0.659362 0 0.751826
    outer loop
      vertex -0.974018 -28 19.2306
      vertex -1.13137 -23 19.3686
      vertex -1.13137 -28 19.3686
    endloop
  endfacet
  facet normal 0.442418 0 0.896809
    outer loop
      vertex -0.799999 -23 19.1144
      vertex -0.612293 -28 19.0218
      vertex -0.612293 -23 19.0218
    endloop
  endfacet
  facet normal 0.442418 0 0.896809
    outer loop
      vertex -0.612293 -28 19.0218
      vertex -0.799999 -23 19.1144
      vertex -0.799999 -28 19.1144
    endloop
  endfacet
  facet normal 0.946944 -0 0.321397
    outer loop
      vertex -1.54548 -28 20.0859
      vertex -1.47821 -23 19.8877
      vertex -1.54548 -23 20.0859
    endloop
  endfacet
  facet normal 0.946944 0 0.321397
    outer loop
      vertex -1.47821 -23 19.8877
      vertex -1.54548 -28 20.0859
      vertex -1.47821 -28 19.8877
    endloop
  endfacet
  facet normal -0.997858 0 0.0654247
    outer loop
      vertex -4.91369 -28 13.7912
      vertex -4.9 -23 14
      vertex -4.91369 -23 13.7912
    endloop
  endfacet
  facet normal -0.997858 0 0.0654247
    outer loop
      vertex -4.9 -23 14
      vertex -4.91369 -28 13.7912
      vertex -4.9 -28 14
    endloop
  endfacet
  facet normal -0.997858 0 -0.0654247
    outer loop
      vertex -4.9 -28 14
      vertex -4.91369 -23 14.2088
      vertex -4.9 -23 14
    endloop
  endfacet
  facet normal -0.997858 -0 -0.0654247
    outer loop
      vertex -4.91369 -23 14.2088
      vertex -4.9 -28 14
      vertex -4.91369 -28 14.2088
    endloop
  endfacet
  facet normal 0.555318 0 -0.831638
    outer loop
      vertex -8.47402 -28 15.2694
      vertex -8.3 -23 15.3856
      vertex -8.3 -28 15.3856
    endloop
  endfacet
  facet normal 0.555318 0 -0.831638
    outer loop
      vertex -8.3 -23 15.3856
      vertex -8.47402 -28 15.2694
      vertex -8.47402 -23 15.2694
    endloop
  endfacet
  facet normal -0.44241 0 0.896813
    outer loop
      vertex -5.88771 -23 12.5218
      vertex -5.7 -28 12.6144
      vertex -5.7 -23 12.6144
    endloop
  endfacet
  facet normal -0.44241 0 0.896813
    outer loop
      vertex -5.7 -28 12.6144
      vertex -5.88771 -23 12.5218
      vertex -5.88771 -28 12.5218
    endloop
  endfacet
  facet normal -0.980791 0 -0.195059
    outer loop
      vertex -4.91369 -28 14.2088
      vertex -4.95452 -23 14.4141
      vertex -4.91369 -23 14.2088
    endloop
  endfacet
  facet normal -0.980791 -0 -0.195059
    outer loop
      vertex -4.95452 -23 14.4141
      vertex -4.91369 -28 14.2088
      vertex -4.95452 -28 14.4141
    endloop
  endfacet
  facet normal -0.0654598 0 -0.997855
    outer loop
      vertex -6.5 -28 15.6
      vertex -6.29116 -23 15.5863
      vertex -6.29116 -28 15.5863
    endloop
  endfacet
  facet normal -0.0654598 0 -0.997855
    outer loop
      vertex -6.29116 -23 15.5863
      vertex -6.5 -28 15.6
      vertex -6.5 -23 15.6
    endloop
  endfacet
  facet normal -0.946944 0 -0.321397
    outer loop
      vertex -4.95452 -28 14.4141
      vertex -5.02179 -23 14.6123
      vertex -4.95452 -23 14.4141
    endloop
  endfacet
  facet normal -0.946944 -0 -0.321397
    outer loop
      vertex -5.02179 -23 14.6123
      vertex -4.95452 -28 14.4141
      vertex -5.02179 -28 14.6123
    endloop
  endfacet
  facet normal -0.555318 0 -0.831638
    outer loop
      vertex -5.7 -28 15.3856
      vertex -5.52598 -23 15.2694
      vertex -5.52598 -28 15.2694
    endloop
  endfacet
  facet normal -0.555318 0 -0.831638
    outer loop
      vertex -5.52598 -23 15.2694
      vertex -5.7 -28 15.3856
      vertex -5.7 -23 15.3856
    endloop
  endfacet
  facet normal 0.831454 0 -0.555593
    outer loop
      vertex -8.76937 -28 14.974
      vertex -8.88564 -23 14.8
      vertex -8.76937 -23 14.974
    endloop
  endfacet
  facet normal 0.831454 0 -0.555593
    outer loop
      vertex -8.88564 -23 14.8
      vertex -8.76937 -28 14.974
      vertex -8.88564 -28 14.8
    endloop
  endfacet
  facet normal -0 0 1
    outer loop
      vertex -7.5 -23 12.4
      vertex -6.5 -28 12.4
      vertex -6.5 -23 12.4
    endloop
  endfacet
  facet normal 0 0 1
    outer loop
      vertex -6.5 -28 12.4
      vertex -7.5 -23 12.4
      vertex -7.5 -28 12.4
    endloop
  endfacet
  facet normal 0.997858 -0 0.0654247
    outer loop
      vertex -9.1 -28 14
      vertex -9.08631 -23 13.7912
      vertex -9.1 -23 14
    endloop
  endfacet
  facet normal 0.997858 0 0.0654247
    outer loop
      vertex -9.08631 -23 13.7912
      vertex -9.1 -28 14
      vertex -9.08631 -28 13.7912
    endloop
  endfacet
  facet normal -0.89686 0 -0.442314
    outer loop
      vertex -5.02179 -28 14.6123
      vertex -5.11436 -23 14.8
      vertex -5.02179 -23 14.6123
    endloop
  endfacet
  facet normal -0.89686 -0 -0.442314
    outer loop
      vertex -5.11436 -23 14.8
      vertex -5.02179 -28 14.6123
      vertex -5.11436 -28 14.8
    endloop
  endfacet
  facet normal -0.44241 0 -0.896813
    outer loop
      vertex -5.88771 -28 15.4782
      vertex -5.7 -23 15.3856
      vertex -5.7 -28 15.3856
    endloop
  endfacet
  facet normal -0.44241 0 -0.896813
    outer loop
      vertex -5.7 -23 15.3856
      vertex -5.88771 -28 15.4782
      vertex -5.88771 -23 15.4782
    endloop
  endfacet
  facet normal -0.751925 0 -0.659248
    outer loop
      vertex -5.23063 -28 14.974
      vertex -5.36863 -23 15.1314
      vertex -5.23063 -23 14.974
    endloop
  endfacet
  facet normal -0.751925 -0 -0.659248
    outer loop
      vertex -5.36863 -23 15.1314
      vertex -5.23063 -28 14.974
      vertex -5.36863 -28 15.1314
    endloop
  endfacet
  facet normal 0.44241 0 -0.896813
    outer loop
      vertex -8.3 -28 15.3856
      vertex -8.11229 -23 15.4782
      vertex -8.11229 -28 15.4782
    endloop
  endfacet
  facet normal 0.44241 0 -0.896813
    outer loop
      vertex -8.11229 -23 15.4782
      vertex -8.3 -28 15.3856
      vertex -8.3 -23 15.3856
    endloop
  endfacet
  facet normal 0.751925 0 -0.659248
    outer loop
      vertex -8.63137 -28 15.1314
      vertex -8.76937 -23 14.974
      vertex -8.63137 -23 15.1314
    endloop
  endfacet
  facet normal 0.751925 0 -0.659248
    outer loop
      vertex -8.76937 -23 14.974
      vertex -8.63137 -28 15.1314
      vertex -8.76937 -28 14.974
    endloop
  endfacet
  facet normal 0.946944 0 -0.321397
    outer loop
      vertex -8.97821 -28 14.6123
      vertex -9.04548 -23 14.4141
      vertex -8.97821 -23 14.6123
    endloop
  endfacet
  facet normal 0.946944 0 -0.321397
    outer loop
      vertex -9.04548 -23 14.4141
      vertex -8.97821 -28 14.6123
      vertex -9.04548 -28 14.4141
    endloop
  endfacet
  facet normal -0.946944 0 0.321397
    outer loop
      vertex -5.02179 -28 13.3877
      vertex -4.95452 -23 13.5859
      vertex -5.02179 -23 13.3877
    endloop
  endfacet
  facet normal -0.946944 0 0.321397
    outer loop
      vertex -4.95452 -23 13.5859
      vertex -5.02179 -28 13.3877
      vertex -4.95452 -28 13.5859
    endloop
  endfacet
  facet normal -0.0654598 0 0.997855
    outer loop
      vertex -6.5 -23 12.4
      vertex -6.29116 -28 12.4137
      vertex -6.29116 -23 12.4137
    endloop
  endfacet
  facet normal -0.0654598 0 0.997855
    outer loop
      vertex -6.29116 -28 12.4137
      vertex -6.5 -23 12.4
      vertex -6.5 -28 12.4
    endloop
  endfacet
  facet normal 0.980791 -0 0.195059
    outer loop
      vertex -9.08631 -28 13.7912
      vertex -9.04548 -23 13.5859
      vertex -9.08631 -23 13.7912
    endloop
  endfacet
  facet normal 0.980791 0 0.195059
    outer loop
      vertex -9.04548 -23 13.5859
      vertex -9.08631 -28 13.7912
      vertex -9.04548 -28 13.5859
    endloop
  endfacet
  facet normal 0.946944 -0 0.321397
    outer loop
      vertex -9.04548 -28 13.5859
      vertex -8.97821 -23 13.3877
      vertex -9.04548 -23 13.5859
    endloop
  endfacet
  facet normal 0.946944 0 0.321397
    outer loop
      vertex -8.97821 -23 13.3877
      vertex -9.04548 -28 13.5859
      vertex -8.97821 -28 13.3877
    endloop
  endfacet
  facet normal 0.0654598 0 0.997855
    outer loop
      vertex -7.70884 -23 12.4137
      vertex -7.5 -28 12.4
      vertex -7.5 -23 12.4
    endloop
  endfacet
  facet normal 0.0654598 0 0.997855
    outer loop
      vertex -7.5 -28 12.4
      vertex -7.70884 -23 12.4137
      vertex -7.70884 -28 12.4137
    endloop
  endfacet
  facet normal 0.997858 0 -0.0654247
    outer loop
      vertex -9.08631 -28 14.2088
      vertex -9.1 -23 14
      vertex -9.08631 -23 14.2088
    endloop
  endfacet
  facet normal 0.997858 0 -0.0654247
    outer loop
      vertex -9.1 -23 14
      vertex -9.08631 -28 14.2088
      vertex -9.1 -28 14
    endloop
  endfacet
  facet normal -0.831454 0 -0.555593
    outer loop
      vertex -5.11436 -28 14.8
      vertex -5.23063 -23 14.974
      vertex -5.11436 -23 14.8
    endloop
  endfacet
  facet normal -0.831454 -0 -0.555593
    outer loop
      vertex -5.23063 -23 14.974
      vertex -5.11436 -28 14.8
      vertex -5.23063 -28 14.974
    endloop
  endfacet
  facet normal -0.659367 0 -0.751821
    outer loop
      vertex -5.52598 -28 15.2694
      vertex -5.36863 -23 15.1314
      vertex -5.36863 -28 15.1314
    endloop
  endfacet
  facet normal -0.659367 0 -0.751821
    outer loop
      vertex -5.36863 -23 15.1314
      vertex -5.52598 -28 15.2694
      vertex -5.52598 -23 15.2694
    endloop
  endfacet
  facet normal 0 0 -1
    outer loop
      vertex -7.5 -28 15.6
      vertex -6.5 -23 15.6
      vertex -6.5 -28 15.6
    endloop
  endfacet
  facet normal -0 0 -1
    outer loop
      vertex -6.5 -23 15.6
      vertex -7.5 -28 15.6
      vertex -7.5 -23 15.6
    endloop
  endfacet
  facet normal -0.194949 0 -0.980813
    outer loop
      vertex -6.29116 -28 15.5863
      vertex -6.08589 -23 15.5455
      vertex -6.08589 -28 15.5455
    endloop
  endfacet
  facet normal -0.194949 0 -0.980813
    outer loop
      vertex -6.08589 -23 15.5455
      vertex -6.29116 -28 15.5863
      vertex -6.29116 -23 15.5863
    endloop
  endfacet
  facet normal -0.321555 0 -0.946891
    outer loop
      vertex -6.08589 -28 15.5455
      vertex -5.88771 -23 15.4782
      vertex -5.88771 -28 15.4782
    endloop
  endfacet
  facet normal -0.321555 0 -0.946891
    outer loop
      vertex -5.88771 -23 15.4782
      vertex -6.08589 -28 15.5455
      vertex -6.08589 -23 15.5455
    endloop
  endfacet
  facet normal 0.659367 0 -0.751821
    outer loop
      vertex -8.63137 -28 15.1314
      vertex -8.47402 -23 15.2694
      vertex -8.47402 -28 15.2694
    endloop
  endfacet
  facet normal 0.659367 0 -0.751821
    outer loop
      vertex -8.47402 -23 15.2694
      vertex -8.63137 -28 15.1314
      vertex -8.63137 -23 15.1314
    endloop
  endfacet
  facet normal 0.89686 0 -0.442314
    outer loop
      vertex -8.88564 -28 14.8
      vertex -8.97821 -23 14.6123
      vertex -8.88564 -23 14.8
    endloop
  endfacet
  facet normal 0.89686 0 -0.442314
    outer loop
      vertex -8.97821 -23 14.6123
      vertex -8.88564 -28 14.8
      vertex -8.97821 -28 14.6123
    endloop
  endfacet
  facet normal 0.980791 0 -0.195059
    outer loop
      vertex -9.04548 -28 14.4141
      vertex -9.08631 -23 14.2088
      vertex -9.04548 -23 14.4141
    endloop
  endfacet
  facet normal 0.980791 0 -0.195059
    outer loop
      vertex -9.08631 -23 14.2088
      vertex -9.04548 -28 14.4141
      vertex -9.08631 -28 14.2088
    endloop
  endfacet
  facet normal 0.831454 -0 0.555593
    outer loop
      vertex -8.88564 -28 13.2
      vertex -8.76937 -23 13.026
      vertex -8.88564 -23 13.2
    endloop
  endfacet
  facet normal 0.831454 0 0.555593
    outer loop
      vertex -8.76937 -23 13.026
      vertex -8.88564 -28 13.2
      vertex -8.76937 -28 13.026
    endloop
  endfacet
  facet normal 0.89686 -0 0.442314
    outer loop
      vertex -8.97821 -28 13.3877
      vertex -8.88564 -23 13.2
      vertex -8.97821 -23 13.3877
    endloop
  endfacet
  facet normal 0.89686 0 0.442314
    outer loop
      vertex -8.88564 -23 13.2
      vertex -8.97821 -28 13.3877
      vertex -8.88564 -28 13.2
    endloop
  endfacet
  facet normal 0.555318 0 0.831638
    outer loop
      vertex -8.47402 -23 12.7306
      vertex -8.3 -28 12.6144
      vertex -8.3 -23 12.6144
    endloop
  endfacet
  facet normal 0.555318 0 0.831638
    outer loop
      vertex -8.3 -28 12.6144
      vertex -8.47402 -23 12.7306
      vertex -8.47402 -28 12.7306
    endloop
  endfacet
  facet normal 0.321555 0 0.946891
    outer loop
      vertex -8.11229 -23 12.5218
      vertex -7.91411 -28 12.4545
      vertex -7.91411 -23 12.4545
    endloop
  endfacet
  facet normal 0.321555 0 0.946891
    outer loop
      vertex -7.91411 -28 12.4545
      vertex -8.11229 -23 12.5218
      vertex -8.11229 -28 12.5218
    endloop
  endfacet
  facet normal 0.44241 0 0.896813
    outer loop
      vertex -8.3 -23 12.6144
      vertex -8.11229 -28 12.5218
      vertex -8.11229 -23 12.5218
    endloop
  endfacet
  facet normal 0.44241 0 0.896813
    outer loop
      vertex -8.11229 -28 12.5218
      vertex -8.3 -23 12.6144
      vertex -8.3 -28 12.6144
    endloop
  endfacet
  facet normal 0.0654598 0 -0.997855
    outer loop
      vertex -7.70884 -28 15.5863
      vertex -7.5 -23 15.6
      vertex -7.5 -28 15.6
    endloop
  endfacet
  facet normal 0.0654598 0 -0.997855
    outer loop
      vertex -7.5 -23 15.6
      vertex -7.70884 -28 15.5863
      vertex -7.70884 -23 15.5863
    endloop
  endfacet
  facet normal 0.321555 0 -0.946891
    outer loop
      vertex -8.11229 -28 15.4782
      vertex -7.91411 -23 15.5455
      vertex -7.91411 -28 15.5455
    endloop
  endfacet
  facet normal 0.321555 0 -0.946891
    outer loop
      vertex -7.91411 -23 15.5455
      vertex -8.11229 -28 15.4782
      vertex -8.11229 -23 15.4782
    endloop
  endfacet
  facet normal -0.980791 0 0.195059
    outer loop
      vertex -4.95452 -28 13.5859
      vertex -4.91369 -23 13.7912
      vertex -4.95452 -23 13.5859
    endloop
  endfacet
  facet normal -0.980791 0 0.195059
    outer loop
      vertex -4.91369 -23 13.7912
      vertex -4.95452 -28 13.5859
      vertex -4.91369 -28 13.7912
    endloop
  endfacet
  facet normal -0.555318 0 0.831638
    outer loop
      vertex -5.7 -23 12.6144
      vertex -5.52598 -28 12.7306
      vertex -5.52598 -23 12.7306
    endloop
  endfacet
  facet normal -0.555318 0 0.831638
    outer loop
      vertex -5.52598 -28 12.7306
      vertex -5.7 -23 12.6144
      vertex -5.7 -28 12.6144
    endloop
  endfacet
  facet normal -0.194949 0 0.980813
    outer loop
      vertex -6.29116 -23 12.4137
      vertex -6.08589 -28 12.4545
      vertex -6.08589 -23 12.4545
    endloop
  endfacet
  facet normal -0.194949 0 0.980813
    outer loop
      vertex -6.08589 -28 12.4545
      vertex -6.29116 -23 12.4137
      vertex -6.29116 -28 12.4137
    endloop
  endfacet
  facet normal -0.321555 0 0.946891
    outer loop
      vertex -6.08589 -23 12.4545
      vertex -5.88771 -28 12.5218
      vertex -5.88771 -23 12.5218
    endloop
  endfacet
  facet normal -0.321555 0 0.946891
    outer loop
      vertex -5.88771 -28 12.5218
      vertex -6.08589 -23 12.4545
      vertex -6.08589 -28 12.4545
    endloop
  endfacet
  facet normal 0.659367 0 0.751821
    outer loop
      vertex -8.63137 -23 12.8686
      vertex -8.47402 -28 12.7306
      vertex -8.47402 -23 12.7306
    endloop
  endfacet
  facet normal 0.659367 0 0.751821
    outer loop
      vertex -8.47402 -28 12.7306
      vertex -8.63137 -23 12.8686
      vertex -8.63137 -28 12.8686
    endloop
  endfacet
  facet normal 0.751925 -0 0.659248
    outer loop
      vertex -8.76937 -28 13.026
      vertex -8.63137 -23 12.8686
      vertex -8.76937 -23 13.026
    endloop
  endfacet
  facet normal 0.751925 0 0.659248
    outer loop
      vertex -8.63137 -23 12.8686
      vertex -8.76937 -28 13.026
      vertex -8.63137 -28 12.8686
    endloop
  endfacet
  facet normal 0.194949 0 0.980813
    outer loop
      vertex -7.91411 -23 12.4545
      vertex -7.70884 -28 12.4137
      vertex -7.70884 -23 12.4137
    endloop
  endfacet
  facet normal 0.194949 0 0.980813
    outer loop
      vertex -7.70884 -28 12.4137
      vertex -7.91411 -23 12.4545
      vertex -7.91411 -28 12.4545
    endloop
  endfacet
  facet normal 0.194949 0 -0.980813
    outer loop
      vertex -7.91411 -28 15.5455
      vertex -7.70884 -23 15.5863
      vertex -7.70884 -28 15.5863
    endloop
  endfacet
  facet normal 0.194949 0 -0.980813
    outer loop
      vertex -7.70884 -23 15.5863
      vertex -7.91411 -28 15.5455
      vertex -7.91411 -23 15.5455
    endloop
  endfacet
  facet normal -0.659367 0 0.751821
    outer loop
      vertex -5.52598 -23 12.7306
      vertex -5.36863 -28 12.8686
      vertex -5.36863 -23 12.8686
    endloop
  endfacet
  facet normal -0.659367 0 0.751821
    outer loop
      vertex -5.36863 -28 12.8686
      vertex -5.52598 -23 12.7306
      vertex -5.52598 -28 12.7306
    endloop
  endfacet
  facet normal -0.831454 0 0.555593
    outer loop
      vertex -5.23063 -28 13.026
      vertex -5.11436 -23 13.2
      vertex -5.23063 -23 13.026
    endloop
  endfacet
  facet normal -0.831454 0 0.555593
    outer loop
      vertex -5.11436 -23 13.2
      vertex -5.23063 -28 13.026
      vertex -5.11436 -28 13.2
    endloop
  endfacet
  facet normal -0.751925 0 0.659248
    outer loop
      vertex -5.36863 -28 12.8686
      vertex -5.23063 -23 13.026
      vertex -5.36863 -23 12.8686
    endloop
  endfacet
  facet normal -0.751925 0 0.659248
    outer loop
      vertex -5.23063 -23 13.026
      vertex -5.36863 -28 12.8686
      vertex -5.23063 -28 13.026
    endloop
  endfacet
  facet normal -0.89686 0 0.442314
    outer loop
      vertex -5.11436 -28 13.2
      vertex -5.02179 -23 13.3877
      vertex -5.11436 -23 13.2
    endloop
  endfacet
  facet normal -0.89686 0 0.442314
    outer loop
      vertex -5.02179 -23 13.3877
      vertex -5.11436 -28 13.2
      vertex -5.02179 -28 13.3877
    endloop
  endfacet
  facet normal -0.0654119 0 -0.997858
    outer loop
      vertex 0 -28 9.1
      vertex 0.208841 -23 9.08631
      vertex 0.208841 -28 9.08631
    endloop
  endfacet
  facet normal -0.0654119 0 -0.997858
    outer loop
      vertex 0.208841 -23 9.08631
      vertex 0 -28 9.1
      vertex 0 -23 9.1
    endloop
  endfacet
  facet normal 0.555551 0 -0.831482
    outer loop
      vertex -0.974018 -28 8.76937
      vertex -0.799999 -23 8.88564
      vertex -0.799999 -28 8.88564
    endloop
  endfacet
  facet normal 0.555551 0 -0.831482
    outer loop
      vertex -0.799999 -23 8.88564
      vertex -0.974018 -28 8.76937
      vertex -0.974018 -23 8.76937
    endloop
  endfacet
  facet normal 0.0654119 0 0.997858
    outer loop
      vertex -0.208841 -23 4.91369
      vertex 0 -28 4.9
      vertex 0 -23 4.9
    endloop
  endfacet
  facet normal 0.0654119 0 0.997858
    outer loop
      vertex 0 -28 4.9
      vertex -0.208841 -23 4.91369
      vertex -0.208841 -28 4.91369
    endloop
  endfacet
  facet normal 0.89687 -0 0.442295
    outer loop
      vertex -1.47821 -28 5.88771
      vertex -1.38564 -23 5.7
      vertex -1.47821 -23 5.88771
    endloop
  endfacet
  facet normal 0.89687 0 0.442295
    outer loop
      vertex -1.38564 -23 5.7
      vertex -1.47821 -28 5.88771
      vertex -1.38564 -28 5.7
    endloop
  endfacet
  facet normal 0.195088 0 0.980786
    outer loop
      vertex -0.41411 -23 4.95452
      vertex -0.208841 -28 4.91369
      vertex -0.208841 -23 4.91369
    endloop
  endfacet
  facet normal 0.195088 0 0.980786
    outer loop
      vertex -0.208841 -28 4.91369
      vertex -0.41411 -23 4.95452
      vertex -0.41411 -28 4.95452
    endloop
  endfacet
  facet normal -0.997858 0 0.0654122
    outer loop
      vertex 1.58631 -28 6.29116
      vertex 1.6 -23 6.5
      vertex 1.58631 -23 6.29116
    endloop
  endfacet
  facet normal -0.997858 0 0.0654122
    outer loop
      vertex 1.6 -23 6.5
      vertex 1.58631 -28 6.29116
      vertex 1.6 -28 6.5
    endloop
  endfacet
  facet normal -0.321422 0 0.946936
    outer loop
      vertex 0.41411 -23 4.95452
      vertex 0.612293 -28 5.02179
      vertex 0.612293 -23 5.02179
    endloop
  endfacet
  facet normal -0.321422 0 0.946936
    outer loop
      vertex 0.612293 -28 5.02179
      vertex 0.41411 -23 4.95452
      vertex 0.41411 -28 4.95452
    endloop
  endfacet
  facet normal 0.195088 0 -0.980786
    outer loop
      vertex -0.41411 -28 9.04548
      vertex -0.208841 -23 9.08631
      vertex -0.208841 -28 9.08631
    endloop
  endfacet
  facet normal 0.195088 0 -0.980786
    outer loop
      vertex -0.208841 -23 9.08631
      vertex -0.41411 -28 9.04548
      vertex -0.41411 -23 9.04548
    endloop
  endfacet
  facet normal 0.831484 0 -0.555549
    outer loop
      vertex -1.26937 -28 8.47402
      vertex -1.38564 -23 8.3
      vertex -1.26937 -23 8.47402
    endloop
  endfacet
  facet normal 0.831484 0 -0.555549
    outer loop
      vertex -1.38564 -23 8.3
      vertex -1.26937 -28 8.47402
      vertex -1.38564 -28 8.3
    endloop
  endfacet
  facet normal 0.555551 0 0.831482
    outer loop
      vertex -0.974018 -23 5.23063
      vertex -0.799999 -28 5.11436
      vertex -0.799999 -23 5.11436
    endloop
  endfacet
  facet normal 0.555551 0 0.831482
    outer loop
      vertex -0.799999 -28 5.11436
      vertex -0.974018 -23 5.23063
      vertex -0.974018 -28 5.23063
    endloop
  endfacet
  facet normal -0.659362 0 -0.751826
    outer loop
      vertex 0.974018 -28 8.76937
      vertex 1.13137 -23 8.63137
      vertex 1.13137 -28 8.63137
    endloop
  endfacet
  facet normal -0.659362 0 -0.751826
    outer loop
      vertex 1.13137 -23 8.63137
      vertex 0.974018 -28 8.76937
      vertex 0.974018 -23 8.76937
    endloop
  endfacet
  facet normal -0.997858 0 -0.0654122
    outer loop
      vertex 1.6 -28 7.5
      vertex 1.58631 -23 7.70884
      vertex 1.6 -23 7.5
    endloop
  endfacet
  facet normal -0.997858 -0 -0.0654122
    outer loop
      vertex 1.58631 -23 7.70884
      vertex 1.6 -28 7.5
      vertex 1.58631 -28 7.70884
    endloop
  endfacet
  facet normal 0.0654119 0 -0.997858
    outer loop
      vertex -0.208841 -28 9.08631
      vertex 0 -23 9.1
      vertex 0 -28 9.1
    endloop
  endfacet
  facet normal 0.0654119 0 -0.997858
    outer loop
      vertex 0 -23 9.1
      vertex -0.208841 -28 9.08631
      vertex -0.208841 -23 9.08631
    endloop
  endfacet
  facet normal 0.321422 0 -0.946936
    outer loop
      vertex -0.612293 -28 8.97821
      vertex -0.41411 -23 9.04548
      vertex -0.41411 -28 9.04548
    endloop
  endfacet
  facet normal 0.321422 0 -0.946936
    outer loop
      vertex -0.41411 -23 9.04548
      vertex -0.612293 -28 8.97821
      vertex -0.612293 -23 8.97821
    endloop
  endfacet
  facet normal 0.89687 0 -0.442295
    outer loop
      vertex -1.38564 -28 8.3
      vertex -1.47821 -23 8.11229
      vertex -1.38564 -23 8.3
    endloop
  endfacet
  facet normal 0.89687 0 -0.442295
    outer loop
      vertex -1.47821 -23 8.11229
      vertex -1.38564 -28 8.3
      vertex -1.47821 -28 8.11229
    endloop
  endfacet
  facet normal 0.980786 0 -0.195087
    outer loop
      vertex -1.54548 -28 7.91411
      vertex -1.58631 -23 7.70884
      vertex -1.54548 -23 7.91411
    endloop
  endfacet
  facet normal 0.980786 0 -0.195087
    outer loop
      vertex -1.58631 -23 7.70884
      vertex -1.54548 -28 7.91411
      vertex -1.58631 -28 7.70884
    endloop
  endfacet
  facet normal 0.751821 -0 0.659367
    outer loop
      vertex -1.26937 -28 5.52598
      vertex -1.13137 -23 5.36863
      vertex -1.26937 -23 5.52598
    endloop
  endfacet
  facet normal 0.751821 0 0.659367
    outer loop
      vertex -1.13137 -23 5.36863
      vertex -1.26937 -28 5.52598
      vertex -1.13137 -28 5.36863
    endloop
  endfacet
  facet normal 0.659362 0 0.751826
    outer loop
      vertex -1.13137 -23 5.36863
      vertex -0.974018 -28 5.23063
      vertex -0.974018 -23 5.23063
    endloop
  endfacet
  facet normal 0.659362 0 0.751826
    outer loop
      vertex -0.974018 -28 5.23063
      vertex -1.13137 -23 5.36863
      vertex -1.13137 -28 5.36863
    endloop
  endfacet
  facet normal -1 0 0
    outer loop
      vertex 1.6 -28 6.5
      vertex 1.6 -23 7.5
      vertex 1.6 -23 6.5
    endloop
  endfacet
  facet normal -1 -0 0
    outer loop
      vertex 1.6 -23 7.5
      vertex 1.6 -28 6.5
      vertex 1.6 -28 7.5
    endloop
  endfacet
  facet normal -0.89687 0 0.442295
    outer loop
      vertex 1.38564 -28 5.7
      vertex 1.47821 -23 5.88771
      vertex 1.38564 -23 5.7
    endloop
  endfacet
  facet normal -0.89687 0 0.442295
    outer loop
      vertex 1.47821 -23 5.88771
      vertex 1.38564 -28 5.7
      vertex 1.47821 -28 5.88771
    endloop
  endfacet
  facet normal -0.0654119 0 0.997858
    outer loop
      vertex 0 -23 4.9
      vertex 0.208841 -28 4.91369
      vertex 0.208841 -23 4.91369
    endloop
  endfacet
  facet normal -0.0654119 0 0.997858
    outer loop
      vertex 0.208841 -28 4.91369
      vertex 0 -23 4.9
      vertex 0 -28 4.9
    endloop
  endfacet
  facet normal 0.442303 0 -0.896866
    outer loop
      vertex -0.799999 -28 8.88564
      vertex -0.612293 -23 8.97821
      vertex -0.612293 -28 8.97821
    endloop
  endfacet
  facet normal 0.442303 0 -0.896866
    outer loop
      vertex -0.612293 -23 8.97821
      vertex -0.799999 -28 8.88564
      vertex -0.799999 -23 8.88564
    endloop
  endfacet
  facet normal 0.659362 0 -0.751826
    outer loop
      vertex -1.13137 -28 8.63137
      vertex -0.974018 -23 8.76937
      vertex -0.974018 -28 8.76937
    endloop
  endfacet
  facet normal 0.659362 0 -0.751826
    outer loop
      vertex -0.974018 -23 8.76937
      vertex -1.13137 -28 8.63137
      vertex -1.13137 -23 8.63137
    endloop
  endfacet
  facet normal 0.751821 0 -0.659367
    outer loop
      vertex -1.13137 -28 8.63137
      vertex -1.26937 -23 8.47402
      vertex -1.13137 -23 8.63137
    endloop
  endfacet
  facet normal 0.751821 0 -0.659367
    outer loop
      vertex -1.26937 -23 8.47402
      vertex -1.13137 -28 8.63137
      vertex -1.26937 -28 8.47402
    endloop
  endfacet
  facet normal 0.980786 -0 0.195087
    outer loop
      vertex -1.58631 -28 6.29116
      vertex -1.54548 -23 6.08589
      vertex -1.58631 -23 6.29116
    endloop
  endfacet
  facet normal 0.980786 0 0.195087
    outer loop
      vertex -1.54548 -23 6.08589
      vertex -1.58631 -28 6.29116
      vertex -1.54548 -28 6.08589
    endloop
  endfacet
  facet normal 1 -0 0
    outer loop
      vertex -1.6 -28 7.5
      vertex -1.6 -23 6.5
      vertex -1.6 -23 7.5
    endloop
  endfacet
  facet normal 1 0 0
    outer loop
      vertex -1.6 -23 6.5
      vertex -1.6 -28 7.5
      vertex -1.6 -28 6.5
    endloop
  endfacet
  facet normal 0.997858 0 -0.0654122
    outer loop
      vertex -1.58631 -28 7.70884
      vertex -1.6 -23 7.5
      vertex -1.58631 -23 7.70884
    endloop
  endfacet
  facet normal 0.997858 0 -0.0654122
    outer loop
      vertex -1.6 -23 7.5
      vertex -1.58631 -28 7.70884
      vertex -1.6 -28 7.5
    endloop
  endfacet
  facet normal 0.946935 0 -0.321426
    outer loop
      vertex -1.47821 -28 8.11229
      vertex -1.54548 -23 7.91411
      vertex -1.47821 -23 8.11229
    endloop
  endfacet
  facet normal 0.946935 0 -0.321426
    outer loop
      vertex -1.54548 -23 7.91411
      vertex -1.47821 -28 8.11229
      vertex -1.54548 -28 7.91411
    endloop
  endfacet
  facet normal 0.321422 0 0.946936
    outer loop
      vertex -0.612293 -23 5.02179
      vertex -0.41411 -28 4.95452
      vertex -0.41411 -23 4.95452
    endloop
  endfacet
  facet normal 0.321422 0 0.946936
    outer loop
      vertex -0.41411 -28 4.95452
      vertex -0.612293 -23 5.02179
      vertex -0.612293 -28 5.02179
    endloop
  endfacet
  facet normal 0.442303 0 0.896866
    outer loop
      vertex -0.799999 -23 5.11436
      vertex -0.612293 -28 5.02179
      vertex -0.612293 -23 5.02179
    endloop
  endfacet
  facet normal 0.442303 0 0.896866
    outer loop
      vertex -0.612293 -28 5.02179
      vertex -0.799999 -23 5.11436
      vertex -0.799999 -28 5.11436
    endloop
  endfacet
  facet normal 0.831484 -0 0.555549
    outer loop
      vertex -1.38564 -28 5.7
      vertex -1.26937 -23 5.52598
      vertex -1.38564 -23 5.7
    endloop
  endfacet
  facet normal 0.831484 0 0.555549
    outer loop
      vertex -1.26937 -23 5.52598
      vertex -1.38564 -28 5.7
      vertex -1.26937 -28 5.52598
    endloop
  endfacet
  facet normal -0.831484 0 -0.555549
    outer loop
      vertex 1.38564 -28 8.3
      vertex 1.26937 -23 8.47402
      vertex 1.38564 -23 8.3
    endloop
  endfacet
  facet normal -0.831484 -0 -0.555549
    outer loop
      vertex 1.26937 -23 8.47402
      vertex 1.38564 -28 8.3
      vertex 1.26937 -28 8.47402
    endloop
  endfacet
  facet normal -0.442303 0 -0.896866
    outer loop
      vertex 0.612293 -28 8.97821
      vertex 0.799999 -23 8.88564
      vertex 0.799999 -28 8.88564
    endloop
  endfacet
  facet normal -0.442303 0 -0.896866
    outer loop
      vertex 0.799999 -23 8.88564
      vertex 0.612293 -28 8.97821
      vertex 0.612293 -23 8.97821
    endloop
  endfacet
  facet normal -0.980786 0 -0.195087
    outer loop
      vertex 1.58631 -28 7.70884
      vertex 1.54548 -23 7.91411
      vertex 1.58631 -23 7.70884
    endloop
  endfacet
  facet normal -0.980786 -0 -0.195087
    outer loop
      vertex 1.54548 -23 7.91411
      vertex 1.58631 -28 7.70884
      vertex 1.54548 -28 7.91411
    endloop
  endfacet
  facet normal -0.195088 0 0.980786
    outer loop
      vertex 0.208841 -23 4.91369
      vertex 0.41411 -28 4.95452
      vertex 0.41411 -23 4.95452
    endloop
  endfacet
  facet normal -0.195088 0 0.980786
    outer loop
      vertex 0.41411 -28 4.95452
      vertex 0.208841 -23 4.91369
      vertex 0.208841 -28 4.91369
    endloop
  endfacet
  facet normal -0.555551 0 0.831482
    outer loop
      vertex 0.799999 -23 5.11436
      vertex 0.974018 -28 5.23063
      vertex 0.974018 -23 5.23063
    endloop
  endfacet
  facet normal -0.555551 0 0.831482
    outer loop
      vertex 0.974018 -28 5.23063
      vertex 0.799999 -23 5.11436
      vertex 0.799999 -28 5.11436
    endloop
  endfacet
  facet normal -0.442303 0 0.896866
    outer loop
      vertex 0.612293 -23 5.02179
      vertex 0.799999 -28 5.11436
      vertex 0.799999 -23 5.11436
    endloop
  endfacet
  facet normal -0.442303 0 0.896866
    outer loop
      vertex 0.799999 -28 5.11436
      vertex 0.612293 -23 5.02179
      vertex 0.612293 -28 5.02179
    endloop
  endfacet
  facet normal -0.659362 0 0.751826
    outer loop
      vertex 0.974018 -23 5.23063
      vertex 1.13137 -28 5.36863
      vertex 1.13137 -23 5.36863
    endloop
  endfacet
  facet normal -0.659362 0 0.751826
    outer loop
      vertex 1.13137 -28 5.36863
      vertex 0.974018 -23 5.23063
      vertex 0.974018 -28 5.23063
    endloop
  endfacet
  facet normal 0.997858 -0 0.0654122
    outer loop
      vertex -1.6 -28 6.5
      vertex -1.58631 -23 6.29116
      vertex -1.6 -23 6.5
    endloop
  endfacet
  facet normal 0.997858 0 0.0654122
    outer loop
      vertex -1.58631 -23 6.29116
      vertex -1.6 -28 6.5
      vertex -1.58631 -28 6.29116
    endloop
  endfacet
  facet normal -0.751821 0 -0.659367
    outer loop
      vertex 1.26937 -28 8.47402
      vertex 1.13137 -23 8.63137
      vertex 1.26937 -23 8.47402
    endloop
  endfacet
  facet normal -0.751821 -0 -0.659367
    outer loop
      vertex 1.13137 -23 8.63137
      vertex 1.26937 -28 8.47402
      vertex 1.13137 -28 8.63137
    endloop
  endfacet
  facet normal -0.89687 0 -0.442295
    outer loop
      vertex 1.47821 -28 8.11229
      vertex 1.38564 -23 8.3
      vertex 1.47821 -23 8.11229
    endloop
  endfacet
  facet normal -0.89687 -0 -0.442295
    outer loop
      vertex 1.38564 -23 8.3
      vertex 1.47821 -28 8.11229
      vertex 1.38564 -28 8.3
    endloop
  endfacet
  facet normal -0.195088 0 -0.980786
    outer loop
      vertex 0.208841 -28 9.08631
      vertex 0.41411 -23 9.04548
      vertex 0.41411 -28 9.04548
    endloop
  endfacet
  facet normal -0.195088 0 -0.980786
    outer loop
      vertex 0.41411 -23 9.04548
      vertex 0.208841 -28 9.08631
      vertex 0.208841 -23 9.08631
    endloop
  endfacet
  facet normal -0.555551 0 -0.831482
    outer loop
      vertex 0.799999 -28 8.88564
      vertex 0.974018 -23 8.76937
      vertex 0.974018 -28 8.76937
    endloop
  endfacet
  facet normal -0.555551 0 -0.831482
    outer loop
      vertex 0.974018 -23 8.76937
      vertex 0.799999 -28 8.88564
      vertex 0.799999 -23 8.88564
    endloop
  endfacet
  facet normal -0.946935 0 -0.321426
    outer loop
      vertex 1.54548 -28 7.91411
      vertex 1.47821 -23 8.11229
      vertex 1.54548 -23 7.91411
    endloop
  endfacet
  facet normal -0.946935 -0 -0.321426
    outer loop
      vertex 1.47821 -23 8.11229
      vertex 1.54548 -28 7.91411
      vertex 1.47821 -28 8.11229
    endloop
  endfacet
  facet normal -0.751821 0 0.659367
    outer loop
      vertex 1.13137 -28 5.36863
      vertex 1.26937 -23 5.52598
      vertex 1.13137 -23 5.36863
    endloop
  endfacet
  facet normal -0.751821 0 0.659367
    outer loop
      vertex 1.26937 -23 5.52598
      vertex 1.13137 -28 5.36863
      vertex 1.26937 -28 5.52598
    endloop
  endfacet
  facet normal -0.831484 0 0.555549
    outer loop
      vertex 1.26937 -28 5.52598
      vertex 1.38564 -23 5.7
      vertex 1.26937 -23 5.52598
    endloop
  endfacet
  facet normal -0.831484 0 0.555549
    outer loop
      vertex 1.38564 -23 5.7
      vertex 1.26937 -28 5.52598
      vertex 1.38564 -28 5.7
    endloop
  endfacet
  facet normal -0.980786 0 0.195087
    outer loop
      vertex 1.54548 -28 6.08589
      vertex 1.58631 -23 6.29116
      vertex 1.54548 -23 6.08589
    endloop
  endfacet
  facet normal -0.980786 0 0.195087
    outer loop
      vertex 1.58631 -23 6.29116
      vertex 1.54548 -28 6.08589
      vertex 1.58631 -28 6.29116
    endloop
  endfacet
  facet normal -0.946935 0 0.321426
    outer loop
      vertex 1.47821 -28 5.88771
      vertex 1.54548 -23 6.08589
      vertex 1.47821 -23 5.88771
    endloop
  endfacet
  facet normal -0.946935 0 0.321426
    outer loop
      vertex 1.54548 -23 6.08589
      vertex 1.47821 -28 5.88771
      vertex 1.54548 -28 6.08589
    endloop
  endfacet
  facet normal 0.946935 -0 0.321426
    outer loop
      vertex -1.54548 -28 6.08589
      vertex -1.47821 -23 5.88771
      vertex -1.54548 -23 6.08589
    endloop
  endfacet
  facet normal 0.946935 0 0.321426
    outer loop
      vertex -1.47821 -23 5.88771
      vertex -1.54548 -28 6.08589
      vertex -1.47821 -28 5.88771
    endloop
  endfacet
  facet normal -0.321422 0 -0.946936
    outer loop
      vertex 0.41411 -28 9.04548
      vertex 0.612293 -23 8.97821
      vertex 0.612293 -28 8.97821
    endloop
  endfacet
  facet normal -0.321422 0 -0.946936
    outer loop
      vertex 0.612293 -23 8.97821
      vertex 0.41411 -28 9.04548
      vertex 0.41411 -23 9.04548
    endloop
  endfacet
  facet normal -0.555582 0 -0.831462
    outer loop
      vertex 2 -28 17.4641
      vertex 2.43505 -23 17.1734
      vertex 2.43505 -28 17.1734
    endloop
  endfacet
  facet normal -0.555582 0 -0.831462
    outer loop
      vertex 2.43505 -23 17.1734
      vertex 2 -28 17.4641
      vertex 2 -23 17.4641
    endloop
  endfacet
  facet normal 0.321469 0 -0.94692
    outer loop
      vertex -1.53073 -28 17.6955
      vertex -1.03528 -23 17.8637
      vertex -1.03528 -28 17.8637
    endloop
  endfacet
  facet normal 0.321469 0 -0.94692
    outer loop
      vertex -1.03528 -23 17.8637
      vertex -1.53073 -28 17.6955
      vertex -1.53073 -23 17.6955
    endloop
  endfacet
  facet normal 0.896883 0 -0.442268
    outer loop
      vertex -3.4641 -28 16
      vertex -3.69552 -23 15.5307
      vertex -3.4641 -23 16
    endloop
  endfacet
  facet normal 0.896883 0 -0.442268
    outer loop
      vertex -3.69552 -23 15.5307
      vertex -3.4641 -28 16
      vertex -3.69552 -28 15.5307
    endloop
  endfacet
  facet normal 0.44226 0 0.896887
    outer loop
      vertex -2 -23 10.5359
      vertex -1.53073 -28 10.3045
      vertex -1.53073 -23 10.3045
    endloop
  endfacet
  facet normal 0.44226 0 0.896887
    outer loop
      vertex -1.53073 -28 10.3045
      vertex -2 -23 10.5359
      vertex -2 -28 10.5359
    endloop
  endfacet
  facet normal -0.896883 0 -0.442268
    outer loop
      vertex 3.69552 -28 15.5307
      vertex 3.4641 -23 16
      vertex 3.69552 -23 15.5307
    endloop
  endfacet
  facet normal -0.896883 -0 -0.442268
    outer loop
      vertex 3.4641 -23 16
      vertex 3.69552 -28 15.5307
      vertex 3.4641 -28 16
    endloop
  endfacet
  facet normal -0.831441 0 -0.555613
    outer loop
      vertex 3.4641 -28 16
      vertex 3.17341 -23 16.435
      vertex 3.4641 -23 16
    endloop
  endfacet
  facet normal -0.831441 -0 -0.555613
    outer loop
      vertex 3.17341 -23 16.435
      vertex 3.4641 -28 16
      vertex 3.17341 -28 16.435
    endloop
  endfacet
  facet normal -0.44226 0 -0.896887
    outer loop
      vertex 1.53073 -28 17.6955
      vertex 2 -23 17.4641
      vertex 2 -28 17.4641
    endloop
  endfacet
  facet normal -0.44226 0 -0.896887
    outer loop
      vertex 2 -23 17.4641
      vertex 1.53073 -28 17.6955
      vertex 1.53073 -23 17.6955
    endloop
  endfacet
  facet normal -0.0653641 0 -0.997861
    outer loop
      vertex 0 -28 18
      vertex 0.522104 -23 17.9658
      vertex 0.522104 -28 17.9658
    endloop
  endfacet
  facet normal -0.0653641 0 -0.997861
    outer loop
      vertex 0.522104 -23 17.9658
      vertex 0 -28 18
      vertex 0 -23 18
    endloop
  endfacet
  facet normal 0.997859 0 -0.0654027
    outer loop
      vertex -3.96578 -28 14.5221
      vertex -4 -23 14
      vertex -3.96578 -23 14.5221
    endloop
  endfacet
  facet normal 0.997859 0 -0.0654027
    outer loop
      vertex -4 -23 14
      vertex -3.96578 -28 14.5221
      vertex -4 -28 14
    endloop
  endfacet
  facet normal 0.751861 0 -0.659321
    outer loop
      vertex -2.82843 -28 16.8284
      vertex -3.17341 -23 16.435
      vertex -2.82843 -23 16.8284
    endloop
  endfacet
  facet normal 0.751861 0 -0.659321
    outer loop
      vertex -3.17341 -23 16.435
      vertex -2.82843 -28 16.8284
      vertex -3.17341 -28 16.435
    endloop
  endfacet
  facet normal 0.0653641 0 -0.997861
    outer loop
      vertex -0.522104 -28 17.9658
      vertex 0 -23 18
      vertex 0 -28 18
    endloop
  endfacet
  facet normal 0.0653641 0 -0.997861
    outer loop
      vertex 0 -23 18
      vertex -0.522104 -28 17.9658
      vertex -0.522104 -23 17.9658
    endloop
  endfacet
  facet normal 0.659362 0 -0.751826
    outer loop
      vertex -2.82843 -28 16.8284
      vertex -2.43505 -23 17.1734
      vertex -2.43505 -28 17.1734
    endloop
  endfacet
  facet normal 0.659362 0 -0.751826
    outer loop
      vertex -2.43505 -23 17.1734
      vertex -2.82843 -28 16.8284
      vertex -2.82843 -23 16.8284
    endloop
  endfacet
  facet normal -0.997859 0 -0.0654027
    outer loop
      vertex 4 -28 14
      vertex 3.96578 -23 14.5221
      vertex 4 -23 14
    endloop
  endfacet
  facet normal -0.997859 -0 -0.0654027
    outer loop
      vertex 3.96578 -23 14.5221
      vertex 4 -28 14
      vertex 3.96578 -28 14.5221
    endloop
  endfacet
  facet normal -0.946922 0 0.321464
    outer loop
      vertex 3.69552 -28 12.4693
      vertex 3.8637 -23 12.9647
      vertex 3.69552 -23 12.4693
    endloop
  endfacet
  facet normal -0.946922 0 0.321464
    outer loop
      vertex 3.8637 -23 12.9647
      vertex 3.69552 -28 12.4693
      vertex 3.8637 -28 12.9647
    endloop
  endfacet
  facet normal -0.555582 0 0.831462
    outer loop
      vertex 2 -23 10.5359
      vertex 2.43505 -28 10.8266
      vertex 2.43505 -23 10.8266
    endloop
  endfacet
  facet normal -0.555582 0 0.831462
    outer loop
      vertex 2.43505 -28 10.8266
      vertex 2 -23 10.5359
      vertex 2 -28 10.5359
    endloop
  endfacet
  facet normal 0.0653641 0 0.997861
    outer loop
      vertex -0.522104 -23 10.0342
      vertex 0 -28 10
      vertex 0 -23 10
    endloop
  endfacet
  facet normal 0.0653641 0 0.997861
    outer loop
      vertex 0 -28 10
      vertex -0.522104 -23 10.0342
      vertex -0.522104 -28 10.0342
    endloop
  endfacet
  facet normal 0.659362 0 0.751826
    outer loop
      vertex -2.82843 -23 11.1716
      vertex -2.43505 -28 10.8266
      vertex -2.43505 -23 10.8266
    endloop
  endfacet
  facet normal 0.659362 0 0.751826
    outer loop
      vertex -2.43505 -28 10.8266
      vertex -2.82843 -23 11.1716
      vertex -2.82843 -28 11.1716
    endloop
  endfacet
  facet normal 0.997859 -0 0.0654027
    outer loop
      vertex -4 -28 14
      vertex -3.96578 -23 13.4779
      vertex -4 -23 14
    endloop
  endfacet
  facet normal 0.997859 0 0.0654027
    outer loop
      vertex -3.96578 -23 13.4779
      vertex -4 -28 14
      vertex -3.96578 -28 13.4779
    endloop
  endfacet
  facet normal -0.980786 0 -0.195087
    outer loop
      vertex 3.96578 -28 14.5221
      vertex 3.8637 -23 15.0353
      vertex 3.96578 -23 14.5221
    endloop
  endfacet
  facet normal -0.980786 -0 -0.195087
    outer loop
      vertex 3.8637 -23 15.0353
      vertex 3.96578 -28 14.5221
      vertex 3.8637 -28 15.0353
    endloop
  endfacet
  facet normal -0.946922 0 -0.321464
    outer loop
      vertex 3.8637 -28 15.0353
      vertex 3.69552 -23 15.5307
      vertex 3.8637 -23 15.0353
    endloop
  endfacet
  facet normal -0.946922 -0 -0.321464
    outer loop
      vertex 3.69552 -23 15.5307
      vertex 3.8637 -28 15.0353
      vertex 3.69552 -28 15.5307
    endloop
  endfacet
  facet normal -0.751861 0 -0.659321
    outer loop
      vertex 3.17341 -28 16.435
      vertex 2.82843 -23 16.8284
      vertex 3.17341 -23 16.435
    endloop
  endfacet
  facet normal -0.751861 -0 -0.659321
    outer loop
      vertex 2.82843 -23 16.8284
      vertex 3.17341 -28 16.435
      vertex 2.82843 -28 16.8284
    endloop
  endfacet
  facet normal -0.659362 0 -0.751826
    outer loop
      vertex 2.43505 -28 17.1734
      vertex 2.82843 -23 16.8284
      vertex 2.82843 -28 16.8284
    endloop
  endfacet
  facet normal -0.659362 0 -0.751826
    outer loop
      vertex 2.82843 -23 16.8284
      vertex 2.43505 -28 17.1734
      vertex 2.43505 -23 17.1734
    endloop
  endfacet
  facet normal -0.321469 0 -0.94692
    outer loop
      vertex 1.03528 -28 17.8637
      vertex 1.53073 -23 17.6955
      vertex 1.53073 -28 17.6955
    endloop
  endfacet
  facet normal -0.321469 0 -0.94692
    outer loop
      vertex 1.53073 -23 17.6955
      vertex 1.03528 -28 17.8637
      vertex 1.03528 -23 17.8637
    endloop
  endfacet
  facet normal -0.195133 0 -0.980777
    outer loop
      vertex 0.522104 -28 17.9658
      vertex 1.03528 -23 17.8637
      vertex 1.03528 -28 17.8637
    endloop
  endfacet
  facet normal -0.195133 0 -0.980777
    outer loop
      vertex 1.03528 -23 17.8637
      vertex 0.522104 -28 17.9658
      vertex 0.522104 -23 17.9658
    endloop
  endfacet
  facet normal 0.946922 0 -0.321464
    outer loop
      vertex -3.69552 -28 15.5307
      vertex -3.8637 -23 15.0353
      vertex -3.69552 -23 15.5307
    endloop
  endfacet
  facet normal 0.946922 0 -0.321464
    outer loop
      vertex -3.8637 -23 15.0353
      vertex -3.69552 -28 15.5307
      vertex -3.8637 -28 15.0353
    endloop
  endfacet
  facet normal 0.980786 0 -0.195087
    outer loop
      vertex -3.8637 -28 15.0353
      vertex -3.96578 -23 14.5221
      vertex -3.8637 -23 15.0353
    endloop
  endfacet
  facet normal 0.980786 0 -0.195087
    outer loop
      vertex -3.96578 -23 14.5221
      vertex -3.8637 -28 15.0353
      vertex -3.96578 -28 14.5221
    endloop
  endfacet
  facet normal 0.831441 0 -0.555613
    outer loop
      vertex -3.17341 -28 16.435
      vertex -3.4641 -23 16
      vertex -3.17341 -23 16.435
    endloop
  endfacet
  facet normal 0.831441 0 -0.555613
    outer loop
      vertex -3.4641 -23 16
      vertex -3.17341 -28 16.435
      vertex -3.4641 -28 16
    endloop
  endfacet
  facet normal 0.195133 0 -0.980777
    outer loop
      vertex -1.03528 -28 17.8637
      vertex -0.522104 -23 17.9658
      vertex -0.522104 -28 17.9658
    endloop
  endfacet
  facet normal 0.195133 0 -0.980777
    outer loop
      vertex -0.522104 -23 17.9658
      vertex -1.03528 -28 17.8637
      vertex -1.03528 -23 17.8637
    endloop
  endfacet
  facet normal 0.555582 0 -0.831462
    outer loop
      vertex -2.43505 -28 17.1734
      vertex -2 -23 17.4641
      vertex -2 -28 17.4641
    endloop
  endfacet
  facet normal 0.555582 0 -0.831462
    outer loop
      vertex -2 -23 17.4641
      vertex -2.43505 -28 17.1734
      vertex -2.43505 -23 17.1734
    endloop
  endfacet
  facet normal 0.44226 0 -0.896887
    outer loop
      vertex -2 -28 17.4641
      vertex -1.53073 -23 17.6955
      vertex -1.53073 -28 17.6955
    endloop
  endfacet
  facet normal 0.44226 0 -0.896887
    outer loop
      vertex -1.53073 -23 17.6955
      vertex -2 -28 17.4641
      vertex -2 -23 17.4641
    endloop
  endfacet
  facet normal -0.997859 0 0.0654027
    outer loop
      vertex 3.96578 -28 13.4779
      vertex 4 -23 14
      vertex 3.96578 -23 13.4779
    endloop
  endfacet
  facet normal -0.997859 0 0.0654027
    outer loop
      vertex 4 -23 14
      vertex 3.96578 -28 13.4779
      vertex 4 -28 14
    endloop
  endfacet
  facet normal -0.0653641 0 0.997861
    outer loop
      vertex 0 -23 10
      vertex 0.522104 -28 10.0342
      vertex 0.522104 -23 10.0342
    endloop
  endfacet
  facet normal -0.0653641 0 0.997861
    outer loop
      vertex 0.522104 -28 10.0342
      vertex 0 -23 10
      vertex 0 -28 10
    endloop
  endfacet
  facet normal -0.321469 0 0.94692
    outer loop
      vertex 1.03528 -23 10.1363
      vertex 1.53073 -28 10.3045
      vertex 1.53073 -23 10.3045
    endloop
  endfacet
  facet normal -0.321469 0 0.94692
    outer loop
      vertex 1.53073 -28 10.3045
      vertex 1.03528 -23 10.1363
      vertex 1.03528 -28 10.1363
    endloop
  endfacet
  facet normal -0.659362 0 0.751826
    outer loop
      vertex 2.43505 -23 10.8266
      vertex 2.82843 -28 11.1716
      vertex 2.82843 -23 11.1716
    endloop
  endfacet
  facet normal -0.659362 0 0.751826
    outer loop
      vertex 2.82843 -28 11.1716
      vertex 2.43505 -23 10.8266
      vertex 2.43505 -28 10.8266
    endloop
  endfacet
  facet normal 0.321469 0 0.94692
    outer loop
      vertex -1.53073 -23 10.3045
      vertex -1.03528 -28 10.1363
      vertex -1.03528 -23 10.1363
    endloop
  endfacet
  facet normal 0.321469 0 0.94692
    outer loop
      vertex -1.03528 -28 10.1363
      vertex -1.53073 -23 10.3045
      vertex -1.53073 -28 10.3045
    endloop
  endfacet
  facet normal 0.555582 0 0.831462
    outer loop
      vertex -2.43505 -23 10.8266
      vertex -2 -28 10.5359
      vertex -2 -23 10.5359
    endloop
  endfacet
  facet normal 0.555582 0 0.831462
    outer loop
      vertex -2 -28 10.5359
      vertex -2.43505 -23 10.8266
      vertex -2.43505 -28 10.8266
    endloop
  endfacet
  facet normal 0.980786 -0 0.195087
    outer loop
      vertex -3.96578 -28 13.4779
      vertex -3.8637 -23 12.9647
      vertex -3.96578 -23 13.4779
    endloop
  endfacet
  facet normal 0.980786 0 0.195087
    outer loop
      vertex -3.8637 -23 12.9647
      vertex -3.96578 -28 13.4779
      vertex -3.8637 -28 12.9647
    endloop
  endfacet
  facet normal 0.751861 -0 0.659321
    outer loop
      vertex -3.17341 -28 11.565
      vertex -2.82843 -23 11.1716
      vertex -3.17341 -23 11.565
    endloop
  endfacet
  facet normal 0.751861 0 0.659321
    outer loop
      vertex -2.82843 -23 11.1716
      vertex -3.17341 -28 11.565
      vertex -2.82843 -28 11.1716
    endloop
  endfacet
  facet normal 0.896883 -0 0.442268
    outer loop
      vertex -3.69552 -28 12.4693
      vertex -3.4641 -23 12
      vertex -3.69552 -23 12.4693
    endloop
  endfacet
  facet normal 0.896883 0 0.442268
    outer loop
      vertex -3.4641 -23 12
      vertex -3.69552 -28 12.4693
      vertex -3.4641 -28 12
    endloop
  endfacet
  facet normal -0.980786 0 0.195087
    outer loop
      vertex 3.8637 -28 12.9647
      vertex 3.96578 -23 13.4779
      vertex 3.8637 -23 12.9647
    endloop
  endfacet
  facet normal -0.980786 0 0.195087
    outer loop
      vertex 3.96578 -23 13.4779
      vertex 3.8637 -28 12.9647
      vertex 3.96578 -28 13.4779
    endloop
  endfacet
  facet normal -0.896883 0 0.442268
    outer loop
      vertex 3.4641 -28 12
      vertex 3.69552 -23 12.4693
      vertex 3.4641 -23 12
    endloop
  endfacet
  facet normal -0.896883 0 0.442268
    outer loop
      vertex 3.69552 -23 12.4693
      vertex 3.4641 -28 12
      vertex 3.69552 -28 12.4693
    endloop
  endfacet
  facet normal -0.831441 0 0.555613
    outer loop
      vertex 3.17341 -28 11.565
      vertex 3.4641 -23 12
      vertex 3.17341 -23 11.565
    endloop
  endfacet
  facet normal -0.831441 0 0.555613
    outer loop
      vertex 3.4641 -23 12
      vertex 3.17341 -28 11.565
      vertex 3.4641 -28 12
    endloop
  endfacet
  facet normal -0.195133 0 0.980777
    outer loop
      vertex 0.522104 -23 10.0342
      vertex 1.03528 -28 10.1363
      vertex 1.03528 -23 10.1363
    endloop
  endfacet
  facet normal -0.195133 0 0.980777
    outer loop
      vertex 1.03528 -28 10.1363
      vertex 0.522104 -23 10.0342
      vertex 0.522104 -28 10.0342
    endloop
  endfacet
  facet normal -0.44226 0 0.896887
    outer loop
      vertex 1.53073 -23 10.3045
      vertex 2 -28 10.5359
      vertex 2 -23 10.5359
    endloop
  endfacet
  facet normal -0.44226 0 0.896887
    outer loop
      vertex 2 -28 10.5359
      vertex 1.53073 -23 10.3045
      vertex 1.53073 -28 10.3045
    endloop
  endfacet
  facet normal -0.751861 0 0.659321
    outer loop
      vertex 2.82843 -28 11.1716
      vertex 3.17341 -23 11.565
      vertex 2.82843 -23 11.1716
    endloop
  endfacet
  facet normal -0.751861 0 0.659321
    outer loop
      vertex 3.17341 -23 11.565
      vertex 2.82843 -28 11.1716
      vertex 3.17341 -28 11.565
    endloop
  endfacet
  facet normal 0.195133 0 0.980777
    outer loop
      vertex -1.03528 -23 10.1363
      vertex -0.522104 -28 10.0342
      vertex -0.522104 -23 10.0342
    endloop
  endfacet
  facet normal 0.195133 0 0.980777
    outer loop
      vertex -0.522104 -28 10.0342
      vertex -1.03528 -23 10.1363
      vertex -1.03528 -28 10.1363
    endloop
  endfacet
  facet normal 0.946922 -0 0.321464
    outer loop
      vertex -3.8637 -28 12.9647
      vertex -3.69552 -23 12.4693
      vertex -3.8637 -23 12.9647
    endloop
  endfacet
  facet normal 0.946922 0 0.321464
    outer loop
      vertex -3.69552 -23 12.4693
      vertex -3.8637 -28 12.9647
      vertex -3.69552 -28 12.4693
    endloop
  endfacet
  facet normal 0.831441 -0 0.555613
    outer loop
      vertex -3.4641 -28 12
      vertex -3.17341 -23 11.565
      vertex -3.4641 -23 12
    endloop
  endfacet
  facet normal 0.831441 0 0.555613
    outer loop
      vertex -3.17341 -23 11.565
      vertex -3.4641 -28 12
      vertex -3.17341 -28 11.565
    endloop
  endfacet
  facet normal 0.442292 0 -0.896871
    outer loop
      vertex 5.35756 -28 1.06569
      vertex 7 -23 1.87566
      vertex 7 -28 1.87566
    endloop
  endfacet
  facet normal 0.442292 0 -0.896871
    outer loop
      vertex 7 -23 1.87566
      vertex 5.35756 -28 1.06569
      vertex 5.35756 -23 1.06569
    endloop
  endfacet
  facet normal 0.555571 0 -0.831469
    outer loop
      vertex 7 -28 1.87566
      vertex 8.52266 -23 2.89307
      vertex 8.52266 -28 2.89307
    endloop
  endfacet
  facet normal 0.555571 0 -0.831469
    outer loop
      vertex 8.52266 -23 2.89307
      vertex 7 -28 1.87566
      vertex 7 -23 1.87566
    endloop
  endfacet
  facet normal 0.321435 0 -0.946932
    outer loop
      vertex 3.62346 -28 0.477051
      vertex 5.35756 -23 1.06569
      vertex 5.35756 -28 1.06569
    endloop
  endfacet
  facet normal 0.321435 0 -0.946932
    outer loop
      vertex 5.35756 -23 1.06569
      vertex 3.62346 -28 0.477051
      vertex 3.62346 -23 0.477051
    endloop
  endfacet
  facet normal 0 1 0
    outer loop
      vertex -1.58631 -23 20.2912
      vertex -6.29116 -23 15.5863
      vertex -6.5 -23 15.6
    endloop
  endfacet
  facet normal 0 1 0
    outer loop
      vertex -3.17341 -23 16.435
      vertex -6.08589 -23 15.5455
      vertex -6.29116 -23 15.5863
    endloop
  endfacet
  facet normal 0 1 0
    outer loop
      vertex -5.52598 -23 15.2694
      vertex -3.4641 -23 16
      vertex -3.69552 -23 15.5307
    endloop
  endfacet
  facet normal 0 1 0
    outer loop
      vertex -3.17341 -23 16.435
      vertex -5.88771 -23 15.4782
      vertex -6.08589 -23 15.5455
    endloop
  endfacet
  facet normal 0 1 0
    outer loop
      vertex -3.4641 -23 16
      vertex -5.7 -23 15.3856
      vertex -5.88771 -23 15.4782
    endloop
  endfacet
  facet normal 0 1 0
    outer loop
      vertex -3.4641 -23 16
      vertex -5.52598 -23 15.2694
      vertex -5.7 -23 15.3856
    endloop
  endfacet
  facet normal 0 1 0
    outer loop
      vertex -3.69552 -23 15.5307
      vertex -5.36863 -23 15.1314
      vertex -5.52598 -23 15.2694
    endloop
  endfacet
  facet normal 0 1 0
    outer loop
      vertex -5.23063 -23 14.974
      vertex -3.69552 -23 15.5307
      vertex -3.8637 -23 15.0353
    endloop
  endfacet
  facet normal 0 1 0
    outer loop
      vertex -3.69552 -23 15.5307
      vertex -5.23063 -23 14.974
      vertex -5.36863 -23 15.1314
    endloop
  endfacet
  facet normal 0 1 0
    outer loop
      vertex -3.8637 -23 15.0353
      vertex -5.11436 -23 14.8
      vertex -5.23063 -23 14.974
    endloop
  endfacet
  facet normal 0 1 0
    outer loop
      vertex -3.8637 -23 15.0353
      vertex -5.02179 -23 14.6123
      vertex -5.11436 -23 14.8
    endloop
  endfacet
  facet normal 0 1 -0
    outer loop
      vertex -3.96578 -23 14.5221
      vertex -5.02179 -23 14.6123
      vertex -3.8637 -23 15.0353
    endloop
  endfacet
  facet normal 0 1 0
    outer loop
      vertex -3.96578 -23 14.5221
      vertex -4.95452 -23 14.4141
      vertex -5.02179 -23 14.6123
    endloop
  endfacet
  facet normal 0 1 0
    outer loop
      vertex -3.96578 -23 14.5221
      vertex -4.91369 -23 14.2088
      vertex -4.95452 -23 14.4141
    endloop
  endfacet
  facet normal 0 1 -0
    outer loop
      vertex -4 -23 14
      vertex -4.91369 -23 14.2088
      vertex -3.96578 -23 14.5221
    endloop
  endfacet
  facet normal 0 1 0
    outer loop
      vertex -4 -23 14
      vertex -4.9 -23 14
      vertex -4.91369 -23 14.2088
    endloop
  endfacet
  facet normal 0 1 0
    outer loop
      vertex -4 -23 14
      vertex -4.91369 -23 13.7912
      vertex -4.9 -23 14
    endloop
  endfacet
  facet normal 0 1 0
    outer loop
      vertex -3.96578 -23 13.4779
      vertex -4.91369 -23 13.7912
      vertex -4 -23 14
    endloop
  endfacet
  facet normal 0 1 0
    outer loop
      vertex -4.91369 -23 13.7912
      vertex -3.96578 -23 13.4779
      vertex -4.95452 -23 13.5859
    endloop
  endfacet
  facet normal 0 1 0
    outer loop
      vertex -3.96578 -23 13.4779
      vertex -5.02179 -23 13.3877
      vertex -4.95452 -23 13.5859
    endloop
  endfacet
  facet normal 0 1 0
    outer loop
      vertex -3.8637 -23 12.9647
      vertex -5.02179 -23 13.3877
      vertex -3.96578 -23 13.4779
    endloop
  endfacet
  facet normal 0 1 0
    outer loop
      vertex -5.02179 -23 13.3877
      vertex -3.8637 -23 12.9647
      vertex -5.11436 -23 13.2
    endloop
  endfacet
  facet normal 0 1 0
    outer loop
      vertex -5.11436 -23 13.2
      vertex -3.8637 -23 12.9647
      vertex -5.23063 -23 13.026
    endloop
  endfacet
  facet normal 0 1 0
    outer loop
      vertex -3.69552 -23 12.4693
      vertex -5.23063 -23 13.026
      vertex -3.8637 -23 12.9647
    endloop
  endfacet
  facet normal 0 1 0
    outer loop
      vertex -5.23063 -23 13.026
      vertex -3.69552 -23 12.4693
      vertex -5.36863 -23 12.8686
    endloop
  endfacet
  facet normal 0 1 0
    outer loop
      vertex -5.36863 -23 12.8686
      vertex -3.69552 -23 12.4693
      vertex -5.52598 -23 12.7306
    endloop
  endfacet
  facet normal 0 1 0
    outer loop
      vertex -3.4641 -23 12
      vertex -5.52598 -23 12.7306
      vertex -3.69552 -23 12.4693
    endloop
  endfacet
  facet normal 0 1 0
    outer loop
      vertex -5.52598 -23 12.7306
      vertex -3.4641 -23 12
      vertex -5.7 -23 12.6144
    endloop
  endfacet
  facet normal 0 1 0
    outer loop
      vertex -5.7 -23 12.6144
      vertex -3.4641 -23 12
      vertex -5.88771 -23 12.5218
    endloop
  endfacet
  facet normal 0 1 0
    outer loop
      vertex -3.17341 -23 11.565
      vertex -5.88771 -23 12.5218
      vertex -3.4641 -23 12
    endloop
  endfacet
  facet normal 0 1 0
    outer loop
      vertex -5.88771 -23 12.5218
      vertex -3.17341 -23 11.565
      vertex -6.08589 -23 12.4545
    endloop
  endfacet
  facet normal 0 1 0
    outer loop
      vertex -6.08589 -23 12.4545
      vertex -2.82843 -23 11.1716
      vertex -6.29116 -23 12.4137
    endloop
  endfacet
  facet normal 0 1 0
    outer loop
      vertex -2.82843 -23 11.1716
      vertex -6.08589 -23 12.4545
      vertex -3.17341 -23 11.565
    endloop
  endfacet
  facet normal 0 1 0
    outer loop
      vertex 11.1069 -23 22.5227
      vertex 7.70884 -23 15.5863
      vertex 7.5 -23 15.6
    endloop
  endfacet
  facet normal 0 1 0
    outer loop
      vertex 13.5229 -23 17.6235
      vertex 7.91411 -23 15.5455
      vertex 7.70884 -23 15.5863
    endloop
  endfacet
  facet normal 0 1 0
    outer loop
      vertex 13.5229 -23 17.6235
      vertex 8.11229 -23 15.4782
      vertex 7.91411 -23 15.5455
    endloop
  endfacet
  facet normal 0 1 0
    outer loop
      vertex 13.5229 -23 17.6235
      vertex 8.3 -23 15.3856
      vertex 8.11229 -23 15.4782
    endloop
  endfacet
  facet normal 0 1 0
    outer loop
      vertex 13.5229 -23 17.6235
      vertex 8.47402 -23 15.2694
      vertex 8.3 -23 15.3856
    endloop
  endfacet
  facet normal 0 1 0
    outer loop
      vertex 13.5229 -23 17.6235
      vertex 8.63137 -23 15.1314
      vertex 8.47402 -23 15.2694
    endloop
  endfacet
  facet normal 0 1 0
    outer loop
      vertex 13.5229 -23 17.6235
      vertex 8.76937 -23 14.974
      vertex 8.63137 -23 15.1314
    endloop
  endfacet
  facet normal 0 1 0
    outer loop
      vertex 13.5229 -23 17.6235
      vertex 8.88564 -23 14.8
      vertex 8.76937 -23 14.974
    endloop
  endfacet
  facet normal 0 1 0
    outer loop
      vertex 13.8802 -23 15.8274
      vertex 8.97821 -23 14.6123
      vertex 8.88564 -23 14.8
    endloop
  endfacet
  facet normal 0 1 0
    outer loop
      vertex 13.8802 -23 15.8274
      vertex 9.04548 -23 14.4141
      vertex 8.97821 -23 14.6123
    endloop
  endfacet
  facet normal 0 1 0
    outer loop
      vertex 13.8802 -23 15.8274
      vertex 9.08631 -23 14.2088
      vertex 9.04548 -23 14.4141
    endloop
  endfacet
  facet normal 0 1 0
    outer loop
      vertex 14 -23 14
      vertex 9.08631 -23 14.2088
      vertex 13.8802 -23 15.8274
    endloop
  endfacet
  facet normal 0 1 0
    outer loop
      vertex 14 -23 14
      vertex 9.1 -23 14
      vertex 9.08631 -23 14.2088
    endloop
  endfacet
  facet normal 0 1 0
    outer loop
      vertex 14 -23 14
      vertex 9.08631 -23 13.7912
      vertex 9.1 -23 14
    endloop
  endfacet
  facet normal 0 1 -0
    outer loop
      vertex 13.8802 -23 12.1726
      vertex 9.08631 -23 13.7912
      vertex 14 -23 14
    endloop
  endfacet
  facet normal 0 1 0
    outer loop
      vertex 9.08631 -23 13.7912
      vertex 13.8802 -23 12.1726
      vertex 9.04548 -23 13.5859
    endloop
  endfacet
  facet normal 0 1 0
    outer loop
      vertex 9.04548 -23 13.5859
      vertex 13.8802 -23 12.1726
      vertex 8.97821 -23 13.3877
    endloop
  endfacet
  facet normal 0 1 0
    outer loop
      vertex 8.97821 -23 13.3877
      vertex 13.8802 -23 12.1726
      vertex 8.88564 -23 13.2
    endloop
  endfacet
  facet normal 0 1 -0
    outer loop
      vertex 13.5229 -23 10.3765
      vertex 8.88564 -23 13.2
      vertex 13.8802 -23 12.1726
    endloop
  endfacet
  facet normal 0 1 0
    outer loop
      vertex 8.88564 -23 13.2
      vertex 13.5229 -23 10.3765
      vertex 8.76937 -23 13.026
    endloop
  endfacet
  facet normal 0 1 0
    outer loop
      vertex 8.76937 -23 13.026
      vertex 13.5229 -23 10.3765
      vertex 8.63137 -23 12.8686
    endloop
  endfacet
  facet normal 0 1 0
    outer loop
      vertex 8.63137 -23 12.8686
      vertex 13.5229 -23 10.3765
      vertex 8.47402 -23 12.7306
    endloop
  endfacet
  facet normal 0 1 -0
    outer loop
      vertex 12.9343 -23 8.64244
      vertex 8.47402 -23 12.7306
      vertex 13.5229 -23 10.3765
    endloop
  endfacet
  facet normal 0 1 0
    outer loop
      vertex 8.11229 -23 12.5218
      vertex 12.1243 -23 7
      vertex 7.91411 -23 12.4545
    endloop
  endfacet
  facet normal 0 1 -0
    outer loop
      vertex 12.1243 -23 7
      vertex 8.11229 -23 12.5218
      vertex 12.9343 -23 8.64244
    endloop
  endfacet
  facet normal 0 1 0
    outer loop
      vertex 8.3 -23 12.6144
      vertex 12.9343 -23 8.64244
      vertex 8.11229 -23 12.5218
    endloop
  endfacet
  facet normal 0 1 0
    outer loop
      vertex 8.47402 -23 12.7306
      vertex 12.9343 -23 8.64244
      vertex 8.3 -23 12.6144
    endloop
  endfacet
  facet normal 0 1 0
    outer loop
      vertex 0 -23 28
      vertex 0.208841 -23 23.0863
      vertex 0 -23 23.1
    endloop
  endfacet
  facet normal 0 1 0
    outer loop
      vertex 8.52266 -23 25.1069
      vertex 0.41411 -23 23.0455
      vertex 0.208841 -23 23.0863
    endloop
  endfacet
  facet normal 0 1 0
    outer loop
      vertex 8.52266 -23 25.1069
      vertex 0.612293 -23 22.9782
      vertex 0.41411 -23 23.0455
    endloop
  endfacet
  facet normal 0 1 0
    outer loop
      vertex 8.52266 -23 25.1069
      vertex 0.799999 -23 22.8856
      vertex 0.612293 -23 22.9782
    endloop
  endfacet
  facet normal 0 1 0
    outer loop
      vertex 8.52266 -23 25.1069
      vertex 0.974018 -23 22.7694
      vertex 0.799999 -23 22.8856
    endloop
  endfacet
  facet normal 0 1 0
    outer loop
      vertex 8.52266 -23 25.1069
      vertex 1.13137 -23 22.6314
      vertex 0.974018 -23 22.7694
    endloop
  endfacet
  facet normal 0 1 0
    outer loop
      vertex 7.5 -23 15.6
      vertex 9.89949 -23 23.8995
      vertex 11.1069 -23 22.5227
    endloop
  endfacet
  facet normal 0 1 0
    outer loop
      vertex 8.52266 -23 25.1069
      vertex 1.26937 -23 22.474
      vertex 1.13137 -23 22.6314
    endloop
  endfacet
  facet normal 0 1 0
    outer loop
      vertex 8.52266 -23 25.1069
      vertex 1.38564 -23 22.3
      vertex 1.26937 -23 22.474
    endloop
  endfacet
  facet normal 0 1 0
    outer loop
      vertex 8.52266 -23 25.1069
      vertex 1.47821 -23 22.1123
      vertex 1.38564 -23 22.3
    endloop
  endfacet
  facet normal 0 1 0
    outer loop
      vertex 8.52266 -23 25.1069
      vertex 1.54548 -23 21.9141
      vertex 1.47821 -23 22.1123
    endloop
  endfacet
  facet normal 0 1 0
    outer loop
      vertex 8.52266 -23 25.1069
      vertex 1.58631 -23 21.7088
      vertex 1.54548 -23 21.9141
    endloop
  endfacet
  facet normal 0 1 0
    outer loop
      vertex 8.52266 -23 25.1069
      vertex 1.6 -23 21.5
      vertex 1.58631 -23 21.7088
    endloop
  endfacet
  facet normal 0 1 0
    outer loop
      vertex 7.70884 -23 15.5863
      vertex 11.1069 -23 22.5227
      vertex 12.1243 -23 21
    endloop
  endfacet
  facet normal 0 1 0
    outer loop
      vertex 9.89949 -23 23.8995
      vertex 1.6 -23 20.5
      vertex 1.6 -23 21.5
    endloop
  endfacet
  facet normal 0 1 0
    outer loop
      vertex 9.89949 -23 23.8995
      vertex 6.5 -23 15.6
      vertex 1.6 -23 20.5
    endloop
  endfacet
  facet normal 0 1 0
    outer loop
      vertex 1.6 -23 20.5
      vertex 6.5 -23 15.6
      vertex 1.58631 -23 20.2912
    endloop
  endfacet
  facet normal 0 1 -0
    outer loop
      vertex 6.29116 -23 15.5863
      vertex 1.58631 -23 20.2912
      vertex 6.5 -23 15.6
    endloop
  endfacet
  facet normal -0 1 -0
    outer loop
      vertex 2.82843 -23 16.8284
      vertex 1.58631 -23 20.2912
      vertex 6.29116 -23 15.5863
    endloop
  endfacet
  facet normal 0 1 0
    outer loop
      vertex 1.58631 -23 20.2912
      vertex 2.82843 -23 16.8284
      vertex 1.54548 -23 20.0859
    endloop
  endfacet
  facet normal -0 1 -0
    outer loop
      vertex 2.43505 -23 17.1734
      vertex 1.54548 -23 20.0859
      vertex 2.82843 -23 16.8284
    endloop
  endfacet
  facet normal 0 1 0
    outer loop
      vertex 7.70884 -23 15.5863
      vertex 12.1243 -23 21
      vertex 12.9343 -23 19.3576
    endloop
  endfacet
  facet normal -0 1 -0
    outer loop
      vertex 2 -23 17.4641
      vertex 1.47821 -23 19.8877
      vertex 2.43505 -23 17.1734
    endloop
  endfacet
  facet normal 0 1 0
    outer loop
      vertex 1.47821 -23 19.8877
      vertex 2 -23 17.4641
      vertex 1.38564 -23 19.7
    endloop
  endfacet
  facet normal 0 1 0
    outer loop
      vertex 1.26937 -23 19.526
      vertex 1.53073 -23 17.6955
      vertex 1.13137 -23 19.3686
    endloop
  endfacet
  facet normal 0 1 0
    outer loop
      vertex 1.13137 -23 19.3686
      vertex 1.53073 -23 17.6955
      vertex 0.974018 -23 19.2306
    endloop
  endfacet
  facet normal 0 1 0
    outer loop
      vertex 0.974018 -23 19.2306
      vertex 1.03528 -23 17.8637
      vertex 0.799999 -23 19.1144
    endloop
  endfacet
  facet normal 0 1 0
    outer loop
      vertex 0.799999 -23 19.1144
      vertex 1.03528 -23 17.8637
      vertex 0.612293 -23 19.0218
    endloop
  endfacet
  facet normal -0 1 0
    outer loop
      vertex 0.522104 -23 17.9658
      vertex 0.612293 -23 19.0218
      vertex 1.03528 -23 17.8637
    endloop
  endfacet
  facet normal 0 1 0
    outer loop
      vertex 0.208841 -23 18.9137
      vertex 0 -23 18
      vertex 0 -23 18.9
    endloop
  endfacet
  facet normal -0 1 0
    outer loop
      vertex 0 -23 18
      vertex 0.208841 -23 18.9137
      vertex 0.522104 -23 17.9658
    endloop
  endfacet
  facet normal 0 1 0
    outer loop
      vertex 0.41411 -23 18.9545
      vertex 0.522104 -23 17.9658
      vertex 0.208841 -23 18.9137
    endloop
  endfacet
  facet normal 0 1 0
    outer loop
      vertex 7.70884 -23 15.5863
      vertex 12.9343 -23 19.3576
      vertex 13.5229 -23 17.6235
    endloop
  endfacet
  facet normal 0 1 0
    outer loop
      vertex 0.612293 -23 19.0218
      vertex 0.522104 -23 17.9658
      vertex 0.41411 -23 18.9545
    endloop
  endfacet
  facet normal -0 1 -0
    outer loop
      vertex 1.03528 -23 17.8637
      vertex 0.974018 -23 19.2306
      vertex 1.53073 -23 17.6955
    endloop
  endfacet
  facet normal 0 1 0
    outer loop
      vertex 9.89949 -23 23.8995
      vertex 7.5 -23 15.6
      vertex 6.5 -23 15.6
    endloop
  endfacet
  facet normal -0 1 -0
    outer loop
      vertex 1.53073 -23 17.6955
      vertex 1.26937 -23 19.526
      vertex 2 -23 17.4641
    endloop
  endfacet
  facet normal 0 1 0
    outer loop
      vertex 1.38564 -23 19.7
      vertex 2 -23 17.4641
      vertex 1.26937 -23 19.526
    endloop
  endfacet
  facet normal 0 1 0
    outer loop
      vertex 8.88564 -23 14.8
      vertex 13.5229 -23 17.6235
      vertex 13.8802 -23 15.8274
    endloop
  endfacet
  facet normal 0 1 0
    outer loop
      vertex 1.54548 -23 20.0859
      vertex 2.43505 -23 17.1734
      vertex 1.47821 -23 19.8877
    endloop
  endfacet
  facet normal 0 1 -0
    outer loop
      vertex 6.08589 -23 15.5455
      vertex 2.82843 -23 16.8284
      vertex 6.29116 -23 15.5863
    endloop
  endfacet
  facet normal 0 1 0
    outer loop
      vertex 2.82843 -23 16.8284
      vertex 6.08589 -23 15.5455
      vertex 3.17341 -23 16.435
    endloop
  endfacet
  facet normal 0 1 -0
    outer loop
      vertex 5.88771 -23 15.4782
      vertex 3.17341 -23 16.435
      vertex 6.08589 -23 15.5455
    endloop
  endfacet
  facet normal 0 1 0
    outer loop
      vertex 3.17341 -23 16.435
      vertex 5.88771 -23 15.4782
      vertex 3.4641 -23 16
    endloop
  endfacet
  facet normal 0 1 -0
    outer loop
      vertex 5.7 -23 15.3856
      vertex 3.4641 -23 16
      vertex 5.88771 -23 15.4782
    endloop
  endfacet
  facet normal 0 1 -0
    outer loop
      vertex 5.52598 -23 15.2694
      vertex 3.4641 -23 16
      vertex 5.7 -23 15.3856
    endloop
  endfacet
  facet normal 0 1 0
    outer loop
      vertex 3.4641 -23 16
      vertex 5.52598 -23 15.2694
      vertex 3.69552 -23 15.5307
    endloop
  endfacet
  facet normal 0 1 -0
    outer loop
      vertex 5.36863 -23 15.1314
      vertex 3.69552 -23 15.5307
      vertex 5.52598 -23 15.2694
    endloop
  endfacet
  facet normal 0 1 -0
    outer loop
      vertex 5.23063 -23 14.974
      vertex 3.69552 -23 15.5307
      vertex 5.36863 -23 15.1314
    endloop
  endfacet
  facet normal 0 1 0
    outer loop
      vertex 3.69552 -23 15.5307
      vertex 5.23063 -23 14.974
      vertex 3.8637 -23 15.0353
    endloop
  endfacet
  facet normal 0 1 -0
    outer loop
      vertex 5.11436 -23 14.8
      vertex 3.8637 -23 15.0353
      vertex 5.23063 -23 14.974
    endloop
  endfacet
  facet normal 0 1 -0
    outer loop
      vertex 5.02179 -23 14.6123
      vertex 3.8637 -23 15.0353
      vertex 5.11436 -23 14.8
    endloop
  endfacet
  facet normal 0 1 0
    outer loop
      vertex 5.02179 -23 14.6123
      vertex 3.96578 -23 14.5221
      vertex 3.8637 -23 15.0353
    endloop
  endfacet
  facet normal 0 1 -0
    outer loop
      vertex 4.95452 -23 14.4141
      vertex 3.96578 -23 14.5221
      vertex 5.02179 -23 14.6123
    endloop
  endfacet
  facet normal 0 1 -0
    outer loop
      vertex 4.91369 -23 14.2088
      vertex 3.96578 -23 14.5221
      vertex 4.95452 -23 14.4141
    endloop
  endfacet
  facet normal 0 1 0
    outer loop
      vertex 4 -23 14
      vertex 4.91369 -23 14.2088
      vertex 4.9 -23 14
    endloop
  endfacet
  facet normal 0 1 0
    outer loop
      vertex 4.91369 -23 14.2088
      vertex 4 -23 14
      vertex 3.96578 -23 14.5221
    endloop
  endfacet
  facet normal 0 1 0
    outer loop
      vertex 4.91369 -23 13.7912
      vertex 4 -23 14
      vertex 4.9 -23 14
    endloop
  endfacet
  facet normal 0 1 0
    outer loop
      vertex 3.96578 -23 13.4779
      vertex 4.91369 -23 13.7912
      vertex 4.95452 -23 13.5859
    endloop
  endfacet
  facet normal 0 1 0
    outer loop
      vertex 4.91369 -23 13.7912
      vertex 3.96578 -23 13.4779
      vertex 4 -23 14
    endloop
  endfacet
  facet normal 0 1 0
    outer loop
      vertex 5.02179 -23 13.3877
      vertex 3.96578 -23 13.4779
      vertex 4.95452 -23 13.5859
    endloop
  endfacet
  facet normal 0 1 0
    outer loop
      vertex 3.8637 -23 12.9647
      vertex 5.02179 -23 13.3877
      vertex 5.11436 -23 13.2
    endloop
  endfacet
  facet normal 0 1 0
    outer loop
      vertex 3.8637 -23 12.9647
      vertex 5.11436 -23 13.2
      vertex 5.23063 -23 13.026
    endloop
  endfacet
  facet normal 0 1 0
    outer loop
      vertex 5.02179 -23 13.3877
      vertex 3.8637 -23 12.9647
      vertex 3.96578 -23 13.4779
    endloop
  endfacet
  facet normal 0 1 0
    outer loop
      vertex 3.69552 -23 12.4693
      vertex 5.23063 -23 13.026
      vertex 5.36863 -23 12.8686
    endloop
  endfacet
  facet normal 0 1 0
    outer loop
      vertex 3.69552 -23 12.4693
      vertex 5.36863 -23 12.8686
      vertex 5.52598 -23 12.7306
    endloop
  endfacet
  facet normal 0 1 0
    outer loop
      vertex 3.4641 -23 12
      vertex 5.52598 -23 12.7306
      vertex 5.7 -23 12.6144
    endloop
  endfacet
  facet normal 0 1 0
    outer loop
      vertex 3.4641 -23 12
      vertex 5.7 -23 12.6144
      vertex 5.88771 -23 12.5218
    endloop
  endfacet
  facet normal 0 1 0
    outer loop
      vertex 5.23063 -23 13.026
      vertex 3.69552 -23 12.4693
      vertex 3.8637 -23 12.9647
    endloop
  endfacet
  facet normal 0 1 0
    outer loop
      vertex 3.17341 -23 11.565
      vertex 5.88771 -23 12.5218
      vertex 6.08589 -23 12.4545
    endloop
  endfacet
  facet normal 0 1 0
    outer loop
      vertex 2.82843 -23 11.1716
      vertex 6.08589 -23 12.4545
      vertex 6.29116 -23 12.4137
    endloop
  endfacet
  facet normal 0 1 0
    outer loop
      vertex 1.58631 -23 7.70884
      vertex 6.29116 -23 12.4137
      vertex 6.5 -23 12.4
    endloop
  endfacet
  facet normal 0 1 0
    outer loop
      vertex 7.91411 -23 12.4545
      vertex 12.1243 -23 7
      vertex 7.70884 -23 12.4137
    endloop
  endfacet
  facet normal 0 1 -0
    outer loop
      vertex 11.1069 -23 5.47734
      vertex 7.70884 -23 12.4137
      vertex 12.1243 -23 7
    endloop
  endfacet
  facet normal 0 1 0
    outer loop
      vertex 7.70884 -23 12.4137
      vertex 11.1069 -23 5.47734
      vertex 7.5 -23 12.4
    endloop
  endfacet
  facet normal 0 1 0
    outer loop
      vertex 5.52598 -23 12.7306
      vertex 3.4641 -23 12
      vertex 3.69552 -23 12.4693
    endloop
  endfacet
  facet normal 0 1 -0
    outer loop
      vertex 9.89949 -23 4.10051
      vertex 7.5 -23 12.4
      vertex 11.1069 -23 5.47734
    endloop
  endfacet
  facet normal 0 1 0
    outer loop
      vertex 5.88771 -23 12.5218
      vertex 3.17341 -23 11.565
      vertex 3.4641 -23 12
    endloop
  endfacet
  facet normal 0 1 0
    outer loop
      vertex 7.5 -23 12.4
      vertex 9.89949 -23 4.10051
      vertex 6.5 -23 12.4
    endloop
  endfacet
  facet normal 0 1 0
    outer loop
      vertex 6.08589 -23 12.4545
      vertex 2.82843 -23 11.1716
      vertex 3.17341 -23 11.565
    endloop
  endfacet
  facet normal -0 1 0
    outer loop
      vertex 1.6 -23 7.5
      vertex 6.5 -23 12.4
      vertex 9.89949 -23 4.10051
    endloop
  endfacet
  facet normal -0 1 0
    outer loop
      vertex 1.58631 -23 7.70884
      vertex 6.5 -23 12.4
      vertex 1.6 -23 7.5
    endloop
  endfacet
  facet normal -0 1 0
    outer loop
      vertex 0.974018 -23 8.76937
      vertex 1.53073 -23 10.3045
      vertex 1.13137 -23 8.63137
    endloop
  endfacet
  facet normal -0 1 0
    outer loop
      vertex 0.799999 -23 8.88564
      vertex 1.03528 -23 10.1363
      vertex 0.974018 -23 8.76937
    endloop
  endfacet
  facet normal 0 1 0
    outer loop
      vertex 0 -23 10
      vertex 0.208841 -23 9.08631
      vertex 0 -23 9.1
    endloop
  endfacet
  facet normal 0 1 0
    outer loop
      vertex 0.522104 -23 10.0342
      vertex 0.208841 -23 9.08631
      vertex 0 -23 10
    endloop
  endfacet
  facet normal -0 1 0
    outer loop
      vertex 0.208841 -23 9.08631
      vertex 0.522104 -23 10.0342
      vertex 0.41411 -23 9.04548
    endloop
  endfacet
  facet normal -0 1 0
    outer loop
      vertex 0.41411 -23 9.04548
      vertex 0.522104 -23 10.0342
      vertex 0.612293 -23 8.97821
    endloop
  endfacet
  facet normal 0 1 0
    outer loop
      vertex 1.03528 -23 10.1363
      vertex 0.612293 -23 8.97821
      vertex 0.522104 -23 10.0342
    endloop
  endfacet
  facet normal 0 1 0
    outer loop
      vertex 2.82843 -23 11.1716
      vertex 1.54548 -23 7.91411
      vertex 2.43505 -23 10.8266
    endloop
  endfacet
  facet normal -0 1 0
    outer loop
      vertex 0.612293 -23 8.97821
      vertex 1.03528 -23 10.1363
      vertex 0.799999 -23 8.88564
    endloop
  endfacet
  facet normal 0 1 0
    outer loop
      vertex 1.53073 -23 10.3045
      vertex 0.974018 -23 8.76937
      vertex 1.03528 -23 10.1363
    endloop
  endfacet
  facet normal -0 1 0
    outer loop
      vertex 1.13137 -23 8.63137
      vertex 1.53073 -23 10.3045
      vertex 1.26937 -23 8.47402
    endloop
  endfacet
  facet normal 0 1 0
    outer loop
      vertex 2 -23 10.5359
      vertex 1.26937 -23 8.47402
      vertex 1.53073 -23 10.3045
    endloop
  endfacet
  facet normal -0 1 0
    outer loop
      vertex 1.26937 -23 8.47402
      vertex 2 -23 10.5359
      vertex 1.38564 -23 8.3
    endloop
  endfacet
  facet normal -0 1 0
    outer loop
      vertex 1.38564 -23 8.3
      vertex 2 -23 10.5359
      vertex 1.47821 -23 8.11229
    endloop
  endfacet
  facet normal 0 1 0
    outer loop
      vertex 2.43505 -23 10.8266
      vertex 1.47821 -23 8.11229
      vertex 2 -23 10.5359
    endloop
  endfacet
  facet normal -0 1 0
    outer loop
      vertex 1.47821 -23 8.11229
      vertex 2.43505 -23 10.8266
      vertex 1.54548 -23 7.91411
    endloop
  endfacet
  facet normal -0 1 0
    outer loop
      vertex 1.54548 -23 7.91411
      vertex 2.82843 -23 11.1716
      vertex 1.58631 -23 7.70884
    endloop
  endfacet
  facet normal 0 1 0
    outer loop
      vertex 6.29116 -23 12.4137
      vertex 1.58631 -23 7.70884
      vertex 2.82843 -23 11.1716
    endloop
  endfacet
  facet normal 0 1 0
    outer loop
      vertex 1.6 -23 7.5
      vertex 9.89949 -23 4.10051
      vertex 1.6 -23 6.5
    endloop
  endfacet
  facet normal 0 1 -0
    outer loop
      vertex 8.52266 -23 2.89307
      vertex 1.6 -23 6.5
      vertex 9.89949 -23 4.10051
    endloop
  endfacet
  facet normal 0 1 0
    outer loop
      vertex 1.6 -23 6.5
      vertex 8.52266 -23 2.89307
      vertex 1.58631 -23 6.29116
    endloop
  endfacet
  facet normal 0 1 -0
    outer loop
      vertex 7 -23 1.87566
      vertex 1.58631 -23 6.29116
      vertex 8.52266 -23 2.89307
    endloop
  endfacet
  facet normal 0 1 0
    outer loop
      vertex 1.58631 -23 6.29116
      vertex 7 -23 1.87566
      vertex 1.54548 -23 6.08589
    endloop
  endfacet
  facet normal 0 1 0
    outer loop
      vertex 1.54548 -23 6.08589
      vertex 7 -23 1.87566
      vertex 1.47821 -23 5.88771
    endloop
  endfacet
  facet normal 0 1 -0
    outer loop
      vertex 5.35756 -23 1.06569
      vertex 1.47821 -23 5.88771
      vertex 7 -23 1.87566
    endloop
  endfacet
  facet normal 0 1 0
    outer loop
      vertex 1.47821 -23 5.88771
      vertex 5.35756 -23 1.06569
      vertex 1.38564 -23 5.7
    endloop
  endfacet
  facet normal 0 1 0
    outer loop
      vertex 1.38564 -23 5.7
      vertex 5.35756 -23 1.06569
      vertex 1.26937 -23 5.52598
    endloop
  endfacet
  facet normal 0 1 -0
    outer loop
      vertex 3.62346 -23 0.477051
      vertex 1.26937 -23 5.52598
      vertex 5.35756 -23 1.06569
    endloop
  endfacet
  facet normal 0 1 0
    outer loop
      vertex 1.26937 -23 5.52598
      vertex 3.62346 -23 0.477051
      vertex 1.13137 -23 5.36863
    endloop
  endfacet
  facet normal 0 1 0
    outer loop
      vertex 1.13137 -23 5.36863
      vertex 3.62346 -23 0.477051
      vertex 0.974018 -23 5.23063
    endloop
  endfacet
  facet normal 0 1 0
    outer loop
      vertex 0.974018 -23 5.23063
      vertex 3.62346 -23 0.477051
      vertex 0.799999 -23 5.11436
    endloop
  endfacet
  facet normal 0 1 0
    outer loop
      vertex -0.208841 -23 23.0863
      vertex 0 -23 28
      vertex 0 -23 23.1
    endloop
  endfacet
  facet normal 0 1 0
    outer loop
      vertex 1.6 -23 21.5
      vertex 8.52266 -23 25.1069
      vertex 9.89949 -23 23.8995
    endloop
  endfacet
  facet normal 0 1 0
    outer loop
      vertex 0 -23 28
      vertex -0.208841 -23 23.0863
      vertex -1.82736 -23 27.8802
    endloop
  endfacet
  facet normal 0 1 -0
    outer loop
      vertex -0.41411 -23 23.0455
      vertex -1.82736 -23 27.8802
      vertex -0.208841 -23 23.0863
    endloop
  endfacet
  facet normal 0 1 -0
    outer loop
      vertex -0.612293 -23 22.9782
      vertex -1.82736 -23 27.8802
      vertex -0.41411 -23 23.0455
    endloop
  endfacet
  facet normal 0 1 -0
    outer loop
      vertex -0.799999 -23 22.8856
      vertex -1.82736 -23 27.8802
      vertex -0.612293 -23 22.9782
    endloop
  endfacet
  facet normal 0 1 -0
    outer loop
      vertex -0.974018 -23 22.7694
      vertex -1.82736 -23 27.8802
      vertex -0.799999 -23 22.8856
    endloop
  endfacet
  facet normal 0 1 -0
    outer loop
      vertex -1.13137 -23 22.6314
      vertex -1.82736 -23 27.8802
      vertex -0.974018 -23 22.7694
    endloop
  endfacet
  facet normal 0 1 -0
    outer loop
      vertex -1.26937 -23 22.474
      vertex -1.82736 -23 27.8802
      vertex -1.13137 -23 22.6314
    endloop
  endfacet
  facet normal 0 1 -0
    outer loop
      vertex -1.38564 -23 22.3
      vertex -1.82736 -23 27.8802
      vertex -1.26937 -23 22.474
    endloop
  endfacet
  facet normal 0 1 -0
    outer loop
      vertex -1.47821 -23 22.1123
      vertex -1.82736 -23 27.8802
      vertex -1.38564 -23 22.3
    endloop
  endfacet
  facet normal 0 1 0
    outer loop
      vertex -1.82736 -23 27.8802
      vertex -1.47821 -23 22.1123
      vertex -16 -23 26
    endloop
  endfacet
  facet normal 0 1 -0
    outer loop
      vertex -1.54548 -23 21.9141
      vertex -16 -23 26
      vertex -1.47821 -23 22.1123
    endloop
  endfacet
  facet normal 0 1 -0
    outer loop
      vertex -1.58631 -23 21.7088
      vertex -16 -23 26
      vertex -1.54548 -23 21.9141
    endloop
  endfacet
  facet normal 0 1 0
    outer loop
      vertex -7.70884 -23 15.5863
      vertex -1.58631 -23 21.7088
      vertex -1.6 -23 21.5
    endloop
  endfacet
  facet normal 0 1 0
    outer loop
      vertex -7.5 -23 15.6
      vertex -1.6 -23 21.5
      vertex -1.6 -23 20.5
    endloop
  endfacet
  facet normal 0 1 0
    outer loop
      vertex -6.5 -23 15.6
      vertex -1.6 -23 20.5
      vertex -1.58631 -23 20.2912
    endloop
  endfacet
  facet normal 0 1 0
    outer loop
      vertex -2.82843 -23 16.8284
      vertex -1.58631 -23 20.2912
      vertex -1.54548 -23 20.0859
    endloop
  endfacet
  facet normal 0 1 0
    outer loop
      vertex -2.43505 -23 17.1734
      vertex -1.54548 -23 20.0859
      vertex -1.47821 -23 19.8877
    endloop
  endfacet
  facet normal 0 1 0
    outer loop
      vertex -2 -23 17.4641
      vertex -1.47821 -23 19.8877
      vertex -1.38564 -23 19.7
    endloop
  endfacet
  facet normal 0 1 0
    outer loop
      vertex -2 -23 17.4641
      vertex -1.38564 -23 19.7
      vertex -1.26937 -23 19.526
    endloop
  endfacet
  facet normal 0 1 0
    outer loop
      vertex -1.53073 -23 17.6955
      vertex -1.26937 -23 19.526
      vertex -1.13137 -23 19.3686
    endloop
  endfacet
  facet normal 0 1 0
    outer loop
      vertex -1.53073 -23 17.6955
      vertex -1.13137 -23 19.3686
      vertex -0.974018 -23 19.2306
    endloop
  endfacet
  facet normal 0 1 0
    outer loop
      vertex -1.03528 -23 17.8637
      vertex -0.974018 -23 19.2306
      vertex -0.799999 -23 19.1144
    endloop
  endfacet
  facet normal 0 1 0
    outer loop
      vertex -1.03528 -23 17.8637
      vertex -0.799999 -23 19.1144
      vertex -0.612293 -23 19.0218
    endloop
  endfacet
  facet normal 0 1 -0
    outer loop
      vertex 0 -23 18
      vertex -0.208841 -23 18.9137
      vertex 0 -23 18.9
    endloop
  endfacet
  facet normal 0 1 0
    outer loop
      vertex -0.522104 -23 17.9658
      vertex -0.208841 -23 18.9137
      vertex 0 -23 18
    endloop
  endfacet
  facet normal 0 1 0
    outer loop
      vertex -0.208841 -23 18.9137
      vertex -0.522104 -23 17.9658
      vertex -0.41411 -23 18.9545
    endloop
  endfacet
  facet normal 0 1 0
    outer loop
      vertex -0.41411 -23 18.9545
      vertex -0.522104 -23 17.9658
      vertex -0.612293 -23 19.0218
    endloop
  endfacet
  facet normal 0 1 0
    outer loop
      vertex -1.03528 -23 17.8637
      vertex -0.612293 -23 19.0218
      vertex -0.522104 -23 17.9658
    endloop
  endfacet
  facet normal 0 1 0
    outer loop
      vertex -0.974018 -23 19.2306
      vertex -1.03528 -23 17.8637
      vertex -1.53073 -23 17.6955
    endloop
  endfacet
  facet normal 0 1 0
    outer loop
      vertex -1.26937 -23 19.526
      vertex -1.53073 -23 17.6955
      vertex -2 -23 17.4641
    endloop
  endfacet
  facet normal 0 1 0
    outer loop
      vertex -1.47821 -23 19.8877
      vertex -2 -23 17.4641
      vertex -2.43505 -23 17.1734
    endloop
  endfacet
  facet normal 0 1 0
    outer loop
      vertex -1.54548 -23 20.0859
      vertex -2.43505 -23 17.1734
      vertex -2.82843 -23 16.8284
    endloop
  endfacet
  facet normal 0 1 0
    outer loop
      vertex -6.29116 -23 15.5863
      vertex -1.58631 -23 20.2912
      vertex -2.82843 -23 16.8284
    endloop
  endfacet
  facet normal 0 1 0
    outer loop
      vertex -6.29116 -23 15.5863
      vertex -2.82843 -23 16.8284
      vertex -3.17341 -23 16.435
    endloop
  endfacet
  facet normal 0 1 0
    outer loop
      vertex -5.88771 -23 15.4782
      vertex -3.17341 -23 16.435
      vertex -3.4641 -23 16
    endloop
  endfacet
  facet normal 0 1 0
    outer loop
      vertex -1.6 -23 20.5
      vertex -6.5 -23 15.6
      vertex -7.5 -23 15.6
    endloop
  endfacet
  facet normal 0 1 0
    outer loop
      vertex -1.6 -23 21.5
      vertex -7.5 -23 15.6
      vertex -7.70884 -23 15.5863
    endloop
  endfacet
  facet normal 0 1 0
    outer loop
      vertex -1.58631 -23 21.7088
      vertex -7.70884 -23 15.5863
      vertex -16 -23 26
    endloop
  endfacet
  facet normal 0 1 -0
    outer loop
      vertex -7.91411 -23 15.5455
      vertex -16 -23 26
      vertex -7.70884 -23 15.5863
    endloop
  endfacet
  facet normal 0 1 -0
    outer loop
      vertex -8.11229 -23 15.4782
      vertex -16 -23 26
      vertex -7.91411 -23 15.5455
    endloop
  endfacet
  facet normal 0 1 -0
    outer loop
      vertex -8.3 -23 15.3856
      vertex -16 -23 26
      vertex -8.11229 -23 15.4782
    endloop
  endfacet
  facet normal 0 1 -0
    outer loop
      vertex -8.47402 -23 15.2694
      vertex -16 -23 26
      vertex -8.3 -23 15.3856
    endloop
  endfacet
  facet normal 0 1 -0
    outer loop
      vertex -8.63137 -23 15.1314
      vertex -16 -23 26
      vertex -8.47402 -23 15.2694
    endloop
  endfacet
  facet normal 0 1 -0
    outer loop
      vertex -8.76937 -23 14.974
      vertex -16 -23 26
      vertex -8.63137 -23 15.1314
    endloop
  endfacet
  facet normal 0 1 -0
    outer loop
      vertex -8.88564 -23 14.8
      vertex -16 -23 26
      vertex -8.76937 -23 14.974
    endloop
  endfacet
  facet normal 0 1 -0
    outer loop
      vertex -8.97821 -23 14.6123
      vertex -16 -23 26
      vertex -8.88564 -23 14.8
    endloop
  endfacet
  facet normal 0 1 -0
    outer loop
      vertex -9.04548 -23 14.4141
      vertex -16 -23 26
      vertex -8.97821 -23 14.6123
    endloop
  endfacet
  facet normal 0 1 -0
    outer loop
      vertex -9.08631 -23 14.2088
      vertex -16 -23 26
      vertex -9.04548 -23 14.4141
    endloop
  endfacet
  facet normal 0 1 -0
    outer loop
      vertex -9.1 -23 14
      vertex -16 -23 26
      vertex -9.08631 -23 14.2088
    endloop
  endfacet
  facet normal 0 1 0
    outer loop
      vertex -16 -23 2
      vertex -9.1 -23 14
      vertex -9.08631 -23 13.7912
    endloop
  endfacet
  facet normal 0 1 0
    outer loop
      vertex -16 -23 2
      vertex -9.08631 -23 13.7912
      vertex -9.04548 -23 13.5859
    endloop
  endfacet
  facet normal 0 1 0
    outer loop
      vertex -16 -23 2
      vertex -9.04548 -23 13.5859
      vertex -8.97821 -23 13.3877
    endloop
  endfacet
  facet normal 0 1 0
    outer loop
      vertex -16 -23 2
      vertex -8.97821 -23 13.3877
      vertex -8.88564 -23 13.2
    endloop
  endfacet
  facet normal 0 1 0
    outer loop
      vertex -1.58631 -23 7.70884
      vertex -6.29116 -23 12.4137
      vertex -2.82843 -23 11.1716
    endloop
  endfacet
  facet normal 0 1 0
    outer loop
      vertex -6.29116 -23 12.4137
      vertex -1.58631 -23 7.70884
      vertex -6.5 -23 12.4
    endloop
  endfacet
  facet normal 0 1 -0
    outer loop
      vertex -1.6 -23 7.5
      vertex -6.5 -23 12.4
      vertex -1.58631 -23 7.70884
    endloop
  endfacet
  facet normal 0 1 0
    outer loop
      vertex -6.5 -23 12.4
      vertex -1.6 -23 7.5
      vertex -7.5 -23 12.4
    endloop
  endfacet
  facet normal 0 1 0
    outer loop
      vertex -1.54548 -23 7.91411
      vertex -2.82843 -23 11.1716
      vertex -2.43505 -23 10.8266
    endloop
  endfacet
  facet normal 0 1 0
    outer loop
      vertex -1.47821 -23 8.11229
      vertex -2.43505 -23 10.8266
      vertex -2 -23 10.5359
    endloop
  endfacet
  facet normal 0 1 0
    outer loop
      vertex -1.26937 -23 8.47402
      vertex -2 -23 10.5359
      vertex -1.53073 -23 10.3045
    endloop
  endfacet
  facet normal 0 1 0
    outer loop
      vertex -0.974018 -23 8.76937
      vertex -1.53073 -23 10.3045
      vertex -1.03528 -23 10.1363
    endloop
  endfacet
  facet normal 0 1 0
    outer loop
      vertex -0.208841 -23 9.08631
      vertex 0 -23 10
      vertex 0 -23 9.1
    endloop
  endfacet
  facet normal 0 1 0
    outer loop
      vertex 0 -23 10
      vertex -0.208841 -23 9.08631
      vertex -0.522104 -23 10.0342
    endloop
  endfacet
  facet normal 0 1 -0
    outer loop
      vertex -0.41411 -23 9.04548
      vertex -0.522104 -23 10.0342
      vertex -0.208841 -23 9.08631
    endloop
  endfacet
  facet normal 0 1 0
    outer loop
      vertex -0.612293 -23 8.97821
      vertex -0.522104 -23 10.0342
      vertex -0.41411 -23 9.04548
    endloop
  endfacet
  facet normal 0 1 0
    outer loop
      vertex -0.522104 -23 10.0342
      vertex -0.612293 -23 8.97821
      vertex -1.03528 -23 10.1363
    endloop
  endfacet
  facet normal 0 1 -0
    outer loop
      vertex -0.799999 -23 8.88564
      vertex -1.03528 -23 10.1363
      vertex -0.612293 -23 8.97821
    endloop
  endfacet
  facet normal 0 1 -0
    outer loop
      vertex -0.974018 -23 8.76937
      vertex -1.03528 -23 10.1363
      vertex -0.799999 -23 8.88564
    endloop
  endfacet
  facet normal 0 1 0
    outer loop
      vertex -1.53073 -23 10.3045
      vertex -0.974018 -23 8.76937
      vertex -1.13137 -23 8.63137
    endloop
  endfacet
  facet normal 0 1 0
    outer loop
      vertex -1.53073 -23 10.3045
      vertex -1.13137 -23 8.63137
      vertex -1.26937 -23 8.47402
    endloop
  endfacet
  facet normal 0 1 0
    outer loop
      vertex -2 -23 10.5359
      vertex -1.26937 -23 8.47402
      vertex -1.38564 -23 8.3
    endloop
  endfacet
  facet normal 0 1 0
    outer loop
      vertex -2 -23 10.5359
      vertex -1.38564 -23 8.3
      vertex -1.47821 -23 8.11229
    endloop
  endfacet
  facet normal 0 1 0
    outer loop
      vertex -2.43505 -23 10.8266
      vertex -1.47821 -23 8.11229
      vertex -1.54548 -23 7.91411
    endloop
  endfacet
  facet normal 0 1 0
    outer loop
      vertex -2.82843 -23 11.1716
      vertex -1.54548 -23 7.91411
      vertex -1.58631 -23 7.70884
    endloop
  endfacet
  facet normal 0 1 -0
    outer loop
      vertex -1.6 -23 6.5
      vertex -7.5 -23 12.4
      vertex -1.6 -23 7.5
    endloop
  endfacet
  facet normal 0 1 0
    outer loop
      vertex -7.5 -23 12.4
      vertex -1.6 -23 6.5
      vertex -7.70884 -23 12.4137
    endloop
  endfacet
  facet normal 0 1 0
    outer loop
      vertex -1.58631 -23 6.29116
      vertex -7.70884 -23 12.4137
      vertex -1.6 -23 6.5
    endloop
  endfacet
  facet normal 0 1 0
    outer loop
      vertex -16 -23 2
      vertex -7.70884 -23 12.4137
      vertex -1.58631 -23 6.29116
    endloop
  endfacet
  facet normal 0 1 0
    outer loop
      vertex -7.70884 -23 12.4137
      vertex -16 -23 2
      vertex -7.91411 -23 12.4545
    endloop
  endfacet
  facet normal 0 1 0
    outer loop
      vertex -7.91411 -23 12.4545
      vertex -16 -23 2
      vertex -8.11229 -23 12.5218
    endloop
  endfacet
  facet normal 0 1 0
    outer loop
      vertex -8.11229 -23 12.5218
      vertex -16 -23 2
      vertex -8.3 -23 12.6144
    endloop
  endfacet
  facet normal 0 1 0
    outer loop
      vertex -8.3 -23 12.6144
      vertex -16 -23 2
      vertex -8.47402 -23 12.7306
    endloop
  endfacet
  facet normal 0 1 0
    outer loop
      vertex -16 -23 2
      vertex -1.58631 -23 6.29116
      vertex -1.54548 -23 6.08589
    endloop
  endfacet
  facet normal 0 1 0
    outer loop
      vertex -16 -23 2
      vertex -1.54548 -23 6.08589
      vertex -1.47821 -23 5.88771
    endloop
  endfacet
  facet normal 0 1 0
    outer loop
      vertex -16 -23 2
      vertex -1.47821 -23 5.88771
      vertex -1.38564 -23 5.7
    endloop
  endfacet
  facet normal 0 1 0
    outer loop
      vertex -16 -23 2
      vertex -1.38564 -23 5.7
      vertex -1.26937 -23 5.52598
    endloop
  endfacet
  facet normal 0 1 0
    outer loop
      vertex 0 -23 0
      vertex -1.26937 -23 5.52598
      vertex -1.13137 -23 5.36863
    endloop
  endfacet
  facet normal 0 1 -0
    outer loop
      vertex 1.82736 -23 0.119781
      vertex 0.799999 -23 5.11436
      vertex 3.62346 -23 0.477051
    endloop
  endfacet
  facet normal 0 1 0
    outer loop
      vertex 0.799999 -23 5.11436
      vertex 1.82736 -23 0.119781
      vertex 0.612293 -23 5.02179
    endloop
  endfacet
  facet normal 0 1 0
    outer loop
      vertex 0.612293 -23 5.02179
      vertex 1.82736 -23 0.119781
      vertex 0.41411 -23 4.95452
    endloop
  endfacet
  facet normal 0 1 0
    outer loop
      vertex -9.1 -23 14
      vertex -16 -23 2
      vertex -16 -23 26
    endloop
  endfacet
  facet normal 0 1 0
    outer loop
      vertex -8.76937 -23 13.026
      vertex -16 -23 2
      vertex -8.88564 -23 13.2
    endloop
  endfacet
  facet normal 0 1 0
    outer loop
      vertex -8.63137 -23 12.8686
      vertex -16 -23 2
      vertex -8.76937 -23 13.026
    endloop
  endfacet
  facet normal 0 1 0
    outer loop
      vertex -8.47402 -23 12.7306
      vertex -16 -23 2
      vertex -8.63137 -23 12.8686
    endloop
  endfacet
  facet normal 0 1 0
    outer loop
      vertex 0 -23 0
      vertex -1.13137 -23 5.36863
      vertex -0.974018 -23 5.23063
    endloop
  endfacet
  facet normal 0 1 0
    outer loop
      vertex 0 -23 0
      vertex -0.974018 -23 5.23063
      vertex -0.799999 -23 5.11436
    endloop
  endfacet
  facet normal 0 1 0
    outer loop
      vertex 0 -23 0
      vertex -0.799999 -23 5.11436
      vertex -0.612293 -23 5.02179
    endloop
  endfacet
  facet normal 0 1 0
    outer loop
      vertex 0 -23 0
      vertex -0.612293 -23 5.02179
      vertex -0.41411 -23 4.95452
    endloop
  endfacet
  facet normal 0 1 0
    outer loop
      vertex 0.41411 -23 4.95452
      vertex 1.82736 -23 0.119781
      vertex 0.208841 -23 4.91369
    endloop
  endfacet
  facet normal 0 1 0
    outer loop
      vertex -1.26937 -23 5.52598
      vertex 0 -23 0
      vertex -16 -23 2
    endloop
  endfacet
  facet normal 0 1 0
    outer loop
      vertex 0 -23 0
      vertex 0.208841 -23 4.91369
      vertex 1.82736 -23 0.119781
    endloop
  endfacet
  facet normal 0 1 -0
    outer loop
      vertex 0.208841 -23 23.0863
      vertex 0 -23 28
      vertex 1.82736 -23 27.8802
    endloop
  endfacet
  facet normal 0 1 0
    outer loop
      vertex 0.208841 -23 23.0863
      vertex 1.82736 -23 27.8802
      vertex 3.62346 -23 27.5229
    endloop
  endfacet
  facet normal 0 1 0
    outer loop
      vertex 0.208841 -23 23.0863
      vertex 3.62346 -23 27.5229
      vertex 5.35756 -23 26.9343
    endloop
  endfacet
  facet normal 0 1 0
    outer loop
      vertex 0.208841 -23 23.0863
      vertex 5.35756 -23 26.9343
      vertex 7 -23 26.1243
    endloop
  endfacet
  facet normal 0 1 0
    outer loop
      vertex 0.208841 -23 23.0863
      vertex 7 -23 26.1243
      vertex 8.52266 -23 25.1069
    endloop
  endfacet
  facet normal 0 1 0
    outer loop
      vertex -22 -23 26
      vertex -1.82736 -23 27.8802
      vertex -16 -23 26
    endloop
  endfacet
  facet normal 0 1 -0
    outer loop
      vertex -22 -23 26
      vertex -79.2742 -23 22.1985
      vertex -1.82736 -23 27.8802
    endloop
  endfacet
  facet normal 0 1 0
    outer loop
      vertex -22 -23 26
      vertex -72.7154 -23 17.6179
      vertex -79.2742 -23 22.1985
    endloop
  endfacet
  facet normal 0 1 -0
    outer loop
      vertex -22 -23 2
      vertex -72.7154 -23 17.6179
      vertex -22 -23 26
    endloop
  endfacet
  facet normal 0 1 0
    outer loop
      vertex -22 -23 2
      vertex -84.1669 -23 1.22089
      vertex -72.7154 -23 17.6179
    endloop
  endfacet
  facet normal 0 1 0
    outer loop
      vertex -16 -23 2
      vertex 0 -23 0
      vertex -22 -23 2
    endloop
  endfacet
  facet normal 0 1 0
    outer loop
      vertex 0.208841 -23 4.91369
      vertex 0 -23 0
      vertex 0 -23 4.9
    endloop
  endfacet
  facet normal 0 1 0
    outer loop
      vertex 0 -23 4.9
      vertex 0 -23 0
      vertex -0.208841 -23 4.91369
    endloop
  endfacet
  facet normal 0 1 0
    outer loop
      vertex -0.208841 -23 4.91369
      vertex 0 -23 0
      vertex -0.41411 -23 4.95452
    endloop
  endfacet
  facet normal 0 1 0
    outer loop
      vertex -22 -23 2
      vertex 0 -23 0
      vertex -84.1669 -23 1.22089
    endloop
  endfacet
  facet normal 0 -1 0
    outer loop
      vertex -0.208841 -28 23.0863
      vertex 0 -28 28
      vertex -1.82736 -28 27.8802
    endloop
  endfacet
  facet normal 0 -1 0
    outer loop
      vertex 0.208841 -28 23.0863
      vertex 0 -28 28
      vertex 0 -28 23.1
    endloop
  endfacet
  facet normal 0 -1 0
    outer loop
      vertex 0.41411 -28 23.0455
      vertex 1.82736 -28 27.8802
      vertex 0.208841 -28 23.0863
    endloop
  endfacet
  facet normal 0 -1 0
    outer loop
      vertex 0.799999 -28 22.8856
      vertex 1.82736 -28 27.8802
      vertex 0.612293 -28 22.9782
    endloop
  endfacet
  facet normal 0 -1 0
    outer loop
      vertex 0.974018 -28 22.7694
      vertex 3.62346 -28 27.5229
      vertex 0.799999 -28 22.8856
    endloop
  endfacet
  facet normal 0 -1 0
    outer loop
      vertex 1.26937 -28 22.474
      vertex 3.62346 -28 27.5229
      vertex 1.13137 -28 22.6314
    endloop
  endfacet
  facet normal 0 -1 0
    outer loop
      vertex 0 -28 28
      vertex 0.208841 -28 23.0863
      vertex 1.82736 -28 27.8802
    endloop
  endfacet
  facet normal 0 -1 -0
    outer loop
      vertex 0 -28 28
      vertex -0.208841 -28 23.0863
      vertex 0 -28 23.1
    endloop
  endfacet
  facet normal 0 -1 0
    outer loop
      vertex -1.82736 -28 27.8802
      vertex -0.41411 -28 23.0455
      vertex -0.208841 -28 23.0863
    endloop
  endfacet
  facet normal 0 -1 0
    outer loop
      vertex -1.82736 -28 27.8802
      vertex -0.612293 -28 22.9782
      vertex -0.41411 -28 23.0455
    endloop
  endfacet
  facet normal 0 -1 0
    outer loop
      vertex -1.82736 -28 27.8802
      vertex -0.799999 -28 22.8856
      vertex -0.612293 -28 22.9782
    endloop
  endfacet
  facet normal 0 -1 0
    outer loop
      vertex -1.82736 -28 27.8802
      vertex -0.974018 -28 22.7694
      vertex -0.799999 -28 22.8856
    endloop
  endfacet
  facet normal 0 -1 0
    outer loop
      vertex -1.82736 -28 27.8802
      vertex -1.13137 -28 22.6314
      vertex -0.974018 -28 22.7694
    endloop
  endfacet
  facet normal 0 -1 0
    outer loop
      vertex -1.82736 -28 27.8802
      vertex -1.26937 -28 22.474
      vertex -1.13137 -28 22.6314
    endloop
  endfacet
  facet normal 0 -1 0
    outer loop
      vertex -1.82736 -28 27.8802
      vertex -1.38564 -28 22.3
      vertex -1.26937 -28 22.474
    endloop
  endfacet
  facet normal 0 -1 0
    outer loop
      vertex -8.76937 -28 14.974
      vertex -1.82736 -28 27.8802
      vertex -79.2742 -28 22.1985
    endloop
  endfacet
  facet normal -0 -1 0
    outer loop
      vertex -8.3 -28 15.3856
      vertex -1.82736 -28 27.8802
      vertex -8.47402 -28 15.2694
    endloop
  endfacet
  facet normal -0 -1 0
    outer loop
      vertex -8.11229 -28 15.4782
      vertex -1.82736 -28 27.8802
      vertex -8.3 -28 15.3856
    endloop
  endfacet
  facet normal 0 -1 0
    outer loop
      vertex -1.82736 -28 27.8802
      vertex -1.47821 -28 22.1123
      vertex -1.38564 -28 22.3
    endloop
  endfacet
  facet normal -0 -1 0
    outer loop
      vertex -7.91411 -28 15.5455
      vertex -1.82736 -28 27.8802
      vertex -8.11229 -28 15.4782
    endloop
  endfacet
  facet normal 0 -1 0
    outer loop
      vertex -1.82736 -28 27.8802
      vertex -1.54548 -28 21.9141
      vertex -1.47821 -28 22.1123
    endloop
  endfacet
  facet normal 0 -1 0
    outer loop
      vertex -1.54548 -28 21.9141
      vertex -7.91411 -28 15.5455
      vertex -1.58631 -28 21.7088
    endloop
  endfacet
  facet normal -0 -1 0
    outer loop
      vertex -7.70884 -28 15.5863
      vertex -1.58631 -28 21.7088
      vertex -7.91411 -28 15.5455
    endloop
  endfacet
  facet normal 0 -1 0
    outer loop
      vertex -1.58631 -28 21.7088
      vertex -7.70884 -28 15.5863
      vertex -1.6 -28 21.5
    endloop
  endfacet
  facet normal -0 -1 0
    outer loop
      vertex -7.5 -28 15.6
      vertex -1.6 -28 21.5
      vertex -7.70884 -28 15.5863
    endloop
  endfacet
  facet normal 0 -1 -0
    outer loop
      vertex -1.6 -28 21.5
      vertex -7.5 -28 15.6
      vertex -1.6 -28 20.5
    endloop
  endfacet
  facet normal 0 -1 0
    outer loop
      vertex -6.5 -28 15.6
      vertex -1.6 -28 20.5
      vertex -7.5 -28 15.6
    endloop
  endfacet
  facet normal 0 -1 0
    outer loop
      vertex -6.29116 -28 15.5863
      vertex -1.58631 -28 20.2912
      vertex -6.5 -28 15.6
    endloop
  endfacet
  facet normal -0 -1 0
    outer loop
      vertex -2.82843 -28 16.8284
      vertex -1.58631 -28 20.2912
      vertex -6.29116 -28 15.5863
    endloop
  endfacet
  facet normal 0 -1 -0
    outer loop
      vertex -1.58631 -28 20.2912
      vertex -2.82843 -28 16.8284
      vertex -1.54548 -28 20.0859
    endloop
  endfacet
  facet normal -0 -1 0
    outer loop
      vertex -2.43505 -28 17.1734
      vertex -1.54548 -28 20.0859
      vertex -2.82843 -28 16.8284
    endloop
  endfacet
  facet normal -0 -1 0
    outer loop
      vertex -2 -28 17.4641
      vertex -1.47821 -28 19.8877
      vertex -2.43505 -28 17.1734
    endloop
  endfacet
  facet normal 0 -1 -0
    outer loop
      vertex -1.47821 -28 19.8877
      vertex -2 -28 17.4641
      vertex -1.38564 -28 19.7
    endloop
  endfacet
  facet normal -0 -1 0
    outer loop
      vertex -1.53073 -28 17.6955
      vertex -1.26937 -28 19.526
      vertex -2 -28 17.4641
    endloop
  endfacet
  facet normal 0 -1 0
    outer loop
      vertex -0.208841 -28 18.9137
      vertex 0 -28 18
      vertex 0 -28 18.9
    endloop
  endfacet
  facet normal -0 -1 0
    outer loop
      vertex 0 -28 18
      vertex -0.208841 -28 18.9137
      vertex -0.522104 -28 17.9658
    endloop
  endfacet
  facet normal 0 -1 -0
    outer loop
      vertex -0.41411 -28 18.9545
      vertex -0.522104 -28 17.9658
      vertex -0.208841 -28 18.9137
    endloop
  endfacet
  facet normal 0 -1 -0
    outer loop
      vertex -0.799999 -28 19.1144
      vertex -1.03528 -28 17.8637
      vertex -0.612293 -28 19.0218
    endloop
  endfacet
  facet normal -0 -1 0
    outer loop
      vertex -0.522104 -28 17.9658
      vertex -0.612293 -28 19.0218
      vertex -1.03528 -28 17.8637
    endloop
  endfacet
  facet normal 0 -1 0
    outer loop
      vertex -0.612293 -28 19.0218
      vertex -0.522104 -28 17.9658
      vertex -0.41411 -28 18.9545
    endloop
  endfacet
  facet normal -0 -1 0
    outer loop
      vertex -1.03528 -28 17.8637
      vertex -0.974018 -28 19.2306
      vertex -1.53073 -28 17.6955
    endloop
  endfacet
  facet normal 0 -1 -0
    outer loop
      vertex -1.26937 -28 19.526
      vertex -1.53073 -28 17.6955
      vertex -1.13137 -28 19.3686
    endloop
  endfacet
  facet normal 0 -1 -0
    outer loop
      vertex -1.38564 -28 19.7
      vertex -2 -28 17.4641
      vertex -1.26937 -28 19.526
    endloop
  endfacet
  facet normal 0 -1 -0
    outer loop
      vertex -1.54548 -28 20.0859
      vertex -2.43505 -28 17.1734
      vertex -1.47821 -28 19.8877
    endloop
  endfacet
  facet normal 0 -1 -0
    outer loop
      vertex -0.974018 -28 19.2306
      vertex -1.03528 -28 17.8637
      vertex -0.799999 -28 19.1144
    endloop
  endfacet
  facet normal 0 -1 -0
    outer loop
      vertex -1.13137 -28 19.3686
      vertex -1.53073 -28 17.6955
      vertex -0.974018 -28 19.2306
    endloop
  endfacet
  facet normal 0 -1 -0
    outer loop
      vertex -1.6 -28 20.5
      vertex -6.5 -28 15.6
      vertex -1.58631 -28 20.2912
    endloop
  endfacet
  facet normal 0 -1 -0
    outer loop
      vertex -1.82736 -28 27.8802
      vertex -7.91411 -28 15.5455
      vertex -1.54548 -28 21.9141
    endloop
  endfacet
  facet normal 0 -1 0
    outer loop
      vertex -1.82736 -28 27.8802
      vertex -8.63137 -28 15.1314
      vertex -8.47402 -28 15.2694
    endloop
  endfacet
  facet normal 0 -1 0
    outer loop
      vertex -1.82736 -28 27.8802
      vertex -8.76937 -28 14.974
      vertex -8.63137 -28 15.1314
    endloop
  endfacet
  facet normal 0 -1 0
    outer loop
      vertex -79.2742 -28 22.1985
      vertex -8.88564 -28 14.8
      vertex -8.76937 -28 14.974
    endloop
  endfacet
  facet normal 0 -1 0
    outer loop
      vertex -79.2742 -28 22.1985
      vertex -8.97821 -28 14.6123
      vertex -8.88564 -28 14.8
    endloop
  endfacet
  facet normal 0 -1 0
    outer loop
      vertex -79.2742 -28 22.1985
      vertex -9.04548 -28 14.4141
      vertex -8.97821 -28 14.6123
    endloop
  endfacet
  facet normal 0 -1 0
    outer loop
      vertex -79.2742 -28 22.1985
      vertex -9.08631 -28 14.2088
      vertex -9.04548 -28 14.4141
    endloop
  endfacet
  facet normal 0 -1 0
    outer loop
      vertex -79.2742 -28 22.1985
      vertex -9.1 -28 14
      vertex -9.08631 -28 14.2088
    endloop
  endfacet
  facet normal 0 -1 0
    outer loop
      vertex -79.9856 -28 11.9381
      vertex -9.1 -28 14
      vertex -79.2742 -28 22.1985
    endloop
  endfacet
  facet normal 0 -1 0
    outer loop
      vertex -79.9706 -28 11.7097
      vertex -9.1 -28 14
      vertex -79.9856 -28 11.9381
    endloop
  endfacet
  facet normal 0 -1 0
    outer loop
      vertex -81.4922 -28 13.4447
      vertex -79.2742 -28 22.1985
      vertex -81.7206 -28 13.4597
    endloop
  endfacet
  facet normal 0 -1 0
    outer loop
      vertex -79.2742 -28 22.1985
      vertex -81.949 -28 13.4447
      vertex -81.7206 -28 13.4597
    endloop
  endfacet
  facet normal 0 -1 0
    outer loop
      vertex -79.2742 -28 22.1985
      vertex -82.1735 -28 13.4001
      vertex -81.949 -28 13.4447
    endloop
  endfacet
  facet normal 0 -1 0
    outer loop
      vertex -79.2742 -28 22.1985
      vertex -82.3903 -28 13.3265
      vertex -82.1735 -28 13.4001
    endloop
  endfacet
  facet normal 0 -1 0
    outer loop
      vertex -79.2742 -28 22.1985
      vertex -82.5956 -28 13.2252
      vertex -82.3903 -28 13.3265
    endloop
  endfacet
  facet normal 0 -1 0
    outer loop
      vertex -79.2742 -28 22.1985
      vertex -82.7859 -28 13.0981
      vertex -82.5956 -28 13.2252
    endloop
  endfacet
  facet normal 0 -1 0
    outer loop
      vertex -79.2742 -28 22.1985
      vertex -82.958 -28 12.9471
      vertex -82.7859 -28 13.0981
    endloop
  endfacet
  facet normal 0 -1 0
    outer loop
      vertex -79.2742 -28 22.1985
      vertex -83.109 -28 12.775
      vertex -82.958 -28 12.9471
    endloop
  endfacet
  facet normal 0 -1 0
    outer loop
      vertex -90.7257 -28 5.80148
      vertex -83.109 -28 12.775
      vertex -79.2742 -28 22.1985
    endloop
  endfacet
  facet normal 0 -1 0
    outer loop
      vertex -83.109 -28 12.775
      vertex -90.7257 -28 5.80148
      vertex -83.2361 -28 12.5847
    endloop
  endfacet
  facet normal 0 -1 -0
    outer loop
      vertex 0 -28 10
      vertex -0.208841 -28 9.08631
      vertex 0 -28 9.1
    endloop
  endfacet
  facet normal 0 -1 0
    outer loop
      vertex -81.4922 -28 9.97467
      vertex -0.41411 -28 9.04548
      vertex -0.208841 -28 9.08631
    endloop
  endfacet
  facet normal 0 -1 0
    outer loop
      vertex -81.4922 -28 9.97467
      vertex -0.612293 -28 8.97821
      vertex -0.41411 -28 9.04548
    endloop
  endfacet
  facet normal 0 -1 0
    outer loop
      vertex -81.4922 -28 9.97467
      vertex -0.799999 -28 8.88564
      vertex -0.612293 -28 8.97821
    endloop
  endfacet
  facet normal 0 -1 0
    outer loop
      vertex -81.4922 -28 9.97467
      vertex -0.974018 -28 8.76937
      vertex -0.799999 -28 8.88564
    endloop
  endfacet
  facet normal 0 -1 0
    outer loop
      vertex -81.4922 -28 9.97467
      vertex -1.13137 -28 8.63137
      vertex -0.974018 -28 8.76937
    endloop
  endfacet
  facet normal 0 -1 0
    outer loop
      vertex -81.4922 -28 9.97467
      vertex -1.26937 -28 8.47402
      vertex -1.13137 -28 8.63137
    endloop
  endfacet
  facet normal 0 -1 0
    outer loop
      vertex -81.4922 -28 9.97467
      vertex -1.38564 -28 8.3
      vertex -1.26937 -28 8.47402
    endloop
  endfacet
  facet normal 0 -1 0
    outer loop
      vertex -81.4922 -28 9.97467
      vertex -1.47821 -28 8.11229
      vertex -1.38564 -28 8.3
    endloop
  endfacet
  facet normal 0 -1 0
    outer loop
      vertex -81.4922 -28 9.97467
      vertex -1.54548 -28 7.91411
      vertex -1.47821 -28 8.11229
    endloop
  endfacet
  facet normal 0 -1 0
    outer loop
      vertex -81.4922 -28 9.97467
      vertex -1.58631 -28 7.70884
      vertex -1.54548 -28 7.91411
    endloop
  endfacet
  facet normal 0 -1 0
    outer loop
      vertex -81.4922 -28 9.97467
      vertex -1.6 -28 7.5
      vertex -1.58631 -28 7.70884
    endloop
  endfacet
  facet normal 0 -1 0
    outer loop
      vertex -81.4922 -28 9.97467
      vertex -1.6 -28 6.5
      vertex -1.6 -28 7.5
    endloop
  endfacet
  facet normal 0 -1 0
    outer loop
      vertex -81.4922 -28 9.97467
      vertex -1.58631 -28 6.29116
      vertex -1.6 -28 6.5
    endloop
  endfacet
  facet normal 0 -1 0
    outer loop
      vertex -81.4922 -28 9.97467
      vertex -1.54548 -28 6.08589
      vertex -1.58631 -28 6.29116
    endloop
  endfacet
  facet normal 0 -1 -0
    outer loop
      vertex -81.4922 -28 9.97467
      vertex -84.1669 -28 1.22089
      vertex -1.54548 -28 6.08589
    endloop
  endfacet
  facet normal 0 -1 0
    outer loop
      vertex -83.2361 -28 12.5847
      vertex -90.7257 -28 5.80148
      vertex -83.3374 -28 12.3794
    endloop
  endfacet
  facet normal 0 -1 0
    outer loop
      vertex -90.7257 -28 5.80148
      vertex -83.411 -28 12.1626
      vertex -83.3374 -28 12.3794
    endloop
  endfacet
  facet normal 0 -1 0
    outer loop
      vertex -90.7257 -28 5.80148
      vertex -83.4556 -28 11.9381
      vertex -83.411 -28 12.1626
    endloop
  endfacet
  facet normal 0 -1 0
    outer loop
      vertex -90.7257 -28 5.80148
      vertex -83.4706 -28 11.7097
      vertex -83.4556 -28 11.9381
    endloop
  endfacet
  facet normal 0 -1 0
    outer loop
      vertex -90.7257 -28 5.80148
      vertex -83.4556 -28 11.4813
      vertex -83.4706 -28 11.7097
    endloop
  endfacet
  facet normal 0 -1 0
    outer loop
      vertex -90.7257 -28 5.80148
      vertex -83.411 -28 11.2568
      vertex -83.4556 -28 11.4813
    endloop
  endfacet
  facet normal 0 -1 0
    outer loop
      vertex -90.7257 -28 5.80148
      vertex -83.3374 -28 11.04
      vertex -83.411 -28 11.2568
    endloop
  endfacet
  facet normal 0 -1 0
    outer loop
      vertex -90.7257 -28 5.80148
      vertex -83.2361 -28 10.8347
      vertex -83.3374 -28 11.04
    endloop
  endfacet
  facet normal 0 -1 0
    outer loop
      vertex -90.7257 -28 5.80148
      vertex -83.109 -28 10.6444
      vertex -83.2361 -28 10.8347
    endloop
  endfacet
  facet normal 0 -1 0
    outer loop
      vertex -90.7257 -28 5.80148
      vertex -82.958 -28 10.4723
      vertex -83.109 -28 10.6444
    endloop
  endfacet
  facet normal 0 -1 0
    outer loop
      vertex -90.7257 -28 5.80148
      vertex -82.7859 -28 10.3213
      vertex -82.958 -28 10.4723
    endloop
  endfacet
  facet normal 0 -1 0
    outer loop
      vertex -84.1669 -28 1.22089
      vertex -82.7859 -28 10.3213
      vertex -90.7257 -28 5.80148
    endloop
  endfacet
  facet normal 0 -1 -0
    outer loop
      vertex -82.7859 -28 10.3213
      vertex -84.1669 -28 1.22089
      vertex -82.5956 -28 10.1942
    endloop
  endfacet
  facet normal 0 -1 -0
    outer loop
      vertex -82.5956 -28 10.1942
      vertex -84.1669 -28 1.22089
      vertex -82.3903 -28 10.0929
    endloop
  endfacet
  facet normal 0 -1 -0
    outer loop
      vertex -82.3903 -28 10.0929
      vertex -84.1669 -28 1.22089
      vertex -82.1735 -28 10.0193
    endloop
  endfacet
  facet normal 0 -1 -0
    outer loop
      vertex -82.1735 -28 10.0193
      vertex -84.1669 -28 1.22089
      vertex -81.949 -28 9.97467
    endloop
  endfacet
  facet normal 0 -1 -0
    outer loop
      vertex -81.949 -28 9.97467
      vertex -84.1669 -28 1.22089
      vertex -81.7206 -28 9.9597
    endloop
  endfacet
  facet normal 0 -1 -0
    outer loop
      vertex -1.54548 -28 6.08589
      vertex -84.1669 -28 1.22089
      vertex -1.47821 -28 5.88771
    endloop
  endfacet
  facet normal 0 -1 0
    outer loop
      vertex 0 -28 0
      vertex -1.47821 -28 5.88771
      vertex -84.1669 -28 1.22089
    endloop
  endfacet
  facet normal 0 -1 0
    outer loop
      vertex -1.47821 -28 5.88771
      vertex 0 -28 0
      vertex -1.38564 -28 5.7
    endloop
  endfacet
  facet normal 0 -1 0
    outer loop
      vertex -1.38564 -28 5.7
      vertex 0 -28 0
      vertex -1.26937 -28 5.52598
    endloop
  endfacet
  facet normal 0 -1 0
    outer loop
      vertex -1.26937 -28 5.52598
      vertex 0 -28 0
      vertex -1.13137 -28 5.36863
    endloop
  endfacet
  facet normal 0 -1 0
    outer loop
      vertex -1.13137 -28 5.36863
      vertex 0 -28 0
      vertex -0.974018 -28 5.23063
    endloop
  endfacet
  facet normal 0 -1 0
    outer loop
      vertex -0.974018 -28 5.23063
      vertex 0 -28 0
      vertex -0.799999 -28 5.11436
    endloop
  endfacet
  facet normal 0 -1 0
    outer loop
      vertex -0.799999 -28 5.11436
      vertex 0 -28 0
      vertex -0.612293 -28 5.02179
    endloop
  endfacet
  facet normal 0 -1 0
    outer loop
      vertex -0.612293 -28 5.02179
      vertex 0 -28 0
      vertex -0.41411 -28 4.95452
    endloop
  endfacet
  facet normal 0 -1 0
    outer loop
      vertex -0.41411 -28 4.95452
      vertex 0 -28 0
      vertex -0.208841 -28 4.91369
    endloop
  endfacet
  facet normal -0 -1 0
    outer loop
      vertex 1.82736 -28 0.119781
      vertex 0 -28 4.9
      vertex 0 -28 0
    endloop
  endfacet
  facet normal 0 -1 0
    outer loop
      vertex 0 -28 4.9
      vertex 8.52266 -28 2.89307
      vertex 9.89949 -28 4.10051
    endloop
  endfacet
  facet normal 0 -1 0
    outer loop
      vertex -0.208841 -28 4.91369
      vertex 0 -28 0
      vertex 0 -28 4.9
    endloop
  endfacet
  facet normal 0 -1 0
    outer loop
      vertex 0 -28 4.9
      vertex 7 -28 1.87566
      vertex 8.52266 -28 2.89307
    endloop
  endfacet
  facet normal 0 -1 0
    outer loop
      vertex 0 -28 4.9
      vertex 5.35756 -28 1.06569
      vertex 7 -28 1.87566
    endloop
  endfacet
  facet normal 0 -1 0
    outer loop
      vertex 0 -28 4.9
      vertex 3.62346 -28 0.477051
      vertex 5.35756 -28 1.06569
    endloop
  endfacet
  facet normal 0 -1 0
    outer loop
      vertex 0 -28 4.9
      vertex 1.82736 -28 0.119781
      vertex 3.62346 -28 0.477051
    endloop
  endfacet
  facet normal 0 -1 0
    outer loop
      vertex 0.612293 -28 22.9782
      vertex 1.82736 -28 27.8802
      vertex 0.41411 -28 23.0455
    endloop
  endfacet
  facet normal 0 -1 -0
    outer loop
      vertex 1.82736 -28 27.8802
      vertex 0.799999 -28 22.8856
      vertex 3.62346 -28 27.5229
    endloop
  endfacet
  facet normal 0 -1 0
    outer loop
      vertex 1.13137 -28 22.6314
      vertex 3.62346 -28 27.5229
      vertex 0.974018 -28 22.7694
    endloop
  endfacet
  facet normal 0 -1 -0
    outer loop
      vertex 3.62346 -28 27.5229
      vertex 1.26937 -28 22.474
      vertex 5.35756 -28 26.9343
    endloop
  endfacet
  facet normal 0 -1 0
    outer loop
      vertex 1.38564 -28 22.3
      vertex 5.35756 -28 26.9343
      vertex 1.26937 -28 22.474
    endloop
  endfacet
  facet normal 0 -1 0
    outer loop
      vertex 1.47821 -28 22.1123
      vertex 5.35756 -28 26.9343
      vertex 1.38564 -28 22.3
    endloop
  endfacet
  facet normal 0 -1 -0
    outer loop
      vertex 5.35756 -28 26.9343
      vertex 1.47821 -28 22.1123
      vertex 7 -28 26.1243
    endloop
  endfacet
  facet normal 0 -1 0
    outer loop
      vertex 1.54548 -28 21.9141
      vertex 7 -28 26.1243
      vertex 1.47821 -28 22.1123
    endloop
  endfacet
  facet normal 0 -1 0
    outer loop
      vertex 1.58631 -28 21.7088
      vertex 7 -28 26.1243
      vertex 1.54548 -28 21.9141
    endloop
  endfacet
  facet normal 0 -1 -0
    outer loop
      vertex 7 -28 26.1243
      vertex 1.58631 -28 21.7088
      vertex 8.52266 -28 25.1069
    endloop
  endfacet
  facet normal 0 -1 0
    outer loop
      vertex 1.6 -28 21.5
      vertex 8.52266 -28 25.1069
      vertex 1.58631 -28 21.7088
    endloop
  endfacet
  facet normal 0 -1 -0
    outer loop
      vertex 8.52266 -28 25.1069
      vertex 1.6 -28 21.5
      vertex 9.89949 -28 23.8995
    endloop
  endfacet
  facet normal 0 -1 0
    outer loop
      vertex 1.6 -28 20.5
      vertex 9.89949 -28 23.8995
      vertex 1.6 -28 21.5
    endloop
  endfacet
  facet normal 0 -1 0
    outer loop
      vertex 6.5 -28 15.6
      vertex 9.89949 -28 23.8995
      vertex 1.6 -28 20.5
    endloop
  endfacet
  facet normal 0 -1 0
    outer loop
      vertex 7.5 -28 15.6
      vertex 9.89949 -28 23.8995
      vertex 6.5 -28 15.6
    endloop
  endfacet
  facet normal 0 -1 0
    outer loop
      vertex 6.5 -28 15.6
      vertex 1.6 -28 20.5
      vertex 1.58631 -28 20.2912
    endloop
  endfacet
  facet normal 0 -1 0
    outer loop
      vertex 2.82843 -28 16.8284
      vertex 1.58631 -28 20.2912
      vertex 1.54548 -28 20.0859
    endloop
  endfacet
  facet normal 0 -1 0
    outer loop
      vertex 2.43505 -28 17.1734
      vertex 1.54548 -28 20.0859
      vertex 1.47821 -28 19.8877
    endloop
  endfacet
  facet normal 0 -1 0
    outer loop
      vertex 2 -28 17.4641
      vertex 1.47821 -28 19.8877
      vertex 1.38564 -28 19.7
    endloop
  endfacet
  facet normal 0 -1 0
    outer loop
      vertex 2 -28 17.4641
      vertex 1.38564 -28 19.7
      vertex 1.26937 -28 19.526
    endloop
  endfacet
  facet normal 0 -1 0
    outer loop
      vertex 1.53073 -28 17.6955
      vertex 1.26937 -28 19.526
      vertex 1.13137 -28 19.3686
    endloop
  endfacet
  facet normal 0 -1 -0
    outer loop
      vertex 9.89949 -28 23.8995
      vertex 7.5 -28 15.6
      vertex 11.1069 -28 22.5227
    endloop
  endfacet
  facet normal 0 -1 0
    outer loop
      vertex 1.53073 -28 17.6955
      vertex 1.13137 -28 19.3686
      vertex 0.974018 -28 19.2306
    endloop
  endfacet
  facet normal 0 -1 0
    outer loop
      vertex 1.03528 -28 17.8637
      vertex 0.974018 -28 19.2306
      vertex 0.799999 -28 19.1144
    endloop
  endfacet
  facet normal 0 -1 0
    outer loop
      vertex 1.03528 -28 17.8637
      vertex 0.799999 -28 19.1144
      vertex 0.612293 -28 19.0218
    endloop
  endfacet
  facet normal 0 -1 0
    outer loop
      vertex 0.522104 -28 17.9658
      vertex 0.612293 -28 19.0218
      vertex 0.41411 -28 18.9545
    endloop
  endfacet
  facet normal 0 -1 0
    outer loop
      vertex 0.522104 -28 17.9658
      vertex 0.41411 -28 18.9545
      vertex 0.208841 -28 18.9137
    endloop
  endfacet
  facet normal 0 -1 0
    outer loop
      vertex 0 -28 18
      vertex 0.208841 -28 18.9137
      vertex 0 -28 18.9
    endloop
  endfacet
  facet normal 0 -1 -0
    outer loop
      vertex 0.208841 -28 18.9137
      vertex 0 -28 18
      vertex 0.522104 -28 17.9658
    endloop
  endfacet
  facet normal 0 -1 -0
    outer loop
      vertex 0.612293 -28 19.0218
      vertex 0.522104 -28 17.9658
      vertex 1.03528 -28 17.8637
    endloop
  endfacet
  facet normal 0 -1 0
    outer loop
      vertex 0.974018 -28 19.2306
      vertex 1.03528 -28 17.8637
      vertex 1.53073 -28 17.6955
    endloop
  endfacet
  facet normal 0 -1 0
    outer loop
      vertex 1.26937 -28 19.526
      vertex 1.53073 -28 17.6955
      vertex 2 -28 17.4641
    endloop
  endfacet
  facet normal 0 -1 0
    outer loop
      vertex 1.47821 -28 19.8877
      vertex 2 -28 17.4641
      vertex 2.43505 -28 17.1734
    endloop
  endfacet
  facet normal 0 -1 0
    outer loop
      vertex 1.54548 -28 20.0859
      vertex 2.43505 -28 17.1734
      vertex 2.82843 -28 16.8284
    endloop
  endfacet
  facet normal 0 -1 0
    outer loop
      vertex 7.70884 -28 15.5863
      vertex 11.1069 -28 22.5227
      vertex 7.5 -28 15.6
    endloop
  endfacet
  facet normal 0 -1 0
    outer loop
      vertex 1.58631 -28 20.2912
      vertex 2.82843 -28 16.8284
      vertex 6.29116 -28 15.5863
    endloop
  endfacet
  facet normal 0 -1 0
    outer loop
      vertex 6.08589 -28 15.5455
      vertex 2.82843 -28 16.8284
      vertex 3.17341 -28 16.435
    endloop
  endfacet
  facet normal 0 -1 0
    outer loop
      vertex 5.88771 -28 15.4782
      vertex 3.17341 -28 16.435
      vertex 3.4641 -28 16
    endloop
  endfacet
  facet normal 0 -1 -0
    outer loop
      vertex 11.1069 -28 22.5227
      vertex 7.70884 -28 15.5863
      vertex 12.1243 -28 21
    endloop
  endfacet
  facet normal 0 -1 0
    outer loop
      vertex 7.91411 -28 15.5455
      vertex 12.1243 -28 21
      vertex 7.70884 -28 15.5863
    endloop
  endfacet
  facet normal 0 -1 0
    outer loop
      vertex 1.58631 -28 20.2912
      vertex 6.29116 -28 15.5863
      vertex 6.5 -28 15.6
    endloop
  endfacet
  facet normal 0 -1 0
    outer loop
      vertex 2.82843 -28 16.8284
      vertex 6.08589 -28 15.5455
      vertex 6.29116 -28 15.5863
    endloop
  endfacet
  facet normal 0 -1 0
    outer loop
      vertex 5.52598 -28 15.2694
      vertex 3.4641 -28 16
      vertex 3.69552 -28 15.5307
    endloop
  endfacet
  facet normal 0 -1 0
    outer loop
      vertex 3.17341 -28 16.435
      vertex 5.88771 -28 15.4782
      vertex 6.08589 -28 15.5455
    endloop
  endfacet
  facet normal 0 -1 0
    outer loop
      vertex 3.4641 -28 16
      vertex 5.7 -28 15.3856
      vertex 5.88771 -28 15.4782
    endloop
  endfacet
  facet normal 0 -1 0
    outer loop
      vertex 3.4641 -28 16
      vertex 5.52598 -28 15.2694
      vertex 5.7 -28 15.3856
    endloop
  endfacet
  facet normal 0 -1 0
    outer loop
      vertex 3.69552 -28 15.5307
      vertex 5.36863 -28 15.1314
      vertex 5.52598 -28 15.2694
    endloop
  endfacet
  facet normal 0 -1 0
    outer loop
      vertex 5.23063 -28 14.974
      vertex 3.69552 -28 15.5307
      vertex 3.8637 -28 15.0353
    endloop
  endfacet
  facet normal 0 -1 0
    outer loop
      vertex 3.69552 -28 15.5307
      vertex 5.23063 -28 14.974
      vertex 5.36863 -28 15.1314
    endloop
  endfacet
  facet normal 0 -1 0
    outer loop
      vertex 3.8637 -28 15.0353
      vertex 5.11436 -28 14.8
      vertex 5.23063 -28 14.974
    endloop
  endfacet
  facet normal 0 -1 0
    outer loop
      vertex 3.8637 -28 15.0353
      vertex 5.02179 -28 14.6123
      vertex 5.11436 -28 14.8
    endloop
  endfacet
  facet normal 0 -1 0
    outer loop
      vertex 3.96578 -28 14.5221
      vertex 5.02179 -28 14.6123
      vertex 3.8637 -28 15.0353
    endloop
  endfacet
  facet normal 0 -1 0
    outer loop
      vertex 3.96578 -28 14.5221
      vertex 4.95452 -28 14.4141
      vertex 5.02179 -28 14.6123
    endloop
  endfacet
  facet normal 0 -1 0
    outer loop
      vertex 3.96578 -28 14.5221
      vertex 4.91369 -28 14.2088
      vertex 4.95452 -28 14.4141
    endloop
  endfacet
  facet normal 0 -1 0
    outer loop
      vertex 4 -28 14
      vertex 4.91369 -28 14.2088
      vertex 3.96578 -28 14.5221
    endloop
  endfacet
  facet normal 0 -1 0
    outer loop
      vertex 4 -28 14
      vertex 4.9 -28 14
      vertex 4.91369 -28 14.2088
    endloop
  endfacet
  facet normal 0 -1 0
    outer loop
      vertex 4 -28 14
      vertex 4.91369 -28 13.7912
      vertex 4.9 -28 14
    endloop
  endfacet
  facet normal 0 -1 0
    outer loop
      vertex 3.96578 -28 13.4779
      vertex 4.91369 -28 13.7912
      vertex 4 -28 14
    endloop
  endfacet
  facet normal 0 -1 -0
    outer loop
      vertex 4.91369 -28 13.7912
      vertex 3.96578 -28 13.4779
      vertex 4.95452 -28 13.5859
    endloop
  endfacet
  facet normal 0 -1 0
    outer loop
      vertex 3.96578 -28 13.4779
      vertex 5.02179 -28 13.3877
      vertex 4.95452 -28 13.5859
    endloop
  endfacet
  facet normal 0 -1 0
    outer loop
      vertex 3.8637 -28 12.9647
      vertex 5.02179 -28 13.3877
      vertex 3.96578 -28 13.4779
    endloop
  endfacet
  facet normal 0 -1 -0
    outer loop
      vertex 5.02179 -28 13.3877
      vertex 3.8637 -28 12.9647
      vertex 5.11436 -28 13.2
    endloop
  endfacet
  facet normal 0 -1 -0
    outer loop
      vertex 5.11436 -28 13.2
      vertex 3.8637 -28 12.9647
      vertex 5.23063 -28 13.026
    endloop
  endfacet
  facet normal 0 -1 0
    outer loop
      vertex 3.69552 -28 12.4693
      vertex 5.23063 -28 13.026
      vertex 3.8637 -28 12.9647
    endloop
  endfacet
  facet normal 0 -1 -0
    outer loop
      vertex 5.23063 -28 13.026
      vertex 3.69552 -28 12.4693
      vertex 5.36863 -28 12.8686
    endloop
  endfacet
  facet normal 0 -1 -0
    outer loop
      vertex 5.36863 -28 12.8686
      vertex 3.69552 -28 12.4693
      vertex 5.52598 -28 12.7306
    endloop
  endfacet
  facet normal 0 -1 0
    outer loop
      vertex 3.4641 -28 12
      vertex 5.52598 -28 12.7306
      vertex 3.69552 -28 12.4693
    endloop
  endfacet
  facet normal 0 -1 -0
    outer loop
      vertex 5.52598 -28 12.7306
      vertex 3.4641 -28 12
      vertex 5.7 -28 12.6144
    endloop
  endfacet
  facet normal 0 -1 -0
    outer loop
      vertex 5.7 -28 12.6144
      vertex 3.4641 -28 12
      vertex 5.88771 -28 12.5218
    endloop
  endfacet
  facet normal 0 -1 0
    outer loop
      vertex 3.17341 -28 11.565
      vertex 5.88771 -28 12.5218
      vertex 3.4641 -28 12
    endloop
  endfacet
  facet normal 0 -1 -0
    outer loop
      vertex 5.88771 -28 12.5218
      vertex 3.17341 -28 11.565
      vertex 6.08589 -28 12.4545
    endloop
  endfacet
  facet normal 0 -1 0
    outer loop
      vertex 9.89949 -28 4.10051
      vertex 7.5 -28 12.4
      vertex 6.5 -28 12.4
    endloop
  endfacet
  facet normal 0 -1 0
    outer loop
      vertex 2.82843 -28 11.1716
      vertex 6.08589 -28 12.4545
      vertex 3.17341 -28 11.565
    endloop
  endfacet
  facet normal 0 -1 -0
    outer loop
      vertex 6.08589 -28 12.4545
      vertex 2.82843 -28 11.1716
      vertex 6.29116 -28 12.4137
    endloop
  endfacet
  facet normal 0 -1 0
    outer loop
      vertex 1.58631 -28 7.70884
      vertex 6.29116 -28 12.4137
      vertex 2.82843 -28 11.1716
    endloop
  endfacet
  facet normal 0 -1 -0
    outer loop
      vertex 6.29116 -28 12.4137
      vertex 1.58631 -28 7.70884
      vertex 6.5 -28 12.4
    endloop
  endfacet
  facet normal 0 -1 0
    outer loop
      vertex 1.54548 -28 7.91411
      vertex 2.82843 -28 11.1716
      vertex 2.43505 -28 10.8266
    endloop
  endfacet
  facet normal 0 -1 0
    outer loop
      vertex 1.47821 -28 8.11229
      vertex 2.43505 -28 10.8266
      vertex 2 -28 10.5359
    endloop
  endfacet
  facet normal 0 -1 0
    outer loop
      vertex 7.5 -28 12.4
      vertex 13.5229 -28 10.3765
      vertex 13.8802 -28 12.1726
    endloop
  endfacet
  facet normal 0 -1 0
    outer loop
      vertex 1.26937 -28 8.47402
      vertex 2 -28 10.5359
      vertex 1.53073 -28 10.3045
    endloop
  endfacet
  facet normal 0 -1 0
    outer loop
      vertex 0.974018 -28 8.76937
      vertex 1.53073 -28 10.3045
      vertex 1.03528 -28 10.1363
    endloop
  endfacet
  facet normal 0 -1 0
    outer loop
      vertex 0.612293 -28 8.97821
      vertex 1.03528 -28 10.1363
      vertex 0.522104 -28 10.0342
    endloop
  endfacet
  facet normal 0 -1 0
    outer loop
      vertex 0.208841 -28 9.08631
      vertex 0.522104 -28 10.0342
      vertex 0 -28 10
    endloop
  endfacet
  facet normal 0 -1 0
    outer loop
      vertex -84.1669 -28 1.22089
      vertex -81.4922 -28 9.97467
      vertex -81.7206 -28 9.9597
    endloop
  endfacet
  facet normal 0 -1 0
    outer loop
      vertex -0.522104 -28 10.0342
      vertex -0.208841 -28 9.08631
      vertex 0 -28 10
    endloop
  endfacet
  facet normal 0 -1 0
    outer loop
      vertex 0.208841 -28 9.08631
      vertex 0 -28 10
      vertex 0 -28 9.1
    endloop
  endfacet
  facet normal 0 -1 0
    outer loop
      vertex 0.522104 -28 10.0342
      vertex 0.208841 -28 9.08631
      vertex 0.41411 -28 9.04548
    endloop
  endfacet
  facet normal 0 -1 -0
    outer loop
      vertex 0.522104 -28 10.0342
      vertex 0.41411 -28 9.04548
      vertex 0.612293 -28 8.97821
    endloop
  endfacet
  facet normal 0 -1 0
    outer loop
      vertex 1.03528 -28 10.1363
      vertex 0.612293 -28 8.97821
      vertex 0.799999 -28 8.88564
    endloop
  endfacet
  facet normal 0 -1 0
    outer loop
      vertex 1.03528 -28 10.1363
      vertex 0.799999 -28 8.88564
      vertex 0.974018 -28 8.76937
    endloop
  endfacet
  facet normal 0 -1 0
    outer loop
      vertex 1.53073 -28 10.3045
      vertex 0.974018 -28 8.76937
      vertex 1.13137 -28 8.63137
    endloop
  endfacet
  facet normal 0 -1 0
    outer loop
      vertex 1.53073 -28 10.3045
      vertex 1.13137 -28 8.63137
      vertex 1.26937 -28 8.47402
    endloop
  endfacet
  facet normal 0 -1 0
    outer loop
      vertex 2 -28 10.5359
      vertex 1.26937 -28 8.47402
      vertex 1.38564 -28 8.3
    endloop
  endfacet
  facet normal 0 -1 0
    outer loop
      vertex 2 -28 10.5359
      vertex 1.38564 -28 8.3
      vertex 1.47821 -28 8.11229
    endloop
  endfacet
  facet normal 0 -1 0
    outer loop
      vertex 7.5 -28 12.4
      vertex 12.9343 -28 8.64244
      vertex 13.5229 -28 10.3765
    endloop
  endfacet
  facet normal 0 -1 0
    outer loop
      vertex 2.43505 -28 10.8266
      vertex 1.47821 -28 8.11229
      vertex 1.54548 -28 7.91411
    endloop
  endfacet
  facet normal 0 -1 0
    outer loop
      vertex 2.82843 -28 11.1716
      vertex 1.54548 -28 7.91411
      vertex 1.58631 -28 7.70884
    endloop
  endfacet
  facet normal 0 -1 0
    outer loop
      vertex 6.5 -28 12.4
      vertex 1.58631 -28 7.70884
      vertex 1.6 -28 7.5
    endloop
  endfacet
  facet normal 0 -1 -0
    outer loop
      vertex 6.5 -28 12.4
      vertex 1.6 -28 7.5
      vertex 9.89949 -28 4.10051
    endloop
  endfacet
  facet normal 0 -1 0
    outer loop
      vertex 7.5 -28 12.4
      vertex 12.1243 -28 7
      vertex 12.9343 -28 8.64244
    endloop
  endfacet
  facet normal 0 -1 0
    outer loop
      vertex 9.89949 -28 4.10051
      vertex 1.6 -28 7.5
      vertex 1.6 -28 6.5
    endloop
  endfacet
  facet normal 0 -1 0
    outer loop
      vertex 9.89949 -28 4.10051
      vertex 1.6 -28 6.5
      vertex 1.58631 -28 6.29116
    endloop
  endfacet
  facet normal 0 -1 0
    outer loop
      vertex 9.89949 -28 4.10051
      vertex 1.58631 -28 6.29116
      vertex 1.54548 -28 6.08589
    endloop
  endfacet
  facet normal 0 -1 0
    outer loop
      vertex 9.89949 -28 4.10051
      vertex 1.54548 -28 6.08589
      vertex 1.47821 -28 5.88771
    endloop
  endfacet
  facet normal 0 -1 0
    outer loop
      vertex 9.89949 -28 4.10051
      vertex 1.47821 -28 5.88771
      vertex 1.38564 -28 5.7
    endloop
  endfacet
  facet normal 0 -1 0
    outer loop
      vertex 9.89949 -28 4.10051
      vertex 1.38564 -28 5.7
      vertex 1.26937 -28 5.52598
    endloop
  endfacet
  facet normal 0 -1 0
    outer loop
      vertex 7.5 -28 12.4
      vertex 11.1069 -28 5.47734
      vertex 12.1243 -28 7
    endloop
  endfacet
  facet normal 0 -1 0
    outer loop
      vertex 9.89949 -28 4.10051
      vertex 1.26937 -28 5.52598
      vertex 1.13137 -28 5.36863
    endloop
  endfacet
  facet normal 0 -1 0
    outer loop
      vertex 9.89949 -28 4.10051
      vertex 1.13137 -28 5.36863
      vertex 0.974018 -28 5.23063
    endloop
  endfacet
  facet normal 0 -1 0
    outer loop
      vertex 9.89949 -28 4.10051
      vertex 0.974018 -28 5.23063
      vertex 0.799999 -28 5.11436
    endloop
  endfacet
  facet normal 0 -1 0
    outer loop
      vertex 9.89949 -28 4.10051
      vertex 0.799999 -28 5.11436
      vertex 0.612293 -28 5.02179
    endloop
  endfacet
  facet normal 0 -1 0
    outer loop
      vertex 9.89949 -28 4.10051
      vertex 0.612293 -28 5.02179
      vertex 0.41411 -28 4.95452
    endloop
  endfacet
  facet normal 0 -1 0
    outer loop
      vertex 9.89949 -28 4.10051
      vertex 0.41411 -28 4.95452
      vertex 0.208841 -28 4.91369
    endloop
  endfacet
  facet normal 0 -1 0
    outer loop
      vertex 9.89949 -28 4.10051
      vertex 0.208841 -28 4.91369
      vertex 0 -28 4.9
    endloop
  endfacet
  facet normal 0 -1 0
    outer loop
      vertex 7.5 -28 12.4
      vertex 9.89949 -28 4.10051
      vertex 11.1069 -28 5.47734
    endloop
  endfacet
  facet normal 0 -1 0
    outer loop
      vertex -6.08589 -28 15.5455
      vertex -2.82843 -28 16.8284
      vertex -6.29116 -28 15.5863
    endloop
  endfacet
  facet normal 0 -1 0
    outer loop
      vertex -2.82843 -28 16.8284
      vertex -6.08589 -28 15.5455
      vertex -3.17341 -28 16.435
    endloop
  endfacet
  facet normal 0 -1 0
    outer loop
      vertex -5.88771 -28 15.4782
      vertex -3.17341 -28 16.435
      vertex -6.08589 -28 15.5455
    endloop
  endfacet
  facet normal 0 -1 0
    outer loop
      vertex -3.17341 -28 16.435
      vertex -5.88771 -28 15.4782
      vertex -3.4641 -28 16
    endloop
  endfacet
  facet normal 0 -1 0
    outer loop
      vertex -5.7 -28 15.3856
      vertex -3.4641 -28 16
      vertex -5.88771 -28 15.4782
    endloop
  endfacet
  facet normal 0 -1 0
    outer loop
      vertex -5.52598 -28 15.2694
      vertex -3.4641 -28 16
      vertex -5.7 -28 15.3856
    endloop
  endfacet
  facet normal 0 -1 0
    outer loop
      vertex -3.4641 -28 16
      vertex -5.52598 -28 15.2694
      vertex -3.69552 -28 15.5307
    endloop
  endfacet
  facet normal 0 -1 0
    outer loop
      vertex -5.36863 -28 15.1314
      vertex -3.69552 -28 15.5307
      vertex -5.52598 -28 15.2694
    endloop
  endfacet
  facet normal 0 -1 0
    outer loop
      vertex -5.23063 -28 14.974
      vertex -3.69552 -28 15.5307
      vertex -5.36863 -28 15.1314
    endloop
  endfacet
  facet normal 0 -1 0
    outer loop
      vertex -3.69552 -28 15.5307
      vertex -5.23063 -28 14.974
      vertex -3.8637 -28 15.0353
    endloop
  endfacet
  facet normal 0 -1 0
    outer loop
      vertex -5.11436 -28 14.8
      vertex -3.8637 -28 15.0353
      vertex -5.23063 -28 14.974
    endloop
  endfacet
  facet normal 0 -1 0
    outer loop
      vertex -5.02179 -28 14.6123
      vertex -3.8637 -28 15.0353
      vertex -5.11436 -28 14.8
    endloop
  endfacet
  facet normal 0 -1 0
    outer loop
      vertex -5.02179 -28 14.6123
      vertex -3.96578 -28 14.5221
      vertex -3.8637 -28 15.0353
    endloop
  endfacet
  facet normal 0 -1 0
    outer loop
      vertex -4.95452 -28 14.4141
      vertex -3.96578 -28 14.5221
      vertex -5.02179 -28 14.6123
    endloop
  endfacet
  facet normal 0 -1 0
    outer loop
      vertex -4.91369 -28 14.2088
      vertex -3.96578 -28 14.5221
      vertex -4.95452 -28 14.4141
    endloop
  endfacet
  facet normal 0 -1 0
    outer loop
      vertex -4 -28 14
      vertex -4.91369 -28 14.2088
      vertex -4.9 -28 14
    endloop
  endfacet
  facet normal 0 -1 0
    outer loop
      vertex -4.91369 -28 14.2088
      vertex -4 -28 14
      vertex -3.96578 -28 14.5221
    endloop
  endfacet
  facet normal 0 -1 0
    outer loop
      vertex -4.91369 -28 13.7912
      vertex -4 -28 14
      vertex -4.9 -28 14
    endloop
  endfacet
  facet normal 0 -1 0
    outer loop
      vertex -3.96578 -28 13.4779
      vertex -4.91369 -28 13.7912
      vertex -4.95452 -28 13.5859
    endloop
  endfacet
  facet normal 0 -1 0
    outer loop
      vertex -4.91369 -28 13.7912
      vertex -3.96578 -28 13.4779
      vertex -4 -28 14
    endloop
  endfacet
  facet normal 0 -1 0
    outer loop
      vertex -5.02179 -28 13.3877
      vertex -3.96578 -28 13.4779
      vertex -4.95452 -28 13.5859
    endloop
  endfacet
  facet normal 0 -1 0
    outer loop
      vertex -3.8637 -28 12.9647
      vertex -5.02179 -28 13.3877
      vertex -5.11436 -28 13.2
    endloop
  endfacet
  facet normal 0 -1 0
    outer loop
      vertex -3.8637 -28 12.9647
      vertex -5.11436 -28 13.2
      vertex -5.23063 -28 13.026
    endloop
  endfacet
  facet normal 0 -1 0
    outer loop
      vertex -5.02179 -28 13.3877
      vertex -3.8637 -28 12.9647
      vertex -3.96578 -28 13.4779
    endloop
  endfacet
  facet normal 0 -1 0
    outer loop
      vertex -3.69552 -28 12.4693
      vertex -5.23063 -28 13.026
      vertex -5.36863 -28 12.8686
    endloop
  endfacet
  facet normal 0 -1 0
    outer loop
      vertex -3.69552 -28 12.4693
      vertex -5.36863 -28 12.8686
      vertex -5.52598 -28 12.7306
    endloop
  endfacet
  facet normal 0 -1 0
    outer loop
      vertex -3.4641 -28 12
      vertex -5.52598 -28 12.7306
      vertex -5.7 -28 12.6144
    endloop
  endfacet
  facet normal 0 -1 0
    outer loop
      vertex -3.4641 -28 12
      vertex -5.7 -28 12.6144
      vertex -5.88771 -28 12.5218
    endloop
  endfacet
  facet normal 0 -1 0
    outer loop
      vertex -5.23063 -28 13.026
      vertex -3.69552 -28 12.4693
      vertex -3.8637 -28 12.9647
    endloop
  endfacet
  facet normal 0 -1 0
    outer loop
      vertex -3.17341 -28 11.565
      vertex -5.88771 -28 12.5218
      vertex -6.08589 -28 12.4545
    endloop
  endfacet
  facet normal 0 -1 0
    outer loop
      vertex -2.82843 -28 11.1716
      vertex -6.08589 -28 12.4545
      vertex -6.29116 -28 12.4137
    endloop
  endfacet
  facet normal 0 -1 0
    outer loop
      vertex -2.82843 -28 11.1716
      vertex -6.29116 -28 12.4137
      vertex -6.5 -28 12.4
    endloop
  endfacet
  facet normal 0 -1 -0
    outer loop
      vertex -8.76937 -28 13.026
      vertex -80.3322 -28 10.6444
      vertex -8.63137 -28 12.8686
    endloop
  endfacet
  facet normal 0 -1 0
    outer loop
      vertex -5.52598 -28 12.7306
      vertex -3.4641 -28 12
      vertex -3.69552 -28 12.4693
    endloop
  endfacet
  facet normal 0 -1 0
    outer loop
      vertex -80.4832 -28 10.4723
      vertex -8.63137 -28 12.8686
      vertex -80.3322 -28 10.6444
    endloop
  endfacet
  facet normal 0 -1 -0
    outer loop
      vertex -8.63137 -28 12.8686
      vertex -80.4832 -28 10.4723
      vertex -8.47402 -28 12.7306
    endloop
  endfacet
  facet normal 0 -1 0
    outer loop
      vertex -80.6553 -28 10.3213
      vertex -8.47402 -28 12.7306
      vertex -80.4832 -28 10.4723
    endloop
  endfacet
  facet normal 0 -1 -0
    outer loop
      vertex -8.47402 -28 12.7306
      vertex -80.6553 -28 10.3213
      vertex -8.3 -28 12.6144
    endloop
  endfacet
  facet normal 0 -1 0
    outer loop
      vertex -80.8456 -28 10.1942
      vertex -8.3 -28 12.6144
      vertex -80.6553 -28 10.3213
    endloop
  endfacet
  facet normal 0 -1 -0
    outer loop
      vertex -8.3 -28 12.6144
      vertex -80.8456 -28 10.1942
      vertex -8.11229 -28 12.5218
    endloop
  endfacet
  facet normal 0 -1 0
    outer loop
      vertex -81.0509 -28 10.0929
      vertex -8.11229 -28 12.5218
      vertex -80.8456 -28 10.1942
    endloop
  endfacet
  facet normal 0 -1 0
    outer loop
      vertex -5.88771 -28 12.5218
      vertex -3.17341 -28 11.565
      vertex -3.4641 -28 12
    endloop
  endfacet
  facet normal 0 -1 0
    outer loop
      vertex -0.208841 -28 9.08631
      vertex -8.11229 -28 12.5218
      vertex -81.0509 -28 10.0929
    endloop
  endfacet
  facet normal 0 -1 0
    outer loop
      vertex -6.08589 -28 12.4545
      vertex -2.82843 -28 11.1716
      vertex -3.17341 -28 11.565
    endloop
  endfacet
  facet normal 0 -1 0
    outer loop
      vertex -8.11229 -28 12.5218
      vertex -0.208841 -28 9.08631
      vertex -7.91411 -28 12.4545
    endloop
  endfacet
  facet normal 0 -1 0
    outer loop
      vertex -6.5 -28 12.4
      vertex -2.43505 -28 10.8266
      vertex -2.82843 -28 11.1716
    endloop
  endfacet
  facet normal 0 -1 0
    outer loop
      vertex -0.208841 -28 9.08631
      vertex -7.70884 -28 12.4137
      vertex -7.91411 -28 12.4545
    endloop
  endfacet
  facet normal 0 -1 0
    outer loop
      vertex -7.5 -28 12.4
      vertex -2.43505 -28 10.8266
      vertex -6.5 -28 12.4
    endloop
  endfacet
  facet normal 0 -1 0
    outer loop
      vertex -0.208841 -28 9.08631
      vertex -2 -28 10.5359
      vertex -7.70884 -28 12.4137
    endloop
  endfacet
  facet normal -0 -1 -0
    outer loop
      vertex -2.43505 -28 10.8266
      vertex -7.5 -28 12.4
      vertex -2 -28 10.5359
    endloop
  endfacet
  facet normal 0 -1 0
    outer loop
      vertex -7.70884 -28 12.4137
      vertex -2 -28 10.5359
      vertex -7.5 -28 12.4
    endloop
  endfacet
  facet normal 0 -1 0
    outer loop
      vertex -2 -28 10.5359
      vertex -0.208841 -28 9.08631
      vertex -1.53073 -28 10.3045
    endloop
  endfacet
  facet normal 0 -1 0
    outer loop
      vertex -0.208841 -28 9.08631
      vertex -81.0509 -28 10.0929
      vertex -81.2677 -28 10.0193
    endloop
  endfacet
  facet normal 0 -1 0
    outer loop
      vertex -1.53073 -28 10.3045
      vertex -0.208841 -28 9.08631
      vertex -1.03528 -28 10.1363
    endloop
  endfacet
  facet normal 0 -1 0
    outer loop
      vertex -0.208841 -28 9.08631
      vertex -81.2677 -28 10.0193
      vertex -81.4922 -28 9.97467
    endloop
  endfacet
  facet normal 0 -1 0
    outer loop
      vertex -1.03528 -28 10.1363
      vertex -0.208841 -28 9.08631
      vertex -0.522104 -28 10.0342
    endloop
  endfacet
  facet normal 0 -1 0
    outer loop
      vertex 8.11229 -28 15.4782
      vertex 12.1243 -28 21
      vertex 7.91411 -28 15.5455
    endloop
  endfacet
  facet normal 0 -1 -0
    outer loop
      vertex 12.1243 -28 21
      vertex 8.11229 -28 15.4782
      vertex 12.9343 -28 19.3576
    endloop
  endfacet
  facet normal 0 -1 0
    outer loop
      vertex 8.3 -28 15.3856
      vertex 12.9343 -28 19.3576
      vertex 8.11229 -28 15.4782
    endloop
  endfacet
  facet normal 0 -1 0
    outer loop
      vertex 8.47402 -28 15.2694
      vertex 12.9343 -28 19.3576
      vertex 8.3 -28 15.3856
    endloop
  endfacet
  facet normal 0 -1 -0
    outer loop
      vertex 12.9343 -28 19.3576
      vertex 8.47402 -28 15.2694
      vertex 13.5229 -28 17.6235
    endloop
  endfacet
  facet normal 0 -1 0
    outer loop
      vertex 8.63137 -28 15.1314
      vertex 13.5229 -28 17.6235
      vertex 8.47402 -28 15.2694
    endloop
  endfacet
  facet normal 0 -1 0
    outer loop
      vertex 8.76937 -28 14.974
      vertex 13.5229 -28 17.6235
      vertex 8.63137 -28 15.1314
    endloop
  endfacet
  facet normal 0 -1 0
    outer loop
      vertex 8.88564 -28 14.8
      vertex 13.5229 -28 17.6235
      vertex 8.76937 -28 14.974
    endloop
  endfacet
  facet normal 0 -1 -0
    outer loop
      vertex 13.5229 -28 17.6235
      vertex 8.88564 -28 14.8
      vertex 13.8802 -28 15.8274
    endloop
  endfacet
  facet normal 0 -1 0
    outer loop
      vertex 8.97821 -28 14.6123
      vertex 13.8802 -28 15.8274
      vertex 8.88564 -28 14.8
    endloop
  endfacet
  facet normal 0 -1 0
    outer loop
      vertex 9.04548 -28 14.4141
      vertex 13.8802 -28 15.8274
      vertex 8.97821 -28 14.6123
    endloop
  endfacet
  facet normal 0 -1 0
    outer loop
      vertex 9.08631 -28 14.2088
      vertex 13.8802 -28 15.8274
      vertex 9.04548 -28 14.4141
    endloop
  endfacet
  facet normal 0 -1 0
    outer loop
      vertex 14 -28 14
      vertex 9.08631 -28 14.2088
      vertex 9.1 -28 14
    endloop
  endfacet
  facet normal 0 -1 0
    outer loop
      vertex 9.08631 -28 14.2088
      vertex 14 -28 14
      vertex 13.8802 -28 15.8274
    endloop
  endfacet
  facet normal 0 -1 0
    outer loop
      vertex 9.08631 -28 13.7912
      vertex 14 -28 14
      vertex 9.1 -28 14
    endloop
  endfacet
  facet normal 0 -1 0
    outer loop
      vertex 13.8802 -28 12.1726
      vertex 9.08631 -28 13.7912
      vertex 9.04548 -28 13.5859
    endloop
  endfacet
  facet normal 0 -1 0
    outer loop
      vertex 13.8802 -28 12.1726
      vertex 9.04548 -28 13.5859
      vertex 8.97821 -28 13.3877
    endloop
  endfacet
  facet normal 0 -1 0
    outer loop
      vertex 13.8802 -28 12.1726
      vertex 8.97821 -28 13.3877
      vertex 8.88564 -28 13.2
    endloop
  endfacet
  facet normal 0 -1 0
    outer loop
      vertex 13.8802 -28 12.1726
      vertex 8.88564 -28 13.2
      vertex 8.76937 -28 13.026
    endloop
  endfacet
  facet normal 0 -1 0
    outer loop
      vertex 13.8802 -28 12.1726
      vertex 8.76937 -28 13.026
      vertex 8.63137 -28 12.8686
    endloop
  endfacet
  facet normal 0 -1 0
    outer loop
      vertex 13.8802 -28 12.1726
      vertex 8.63137 -28 12.8686
      vertex 8.47402 -28 12.7306
    endloop
  endfacet
  facet normal 0 -1 0
    outer loop
      vertex 13.8802 -28 12.1726
      vertex 8.47402 -28 12.7306
      vertex 8.3 -28 12.6144
    endloop
  endfacet
  facet normal 0 -1 0
    outer loop
      vertex 13.8802 -28 12.1726
      vertex 8.3 -28 12.6144
      vertex 8.11229 -28 12.5218
    endloop
  endfacet
  facet normal 0 -1 0
    outer loop
      vertex 13.8802 -28 12.1726
      vertex 8.11229 -28 12.5218
      vertex 7.91411 -28 12.4545
    endloop
  endfacet
  facet normal 0 -1 0
    outer loop
      vertex 9.08631 -28 13.7912
      vertex 13.8802 -28 12.1726
      vertex 14 -28 14
    endloop
  endfacet
  facet normal 0 -1 0
    outer loop
      vertex 7.70884 -28 12.4137
      vertex 13.8802 -28 12.1726
      vertex 7.91411 -28 12.4545
    endloop
  endfacet
  facet normal 0 -1 0
    outer loop
      vertex 13.8802 -28 12.1726
      vertex 7.70884 -28 12.4137
      vertex 7.5 -28 12.4
    endloop
  endfacet
  facet normal 0 -1 0
    outer loop
      vertex -81.2677 -28 13.4001
      vertex -79.2742 -28 22.1985
      vertex -81.4922 -28 13.4447
    endloop
  endfacet
  facet normal 0 -1 0
    outer loop
      vertex -81.0509 -28 13.3265
      vertex -79.2742 -28 22.1985
      vertex -81.2677 -28 13.4001
    endloop
  endfacet
  facet normal 0 -1 0
    outer loop
      vertex -80.8456 -28 13.2252
      vertex -79.2742 -28 22.1985
      vertex -81.0509 -28 13.3265
    endloop
  endfacet
  facet normal 0 -1 0
    outer loop
      vertex -80.6553 -28 13.0981
      vertex -79.2742 -28 22.1985
      vertex -80.8456 -28 13.2252
    endloop
  endfacet
  facet normal 0 -1 0
    outer loop
      vertex -80.4832 -28 12.9471
      vertex -79.2742 -28 22.1985
      vertex -80.6553 -28 13.0981
    endloop
  endfacet
  facet normal 0 -1 0
    outer loop
      vertex -80.3322 -28 12.775
      vertex -79.2742 -28 22.1985
      vertex -80.4832 -28 12.9471
    endloop
  endfacet
  facet normal 0 -1 0
    outer loop
      vertex -80.205 -28 12.5847
      vertex -79.2742 -28 22.1985
      vertex -80.3322 -28 12.775
    endloop
  endfacet
  facet normal 0 -1 0
    outer loop
      vertex -80.1038 -28 12.3794
      vertex -79.2742 -28 22.1985
      vertex -80.205 -28 12.5847
    endloop
  endfacet
  facet normal 0 -1 0
    outer loop
      vertex -80.0302 -28 12.1626
      vertex -79.2742 -28 22.1985
      vertex -80.1038 -28 12.3794
    endloop
  endfacet
  facet normal 0 -1 0
    outer loop
      vertex -79.9856 -28 11.9381
      vertex -79.2742 -28 22.1985
      vertex -80.0302 -28 12.1626
    endloop
  endfacet
  facet normal 0 -1 -0
    outer loop
      vertex -9.1 -28 14
      vertex -79.9706 -28 11.7097
      vertex -9.08631 -28 13.7912
    endloop
  endfacet
  facet normal 0 -1 0
    outer loop
      vertex -79.9856 -28 11.4813
      vertex -9.08631 -28 13.7912
      vertex -79.9706 -28 11.7097
    endloop
  endfacet
  facet normal 0 -1 -0
    outer loop
      vertex -9.08631 -28 13.7912
      vertex -79.9856 -28 11.4813
      vertex -9.04548 -28 13.5859
    endloop
  endfacet
  facet normal 0 -1 0
    outer loop
      vertex -80.0302 -28 11.2568
      vertex -9.04548 -28 13.5859
      vertex -79.9856 -28 11.4813
    endloop
  endfacet
  facet normal 0 -1 -0
    outer loop
      vertex -9.04548 -28 13.5859
      vertex -80.0302 -28 11.2568
      vertex -8.97821 -28 13.3877
    endloop
  endfacet
  facet normal 0 -1 0
    outer loop
      vertex -80.1038 -28 11.04
      vertex -8.97821 -28 13.3877
      vertex -80.0302 -28 11.2568
    endloop
  endfacet
  facet normal 0 -1 -0
    outer loop
      vertex -8.97821 -28 13.3877
      vertex -80.1038 -28 11.04
      vertex -8.88564 -28 13.2
    endloop
  endfacet
  facet normal 0 -1 0
    outer loop
      vertex -80.205 -28 10.8347
      vertex -8.88564 -28 13.2
      vertex -80.1038 -28 11.04
    endloop
  endfacet
  facet normal 0 -1 0
    outer loop
      vertex -80.3322 -28 10.6444
      vertex -8.76937 -28 13.026
      vertex -80.205 -28 10.8347
    endloop
  endfacet
  facet normal 0 -1 -0
    outer loop
      vertex -8.88564 -28 13.2
      vertex -80.205 -28 10.8347
      vertex -8.76937 -28 13.026
    endloop
  endfacet
  facet normal 0.997858 -0 0.0654172
    outer loop
      vertex 13.8802 -28 15.8274
      vertex 14 -23 14
      vertex 13.8802 -23 15.8274
    endloop
  endfacet
  facet normal 0.997858 0 0.0654172
    outer loop
      vertex 14 -23 14
      vertex 13.8802 -28 15.8274
      vertex 14 -28 14
    endloop
  endfacet
  facet normal -0.0145041 0 -0.999895
    outer loop
      vertex -84.1669 -28 1.22089
      vertex 0 -23 0
      vertex 0 -28 0
    endloop
  endfacet
  facet normal -0.0145041 0 -0.999895
    outer loop
      vertex 0 -23 0
      vertex -84.1669 -28 1.22089
      vertex -84.1669 -23 1.22089
    endloop
  endfacet
  facet normal 0.195092 0 -0.980785
    outer loop
      vertex 1.82736 -28 0.119781
      vertex 3.62346 -23 0.477051
      vertex 3.62346 -28 0.477051
    endloop
  endfacet
  facet normal 0.195092 0 -0.980785
    outer loop
      vertex 3.62346 -23 0.477051
      vertex 1.82736 -28 0.119781
      vertex 1.82736 -23 0.119781
    endloop
  endfacet
  facet normal -0.572575 0 -0.819852
    outer loop
      vertex -90.7257 -28 5.80148
      vertex -84.1669 -23 1.22089
      vertex -84.1669 -28 1.22089
    endloop
  endfacet
  facet normal -0.572575 0 -0.819852
    outer loop
      vertex -84.1669 -23 1.22089
      vertex -90.7257 -28 5.80148
      vertex -84.1669 23 1.22089
    endloop
  endfacet
  facet normal -0.572575 -0 -0.819852
    outer loop
      vertex -90.7257 28 5.80148
      vertex -84.1669 23 1.22089
      vertex -90.7257 -28 5.80148
    endloop
  endfacet
  facet normal -0.572575 0 -0.819852
    outer loop
      vertex -84.1669 23 1.22089
      vertex -90.7257 28 5.80148
      vertex -84.1669 28 1.22089
    endloop
  endfacet
  facet normal -0.819852 0 0.572576
    outer loop
      vertex -90.7257 28 5.80148
      vertex -79.2742 23 22.1985
      vertex -79.2742 28 22.1985
    endloop
  endfacet
  facet normal -0.819852 0 0.572576
    outer loop
      vertex -90.7257 28 5.80148
      vertex -79.2742 -23 22.1985
      vertex -79.2742 23 22.1985
    endloop
  endfacet
  facet normal -0.819852 0 0.572576
    outer loop
      vertex -90.7257 -28 5.80148
      vertex -79.2742 -23 22.1985
      vertex -90.7257 28 5.80148
    endloop
  endfacet
  facet normal -0.819852 0 0.572576
    outer loop
      vertex -79.2742 -23 22.1985
      vertex -90.7257 -28 5.80148
      vertex -79.2742 -28 22.1985
    endloop
  endfacet
  facet normal -0.073166 0 0.99732
    outer loop
      vertex -79.2742 -23 22.1985
      vertex -1.82736 -28 27.8802
      vertex -1.82736 -23 27.8802
    endloop
  endfacet
  facet normal -0.073166 0 0.99732
    outer loop
      vertex -1.82736 -28 27.8802
      vertex -79.2742 -23 22.1985
      vertex -79.2742 -28 22.1985
    endloop
  endfacet
  facet normal -0.0654186 0 0.997858
    outer loop
      vertex -1.82736 -23 27.8802
      vertex 0 -28 28
      vertex 0 -23 28
    endloop
  endfacet
  facet normal -0.0654186 0 0.997858
    outer loop
      vertex 0 -28 28
      vertex -1.82736 -23 27.8802
      vertex -1.82736 -28 27.8802
    endloop
  endfacet
  facet normal 0.0654083 0 -0.997859
    outer loop
      vertex 0 -28 0
      vertex 1.82736 -23 0.119781
      vertex 1.82736 -28 0.119781
    endloop
  endfacet
  facet normal 0.0654083 0 -0.997859
    outer loop
      vertex 1.82736 -23 0.119781
      vertex 0 -28 0
      vertex 0 -23 0
    endloop
  endfacet
  facet normal 0.659343 0 -0.751842
    outer loop
      vertex 8.52266 -28 2.89307
      vertex 9.89949 -23 4.10051
      vertex 9.89949 -28 4.10051
    endloop
  endfacet
  facet normal 0.659343 0 -0.751842
    outer loop
      vertex 9.89949 -23 4.10051
      vertex 8.52266 -28 2.89307
      vertex 8.52266 -23 2.89307
    endloop
  endfacet
  facet normal 0.321416 0 0.946938
    outer loop
      vertex 3.62346 -23 27.5229
      vertex 5.35756 -28 26.9343
      vertex 5.35756 -23 26.9343
    endloop
  endfacet
  facet normal 0.321416 0 0.946938
    outer loop
      vertex 5.35756 -28 26.9343
      vertex 3.62346 -23 27.5229
      vertex 3.62346 -28 27.5229
    endloop
  endfacet
  facet normal 0.0654186 0 0.997858
    outer loop
      vertex 0 -23 28
      vertex 1.82736 -28 27.8802
      vertex 1.82736 -23 27.8802
    endloop
  endfacet
  facet normal 0.0654186 0 0.997858
    outer loop
      vertex 1.82736 -28 27.8802
      vertex 0 -23 28
      vertex 0 -28 28
    endloop
  endfacet
  facet normal 0.555567 0 0.831472
    outer loop
      vertex 7 -23 26.1243
      vertex 8.52266 -28 25.1069
      vertex 8.52266 -23 25.1069
    endloop
  endfacet
  facet normal 0.555567 0 0.831472
    outer loop
      vertex 8.52266 -28 25.1069
      vertex 7 -23 26.1243
      vertex 7 -28 26.1243
    endloop
  endfacet
  facet normal 0.946936 0 -0.321423
    outer loop
      vertex 13.5229 -28 10.3765
      vertex 12.9343 -23 8.64244
      vertex 13.5229 -23 10.3765
    endloop
  endfacet
  facet normal 0.946936 0 -0.321423
    outer loop
      vertex 12.9343 -23 8.64244
      vertex 13.5229 -28 10.3765
      vertex 12.9343 -28 8.64244
    endloop
  endfacet
  facet normal 0.831472 0 -0.555567
    outer loop
      vertex 12.1243 -28 7
      vertex 11.1069 -23 5.47734
      vertex 12.1243 -23 7
    endloop
  endfacet
  facet normal 0.831472 0 -0.555567
    outer loop
      vertex 11.1069 -23 5.47734
      vertex 12.1243 -28 7
      vertex 11.1069 -28 5.47734
    endloop
  endfacet
  facet normal 0.195108 0 0.980782
    outer loop
      vertex 1.82736 -23 27.8802
      vertex 3.62346 -28 27.5229
      vertex 3.62346 -23 27.5229
    endloop
  endfacet
  facet normal 0.195108 0 0.980782
    outer loop
      vertex 3.62346 -28 27.5229
      vertex 1.82736 -23 27.8802
      vertex 1.82736 -28 27.8802
    endloop
  endfacet
  facet normal 0.442305 0 0.896864
    outer loop
      vertex 5.35756 -23 26.9343
      vertex 7 -28 26.1243
      vertex 7 -23 26.1243
    endloop
  endfacet
  facet normal 0.442305 0 0.896864
    outer loop
      vertex 7 -28 26.1243
      vertex 5.35756 -23 26.9343
      vertex 5.35756 -28 26.9343
    endloop
  endfacet
  facet normal 0.659331 0 0.751853
    outer loop
      vertex 8.52266 -23 25.1069
      vertex 9.89949 -28 23.8995
      vertex 9.89949 -23 23.8995
    endloop
  endfacet
  facet normal 0.659331 0 0.751853
    outer loop
      vertex 9.89949 -28 23.8995
      vertex 8.52266 -23 25.1069
      vertex 8.52266 -28 25.1069
    endloop
  endfacet
  facet normal 0.997858 0 -0.0654172
    outer loop
      vertex 14 -28 14
      vertex 13.8802 -23 12.1726
      vertex 14 -23 14
    endloop
  endfacet
  facet normal 0.997858 0 -0.0654172
    outer loop
      vertex 13.8802 -23 12.1726
      vertex 14 -28 14
      vertex 13.8802 -28 12.1726
    endloop
  endfacet
  facet normal 0.980782 0 -0.195108
    outer loop
      vertex 13.8802 -28 12.1726
      vertex 13.5229 -23 10.3765
      vertex 13.8802 -23 12.1726
    endloop
  endfacet
  facet normal 0.980782 0 -0.195108
    outer loop
      vertex 13.5229 -23 10.3765
      vertex 13.8802 -28 12.1726
      vertex 13.5229 -28 10.3765
    endloop
  endfacet
  facet normal 0.980782 -0 0.195108
    outer loop
      vertex 13.5229 -28 17.6235
      vertex 13.8802 -23 15.8274
      vertex 13.5229 -23 17.6235
    endloop
  endfacet
  facet normal 0.980782 0 0.195108
    outer loop
      vertex 13.8802 -23 15.8274
      vertex 13.5229 -28 17.6235
      vertex 13.8802 -28 15.8274
    endloop
  endfacet
  facet normal 0.751843 -0 0.659342
    outer loop
      vertex 9.89949 -28 23.8995
      vertex 11.1069 -23 22.5227
      vertex 9.89949 -23 23.8995
    endloop
  endfacet
  facet normal 0.751843 0 0.659342
    outer loop
      vertex 11.1069 -23 22.5227
      vertex 9.89949 -28 23.8995
      vertex 11.1069 -28 22.5227
    endloop
  endfacet
  facet normal 0.946938 -0 0.321416
    outer loop
      vertex 12.9343 -28 19.3576
      vertex 13.5229 -23 17.6235
      vertex 12.9343 -23 19.3576
    endloop
  endfacet
  facet normal 0.946938 0 0.321416
    outer loop
      vertex 13.5229 -23 17.6235
      vertex 12.9343 -28 19.3576
      vertex 13.5229 -28 17.6235
    endloop
  endfacet
  facet normal 0.89686 -0 0.442314
    outer loop
      vertex 12.1243 -28 21
      vertex 12.9343 -23 19.3576
      vertex 12.1243 -23 21
    endloop
  endfacet
  facet normal 0.89686 0 0.442314
    outer loop
      vertex 12.9343 -23 19.3576
      vertex 12.1243 -28 21
      vertex 12.9343 -28 19.3576
    endloop
  endfacet
  facet normal 0.896864 0 -0.442305
    outer loop
      vertex 12.9343 -28 8.64244
      vertex 12.1243 -23 7
      vertex 12.9343 -23 8.64244
    endloop
  endfacet
  facet normal 0.896864 0 -0.442305
    outer loop
      vertex 12.1243 -23 7
      vertex 12.9343 -28 8.64244
      vertex 12.1243 -28 7
    endloop
  endfacet
  facet normal 0.75185 0 -0.659334
    outer loop
      vertex 11.1069 -28 5.47734
      vertex 9.89949 -23 4.10051
      vertex 11.1069 -23 5.47734
    endloop
  endfacet
  facet normal 0.75185 0 -0.659334
    outer loop
      vertex 9.89949 -23 4.10051
      vertex 11.1069 -28 5.47734
      vertex 9.89949 -28 4.10051
    endloop
  endfacet
  facet normal 0.831479 -0 0.555557
    outer loop
      vertex 11.1069 -28 22.5227
      vertex 12.1243 -23 21
      vertex 11.1069 -23 22.5227
    endloop
  endfacet
  facet normal 0.831479 0 0.555557
    outer loop
      vertex 12.1243 -23 21
      vertex 11.1069 -28 22.5227
      vertex 12.1243 -28 21
    endloop
  endfacet
  facet normal -0.99785 0 -0.0655331
    outer loop
      vertex -79.9706 -28 11.7097
      vertex -79.9856 28 11.9381
      vertex -79.9706 28 11.7097
    endloop
  endfacet
  facet normal -0.99785 -0 -0.0655331
    outer loop
      vertex -79.9856 28 11.9381
      vertex -79.9706 -28 11.7097
      vertex -79.9856 -28 11.9381
    endloop
  endfacet
  facet normal 0.99785 0 -0.0655331
    outer loop
      vertex -83.4556 -28 11.9381
      vertex -83.4706 28 11.7097
      vertex -83.4556 28 11.9381
    endloop
  endfacet
  facet normal 0.99785 0 -0.0655331
    outer loop
      vertex -83.4706 28 11.7097
      vertex -83.4556 -28 11.9381
      vertex -83.4706 -28 11.7097
    endloop
  endfacet
  facet normal -0.0655331 0 -0.99785
    outer loop
      vertex -81.7206 -28 13.4597
      vertex -81.4922 28 13.4447
      vertex -81.4922 -28 13.4447
    endloop
  endfacet
  facet normal -0.0655331 0 -0.99785
    outer loop
      vertex -81.4922 28 13.4447
      vertex -81.7206 -28 13.4597
      vertex -81.7206 28 13.4597
    endloop
  endfacet
  facet normal 0.0654026 0 0.997859
    outer loop
      vertex -81.949 28 9.97467
      vertex -81.7206 -28 9.9597
      vertex -81.7206 28 9.9597
    endloop
  endfacet
  facet normal 0.0654026 0 0.997859
    outer loop
      vertex -81.7206 -28 9.9597
      vertex -81.949 28 9.97467
      vertex -81.949 -28 9.97467
    endloop
  endfacet
  facet normal 0.751683 -0 0.659524
    outer loop
      vertex -83.109 -28 10.6444
      vertex -82.958 28 10.4723
      vertex -83.109 28 10.6444
    endloop
  endfacet
  facet normal 0.751683 0 0.659524
    outer loop
      vertex -82.958 28 10.4723
      vertex -83.109 -28 10.6444
      vertex -82.958 -28 10.4723
    endloop
  endfacet
  facet normal -0.659524 0 -0.751683
    outer loop
      vertex -80.6553 -28 13.0981
      vertex -80.4832 28 12.9471
      vertex -80.4832 -28 12.9471
    endloop
  endfacet
  facet normal -0.659524 0 -0.751683
    outer loop
      vertex -80.4832 28 12.9471
      vertex -80.6553 -28 13.0981
      vertex -80.6553 28 13.0981
    endloop
  endfacet
  facet normal 0.659524 0 -0.751683
    outer loop
      vertex -82.958 -28 12.9471
      vertex -82.7859 28 13.0981
      vertex -82.7859 -28 13.0981
    endloop
  endfacet
  facet normal 0.659524 0 -0.751683
    outer loop
      vertex -82.7859 28 13.0981
      vertex -82.958 -28 12.9471
      vertex -82.958 28 12.9471
    endloop
  endfacet
  facet normal 0.321464 0 -0.946922
    outer loop
      vertex -82.3903 -28 13.3265
      vertex -82.1735 28 13.4001
      vertex -82.1735 -28 13.4001
    endloop
  endfacet
  facet normal 0.321464 0 -0.946922
    outer loop
      vertex -82.1735 28 13.4001
      vertex -82.3903 -28 13.3265
      vertex -82.3903 28 13.3265
    endloop
  endfacet
  facet normal -0.896947 0 -0.442138
    outer loop
      vertex -80.1038 -28 12.3794
      vertex -80.205 28 12.5847
      vertex -80.1038 28 12.3794
    endloop
  endfacet
  facet normal -0.896947 -0 -0.442138
    outer loop
      vertex -80.205 28 12.5847
      vertex -80.1038 -28 12.3794
      vertex -80.205 -28 12.5847
    endloop
  endfacet
  facet normal -0.831378 0 -0.555708
    outer loop
      vertex -80.205 -28 12.5847
      vertex -80.3322 28 12.775
      vertex -80.205 28 12.5847
    endloop
  endfacet
  facet normal -0.831378 -0 -0.555708
    outer loop
      vertex -80.3322 28 12.775
      vertex -80.205 -28 12.5847
      vertex -80.3322 -28 12.775
    endloop
  endfacet
  facet normal -0.321464 0 -0.946922
    outer loop
      vertex -81.2677 -28 13.4001
      vertex -81.0509 28 13.3265
      vertex -81.0509 -28 13.3265
    endloop
  endfacet
  facet normal -0.321464 0 -0.946922
    outer loop
      vertex -81.0509 28 13.3265
      vertex -81.2677 -28 13.4001
      vertex -81.2677 28 13.4001
    endloop
  endfacet
  facet normal -0.194856 0 -0.980832
    outer loop
      vertex -81.4922 -28 13.4447
      vertex -81.2677 28 13.4001
      vertex -81.2677 -28 13.4001
    endloop
  endfacet
  facet normal -0.194856 0 -0.980832
    outer loop
      vertex -81.2677 28 13.4001
      vertex -81.4922 -28 13.4447
      vertex -81.4922 28 13.4447
    endloop
  endfacet
  facet normal -0.44249 0 -0.896774
    outer loop
      vertex -81.0509 -28 13.3265
      vertex -80.8456 28 13.2252
      vertex -80.8456 -28 13.2252
    endloop
  endfacet
  facet normal -0.44249 0 -0.896774
    outer loop
      vertex -80.8456 28 13.2252
      vertex -81.0509 -28 13.3265
      vertex -81.0509 28 13.3265
    endloop
  endfacet
  facet normal 0.896774 0 -0.44249
    outer loop
      vertex -83.2361 -28 12.5847
      vertex -83.3374 28 12.3794
      vertex -83.2361 28 12.5847
    endloop
  endfacet
  facet normal 0.896774 0 -0.44249
    outer loop
      vertex -83.3374 28 12.3794
      vertex -83.2361 -28 12.5847
      vertex -83.3374 -28 12.3794
    endloop
  endfacet
  facet normal 0.946922 0 -0.321464
    outer loop
      vertex -83.3374 -28 12.3794
      vertex -83.411 28 12.1626
      vertex -83.3374 28 12.3794
    endloop
  endfacet
  facet normal 0.946922 0 -0.321464
    outer loop
      vertex -83.411 28 12.1626
      vertex -83.3374 -28 12.3794
      vertex -83.411 -28 12.1626
    endloop
  endfacet
  facet normal 0.194856 0 -0.980832
    outer loop
      vertex -82.1735 -28 13.4001
      vertex -81.949 28 13.4447
      vertex -81.949 -28 13.4447
    endloop
  endfacet
  facet normal 0.194856 0 -0.980832
    outer loop
      vertex -81.949 28 13.4447
      vertex -82.1735 -28 13.4001
      vertex -82.1735 28 13.4001
    endloop
  endfacet
  facet normal -0.946922 0 0.321464
    outer loop
      vertex -80.1038 -28 11.04
      vertex -80.0302 28 11.2568
      vertex -80.1038 28 11.04
    endloop
  endfacet
  facet normal -0.946922 0 0.321464
    outer loop
      vertex -80.0302 28 11.2568
      vertex -80.1038 -28 11.04
      vertex -80.0302 -28 11.2568
    endloop
  endfacet
  facet normal -0.555406 0 0.831579
    outer loop
      vertex -80.8456 28 10.1942
      vertex -80.6553 -28 10.3213
      vertex -80.6553 28 10.3213
    endloop
  endfacet
  facet normal -0.555406 0 0.831579
    outer loop
      vertex -80.6553 -28 10.3213
      vertex -80.8456 28 10.1942
      vertex -80.8456 -28 10.1942
    endloop
  endfacet
  facet normal 0.321464 0 0.946922
    outer loop
      vertex -82.3903 28 10.0929
      vertex -82.1735 -28 10.0193
      vertex -82.1735 28 10.0193
    endloop
  endfacet
  facet normal 0.321464 0 0.946922
    outer loop
      vertex -82.1735 -28 10.0193
      vertex -82.3903 28 10.0929
      vertex -82.3903 -28 10.0929
    endloop
  endfacet
  facet normal 0.896774 -0 0.44249
    outer loop
      vertex -83.3374 -28 11.04
      vertex -83.2361 28 10.8347
      vertex -83.3374 28 11.04
    endloop
  endfacet
  facet normal 0.896774 0 0.44249
    outer loop
      vertex -83.2361 28 10.8347
      vertex -83.3374 -28 11.04
      vertex -83.2361 -28 10.8347
    endloop
  endfacet
  facet normal -0.946922 0 -0.321464
    outer loop
      vertex -80.0302 -28 12.1626
      vertex -80.1038 28 12.3794
      vertex -80.0302 28 12.1626
    endloop
  endfacet
  facet normal -0.946922 -0 -0.321464
    outer loop
      vertex -80.1038 28 12.3794
      vertex -80.0302 -28 12.1626
      vertex -80.1038 -28 12.3794
    endloop
  endfacet
  facet normal -0.980832 0 -0.194856
    outer loop
      vertex -79.9856 -28 11.9381
      vertex -80.0302 28 12.1626
      vertex -79.9856 28 11.9381
    endloop
  endfacet
  facet normal -0.980832 -0 -0.194856
    outer loop
      vertex -80.0302 28 12.1626
      vertex -79.9856 -28 11.9381
      vertex -80.0302 -28 12.1626
    endloop
  endfacet
  facet normal -0.751683 0 -0.659524
    outer loop
      vertex -80.3322 -28 12.775
      vertex -80.4832 28 12.9471
      vertex -80.3322 28 12.775
    endloop
  endfacet
  facet normal -0.751683 -0 -0.659524
    outer loop
      vertex -80.4832 28 12.9471
      vertex -80.3322 -28 12.775
      vertex -80.4832 -28 12.9471
    endloop
  endfacet
  facet normal -0.555406 0 -0.831579
    outer loop
      vertex -80.8456 -28 13.2252
      vertex -80.6553 28 13.0981
      vertex -80.6553 -28 13.0981
    endloop
  endfacet
  facet normal -0.555406 0 -0.831579
    outer loop
      vertex -80.6553 28 13.0981
      vertex -80.8456 -28 13.2252
      vertex -80.8456 28 13.2252
    endloop
  endfacet
  facet normal 0.831579 0 -0.555406
    outer loop
      vertex -83.109 -28 12.775
      vertex -83.2361 28 12.5847
      vertex -83.109 28 12.775
    endloop
  endfacet
  facet normal 0.831579 0 -0.555406
    outer loop
      vertex -83.2361 28 12.5847
      vertex -83.109 -28 12.775
      vertex -83.2361 -28 12.5847
    endloop
  endfacet
  facet normal 0.751683 0 -0.659524
    outer loop
      vertex -82.958 -28 12.9471
      vertex -83.109 28 12.775
      vertex -82.958 28 12.9471
    endloop
  endfacet
  facet normal 0.751683 0 -0.659524
    outer loop
      vertex -83.109 28 12.775
      vertex -82.958 -28 12.9471
      vertex -83.109 -28 12.775
    endloop
  endfacet
  facet normal 0.980832 0 -0.194856
    outer loop
      vertex -83.411 -28 12.1626
      vertex -83.4556 28 11.9381
      vertex -83.411 28 12.1626
    endloop
  endfacet
  facet normal 0.980832 0 -0.194856
    outer loop
      vertex -83.4556 28 11.9381
      vertex -83.411 -28 12.1626
      vertex -83.4556 -28 11.9381
    endloop
  endfacet
  facet normal 0.44249 0 -0.896774
    outer loop
      vertex -82.5956 -28 13.2252
      vertex -82.3903 28 13.3265
      vertex -82.3903 -28 13.3265
    endloop
  endfacet
  facet normal 0.44249 0 -0.896774
    outer loop
      vertex -82.3903 28 13.3265
      vertex -82.5956 -28 13.2252
      vertex -82.5956 28 13.2252
    endloop
  endfacet
  facet normal 0.555406 0 -0.831579
    outer loop
      vertex -82.7859 -28 13.0981
      vertex -82.5956 28 13.2252
      vertex -82.5956 -28 13.2252
    endloop
  endfacet
  facet normal 0.555406 0 -0.831579
    outer loop
      vertex -82.5956 28 13.2252
      vertex -82.7859 -28 13.0981
      vertex -82.7859 28 13.0981
    endloop
  endfacet
  facet normal 0.0655331 0 -0.99785
    outer loop
      vertex -81.949 -28 13.4447
      vertex -81.7206 28 13.4597
      vertex -81.7206 -28 13.4597
    endloop
  endfacet
  facet normal 0.0655331 0 -0.99785
    outer loop
      vertex -81.7206 28 13.4597
      vertex -81.949 -28 13.4447
      vertex -81.949 28 13.4447
    endloop
  endfacet
  facet normal -0.0654026 0 0.997859
    outer loop
      vertex -81.7206 28 9.9597
      vertex -81.4922 -28 9.97467
      vertex -81.4922 28 9.97467
    endloop
  endfacet
  facet normal -0.0654026 0 0.997859
    outer loop
      vertex -81.4922 -28 9.97467
      vertex -81.7206 28 9.9597
      vertex -81.7206 -28 9.9597
    endloop
  endfacet
  facet normal -0.321464 0 0.946922
    outer loop
      vertex -81.2677 28 10.0193
      vertex -81.0509 -28 10.0929
      vertex -81.0509 28 10.0929
    endloop
  endfacet
  facet normal -0.321464 0 0.946922
    outer loop
      vertex -81.0509 -28 10.0929
      vertex -81.2677 28 10.0193
      vertex -81.2677 -28 10.0193
    endloop
  endfacet
  facet normal -0.659524 0 0.751683
    outer loop
      vertex -80.6553 28 10.3213
      vertex -80.4832 -28 10.4723
      vertex -80.4832 28 10.4723
    endloop
  endfacet
  facet normal -0.659524 0 0.751683
    outer loop
      vertex -80.4832 -28 10.4723
      vertex -80.6553 28 10.3213
      vertex -80.6553 -28 10.3213
    endloop
  endfacet
  facet normal -0.831378 0 0.555708
    outer loop
      vertex -80.3322 -28 10.6444
      vertex -80.205 28 10.8347
      vertex -80.3322 28 10.6444
    endloop
  endfacet
  facet normal -0.831378 0 0.555708
    outer loop
      vertex -80.205 28 10.8347
      vertex -80.3322 -28 10.6444
      vertex -80.205 -28 10.8347
    endloop
  endfacet
  facet normal 0.659524 0 0.751683
    outer loop
      vertex -82.958 28 10.4723
      vertex -82.7859 -28 10.3213
      vertex -82.7859 28 10.3213
    endloop
  endfacet
  facet normal 0.659524 0 0.751683
    outer loop
      vertex -82.7859 -28 10.3213
      vertex -82.958 28 10.4723
      vertex -82.958 -28 10.4723
    endloop
  endfacet
  facet normal 0.44249 0 0.896774
    outer loop
      vertex -82.5956 28 10.1942
      vertex -82.3903 -28 10.0929
      vertex -82.3903 28 10.0929
    endloop
  endfacet
  facet normal 0.44249 0 0.896774
    outer loop
      vertex -82.3903 -28 10.0929
      vertex -82.5956 28 10.1942
      vertex -82.5956 -28 10.1942
    endloop
  endfacet
  facet normal 0.194982 0 0.980807
    outer loop
      vertex -82.1735 28 10.0193
      vertex -81.949 -28 9.97467
      vertex -81.949 28 9.97467
    endloop
  endfacet
  facet normal 0.194982 0 0.980807
    outer loop
      vertex -81.949 -28 9.97467
      vertex -82.1735 28 10.0193
      vertex -82.1735 -28 10.0193
    endloop
  endfacet
  facet normal 0.831579 -0 0.555406
    outer loop
      vertex -83.2361 -28 10.8347
      vertex -83.109 28 10.6444
      vertex -83.2361 28 10.8347
    endloop
  endfacet
  facet normal 0.831579 0 0.555406
    outer loop
      vertex -83.109 28 10.6444
      vertex -83.2361 -28 10.8347
      vertex -83.109 -28 10.6444
    endloop
  endfacet
  facet normal 0.946922 -0 0.321464
    outer loop
      vertex -83.411 -28 11.2568
      vertex -83.3374 28 11.04
      vertex -83.411 28 11.2568
    endloop
  endfacet
  facet normal 0.946922 0 0.321464
    outer loop
      vertex -83.3374 28 11.04
      vertex -83.411 -28 11.2568
      vertex -83.3374 -28 11.04
    endloop
  endfacet
  facet normal 0.99785 -0 0.0655331
    outer loop
      vertex -83.4706 -28 11.7097
      vertex -83.4556 28 11.4813
      vertex -83.4706 28 11.7097
    endloop
  endfacet
  facet normal 0.99785 0 0.0655331
    outer loop
      vertex -83.4556 28 11.4813
      vertex -83.4706 -28 11.7097
      vertex -83.4556 -28 11.4813
    endloop
  endfacet
  facet normal -0.194982 0 0.980807
    outer loop
      vertex -81.4922 28 9.97467
      vertex -81.2677 -28 10.0193
      vertex -81.2677 28 10.0193
    endloop
  endfacet
  facet normal -0.194982 0 0.980807
    outer loop
      vertex -81.2677 -28 10.0193
      vertex -81.4922 28 9.97467
      vertex -81.4922 -28 9.97467
    endloop
  endfacet
  facet normal -0.44249 0 0.896774
    outer loop
      vertex -81.0509 28 10.0929
      vertex -80.8456 -28 10.1942
      vertex -80.8456 28 10.1942
    endloop
  endfacet
  facet normal -0.44249 0 0.896774
    outer loop
      vertex -80.8456 -28 10.1942
      vertex -81.0509 28 10.0929
      vertex -81.0509 -28 10.0929
    endloop
  endfacet
  facet normal -0.751683 0 0.659524
    outer loop
      vertex -80.4832 -28 10.4723
      vertex -80.3322 28 10.6444
      vertex -80.4832 28 10.4723
    endloop
  endfacet
  facet normal -0.751683 0 0.659524
    outer loop
      vertex -80.3322 28 10.6444
      vertex -80.4832 -28 10.4723
      vertex -80.3322 -28 10.6444
    endloop
  endfacet
  facet normal -0.980832 0 0.194856
    outer loop
      vertex -80.0302 -28 11.2568
      vertex -79.9856 28 11.4813
      vertex -80.0302 28 11.2568
    endloop
  endfacet
  facet normal -0.980832 0 0.194856
    outer loop
      vertex -79.9856 28 11.4813
      vertex -80.0302 -28 11.2568
      vertex -79.9856 -28 11.4813
    endloop
  endfacet
  facet normal -0.896947 0 0.442138
    outer loop
      vertex -80.205 -28 10.8347
      vertex -80.1038 28 11.04
      vertex -80.205 28 10.8347
    endloop
  endfacet
  facet normal -0.896947 0 0.442138
    outer loop
      vertex -80.1038 28 11.04
      vertex -80.205 -28 10.8347
      vertex -80.1038 -28 11.04
    endloop
  endfacet
  facet normal 0.555406 0 0.831579
    outer loop
      vertex -82.7859 28 10.3213
      vertex -82.5956 -28 10.1942
      vertex -82.5956 28 10.1942
    endloop
  endfacet
  facet normal 0.555406 0 0.831579
    outer loop
      vertex -82.5956 -28 10.1942
      vertex -82.7859 28 10.3213
      vertex -82.7859 -28 10.3213
    endloop
  endfacet
  facet normal 0.980832 -0 0.194856
    outer loop
      vertex -83.4556 -28 11.4813
      vertex -83.411 28 11.2568
      vertex -83.4556 28 11.4813
    endloop
  endfacet
  facet normal 0.980832 0 0.194856
    outer loop
      vertex -83.411 28 11.2568
      vertex -83.4556 -28 11.4813
      vertex -83.411 -28 11.2568
    endloop
  endfacet
  facet normal -0.99785 0 0.0655331
    outer loop
      vertex -79.9856 -28 11.4813
      vertex -79.9706 28 11.7097
      vertex -79.9856 28 11.4813
    endloop
  endfacet
  facet normal -0.99785 0 0.0655331
    outer loop
      vertex -79.9706 28 11.7097
      vertex -79.9856 -28 11.4813
      vertex -79.9706 -28 11.7097
    endloop
  endfacet
  facet normal 0.997858 0 -0.0654247
    outer loop
      vertex 4.91369 23 14.2088
      vertex 4.9 28 14
      vertex 4.91369 28 14.2088
    endloop
  endfacet
  facet normal 0.997858 0 -0.0654247
    outer loop
      vertex 4.9 28 14
      vertex 4.91369 23 14.2088
      vertex 4.9 23 14
    endloop
  endfacet
  facet normal -0.997858 0 0.0654247
    outer loop
      vertex 9.08631 23 13.7912
      vertex 9.1 28 14
      vertex 9.08631 28 13.7912
    endloop
  endfacet
  facet normal -0.997858 0 0.0654247
    outer loop
      vertex 9.1 28 14
      vertex 9.08631 23 13.7912
      vertex 9.1 23 14
    endloop
  endfacet
  facet normal -0.44241 0 0.896813
    outer loop
      vertex 8.11229 28 12.5218
      vertex 8.3 23 12.6144
      vertex 8.3 28 12.6144
    endloop
  endfacet
  facet normal -0.44241 0 0.896813
    outer loop
      vertex 8.3 23 12.6144
      vertex 8.11229 28 12.5218
      vertex 8.11229 23 12.5218
    endloop
  endfacet
  facet normal -0.980791 0 0.195059
    outer loop
      vertex 9.04548 23 13.5859
      vertex 9.08631 28 13.7912
      vertex 9.04548 28 13.5859
    endloop
  endfacet
  facet normal -0.980791 0 0.195059
    outer loop
      vertex 9.08631 28 13.7912
      vertex 9.04548 23 13.5859
      vertex 9.08631 23 13.7912
    endloop
  endfacet
  facet normal -0.946944 0 -0.321397
    outer loop
      vertex 9.04548 23 14.4141
      vertex 8.97821 28 14.6123
      vertex 9.04548 28 14.4141
    endloop
  endfacet
  facet normal -0.946944 -0 -0.321397
    outer loop
      vertex 8.97821 28 14.6123
      vertex 9.04548 23 14.4141
      vertex 8.97821 23 14.6123
    endloop
  endfacet
  facet normal 0.980791 -0 0.195059
    outer loop
      vertex 4.91369 23 13.7912
      vertex 4.95452 28 13.5859
      vertex 4.91369 28 13.7912
    endloop
  endfacet
  facet normal 0.980791 0 0.195059
    outer loop
      vertex 4.95452 28 13.5859
      vertex 4.91369 23 13.7912
      vertex 4.95452 23 13.5859
    endloop
  endfacet
  facet normal 0.0654598 0 0.997855
    outer loop
      vertex 6.29116 28 12.4137
      vertex 6.5 23 12.4
      vertex 6.5 28 12.4
    endloop
  endfacet
  facet normal 0.0654598 0 0.997855
    outer loop
      vertex 6.5 23 12.4
      vertex 6.29116 28 12.4137
      vertex 6.29116 23 12.4137
    endloop
  endfacet
  facet normal -0.831454 0 0.555593
    outer loop
      vertex 8.76937 23 13.026
      vertex 8.88564 28 13.2
      vertex 8.76937 28 13.026
    endloop
  endfacet
  facet normal -0.831454 0 0.555593
    outer loop
      vertex 8.88564 28 13.2
      vertex 8.76937 23 13.026
      vertex 8.88564 23 13.2
    endloop
  endfacet
  facet normal 0.751925 0 -0.659248
    outer loop
      vertex 5.36863 23 15.1314
      vertex 5.23063 28 14.974
      vertex 5.36863 28 15.1314
    endloop
  endfacet
  facet normal 0.751925 0 -0.659248
    outer loop
      vertex 5.23063 28 14.974
      vertex 5.36863 23 15.1314
      vertex 5.23063 23 14.974
    endloop
  endfacet
  facet normal 0.0654598 0 -0.997855
    outer loop
      vertex 6.29116 23 15.5863
      vertex 6.5 28 15.6
      vertex 6.5 23 15.6
    endloop
  endfacet
  facet normal 0.0654598 0 -0.997855
    outer loop
      vertex 6.5 28 15.6
      vertex 6.29116 23 15.5863
      vertex 6.29116 28 15.5863
    endloop
  endfacet
  facet normal -0.751925 0 -0.659248
    outer loop
      vertex 8.76937 23 14.974
      vertex 8.63137 28 15.1314
      vertex 8.76937 28 14.974
    endloop
  endfacet
  facet normal -0.751925 -0 -0.659248
    outer loop
      vertex 8.63137 28 15.1314
      vertex 8.76937 23 14.974
      vertex 8.63137 23 15.1314
    endloop
  endfacet
  facet normal -0.44241 0 -0.896813
    outer loop
      vertex 8.11229 23 15.4782
      vertex 8.3 28 15.3856
      vertex 8.3 23 15.3856
    endloop
  endfacet
  facet normal -0.44241 0 -0.896813
    outer loop
      vertex 8.3 28 15.3856
      vertex 8.11229 23 15.4782
      vertex 8.11229 28 15.4782
    endloop
  endfacet
  facet normal -0.980791 0 -0.195059
    outer loop
      vertex 9.08631 23 14.2088
      vertex 9.04548 28 14.4141
      vertex 9.08631 28 14.2088
    endloop
  endfacet
  facet normal -0.980791 -0 -0.195059
    outer loop
      vertex 9.04548 28 14.4141
      vertex 9.08631 23 14.2088
      vertex 9.04548 23 14.4141
    endloop
  endfacet
  facet normal 0.997858 -0 0.0654247
    outer loop
      vertex 4.9 23 14
      vertex 4.91369 28 13.7912
      vertex 4.9 28 14
    endloop
  endfacet
  facet normal 0.997858 0 0.0654247
    outer loop
      vertex 4.91369 28 13.7912
      vertex 4.9 23 14
      vertex 4.91369 23 13.7912
    endloop
  endfacet
  facet normal 0.946944 -0 0.321397
    outer loop
      vertex 4.95452 23 13.5859
      vertex 5.02179 28 13.3877
      vertex 4.95452 28 13.5859
    endloop
  endfacet
  facet normal 0.946944 0 0.321397
    outer loop
      vertex 5.02179 28 13.3877
      vertex 4.95452 23 13.5859
      vertex 5.02179 23 13.3877
    endloop
  endfacet
  facet normal 0.831454 -0 0.555593
    outer loop
      vertex 5.11436 23 13.2
      vertex 5.23063 28 13.026
      vertex 5.11436 28 13.2
    endloop
  endfacet
  facet normal 0.831454 0 0.555593
    outer loop
      vertex 5.23063 28 13.026
      vertex 5.11436 23 13.2
      vertex 5.23063 23 13.026
    endloop
  endfacet
  facet normal 0.44241 0 0.896813
    outer loop
      vertex 5.7 28 12.6144
      vertex 5.88771 23 12.5218
      vertex 5.88771 28 12.5218
    endloop
  endfacet
  facet normal 0.44241 0 0.896813
    outer loop
      vertex 5.88771 23 12.5218
      vertex 5.7 28 12.6144
      vertex 5.7 23 12.6144
    endloop
  endfacet
  facet normal 0.194949 0 0.980813
    outer loop
      vertex 6.08589 28 12.4545
      vertex 6.29116 23 12.4137
      vertex 6.29116 28 12.4137
    endloop
  endfacet
  facet normal 0.194949 0 0.980813
    outer loop
      vertex 6.29116 23 12.4137
      vertex 6.08589 28 12.4545
      vertex 6.08589 23 12.4545
    endloop
  endfacet
  facet normal -0.659367 0 0.751821
    outer loop
      vertex 8.47402 28 12.7306
      vertex 8.63137 23 12.8686
      vertex 8.63137 28 12.8686
    endloop
  endfacet
  facet normal -0.659367 0 0.751821
    outer loop
      vertex 8.63137 23 12.8686
      vertex 8.47402 28 12.7306
      vertex 8.47402 23 12.7306
    endloop
  endfacet
  facet normal -0.751925 0 0.659248
    outer loop
      vertex 8.63137 23 12.8686
      vertex 8.76937 28 13.026
      vertex 8.63137 28 12.8686
    endloop
  endfacet
  facet normal -0.751925 0 0.659248
    outer loop
      vertex 8.76937 28 13.026
      vertex 8.63137 23 12.8686
      vertex 8.76937 23 13.026
    endloop
  endfacet
  facet normal 0 0 -1
    outer loop
      vertex 6.5 23 15.6
      vertex 7.5 28 15.6
      vertex 7.5 23 15.6
    endloop
  endfacet
  facet normal -0 0 -1
    outer loop
      vertex 7.5 28 15.6
      vertex 6.5 23 15.6
      vertex 6.5 28 15.6
    endloop
  endfacet
  facet normal -0.0654598 0 -0.997855
    outer loop
      vertex 7.5 23 15.6
      vertex 7.70884 28 15.5863
      vertex 7.70884 23 15.5863
    endloop
  endfacet
  facet normal -0.0654598 0 -0.997855
    outer loop
      vertex 7.70884 28 15.5863
      vertex 7.5 23 15.6
      vertex 7.5 28 15.6
    endloop
  endfacet
  facet normal -0.997858 0 -0.0654247
    outer loop
      vertex 9.1 23 14
      vertex 9.08631 28 14.2088
      vertex 9.1 28 14
    endloop
  endfacet
  facet normal -0.997858 -0 -0.0654247
    outer loop
      vertex 9.08631 28 14.2088
      vertex 9.1 23 14
      vertex 9.08631 23 14.2088
    endloop
  endfacet
  facet normal 0.89686 -0 0.442314
    outer loop
      vertex 5.02179 23 13.3877
      vertex 5.11436 28 13.2
      vertex 5.02179 28 13.3877
    endloop
  endfacet
  facet normal 0.89686 0 0.442314
    outer loop
      vertex 5.11436 28 13.2
      vertex 5.02179 23 13.3877
      vertex 5.11436 23 13.2
    endloop
  endfacet
  facet normal 0.751925 -0 0.659248
    outer loop
      vertex 5.23063 23 13.026
      vertex 5.36863 28 12.8686
      vertex 5.23063 28 13.026
    endloop
  endfacet
  facet normal 0.751925 0 0.659248
    outer loop
      vertex 5.36863 28 12.8686
      vertex 5.23063 23 13.026
      vertex 5.36863 23 12.8686
    endloop
  endfacet
  facet normal 0.555318 0 0.831638
    outer loop
      vertex 5.52598 28 12.7306
      vertex 5.7 23 12.6144
      vertex 5.7 28 12.6144
    endloop
  endfacet
  facet normal 0.555318 0 0.831638
    outer loop
      vertex 5.7 23 12.6144
      vertex 5.52598 28 12.7306
      vertex 5.52598 23 12.7306
    endloop
  endfacet
  facet normal 0.659367 0 0.751821
    outer loop
      vertex 5.36863 28 12.8686
      vertex 5.52598 23 12.7306
      vertex 5.52598 28 12.7306
    endloop
  endfacet
  facet normal 0.659367 0 0.751821
    outer loop
      vertex 5.52598 23 12.7306
      vertex 5.36863 28 12.8686
      vertex 5.36863 23 12.8686
    endloop
  endfacet
  facet normal -0.194949 0 0.980813
    outer loop
      vertex 7.70884 28 12.4137
      vertex 7.91411 23 12.4545
      vertex 7.91411 28 12.4545
    endloop
  endfacet
  facet normal -0.194949 0 0.980813
    outer loop
      vertex 7.91411 23 12.4545
      vertex 7.70884 28 12.4137
      vertex 7.70884 23 12.4137
    endloop
  endfacet
  facet normal -0 0 1
    outer loop
      vertex 6.5 28 12.4
      vertex 7.5 23 12.4
      vertex 7.5 28 12.4
    endloop
  endfacet
  facet normal 0 0 1
    outer loop
      vertex 7.5 23 12.4
      vertex 6.5 28 12.4
      vertex 6.5 23 12.4
    endloop
  endfacet
  facet normal 0.321555 0 0.946891
    outer loop
      vertex 5.88771 28 12.5218
      vertex 6.08589 23 12.4545
      vertex 6.08589 28 12.4545
    endloop
  endfacet
  facet normal 0.321555 0 0.946891
    outer loop
      vertex 6.08589 23 12.4545
      vertex 5.88771 28 12.5218
      vertex 5.88771 23 12.5218
    endloop
  endfacet
  facet normal -0.946944 0 0.321397
    outer loop
      vertex 8.97821 23 13.3877
      vertex 9.04548 28 13.5859
      vertex 8.97821 28 13.3877
    endloop
  endfacet
  facet normal -0.946944 0 0.321397
    outer loop
      vertex 9.04548 28 13.5859
      vertex 8.97821 23 13.3877
      vertex 9.04548 23 13.5859
    endloop
  endfacet
  facet normal -0.89686 0 0.442314
    outer loop
      vertex 8.88564 23 13.2
      vertex 8.97821 28 13.3877
      vertex 8.88564 28 13.2
    endloop
  endfacet
  facet normal -0.89686 0 0.442314
    outer loop
      vertex 8.97821 28 13.3877
      vertex 8.88564 23 13.2
      vertex 8.97821 23 13.3877
    endloop
  endfacet
  facet normal -0.555318 0 0.831638
    outer loop
      vertex 8.3 28 12.6144
      vertex 8.47402 23 12.7306
      vertex 8.47402 28 12.7306
    endloop
  endfacet
  facet normal -0.555318 0 0.831638
    outer loop
      vertex 8.47402 23 12.7306
      vertex 8.3 28 12.6144
      vertex 8.3 23 12.6144
    endloop
  endfacet
  facet normal 0.555318 0 -0.831638
    outer loop
      vertex 5.52598 23 15.2694
      vertex 5.7 28 15.3856
      vertex 5.7 23 15.3856
    endloop
  endfacet
  facet normal 0.555318 0 -0.831638
    outer loop
      vertex 5.7 28 15.3856
      vertex 5.52598 23 15.2694
      vertex 5.52598 28 15.2694
    endloop
  endfacet
  facet normal 0.89686 0 -0.442314
    outer loop
      vertex 5.11436 23 14.8
      vertex 5.02179 28 14.6123
      vertex 5.11436 28 14.8
    endloop
  endfacet
  facet normal 0.89686 0 -0.442314
    outer loop
      vertex 5.02179 28 14.6123
      vertex 5.11436 23 14.8
      vertex 5.02179 23 14.6123
    endloop
  endfacet
  facet normal 0.194949 0 -0.980813
    outer loop
      vertex 6.08589 23 15.5455
      vertex 6.29116 28 15.5863
      vertex 6.29116 23 15.5863
    endloop
  endfacet
  facet normal 0.194949 0 -0.980813
    outer loop
      vertex 6.29116 28 15.5863
      vertex 6.08589 23 15.5455
      vertex 6.08589 28 15.5455
    endloop
  endfacet
  facet normal -0.831454 0 -0.555593
    outer loop
      vertex 8.88564 23 14.8
      vertex 8.76937 28 14.974
      vertex 8.88564 28 14.8
    endloop
  endfacet
  facet normal -0.831454 -0 -0.555593
    outer loop
      vertex 8.76937 28 14.974
      vertex 8.88564 23 14.8
      vertex 8.76937 23 14.974
    endloop
  endfacet
  facet normal -0.89686 0 -0.442314
    outer loop
      vertex 8.97821 23 14.6123
      vertex 8.88564 28 14.8
      vertex 8.97821 28 14.6123
    endloop
  endfacet
  facet normal -0.89686 -0 -0.442314
    outer loop
      vertex 8.88564 28 14.8
      vertex 8.97821 23 14.6123
      vertex 8.88564 23 14.8
    endloop
  endfacet
  facet normal -0.555318 0 -0.831638
    outer loop
      vertex 8.3 23 15.3856
      vertex 8.47402 28 15.2694
      vertex 8.47402 23 15.2694
    endloop
  endfacet
  facet normal -0.555318 0 -0.831638
    outer loop
      vertex 8.47402 28 15.2694
      vertex 8.3 23 15.3856
      vertex 8.3 28 15.3856
    endloop
  endfacet
  facet normal -0.0654598 0 0.997855
    outer loop
      vertex 7.5 28 12.4
      vertex 7.70884 23 12.4137
      vertex 7.70884 28 12.4137
    endloop
  endfacet
  facet normal -0.0654598 0 0.997855
    outer loop
      vertex 7.70884 23 12.4137
      vertex 7.5 28 12.4
      vertex 7.5 23 12.4
    endloop
  endfacet
  facet normal 0.659367 0 -0.751821
    outer loop
      vertex 5.36863 23 15.1314
      vertex 5.52598 28 15.2694
      vertex 5.52598 23 15.2694
    endloop
  endfacet
  facet normal 0.659367 0 -0.751821
    outer loop
      vertex 5.52598 28 15.2694
      vertex 5.36863 23 15.1314
      vertex 5.36863 28 15.1314
    endloop
  endfacet
  facet normal 0.44241 0 -0.896813
    outer loop
      vertex 5.7 23 15.3856
      vertex 5.88771 28 15.4782
      vertex 5.88771 23 15.4782
    endloop
  endfacet
  facet normal 0.44241 0 -0.896813
    outer loop
      vertex 5.88771 28 15.4782
      vertex 5.7 23 15.3856
      vertex 5.7 28 15.3856
    endloop
  endfacet
  facet normal 0.980791 0 -0.195059
    outer loop
      vertex 4.95452 23 14.4141
      vertex 4.91369 28 14.2088
      vertex 4.95452 28 14.4141
    endloop
  endfacet
  facet normal 0.980791 0 -0.195059
    outer loop
      vertex 4.91369 28 14.2088
      vertex 4.95452 23 14.4141
      vertex 4.91369 23 14.2088
    endloop
  endfacet
  facet normal 0.831454 0 -0.555593
    outer loop
      vertex 5.23063 23 14.974
      vertex 5.11436 28 14.8
      vertex 5.23063 28 14.974
    endloop
  endfacet
  facet normal 0.831454 0 -0.555593
    outer loop
      vertex 5.11436 28 14.8
      vertex 5.23063 23 14.974
      vertex 5.11436 23 14.8
    endloop
  endfacet
  facet normal 0.321555 0 -0.946891
    outer loop
      vertex 5.88771 23 15.4782
      vertex 6.08589 28 15.5455
      vertex 6.08589 23 15.5455
    endloop
  endfacet
  facet normal 0.321555 0 -0.946891
    outer loop
      vertex 6.08589 28 15.5455
      vertex 5.88771 23 15.4782
      vertex 5.88771 28 15.4782
    endloop
  endfacet
  facet normal -0.659367 0 -0.751821
    outer loop
      vertex 8.47402 23 15.2694
      vertex 8.63137 28 15.1314
      vertex 8.63137 23 15.1314
    endloop
  endfacet
  facet normal -0.659367 0 -0.751821
    outer loop
      vertex 8.63137 28 15.1314
      vertex 8.47402 23 15.2694
      vertex 8.47402 28 15.2694
    endloop
  endfacet
  facet normal -0.194949 0 -0.980813
    outer loop
      vertex 7.70884 23 15.5863
      vertex 7.91411 28 15.5455
      vertex 7.91411 23 15.5455
    endloop
  endfacet
  facet normal -0.194949 0 -0.980813
    outer loop
      vertex 7.91411 28 15.5455
      vertex 7.70884 23 15.5863
      vertex 7.70884 28 15.5863
    endloop
  endfacet
  facet normal -0.321555 0 -0.946891
    outer loop
      vertex 7.91411 23 15.5455
      vertex 8.11229 28 15.4782
      vertex 8.11229 23 15.4782
    endloop
  endfacet
  facet normal -0.321555 0 -0.946891
    outer loop
      vertex 8.11229 28 15.4782
      vertex 7.91411 23 15.5455
      vertex 7.91411 28 15.5455
    endloop
  endfacet
  facet normal -0.321555 0 0.946891
    outer loop
      vertex 7.91411 28 12.4545
      vertex 8.11229 23 12.5218
      vertex 8.11229 28 12.5218
    endloop
  endfacet
  facet normal -0.321555 0 0.946891
    outer loop
      vertex 8.11229 23 12.5218
      vertex 7.91411 28 12.4545
      vertex 7.91411 23 12.4545
    endloop
  endfacet
  facet normal 0.946944 0 -0.321397
    outer loop
      vertex 5.02179 23 14.6123
      vertex 4.95452 28 14.4141
      vertex 5.02179 28 14.6123
    endloop
  endfacet
  facet normal 0.946944 0 -0.321397
    outer loop
      vertex 4.95452 28 14.4141
      vertex 5.02179 23 14.6123
      vertex 4.95452 23 14.4141
    endloop
  endfacet
  facet normal 0.0654594 0 0.997855
    outer loop
      vertex -0.208841 28 18.9137
      vertex 0 23 18.9
      vertex 0 28 18.9
    endloop
  endfacet
  facet normal 0.0654594 0 0.997855
    outer loop
      vertex 0 23 18.9
      vertex -0.208841 28 18.9137
      vertex -0.208841 23 18.9137
    endloop
  endfacet
  facet normal -0.19495 0 -0.980813
    outer loop
      vertex 0.208841 23 23.0863
      vertex 0.41411 28 23.0455
      vertex 0.41411 23 23.0455
    endloop
  endfacet
  facet normal -0.19495 0 -0.980813
    outer loop
      vertex 0.41411 28 23.0455
      vertex 0.208841 23 23.0863
      vertex 0.208841 28 23.0863
    endloop
  endfacet
  facet normal 0.321551 0 -0.946892
    outer loop
      vertex -0.612293 23 22.9782
      vertex -0.41411 28 23.0455
      vertex -0.41411 23 23.0455
    endloop
  endfacet
  facet normal 0.321551 0 -0.946892
    outer loop
      vertex -0.41411 28 23.0455
      vertex -0.612293 23 22.9782
      vertex -0.612293 28 22.9782
    endloop
  endfacet
  facet normal -0.19495 0 0.980813
    outer loop
      vertex 0.208841 28 18.9137
      vertex 0.41411 23 18.9545
      vertex 0.41411 28 18.9545
    endloop
  endfacet
  facet normal -0.19495 0 0.980813
    outer loop
      vertex 0.41411 23 18.9545
      vertex 0.208841 28 18.9137
      vertex 0.208841 23 18.9137
    endloop
  endfacet
  facet normal -0.997858 0 0.0654247
    outer loop
      vertex 1.58631 23 20.2912
      vertex 1.6 28 20.5
      vertex 1.58631 28 20.2912
    endloop
  endfacet
  facet normal -0.997858 0 0.0654247
    outer loop
      vertex 1.6 28 20.5
      vertex 1.58631 23 20.2912
      vertex 1.6 23 20.5
    endloop
  endfacet
  facet normal -0.55532 0 -0.831637
    outer loop
      vertex 0.799999 23 22.8856
      vertex 0.974018 28 22.7694
      vertex 0.974018 23 22.7694
    endloop
  endfacet
  facet normal -0.55532 0 -0.831637
    outer loop
      vertex 0.974018 28 22.7694
      vertex 0.799999 23 22.8856
      vertex 0.799999 28 22.8856
    endloop
  endfacet
  facet normal 0.659362 0 -0.751826
    outer loop
      vertex -1.13137 23 22.6314
      vertex -0.974018 28 22.7694
      vertex -0.974018 23 22.7694
    endloop
  endfacet
  facet normal 0.659362 0 -0.751826
    outer loop
      vertex -0.974018 28 22.7694
      vertex -1.13137 23 22.6314
      vertex -1.13137 28 22.6314
    endloop
  endfacet
  facet normal 0.89686 0 -0.442314
    outer loop
      vertex -1.38564 23 22.3
      vertex -1.47821 28 22.1123
      vertex -1.38564 28 22.3
    endloop
  endfacet
  facet normal 0.89686 0 -0.442314
    outer loop
      vertex -1.47821 28 22.1123
      vertex -1.38564 23 22.3
      vertex -1.47821 23 22.1123
    endloop
  endfacet
  facet normal 0.19495 0 -0.980813
    outer loop
      vertex -0.41411 23 23.0455
      vertex -0.208841 28 23.0863
      vertex -0.208841 23 23.0863
    endloop
  endfacet
  facet normal 0.19495 0 -0.980813
    outer loop
      vertex -0.208841 28 23.0863
      vertex -0.41411 23 23.0455
      vertex -0.41411 28 23.0455
    endloop
  endfacet
  facet normal -0.0654594 0 0.997855
    outer loop
      vertex 0 28 18.9
      vertex 0.208841 23 18.9137
      vertex 0.208841 28 18.9137
    endloop
  endfacet
  facet normal -0.0654594 0 0.997855
    outer loop
      vertex 0.208841 23 18.9137
      vertex 0 28 18.9
      vertex 0 23 18.9
    endloop
  endfacet
  facet normal -0.321551 0 0.946892
    outer loop
      vertex 0.41411 28 18.9545
      vertex 0.612293 23 19.0218
      vertex 0.612293 28 19.0218
    endloop
  endfacet
  facet normal -0.321551 0 0.946892
    outer loop
      vertex 0.612293 23 19.0218
      vertex 0.41411 28 18.9545
      vertex 0.41411 23 18.9545
    endloop
  endfacet
  facet normal -0.55532 0 0.831637
    outer loop
      vertex 0.799999 28 19.1144
      vertex 0.974018 23 19.2306
      vertex 0.974018 28 19.2306
    endloop
  endfacet
  facet normal -0.55532 0 0.831637
    outer loop
      vertex 0.974018 23 19.2306
      vertex 0.799999 28 19.1144
      vertex 0.799999 23 19.1144
    endloop
  endfacet
  facet normal -0.89686 0 0.442314
    outer loop
      vertex 1.38564 23 19.7
      vertex 1.47821 28 19.8877
      vertex 1.38564 28 19.7
    endloop
  endfacet
  facet normal -0.89686 0 0.442314
    outer loop
      vertex 1.47821 28 19.8877
      vertex 1.38564 23 19.7
      vertex 1.47821 23 19.8877
    endloop
  endfacet
  facet normal -0.980791 0 0.195059
    outer loop
      vertex 1.54548 23 20.0859
      vertex 1.58631 28 20.2912
      vertex 1.54548 28 20.0859
    endloop
  endfacet
  facet normal -0.980791 0 0.195059
    outer loop
      vertex 1.58631 28 20.2912
      vertex 1.54548 23 20.0859
      vertex 1.58631 23 20.2912
    endloop
  endfacet
  facet normal -0.659362 0 -0.751826
    outer loop
      vertex 0.974018 23 22.7694
      vertex 1.13137 28 22.6314
      vertex 1.13137 23 22.6314
    endloop
  endfacet
  facet normal -0.659362 0 -0.751826
    outer loop
      vertex 1.13137 28 22.6314
      vertex 0.974018 23 22.7694
      vertex 0.974018 28 22.7694
    endloop
  endfacet
  facet normal 1 -0 0
    outer loop
      vertex -1.6 23 21.5
      vertex -1.6 28 20.5
      vertex -1.6 28 21.5
    endloop
  endfacet
  facet normal 1 0 0
    outer loop
      vertex -1.6 28 20.5
      vertex -1.6 23 21.5
      vertex -1.6 23 20.5
    endloop
  endfacet
  facet normal 0.997858 0 -0.0654247
    outer loop
      vertex -1.58631 23 21.7088
      vertex -1.6 28 21.5
      vertex -1.58631 28 21.7088
    endloop
  endfacet
  facet normal 0.997858 0 -0.0654247
    outer loop
      vertex -1.6 28 21.5
      vertex -1.58631 23 21.7088
      vertex -1.6 23 21.5
    endloop
  endfacet
  facet normal 0.0654594 0 -0.997855
    outer loop
      vertex -0.208841 23 23.0863
      vertex 0 28 23.1
      vertex 0 23 23.1
    endloop
  endfacet
  facet normal 0.0654594 0 -0.997855
    outer loop
      vertex 0 28 23.1
      vertex -0.208841 23 23.0863
      vertex -0.208841 28 23.0863
    endloop
  endfacet
  facet normal -0.0654594 0 -0.997855
    outer loop
      vertex 0 23 23.1
      vertex 0.208841 28 23.0863
      vertex 0.208841 23 23.0863
    endloop
  endfacet
  facet normal -0.0654594 0 -0.997855
    outer loop
      vertex 0.208841 28 23.0863
      vertex 0 23 23.1
      vertex 0 28 23.1
    endloop
  endfacet
  facet normal -0.442418 0 0.896809
    outer loop
      vertex 0.612293 28 19.0218
      vertex 0.799999 23 19.1144
      vertex 0.799999 28 19.1144
    endloop
  endfacet
  facet normal -0.442418 0 0.896809
    outer loop
      vertex 0.799999 23 19.1144
      vertex 0.612293 28 19.0218
      vertex 0.612293 23 19.0218
    endloop
  endfacet
  facet normal -0.659362 0 0.751826
    outer loop
      vertex 0.974018 28 19.2306
      vertex 1.13137 23 19.3686
      vertex 1.13137 28 19.3686
    endloop
  endfacet
  facet normal -0.659362 0 0.751826
    outer loop
      vertex 1.13137 23 19.3686
      vertex 0.974018 28 19.2306
      vertex 0.974018 23 19.2306
    endloop
  endfacet
  facet normal -0.831454 0 0.555593
    outer loop
      vertex 1.26937 23 19.526
      vertex 1.38564 28 19.7
      vertex 1.26937 28 19.526
    endloop
  endfacet
  facet normal -0.831454 0 0.555593
    outer loop
      vertex 1.38564 28 19.7
      vertex 1.26937 23 19.526
      vertex 1.38564 23 19.7
    endloop
  endfacet
  facet normal -0.751925 0 0.659248
    outer loop
      vertex 1.13137 23 19.3686
      vertex 1.26937 28 19.526
      vertex 1.13137 28 19.3686
    endloop
  endfacet
  facet normal -0.751925 0 0.659248
    outer loop
      vertex 1.26937 28 19.526
      vertex 1.13137 23 19.3686
      vertex 1.26937 23 19.526
    endloop
  endfacet
  facet normal -0.997858 0 -0.0654247
    outer loop
      vertex 1.6 23 21.5
      vertex 1.58631 28 21.7088
      vertex 1.6 28 21.5
    endloop
  endfacet
  facet normal -0.997858 -0 -0.0654247
    outer loop
      vertex 1.58631 28 21.7088
      vertex 1.6 23 21.5
      vertex 1.58631 23 21.7088
    endloop
  endfacet
  facet normal -1 0 0
    outer loop
      vertex 1.6 23 20.5
      vertex 1.6 28 21.5
      vertex 1.6 28 20.5
    endloop
  endfacet
  facet normal -1 -0 0
    outer loop
      vertex 1.6 28 21.5
      vertex 1.6 23 20.5
      vertex 1.6 23 21.5
    endloop
  endfacet
  facet normal -0.946944 0 0.321397
    outer loop
      vertex 1.47821 23 19.8877
      vertex 1.54548 28 20.0859
      vertex 1.47821 28 19.8877
    endloop
  endfacet
  facet normal -0.946944 0 0.321397
    outer loop
      vertex 1.54548 28 20.0859
      vertex 1.47821 23 19.8877
      vertex 1.54548 23 20.0859
    endloop
  endfacet
  facet normal -0.321551 0 -0.946892
    outer loop
      vertex 0.41411 23 23.0455
      vertex 0.612293 28 22.9782
      vertex 0.612293 23 22.9782
    endloop
  endfacet
  facet normal -0.321551 0 -0.946892
    outer loop
      vertex 0.612293 28 22.9782
      vertex 0.41411 23 23.0455
      vertex 0.41411 28 23.0455
    endloop
  endfacet
  facet normal -0.442418 0 -0.896809
    outer loop
      vertex 0.612293 23 22.9782
      vertex 0.799999 28 22.8856
      vertex 0.799999 23 22.8856
    endloop
  endfacet
  facet normal -0.442418 0 -0.896809
    outer loop
      vertex 0.799999 28 22.8856
      vertex 0.612293 23 22.9782
      vertex 0.612293 28 22.9782
    endloop
  endfacet
  facet normal -0.751925 0 -0.659248
    outer loop
      vertex 1.26937 23 22.474
      vertex 1.13137 28 22.6314
      vertex 1.26937 28 22.474
    endloop
  endfacet
  facet normal -0.751925 -0 -0.659248
    outer loop
      vertex 1.13137 28 22.6314
      vertex 1.26937 23 22.474
      vertex 1.13137 23 22.6314
    endloop
  endfacet
  facet normal -0.831454 0 -0.555593
    outer loop
      vertex 1.38564 23 22.3
      vertex 1.26937 28 22.474
      vertex 1.38564 28 22.3
    endloop
  endfacet
  facet normal -0.831454 -0 -0.555593
    outer loop
      vertex 1.26937 28 22.474
      vertex 1.38564 23 22.3
      vertex 1.26937 23 22.474
    endloop
  endfacet
  facet normal -0.89686 0 -0.442314
    outer loop
      vertex 1.47821 23 22.1123
      vertex 1.38564 28 22.3
      vertex 1.47821 28 22.1123
    endloop
  endfacet
  facet normal -0.89686 -0 -0.442314
    outer loop
      vertex 1.38564 28 22.3
      vertex 1.47821 23 22.1123
      vertex 1.38564 23 22.3
    endloop
  endfacet
  facet normal 0.831454 -0 0.555593
    outer loop
      vertex -1.38564 23 19.7
      vertex -1.26937 28 19.526
      vertex -1.38564 28 19.7
    endloop
  endfacet
  facet normal 0.831454 0 0.555593
    outer loop
      vertex -1.26937 28 19.526
      vertex -1.38564 23 19.7
      vertex -1.26937 23 19.526
    endloop
  endfacet
  facet normal 0.997858 -0 0.0654247
    outer loop
      vertex -1.6 23 20.5
      vertex -1.58631 28 20.2912
      vertex -1.6 28 20.5
    endloop
  endfacet
  facet normal 0.997858 0 0.0654247
    outer loop
      vertex -1.58631 28 20.2912
      vertex -1.6 23 20.5
      vertex -1.58631 23 20.2912
    endloop
  endfacet
  facet normal 0.980791 -0 0.195059
    outer loop
      vertex -1.58631 23 20.2912
      vertex -1.54548 28 20.0859
      vertex -1.58631 28 20.2912
    endloop
  endfacet
  facet normal 0.980791 0 0.195059
    outer loop
      vertex -1.54548 28 20.0859
      vertex -1.58631 23 20.2912
      vertex -1.54548 23 20.0859
    endloop
  endfacet
  facet normal 0.89686 -0 0.442314
    outer loop
      vertex -1.47821 23 19.8877
      vertex -1.38564 28 19.7
      vertex -1.47821 28 19.8877
    endloop
  endfacet
  facet normal 0.89686 0 0.442314
    outer loop
      vertex -1.38564 28 19.7
      vertex -1.47821 23 19.8877
      vertex -1.38564 23 19.7
    endloop
  endfacet
  facet normal 0.55532 0 -0.831637
    outer loop
      vertex -0.974018 23 22.7694
      vertex -0.799999 28 22.8856
      vertex -0.799999 23 22.8856
    endloop
  endfacet
  facet normal 0.55532 0 -0.831637
    outer loop
      vertex -0.799999 28 22.8856
      vertex -0.974018 23 22.7694
      vertex -0.974018 28 22.7694
    endloop
  endfacet
  facet normal 0.442418 0 -0.896809
    outer loop
      vertex -0.799999 23 22.8856
      vertex -0.612293 28 22.9782
      vertex -0.612293 23 22.9782
    endloop
  endfacet
  facet normal 0.442418 0 -0.896809
    outer loop
      vertex -0.612293 28 22.9782
      vertex -0.799999 23 22.8856
      vertex -0.799999 28 22.8856
    endloop
  endfacet
  facet normal 0.831454 0 -0.555593
    outer loop
      vertex -1.26937 23 22.474
      vertex -1.38564 28 22.3
      vertex -1.26937 28 22.474
    endloop
  endfacet
  facet normal 0.831454 0 -0.555593
    outer loop
      vertex -1.38564 28 22.3
      vertex -1.26937 23 22.474
      vertex -1.38564 23 22.3
    endloop
  endfacet
  facet normal 0.751925 -0 0.659248
    outer loop
      vertex -1.26937 23 19.526
      vertex -1.13137 28 19.3686
      vertex -1.26937 28 19.526
    endloop
  endfacet
  facet normal 0.751925 0 0.659248
    outer loop
      vertex -1.13137 28 19.3686
      vertex -1.26937 23 19.526
      vertex -1.13137 23 19.3686
    endloop
  endfacet
  facet normal 0.321551 0 0.946892
    outer loop
      vertex -0.612293 28 19.0218
      vertex -0.41411 23 18.9545
      vertex -0.41411 28 18.9545
    endloop
  endfacet
  facet normal 0.321551 0 0.946892
    outer loop
      vertex -0.41411 23 18.9545
      vertex -0.612293 28 19.0218
      vertex -0.612293 23 19.0218
    endloop
  endfacet
  facet normal 0.19495 0 0.980813
    outer loop
      vertex -0.41411 28 18.9545
      vertex -0.208841 23 18.9137
      vertex -0.208841 28 18.9137
    endloop
  endfacet
  facet normal 0.19495 0 0.980813
    outer loop
      vertex -0.208841 23 18.9137
      vertex -0.41411 28 18.9545
      vertex -0.41411 23 18.9545
    endloop
  endfacet
  facet normal 0.55532 0 0.831637
    outer loop
      vertex -0.974018 28 19.2306
      vertex -0.799999 23 19.1144
      vertex -0.799999 28 19.1144
    endloop
  endfacet
  facet normal 0.55532 0 0.831637
    outer loop
      vertex -0.799999 23 19.1144
      vertex -0.974018 28 19.2306
      vertex -0.974018 23 19.2306
    endloop
  endfacet
  facet normal 0.751925 0 -0.659248
    outer loop
      vertex -1.13137 23 22.6314
      vertex -1.26937 28 22.474
      vertex -1.13137 28 22.6314
    endloop
  endfacet
  facet normal 0.751925 0 -0.659248
    outer loop
      vertex -1.26937 28 22.474
      vertex -1.13137 23 22.6314
      vertex -1.26937 23 22.474
    endloop
  endfacet
  facet normal 0.980791 0 -0.195059
    outer loop
      vertex -1.54548 23 21.9141
      vertex -1.58631 28 21.7088
      vertex -1.54548 28 21.9141
    endloop
  endfacet
  facet normal 0.980791 0 -0.195059
    outer loop
      vertex -1.58631 28 21.7088
      vertex -1.54548 23 21.9141
      vertex -1.58631 23 21.7088
    endloop
  endfacet
  facet normal 0.946944 0 -0.321397
    outer loop
      vertex -1.47821 23 22.1123
      vertex -1.54548 28 21.9141
      vertex -1.47821 28 22.1123
    endloop
  endfacet
  facet normal 0.946944 0 -0.321397
    outer loop
      vertex -1.54548 28 21.9141
      vertex -1.47821 23 22.1123
      vertex -1.54548 23 21.9141
    endloop
  endfacet
  facet normal -0.946944 0 -0.321397
    outer loop
      vertex 1.54548 23 21.9141
      vertex 1.47821 28 22.1123
      vertex 1.54548 28 21.9141
    endloop
  endfacet
  facet normal -0.946944 -0 -0.321397
    outer loop
      vertex 1.47821 28 22.1123
      vertex 1.54548 23 21.9141
      vertex 1.47821 23 22.1123
    endloop
  endfacet
  facet normal -0.980791 0 -0.195059
    outer loop
      vertex 1.58631 23 21.7088
      vertex 1.54548 28 21.9141
      vertex 1.58631 28 21.7088
    endloop
  endfacet
  facet normal -0.980791 -0 -0.195059
    outer loop
      vertex 1.54548 28 21.9141
      vertex 1.58631 23 21.7088
      vertex 1.54548 23 21.9141
    endloop
  endfacet
  facet normal 0.659362 0 0.751826
    outer loop
      vertex -1.13137 28 19.3686
      vertex -0.974018 23 19.2306
      vertex -0.974018 28 19.2306
    endloop
  endfacet
  facet normal 0.659362 0 0.751826
    outer loop
      vertex -0.974018 23 19.2306
      vertex -1.13137 28 19.3686
      vertex -1.13137 23 19.3686
    endloop
  endfacet
  facet normal 0.442418 0 0.896809
    outer loop
      vertex -0.799999 28 19.1144
      vertex -0.612293 23 19.0218
      vertex -0.612293 28 19.0218
    endloop
  endfacet
  facet normal 0.442418 0 0.896809
    outer loop
      vertex -0.612293 23 19.0218
      vertex -0.799999 28 19.1144
      vertex -0.799999 23 19.1144
    endloop
  endfacet
  facet normal 0.946944 -0 0.321397
    outer loop
      vertex -1.54548 23 20.0859
      vertex -1.47821 28 19.8877
      vertex -1.54548 28 20.0859
    endloop
  endfacet
  facet normal 0.946944 0 0.321397
    outer loop
      vertex -1.47821 28 19.8877
      vertex -1.54548 23 20.0859
      vertex -1.47821 23 19.8877
    endloop
  endfacet
  facet normal -0.997858 0 0.0654247
    outer loop
      vertex -4.91369 23 13.7912
      vertex -4.9 28 14
      vertex -4.91369 28 13.7912
    endloop
  endfacet
  facet normal -0.997858 0 0.0654247
    outer loop
      vertex -4.9 28 14
      vertex -4.91369 23 13.7912
      vertex -4.9 23 14
    endloop
  endfacet
  facet normal -0.997858 0 -0.0654247
    outer loop
      vertex -4.9 23 14
      vertex -4.91369 28 14.2088
      vertex -4.9 28 14
    endloop
  endfacet
  facet normal -0.997858 -0 -0.0654247
    outer loop
      vertex -4.91369 28 14.2088
      vertex -4.9 23 14
      vertex -4.91369 23 14.2088
    endloop
  endfacet
  facet normal 0.555318 0 -0.831638
    outer loop
      vertex -8.47402 23 15.2694
      vertex -8.3 28 15.3856
      vertex -8.3 23 15.3856
    endloop
  endfacet
  facet normal 0.555318 0 -0.831638
    outer loop
      vertex -8.3 28 15.3856
      vertex -8.47402 23 15.2694
      vertex -8.47402 28 15.2694
    endloop
  endfacet
  facet normal -0.44241 0 0.896813
    outer loop
      vertex -5.88771 28 12.5218
      vertex -5.7 23 12.6144
      vertex -5.7 28 12.6144
    endloop
  endfacet
  facet normal -0.44241 0 0.896813
    outer loop
      vertex -5.7 23 12.6144
      vertex -5.88771 28 12.5218
      vertex -5.88771 23 12.5218
    endloop
  endfacet
  facet normal -0.980791 0 -0.195059
    outer loop
      vertex -4.91369 23 14.2088
      vertex -4.95452 28 14.4141
      vertex -4.91369 28 14.2088
    endloop
  endfacet
  facet normal -0.980791 -0 -0.195059
    outer loop
      vertex -4.95452 28 14.4141
      vertex -4.91369 23 14.2088
      vertex -4.95452 23 14.4141
    endloop
  endfacet
  facet normal -0.0654598 0 -0.997855
    outer loop
      vertex -6.5 23 15.6
      vertex -6.29116 28 15.5863
      vertex -6.29116 23 15.5863
    endloop
  endfacet
  facet normal -0.0654598 0 -0.997855
    outer loop
      vertex -6.29116 28 15.5863
      vertex -6.5 23 15.6
      vertex -6.5 28 15.6
    endloop
  endfacet
  facet normal -0.946944 0 -0.321397
    outer loop
      vertex -4.95452 23 14.4141
      vertex -5.02179 28 14.6123
      vertex -4.95452 28 14.4141
    endloop
  endfacet
  facet normal -0.946944 -0 -0.321397
    outer loop
      vertex -5.02179 28 14.6123
      vertex -4.95452 23 14.4141
      vertex -5.02179 23 14.6123
    endloop
  endfacet
  facet normal -0.555318 0 -0.831638
    outer loop
      vertex -5.7 23 15.3856
      vertex -5.52598 28 15.2694
      vertex -5.52598 23 15.2694
    endloop
  endfacet
  facet normal -0.555318 0 -0.831638
    outer loop
      vertex -5.52598 28 15.2694
      vertex -5.7 23 15.3856
      vertex -5.7 28 15.3856
    endloop
  endfacet
  facet normal 0.831454 0 -0.555593
    outer loop
      vertex -8.76937 23 14.974
      vertex -8.88564 28 14.8
      vertex -8.76937 28 14.974
    endloop
  endfacet
  facet normal 0.831454 0 -0.555593
    outer loop
      vertex -8.88564 28 14.8
      vertex -8.76937 23 14.974
      vertex -8.88564 23 14.8
    endloop
  endfacet
  facet normal -0 0 1
    outer loop
      vertex -7.5 28 12.4
      vertex -6.5 23 12.4
      vertex -6.5 28 12.4
    endloop
  endfacet
  facet normal 0 0 1
    outer loop
      vertex -6.5 23 12.4
      vertex -7.5 28 12.4
      vertex -7.5 23 12.4
    endloop
  endfacet
  facet normal 0.997858 -0 0.0654247
    outer loop
      vertex -9.1 23 14
      vertex -9.08631 28 13.7912
      vertex -9.1 28 14
    endloop
  endfacet
  facet normal 0.997858 0 0.0654247
    outer loop
      vertex -9.08631 28 13.7912
      vertex -9.1 23 14
      vertex -9.08631 23 13.7912
    endloop
  endfacet
  facet normal -0.89686 0 -0.442314
    outer loop
      vertex -5.02179 23 14.6123
      vertex -5.11436 28 14.8
      vertex -5.02179 28 14.6123
    endloop
  endfacet
  facet normal -0.89686 -0 -0.442314
    outer loop
      vertex -5.11436 28 14.8
      vertex -5.02179 23 14.6123
      vertex -5.11436 23 14.8
    endloop
  endfacet
  facet normal -0.44241 0 -0.896813
    outer loop
      vertex -5.88771 23 15.4782
      vertex -5.7 28 15.3856
      vertex -5.7 23 15.3856
    endloop
  endfacet
  facet normal -0.44241 0 -0.896813
    outer loop
      vertex -5.7 28 15.3856
      vertex -5.88771 23 15.4782
      vertex -5.88771 28 15.4782
    endloop
  endfacet
  facet normal -0.751925 0 -0.659248
    outer loop
      vertex -5.23063 23 14.974
      vertex -5.36863 28 15.1314
      vertex -5.23063 28 14.974
    endloop
  endfacet
  facet normal -0.751925 -0 -0.659248
    outer loop
      vertex -5.36863 28 15.1314
      vertex -5.23063 23 14.974
      vertex -5.36863 23 15.1314
    endloop
  endfacet
  facet normal 0.44241 0 -0.896813
    outer loop
      vertex -8.3 23 15.3856
      vertex -8.11229 28 15.4782
      vertex -8.11229 23 15.4782
    endloop
  endfacet
  facet normal 0.44241 0 -0.896813
    outer loop
      vertex -8.11229 28 15.4782
      vertex -8.3 23 15.3856
      vertex -8.3 28 15.3856
    endloop
  endfacet
  facet normal 0.751925 0 -0.659248
    outer loop
      vertex -8.63137 23 15.1314
      vertex -8.76937 28 14.974
      vertex -8.63137 28 15.1314
    endloop
  endfacet
  facet normal 0.751925 0 -0.659248
    outer loop
      vertex -8.76937 28 14.974
      vertex -8.63137 23 15.1314
      vertex -8.76937 23 14.974
    endloop
  endfacet
  facet normal 0.946944 0 -0.321397
    outer loop
      vertex -8.97821 23 14.6123
      vertex -9.04548 28 14.4141
      vertex -8.97821 28 14.6123
    endloop
  endfacet
  facet normal 0.946944 0 -0.321397
    outer loop
      vertex -9.04548 28 14.4141
      vertex -8.97821 23 14.6123
      vertex -9.04548 23 14.4141
    endloop
  endfacet
  facet normal -0.946944 0 0.321397
    outer loop
      vertex -5.02179 23 13.3877
      vertex -4.95452 28 13.5859
      vertex -5.02179 28 13.3877
    endloop
  endfacet
  facet normal -0.946944 0 0.321397
    outer loop
      vertex -4.95452 28 13.5859
      vertex -5.02179 23 13.3877
      vertex -4.95452 23 13.5859
    endloop
  endfacet
  facet normal -0.0654598 0 0.997855
    outer loop
      vertex -6.5 28 12.4
      vertex -6.29116 23 12.4137
      vertex -6.29116 28 12.4137
    endloop
  endfacet
  facet normal -0.0654598 0 0.997855
    outer loop
      vertex -6.29116 23 12.4137
      vertex -6.5 28 12.4
      vertex -6.5 23 12.4
    endloop
  endfacet
  facet normal 0.980791 -0 0.195059
    outer loop
      vertex -9.08631 23 13.7912
      vertex -9.04548 28 13.5859
      vertex -9.08631 28 13.7912
    endloop
  endfacet
  facet normal 0.980791 0 0.195059
    outer loop
      vertex -9.04548 28 13.5859
      vertex -9.08631 23 13.7912
      vertex -9.04548 23 13.5859
    endloop
  endfacet
  facet normal 0.946944 -0 0.321397
    outer loop
      vertex -9.04548 23 13.5859
      vertex -8.97821 28 13.3877
      vertex -9.04548 28 13.5859
    endloop
  endfacet
  facet normal 0.946944 0 0.321397
    outer loop
      vertex -8.97821 28 13.3877
      vertex -9.04548 23 13.5859
      vertex -8.97821 23 13.3877
    endloop
  endfacet
  facet normal 0.0654598 0 0.997855
    outer loop
      vertex -7.70884 28 12.4137
      vertex -7.5 23 12.4
      vertex -7.5 28 12.4
    endloop
  endfacet
  facet normal 0.0654598 0 0.997855
    outer loop
      vertex -7.5 23 12.4
      vertex -7.70884 28 12.4137
      vertex -7.70884 23 12.4137
    endloop
  endfacet
  facet normal 0.997858 0 -0.0654247
    outer loop
      vertex -9.08631 23 14.2088
      vertex -9.1 28 14
      vertex -9.08631 28 14.2088
    endloop
  endfacet
  facet normal 0.997858 0 -0.0654247
    outer loop
      vertex -9.1 28 14
      vertex -9.08631 23 14.2088
      vertex -9.1 23 14
    endloop
  endfacet
  facet normal -0.831454 0 -0.555593
    outer loop
      vertex -5.11436 23 14.8
      vertex -5.23063 28 14.974
      vertex -5.11436 28 14.8
    endloop
  endfacet
  facet normal -0.831454 -0 -0.555593
    outer loop
      vertex -5.23063 28 14.974
      vertex -5.11436 23 14.8
      vertex -5.23063 23 14.974
    endloop
  endfacet
  facet normal -0.659367 0 -0.751821
    outer loop
      vertex -5.52598 23 15.2694
      vertex -5.36863 28 15.1314
      vertex -5.36863 23 15.1314
    endloop
  endfacet
  facet normal -0.659367 0 -0.751821
    outer loop
      vertex -5.36863 28 15.1314
      vertex -5.52598 23 15.2694
      vertex -5.52598 28 15.2694
    endloop
  endfacet
  facet normal 0 0 -1
    outer loop
      vertex -7.5 23 15.6
      vertex -6.5 28 15.6
      vertex -6.5 23 15.6
    endloop
  endfacet
  facet normal -0 0 -1
    outer loop
      vertex -6.5 28 15.6
      vertex -7.5 23 15.6
      vertex -7.5 28 15.6
    endloop
  endfacet
  facet normal -0.194949 0 -0.980813
    outer loop
      vertex -6.29116 23 15.5863
      vertex -6.08589 28 15.5455
      vertex -6.08589 23 15.5455
    endloop
  endfacet
  facet normal -0.194949 0 -0.980813
    outer loop
      vertex -6.08589 28 15.5455
      vertex -6.29116 23 15.5863
      vertex -6.29116 28 15.5863
    endloop
  endfacet
  facet normal -0.321555 0 -0.946891
    outer loop
      vertex -6.08589 23 15.5455
      vertex -5.88771 28 15.4782
      vertex -5.88771 23 15.4782
    endloop
  endfacet
  facet normal -0.321555 0 -0.946891
    outer loop
      vertex -5.88771 28 15.4782
      vertex -6.08589 23 15.5455
      vertex -6.08589 28 15.5455
    endloop
  endfacet
  facet normal 0.659367 0 -0.751821
    outer loop
      vertex -8.63137 23 15.1314
      vertex -8.47402 28 15.2694
      vertex -8.47402 23 15.2694
    endloop
  endfacet
  facet normal 0.659367 0 -0.751821
    outer loop
      vertex -8.47402 28 15.2694
      vertex -8.63137 23 15.1314
      vertex -8.63137 28 15.1314
    endloop
  endfacet
  facet normal 0.89686 0 -0.442314
    outer loop
      vertex -8.88564 23 14.8
      vertex -8.97821 28 14.6123
      vertex -8.88564 28 14.8
    endloop
  endfacet
  facet normal 0.89686 0 -0.442314
    outer loop
      vertex -8.97821 28 14.6123
      vertex -8.88564 23 14.8
      vertex -8.97821 23 14.6123
    endloop
  endfacet
  facet normal 0.980791 0 -0.195059
    outer loop
      vertex -9.04548 23 14.4141
      vertex -9.08631 28 14.2088
      vertex -9.04548 28 14.4141
    endloop
  endfacet
  facet normal 0.980791 0 -0.195059
    outer loop
      vertex -9.08631 28 14.2088
      vertex -9.04548 23 14.4141
      vertex -9.08631 23 14.2088
    endloop
  endfacet
  facet normal 0.831454 -0 0.555593
    outer loop
      vertex -8.88564 23 13.2
      vertex -8.76937 28 13.026
      vertex -8.88564 28 13.2
    endloop
  endfacet
  facet normal 0.831454 0 0.555593
    outer loop
      vertex -8.76937 28 13.026
      vertex -8.88564 23 13.2
      vertex -8.76937 23 13.026
    endloop
  endfacet
  facet normal 0.89686 -0 0.442314
    outer loop
      vertex -8.97821 23 13.3877
      vertex -8.88564 28 13.2
      vertex -8.97821 28 13.3877
    endloop
  endfacet
  facet normal 0.89686 0 0.442314
    outer loop
      vertex -8.88564 28 13.2
      vertex -8.97821 23 13.3877
      vertex -8.88564 23 13.2
    endloop
  endfacet
  facet normal 0.555318 0 0.831638
    outer loop
      vertex -8.47402 28 12.7306
      vertex -8.3 23 12.6144
      vertex -8.3 28 12.6144
    endloop
  endfacet
  facet normal 0.555318 0 0.831638
    outer loop
      vertex -8.3 23 12.6144
      vertex -8.47402 28 12.7306
      vertex -8.47402 23 12.7306
    endloop
  endfacet
  facet normal 0.321555 0 0.946891
    outer loop
      vertex -8.11229 28 12.5218
      vertex -7.91411 23 12.4545
      vertex -7.91411 28 12.4545
    endloop
  endfacet
  facet normal 0.321555 0 0.946891
    outer loop
      vertex -7.91411 23 12.4545
      vertex -8.11229 28 12.5218
      vertex -8.11229 23 12.5218
    endloop
  endfacet
  facet normal 0.44241 0 0.896813
    outer loop
      vertex -8.3 28 12.6144
      vertex -8.11229 23 12.5218
      vertex -8.11229 28 12.5218
    endloop
  endfacet
  facet normal 0.44241 0 0.896813
    outer loop
      vertex -8.11229 23 12.5218
      vertex -8.3 28 12.6144
      vertex -8.3 23 12.6144
    endloop
  endfacet
  facet normal 0.0654598 0 -0.997855
    outer loop
      vertex -7.70884 23 15.5863
      vertex -7.5 28 15.6
      vertex -7.5 23 15.6
    endloop
  endfacet
  facet normal 0.0654598 0 -0.997855
    outer loop
      vertex -7.5 28 15.6
      vertex -7.70884 23 15.5863
      vertex -7.70884 28 15.5863
    endloop
  endfacet
  facet normal 0.321555 0 -0.946891
    outer loop
      vertex -8.11229 23 15.4782
      vertex -7.91411 28 15.5455
      vertex -7.91411 23 15.5455
    endloop
  endfacet
  facet normal 0.321555 0 -0.946891
    outer loop
      vertex -7.91411 28 15.5455
      vertex -8.11229 23 15.4782
      vertex -8.11229 28 15.4782
    endloop
  endfacet
  facet normal -0.980791 0 0.195059
    outer loop
      vertex -4.95452 23 13.5859
      vertex -4.91369 28 13.7912
      vertex -4.95452 28 13.5859
    endloop
  endfacet
  facet normal -0.980791 0 0.195059
    outer loop
      vertex -4.91369 28 13.7912
      vertex -4.95452 23 13.5859
      vertex -4.91369 23 13.7912
    endloop
  endfacet
  facet normal -0.555318 0 0.831638
    outer loop
      vertex -5.7 28 12.6144
      vertex -5.52598 23 12.7306
      vertex -5.52598 28 12.7306
    endloop
  endfacet
  facet normal -0.555318 0 0.831638
    outer loop
      vertex -5.52598 23 12.7306
      vertex -5.7 28 12.6144
      vertex -5.7 23 12.6144
    endloop
  endfacet
  facet normal -0.194949 0 0.980813
    outer loop
      vertex -6.29116 28 12.4137
      vertex -6.08589 23 12.4545
      vertex -6.08589 28 12.4545
    endloop
  endfacet
  facet normal -0.194949 0 0.980813
    outer loop
      vertex -6.08589 23 12.4545
      vertex -6.29116 28 12.4137
      vertex -6.29116 23 12.4137
    endloop
  endfacet
  facet normal -0.321555 0 0.946891
    outer loop
      vertex -6.08589 28 12.4545
      vertex -5.88771 23 12.5218
      vertex -5.88771 28 12.5218
    endloop
  endfacet
  facet normal -0.321555 0 0.946891
    outer loop
      vertex -5.88771 23 12.5218
      vertex -6.08589 28 12.4545
      vertex -6.08589 23 12.4545
    endloop
  endfacet
  facet normal 0.659367 0 0.751821
    outer loop
      vertex -8.63137 28 12.8686
      vertex -8.47402 23 12.7306
      vertex -8.47402 28 12.7306
    endloop
  endfacet
  facet normal 0.659367 0 0.751821
    outer loop
      vertex -8.47402 23 12.7306
      vertex -8.63137 28 12.8686
      vertex -8.63137 23 12.8686
    endloop
  endfacet
  facet normal 0.751925 -0 0.659248
    outer loop
      vertex -8.76937 23 13.026
      vertex -8.63137 28 12.8686
      vertex -8.76937 28 13.026
    endloop
  endfacet
  facet normal 0.751925 0 0.659248
    outer loop
      vertex -8.63137 28 12.8686
      vertex -8.76937 23 13.026
      vertex -8.63137 23 12.8686
    endloop
  endfacet
  facet normal 0.194949 0 0.980813
    outer loop
      vertex -7.91411 28 12.4545
      vertex -7.70884 23 12.4137
      vertex -7.70884 28 12.4137
    endloop
  endfacet
  facet normal 0.194949 0 0.980813
    outer loop
      vertex -7.70884 23 12.4137
      vertex -7.91411 28 12.4545
      vertex -7.91411 23 12.4545
    endloop
  endfacet
  facet normal 0.194949 0 -0.980813
    outer loop
      vertex -7.91411 23 15.5455
      vertex -7.70884 28 15.5863
      vertex -7.70884 23 15.5863
    endloop
  endfacet
  facet normal 0.194949 0 -0.980813
    outer loop
      vertex -7.70884 28 15.5863
      vertex -7.91411 23 15.5455
      vertex -7.91411 28 15.5455
    endloop
  endfacet
  facet normal -0.659367 0 0.751821
    outer loop
      vertex -5.52598 28 12.7306
      vertex -5.36863 23 12.8686
      vertex -5.36863 28 12.8686
    endloop
  endfacet
  facet normal -0.659367 0 0.751821
    outer loop
      vertex -5.36863 23 12.8686
      vertex -5.52598 28 12.7306
      vertex -5.52598 23 12.7306
    endloop
  endfacet
  facet normal -0.831454 0 0.555593
    outer loop
      vertex -5.23063 23 13.026
      vertex -5.11436 28 13.2
      vertex -5.23063 28 13.026
    endloop
  endfacet
  facet normal -0.831454 0 0.555593
    outer loop
      vertex -5.11436 28 13.2
      vertex -5.23063 23 13.026
      vertex -5.11436 23 13.2
    endloop
  endfacet
  facet normal -0.751925 0 0.659248
    outer loop
      vertex -5.36863 23 12.8686
      vertex -5.23063 28 13.026
      vertex -5.36863 28 12.8686
    endloop
  endfacet
  facet normal -0.751925 0 0.659248
    outer loop
      vertex -5.23063 28 13.026
      vertex -5.36863 23 12.8686
      vertex -5.23063 23 13.026
    endloop
  endfacet
  facet normal -0.89686 0 0.442314
    outer loop
      vertex -5.11436 23 13.2
      vertex -5.02179 28 13.3877
      vertex -5.11436 28 13.2
    endloop
  endfacet
  facet normal -0.89686 0 0.442314
    outer loop
      vertex -5.02179 28 13.3877
      vertex -5.11436 23 13.2
      vertex -5.02179 23 13.3877
    endloop
  endfacet
  facet normal -0.0654119 0 -0.997858
    outer loop
      vertex 0 23 9.1
      vertex 0.208841 28 9.08631
      vertex 0.208841 23 9.08631
    endloop
  endfacet
  facet normal -0.0654119 0 -0.997858
    outer loop
      vertex 0.208841 28 9.08631
      vertex 0 23 9.1
      vertex 0 28 9.1
    endloop
  endfacet
  facet normal 0.555551 0 -0.831482
    outer loop
      vertex -0.974018 23 8.76937
      vertex -0.799999 28 8.88564
      vertex -0.799999 23 8.88564
    endloop
  endfacet
  facet normal 0.555551 0 -0.831482
    outer loop
      vertex -0.799999 28 8.88564
      vertex -0.974018 23 8.76937
      vertex -0.974018 28 8.76937
    endloop
  endfacet
  facet normal 0.0654119 0 0.997858
    outer loop
      vertex -0.208841 28 4.91369
      vertex 0 23 4.9
      vertex 0 28 4.9
    endloop
  endfacet
  facet normal 0.0654119 0 0.997858
    outer loop
      vertex 0 23 4.9
      vertex -0.208841 28 4.91369
      vertex -0.208841 23 4.91369
    endloop
  endfacet
  facet normal 0.89687 -0 0.442295
    outer loop
      vertex -1.47821 23 5.88771
      vertex -1.38564 28 5.7
      vertex -1.47821 28 5.88771
    endloop
  endfacet
  facet normal 0.89687 0 0.442295
    outer loop
      vertex -1.38564 28 5.7
      vertex -1.47821 23 5.88771
      vertex -1.38564 23 5.7
    endloop
  endfacet
  facet normal 0.195088 0 0.980786
    outer loop
      vertex -0.41411 28 4.95452
      vertex -0.208841 23 4.91369
      vertex -0.208841 28 4.91369
    endloop
  endfacet
  facet normal 0.195088 0 0.980786
    outer loop
      vertex -0.208841 23 4.91369
      vertex -0.41411 28 4.95452
      vertex -0.41411 23 4.95452
    endloop
  endfacet
  facet normal -0.997858 0 0.0654122
    outer loop
      vertex 1.58631 23 6.29116
      vertex 1.6 28 6.5
      vertex 1.58631 28 6.29116
    endloop
  endfacet
  facet normal -0.997858 0 0.0654122
    outer loop
      vertex 1.6 28 6.5
      vertex 1.58631 23 6.29116
      vertex 1.6 23 6.5
    endloop
  endfacet
  facet normal -0.321422 0 0.946936
    outer loop
      vertex 0.41411 28 4.95452
      vertex 0.612293 23 5.02179
      vertex 0.612293 28 5.02179
    endloop
  endfacet
  facet normal -0.321422 0 0.946936
    outer loop
      vertex 0.612293 23 5.02179
      vertex 0.41411 28 4.95452
      vertex 0.41411 23 4.95452
    endloop
  endfacet
  facet normal 0.195088 0 -0.980786
    outer loop
      vertex -0.41411 23 9.04548
      vertex -0.208841 28 9.08631
      vertex -0.208841 23 9.08631
    endloop
  endfacet
  facet normal 0.195088 0 -0.980786
    outer loop
      vertex -0.208841 28 9.08631
      vertex -0.41411 23 9.04548
      vertex -0.41411 28 9.04548
    endloop
  endfacet
  facet normal 0.831484 0 -0.555549
    outer loop
      vertex -1.26937 23 8.47402
      vertex -1.38564 28 8.3
      vertex -1.26937 28 8.47402
    endloop
  endfacet
  facet normal 0.831484 0 -0.555549
    outer loop
      vertex -1.38564 28 8.3
      vertex -1.26937 23 8.47402
      vertex -1.38564 23 8.3
    endloop
  endfacet
  facet normal 0.555551 0 0.831482
    outer loop
      vertex -0.974018 28 5.23063
      vertex -0.799999 23 5.11436
      vertex -0.799999 28 5.11436
    endloop
  endfacet
  facet normal 0.555551 0 0.831482
    outer loop
      vertex -0.799999 23 5.11436
      vertex -0.974018 28 5.23063
      vertex -0.974018 23 5.23063
    endloop
  endfacet
  facet normal -0.659362 0 -0.751826
    outer loop
      vertex 0.974018 23 8.76937
      vertex 1.13137 28 8.63137
      vertex 1.13137 23 8.63137
    endloop
  endfacet
  facet normal -0.659362 0 -0.751826
    outer loop
      vertex 1.13137 28 8.63137
      vertex 0.974018 23 8.76937
      vertex 0.974018 28 8.76937
    endloop
  endfacet
  facet normal -0.997858 0 -0.0654122
    outer loop
      vertex 1.6 23 7.5
      vertex 1.58631 28 7.70884
      vertex 1.6 28 7.5
    endloop
  endfacet
  facet normal -0.997858 -0 -0.0654122
    outer loop
      vertex 1.58631 28 7.70884
      vertex 1.6 23 7.5
      vertex 1.58631 23 7.70884
    endloop
  endfacet
  facet normal 0.0654119 0 -0.997858
    outer loop
      vertex -0.208841 23 9.08631
      vertex 0 28 9.1
      vertex 0 23 9.1
    endloop
  endfacet
  facet normal 0.0654119 0 -0.997858
    outer loop
      vertex 0 28 9.1
      vertex -0.208841 23 9.08631
      vertex -0.208841 28 9.08631
    endloop
  endfacet
  facet normal 0.321422 0 -0.946936
    outer loop
      vertex -0.612293 23 8.97821
      vertex -0.41411 28 9.04548
      vertex -0.41411 23 9.04548
    endloop
  endfacet
  facet normal 0.321422 0 -0.946936
    outer loop
      vertex -0.41411 28 9.04548
      vertex -0.612293 23 8.97821
      vertex -0.612293 28 8.97821
    endloop
  endfacet
  facet normal 0.89687 0 -0.442295
    outer loop
      vertex -1.38564 23 8.3
      vertex -1.47821 28 8.11229
      vertex -1.38564 28 8.3
    endloop
  endfacet
  facet normal 0.89687 0 -0.442295
    outer loop
      vertex -1.47821 28 8.11229
      vertex -1.38564 23 8.3
      vertex -1.47821 23 8.11229
    endloop
  endfacet
  facet normal 0.980786 0 -0.195087
    outer loop
      vertex -1.54548 23 7.91411
      vertex -1.58631 28 7.70884
      vertex -1.54548 28 7.91411
    endloop
  endfacet
  facet normal 0.980786 0 -0.195087
    outer loop
      vertex -1.58631 28 7.70884
      vertex -1.54548 23 7.91411
      vertex -1.58631 23 7.70884
    endloop
  endfacet
  facet normal 0.751821 -0 0.659367
    outer loop
      vertex -1.26937 23 5.52598
      vertex -1.13137 28 5.36863
      vertex -1.26937 28 5.52598
    endloop
  endfacet
  facet normal 0.751821 0 0.659367
    outer loop
      vertex -1.13137 28 5.36863
      vertex -1.26937 23 5.52598
      vertex -1.13137 23 5.36863
    endloop
  endfacet
  facet normal 0.659362 0 0.751826
    outer loop
      vertex -1.13137 28 5.36863
      vertex -0.974018 23 5.23063
      vertex -0.974018 28 5.23063
    endloop
  endfacet
  facet normal 0.659362 0 0.751826
    outer loop
      vertex -0.974018 23 5.23063
      vertex -1.13137 28 5.36863
      vertex -1.13137 23 5.36863
    endloop
  endfacet
  facet normal -1 0 0
    outer loop
      vertex 1.6 23 6.5
      vertex 1.6 28 7.5
      vertex 1.6 28 6.5
    endloop
  endfacet
  facet normal -1 -0 0
    outer loop
      vertex 1.6 28 7.5
      vertex 1.6 23 6.5
      vertex 1.6 23 7.5
    endloop
  endfacet
  facet normal -0.89687 0 0.442295
    outer loop
      vertex 1.38564 23 5.7
      vertex 1.47821 28 5.88771
      vertex 1.38564 28 5.7
    endloop
  endfacet
  facet normal -0.89687 0 0.442295
    outer loop
      vertex 1.47821 28 5.88771
      vertex 1.38564 23 5.7
      vertex 1.47821 23 5.88771
    endloop
  endfacet
  facet normal -0.0654119 0 0.997858
    outer loop
      vertex 0 28 4.9
      vertex 0.208841 23 4.91369
      vertex 0.208841 28 4.91369
    endloop
  endfacet
  facet normal -0.0654119 0 0.997858
    outer loop
      vertex 0.208841 23 4.91369
      vertex 0 28 4.9
      vertex 0 23 4.9
    endloop
  endfacet
  facet normal 0.442303 0 -0.896866
    outer loop
      vertex -0.799999 23 8.88564
      vertex -0.612293 28 8.97821
      vertex -0.612293 23 8.97821
    endloop
  endfacet
  facet normal 0.442303 0 -0.896866
    outer loop
      vertex -0.612293 28 8.97821
      vertex -0.799999 23 8.88564
      vertex -0.799999 28 8.88564
    endloop
  endfacet
  facet normal 0.659362 0 -0.751826
    outer loop
      vertex -1.13137 23 8.63137
      vertex -0.974018 28 8.76937
      vertex -0.974018 23 8.76937
    endloop
  endfacet
  facet normal 0.659362 0 -0.751826
    outer loop
      vertex -0.974018 28 8.76937
      vertex -1.13137 23 8.63137
      vertex -1.13137 28 8.63137
    endloop
  endfacet
  facet normal 0.751821 0 -0.659367
    outer loop
      vertex -1.13137 23 8.63137
      vertex -1.26937 28 8.47402
      vertex -1.13137 28 8.63137
    endloop
  endfacet
  facet normal 0.751821 0 -0.659367
    outer loop
      vertex -1.26937 28 8.47402
      vertex -1.13137 23 8.63137
      vertex -1.26937 23 8.47402
    endloop
  endfacet
  facet normal 0.980786 -0 0.195087
    outer loop
      vertex -1.58631 23 6.29116
      vertex -1.54548 28 6.08589
      vertex -1.58631 28 6.29116
    endloop
  endfacet
  facet normal 0.980786 0 0.195087
    outer loop
      vertex -1.54548 28 6.08589
      vertex -1.58631 23 6.29116
      vertex -1.54548 23 6.08589
    endloop
  endfacet
  facet normal 1 -0 0
    outer loop
      vertex -1.6 23 7.5
      vertex -1.6 28 6.5
      vertex -1.6 28 7.5
    endloop
  endfacet
  facet normal 1 0 0
    outer loop
      vertex -1.6 28 6.5
      vertex -1.6 23 7.5
      vertex -1.6 23 6.5
    endloop
  endfacet
  facet normal 0.997858 0 -0.0654122
    outer loop
      vertex -1.58631 23 7.70884
      vertex -1.6 28 7.5
      vertex -1.58631 28 7.70884
    endloop
  endfacet
  facet normal 0.997858 0 -0.0654122
    outer loop
      vertex -1.6 28 7.5
      vertex -1.58631 23 7.70884
      vertex -1.6 23 7.5
    endloop
  endfacet
  facet normal 0.946935 0 -0.321426
    outer loop
      vertex -1.47821 23 8.11229
      vertex -1.54548 28 7.91411
      vertex -1.47821 28 8.11229
    endloop
  endfacet
  facet normal 0.946935 0 -0.321426
    outer loop
      vertex -1.54548 28 7.91411
      vertex -1.47821 23 8.11229
      vertex -1.54548 23 7.91411
    endloop
  endfacet
  facet normal 0.321422 0 0.946936
    outer loop
      vertex -0.612293 28 5.02179
      vertex -0.41411 23 4.95452
      vertex -0.41411 28 4.95452
    endloop
  endfacet
  facet normal 0.321422 0 0.946936
    outer loop
      vertex -0.41411 23 4.95452
      vertex -0.612293 28 5.02179
      vertex -0.612293 23 5.02179
    endloop
  endfacet
  facet normal 0.442303 0 0.896866
    outer loop
      vertex -0.799999 28 5.11436
      vertex -0.612293 23 5.02179
      vertex -0.612293 28 5.02179
    endloop
  endfacet
  facet normal 0.442303 0 0.896866
    outer loop
      vertex -0.612293 23 5.02179
      vertex -0.799999 28 5.11436
      vertex -0.799999 23 5.11436
    endloop
  endfacet
  facet normal 0.831484 -0 0.555549
    outer loop
      vertex -1.38564 23 5.7
      vertex -1.26937 28 5.52598
      vertex -1.38564 28 5.7
    endloop
  endfacet
  facet normal 0.831484 0 0.555549
    outer loop
      vertex -1.26937 28 5.52598
      vertex -1.38564 23 5.7
      vertex -1.26937 23 5.52598
    endloop
  endfacet
  facet normal -0.831484 0 -0.555549
    outer loop
      vertex 1.38564 23 8.3
      vertex 1.26937 28 8.47402
      vertex 1.38564 28 8.3
    endloop
  endfacet
  facet normal -0.831484 -0 -0.555549
    outer loop
      vertex 1.26937 28 8.47402
      vertex 1.38564 23 8.3
      vertex 1.26937 23 8.47402
    endloop
  endfacet
  facet normal -0.442303 0 -0.896866
    outer loop
      vertex 0.612293 23 8.97821
      vertex 0.799999 28 8.88564
      vertex 0.799999 23 8.88564
    endloop
  endfacet
  facet normal -0.442303 0 -0.896866
    outer loop
      vertex 0.799999 28 8.88564
      vertex 0.612293 23 8.97821
      vertex 0.612293 28 8.97821
    endloop
  endfacet
  facet normal -0.980786 0 -0.195087
    outer loop
      vertex 1.58631 23 7.70884
      vertex 1.54548 28 7.91411
      vertex 1.58631 28 7.70884
    endloop
  endfacet
  facet normal -0.980786 -0 -0.195087
    outer loop
      vertex 1.54548 28 7.91411
      vertex 1.58631 23 7.70884
      vertex 1.54548 23 7.91411
    endloop
  endfacet
  facet normal -0.195088 0 0.980786
    outer loop
      vertex 0.208841 28 4.91369
      vertex 0.41411 23 4.95452
      vertex 0.41411 28 4.95452
    endloop
  endfacet
  facet normal -0.195088 0 0.980786
    outer loop
      vertex 0.41411 23 4.95452
      vertex 0.208841 28 4.91369
      vertex 0.208841 23 4.91369
    endloop
  endfacet
  facet normal -0.555551 0 0.831482
    outer loop
      vertex 0.799999 28 5.11436
      vertex 0.974018 23 5.23063
      vertex 0.974018 28 5.23063
    endloop
  endfacet
  facet normal -0.555551 0 0.831482
    outer loop
      vertex 0.974018 23 5.23063
      vertex 0.799999 28 5.11436
      vertex 0.799999 23 5.11436
    endloop
  endfacet
  facet normal -0.442303 0 0.896866
    outer loop
      vertex 0.612293 28 5.02179
      vertex 0.799999 23 5.11436
      vertex 0.799999 28 5.11436
    endloop
  endfacet
  facet normal -0.442303 0 0.896866
    outer loop
      vertex 0.799999 23 5.11436
      vertex 0.612293 28 5.02179
      vertex 0.612293 23 5.02179
    endloop
  endfacet
  facet normal -0.659362 0 0.751826
    outer loop
      vertex 0.974018 28 5.23063
      vertex 1.13137 23 5.36863
      vertex 1.13137 28 5.36863
    endloop
  endfacet
  facet normal -0.659362 0 0.751826
    outer loop
      vertex 1.13137 23 5.36863
      vertex 0.974018 28 5.23063
      vertex 0.974018 23 5.23063
    endloop
  endfacet
  facet normal 0.997858 -0 0.0654122
    outer loop
      vertex -1.6 23 6.5
      vertex -1.58631 28 6.29116
      vertex -1.6 28 6.5
    endloop
  endfacet
  facet normal 0.997858 0 0.0654122
    outer loop
      vertex -1.58631 28 6.29116
      vertex -1.6 23 6.5
      vertex -1.58631 23 6.29116
    endloop
  endfacet
  facet normal -0.751821 0 -0.659367
    outer loop
      vertex 1.26937 23 8.47402
      vertex 1.13137 28 8.63137
      vertex 1.26937 28 8.47402
    endloop
  endfacet
  facet normal -0.751821 -0 -0.659367
    outer loop
      vertex 1.13137 28 8.63137
      vertex 1.26937 23 8.47402
      vertex 1.13137 23 8.63137
    endloop
  endfacet
  facet normal -0.89687 0 -0.442295
    outer loop
      vertex 1.47821 23 8.11229
      vertex 1.38564 28 8.3
      vertex 1.47821 28 8.11229
    endloop
  endfacet
  facet normal -0.89687 -0 -0.442295
    outer loop
      vertex 1.38564 28 8.3
      vertex 1.47821 23 8.11229
      vertex 1.38564 23 8.3
    endloop
  endfacet
  facet normal -0.195088 0 -0.980786
    outer loop
      vertex 0.208841 23 9.08631
      vertex 0.41411 28 9.04548
      vertex 0.41411 23 9.04548
    endloop
  endfacet
  facet normal -0.195088 0 -0.980786
    outer loop
      vertex 0.41411 28 9.04548
      vertex 0.208841 23 9.08631
      vertex 0.208841 28 9.08631
    endloop
  endfacet
  facet normal -0.555551 0 -0.831482
    outer loop
      vertex 0.799999 23 8.88564
      vertex 0.974018 28 8.76937
      vertex 0.974018 23 8.76937
    endloop
  endfacet
  facet normal -0.555551 0 -0.831482
    outer loop
      vertex 0.974018 28 8.76937
      vertex 0.799999 23 8.88564
      vertex 0.799999 28 8.88564
    endloop
  endfacet
  facet normal -0.946935 0 -0.321426
    outer loop
      vertex 1.54548 23 7.91411
      vertex 1.47821 28 8.11229
      vertex 1.54548 28 7.91411
    endloop
  endfacet
  facet normal -0.946935 -0 -0.321426
    outer loop
      vertex 1.47821 28 8.11229
      vertex 1.54548 23 7.91411
      vertex 1.47821 23 8.11229
    endloop
  endfacet
  facet normal -0.751821 0 0.659367
    outer loop
      vertex 1.13137 23 5.36863
      vertex 1.26937 28 5.52598
      vertex 1.13137 28 5.36863
    endloop
  endfacet
  facet normal -0.751821 0 0.659367
    outer loop
      vertex 1.26937 28 5.52598
      vertex 1.13137 23 5.36863
      vertex 1.26937 23 5.52598
    endloop
  endfacet
  facet normal -0.831484 0 0.555549
    outer loop
      vertex 1.26937 23 5.52598
      vertex 1.38564 28 5.7
      vertex 1.26937 28 5.52598
    endloop
  endfacet
  facet normal -0.831484 0 0.555549
    outer loop
      vertex 1.38564 28 5.7
      vertex 1.26937 23 5.52598
      vertex 1.38564 23 5.7
    endloop
  endfacet
  facet normal -0.980786 0 0.195087
    outer loop
      vertex 1.54548 23 6.08589
      vertex 1.58631 28 6.29116
      vertex 1.54548 28 6.08589
    endloop
  endfacet
  facet normal -0.980786 0 0.195087
    outer loop
      vertex 1.58631 28 6.29116
      vertex 1.54548 23 6.08589
      vertex 1.58631 23 6.29116
    endloop
  endfacet
  facet normal -0.946935 0 0.321426
    outer loop
      vertex 1.47821 23 5.88771
      vertex 1.54548 28 6.08589
      vertex 1.47821 28 5.88771
    endloop
  endfacet
  facet normal -0.946935 0 0.321426
    outer loop
      vertex 1.54548 28 6.08589
      vertex 1.47821 23 5.88771
      vertex 1.54548 23 6.08589
    endloop
  endfacet
  facet normal 0.946935 -0 0.321426
    outer loop
      vertex -1.54548 23 6.08589
      vertex -1.47821 28 5.88771
      vertex -1.54548 28 6.08589
    endloop
  endfacet
  facet normal 0.946935 0 0.321426
    outer loop
      vertex -1.47821 28 5.88771
      vertex -1.54548 23 6.08589
      vertex -1.47821 23 5.88771
    endloop
  endfacet
  facet normal -0.321422 0 -0.946936
    outer loop
      vertex 0.41411 23 9.04548
      vertex 0.612293 28 8.97821
      vertex 0.612293 23 8.97821
    endloop
  endfacet
  facet normal -0.321422 0 -0.946936
    outer loop
      vertex 0.612293 28 8.97821
      vertex 0.41411 23 9.04548
      vertex 0.41411 28 9.04548
    endloop
  endfacet
  facet normal -0.555582 0 -0.831462
    outer loop
      vertex 2 23 17.4641
      vertex 2.43505 28 17.1734
      vertex 2.43505 23 17.1734
    endloop
  endfacet
  facet normal -0.555582 0 -0.831462
    outer loop
      vertex 2.43505 28 17.1734
      vertex 2 23 17.4641
      vertex 2 28 17.4641
    endloop
  endfacet
  facet normal 0.321469 0 -0.94692
    outer loop
      vertex -1.53073 23 17.6955
      vertex -1.03528 28 17.8637
      vertex -1.03528 23 17.8637
    endloop
  endfacet
  facet normal 0.321469 0 -0.94692
    outer loop
      vertex -1.03528 28 17.8637
      vertex -1.53073 23 17.6955
      vertex -1.53073 28 17.6955
    endloop
  endfacet
  facet normal 0.896883 0 -0.442268
    outer loop
      vertex -3.4641 23 16
      vertex -3.69552 28 15.5307
      vertex -3.4641 28 16
    endloop
  endfacet
  facet normal 0.896883 0 -0.442268
    outer loop
      vertex -3.69552 28 15.5307
      vertex -3.4641 23 16
      vertex -3.69552 23 15.5307
    endloop
  endfacet
  facet normal 0.44226 0 0.896887
    outer loop
      vertex -2 28 10.5359
      vertex -1.53073 23 10.3045
      vertex -1.53073 28 10.3045
    endloop
  endfacet
  facet normal 0.44226 0 0.896887
    outer loop
      vertex -1.53073 23 10.3045
      vertex -2 28 10.5359
      vertex -2 23 10.5359
    endloop
  endfacet
  facet normal -0.896883 0 -0.442268
    outer loop
      vertex 3.69552 23 15.5307
      vertex 3.4641 28 16
      vertex 3.69552 28 15.5307
    endloop
  endfacet
  facet normal -0.896883 -0 -0.442268
    outer loop
      vertex 3.4641 28 16
      vertex 3.69552 23 15.5307
      vertex 3.4641 23 16
    endloop
  endfacet
  facet normal -0.831441 0 -0.555613
    outer loop
      vertex 3.4641 23 16
      vertex 3.17341 28 16.435
      vertex 3.4641 28 16
    endloop
  endfacet
  facet normal -0.831441 -0 -0.555613
    outer loop
      vertex 3.17341 28 16.435
      vertex 3.4641 23 16
      vertex 3.17341 23 16.435
    endloop
  endfacet
  facet normal -0.44226 0 -0.896887
    outer loop
      vertex 1.53073 23 17.6955
      vertex 2 28 17.4641
      vertex 2 23 17.4641
    endloop
  endfacet
  facet normal -0.44226 0 -0.896887
    outer loop
      vertex 2 28 17.4641
      vertex 1.53073 23 17.6955
      vertex 1.53073 28 17.6955
    endloop
  endfacet
  facet normal -0.0653641 0 -0.997861
    outer loop
      vertex 0 23 18
      vertex 0.522104 28 17.9658
      vertex 0.522104 23 17.9658
    endloop
  endfacet
  facet normal -0.0653641 0 -0.997861
    outer loop
      vertex 0.522104 28 17.9658
      vertex 0 23 18
      vertex 0 28 18
    endloop
  endfacet
  facet normal 0.997859 0 -0.0654027
    outer loop
      vertex -3.96578 23 14.5221
      vertex -4 28 14
      vertex -3.96578 28 14.5221
    endloop
  endfacet
  facet normal 0.997859 0 -0.0654027
    outer loop
      vertex -4 28 14
      vertex -3.96578 23 14.5221
      vertex -4 23 14
    endloop
  endfacet
  facet normal 0.751861 0 -0.659321
    outer loop
      vertex -2.82843 23 16.8284
      vertex -3.17341 28 16.435
      vertex -2.82843 28 16.8284
    endloop
  endfacet
  facet normal 0.751861 0 -0.659321
    outer loop
      vertex -3.17341 28 16.435
      vertex -2.82843 23 16.8284
      vertex -3.17341 23 16.435
    endloop
  endfacet
  facet normal 0.0653641 0 -0.997861
    outer loop
      vertex -0.522104 23 17.9658
      vertex 0 28 18
      vertex 0 23 18
    endloop
  endfacet
  facet normal 0.0653641 0 -0.997861
    outer loop
      vertex 0 28 18
      vertex -0.522104 23 17.9658
      vertex -0.522104 28 17.9658
    endloop
  endfacet
  facet normal 0.659362 0 -0.751826
    outer loop
      vertex -2.82843 23 16.8284
      vertex -2.43505 28 17.1734
      vertex -2.43505 23 17.1734
    endloop
  endfacet
  facet normal 0.659362 0 -0.751826
    outer loop
      vertex -2.43505 28 17.1734
      vertex -2.82843 23 16.8284
      vertex -2.82843 28 16.8284
    endloop
  endfacet
  facet normal -0.997859 0 -0.0654027
    outer loop
      vertex 4 23 14
      vertex 3.96578 28 14.5221
      vertex 4 28 14
    endloop
  endfacet
  facet normal -0.997859 -0 -0.0654027
    outer loop
      vertex 3.96578 28 14.5221
      vertex 4 23 14
      vertex 3.96578 23 14.5221
    endloop
  endfacet
  facet normal -0.946922 0 0.321464
    outer loop
      vertex 3.69552 23 12.4693
      vertex 3.8637 28 12.9647
      vertex 3.69552 28 12.4693
    endloop
  endfacet
  facet normal -0.946922 0 0.321464
    outer loop
      vertex 3.8637 28 12.9647
      vertex 3.69552 23 12.4693
      vertex 3.8637 23 12.9647
    endloop
  endfacet
  facet normal -0.555582 0 0.831462
    outer loop
      vertex 2 28 10.5359
      vertex 2.43505 23 10.8266
      vertex 2.43505 28 10.8266
    endloop
  endfacet
  facet normal -0.555582 0 0.831462
    outer loop
      vertex 2.43505 23 10.8266
      vertex 2 28 10.5359
      vertex 2 23 10.5359
    endloop
  endfacet
  facet normal 0.0653641 0 0.997861
    outer loop
      vertex -0.522104 28 10.0342
      vertex 0 23 10
      vertex 0 28 10
    endloop
  endfacet
  facet normal 0.0653641 0 0.997861
    outer loop
      vertex 0 23 10
      vertex -0.522104 28 10.0342
      vertex -0.522104 23 10.0342
    endloop
  endfacet
  facet normal 0.659362 0 0.751826
    outer loop
      vertex -2.82843 28 11.1716
      vertex -2.43505 23 10.8266
      vertex -2.43505 28 10.8266
    endloop
  endfacet
  facet normal 0.659362 0 0.751826
    outer loop
      vertex -2.43505 23 10.8266
      vertex -2.82843 28 11.1716
      vertex -2.82843 23 11.1716
    endloop
  endfacet
  facet normal 0.997859 -0 0.0654027
    outer loop
      vertex -4 23 14
      vertex -3.96578 28 13.4779
      vertex -4 28 14
    endloop
  endfacet
  facet normal 0.997859 0 0.0654027
    outer loop
      vertex -3.96578 28 13.4779
      vertex -4 23 14
      vertex -3.96578 23 13.4779
    endloop
  endfacet
  facet normal -0.980786 0 -0.195087
    outer loop
      vertex 3.96578 23 14.5221
      vertex 3.8637 28 15.0353
      vertex 3.96578 28 14.5221
    endloop
  endfacet
  facet normal -0.980786 -0 -0.195087
    outer loop
      vertex 3.8637 28 15.0353
      vertex 3.96578 23 14.5221
      vertex 3.8637 23 15.0353
    endloop
  endfacet
  facet normal -0.946922 0 -0.321464
    outer loop
      vertex 3.8637 23 15.0353
      vertex 3.69552 28 15.5307
      vertex 3.8637 28 15.0353
    endloop
  endfacet
  facet normal -0.946922 -0 -0.321464
    outer loop
      vertex 3.69552 28 15.5307
      vertex 3.8637 23 15.0353
      vertex 3.69552 23 15.5307
    endloop
  endfacet
  facet normal -0.751861 0 -0.659321
    outer loop
      vertex 3.17341 23 16.435
      vertex 2.82843 28 16.8284
      vertex 3.17341 28 16.435
    endloop
  endfacet
  facet normal -0.751861 -0 -0.659321
    outer loop
      vertex 2.82843 28 16.8284
      vertex 3.17341 23 16.435
      vertex 2.82843 23 16.8284
    endloop
  endfacet
  facet normal -0.659362 0 -0.751826
    outer loop
      vertex 2.43505 23 17.1734
      vertex 2.82843 28 16.8284
      vertex 2.82843 23 16.8284
    endloop
  endfacet
  facet normal -0.659362 0 -0.751826
    outer loop
      vertex 2.82843 28 16.8284
      vertex 2.43505 23 17.1734
      vertex 2.43505 28 17.1734
    endloop
  endfacet
  facet normal -0.321469 0 -0.94692
    outer loop
      vertex 1.03528 23 17.8637
      vertex 1.53073 28 17.6955
      vertex 1.53073 23 17.6955
    endloop
  endfacet
  facet normal -0.321469 0 -0.94692
    outer loop
      vertex 1.53073 28 17.6955
      vertex 1.03528 23 17.8637
      vertex 1.03528 28 17.8637
    endloop
  endfacet
  facet normal -0.195133 0 -0.980777
    outer loop
      vertex 0.522104 23 17.9658
      vertex 1.03528 28 17.8637
      vertex 1.03528 23 17.8637
    endloop
  endfacet
  facet normal -0.195133 0 -0.980777
    outer loop
      vertex 1.03528 28 17.8637
      vertex 0.522104 23 17.9658
      vertex 0.522104 28 17.9658
    endloop
  endfacet
  facet normal 0.946922 0 -0.321464
    outer loop
      vertex -3.69552 23 15.5307
      vertex -3.8637 28 15.0353
      vertex -3.69552 28 15.5307
    endloop
  endfacet
  facet normal 0.946922 0 -0.321464
    outer loop
      vertex -3.8637 28 15.0353
      vertex -3.69552 23 15.5307
      vertex -3.8637 23 15.0353
    endloop
  endfacet
  facet normal 0.980786 0 -0.195087
    outer loop
      vertex -3.8637 23 15.0353
      vertex -3.96578 28 14.5221
      vertex -3.8637 28 15.0353
    endloop
  endfacet
  facet normal 0.980786 0 -0.195087
    outer loop
      vertex -3.96578 28 14.5221
      vertex -3.8637 23 15.0353
      vertex -3.96578 23 14.5221
    endloop
  endfacet
  facet normal 0.831441 0 -0.555613
    outer loop
      vertex -3.17341 23 16.435
      vertex -3.4641 28 16
      vertex -3.17341 28 16.435
    endloop
  endfacet
  facet normal 0.831441 0 -0.555613
    outer loop
      vertex -3.4641 28 16
      vertex -3.17341 23 16.435
      vertex -3.4641 23 16
    endloop
  endfacet
  facet normal 0.195133 0 -0.980777
    outer loop
      vertex -1.03528 23 17.8637
      vertex -0.522104 28 17.9658
      vertex -0.522104 23 17.9658
    endloop
  endfacet
  facet normal 0.195133 0 -0.980777
    outer loop
      vertex -0.522104 28 17.9658
      vertex -1.03528 23 17.8637
      vertex -1.03528 28 17.8637
    endloop
  endfacet
  facet normal 0.555582 0 -0.831462
    outer loop
      vertex -2.43505 23 17.1734
      vertex -2 28 17.4641
      vertex -2 23 17.4641
    endloop
  endfacet
  facet normal 0.555582 0 -0.831462
    outer loop
      vertex -2 28 17.4641
      vertex -2.43505 23 17.1734
      vertex -2.43505 28 17.1734
    endloop
  endfacet
  facet normal 0.44226 0 -0.896887
    outer loop
      vertex -2 23 17.4641
      vertex -1.53073 28 17.6955
      vertex -1.53073 23 17.6955
    endloop
  endfacet
  facet normal 0.44226 0 -0.896887
    outer loop
      vertex -1.53073 28 17.6955
      vertex -2 23 17.4641
      vertex -2 28 17.4641
    endloop
  endfacet
  facet normal -0.997859 0 0.0654027
    outer loop
      vertex 3.96578 23 13.4779
      vertex 4 28 14
      vertex 3.96578 28 13.4779
    endloop
  endfacet
  facet normal -0.997859 0 0.0654027
    outer loop
      vertex 4 28 14
      vertex 3.96578 23 13.4779
      vertex 4 23 14
    endloop
  endfacet
  facet normal -0.0653641 0 0.997861
    outer loop
      vertex 0 28 10
      vertex 0.522104 23 10.0342
      vertex 0.522104 28 10.0342
    endloop
  endfacet
  facet normal -0.0653641 0 0.997861
    outer loop
      vertex 0.522104 23 10.0342
      vertex 0 28 10
      vertex 0 23 10
    endloop
  endfacet
  facet normal -0.321469 0 0.94692
    outer loop
      vertex 1.03528 28 10.1363
      vertex 1.53073 23 10.3045
      vertex 1.53073 28 10.3045
    endloop
  endfacet
  facet normal -0.321469 0 0.94692
    outer loop
      vertex 1.53073 23 10.3045
      vertex 1.03528 28 10.1363
      vertex 1.03528 23 10.1363
    endloop
  endfacet
  facet normal -0.659362 0 0.751826
    outer loop
      vertex 2.43505 28 10.8266
      vertex 2.82843 23 11.1716
      vertex 2.82843 28 11.1716
    endloop
  endfacet
  facet normal -0.659362 0 0.751826
    outer loop
      vertex 2.82843 23 11.1716
      vertex 2.43505 28 10.8266
      vertex 2.43505 23 10.8266
    endloop
  endfacet
  facet normal 0.321469 0 0.94692
    outer loop
      vertex -1.53073 28 10.3045
      vertex -1.03528 23 10.1363
      vertex -1.03528 28 10.1363
    endloop
  endfacet
  facet normal 0.321469 0 0.94692
    outer loop
      vertex -1.03528 23 10.1363
      vertex -1.53073 28 10.3045
      vertex -1.53073 23 10.3045
    endloop
  endfacet
  facet normal 0.555582 0 0.831462
    outer loop
      vertex -2.43505 28 10.8266
      vertex -2 23 10.5359
      vertex -2 28 10.5359
    endloop
  endfacet
  facet normal 0.555582 0 0.831462
    outer loop
      vertex -2 23 10.5359
      vertex -2.43505 28 10.8266
      vertex -2.43505 23 10.8266
    endloop
  endfacet
  facet normal 0.980786 -0 0.195087
    outer loop
      vertex -3.96578 23 13.4779
      vertex -3.8637 28 12.9647
      vertex -3.96578 28 13.4779
    endloop
  endfacet
  facet normal 0.980786 0 0.195087
    outer loop
      vertex -3.8637 28 12.9647
      vertex -3.96578 23 13.4779
      vertex -3.8637 23 12.9647
    endloop
  endfacet
  facet normal 0.751861 -0 0.659321
    outer loop
      vertex -3.17341 23 11.565
      vertex -2.82843 28 11.1716
      vertex -3.17341 28 11.565
    endloop
  endfacet
  facet normal 0.751861 0 0.659321
    outer loop
      vertex -2.82843 28 11.1716
      vertex -3.17341 23 11.565
      vertex -2.82843 23 11.1716
    endloop
  endfacet
  facet normal 0.896883 -0 0.442268
    outer loop
      vertex -3.69552 23 12.4693
      vertex -3.4641 28 12
      vertex -3.69552 28 12.4693
    endloop
  endfacet
  facet normal 0.896883 0 0.442268
    outer loop
      vertex -3.4641 28 12
      vertex -3.69552 23 12.4693
      vertex -3.4641 23 12
    endloop
  endfacet
  facet normal -0.980786 0 0.195087
    outer loop
      vertex 3.8637 23 12.9647
      vertex 3.96578 28 13.4779
      vertex 3.8637 28 12.9647
    endloop
  endfacet
  facet normal -0.980786 0 0.195087
    outer loop
      vertex 3.96578 28 13.4779
      vertex 3.8637 23 12.9647
      vertex 3.96578 23 13.4779
    endloop
  endfacet
  facet normal -0.896883 0 0.442268
    outer loop
      vertex 3.4641 23 12
      vertex 3.69552 28 12.4693
      vertex 3.4641 28 12
    endloop
  endfacet
  facet normal -0.896883 0 0.442268
    outer loop
      vertex 3.69552 28 12.4693
      vertex 3.4641 23 12
      vertex 3.69552 23 12.4693
    endloop
  endfacet
  facet normal -0.831441 0 0.555613
    outer loop
      vertex 3.17341 23 11.565
      vertex 3.4641 28 12
      vertex 3.17341 28 11.565
    endloop
  endfacet
  facet normal -0.831441 0 0.555613
    outer loop
      vertex 3.4641 28 12
      vertex 3.17341 23 11.565
      vertex 3.4641 23 12
    endloop
  endfacet
  facet normal -0.195133 0 0.980777
    outer loop
      vertex 0.522104 28 10.0342
      vertex 1.03528 23 10.1363
      vertex 1.03528 28 10.1363
    endloop
  endfacet
  facet normal -0.195133 0 0.980777
    outer loop
      vertex 1.03528 23 10.1363
      vertex 0.522104 28 10.0342
      vertex 0.522104 23 10.0342
    endloop
  endfacet
  facet normal -0.44226 0 0.896887
    outer loop
      vertex 1.53073 28 10.3045
      vertex 2 23 10.5359
      vertex 2 28 10.5359
    endloop
  endfacet
  facet normal -0.44226 0 0.896887
    outer loop
      vertex 2 23 10.5359
      vertex 1.53073 28 10.3045
      vertex 1.53073 23 10.3045
    endloop
  endfacet
  facet normal -0.751861 0 0.659321
    outer loop
      vertex 2.82843 23 11.1716
      vertex 3.17341 28 11.565
      vertex 2.82843 28 11.1716
    endloop
  endfacet
  facet normal -0.751861 0 0.659321
    outer loop
      vertex 3.17341 28 11.565
      vertex 2.82843 23 11.1716
      vertex 3.17341 23 11.565
    endloop
  endfacet
  facet normal 0.195133 0 0.980777
    outer loop
      vertex -1.03528 28 10.1363
      vertex -0.522104 23 10.0342
      vertex -0.522104 28 10.0342
    endloop
  endfacet
  facet normal 0.195133 0 0.980777
    outer loop
      vertex -0.522104 23 10.0342
      vertex -1.03528 28 10.1363
      vertex -1.03528 23 10.1363
    endloop
  endfacet
  facet normal 0.946922 -0 0.321464
    outer loop
      vertex -3.8637 23 12.9647
      vertex -3.69552 28 12.4693
      vertex -3.8637 28 12.9647
    endloop
  endfacet
  facet normal 0.946922 0 0.321464
    outer loop
      vertex -3.69552 28 12.4693
      vertex -3.8637 23 12.9647
      vertex -3.69552 23 12.4693
    endloop
  endfacet
  facet normal 0.831441 -0 0.555613
    outer loop
      vertex -3.4641 23 12
      vertex -3.17341 28 11.565
      vertex -3.4641 28 12
    endloop
  endfacet
  facet normal 0.831441 0 0.555613
    outer loop
      vertex -3.17341 28 11.565
      vertex -3.4641 23 12
      vertex -3.17341 23 11.565
    endloop
  endfacet
  facet normal 0.442292 0 -0.896871
    outer loop
      vertex 5.35756 23 1.06569
      vertex 7 28 1.87566
      vertex 7 23 1.87566
    endloop
  endfacet
  facet normal 0.442292 0 -0.896871
    outer loop
      vertex 7 28 1.87566
      vertex 5.35756 23 1.06569
      vertex 5.35756 28 1.06569
    endloop
  endfacet
  facet normal 0.555571 0 -0.831469
    outer loop
      vertex 7 23 1.87566
      vertex 8.52266 28 2.89307
      vertex 8.52266 23 2.89307
    endloop
  endfacet
  facet normal 0.555571 0 -0.831469
    outer loop
      vertex 8.52266 28 2.89307
      vertex 7 23 1.87566
      vertex 7 28 1.87566
    endloop
  endfacet
  facet normal 0.321435 0 -0.946932
    outer loop
      vertex 3.62346 23 0.477051
      vertex 5.35756 28 1.06569
      vertex 5.35756 23 1.06569
    endloop
  endfacet
  facet normal 0.321435 0 -0.946932
    outer loop
      vertex 5.35756 28 1.06569
      vertex 3.62346 23 0.477051
      vertex 3.62346 28 0.477051
    endloop
  endfacet
  facet normal 0 1 0
    outer loop
      vertex -79.2742 28 22.1985
      vertex -81.4922 28 13.4447
      vertex -81.7206 28 13.4597
    endloop
  endfacet
  facet normal 0 1 0
    outer loop
      vertex -9.08631 28 13.7912
      vertex -81.2677 28 13.4001
      vertex -81.4922 28 13.4447
    endloop
  endfacet
  facet normal 0 1 0
    outer loop
      vertex -80.0302 28 11.2568
      vertex -9.04548 28 13.5859
      vertex -8.97821 28 13.3877
    endloop
  endfacet
  facet normal 0 1 0
    outer loop
      vertex -9.08631 28 13.7912
      vertex -81.0509 28 13.3265
      vertex -81.2677 28 13.4001
    endloop
  endfacet
  facet normal 0 1 0
    outer loop
      vertex -9.08631 28 13.7912
      vertex -80.8456 28 13.2252
      vertex -81.0509 28 13.3265
    endloop
  endfacet
  facet normal 0 1 0
    outer loop
      vertex -80.1038 28 11.04
      vertex -8.97821 28 13.3877
      vertex -8.88564 28 13.2
    endloop
  endfacet
  facet normal 0 1 0
    outer loop
      vertex -9.08631 28 13.7912
      vertex -80.6553 28 13.0981
      vertex -80.8456 28 13.2252
    endloop
  endfacet
  facet normal 0 1 0
    outer loop
      vertex -80.205 28 10.8347
      vertex -8.88564 28 13.2
      vertex -8.76937 28 13.026
    endloop
  endfacet
  facet normal 0 1 0
    outer loop
      vertex -9.08631 28 13.7912
      vertex -80.4832 28 12.9471
      vertex -80.6553 28 13.0981
    endloop
  endfacet
  facet normal 0 1 0
    outer loop
      vertex -84.1669 28 1.22089
      vertex -8.76937 28 13.026
      vertex -8.63137 28 12.8686
    endloop
  endfacet
  facet normal 0 1 0
    outer loop
      vertex -9.08631 28 13.7912
      vertex -80.3322 28 12.775
      vertex -80.4832 28 12.9471
    endloop
  endfacet
  facet normal 0 1 0
    outer loop
      vertex 0 28 0
      vertex -8.63137 28 12.8686
      vertex -8.47402 28 12.7306
    endloop
  endfacet
  facet normal 0 1 0
    outer loop
      vertex 0 28 0
      vertex -8.47402 28 12.7306
      vertex -8.3 28 12.6144
    endloop
  endfacet
  facet normal 0 1 0
    outer loop
      vertex -9.08631 28 13.7912
      vertex -80.205 28 12.5847
      vertex -80.3322 28 12.775
    endloop
  endfacet
  facet normal 0 1 0
    outer loop
      vertex 0 28 0
      vertex -8.3 28 12.6144
      vertex -8.11229 28 12.5218
    endloop
  endfacet
  facet normal 0 1 0
    outer loop
      vertex -1.47821 28 5.88771
      vertex -8.11229 28 12.5218
      vertex -7.91411 28 12.4545
    endloop
  endfacet
  facet normal 0 1 0
    outer loop
      vertex -1.54548 28 6.08589
      vertex -7.91411 28 12.4545
      vertex -7.70884 28 12.4137
    endloop
  endfacet
  facet normal 0 1 0
    outer loop
      vertex -1.58631 28 6.29116
      vertex -7.70884 28 12.4137
      vertex -7.5 28 12.4
    endloop
  endfacet
  facet normal 0 1 0
    outer loop
      vertex -9.08631 28 13.7912
      vertex -80.1038 28 12.3794
      vertex -80.205 28 12.5847
    endloop
  endfacet
  facet normal 0 1 0
    outer loop
      vertex -1.58631 28 20.2912
      vertex -6.29116 28 15.5863
      vertex -6.5 28 15.6
    endloop
  endfacet
  facet normal 0 1 0
    outer loop
      vertex -3.17341 28 16.435
      vertex -6.08589 28 15.5455
      vertex -6.29116 28 15.5863
    endloop
  endfacet
  facet normal 0 1 0
    outer loop
      vertex -5.52598 28 15.2694
      vertex -3.4641 28 16
      vertex -3.69552 28 15.5307
    endloop
  endfacet
  facet normal 0 1 0
    outer loop
      vertex -3.17341 28 16.435
      vertex -5.88771 28 15.4782
      vertex -6.08589 28 15.5455
    endloop
  endfacet
  facet normal 0 1 0
    outer loop
      vertex -3.4641 28 16
      vertex -5.7 28 15.3856
      vertex -5.88771 28 15.4782
    endloop
  endfacet
  facet normal 0 1 0
    outer loop
      vertex -3.4641 28 16
      vertex -5.52598 28 15.2694
      vertex -5.7 28 15.3856
    endloop
  endfacet
  facet normal 0 1 0
    outer loop
      vertex -3.69552 28 15.5307
      vertex -5.36863 28 15.1314
      vertex -5.52598 28 15.2694
    endloop
  endfacet
  facet normal 0 1 0
    outer loop
      vertex -5.23063 28 14.974
      vertex -3.69552 28 15.5307
      vertex -3.8637 28 15.0353
    endloop
  endfacet
  facet normal 0 1 0
    outer loop
      vertex -3.69552 28 15.5307
      vertex -5.23063 28 14.974
      vertex -5.36863 28 15.1314
    endloop
  endfacet
  facet normal 0 1 0
    outer loop
      vertex -3.8637 28 15.0353
      vertex -5.11436 28 14.8
      vertex -5.23063 28 14.974
    endloop
  endfacet
  facet normal 0 1 0
    outer loop
      vertex -3.8637 28 15.0353
      vertex -5.02179 28 14.6123
      vertex -5.11436 28 14.8
    endloop
  endfacet
  facet normal 0 1 -0
    outer loop
      vertex -3.96578 28 14.5221
      vertex -5.02179 28 14.6123
      vertex -3.8637 28 15.0353
    endloop
  endfacet
  facet normal 0 1 0
    outer loop
      vertex -3.96578 28 14.5221
      vertex -4.95452 28 14.4141
      vertex -5.02179 28 14.6123
    endloop
  endfacet
  facet normal 0 1 0
    outer loop
      vertex -3.96578 28 14.5221
      vertex -4.91369 28 14.2088
      vertex -4.95452 28 14.4141
    endloop
  endfacet
  facet normal 0 1 -0
    outer loop
      vertex -4 28 14
      vertex -4.91369 28 14.2088
      vertex -3.96578 28 14.5221
    endloop
  endfacet
  facet normal 0 1 0
    outer loop
      vertex -4 28 14
      vertex -4.9 28 14
      vertex -4.91369 28 14.2088
    endloop
  endfacet
  facet normal 0 1 0
    outer loop
      vertex -4 28 14
      vertex -4.91369 28 13.7912
      vertex -4.9 28 14
    endloop
  endfacet
  facet normal 0 1 0
    outer loop
      vertex -3.96578 28 13.4779
      vertex -4.91369 28 13.7912
      vertex -4 28 14
    endloop
  endfacet
  facet normal 0 1 0
    outer loop
      vertex -4.91369 28 13.7912
      vertex -3.96578 28 13.4779
      vertex -4.95452 28 13.5859
    endloop
  endfacet
  facet normal 0 1 0
    outer loop
      vertex -3.96578 28 13.4779
      vertex -5.02179 28 13.3877
      vertex -4.95452 28 13.5859
    endloop
  endfacet
  facet normal 0 1 0
    outer loop
      vertex -3.8637 28 12.9647
      vertex -5.02179 28 13.3877
      vertex -3.96578 28 13.4779
    endloop
  endfacet
  facet normal 0 1 0
    outer loop
      vertex -5.02179 28 13.3877
      vertex -3.8637 28 12.9647
      vertex -5.11436 28 13.2
    endloop
  endfacet
  facet normal 0 1 0
    outer loop
      vertex -5.11436 28 13.2
      vertex -3.8637 28 12.9647
      vertex -5.23063 28 13.026
    endloop
  endfacet
  facet normal 0 1 0
    outer loop
      vertex -3.69552 28 12.4693
      vertex -5.23063 28 13.026
      vertex -3.8637 28 12.9647
    endloop
  endfacet
  facet normal 0 1 0
    outer loop
      vertex -5.23063 28 13.026
      vertex -3.69552 28 12.4693
      vertex -5.36863 28 12.8686
    endloop
  endfacet
  facet normal 0 1 0
    outer loop
      vertex -5.36863 28 12.8686
      vertex -3.69552 28 12.4693
      vertex -5.52598 28 12.7306
    endloop
  endfacet
  facet normal 0 1 0
    outer loop
      vertex -3.4641 28 12
      vertex -5.52598 28 12.7306
      vertex -3.69552 28 12.4693
    endloop
  endfacet
  facet normal 0 1 0
    outer loop
      vertex -5.52598 28 12.7306
      vertex -3.4641 28 12
      vertex -5.7 28 12.6144
    endloop
  endfacet
  facet normal 0 1 0
    outer loop
      vertex -5.7 28 12.6144
      vertex -3.4641 28 12
      vertex -5.88771 28 12.5218
    endloop
  endfacet
  facet normal 0 1 0
    outer loop
      vertex -3.17341 28 11.565
      vertex -5.88771 28 12.5218
      vertex -3.4641 28 12
    endloop
  endfacet
  facet normal 0 1 0
    outer loop
      vertex -5.88771 28 12.5218
      vertex -3.17341 28 11.565
      vertex -6.08589 28 12.4545
    endloop
  endfacet
  facet normal 0 1 0
    outer loop
      vertex -1.6 28 6.5
      vertex -7.5 28 12.4
      vertex -6.5 28 12.4
    endloop
  endfacet
  facet normal 0 1 0
    outer loop
      vertex -9.08631 28 13.7912
      vertex -80.0302 28 12.1626
      vertex -80.1038 28 12.3794
    endloop
  endfacet
  facet normal 0 1 0
    outer loop
      vertex -2.82843 28 11.1716
      vertex -6.08589 28 12.4545
      vertex -3.17341 28 11.565
    endloop
  endfacet
  facet normal 0 1 0
    outer loop
      vertex -6.08589 28 12.4545
      vertex -2.82843 28 11.1716
      vertex -6.29116 28 12.4137
    endloop
  endfacet
  facet normal 0 1 0
    outer loop
      vertex -9.08631 28 13.7912
      vertex -79.9856 28 11.9381
      vertex -80.0302 28 12.1626
    endloop
  endfacet
  facet normal 0 1 0
    outer loop
      vertex -9.08631 28 13.7912
      vertex -79.9706 28 11.7097
      vertex -79.9856 28 11.9381
    endloop
  endfacet
  facet normal 0 1 0
    outer loop
      vertex -1.58631 28 7.70884
      vertex -6.29116 28 12.4137
      vertex -2.82843 28 11.1716
    endloop
  endfacet
  facet normal 0 1 0
    outer loop
      vertex -9.08631 28 13.7912
      vertex -79.9856 28 11.4813
      vertex -79.9706 28 11.7097
    endloop
  endfacet
  facet normal 0 1 0
    outer loop
      vertex -9.04548 28 13.5859
      vertex -80.0302 28 11.2568
      vertex -79.9856 28 11.4813
    endloop
  endfacet
  facet normal 0 1 0
    outer loop
      vertex -6.29116 28 12.4137
      vertex -1.58631 28 7.70884
      vertex -6.5 28 12.4
    endloop
  endfacet
  facet normal 0 1 0
    outer loop
      vertex -7.70884 28 12.4137
      vertex -1.58631 28 6.29116
      vertex -1.54548 28 6.08589
    endloop
  endfacet
  facet normal 0 1 0
    outer loop
      vertex -8.97821 28 13.3877
      vertex -80.1038 28 11.04
      vertex -80.0302 28 11.2568
    endloop
  endfacet
  facet normal 0 1 0
    outer loop
      vertex -1.54548 28 7.91411
      vertex -2.82843 28 11.1716
      vertex -2.43505 28 10.8266
    endloop
  endfacet
  facet normal 0 1 0
    outer loop
      vertex -7.91411 28 12.4545
      vertex -1.54548 28 6.08589
      vertex -1.47821 28 5.88771
    endloop
  endfacet
  facet normal 0 1 0
    outer loop
      vertex -1.47821 28 8.11229
      vertex -2.43505 28 10.8266
      vertex -2 28 10.5359
    endloop
  endfacet
  facet normal 0 1 0
    outer loop
      vertex -7.5 28 12.4
      vertex -1.6 28 6.5
      vertex -1.58631 28 6.29116
    endloop
  endfacet
  facet normal 0 1 0
    outer loop
      vertex -8.88564 28 13.2
      vertex -80.205 28 10.8347
      vertex -80.1038 28 11.04
    endloop
  endfacet
  facet normal 0 1 0
    outer loop
      vertex -1.26937 28 8.47402
      vertex -2 28 10.5359
      vertex -1.53073 28 10.3045
    endloop
  endfacet
  facet normal 0 1 0
    outer loop
      vertex -6.5 28 12.4
      vertex -1.58631 28 7.70884
      vertex -1.6 28 7.5
    endloop
  endfacet
  facet normal 0 1 0
    outer loop
      vertex -0.974018 28 8.76937
      vertex -1.53073 28 10.3045
      vertex -1.03528 28 10.1363
    endloop
  endfacet
  facet normal 0 1 0
    outer loop
      vertex -2.82843 28 11.1716
      vertex -1.54548 28 7.91411
      vertex -1.58631 28 7.70884
    endloop
  endfacet
  facet normal 0 1 -0
    outer loop
      vertex -0.612293 28 8.97821
      vertex -1.03528 28 10.1363
      vertex -0.522104 28 10.0342
    endloop
  endfacet
  facet normal 0 1 0
    outer loop
      vertex -2 28 10.5359
      vertex -1.38564 28 8.3
      vertex -1.47821 28 8.11229
    endloop
  endfacet
  facet normal 0 1 -0
    outer loop
      vertex -0.208841 28 9.08631
      vertex -0.522104 28 10.0342
      vertex 0 28 10
    endloop
  endfacet
  facet normal 0 1 0
    outer loop
      vertex -2 28 10.5359
      vertex -1.26937 28 8.47402
      vertex -1.38564 28 8.3
    endloop
  endfacet
  facet normal 0 1 0
    outer loop
      vertex 11.1069 28 22.5227
      vertex 7.70884 28 15.5863
      vertex 7.5 28 15.6
    endloop
  endfacet
  facet normal 0 1 0
    outer loop
      vertex 13.5229 28 17.6235
      vertex 7.91411 28 15.5455
      vertex 7.70884 28 15.5863
    endloop
  endfacet
  facet normal 0 1 0
    outer loop
      vertex 13.5229 28 17.6235
      vertex 8.11229 28 15.4782
      vertex 7.91411 28 15.5455
    endloop
  endfacet
  facet normal 0 1 0
    outer loop
      vertex 13.5229 28 17.6235
      vertex 8.3 28 15.3856
      vertex 8.11229 28 15.4782
    endloop
  endfacet
  facet normal 0 1 0
    outer loop
      vertex 13.5229 28 17.6235
      vertex 8.47402 28 15.2694
      vertex 8.3 28 15.3856
    endloop
  endfacet
  facet normal 0 1 0
    outer loop
      vertex 13.5229 28 17.6235
      vertex 8.63137 28 15.1314
      vertex 8.47402 28 15.2694
    endloop
  endfacet
  facet normal 0 1 0
    outer loop
      vertex 13.5229 28 17.6235
      vertex 8.76937 28 14.974
      vertex 8.63137 28 15.1314
    endloop
  endfacet
  facet normal 0 1 0
    outer loop
      vertex 13.5229 28 17.6235
      vertex 8.88564 28 14.8
      vertex 8.76937 28 14.974
    endloop
  endfacet
  facet normal 0 1 0
    outer loop
      vertex 13.8802 28 15.8274
      vertex 8.97821 28 14.6123
      vertex 8.88564 28 14.8
    endloop
  endfacet
  facet normal 0 1 0
    outer loop
      vertex 13.8802 28 15.8274
      vertex 9.04548 28 14.4141
      vertex 8.97821 28 14.6123
    endloop
  endfacet
  facet normal 0 1 0
    outer loop
      vertex 13.8802 28 15.8274
      vertex 9.08631 28 14.2088
      vertex 9.04548 28 14.4141
    endloop
  endfacet
  facet normal 0 1 0
    outer loop
      vertex 14 28 14
      vertex 9.08631 28 14.2088
      vertex 13.8802 28 15.8274
    endloop
  endfacet
  facet normal 0 1 0
    outer loop
      vertex 14 28 14
      vertex 9.1 28 14
      vertex 9.08631 28 14.2088
    endloop
  endfacet
  facet normal 0 1 0
    outer loop
      vertex 14 28 14
      vertex 9.08631 28 13.7912
      vertex 9.1 28 14
    endloop
  endfacet
  facet normal 0 1 -0
    outer loop
      vertex 13.8802 28 12.1726
      vertex 9.08631 28 13.7912
      vertex 14 28 14
    endloop
  endfacet
  facet normal 0 1 0
    outer loop
      vertex 9.08631 28 13.7912
      vertex 13.8802 28 12.1726
      vertex 9.04548 28 13.5859
    endloop
  endfacet
  facet normal 0 1 0
    outer loop
      vertex 9.04548 28 13.5859
      vertex 13.8802 28 12.1726
      vertex 8.97821 28 13.3877
    endloop
  endfacet
  facet normal 0 1 0
    outer loop
      vertex 8.97821 28 13.3877
      vertex 13.8802 28 12.1726
      vertex 8.88564 28 13.2
    endloop
  endfacet
  facet normal 0 1 -0
    outer loop
      vertex 13.5229 28 10.3765
      vertex 8.88564 28 13.2
      vertex 13.8802 28 12.1726
    endloop
  endfacet
  facet normal 0 1 0
    outer loop
      vertex 8.88564 28 13.2
      vertex 13.5229 28 10.3765
      vertex 8.76937 28 13.026
    endloop
  endfacet
  facet normal 0 1 0
    outer loop
      vertex 8.76937 28 13.026
      vertex 13.5229 28 10.3765
      vertex 8.63137 28 12.8686
    endloop
  endfacet
  facet normal 0 1 0
    outer loop
      vertex 8.63137 28 12.8686
      vertex 13.5229 28 10.3765
      vertex 8.47402 28 12.7306
    endloop
  endfacet
  facet normal 0 1 -0
    outer loop
      vertex 12.9343 28 8.64244
      vertex 8.47402 28 12.7306
      vertex 13.5229 28 10.3765
    endloop
  endfacet
  facet normal 0 1 0
    outer loop
      vertex 8.11229 28 12.5218
      vertex 12.1243 28 7
      vertex 7.91411 28 12.4545
    endloop
  endfacet
  facet normal 0 1 -0
    outer loop
      vertex 12.1243 28 7
      vertex 8.11229 28 12.5218
      vertex 12.9343 28 8.64244
    endloop
  endfacet
  facet normal 0 1 0
    outer loop
      vertex 8.3 28 12.6144
      vertex 12.9343 28 8.64244
      vertex 8.11229 28 12.5218
    endloop
  endfacet
  facet normal 0 1 0
    outer loop
      vertex 8.47402 28 12.7306
      vertex 12.9343 28 8.64244
      vertex 8.3 28 12.6144
    endloop
  endfacet
  facet normal 0 1 0
    outer loop
      vertex 0 28 28
      vertex 0.208841 28 23.0863
      vertex 0 28 23.1
    endloop
  endfacet
  facet normal 0 1 0
    outer loop
      vertex 8.52266 28 25.1069
      vertex 0.41411 28 23.0455
      vertex 0.208841 28 23.0863
    endloop
  endfacet
  facet normal 0 1 0
    outer loop
      vertex 8.52266 28 25.1069
      vertex 0.612293 28 22.9782
      vertex 0.41411 28 23.0455
    endloop
  endfacet
  facet normal 0 1 0
    outer loop
      vertex 8.52266 28 25.1069
      vertex 0.799999 28 22.8856
      vertex 0.612293 28 22.9782
    endloop
  endfacet
  facet normal 0 1 0
    outer loop
      vertex 8.52266 28 25.1069
      vertex 0.974018 28 22.7694
      vertex 0.799999 28 22.8856
    endloop
  endfacet
  facet normal 0 1 0
    outer loop
      vertex 8.52266 28 25.1069
      vertex 1.13137 28 22.6314
      vertex 0.974018 28 22.7694
    endloop
  endfacet
  facet normal 0 1 0
    outer loop
      vertex 7.5 28 15.6
      vertex 9.89949 28 23.8995
      vertex 11.1069 28 22.5227
    endloop
  endfacet
  facet normal 0 1 0
    outer loop
      vertex 8.52266 28 25.1069
      vertex 1.26937 28 22.474
      vertex 1.13137 28 22.6314
    endloop
  endfacet
  facet normal 0 1 0
    outer loop
      vertex 8.52266 28 25.1069
      vertex 1.38564 28 22.3
      vertex 1.26937 28 22.474
    endloop
  endfacet
  facet normal 0 1 0
    outer loop
      vertex 8.52266 28 25.1069
      vertex 1.47821 28 22.1123
      vertex 1.38564 28 22.3
    endloop
  endfacet
  facet normal 0 1 0
    outer loop
      vertex 8.52266 28 25.1069
      vertex 1.54548 28 21.9141
      vertex 1.47821 28 22.1123
    endloop
  endfacet
  facet normal 0 1 0
    outer loop
      vertex 8.52266 28 25.1069
      vertex 1.58631 28 21.7088
      vertex 1.54548 28 21.9141
    endloop
  endfacet
  facet normal 0 1 0
    outer loop
      vertex 8.52266 28 25.1069
      vertex 1.6 28 21.5
      vertex 1.58631 28 21.7088
    endloop
  endfacet
  facet normal 0 1 0
    outer loop
      vertex 7.70884 28 15.5863
      vertex 11.1069 28 22.5227
      vertex 12.1243 28 21
    endloop
  endfacet
  facet normal 0 1 0
    outer loop
      vertex 9.89949 28 23.8995
      vertex 1.6 28 20.5
      vertex 1.6 28 21.5
    endloop
  endfacet
  facet normal 0 1 0
    outer loop
      vertex 9.89949 28 23.8995
      vertex 6.5 28 15.6
      vertex 1.6 28 20.5
    endloop
  endfacet
  facet normal 0 1 0
    outer loop
      vertex 1.6 28 20.5
      vertex 6.5 28 15.6
      vertex 1.58631 28 20.2912
    endloop
  endfacet
  facet normal 0 1 -0
    outer loop
      vertex 6.29116 28 15.5863
      vertex 1.58631 28 20.2912
      vertex 6.5 28 15.6
    endloop
  endfacet
  facet normal -0 1 -0
    outer loop
      vertex 2.82843 28 16.8284
      vertex 1.58631 28 20.2912
      vertex 6.29116 28 15.5863
    endloop
  endfacet
  facet normal 0 1 0
    outer loop
      vertex 1.58631 28 20.2912
      vertex 2.82843 28 16.8284
      vertex 1.54548 28 20.0859
    endloop
  endfacet
  facet normal -0 1 -0
    outer loop
      vertex 2.43505 28 17.1734
      vertex 1.54548 28 20.0859
      vertex 2.82843 28 16.8284
    endloop
  endfacet
  facet normal 0 1 0
    outer loop
      vertex 7.70884 28 15.5863
      vertex 12.1243 28 21
      vertex 12.9343 28 19.3576
    endloop
  endfacet
  facet normal -0 1 -0
    outer loop
      vertex 2 28 17.4641
      vertex 1.47821 28 19.8877
      vertex 2.43505 28 17.1734
    endloop
  endfacet
  facet normal 0 1 0
    outer loop
      vertex 1.47821 28 19.8877
      vertex 2 28 17.4641
      vertex 1.38564 28 19.7
    endloop
  endfacet
  facet normal 0 1 0
    outer loop
      vertex 1.26937 28 19.526
      vertex 1.53073 28 17.6955
      vertex 1.13137 28 19.3686
    endloop
  endfacet
  facet normal 0 1 0
    outer loop
      vertex 1.13137 28 19.3686
      vertex 1.53073 28 17.6955
      vertex 0.974018 28 19.2306
    endloop
  endfacet
  facet normal 0 1 0
    outer loop
      vertex 0.974018 28 19.2306
      vertex 1.03528 28 17.8637
      vertex 0.799999 28 19.1144
    endloop
  endfacet
  facet normal 0 1 0
    outer loop
      vertex 0.799999 28 19.1144
      vertex 1.03528 28 17.8637
      vertex 0.612293 28 19.0218
    endloop
  endfacet
  facet normal -0 1 0
    outer loop
      vertex 0.522104 28 17.9658
      vertex 0.612293 28 19.0218
      vertex 1.03528 28 17.8637
    endloop
  endfacet
  facet normal 0 1 0
    outer loop
      vertex 0.208841 28 18.9137
      vertex 0 28 18
      vertex 0 28 18.9
    endloop
  endfacet
  facet normal -0 1 0
    outer loop
      vertex 0 28 18
      vertex 0.208841 28 18.9137
      vertex 0.522104 28 17.9658
    endloop
  endfacet
  facet normal 0 1 0
    outer loop
      vertex 0.41411 28 18.9545
      vertex 0.522104 28 17.9658
      vertex 0.208841 28 18.9137
    endloop
  endfacet
  facet normal 0 1 0
    outer loop
      vertex 7.70884 28 15.5863
      vertex 12.9343 28 19.3576
      vertex 13.5229 28 17.6235
    endloop
  endfacet
  facet normal 0 1 0
    outer loop
      vertex 0.612293 28 19.0218
      vertex 0.522104 28 17.9658
      vertex 0.41411 28 18.9545
    endloop
  endfacet
  facet normal -0 1 -0
    outer loop
      vertex 1.03528 28 17.8637
      vertex 0.974018 28 19.2306
      vertex 1.53073 28 17.6955
    endloop
  endfacet
  facet normal 0 1 0
    outer loop
      vertex 9.89949 28 23.8995
      vertex 7.5 28 15.6
      vertex 6.5 28 15.6
    endloop
  endfacet
  facet normal -0 1 -0
    outer loop
      vertex 1.53073 28 17.6955
      vertex 1.26937 28 19.526
      vertex 2 28 17.4641
    endloop
  endfacet
  facet normal 0 1 0
    outer loop
      vertex 1.38564 28 19.7
      vertex 2 28 17.4641
      vertex 1.26937 28 19.526
    endloop
  endfacet
  facet normal 0 1 0
    outer loop
      vertex 8.88564 28 14.8
      vertex 13.5229 28 17.6235
      vertex 13.8802 28 15.8274
    endloop
  endfacet
  facet normal 0 1 0
    outer loop
      vertex 1.54548 28 20.0859
      vertex 2.43505 28 17.1734
      vertex 1.47821 28 19.8877
    endloop
  endfacet
  facet normal 0 1 -0
    outer loop
      vertex 6.08589 28 15.5455
      vertex 2.82843 28 16.8284
      vertex 6.29116 28 15.5863
    endloop
  endfacet
  facet normal 0 1 0
    outer loop
      vertex 2.82843 28 16.8284
      vertex 6.08589 28 15.5455
      vertex 3.17341 28 16.435
    endloop
  endfacet
  facet normal 0 1 -0
    outer loop
      vertex 5.88771 28 15.4782
      vertex 3.17341 28 16.435
      vertex 6.08589 28 15.5455
    endloop
  endfacet
  facet normal 0 1 0
    outer loop
      vertex 3.17341 28 16.435
      vertex 5.88771 28 15.4782
      vertex 3.4641 28 16
    endloop
  endfacet
  facet normal 0 1 -0
    outer loop
      vertex 5.7 28 15.3856
      vertex 3.4641 28 16
      vertex 5.88771 28 15.4782
    endloop
  endfacet
  facet normal 0 1 -0
    outer loop
      vertex 5.52598 28 15.2694
      vertex 3.4641 28 16
      vertex 5.7 28 15.3856
    endloop
  endfacet
  facet normal 0 1 0
    outer loop
      vertex 3.4641 28 16
      vertex 5.52598 28 15.2694
      vertex 3.69552 28 15.5307
    endloop
  endfacet
  facet normal 0 1 -0
    outer loop
      vertex 5.36863 28 15.1314
      vertex 3.69552 28 15.5307
      vertex 5.52598 28 15.2694
    endloop
  endfacet
  facet normal 0 1 -0
    outer loop
      vertex 5.23063 28 14.974
      vertex 3.69552 28 15.5307
      vertex 5.36863 28 15.1314
    endloop
  endfacet
  facet normal 0 1 0
    outer loop
      vertex 3.69552 28 15.5307
      vertex 5.23063 28 14.974
      vertex 3.8637 28 15.0353
    endloop
  endfacet
  facet normal 0 1 -0
    outer loop
      vertex 5.11436 28 14.8
      vertex 3.8637 28 15.0353
      vertex 5.23063 28 14.974
    endloop
  endfacet
  facet normal 0 1 -0
    outer loop
      vertex 5.02179 28 14.6123
      vertex 3.8637 28 15.0353
      vertex 5.11436 28 14.8
    endloop
  endfacet
  facet normal 0 1 0
    outer loop
      vertex 5.02179 28 14.6123
      vertex 3.96578 28 14.5221
      vertex 3.8637 28 15.0353
    endloop
  endfacet
  facet normal 0 1 -0
    outer loop
      vertex 4.95452 28 14.4141
      vertex 3.96578 28 14.5221
      vertex 5.02179 28 14.6123
    endloop
  endfacet
  facet normal 0 1 -0
    outer loop
      vertex 4.91369 28 14.2088
      vertex 3.96578 28 14.5221
      vertex 4.95452 28 14.4141
    endloop
  endfacet
  facet normal 0 1 0
    outer loop
      vertex 4 28 14
      vertex 4.91369 28 14.2088
      vertex 4.9 28 14
    endloop
  endfacet
  facet normal 0 1 0
    outer loop
      vertex 4.91369 28 14.2088
      vertex 4 28 14
      vertex 3.96578 28 14.5221
    endloop
  endfacet
  facet normal 0 1 0
    outer loop
      vertex 4.91369 28 13.7912
      vertex 4 28 14
      vertex 4.9 28 14
    endloop
  endfacet
  facet normal 0 1 0
    outer loop
      vertex 3.96578 28 13.4779
      vertex 4.91369 28 13.7912
      vertex 4.95452 28 13.5859
    endloop
  endfacet
  facet normal 0 1 0
    outer loop
      vertex 4.91369 28 13.7912
      vertex 3.96578 28 13.4779
      vertex 4 28 14
    endloop
  endfacet
  facet normal 0 1 0
    outer loop
      vertex 5.02179 28 13.3877
      vertex 3.96578 28 13.4779
      vertex 4.95452 28 13.5859
    endloop
  endfacet
  facet normal 0 1 0
    outer loop
      vertex 3.8637 28 12.9647
      vertex 5.02179 28 13.3877
      vertex 5.11436 28 13.2
    endloop
  endfacet
  facet normal 0 1 0
    outer loop
      vertex 3.8637 28 12.9647
      vertex 5.11436 28 13.2
      vertex 5.23063 28 13.026
    endloop
  endfacet
  facet normal 0 1 0
    outer loop
      vertex 5.02179 28 13.3877
      vertex 3.8637 28 12.9647
      vertex 3.96578 28 13.4779
    endloop
  endfacet
  facet normal 0 1 0
    outer loop
      vertex 3.69552 28 12.4693
      vertex 5.23063 28 13.026
      vertex 5.36863 28 12.8686
    endloop
  endfacet
  facet normal 0 1 0
    outer loop
      vertex 3.69552 28 12.4693
      vertex 5.36863 28 12.8686
      vertex 5.52598 28 12.7306
    endloop
  endfacet
  facet normal 0 1 0
    outer loop
      vertex 3.4641 28 12
      vertex 5.52598 28 12.7306
      vertex 5.7 28 12.6144
    endloop
  endfacet
  facet normal 0 1 0
    outer loop
      vertex 3.4641 28 12
      vertex 5.7 28 12.6144
      vertex 5.88771 28 12.5218
    endloop
  endfacet
  facet normal 0 1 0
    outer loop
      vertex 5.23063 28 13.026
      vertex 3.69552 28 12.4693
      vertex 3.8637 28 12.9647
    endloop
  endfacet
  facet normal 0 1 0
    outer loop
      vertex 3.17341 28 11.565
      vertex 5.88771 28 12.5218
      vertex 6.08589 28 12.4545
    endloop
  endfacet
  facet normal 0 1 0
    outer loop
      vertex 2.82843 28 11.1716
      vertex 6.08589 28 12.4545
      vertex 6.29116 28 12.4137
    endloop
  endfacet
  facet normal 0 1 0
    outer loop
      vertex 1.58631 28 7.70884
      vertex 6.29116 28 12.4137
      vertex 6.5 28 12.4
    endloop
  endfacet
  facet normal 0 1 0
    outer loop
      vertex 7.91411 28 12.4545
      vertex 12.1243 28 7
      vertex 7.70884 28 12.4137
    endloop
  endfacet
  facet normal 0 1 -0
    outer loop
      vertex 11.1069 28 5.47734
      vertex 7.70884 28 12.4137
      vertex 12.1243 28 7
    endloop
  endfacet
  facet normal 0 1 0
    outer loop
      vertex 7.70884 28 12.4137
      vertex 11.1069 28 5.47734
      vertex 7.5 28 12.4
    endloop
  endfacet
  facet normal 0 1 0
    outer loop
      vertex 5.52598 28 12.7306
      vertex 3.4641 28 12
      vertex 3.69552 28 12.4693
    endloop
  endfacet
  facet normal 0 1 -0
    outer loop
      vertex 9.89949 28 4.10051
      vertex 7.5 28 12.4
      vertex 11.1069 28 5.47734
    endloop
  endfacet
  facet normal 0 1 0
    outer loop
      vertex 5.88771 28 12.5218
      vertex 3.17341 28 11.565
      vertex 3.4641 28 12
    endloop
  endfacet
  facet normal 0 1 0
    outer loop
      vertex 7.5 28 12.4
      vertex 9.89949 28 4.10051
      vertex 6.5 28 12.4
    endloop
  endfacet
  facet normal 0 1 0
    outer loop
      vertex 6.08589 28 12.4545
      vertex 2.82843 28 11.1716
      vertex 3.17341 28 11.565
    endloop
  endfacet
  facet normal -0 1 0
    outer loop
      vertex 1.6 28 7.5
      vertex 6.5 28 12.4
      vertex 9.89949 28 4.10051
    endloop
  endfacet
  facet normal -0 1 0
    outer loop
      vertex 1.58631 28 7.70884
      vertex 6.5 28 12.4
      vertex 1.6 28 7.5
    endloop
  endfacet
  facet normal -0 1 0
    outer loop
      vertex 0.974018 28 8.76937
      vertex 1.53073 28 10.3045
      vertex 1.13137 28 8.63137
    endloop
  endfacet
  facet normal 0 1 0
    outer loop
      vertex -2.43505 28 10.8266
      vertex -1.47821 28 8.11229
      vertex -1.54548 28 7.91411
    endloop
  endfacet
  facet normal 0 1 0
    outer loop
      vertex -0.208841 28 9.08631
      vertex 0 28 10
      vertex 0 28 9.1
    endloop
  endfacet
  facet normal -0 1 0
    outer loop
      vertex 0.799999 28 8.88564
      vertex 1.03528 28 10.1363
      vertex 0.974018 28 8.76937
    endloop
  endfacet
  facet normal 0 1 0
    outer loop
      vertex 0 28 10
      vertex 0.208841 28 9.08631
      vertex 0 28 9.1
    endloop
  endfacet
  facet normal 0 1 0
    outer loop
      vertex 0.522104 28 10.0342
      vertex 0.208841 28 9.08631
      vertex 0 28 10
    endloop
  endfacet
  facet normal -0 1 0
    outer loop
      vertex 0.208841 28 9.08631
      vertex 0.522104 28 10.0342
      vertex 0.41411 28 9.04548
    endloop
  endfacet
  facet normal -0 1 0
    outer loop
      vertex 0.41411 28 9.04548
      vertex 0.522104 28 10.0342
      vertex 0.612293 28 8.97821
    endloop
  endfacet
  facet normal 0 1 0
    outer loop
      vertex 1.03528 28 10.1363
      vertex 0.612293 28 8.97821
      vertex 0.522104 28 10.0342
    endloop
  endfacet
  facet normal 0 1 0
    outer loop
      vertex 2.82843 28 11.1716
      vertex 1.54548 28 7.91411
      vertex 2.43505 28 10.8266
    endloop
  endfacet
  facet normal -0 1 0
    outer loop
      vertex 0.612293 28 8.97821
      vertex 1.03528 28 10.1363
      vertex 0.799999 28 8.88564
    endloop
  endfacet
  facet normal 0 1 0
    outer loop
      vertex 1.53073 28 10.3045
      vertex 0.974018 28 8.76937
      vertex 1.03528 28 10.1363
    endloop
  endfacet
  facet normal -0 1 0
    outer loop
      vertex 1.13137 28 8.63137
      vertex 1.53073 28 10.3045
      vertex 1.26937 28 8.47402
    endloop
  endfacet
  facet normal 0 1 0
    outer loop
      vertex 2 28 10.5359
      vertex 1.26937 28 8.47402
      vertex 1.53073 28 10.3045
    endloop
  endfacet
  facet normal -0 1 0
    outer loop
      vertex 1.26937 28 8.47402
      vertex 2 28 10.5359
      vertex 1.38564 28 8.3
    endloop
  endfacet
  facet normal -0 1 0
    outer loop
      vertex 1.38564 28 8.3
      vertex 2 28 10.5359
      vertex 1.47821 28 8.11229
    endloop
  endfacet
  facet normal 0 1 0
    outer loop
      vertex 2.43505 28 10.8266
      vertex 1.47821 28 8.11229
      vertex 2 28 10.5359
    endloop
  endfacet
  facet normal -0 1 0
    outer loop
      vertex 1.47821 28 8.11229
      vertex 2.43505 28 10.8266
      vertex 1.54548 28 7.91411
    endloop
  endfacet
  facet normal -0 1 0
    outer loop
      vertex 1.54548 28 7.91411
      vertex 2.82843 28 11.1716
      vertex 1.58631 28 7.70884
    endloop
  endfacet
  facet normal 0 1 0
    outer loop
      vertex 6.29116 28 12.4137
      vertex 1.58631 28 7.70884
      vertex 2.82843 28 11.1716
    endloop
  endfacet
  facet normal 0 1 0
    outer loop
      vertex 1.6 28 7.5
      vertex 9.89949 28 4.10051
      vertex 1.6 28 6.5
    endloop
  endfacet
  facet normal 0 1 -0
    outer loop
      vertex 8.52266 28 2.89307
      vertex 1.6 28 6.5
      vertex 9.89949 28 4.10051
    endloop
  endfacet
  facet normal 0 1 0
    outer loop
      vertex 1.6 28 6.5
      vertex 8.52266 28 2.89307
      vertex 1.58631 28 6.29116
    endloop
  endfacet
  facet normal 0 1 -0
    outer loop
      vertex 7 28 1.87566
      vertex 1.58631 28 6.29116
      vertex 8.52266 28 2.89307
    endloop
  endfacet
  facet normal 0 1 0
    outer loop
      vertex 1.58631 28 6.29116
      vertex 7 28 1.87566
      vertex 1.54548 28 6.08589
    endloop
  endfacet
  facet normal 0 1 0
    outer loop
      vertex 1.54548 28 6.08589
      vertex 7 28 1.87566
      vertex 1.47821 28 5.88771
    endloop
  endfacet
  facet normal 0 1 -0
    outer loop
      vertex 5.35756 28 1.06569
      vertex 1.47821 28 5.88771
      vertex 7 28 1.87566
    endloop
  endfacet
  facet normal 0 1 0
    outer loop
      vertex 1.47821 28 5.88771
      vertex 5.35756 28 1.06569
      vertex 1.38564 28 5.7
    endloop
  endfacet
  facet normal 0 1 0
    outer loop
      vertex 1.38564 28 5.7
      vertex 5.35756 28 1.06569
      vertex 1.26937 28 5.52598
    endloop
  endfacet
  facet normal 0 1 -0
    outer loop
      vertex 3.62346 28 0.477051
      vertex 1.26937 28 5.52598
      vertex 5.35756 28 1.06569
    endloop
  endfacet
  facet normal 0 1 0
    outer loop
      vertex 1.26937 28 5.52598
      vertex 3.62346 28 0.477051
      vertex 1.13137 28 5.36863
    endloop
  endfacet
  facet normal 0 1 0
    outer loop
      vertex 1.13137 28 5.36863
      vertex 3.62346 28 0.477051
      vertex 0.974018 28 5.23063
    endloop
  endfacet
  facet normal 0 1 0
    outer loop
      vertex 0.974018 28 5.23063
      vertex 3.62346 28 0.477051
      vertex 0.799999 28 5.11436
    endloop
  endfacet
  facet normal 0 1 -0
    outer loop
      vertex 0.208841 28 23.0863
      vertex 0 28 28
      vertex 1.82736 28 27.8802
    endloop
  endfacet
  facet normal 0 1 0
    outer loop
      vertex 0.208841 28 23.0863
      vertex 1.82736 28 27.8802
      vertex 3.62346 28 27.5229
    endloop
  endfacet
  facet normal 0 1 0
    outer loop
      vertex 0.208841 28 23.0863
      vertex 3.62346 28 27.5229
      vertex 5.35756 28 26.9343
    endloop
  endfacet
  facet normal 0 1 0
    outer loop
      vertex 0.208841 28 23.0863
      vertex 5.35756 28 26.9343
      vertex 7 28 26.1243
    endloop
  endfacet
  facet normal 0 1 0
    outer loop
      vertex 0.208841 28 23.0863
      vertex 7 28 26.1243
      vertex 8.52266 28 25.1069
    endloop
  endfacet
  facet normal 0 1 0
    outer loop
      vertex 1.6 28 21.5
      vertex 8.52266 28 25.1069
      vertex 9.89949 28 23.8995
    endloop
  endfacet
  facet normal 0 1 0
    outer loop
      vertex -0.208841 28 23.0863
      vertex 0 28 28
      vertex 0 28 23.1
    endloop
  endfacet
  facet normal 0 1 0
    outer loop
      vertex 0 28 28
      vertex -0.208841 28 23.0863
      vertex -1.82736 28 27.8802
    endloop
  endfacet
  facet normal 0 1 -0
    outer loop
      vertex -0.41411 28 23.0455
      vertex -1.82736 28 27.8802
      vertex -0.208841 28 23.0863
    endloop
  endfacet
  facet normal 0 1 -0
    outer loop
      vertex -0.612293 28 22.9782
      vertex -1.82736 28 27.8802
      vertex -0.41411 28 23.0455
    endloop
  endfacet
  facet normal 0 1 -0
    outer loop
      vertex -0.799999 28 22.8856
      vertex -1.82736 28 27.8802
      vertex -0.612293 28 22.9782
    endloop
  endfacet
  facet normal 0 1 -0
    outer loop
      vertex -0.974018 28 22.7694
      vertex -1.82736 28 27.8802
      vertex -0.799999 28 22.8856
    endloop
  endfacet
  facet normal 0 1 -0
    outer loop
      vertex -1.13137 28 22.6314
      vertex -1.82736 28 27.8802
      vertex -0.974018 28 22.7694
    endloop
  endfacet
  facet normal 0 1 -0
    outer loop
      vertex -1.26937 28 22.474
      vertex -1.82736 28 27.8802
      vertex -1.13137 28 22.6314
    endloop
  endfacet
  facet normal 0 1 -0
    outer loop
      vertex -1.38564 28 22.3
      vertex -1.82736 28 27.8802
      vertex -1.26937 28 22.474
    endloop
  endfacet
  facet normal 0 1 -0
    outer loop
      vertex -1.47821 28 22.1123
      vertex -1.82736 28 27.8802
      vertex -1.38564 28 22.3
    endloop
  endfacet
  facet normal 0 1 -0
    outer loop
      vertex -1.54548 28 21.9141
      vertex -1.82736 28 27.8802
      vertex -1.47821 28 22.1123
    endloop
  endfacet
  facet normal 0 1 0
    outer loop
      vertex -7.91411 28 15.5455
      vertex -1.82736 28 27.8802
      vertex -1.54548 28 21.9141
    endloop
  endfacet
  facet normal 0 1 0
    outer loop
      vertex -7.91411 28 15.5455
      vertex -1.54548 28 21.9141
      vertex -1.58631 28 21.7088
    endloop
  endfacet
  facet normal 0 1 0
    outer loop
      vertex -7.70884 28 15.5863
      vertex -1.58631 28 21.7088
      vertex -1.6 28 21.5
    endloop
  endfacet
  facet normal 0 1 0
    outer loop
      vertex -7.5 28 15.6
      vertex -1.6 28 21.5
      vertex -1.6 28 20.5
    endloop
  endfacet
  facet normal 0 1 0
    outer loop
      vertex -6.5 28 15.6
      vertex -1.6 28 20.5
      vertex -1.58631 28 20.2912
    endloop
  endfacet
  facet normal 0 1 0
    outer loop
      vertex -2.82843 28 16.8284
      vertex -1.58631 28 20.2912
      vertex -1.54548 28 20.0859
    endloop
  endfacet
  facet normal 0 1 0
    outer loop
      vertex -2.43505 28 17.1734
      vertex -1.54548 28 20.0859
      vertex -1.47821 28 19.8877
    endloop
  endfacet
  facet normal 0 1 0
    outer loop
      vertex -2 28 17.4641
      vertex -1.47821 28 19.8877
      vertex -1.38564 28 19.7
    endloop
  endfacet
  facet normal 0 1 0
    outer loop
      vertex -2 28 17.4641
      vertex -1.38564 28 19.7
      vertex -1.26937 28 19.526
    endloop
  endfacet
  facet normal 0 1 0
    outer loop
      vertex -1.53073 28 17.6955
      vertex -1.26937 28 19.526
      vertex -1.13137 28 19.3686
    endloop
  endfacet
  facet normal 0 1 0
    outer loop
      vertex -1.53073 28 17.6955
      vertex -1.13137 28 19.3686
      vertex -0.974018 28 19.2306
    endloop
  endfacet
  facet normal 0 1 0
    outer loop
      vertex -1.03528 28 17.8637
      vertex -0.974018 28 19.2306
      vertex -0.799999 28 19.1144
    endloop
  endfacet
  facet normal 0 1 0
    outer loop
      vertex -1.03528 28 17.8637
      vertex -0.799999 28 19.1144
      vertex -0.612293 28 19.0218
    endloop
  endfacet
  facet normal 0 1 -0
    outer loop
      vertex -0.522104 28 17.9658
      vertex -0.612293 28 19.0218
      vertex -0.41411 28 18.9545
    endloop
  endfacet
  facet normal 0 1 0
    outer loop
      vertex -0.522104 28 17.9658
      vertex -0.41411 28 18.9545
      vertex -0.208841 28 18.9137
    endloop
  endfacet
  facet normal 0 1 -0
    outer loop
      vertex 0 28 18
      vertex -0.208841 28 18.9137
      vertex 0 28 18.9
    endloop
  endfacet
  facet normal 0 1 0
    outer loop
      vertex -0.208841 28 18.9137
      vertex 0 28 18
      vertex -0.522104 28 17.9658
    endloop
  endfacet
  facet normal 0 1 0
    outer loop
      vertex -0.612293 28 19.0218
      vertex -0.522104 28 17.9658
      vertex -1.03528 28 17.8637
    endloop
  endfacet
  facet normal 0 1 0
    outer loop
      vertex -0.974018 28 19.2306
      vertex -1.03528 28 17.8637
      vertex -1.53073 28 17.6955
    endloop
  endfacet
  facet normal 0 1 0
    outer loop
      vertex -1.26937 28 19.526
      vertex -1.53073 28 17.6955
      vertex -2 28 17.4641
    endloop
  endfacet
  facet normal 0 1 0
    outer loop
      vertex -1.47821 28 19.8877
      vertex -2 28 17.4641
      vertex -2.43505 28 17.1734
    endloop
  endfacet
  facet normal 0 1 0
    outer loop
      vertex -1.54548 28 20.0859
      vertex -2.43505 28 17.1734
      vertex -2.82843 28 16.8284
    endloop
  endfacet
  facet normal 0 1 0
    outer loop
      vertex -6.29116 28 15.5863
      vertex -1.58631 28 20.2912
      vertex -2.82843 28 16.8284
    endloop
  endfacet
  facet normal 0 1 0
    outer loop
      vertex -6.29116 28 15.5863
      vertex -2.82843 28 16.8284
      vertex -3.17341 28 16.435
    endloop
  endfacet
  facet normal 0 1 0
    outer loop
      vertex -5.88771 28 15.4782
      vertex -3.17341 28 16.435
      vertex -3.4641 28 16
    endloop
  endfacet
  facet normal 0 1 0
    outer loop
      vertex -1.6 28 20.5
      vertex -6.5 28 15.6
      vertex -7.5 28 15.6
    endloop
  endfacet
  facet normal 0 1 0
    outer loop
      vertex -1.6 28 21.5
      vertex -7.5 28 15.6
      vertex -7.70884 28 15.5863
    endloop
  endfacet
  facet normal 0 1 0
    outer loop
      vertex -1.58631 28 21.7088
      vertex -7.70884 28 15.5863
      vertex -7.91411 28 15.5455
    endloop
  endfacet
  facet normal 0 1 0
    outer loop
      vertex -1.82736 28 27.8802
      vertex -7.91411 28 15.5455
      vertex -8.11229 28 15.4782
    endloop
  endfacet
  facet normal 0 1 0
    outer loop
      vertex -1.82736 28 27.8802
      vertex -8.11229 28 15.4782
      vertex -8.3 28 15.3856
    endloop
  endfacet
  facet normal 0 1 0
    outer loop
      vertex -1.82736 28 27.8802
      vertex -8.3 28 15.3856
      vertex -8.47402 28 15.2694
    endloop
  endfacet
  facet normal 0 1 0
    outer loop
      vertex -8.63137 28 15.1314
      vertex -1.82736 28 27.8802
      vertex -8.47402 28 15.2694
    endloop
  endfacet
  facet normal 0 1 0
    outer loop
      vertex -8.76937 28 14.974
      vertex -1.82736 28 27.8802
      vertex -8.63137 28 15.1314
    endloop
  endfacet
  facet normal 0 1 0
    outer loop
      vertex -1.82736 28 27.8802
      vertex -8.76937 28 14.974
      vertex -79.2742 28 22.1985
    endloop
  endfacet
  facet normal 0 1 -0
    outer loop
      vertex -8.88564 28 14.8
      vertex -79.2742 28 22.1985
      vertex -8.76937 28 14.974
    endloop
  endfacet
  facet normal 0 1 -0
    outer loop
      vertex -8.97821 28 14.6123
      vertex -79.2742 28 22.1985
      vertex -8.88564 28 14.8
    endloop
  endfacet
  facet normal 0 1 -0
    outer loop
      vertex -9.04548 28 14.4141
      vertex -79.2742 28 22.1985
      vertex -8.97821 28 14.6123
    endloop
  endfacet
  facet normal 0 1 -0
    outer loop
      vertex -9.08631 28 14.2088
      vertex -79.2742 28 22.1985
      vertex -9.04548 28 14.4141
    endloop
  endfacet
  facet normal 0 1 -0
    outer loop
      vertex -9.1 28 14
      vertex -79.2742 28 22.1985
      vertex -9.08631 28 14.2088
    endloop
  endfacet
  facet normal 0 1 0
    outer loop
      vertex -9.08631 28 13.7912
      vertex -79.2742 28 22.1985
      vertex -9.1 28 14
    endloop
  endfacet
  facet normal 0 1 0
    outer loop
      vertex -79.9856 28 11.4813
      vertex -9.08631 28 13.7912
      vertex -9.04548 28 13.5859
    endloop
  endfacet
  facet normal 0 1 0
    outer loop
      vertex -81.4922 28 13.4447
      vertex -79.2742 28 22.1985
      vertex -9.08631 28 13.7912
    endloop
  endfacet
  facet normal 0 1 0
    outer loop
      vertex -81.949 28 13.4447
      vertex -79.2742 28 22.1985
      vertex -81.7206 28 13.4597
    endloop
  endfacet
  facet normal 0 1 0
    outer loop
      vertex -82.1735 28 13.4001
      vertex -79.2742 28 22.1985
      vertex -81.949 28 13.4447
    endloop
  endfacet
  facet normal 0 1 0
    outer loop
      vertex -82.3903 28 13.3265
      vertex -79.2742 28 22.1985
      vertex -82.1735 28 13.4001
    endloop
  endfacet
  facet normal 0 1 0
    outer loop
      vertex -82.5956 28 13.2252
      vertex -79.2742 28 22.1985
      vertex -82.3903 28 13.3265
    endloop
  endfacet
  facet normal 0 1 0
    outer loop
      vertex -82.7859 28 13.0981
      vertex -79.2742 28 22.1985
      vertex -82.5956 28 13.2252
    endloop
  endfacet
  facet normal 0 1 0
    outer loop
      vertex -82.958 28 12.9471
      vertex -79.2742 28 22.1985
      vertex -82.7859 28 13.0981
    endloop
  endfacet
  facet normal 0 1 0
    outer loop
      vertex -83.109 28 12.775
      vertex -79.2742 28 22.1985
      vertex -82.958 28 12.9471
    endloop
  endfacet
  facet normal 0 1 0
    outer loop
      vertex -90.7257 28 5.80148
      vertex -83.109 28 12.775
      vertex -83.2361 28 12.5847
    endloop
  endfacet
  facet normal 0 1 0
    outer loop
      vertex -90.7257 28 5.80148
      vertex -83.2361 28 12.5847
      vertex -83.3374 28 12.3794
    endloop
  endfacet
  facet normal 0 1 0
    outer loop
      vertex -0.522104 28 10.0342
      vertex -0.208841 28 9.08631
      vertex -0.41411 28 9.04548
    endloop
  endfacet
  facet normal 0 1 0
    outer loop
      vertex -0.522104 28 10.0342
      vertex -0.41411 28 9.04548
      vertex -0.612293 28 8.97821
    endloop
  endfacet
  facet normal 0 1 0
    outer loop
      vertex -1.03528 28 10.1363
      vertex -0.612293 28 8.97821
      vertex -0.799999 28 8.88564
    endloop
  endfacet
  facet normal 0 1 0
    outer loop
      vertex -1.03528 28 10.1363
      vertex -0.799999 28 8.88564
      vertex -0.974018 28 8.76937
    endloop
  endfacet
  facet normal 0 1 0
    outer loop
      vertex -1.53073 28 10.3045
      vertex -0.974018 28 8.76937
      vertex -1.13137 28 8.63137
    endloop
  endfacet
  facet normal 0 1 0
    outer loop
      vertex -1.53073 28 10.3045
      vertex -1.13137 28 8.63137
      vertex -1.26937 28 8.47402
    endloop
  endfacet
  facet normal 0 1 0
    outer loop
      vertex -6.5 28 12.4
      vertex -1.6 28 7.5
      vertex -1.6 28 6.5
    endloop
  endfacet
  facet normal 0 1 0
    outer loop
      vertex -8.11229 28 12.5218
      vertex -1.47821 28 5.88771
      vertex 0 28 0
    endloop
  endfacet
  facet normal 0 1 0
    outer loop
      vertex -8.63137 28 12.8686
      vertex 0 28 0
      vertex -84.1669 28 1.22089
    endloop
  endfacet
  facet normal 0 1 0
    outer loop
      vertex -8.76937 28 13.026
      vertex -84.1669 28 1.22089
      vertex -80.205 28 10.8347
    endloop
  endfacet
  facet normal 0 1 0
    outer loop
      vertex -80.205 28 10.8347
      vertex -84.1669 28 1.22089
      vertex -80.3322 28 10.6444
    endloop
  endfacet
  facet normal 0 1 0
    outer loop
      vertex -80.3322 28 10.6444
      vertex -84.1669 28 1.22089
      vertex -80.4832 28 10.4723
    endloop
  endfacet
  facet normal 0 1 0
    outer loop
      vertex -80.4832 28 10.4723
      vertex -84.1669 28 1.22089
      vertex -80.6553 28 10.3213
    endloop
  endfacet
  facet normal 0 1 0
    outer loop
      vertex -81.0509 28 10.0929
      vertex -84.1669 28 1.22089
      vertex -81.2677 28 10.0193
    endloop
  endfacet
  facet normal 0 1 0
    outer loop
      vertex -81.2677 28 10.0193
      vertex -84.1669 28 1.22089
      vertex -81.4922 28 9.97467
    endloop
  endfacet
  facet normal 0 1 0
    outer loop
      vertex -80.6553 28 10.3213
      vertex -84.1669 28 1.22089
      vertex -80.8456 28 10.1942
    endloop
  endfacet
  facet normal 0 1 -0
    outer loop
      vertex -83.109 28 12.775
      vertex -90.7257 28 5.80148
      vertex -79.2742 28 22.1985
    endloop
  endfacet
  facet normal 0 1 -0
    outer loop
      vertex -83.411 28 12.1626
      vertex -90.7257 28 5.80148
      vertex -83.3374 28 12.3794
    endloop
  endfacet
  facet normal 0 1 -0
    outer loop
      vertex -83.4556 28 11.9381
      vertex -90.7257 28 5.80148
      vertex -83.411 28 12.1626
    endloop
  endfacet
  facet normal 0 1 -0
    outer loop
      vertex -83.4706 28 11.7097
      vertex -90.7257 28 5.80148
      vertex -83.4556 28 11.9381
    endloop
  endfacet
  facet normal 0 1 0
    outer loop
      vertex -83.4556 28 11.4813
      vertex -90.7257 28 5.80148
      vertex -83.4706 28 11.7097
    endloop
  endfacet
  facet normal 0 1 0
    outer loop
      vertex -83.411 28 11.2568
      vertex -90.7257 28 5.80148
      vertex -83.4556 28 11.4813
    endloop
  endfacet
  facet normal 0 1 0
    outer loop
      vertex -83.3374 28 11.04
      vertex -90.7257 28 5.80148
      vertex -83.411 28 11.2568
    endloop
  endfacet
  facet normal 0 1 0
    outer loop
      vertex -83.2361 28 10.8347
      vertex -90.7257 28 5.80148
      vertex -83.3374 28 11.04
    endloop
  endfacet
  facet normal 0 1 0
    outer loop
      vertex -83.109 28 10.6444
      vertex -90.7257 28 5.80148
      vertex -83.2361 28 10.8347
    endloop
  endfacet
  facet normal 0 1 0
    outer loop
      vertex -82.958 28 10.4723
      vertex -90.7257 28 5.80148
      vertex -83.109 28 10.6444
    endloop
  endfacet
  facet normal 0 1 0
    outer loop
      vertex -82.7859 28 10.3213
      vertex -90.7257 28 5.80148
      vertex -82.958 28 10.4723
    endloop
  endfacet
  facet normal 0 1 0
    outer loop
      vertex -84.1669 28 1.22089
      vertex -82.7859 28 10.3213
      vertex -82.5956 28 10.1942
    endloop
  endfacet
  facet normal 0 1 0
    outer loop
      vertex -84.1669 28 1.22089
      vertex -82.5956 28 10.1942
      vertex -82.3903 28 10.0929
    endloop
  endfacet
  facet normal 0 1 0
    outer loop
      vertex -84.1669 28 1.22089
      vertex -82.3903 28 10.0929
      vertex -82.1735 28 10.0193
    endloop
  endfacet
  facet normal 0 1 0
    outer loop
      vertex -84.1669 28 1.22089
      vertex -82.1735 28 10.0193
      vertex -81.949 28 9.97467
    endloop
  endfacet
  facet normal 0 1 0
    outer loop
      vertex -84.1669 28 1.22089
      vertex -81.949 28 9.97467
      vertex -81.7206 28 9.9597
    endloop
  endfacet
  facet normal 0 1 0
    outer loop
      vertex -81.4922 28 9.97467
      vertex -84.1669 28 1.22089
      vertex -81.7206 28 9.9597
    endloop
  endfacet
  facet normal 0 1 0
    outer loop
      vertex 0 28 0
      vertex -1.47821 28 5.88771
      vertex -1.38564 28 5.7
    endloop
  endfacet
  facet normal 0 1 0
    outer loop
      vertex 0 28 0
      vertex -1.38564 28 5.7
      vertex -1.26937 28 5.52598
    endloop
  endfacet
  facet normal 0 1 0
    outer loop
      vertex 0 28 0
      vertex -1.26937 28 5.52598
      vertex -1.13137 28 5.36863
    endloop
  endfacet
  facet normal 0 1 0
    outer loop
      vertex 0 28 0
      vertex -1.13137 28 5.36863
      vertex -0.974018 28 5.23063
    endloop
  endfacet
  facet normal 0 1 0
    outer loop
      vertex 0 28 0
      vertex -0.974018 28 5.23063
      vertex -0.799999 28 5.11436
    endloop
  endfacet
  facet normal 0 1 0
    outer loop
      vertex 0 28 0
      vertex -0.799999 28 5.11436
      vertex -0.612293 28 5.02179
    endloop
  endfacet
  facet normal 0 1 0
    outer loop
      vertex 0 28 0
      vertex -0.612293 28 5.02179
      vertex -0.41411 28 4.95452
    endloop
  endfacet
  facet normal 0 1 0
    outer loop
      vertex 0 28 0
      vertex -0.41411 28 4.95452
      vertex -0.208841 28 4.91369
    endloop
  endfacet
  facet normal 0 1 -0
    outer loop
      vertex 0 28 0
      vertex -0.208841 28 4.91369
      vertex 0 28 4.9
    endloop
  endfacet
  facet normal 0 1 -0
    outer loop
      vertex 1.82736 28 0.119781
      vertex 0.799999 28 5.11436
      vertex 3.62346 28 0.477051
    endloop
  endfacet
  facet normal 0 1 0
    outer loop
      vertex 0.799999 28 5.11436
      vertex 1.82736 28 0.119781
      vertex 0.612293 28 5.02179
    endloop
  endfacet
  facet normal 0 1 0
    outer loop
      vertex 0.612293 28 5.02179
      vertex 1.82736 28 0.119781
      vertex 0.41411 28 4.95452
    endloop
  endfacet
  facet normal 0 1 0
    outer loop
      vertex -80.8456 28 10.1942
      vertex -84.1669 28 1.22089
      vertex -81.0509 28 10.0929
    endloop
  endfacet
  facet normal 0 1 0
    outer loop
      vertex 0.41411 28 4.95452
      vertex 1.82736 28 0.119781
      vertex 0.208841 28 4.91369
    endloop
  endfacet
  facet normal 0 1 0
    outer loop
      vertex 0 28 0
      vertex 0.208841 28 4.91369
      vertex 1.82736 28 0.119781
    endloop
  endfacet
  facet normal 0 1 0
    outer loop
      vertex 0.208841 28 4.91369
      vertex 0 28 0
      vertex 0 28 4.9
    endloop
  endfacet
  facet normal 0 1 0
    outer loop
      vertex -82.7859 28 10.3213
      vertex -84.1669 28 1.22089
      vertex -90.7257 28 5.80148
    endloop
  endfacet
  facet normal 0 -1 0
    outer loop
      vertex -0.208841 23 23.0863
      vertex 0 23 28
      vertex -1.82736 23 27.8802
    endloop
  endfacet
  facet normal 0 -1 0
    outer loop
      vertex 0.208841 23 23.0863
      vertex 0 23 28
      vertex 0 23 23.1
    endloop
  endfacet
  facet normal 0 -1 0
    outer loop
      vertex 0.41411 23 23.0455
      vertex 1.82736 23 27.8802
      vertex 0.208841 23 23.0863
    endloop
  endfacet
  facet normal 0 -1 0
    outer loop
      vertex 0.799999 23 22.8856
      vertex 1.82736 23 27.8802
      vertex 0.612293 23 22.9782
    endloop
  endfacet
  facet normal 0 -1 0
    outer loop
      vertex -16 23 26
      vertex -1.82736 23 27.8802
      vertex -22 23 26
    endloop
  endfacet
  facet normal 0 -1 0
    outer loop
      vertex -79.2742 23 22.1985
      vertex -22 23 26
      vertex -1.82736 23 27.8802
    endloop
  endfacet
  facet normal 0 -1 0
    outer loop
      vertex -72.7154 23 17.6179
      vertex -22 23 26
      vertex -79.2742 23 22.1985
    endloop
  endfacet
  facet normal 0 -1 0
    outer loop
      vertex -72.7154 23 17.6179
      vertex -22 23 2
      vertex -22 23 26
    endloop
  endfacet
  facet normal 0 -1 0
    outer loop
      vertex 0 23 0
      vertex -16 23 2
      vertex -22 23 2
    endloop
  endfacet
  facet normal 0 -1 0
    outer loop
      vertex -84.1669 23 1.22089
      vertex -22 23 2
      vertex -72.7154 23 17.6179
    endloop
  endfacet
  facet normal 0 -1 0
    outer loop
      vertex 0 23 0
      vertex -22 23 2
      vertex -84.1669 23 1.22089
    endloop
  endfacet
  facet normal 0 -1 0
    outer loop
      vertex -16 23 2
      vertex 0 23 0
      vertex 7 23 1.87566
    endloop
  endfacet
  facet normal 0 -1 0
    outer loop
      vertex 7 23 1.87566
      vertex 0 23 0
      vertex 5.35756 23 1.06569
    endloop
  endfacet
  facet normal 0 -1 0
    outer loop
      vertex 5.35756 23 1.06569
      vertex 0 23 0
      vertex 3.62346 23 0.477051
    endloop
  endfacet
  facet normal 0 -1 0
    outer loop
      vertex 3.62346 23 0.477051
      vertex 0 23 0
      vertex 1.82736 23 0.119781
    endloop
  endfacet
  facet normal 0 -1 0
    outer loop
      vertex -1.47821 23 22.1123
      vertex -1.82736 23 27.8802
      vertex -16 23 26
    endloop
  endfacet
  facet normal 0 -1 -0
    outer loop
      vertex 0 23 28
      vertex -0.208841 23 23.0863
      vertex 0 23 23.1
    endloop
  endfacet
  facet normal 0 -1 0
    outer loop
      vertex 0 23 28
      vertex 0.208841 23 23.0863
      vertex 1.82736 23 27.8802
    endloop
  endfacet
  facet normal 0 -1 -0
    outer loop
      vertex 1.82736 23 27.8802
      vertex 0.799999 23 22.8856
      vertex 3.62346 23 27.5229
    endloop
  endfacet
  facet normal 0 -1 0
    outer loop
      vertex 0.612293 23 22.9782
      vertex 1.82736 23 27.8802
      vertex 0.41411 23 23.0455
    endloop
  endfacet
  facet normal 0 -1 0
    outer loop
      vertex -1.82736 23 27.8802
      vertex -0.41411 23 23.0455
      vertex -0.208841 23 23.0863
    endloop
  endfacet
  facet normal 0 -1 0
    outer loop
      vertex -1.82736 23 27.8802
      vertex -0.612293 23 22.9782
      vertex -0.41411 23 23.0455
    endloop
  endfacet
  facet normal 0 -1 0
    outer loop
      vertex -1.82736 23 27.8802
      vertex -0.799999 23 22.8856
      vertex -0.612293 23 22.9782
    endloop
  endfacet
  facet normal 0 -1 0
    outer loop
      vertex -1.82736 23 27.8802
      vertex -0.974018 23 22.7694
      vertex -0.799999 23 22.8856
    endloop
  endfacet
  facet normal 0 -1 0
    outer loop
      vertex -1.82736 23 27.8802
      vertex -1.13137 23 22.6314
      vertex -0.974018 23 22.7694
    endloop
  endfacet
  facet normal 0 -1 0
    outer loop
      vertex -1.82736 23 27.8802
      vertex -1.26937 23 22.474
      vertex -1.13137 23 22.6314
    endloop
  endfacet
  facet normal 0 -1 0
    outer loop
      vertex -1.82736 23 27.8802
      vertex -1.38564 23 22.3
      vertex -1.26937 23 22.474
    endloop
  endfacet
  facet normal 0 -1 0
    outer loop
      vertex -1.82736 23 27.8802
      vertex -1.47821 23 22.1123
      vertex -1.38564 23 22.3
    endloop
  endfacet
  facet normal 0 -1 0
    outer loop
      vertex -16 23 26
      vertex -1.54548 23 21.9141
      vertex -1.47821 23 22.1123
    endloop
  endfacet
  facet normal 0 -1 0
    outer loop
      vertex -16 23 26
      vertex -1.58631 23 21.7088
      vertex -1.54548 23 21.9141
    endloop
  endfacet
  facet normal 0 -1 0
    outer loop
      vertex -7.70884 23 15.5863
      vertex -1.58631 23 21.7088
      vertex -16 23 26
    endloop
  endfacet
  facet normal 0 -1 0
    outer loop
      vertex -1.58631 23 21.7088
      vertex -7.70884 23 15.5863
      vertex -1.6 23 21.5
    endloop
  endfacet
  facet normal -0 -1 0
    outer loop
      vertex -7.5 23 15.6
      vertex -1.6 23 21.5
      vertex -7.70884 23 15.5863
    endloop
  endfacet
  facet normal 0 -1 -0
    outer loop
      vertex -1.6 23 21.5
      vertex -7.5 23 15.6
      vertex -1.6 23 20.5
    endloop
  endfacet
  facet normal 0 -1 0
    outer loop
      vertex -6.5 23 15.6
      vertex -1.6 23 20.5
      vertex -7.5 23 15.6
    endloop
  endfacet
  facet normal 0 -1 -0
    outer loop
      vertex -1.6 23 20.5
      vertex -6.5 23 15.6
      vertex -1.58631 23 20.2912
    endloop
  endfacet
  facet normal 0 -1 0
    outer loop
      vertex -6.29116 23 15.5863
      vertex -1.58631 23 20.2912
      vertex -6.5 23 15.6
    endloop
  endfacet
  facet normal -0 -1 0
    outer loop
      vertex -2.82843 23 16.8284
      vertex -1.58631 23 20.2912
      vertex -6.29116 23 15.5863
    endloop
  endfacet
  facet normal -0 -1 0
    outer loop
      vertex -2.43505 23 17.1734
      vertex -1.54548 23 20.0859
      vertex -2.82843 23 16.8284
    endloop
  endfacet
  facet normal -0 -1 0
    outer loop
      vertex -2 23 17.4641
      vertex -1.47821 23 19.8877
      vertex -2.43505 23 17.1734
    endloop
  endfacet
  facet normal 0 -1 -0
    outer loop
      vertex -1.47821 23 19.8877
      vertex -2 23 17.4641
      vertex -1.38564 23 19.7
    endloop
  endfacet
  facet normal 0 -1 0
    outer loop
      vertex -0.208841 23 18.9137
      vertex 0 23 18
      vertex 0 23 18.9
    endloop
  endfacet
  facet normal 0 -1 0
    outer loop
      vertex -0.522104 23 17.9658
      vertex -0.208841 23 18.9137
      vertex -0.41411 23 18.9545
    endloop
  endfacet
  facet normal 0 -1 0
    outer loop
      vertex -0.522104 23 17.9658
      vertex -0.41411 23 18.9545
      vertex -0.612293 23 19.0218
    endloop
  endfacet
  facet normal -0 -1 0
    outer loop
      vertex -1.53073 23 17.6955
      vertex -1.26937 23 19.526
      vertex -2 23 17.4641
    endloop
  endfacet
  facet normal 0 -1 -0
    outer loop
      vertex -0.208841 23 18.9137
      vertex -0.522104 23 17.9658
      vertex 0 23 18
    endloop
  endfacet
  facet normal 0 -1 -0
    outer loop
      vertex -0.612293 23 19.0218
      vertex -1.03528 23 17.8637
      vertex -0.522104 23 17.9658
    endloop
  endfacet
  facet normal 0 -1 -0
    outer loop
      vertex -0.799999 23 19.1144
      vertex -1.03528 23 17.8637
      vertex -0.612293 23 19.0218
    endloop
  endfacet
  facet normal 0 -1 -0
    outer loop
      vertex -0.974018 23 19.2306
      vertex -1.03528 23 17.8637
      vertex -0.799999 23 19.1144
    endloop
  endfacet
  facet normal -0 -1 0
    outer loop
      vertex -1.03528 23 17.8637
      vertex -0.974018 23 19.2306
      vertex -1.53073 23 17.6955
    endloop
  endfacet
  facet normal 0 -1 -0
    outer loop
      vertex -1.13137 23 19.3686
      vertex -1.53073 23 17.6955
      vertex -0.974018 23 19.2306
    endloop
  endfacet
  facet normal 0 -1 -0
    outer loop
      vertex -1.26937 23 19.526
      vertex -1.53073 23 17.6955
      vertex -1.13137 23 19.3686
    endloop
  endfacet
  facet normal 0 -1 -0
    outer loop
      vertex -1.54548 23 20.0859
      vertex -2.43505 23 17.1734
      vertex -1.47821 23 19.8877
    endloop
  endfacet
  facet normal 0 -1 -0
    outer loop
      vertex -1.38564 23 19.7
      vertex -2 23 17.4641
      vertex -1.26937 23 19.526
    endloop
  endfacet
  facet normal 0 -1 -0
    outer loop
      vertex -1.58631 23 20.2912
      vertex -2.82843 23 16.8284
      vertex -1.54548 23 20.0859
    endloop
  endfacet
  facet normal 0 -1 0
    outer loop
      vertex -16 23 26
      vertex -7.91411 23 15.5455
      vertex -7.70884 23 15.5863
    endloop
  endfacet
  facet normal 0 -1 0
    outer loop
      vertex -16 23 26
      vertex -8.11229 23 15.4782
      vertex -7.91411 23 15.5455
    endloop
  endfacet
  facet normal 0 -1 0
    outer loop
      vertex -16 23 26
      vertex -8.3 23 15.3856
      vertex -8.11229 23 15.4782
    endloop
  endfacet
  facet normal 0 -1 0
    outer loop
      vertex -16 23 26
      vertex -8.47402 23 15.2694
      vertex -8.3 23 15.3856
    endloop
  endfacet
  facet normal 0 -1 0
    outer loop
      vertex -16 23 26
      vertex -8.63137 23 15.1314
      vertex -8.47402 23 15.2694
    endloop
  endfacet
  facet normal 0 -1 0
    outer loop
      vertex -16 23 26
      vertex -8.76937 23 14.974
      vertex -8.63137 23 15.1314
    endloop
  endfacet
  facet normal 0 -1 0
    outer loop
      vertex -16 23 26
      vertex -8.88564 23 14.8
      vertex -8.76937 23 14.974
    endloop
  endfacet
  facet normal 0 -1 0
    outer loop
      vertex -16 23 26
      vertex -8.97821 23 14.6123
      vertex -8.88564 23 14.8
    endloop
  endfacet
  facet normal 0 -1 0
    outer loop
      vertex -16 23 26
      vertex -9.04548 23 14.4141
      vertex -8.97821 23 14.6123
    endloop
  endfacet
  facet normal 0 -1 0
    outer loop
      vertex -16 23 26
      vertex -9.08631 23 14.2088
      vertex -9.04548 23 14.4141
    endloop
  endfacet
  facet normal 0 -1 0
    outer loop
      vertex -16 23 26
      vertex -9.1 23 14
      vertex -9.08631 23 14.2088
    endloop
  endfacet
  facet normal 0 -1 0
    outer loop
      vertex -16 23 2
      vertex -9.1 23 14
      vertex -16 23 26
    endloop
  endfacet
  facet normal 0 -1 -0
    outer loop
      vertex -9.1 23 14
      vertex -16 23 2
      vertex -9.08631 23 13.7912
    endloop
  endfacet
  facet normal 0 -1 -0
    outer loop
      vertex -9.08631 23 13.7912
      vertex -16 23 2
      vertex -9.04548 23 13.5859
    endloop
  endfacet
  facet normal 0 -1 -0
    outer loop
      vertex -9.04548 23 13.5859
      vertex -16 23 2
      vertex -8.97821 23 13.3877
    endloop
  endfacet
  facet normal 0 -1 0
    outer loop
      vertex -1.6 23 7.5
      vertex -6.5 23 12.4
      vertex -7.5 23 12.4
    endloop
  endfacet
  facet normal 0 -1 0
    outer loop
      vertex -1.6 23 6.5
      vertex -7.5 23 12.4
      vertex -7.70884 23 12.4137
    endloop
  endfacet
  facet normal 0 -1 0
    outer loop
      vertex -6.5 23 12.4
      vertex -3.17341 23 11.565
      vertex -3.4641 23 12
    endloop
  endfacet
  facet normal 0 -1 0
    outer loop
      vertex -6.5 23 12.4
      vertex -2.82843 23 11.1716
      vertex -3.17341 23 11.565
    endloop
  endfacet
  facet normal 0 -1 0
    outer loop
      vertex -16 23 2
      vertex -7.70884 23 12.4137
      vertex -7.91411 23 12.4545
    endloop
  endfacet
  facet normal 0 -1 0
    outer loop
      vertex -6.5 23 12.4
      vertex -1.58631 23 7.70884
      vertex -2.82843 23 11.1716
    endloop
  endfacet
  facet normal -0 -1 0
    outer loop
      vertex -1.54548 23 7.91411
      vertex -2.82843 23 11.1716
      vertex -1.58631 23 7.70884
    endloop
  endfacet
  facet normal 0 -1 0
    outer loop
      vertex -2.82843 23 11.1716
      vertex -1.54548 23 7.91411
      vertex -2.43505 23 10.8266
    endloop
  endfacet
  facet normal 0 -1 0
    outer loop
      vertex -2.43505 23 10.8266
      vertex -1.47821 23 8.11229
      vertex -2 23 10.5359
    endloop
  endfacet
  facet normal 0 -1 0
    outer loop
      vertex -0.208841 23 9.08631
      vertex 0 23 10
      vertex -0.522104 23 10.0342
    endloop
  endfacet
  facet normal 0 -1 0
    outer loop
      vertex -0.612293 23 8.97821
      vertex -0.522104 23 10.0342
      vertex -1.03528 23 10.1363
    endloop
  endfacet
  facet normal 0 -1 0
    outer loop
      vertex -2 23 10.5359
      vertex -1.26937 23 8.47402
      vertex -1.53073 23 10.3045
    endloop
  endfacet
  facet normal 0 -1 0
    outer loop
      vertex -16 23 2
      vertex -7.91411 23 12.4545
      vertex -8.11229 23 12.5218
    endloop
  endfacet
  facet normal 0 -1 -0
    outer loop
      vertex 0 23 10
      vertex -0.208841 23 9.08631
      vertex 0 23 9.1
    endloop
  endfacet
  facet normal 0 -1 0
    outer loop
      vertex -0.522104 23 10.0342
      vertex -0.41411 23 9.04548
      vertex -0.208841 23 9.08631
    endloop
  endfacet
  facet normal 0 -1 -0
    outer loop
      vertex -0.522104 23 10.0342
      vertex -0.612293 23 8.97821
      vertex -0.41411 23 9.04548
    endloop
  endfacet
  facet normal 0 -1 0
    outer loop
      vertex -1.03528 23 10.1363
      vertex -0.799999 23 8.88564
      vertex -0.612293 23 8.97821
    endloop
  endfacet
  facet normal 0 -1 0
    outer loop
      vertex -16 23 2
      vertex -8.11229 23 12.5218
      vertex -8.3 23 12.6144
    endloop
  endfacet
  facet normal 0 -1 0
    outer loop
      vertex -1.03528 23 10.1363
      vertex -0.974018 23 8.76937
      vertex -0.799999 23 8.88564
    endloop
  endfacet
  facet normal 0 -1 0
    outer loop
      vertex -1.53073 23 10.3045
      vertex -0.974018 23 8.76937
      vertex -1.03528 23 10.1363
    endloop
  endfacet
  facet normal -0 -1 0
    outer loop
      vertex -0.974018 23 8.76937
      vertex -1.53073 23 10.3045
      vertex -1.13137 23 8.63137
    endloop
  endfacet
  facet normal -0 -1 0
    outer loop
      vertex -1.13137 23 8.63137
      vertex -1.53073 23 10.3045
      vertex -1.26937 23 8.47402
    endloop
  endfacet
  facet normal -0 -1 0
    outer loop
      vertex -1.26937 23 8.47402
      vertex -2 23 10.5359
      vertex -1.38564 23 8.3
    endloop
  endfacet
  facet normal -0 -1 0
    outer loop
      vertex -1.38564 23 8.3
      vertex -2 23 10.5359
      vertex -1.47821 23 8.11229
    endloop
  endfacet
  facet normal 0 -1 0
    outer loop
      vertex -16 23 2
      vertex -8.3 23 12.6144
      vertex -8.47402 23 12.7306
    endloop
  endfacet
  facet normal -0 -1 0
    outer loop
      vertex -1.47821 23 8.11229
      vertex -2.43505 23 10.8266
      vertex -1.54548 23 7.91411
    endloop
  endfacet
  facet normal 0 -1 0
    outer loop
      vertex -6.5 23 12.4
      vertex -1.6 23 7.5
      vertex -1.58631 23 7.70884
    endloop
  endfacet
  facet normal 0 -1 0
    outer loop
      vertex -7.5 23 12.4
      vertex -1.6 23 6.5
      vertex -1.6 23 7.5
    endloop
  endfacet
  facet normal 0 -1 0
    outer loop
      vertex -16 23 2
      vertex -8.47402 23 12.7306
      vertex -8.63137 23 12.8686
    endloop
  endfacet
  facet normal 0 -1 0
    outer loop
      vertex -7.70884 23 12.4137
      vertex -1.58631 23 6.29116
      vertex -1.6 23 6.5
    endloop
  endfacet
  facet normal 0 -1 -0
    outer loop
      vertex -7.70884 23 12.4137
      vertex -16 23 2
      vertex -1.58631 23 6.29116
    endloop
  endfacet
  facet normal 0 -1 -0
    outer loop
      vertex -1.58631 23 6.29116
      vertex -16 23 2
      vertex -1.54548 23 6.08589
    endloop
  endfacet
  facet normal 0 -1 -0
    outer loop
      vertex -1.54548 23 6.08589
      vertex -16 23 2
      vertex -1.47821 23 5.88771
    endloop
  endfacet
  facet normal 0 -1 -0
    outer loop
      vertex -1.47821 23 5.88771
      vertex -16 23 2
      vertex -1.38564 23 5.7
    endloop
  endfacet
  facet normal 0 -1 -0
    outer loop
      vertex -1.38564 23 5.7
      vertex -16 23 2
      vertex -1.26937 23 5.52598
    endloop
  endfacet
  facet normal 0 -1 0
    outer loop
      vertex 7 23 1.87566
      vertex 0 23 4.9
      vertex -0.208841 23 4.91369
    endloop
  endfacet
  facet normal 0 -1 0
    outer loop
      vertex 0 23 4.9
      vertex 8.52266 23 2.89307
      vertex 9.89949 23 4.10051
    endloop
  endfacet
  facet normal 0 -1 0
    outer loop
      vertex 7 23 1.87566
      vertex -0.208841 23 4.91369
      vertex -0.41411 23 4.95452
    endloop
  endfacet
  facet normal 0 -1 -0
    outer loop
      vertex -8.97821 23 13.3877
      vertex -16 23 2
      vertex -8.88564 23 13.2
    endloop
  endfacet
  facet normal 0 -1 0
    outer loop
      vertex -16 23 2
      vertex -8.76937 23 13.026
      vertex -8.88564 23 13.2
    endloop
  endfacet
  facet normal 0 -1 0
    outer loop
      vertex -16 23 2
      vertex -8.63137 23 12.8686
      vertex -8.76937 23 13.026
    endloop
  endfacet
  facet normal 0 -1 -0
    outer loop
      vertex -1.26937 23 5.52598
      vertex -16 23 2
      vertex -1.13137 23 5.36863
    endloop
  endfacet
  facet normal 0 -1 0
    outer loop
      vertex -16 23 2
      vertex -0.974018 23 5.23063
      vertex -1.13137 23 5.36863
    endloop
  endfacet
  facet normal 0 -1 0
    outer loop
      vertex -16 23 2
      vertex -0.799999 23 5.11436
      vertex -0.974018 23 5.23063
    endloop
  endfacet
  facet normal 0 -1 0
    outer loop
      vertex -16 23 2
      vertex -0.612293 23 5.02179
      vertex -0.799999 23 5.11436
    endloop
  endfacet
  facet normal 0 -1 0
    outer loop
      vertex -16 23 2
      vertex -0.41411 23 4.95452
      vertex -0.612293 23 5.02179
    endloop
  endfacet
  facet normal 0 -1 0
    outer loop
      vertex 7 23 1.87566
      vertex -0.41411 23 4.95452
      vertex -16 23 2
    endloop
  endfacet
  facet normal 0 -1 0
    outer loop
      vertex 0 23 4.9
      vertex 7 23 1.87566
      vertex 8.52266 23 2.89307
    endloop
  endfacet
  facet normal 0 -1 0
    outer loop
      vertex 0.974018 23 22.7694
      vertex 3.62346 23 27.5229
      vertex 0.799999 23 22.8856
    endloop
  endfacet
  facet normal 0 -1 0
    outer loop
      vertex 1.13137 23 22.6314
      vertex 3.62346 23 27.5229
      vertex 0.974018 23 22.7694
    endloop
  endfacet
  facet normal 0 -1 0
    outer loop
      vertex 1.26937 23 22.474
      vertex 3.62346 23 27.5229
      vertex 1.13137 23 22.6314
    endloop
  endfacet
  facet normal 0 -1 -0
    outer loop
      vertex 3.62346 23 27.5229
      vertex 1.26937 23 22.474
      vertex 5.35756 23 26.9343
    endloop
  endfacet
  facet normal 0 -1 0
    outer loop
      vertex 1.38564 23 22.3
      vertex 5.35756 23 26.9343
      vertex 1.26937 23 22.474
    endloop
  endfacet
  facet normal 0 -1 0
    outer loop
      vertex 1.47821 23 22.1123
      vertex 5.35756 23 26.9343
      vertex 1.38564 23 22.3
    endloop
  endfacet
  facet normal 0 -1 -0
    outer loop
      vertex 5.35756 23 26.9343
      vertex 1.47821 23 22.1123
      vertex 7 23 26.1243
    endloop
  endfacet
  facet normal 0 -1 0
    outer loop
      vertex 1.54548 23 21.9141
      vertex 7 23 26.1243
      vertex 1.47821 23 22.1123
    endloop
  endfacet
  facet normal 0 -1 0
    outer loop
      vertex 1.58631 23 21.7088
      vertex 7 23 26.1243
      vertex 1.54548 23 21.9141
    endloop
  endfacet
  facet normal 0 -1 -0
    outer loop
      vertex 7 23 26.1243
      vertex 1.58631 23 21.7088
      vertex 8.52266 23 25.1069
    endloop
  endfacet
  facet normal 0 -1 0
    outer loop
      vertex 1.6 23 21.5
      vertex 8.52266 23 25.1069
      vertex 1.58631 23 21.7088
    endloop
  endfacet
  facet normal 0 -1 -0
    outer loop
      vertex 8.52266 23 25.1069
      vertex 1.6 23 21.5
      vertex 9.89949 23 23.8995
    endloop
  endfacet
  facet normal 0 -1 0
    outer loop
      vertex 1.6 23 20.5
      vertex 9.89949 23 23.8995
      vertex 1.6 23 21.5
    endloop
  endfacet
  facet normal 0 -1 0
    outer loop
      vertex 6.5 23 15.6
      vertex 9.89949 23 23.8995
      vertex 1.6 23 20.5
    endloop
  endfacet
  facet normal 0 -1 0
    outer loop
      vertex 7.5 23 15.6
      vertex 9.89949 23 23.8995
      vertex 6.5 23 15.6
    endloop
  endfacet
  facet normal 0 -1 0
    outer loop
      vertex 6.5 23 15.6
      vertex 1.6 23 20.5
      vertex 1.58631 23 20.2912
    endloop
  endfacet
  facet normal 0 -1 0
    outer loop
      vertex 2.82843 23 16.8284
      vertex 1.58631 23 20.2912
      vertex 1.54548 23 20.0859
    endloop
  endfacet
  facet normal 0 -1 0
    outer loop
      vertex 2.43505 23 17.1734
      vertex 1.54548 23 20.0859
      vertex 1.47821 23 19.8877
    endloop
  endfacet
  facet normal 0 -1 0
    outer loop
      vertex 2 23 17.4641
      vertex 1.47821 23 19.8877
      vertex 1.38564 23 19.7
    endloop
  endfacet
  facet normal 0 -1 0
    outer loop
      vertex 2 23 17.4641
      vertex 1.38564 23 19.7
      vertex 1.26937 23 19.526
    endloop
  endfacet
  facet normal 0 -1 0
    outer loop
      vertex 1.53073 23 17.6955
      vertex 1.26937 23 19.526
      vertex 1.13137 23 19.3686
    endloop
  endfacet
  facet normal 0 -1 -0
    outer loop
      vertex 9.89949 23 23.8995
      vertex 7.5 23 15.6
      vertex 11.1069 23 22.5227
    endloop
  endfacet
  facet normal 0 -1 0
    outer loop
      vertex 1.53073 23 17.6955
      vertex 1.13137 23 19.3686
      vertex 0.974018 23 19.2306
    endloop
  endfacet
  facet normal 0 -1 0
    outer loop
      vertex 1.03528 23 17.8637
      vertex 0.974018 23 19.2306
      vertex 0.799999 23 19.1144
    endloop
  endfacet
  facet normal 0 -1 0
    outer loop
      vertex 1.03528 23 17.8637
      vertex 0.799999 23 19.1144
      vertex 0.612293 23 19.0218
    endloop
  endfacet
  facet normal 0 -1 0
    outer loop
      vertex 0.522104 23 17.9658
      vertex 0.612293 23 19.0218
      vertex 0.41411 23 18.9545
    endloop
  endfacet
  facet normal 0 -1 0
    outer loop
      vertex 0.522104 23 17.9658
      vertex 0.41411 23 18.9545
      vertex 0.208841 23 18.9137
    endloop
  endfacet
  facet normal 0 -1 0
    outer loop
      vertex 0 23 18
      vertex 0.208841 23 18.9137
      vertex 0 23 18.9
    endloop
  endfacet
  facet normal 0 -1 -0
    outer loop
      vertex 0.208841 23 18.9137
      vertex 0 23 18
      vertex 0.522104 23 17.9658
    endloop
  endfacet
  facet normal 0 -1 -0
    outer loop
      vertex 0.612293 23 19.0218
      vertex 0.522104 23 17.9658
      vertex 1.03528 23 17.8637
    endloop
  endfacet
  facet normal 0 -1 0
    outer loop
      vertex 0.974018 23 19.2306
      vertex 1.03528 23 17.8637
      vertex 1.53073 23 17.6955
    endloop
  endfacet
  facet normal 0 -1 0
    outer loop
      vertex 1.26937 23 19.526
      vertex 1.53073 23 17.6955
      vertex 2 23 17.4641
    endloop
  endfacet
  facet normal 0 -1 0
    outer loop
      vertex 1.47821 23 19.8877
      vertex 2 23 17.4641
      vertex 2.43505 23 17.1734
    endloop
  endfacet
  facet normal 0 -1 0
    outer loop
      vertex 1.54548 23 20.0859
      vertex 2.43505 23 17.1734
      vertex 2.82843 23 16.8284
    endloop
  endfacet
  facet normal 0 -1 0
    outer loop
      vertex 7.70884 23 15.5863
      vertex 11.1069 23 22.5227
      vertex 7.5 23 15.6
    endloop
  endfacet
  facet normal 0 -1 0
    outer loop
      vertex 1.58631 23 20.2912
      vertex 2.82843 23 16.8284
      vertex 6.29116 23 15.5863
    endloop
  endfacet
  facet normal 0 -1 0
    outer loop
      vertex 6.08589 23 15.5455
      vertex 2.82843 23 16.8284
      vertex 3.17341 23 16.435
    endloop
  endfacet
  facet normal 0 -1 0
    outer loop
      vertex 5.88771 23 15.4782
      vertex 3.17341 23 16.435
      vertex 3.4641 23 16
    endloop
  endfacet
  facet normal 0 -1 -0
    outer loop
      vertex 11.1069 23 22.5227
      vertex 7.70884 23 15.5863
      vertex 12.1243 23 21
    endloop
  endfacet
  facet normal 0 -1 0
    outer loop
      vertex 7.91411 23 15.5455
      vertex 12.1243 23 21
      vertex 7.70884 23 15.5863
    endloop
  endfacet
  facet normal 0 -1 0
    outer loop
      vertex 1.58631 23 20.2912
      vertex 6.29116 23 15.5863
      vertex 6.5 23 15.6
    endloop
  endfacet
  facet normal 0 -1 0
    outer loop
      vertex 2.82843 23 16.8284
      vertex 6.08589 23 15.5455
      vertex 6.29116 23 15.5863
    endloop
  endfacet
  facet normal 0 -1 0
    outer loop
      vertex 5.52598 23 15.2694
      vertex 3.4641 23 16
      vertex 3.69552 23 15.5307
    endloop
  endfacet
  facet normal 0 -1 0
    outer loop
      vertex 3.17341 23 16.435
      vertex 5.88771 23 15.4782
      vertex 6.08589 23 15.5455
    endloop
  endfacet
  facet normal 0 -1 0
    outer loop
      vertex 3.4641 23 16
      vertex 5.7 23 15.3856
      vertex 5.88771 23 15.4782
    endloop
  endfacet
  facet normal 0 -1 0
    outer loop
      vertex 3.4641 23 16
      vertex 5.52598 23 15.2694
      vertex 5.7 23 15.3856
    endloop
  endfacet
  facet normal 0 -1 0
    outer loop
      vertex 3.69552 23 15.5307
      vertex 5.36863 23 15.1314
      vertex 5.52598 23 15.2694
    endloop
  endfacet
  facet normal 0 -1 0
    outer loop
      vertex 5.23063 23 14.974
      vertex 3.69552 23 15.5307
      vertex 3.8637 23 15.0353
    endloop
  endfacet
  facet normal 0 -1 0
    outer loop
      vertex 3.69552 23 15.5307
      vertex 5.23063 23 14.974
      vertex 5.36863 23 15.1314
    endloop
  endfacet
  facet normal 0 -1 0
    outer loop
      vertex 3.8637 23 15.0353
      vertex 5.11436 23 14.8
      vertex 5.23063 23 14.974
    endloop
  endfacet
  facet normal 0 -1 0
    outer loop
      vertex 3.8637 23 15.0353
      vertex 5.02179 23 14.6123
      vertex 5.11436 23 14.8
    endloop
  endfacet
  facet normal 0 -1 0
    outer loop
      vertex 3.96578 23 14.5221
      vertex 5.02179 23 14.6123
      vertex 3.8637 23 15.0353
    endloop
  endfacet
  facet normal 0 -1 0
    outer loop
      vertex 3.96578 23 14.5221
      vertex 4.95452 23 14.4141
      vertex 5.02179 23 14.6123
    endloop
  endfacet
  facet normal 0 -1 0
    outer loop
      vertex 3.96578 23 14.5221
      vertex 4.91369 23 14.2088
      vertex 4.95452 23 14.4141
    endloop
  endfacet
  facet normal 0 -1 0
    outer loop
      vertex 4 23 14
      vertex 4.91369 23 14.2088
      vertex 3.96578 23 14.5221
    endloop
  endfacet
  facet normal 0 -1 0
    outer loop
      vertex 4 23 14
      vertex 4.9 23 14
      vertex 4.91369 23 14.2088
    endloop
  endfacet
  facet normal 0 -1 0
    outer loop
      vertex 4 23 14
      vertex 4.91369 23 13.7912
      vertex 4.9 23 14
    endloop
  endfacet
  facet normal 0 -1 0
    outer loop
      vertex 3.96578 23 13.4779
      vertex 4.91369 23 13.7912
      vertex 4 23 14
    endloop
  endfacet
  facet normal 0 -1 -0
    outer loop
      vertex 4.91369 23 13.7912
      vertex 3.96578 23 13.4779
      vertex 4.95452 23 13.5859
    endloop
  endfacet
  facet normal 0 -1 0
    outer loop
      vertex 3.96578 23 13.4779
      vertex 5.02179 23 13.3877
      vertex 4.95452 23 13.5859
    endloop
  endfacet
  facet normal 0 -1 0
    outer loop
      vertex 3.8637 23 12.9647
      vertex 5.02179 23 13.3877
      vertex 3.96578 23 13.4779
    endloop
  endfacet
  facet normal 0 -1 -0
    outer loop
      vertex 5.02179 23 13.3877
      vertex 3.8637 23 12.9647
      vertex 5.11436 23 13.2
    endloop
  endfacet
  facet normal 0 -1 -0
    outer loop
      vertex 5.11436 23 13.2
      vertex 3.8637 23 12.9647
      vertex 5.23063 23 13.026
    endloop
  endfacet
  facet normal 0 -1 0
    outer loop
      vertex 3.69552 23 12.4693
      vertex 5.23063 23 13.026
      vertex 3.8637 23 12.9647
    endloop
  endfacet
  facet normal 0 -1 -0
    outer loop
      vertex 5.23063 23 13.026
      vertex 3.69552 23 12.4693
      vertex 5.36863 23 12.8686
    endloop
  endfacet
  facet normal 0 -1 -0
    outer loop
      vertex 5.36863 23 12.8686
      vertex 3.69552 23 12.4693
      vertex 5.52598 23 12.7306
    endloop
  endfacet
  facet normal 0 -1 0
    outer loop
      vertex 3.4641 23 12
      vertex 5.52598 23 12.7306
      vertex 3.69552 23 12.4693
    endloop
  endfacet
  facet normal 0 -1 -0
    outer loop
      vertex 5.52598 23 12.7306
      vertex 3.4641 23 12
      vertex 5.7 23 12.6144
    endloop
  endfacet
  facet normal 0 -1 -0
    outer loop
      vertex 5.7 23 12.6144
      vertex 3.4641 23 12
      vertex 5.88771 23 12.5218
    endloop
  endfacet
  facet normal 0 -1 0
    outer loop
      vertex 3.17341 23 11.565
      vertex 5.88771 23 12.5218
      vertex 3.4641 23 12
    endloop
  endfacet
  facet normal 0 -1 -0
    outer loop
      vertex 5.88771 23 12.5218
      vertex 3.17341 23 11.565
      vertex 6.08589 23 12.4545
    endloop
  endfacet
  facet normal 0 -1 0
    outer loop
      vertex 9.89949 23 4.10051
      vertex 7.5 23 12.4
      vertex 6.5 23 12.4
    endloop
  endfacet
  facet normal 0 -1 0
    outer loop
      vertex 2.82843 23 11.1716
      vertex 6.08589 23 12.4545
      vertex 3.17341 23 11.565
    endloop
  endfacet
  facet normal 0 -1 -0
    outer loop
      vertex 6.08589 23 12.4545
      vertex 2.82843 23 11.1716
      vertex 6.29116 23 12.4137
    endloop
  endfacet
  facet normal 0 -1 0
    outer loop
      vertex 1.58631 23 7.70884
      vertex 6.29116 23 12.4137
      vertex 2.82843 23 11.1716
    endloop
  endfacet
  facet normal 0 -1 -0
    outer loop
      vertex 6.29116 23 12.4137
      vertex 1.58631 23 7.70884
      vertex 6.5 23 12.4
    endloop
  endfacet
  facet normal 0 -1 0
    outer loop
      vertex 1.54548 23 7.91411
      vertex 2.82843 23 11.1716
      vertex 2.43505 23 10.8266
    endloop
  endfacet
  facet normal 0 -1 0
    outer loop
      vertex 1.47821 23 8.11229
      vertex 2.43505 23 10.8266
      vertex 2 23 10.5359
    endloop
  endfacet
  facet normal 0 -1 0
    outer loop
      vertex 7.5 23 12.4
      vertex 13.5229 23 10.3765
      vertex 13.8802 23 12.1726
    endloop
  endfacet
  facet normal 0 -1 0
    outer loop
      vertex 1.26937 23 8.47402
      vertex 2 23 10.5359
      vertex 1.53073 23 10.3045
    endloop
  endfacet
  facet normal 0 -1 0
    outer loop
      vertex 0.974018 23 8.76937
      vertex 1.53073 23 10.3045
      vertex 1.03528 23 10.1363
    endloop
  endfacet
  facet normal 0 -1 0
    outer loop
      vertex 0.612293 23 8.97821
      vertex 1.03528 23 10.1363
      vertex 0.522104 23 10.0342
    endloop
  endfacet
  facet normal 0 -1 0
    outer loop
      vertex 0.208841 23 9.08631
      vertex 0.522104 23 10.0342
      vertex 0 23 10
    endloop
  endfacet
  facet normal 0 -1 0
    outer loop
      vertex 0.208841 23 9.08631
      vertex 0 23 10
      vertex 0 23 9.1
    endloop
  endfacet
  facet normal 0 -1 0
    outer loop
      vertex 0.522104 23 10.0342
      vertex 0.208841 23 9.08631
      vertex 0.41411 23 9.04548
    endloop
  endfacet
  facet normal 0 -1 -0
    outer loop
      vertex 0.522104 23 10.0342
      vertex 0.41411 23 9.04548
      vertex 0.612293 23 8.97821
    endloop
  endfacet
  facet normal 0 -1 0
    outer loop
      vertex 1.03528 23 10.1363
      vertex 0.612293 23 8.97821
      vertex 0.799999 23 8.88564
    endloop
  endfacet
  facet normal 0 -1 0
    outer loop
      vertex 1.03528 23 10.1363
      vertex 0.799999 23 8.88564
      vertex 0.974018 23 8.76937
    endloop
  endfacet
  facet normal 0 -1 0
    outer loop
      vertex 1.53073 23 10.3045
      vertex 0.974018 23 8.76937
      vertex 1.13137 23 8.63137
    endloop
  endfacet
  facet normal 0 -1 0
    outer loop
      vertex 1.53073 23 10.3045
      vertex 1.13137 23 8.63137
      vertex 1.26937 23 8.47402
    endloop
  endfacet
  facet normal 0 -1 0
    outer loop
      vertex 2 23 10.5359
      vertex 1.26937 23 8.47402
      vertex 1.38564 23 8.3
    endloop
  endfacet
  facet normal 0 -1 0
    outer loop
      vertex 2 23 10.5359
      vertex 1.38564 23 8.3
      vertex 1.47821 23 8.11229
    endloop
  endfacet
  facet normal 0 -1 0
    outer loop
      vertex 7.5 23 12.4
      vertex 12.9343 23 8.64244
      vertex 13.5229 23 10.3765
    endloop
  endfacet
  facet normal 0 -1 0
    outer loop
      vertex 2.43505 23 10.8266
      vertex 1.47821 23 8.11229
      vertex 1.54548 23 7.91411
    endloop
  endfacet
  facet normal 0 -1 0
    outer loop
      vertex 2.82843 23 11.1716
      vertex 1.54548 23 7.91411
      vertex 1.58631 23 7.70884
    endloop
  endfacet
  facet normal 0 -1 0
    outer loop
      vertex 6.5 23 12.4
      vertex 1.58631 23 7.70884
      vertex 1.6 23 7.5
    endloop
  endfacet
  facet normal 0 -1 -0
    outer loop
      vertex 6.5 23 12.4
      vertex 1.6 23 7.5
      vertex 9.89949 23 4.10051
    endloop
  endfacet
  facet normal 0 -1 0
    outer loop
      vertex 7.5 23 12.4
      vertex 12.1243 23 7
      vertex 12.9343 23 8.64244
    endloop
  endfacet
  facet normal 0 -1 0
    outer loop
      vertex 9.89949 23 4.10051
      vertex 1.6 23 7.5
      vertex 1.6 23 6.5
    endloop
  endfacet
  facet normal 0 -1 0
    outer loop
      vertex 9.89949 23 4.10051
      vertex 1.6 23 6.5
      vertex 1.58631 23 6.29116
    endloop
  endfacet
  facet normal 0 -1 0
    outer loop
      vertex 9.89949 23 4.10051
      vertex 1.58631 23 6.29116
      vertex 1.54548 23 6.08589
    endloop
  endfacet
  facet normal 0 -1 0
    outer loop
      vertex 9.89949 23 4.10051
      vertex 1.54548 23 6.08589
      vertex 1.47821 23 5.88771
    endloop
  endfacet
  facet normal 0 -1 0
    outer loop
      vertex 9.89949 23 4.10051
      vertex 1.47821 23 5.88771
      vertex 1.38564 23 5.7
    endloop
  endfacet
  facet normal 0 -1 0
    outer loop
      vertex 9.89949 23 4.10051
      vertex 1.38564 23 5.7
      vertex 1.26937 23 5.52598
    endloop
  endfacet
  facet normal 0 -1 0
    outer loop
      vertex 7.5 23 12.4
      vertex 11.1069 23 5.47734
      vertex 12.1243 23 7
    endloop
  endfacet
  facet normal 0 -1 0
    outer loop
      vertex 9.89949 23 4.10051
      vertex 1.26937 23 5.52598
      vertex 1.13137 23 5.36863
    endloop
  endfacet
  facet normal 0 -1 0
    outer loop
      vertex 9.89949 23 4.10051
      vertex 1.13137 23 5.36863
      vertex 0.974018 23 5.23063
    endloop
  endfacet
  facet normal 0 -1 0
    outer loop
      vertex 9.89949 23 4.10051
      vertex 0.974018 23 5.23063
      vertex 0.799999 23 5.11436
    endloop
  endfacet
  facet normal 0 -1 0
    outer loop
      vertex 9.89949 23 4.10051
      vertex 0.799999 23 5.11436
      vertex 0.612293 23 5.02179
    endloop
  endfacet
  facet normal 0 -1 0
    outer loop
      vertex 9.89949 23 4.10051
      vertex 0.612293 23 5.02179
      vertex 0.41411 23 4.95452
    endloop
  endfacet
  facet normal 0 -1 0
    outer loop
      vertex 9.89949 23 4.10051
      vertex 0.41411 23 4.95452
      vertex 0.208841 23 4.91369
    endloop
  endfacet
  facet normal 0 -1 0
    outer loop
      vertex 9.89949 23 4.10051
      vertex 0.208841 23 4.91369
      vertex 0 23 4.9
    endloop
  endfacet
  facet normal 0 -1 0
    outer loop
      vertex 7.5 23 12.4
      vertex 9.89949 23 4.10051
      vertex 11.1069 23 5.47734
    endloop
  endfacet
  facet normal 0 -1 0
    outer loop
      vertex -6.08589 23 15.5455
      vertex -2.82843 23 16.8284
      vertex -6.29116 23 15.5863
    endloop
  endfacet
  facet normal 0 -1 0
    outer loop
      vertex -2.82843 23 16.8284
      vertex -6.08589 23 15.5455
      vertex -3.17341 23 16.435
    endloop
  endfacet
  facet normal 0 -1 0
    outer loop
      vertex -5.88771 23 15.4782
      vertex -3.17341 23 16.435
      vertex -6.08589 23 15.5455
    endloop
  endfacet
  facet normal 0 -1 0
    outer loop
      vertex -3.17341 23 16.435
      vertex -5.88771 23 15.4782
      vertex -3.4641 23 16
    endloop
  endfacet
  facet normal 0 -1 0
    outer loop
      vertex -5.7 23 15.3856
      vertex -3.4641 23 16
      vertex -5.88771 23 15.4782
    endloop
  endfacet
  facet normal 0 -1 0
    outer loop
      vertex -5.52598 23 15.2694
      vertex -3.4641 23 16
      vertex -5.7 23 15.3856
    endloop
  endfacet
  facet normal 0 -1 0
    outer loop
      vertex -3.4641 23 16
      vertex -5.52598 23 15.2694
      vertex -3.69552 23 15.5307
    endloop
  endfacet
  facet normal 0 -1 0
    outer loop
      vertex -5.36863 23 15.1314
      vertex -3.69552 23 15.5307
      vertex -5.52598 23 15.2694
    endloop
  endfacet
  facet normal 0 -1 0
    outer loop
      vertex -5.23063 23 14.974
      vertex -3.69552 23 15.5307
      vertex -5.36863 23 15.1314
    endloop
  endfacet
  facet normal 0 -1 0
    outer loop
      vertex -3.69552 23 15.5307
      vertex -5.23063 23 14.974
      vertex -3.8637 23 15.0353
    endloop
  endfacet
  facet normal 0 -1 0
    outer loop
      vertex -5.11436 23 14.8
      vertex -3.8637 23 15.0353
      vertex -5.23063 23 14.974
    endloop
  endfacet
  facet normal 0 -1 0
    outer loop
      vertex -5.02179 23 14.6123
      vertex -3.8637 23 15.0353
      vertex -5.11436 23 14.8
    endloop
  endfacet
  facet normal 0 -1 0
    outer loop
      vertex -5.02179 23 14.6123
      vertex -3.96578 23 14.5221
      vertex -3.8637 23 15.0353
    endloop
  endfacet
  facet normal 0 -1 0
    outer loop
      vertex -4.95452 23 14.4141
      vertex -3.96578 23 14.5221
      vertex -5.02179 23 14.6123
    endloop
  endfacet
  facet normal 0 -1 0
    outer loop
      vertex -4.91369 23 14.2088
      vertex -3.96578 23 14.5221
      vertex -4.95452 23 14.4141
    endloop
  endfacet
  facet normal 0 -1 0
    outer loop
      vertex -4 23 14
      vertex -4.91369 23 14.2088
      vertex -4.9 23 14
    endloop
  endfacet
  facet normal 0 -1 0
    outer loop
      vertex -4.91369 23 14.2088
      vertex -4 23 14
      vertex -3.96578 23 14.5221
    endloop
  endfacet
  facet normal 0 -1 0
    outer loop
      vertex -4.91369 23 13.7912
      vertex -4 23 14
      vertex -4.9 23 14
    endloop
  endfacet
  facet normal 0 -1 0
    outer loop
      vertex -3.96578 23 13.4779
      vertex -4.91369 23 13.7912
      vertex -4.95452 23 13.5859
    endloop
  endfacet
  facet normal 0 -1 0
    outer loop
      vertex -4.91369 23 13.7912
      vertex -3.96578 23 13.4779
      vertex -4 23 14
    endloop
  endfacet
  facet normal 0 -1 0
    outer loop
      vertex -5.02179 23 13.3877
      vertex -3.96578 23 13.4779
      vertex -4.95452 23 13.5859
    endloop
  endfacet
  facet normal 0 -1 0
    outer loop
      vertex -3.8637 23 12.9647
      vertex -5.02179 23 13.3877
      vertex -5.11436 23 13.2
    endloop
  endfacet
  facet normal 0 -1 0
    outer loop
      vertex -3.8637 23 12.9647
      vertex -5.11436 23 13.2
      vertex -5.23063 23 13.026
    endloop
  endfacet
  facet normal 0 -1 0
    outer loop
      vertex -5.02179 23 13.3877
      vertex -3.8637 23 12.9647
      vertex -3.96578 23 13.4779
    endloop
  endfacet
  facet normal 0 -1 0
    outer loop
      vertex -3.69552 23 12.4693
      vertex -5.23063 23 13.026
      vertex -5.36863 23 12.8686
    endloop
  endfacet
  facet normal 0 -1 0
    outer loop
      vertex -3.69552 23 12.4693
      vertex -5.36863 23 12.8686
      vertex -5.52598 23 12.7306
    endloop
  endfacet
  facet normal 0 -1 0
    outer loop
      vertex -3.4641 23 12
      vertex -5.52598 23 12.7306
      vertex -5.7 23 12.6144
    endloop
  endfacet
  facet normal 0 -1 0
    outer loop
      vertex -3.4641 23 12
      vertex -5.7 23 12.6144
      vertex -5.88771 23 12.5218
    endloop
  endfacet
  facet normal 0 -1 0
    outer loop
      vertex -5.23063 23 13.026
      vertex -3.69552 23 12.4693
      vertex -3.8637 23 12.9647
    endloop
  endfacet
  facet normal 0 -1 0
    outer loop
      vertex -3.4641 23 12
      vertex -5.88771 23 12.5218
      vertex -6.08589 23 12.4545
    endloop
  endfacet
  facet normal 0 -1 0
    outer loop
      vertex -3.4641 23 12
      vertex -6.08589 23 12.4545
      vertex -6.29116 23 12.4137
    endloop
  endfacet
  facet normal 0 -1 0
    outer loop
      vertex -3.4641 23 12
      vertex -6.29116 23 12.4137
      vertex -6.5 23 12.4
    endloop
  endfacet
  facet normal 0 -1 0
    outer loop
      vertex -5.52598 23 12.7306
      vertex -3.4641 23 12
      vertex -3.69552 23 12.4693
    endloop
  endfacet
  facet normal 0 -1 0
    outer loop
      vertex 8.11229 23 15.4782
      vertex 12.1243 23 21
      vertex 7.91411 23 15.5455
    endloop
  endfacet
  facet normal 0 -1 -0
    outer loop
      vertex 12.1243 23 21
      vertex 8.11229 23 15.4782
      vertex 12.9343 23 19.3576
    endloop
  endfacet
  facet normal 0 -1 0
    outer loop
      vertex 8.3 23 15.3856
      vertex 12.9343 23 19.3576
      vertex 8.11229 23 15.4782
    endloop
  endfacet
  facet normal 0 -1 0
    outer loop
      vertex 8.47402 23 15.2694
      vertex 12.9343 23 19.3576
      vertex 8.3 23 15.3856
    endloop
  endfacet
  facet normal 0 -1 -0
    outer loop
      vertex 12.9343 23 19.3576
      vertex 8.47402 23 15.2694
      vertex 13.5229 23 17.6235
    endloop
  endfacet
  facet normal 0 -1 0
    outer loop
      vertex 8.63137 23 15.1314
      vertex 13.5229 23 17.6235
      vertex 8.47402 23 15.2694
    endloop
  endfacet
  facet normal 0 -1 0
    outer loop
      vertex 8.76937 23 14.974
      vertex 13.5229 23 17.6235
      vertex 8.63137 23 15.1314
    endloop
  endfacet
  facet normal 0 -1 0
    outer loop
      vertex 8.88564 23 14.8
      vertex 13.5229 23 17.6235
      vertex 8.76937 23 14.974
    endloop
  endfacet
  facet normal 0 -1 -0
    outer loop
      vertex 13.5229 23 17.6235
      vertex 8.88564 23 14.8
      vertex 13.8802 23 15.8274
    endloop
  endfacet
  facet normal 0 -1 0
    outer loop
      vertex 8.97821 23 14.6123
      vertex 13.8802 23 15.8274
      vertex 8.88564 23 14.8
    endloop
  endfacet
  facet normal 0 -1 0
    outer loop
      vertex 9.04548 23 14.4141
      vertex 13.8802 23 15.8274
      vertex 8.97821 23 14.6123
    endloop
  endfacet
  facet normal 0 -1 0
    outer loop
      vertex 9.08631 23 14.2088
      vertex 13.8802 23 15.8274
      vertex 9.04548 23 14.4141
    endloop
  endfacet
  facet normal 0 -1 0
    outer loop
      vertex 14 23 14
      vertex 9.08631 23 14.2088
      vertex 9.1 23 14
    endloop
  endfacet
  facet normal 0 -1 0
    outer loop
      vertex 9.08631 23 14.2088
      vertex 14 23 14
      vertex 13.8802 23 15.8274
    endloop
  endfacet
  facet normal 0 -1 0
    outer loop
      vertex 9.08631 23 13.7912
      vertex 14 23 14
      vertex 9.1 23 14
    endloop
  endfacet
  facet normal 0 -1 0
    outer loop
      vertex 13.8802 23 12.1726
      vertex 9.08631 23 13.7912
      vertex 9.04548 23 13.5859
    endloop
  endfacet
  facet normal 0 -1 0
    outer loop
      vertex 13.8802 23 12.1726
      vertex 9.04548 23 13.5859
      vertex 8.97821 23 13.3877
    endloop
  endfacet
  facet normal 0 -1 0
    outer loop
      vertex 13.8802 23 12.1726
      vertex 8.97821 23 13.3877
      vertex 8.88564 23 13.2
    endloop
  endfacet
  facet normal 0 -1 0
    outer loop
      vertex 13.8802 23 12.1726
      vertex 8.88564 23 13.2
      vertex 8.76937 23 13.026
    endloop
  endfacet
  facet normal 0 -1 0
    outer loop
      vertex 13.8802 23 12.1726
      vertex 8.76937 23 13.026
      vertex 8.63137 23 12.8686
    endloop
  endfacet
  facet normal 0 -1 0
    outer loop
      vertex 13.8802 23 12.1726
      vertex 8.63137 23 12.8686
      vertex 8.47402 23 12.7306
    endloop
  endfacet
  facet normal 0 -1 0
    outer loop
      vertex 13.8802 23 12.1726
      vertex 8.47402 23 12.7306
      vertex 8.3 23 12.6144
    endloop
  endfacet
  facet normal 0 -1 0
    outer loop
      vertex 13.8802 23 12.1726
      vertex 8.3 23 12.6144
      vertex 8.11229 23 12.5218
    endloop
  endfacet
  facet normal 0 -1 0
    outer loop
      vertex 13.8802 23 12.1726
      vertex 8.11229 23 12.5218
      vertex 7.91411 23 12.4545
    endloop
  endfacet
  facet normal 0 -1 0
    outer loop
      vertex 9.08631 23 13.7912
      vertex 13.8802 23 12.1726
      vertex 14 23 14
    endloop
  endfacet
  facet normal 0 -1 0
    outer loop
      vertex 7.70884 23 12.4137
      vertex 13.8802 23 12.1726
      vertex 7.91411 23 12.4545
    endloop
  endfacet
  facet normal 0 -1 0
    outer loop
      vertex 13.8802 23 12.1726
      vertex 7.70884 23 12.4137
      vertex 7.5 23 12.4
    endloop
  endfacet
  facet normal 0.997858 -0 0.0654172
    outer loop
      vertex 13.8802 23 15.8274
      vertex 14 28 14
      vertex 13.8802 28 15.8274
    endloop
  endfacet
  facet normal 0.997858 0 0.0654172
    outer loop
      vertex 14 28 14
      vertex 13.8802 23 15.8274
      vertex 14 23 14
    endloop
  endfacet
  facet normal -0.0145041 0 -0.999895
    outer loop
      vertex -84.1669 23 1.22089
      vertex 0 28 0
      vertex 0 23 0
    endloop
  endfacet
  facet normal -0.0145041 0 -0.999895
    outer loop
      vertex 0 28 0
      vertex -84.1669 23 1.22089
      vertex -84.1669 28 1.22089
    endloop
  endfacet
  facet normal 0.195092 0 -0.980785
    outer loop
      vertex 1.82736 23 0.119781
      vertex 3.62346 28 0.477051
      vertex 3.62346 23 0.477051
    endloop
  endfacet
  facet normal 0.195092 0 -0.980785
    outer loop
      vertex 3.62346 28 0.477051
      vertex 1.82736 23 0.119781
      vertex 1.82736 28 0.119781
    endloop
  endfacet
  facet normal -0.073166 0 0.99732
    outer loop
      vertex -79.2742 28 22.1985
      vertex -1.82736 23 27.8802
      vertex -1.82736 28 27.8802
    endloop
  endfacet
  facet normal -0.073166 0 0.99732
    outer loop
      vertex -1.82736 23 27.8802
      vertex -79.2742 28 22.1985
      vertex -79.2742 23 22.1985
    endloop
  endfacet
  facet normal -0.0654186 0 0.997858
    outer loop
      vertex -1.82736 28 27.8802
      vertex 0 23 28
      vertex 0 28 28
    endloop
  endfacet
  facet normal -0.0654186 0 0.997858
    outer loop
      vertex 0 23 28
      vertex -1.82736 28 27.8802
      vertex -1.82736 23 27.8802
    endloop
  endfacet
  facet normal 0.0654083 0 -0.997859
    outer loop
      vertex 0 23 0
      vertex 1.82736 28 0.119781
      vertex 1.82736 23 0.119781
    endloop
  endfacet
  facet normal 0.0654083 0 -0.997859
    outer loop
      vertex 1.82736 28 0.119781
      vertex 0 23 0
      vertex 0 28 0
    endloop
  endfacet
  facet normal 0.659343 0 -0.751842
    outer loop
      vertex 8.52266 23 2.89307
      vertex 9.89949 28 4.10051
      vertex 9.89949 23 4.10051
    endloop
  endfacet
  facet normal 0.659343 0 -0.751842
    outer loop
      vertex 9.89949 28 4.10051
      vertex 8.52266 23 2.89307
      vertex 8.52266 28 2.89307
    endloop
  endfacet
  facet normal 0.321416 0 0.946938
    outer loop
      vertex 3.62346 28 27.5229
      vertex 5.35756 23 26.9343
      vertex 5.35756 28 26.9343
    endloop
  endfacet
  facet normal 0.321416 0 0.946938
    outer loop
      vertex 5.35756 23 26.9343
      vertex 3.62346 28 27.5229
      vertex 3.62346 23 27.5229
    endloop
  endfacet
  facet normal 0.0654186 0 0.997858
    outer loop
      vertex 0 28 28
      vertex 1.82736 23 27.8802
      vertex 1.82736 28 27.8802
    endloop
  endfacet
  facet normal 0.0654186 0 0.997858
    outer loop
      vertex 1.82736 23 27.8802
      vertex 0 28 28
      vertex 0 23 28
    endloop
  endfacet
  facet normal 0.555567 0 0.831472
    outer loop
      vertex 7 28 26.1243
      vertex 8.52266 23 25.1069
      vertex 8.52266 28 25.1069
    endloop
  endfacet
  facet normal 0.555567 0 0.831472
    outer loop
      vertex 8.52266 23 25.1069
      vertex 7 28 26.1243
      vertex 7 23 26.1243
    endloop
  endfacet
  facet normal 0.946936 0 -0.321423
    outer loop
      vertex 13.5229 23 10.3765
      vertex 12.9343 28 8.64244
      vertex 13.5229 28 10.3765
    endloop
  endfacet
  facet normal 0.946936 0 -0.321423
    outer loop
      vertex 12.9343 28 8.64244
      vertex 13.5229 23 10.3765
      vertex 12.9343 23 8.64244
    endloop
  endfacet
  facet normal 0.831472 0 -0.555567
    outer loop
      vertex 12.1243 23 7
      vertex 11.1069 28 5.47734
      vertex 12.1243 28 7
    endloop
  endfacet
  facet normal 0.831472 0 -0.555567
    outer loop
      vertex 11.1069 28 5.47734
      vertex 12.1243 23 7
      vertex 11.1069 23 5.47734
    endloop
  endfacet
  facet normal 0.195108 0 0.980782
    outer loop
      vertex 1.82736 28 27.8802
      vertex 3.62346 23 27.5229
      vertex 3.62346 28 27.5229
    endloop
  endfacet
  facet normal 0.195108 0 0.980782
    outer loop
      vertex 3.62346 23 27.5229
      vertex 1.82736 28 27.8802
      vertex 1.82736 23 27.8802
    endloop
  endfacet
  facet normal 0.442305 0 0.896864
    outer loop
      vertex 5.35756 28 26.9343
      vertex 7 23 26.1243
      vertex 7 28 26.1243
    endloop
  endfacet
  facet normal 0.442305 0 0.896864
    outer loop
      vertex 7 23 26.1243
      vertex 5.35756 28 26.9343
      vertex 5.35756 23 26.9343
    endloop
  endfacet
  facet normal 0.659331 0 0.751853
    outer loop
      vertex 8.52266 28 25.1069
      vertex 9.89949 23 23.8995
      vertex 9.89949 28 23.8995
    endloop
  endfacet
  facet normal 0.659331 0 0.751853
    outer loop
      vertex 9.89949 23 23.8995
      vertex 8.52266 28 25.1069
      vertex 8.52266 23 25.1069
    endloop
  endfacet
  facet normal 0.997858 0 -0.0654172
    outer loop
      vertex 14 23 14
      vertex 13.8802 28 12.1726
      vertex 14 28 14
    endloop
  endfacet
  facet normal 0.997858 0 -0.0654172
    outer loop
      vertex 13.8802 28 12.1726
      vertex 14 23 14
      vertex 13.8802 23 12.1726
    endloop
  endfacet
  facet normal 0.980782 0 -0.195108
    outer loop
      vertex 13.8802 23 12.1726
      vertex 13.5229 28 10.3765
      vertex 13.8802 28 12.1726
    endloop
  endfacet
  facet normal 0.980782 0 -0.195108
    outer loop
      vertex 13.5229 28 10.3765
      vertex 13.8802 23 12.1726
      vertex 13.5229 23 10.3765
    endloop
  endfacet
  facet normal 0.980782 -0 0.195108
    outer loop
      vertex 13.5229 23 17.6235
      vertex 13.8802 28 15.8274
      vertex 13.5229 28 17.6235
    endloop
  endfacet
  facet normal 0.980782 0 0.195108
    outer loop
      vertex 13.8802 28 15.8274
      vertex 13.5229 23 17.6235
      vertex 13.8802 23 15.8274
    endloop
  endfacet
  facet normal 0.751843 -0 0.659342
    outer loop
      vertex 9.89949 23 23.8995
      vertex 11.1069 28 22.5227
      vertex 9.89949 28 23.8995
    endloop
  endfacet
  facet normal 0.751843 0 0.659342
    outer loop
      vertex 11.1069 28 22.5227
      vertex 9.89949 23 23.8995
      vertex 11.1069 23 22.5227
    endloop
  endfacet
  facet normal 0.946938 -0 0.321416
    outer loop
      vertex 12.9343 23 19.3576
      vertex 13.5229 28 17.6235
      vertex 12.9343 28 19.3576
    endloop
  endfacet
  facet normal 0.946938 0 0.321416
    outer loop
      vertex 13.5229 28 17.6235
      vertex 12.9343 23 19.3576
      vertex 13.5229 23 17.6235
    endloop
  endfacet
  facet normal 0.89686 -0 0.442314
    outer loop
      vertex 12.1243 23 21
      vertex 12.9343 28 19.3576
      vertex 12.1243 28 21
    endloop
  endfacet
  facet normal 0.89686 0 0.442314
    outer loop
      vertex 12.9343 28 19.3576
      vertex 12.1243 23 21
      vertex 12.9343 23 19.3576
    endloop
  endfacet
  facet normal 0.896864 0 -0.442305
    outer loop
      vertex 12.9343 23 8.64244
      vertex 12.1243 28 7
      vertex 12.9343 28 8.64244
    endloop
  endfacet
  facet normal 0.896864 0 -0.442305
    outer loop
      vertex 12.1243 28 7
      vertex 12.9343 23 8.64244
      vertex 12.1243 23 7
    endloop
  endfacet
  facet normal 0.75185 0 -0.659334
    outer loop
      vertex 11.1069 23 5.47734
      vertex 9.89949 28 4.10051
      vertex 11.1069 28 5.47734
    endloop
  endfacet
  facet normal 0.75185 0 -0.659334
    outer loop
      vertex 9.89949 28 4.10051
      vertex 11.1069 23 5.47734
      vertex 9.89949 23 4.10051
    endloop
  endfacet
  facet normal 0.831479 -0 0.555557
    outer loop
      vertex 11.1069 23 22.5227
      vertex 12.1243 28 21
      vertex 11.1069 28 22.5227
    endloop
  endfacet
  facet normal 0.831479 0 0.555557
    outer loop
      vertex 12.1243 28 21
      vertex 11.1069 23 22.5227
      vertex 12.1243 23 21
    endloop
  endfacet
  facet normal 0.819852 0 -0.572576
    outer loop
      vertex -72.7154 -23 17.6179
      vertex -84.1669 23 1.22089
      vertex -72.7154 23 17.6179
    endloop
  endfacet
  facet normal 0.819852 0 -0.572576
    outer loop
      vertex -84.1669 23 1.22089
      vertex -72.7154 -23 17.6179
      vertex -84.1669 -23 1.22089
    endloop
  endfacet
  facet normal 0.572576 0 0.819852
    outer loop
      vertex -79.2742 23 22.1985
      vertex -72.7154 -23 17.6179
      vertex -72.7154 23 17.6179
    endloop
  endfacet
  facet normal 0.572576 0 0.819852
    outer loop
      vertex -72.7154 -23 17.6179
      vertex -79.2742 23 22.1985
      vertex -79.2742 -23 22.1985
    endloop
  endfacet
  facet normal -1 0 0
    outer loop
      vertex -22 -23 2
      vertex -22 23 26
      vertex -22 23 2
    endloop
  endfacet
  facet normal -1 -0 0
    outer loop
      vertex -22 23 26
      vertex -22 -23 2
      vertex -22 -23 26
    endloop
  endfacet
  facet normal 1 -0 0
    outer loop
      vertex -16 -23 26
      vertex -16 23 2
      vertex -16 23 26
    endloop
  endfacet
  facet normal 1 0 0
    outer loop
      vertex -16 23 2
      vertex -16 -23 26
      vertex -16 -23 2
    endloop
  endfacet
  facet normal 0 0 -1
    outer loop
      vertex -22 -23 2
      vertex -16 23 2
      vertex -16 -23 2
    endloop
  endfacet
  facet normal -0 0 -1
    outer loop
      vertex -16 23 2
      vertex -22 -23 2
      vertex -22 23 2
    endloop
  endfacet
  facet normal -0 0 1
    outer loop
      vertex -22 23 26
      vertex -16 -23 26
      vertex -16 23 26
    endloop
  endfacet
  facet normal 0 0 1
    outer loop
      vertex -16 -23 26
      vertex -22 23 26
      vertex -22 -23 26
    endloop
  endfacet
endsolid OpenSCAD_Model
